excel_row,group_id,fold,true_label,pred_bertimbau_lora,pred_baseline_matched,pred_lexical_matched
4,0d1270189ca5b5ee1cd78665f1e65e7a6eceb8e62bfcca87f47d59c8a104fb73,1,c1,c5,c5,c5
7,dc0e635e085e691b30c20d94648b24980f3ba1131ac1ac386d9d668c3948a8f2,1,c1,c1,c5,c234
13,72dfbd77acbce962f5d1dc5970b702dac916518af986f2129be927493982f6f7,1,c234,c234,c234,c234
15,d2e423167b27cdf942cd47eea2cc726ed212e8115ba51bc0f0334e9bc03f14f1,1,c234,c1,c1,c1
25,eb30face4f8b77d6253cc544dd6064c665e56057e1ec6fb56721ccd725dfe97c,1,c5,c5,c5,c5
26,b7256d6638c29aa9d46006dc9387a50ab32e6c9e9e1e290bf15fa4a2cbfcea18,1,c234,c5,c234,c5
34,f716fdb4ba6a4583de543a11a08039f185cce8e3bd9ec7b4acb2ff0d558e09c2,1,c5,c5,c5,c5
39,48e54d019be528134a5ebf0446b1395ec9cc570425168f884d8f594e8482ce21,1,c5,c234,c234,c5
40,edcc942488501cfe1083a1eb9f8c14eb6c4c9e6f926c3a7c6c7827c3b5faa857,1,c5,c5,c5,c5
43,556ef067e6518ab458cd8fee691befc57d5e1d05dd72c4da0c3425a4f30cc82e,1,c5,c1,c1,c5
49,68e9eb9cb4579f81146141e1efa202f1dc9d0c6b294e6eafb44d5e048bb2a440,1,c5,c5,c5,c5
59,67cac6bb2f1d421de8ffb409487bfb35917cfd67d71a7bc5b9fdb5933223f245,1,c1,c234,c234,c234
67,799779fd95fd2a52f4a4476d9abc59f338792dbb20632cb99a1a864c1d065b58,1,c234,c1,c234,c1
72,82f8261ce97f2bcaf2379b2c6c675aff5ff96880ea8e20d6b511367cf535cea4,1,c5,c5,c5,c5
76,5d492033a42ba0e1fb866ab8034c90638c2280712be5dca618b49418337757f0,1,c234,c5,c5,c5
78,c736bc0cbfdaed103c204ba9c7b118adbe01a202a4bd5edb87290440ed6dc101,1,c234,c234,c1,c1
128,dab8c42b1b1e07f007f26c946c69c7b766d9dcf525afaccd8d27eaadb878bb69,1,c234,c234,c234,c234
130,6ff6858582e8ac8f9b3973ed666c59ff98d1818028ddaea710a1470e9911f85a,1,c234,c234,c234,c234
138,3af0f197bf24951ad6e13a6874c3f111dcb8ad72929219a116b402e9c8c5d6f5,1,c1,c1,c234,c234
147,a0ae8c4907c1a12803e416de5e4a29f00a8ed31bdf04add0508c1f768ea746d7,1,c1,c5,c5,c5
157,dd7929a0f81b3c163e1d904c89c10d0c1416ea66ae946bf6dfb30a6825961a94,1,c234,c5,c234,c234
162,312c0b89d213995ecd7523aeea79b1c95b3f9b825f9ee4e37fe0361f382f080e,1,c5,c5,c5,c5
167,0cbfce17d4a6150ae09408dd529b60a666e5190a6963544c7f10462e2d5d51db,1,c234,c234,c5,c5
174,5151e5c2df0baba6673bd450136b1401368fe376b61b16f500d5fc0efee88830,1,c5,c234,c5,c5
179,5cb4b2f31223c27ba6bff87e5b71157413b5b71500b93ba30f55b3511c3dfd59,1,c5,c5,c5,c1
188,a45b3e3a269ed9280bdf6ab85b54abca06faf3a22230b0a14ccacae603042437,1,c234,c1,c234,c234
189,91cb680da5b37de09fc2a0255a88c29a64a1bc74b9bee02b6e2456fccf7a94da,1,c5,c5,c5,c5
192,84d76b0bf6e7e7b077d98e9557a3fd5b4fa00cb4d1a6f8c67740917c7bd627e9,1,c1,c234,c1,c1
211,97d01e61dc45b6d6c4aff8aec767f01ddc6864d42501a204664c7731c0c10530,1,c5,c5,c1,c5
214,2a40972f95050309f907ab0cc0a404ab07830519f7a242e911ea2d6b956c4373,1,c1,c5,c5,c5
216,4c814ca826305ebd2447891efacc96dfa6b71acbe12a234f3adcf8b2b5dee939,1,c1,c5,c234,c1
233,267ff42632262f65ed0ac960bc12572cccecf373373242d4f95084b31b5fd686,1,c1,c234,c5,c5
241,5163e8606c852b01e464d3a642cc6c81c3ac50ebc58de1fbb6f2851a85cf19fe,1,c5,c1,c5,c5
244,921784c2e8431f896af7eeedc907fa74af62f7ab543f95529216cadb62951361,1,c5,c5,c1,c5
249,999623fd545f043b2d3ce794c5418c94a9557625f84064fceb04aab5165ee68d,1,c1,c1,c5,c5
251,7519782e0d327740d0b9e88c9bcd81b775d67c60a8e5782b43da3de05b111ba3,1,c5,c234,c5,c5
254,0cd6f682e2b367f7b9bd059be6126cbf50bbba375753ca13a9b1712b54a7af8e,1,c234,c234,c5,c1
258,0a4d88b6f4da784ed2092296f73e8d1a2f83e7787b84ca5d66553e66b36a4afb,1,c5,c5,c5,c5
260,33b042abbd3c81d0771d30a0d43a778cedb711ead55aa3bfa0626a8ab102fd5e,1,c5,c5,c5,c5
261,130b39dc34948768483758512d11a73b175cf71f3f4b2fe41e8b0650302fdd27,1,c5,c1,c5,c5
266,4dab5bd4416900e1687389492dc634fd9b8c6d0249c8928b4ad7aa5a53885858,1,c234,c234,c5,c234
268,a3139bb3977b0d3832b9d338182d09816ca61203691ea20e025f4d3fdd49730b,1,c234,c1,c234,c234
277,edcc942488501cfe1083a1eb9f8c14eb6c4c9e6f926c3a7c6c7827c3b5faa857,1,c5,c5,c5,c5
285,6920f276a8e0f8d329d1aacf613fc6d072eaccc2a424afc04e61baa40d15e988,1,c5,c5,c234,c234
289,ff96a3797a582eb1c6813c1925c28d64ab48c6e25e1204c1da66aa0f9dc0dfd9,1,c1,c5,c5,c5
299,a680a72ba0866dc5b2668249bb7190d2391afa9101eda6f458e3a6f9156f284f,1,c5,c234,c234,c234
301,60518b53b83899d1cb15e2203994770a542c487ccab7fdc648e74af03e32722f,1,c1,c5,c1,c1
306,84a5868dbff7e79edabc5201b6d1b34c6a2c638adc876d143bf663e7dca76cbc,1,c5,c5,c234,c5
341,126711717764e5d80a3b4115cf62f0ba38256cab415f88520ed64777d4aa5e21,1,c1,c234,c234,c234
346,d49ca403e7cb0c802242c6c11eab965689afec39bb006bdfa1a1562753a7f82c,1,c5,c5,c5,c5
355,2e28bdab80e9a8d0f094ae115e012131200b43cfe425cf7ba683160bffbed329,1,c1,c5,c5,c5
357,9ffe85df495013ec99d8ade19e5cfb290c6d4e865d8bf908f01e74f528542810,1,c5,c234,c234,c234
358,47699f3ec7e5ce0bc49f5ad7d1940409f0b8f0c4eb5bd0b5bfb1c7c21caca5a2,1,c5,c5,c1,c1
364,f60652b3b7683e91f7685107329f8f51143d8436d85482301622c43006de3577,1,c1,c5,c5,c5
378,2d487687ee0269c66ef26cf2d2d2e056c420e4cdd652b5222d3de653f4dcf374,1,c1,c5,c234,c234
380,a7a8b4849940d3d61272e15f5f629b58f2e211b11a19e372de7b8e7d1ed5d866,1,c5,c234,c5,c5
383,7efe4a36e5e59c2ba3f3306ec6a91516e4c1dff3e0ac701eb85e32586cde9862,1,c1,c1,c1,c1
390,24d28c25a7bd1954b4fc9ba06b121c6eacbafde74e5db12a8c56e04077772270,1,c5,c5,c5,c5
392,c7b339ae610569aa2f99d028c7b1435f76ecdb44d2c4b54d5335bc4db55972ca,1,c5,c5,c5,c5
400,3ad5c1771e2a4056ee2f5823afc1a5fd0dce485d7be6ee00337ca562f0c91db2,1,c5,c234,c5,c5
409,2b2edd594a8814a2282ecfed757bb13547c08bec2036443cf551640f577e1dd8,1,c1,c1,c1,c1
426,906bc8c4166f476a34529b37e54f0bed3c44d625f8832cdfd31e57e7fcaa13d5,1,c1,c5,c5,c5
437,e5045eb04c1cfb9960ce2c3652fbf8d5654d1740f1370079022e4c879f8f5198,1,c1,c5,c5,c5
451,c08aa779c44f22d0751b7cce26a3ea241b595bb7ec87200aef9b2e442ccd4d16,1,c5,c234,c234,c234
453,b992482087f3dfdca57e367f7913ee09e5f1351f48659f8edce72a19d7ebb789,1,c1,c234,c1,c234
454,4132541260a031e1499e9c22ec5a9e92301fd4948fe4554f6857cedcb2d25c9a,1,c5,c1,c234,c234
457,8a4dc9eb72f3b7fe2aa0ce046b2eb500a04dab35c8267f0badac4cd6e3ef2ac5,1,c5,c5,c234,c234
460,00a7b78217b34547078ceaf7f6dba5052c302f213ee5e00cbecd5b9277d83977,1,c1,c234,c234,c234
463,6c244a608fd16f5d6481c75f563c43839fb6754c590b00b1e49034ac47ab8b7a,1,c5,c1,c234,c234
473,8729fde0716b54fa3a706bdc2d502ff6bcebbcbcc401d94908fba30f89d43bb0,1,c5,c5,c234,c5
478,0c65069377af8aad92240585f55a7b5099a47f7c5d4bbf17230eaa40de8e4542,1,c1,c234,c1,c1
485,98a16cb855500b0a6c1806135763bf01306c5027e63db341d53f128167a0e7b6,1,c5,c5,c5,c5
497,9825af4a3a277e9c3b06d0780d2ea0109bfd4b7e6ced184e45668d9fd0e70194,1,c234,c5,c1,c1
501,69450914578e3299f5a02ab3f29aef0911769ec6c2fe1acac3975a84a4ca0463,1,c1,c5,c234,c234
507,f15e12a982e7f10f9f181924186aeba77be8e0dba7914242e489623b519a5414,1,c5,c1,c234,c234
524,703d4a35cb71a03f605c094448bafe6321003c680539edfe33a1118b3bf61753,1,c1,c234,c1,c5
528,4ebec3f2e9efa909e5e50bded3019b1715a1517134436e65f8e907f996cd93aa,1,c5,c5,c1,c1
529,eddb97d0f5139a6bad4a47bacfef368d00c0c436739ff8ce6baf20e6c59a5f6a,1,c1,c234,c234,c234
536,c52448613955c55f052a0015649b9246dc229ae6409b649175d4c6f68103e0a6,1,c1,c1,c1,c1
544,23f198dbbd69e644e3a1dfff99c49eeac1e0827f3d6ac4bea036afcf82f3e6bd,1,c234,c1,c234,c234
545,7cce711c7dbdd06391e34e37e5deea53668e010dee58ac37cb2791ea860add6e,1,c234,c5,c234,c234
554,8582da80350549a6252aa18c689caa2f9ea040fb3988418d4cc7bff36815ac8f,1,c1,c5,c1,c5
563,d261a03f9fc94419ed0d504e44a20b246f5bbe7610f532a24f183e3f1d8a2702,1,c234,c5,c1,c5
566,3dfb023c236739acaf589f1d6e5e3c8d4db48fb1646123187bbdb331bb42c1fb,1,c1,c5,c1,c234
571,0da6388ac10dc570e2e85dc37787f82e958bedb28df8df2e48c8f1b4fcf228aa,1,c5,c5,c5,c5
573,2960782ff7b76745a2674d90a078f621c2c257e0655bb29ef8a50294f1691fef,1,c5,c234,c1,c234
578,71127d339ce910c088199b2fc67ebfa7d32b9c5934b82a13239df3ce602b8881,1,c234,c5,c5,c5
582,4b6e1736477bdf1c87e47aaaa0fd930bcb5a119539f2ac24969b97450ef92eca,1,c5,c5,c5,c5
587,f5b642635a8009b50bd559be3444a3094f9faad02a927e3fc60c9645b39cde51,1,c234,c5,c1,c1
595,0bbd03706651c9ddfa6b6841f0465a176edd827d65bba2e75ca499211dab6fd0,1,c234,c234,c5,c5
597,fa9f47de362df112bcb13b6aa5c00eddcc4888c5d0e0669e15b3209159e90377,1,c1,c234,c1,c234
600,dbd5aa412d9b4938ffbc986c68f4881ba35630ba02699683fb8c1b393a4967c9,1,c5,c234,c234,c234
606,a65c95b1617dbf6d170c722b1b6d1d6c87153b4bf0de17165c0f853340acb868,1,c234,c234,c5,c234
620,a59a1b6764e6fb57849df6a3c46532e9132b6a7db8eb0b075a86173153deb6c3,1,c1,c234,c234,c234
621,610f42e69e0c00eedb3b2d26f868cf95880cf7fe5491fb39eaec06cd87ddb739,1,c5,c5,c5,c5
626,2b008f5c375a0d2245181953180410767d7c482cbc28a5b3ff196e6d65555550,1,c1,c5,c1,c1
654,15dc301c1a81f1dfa5c9b471add9dcd8311a52c09784cecdb6300f783c8c735d,1,c1,c234,c1,c1
659,2f4f2ee9d45871256dd709578d12e9a165954678991870c0bf27d4710aa067f8,1,c234,c1,c1,c5
661,f51ac93fbf6b3449a9e66a2f1f06b231ca66b68490a19955fd99dcaac89944c4,1,c234,c234,c5,c5
667,466f0196ab2d00644dff760ea627c590e96dba569ddb64eb48fdb58b338f09d4,1,c5,c5,c234,c234
669,6569f9d52a50bc6d77cfedf0d90c302767c985ed6d2e35b3663e73de0d0f12c8,1,c5,c5,c5,c5
684,99f426c4deca83ab6a1138e841d0addcb5de30772f320817d47ec49543a6cd1c,1,c1,c5,c1,c1
685,2eb33b072ca64e13e8c27648601835898626768b0986ea5a74b7214ede7f2b96,1,c5,c5,c5,c5
686,42949e1e7f125c481482acc86df4dd9f2ff615beb88b19bc1b8583094f3e48d6,1,c234,c234,c234,c234
691,7fbe3806008b2815d0918d20650fbe7be393bf46095ee0044188991baa429d35,1,c234,c234,c234,c234
708,43bf1e2b4242c7cc11dba066ad848e3644bda3dd00c5ee363092c240c1296276,1,c234,c1,c1,c1
710,aba14a23f40fc63450dc097959be3eab961bc2cb6f323658af623e25bddb256a,1,c5,c1,c5,c5
729,4fa797412284758f5aeca5b7aa9518a47fda3efbfeda308c1bf3da0015e0d90b,1,c1,c5,c5,c5
730,c9dfed52c3e2393ed73674c25f06c93c046ec3dc8e32455a609f69285dd19e4a,1,c1,c5,c1,c1
735,79193c909adab17e40d39bdebf363a0d431a9bfdd47a1ec193dde737c8021a1e,1,c1,c5,c1,c1
737,931776037dba503cd38c6f602b6734518a8faede677bb554d7a7cfa0074209c0,1,c234,c1,c234,c5
743,4fd1baeefb68c4b8d3e8cfa50d5baaab889765ab687b498c74ef148714b72828,1,c5,c1,c1,c1
746,605bc2f0009d9e706bf5e4f843c441b91b2d2a9383e4e795223350bf9ca25424,1,c5,c5,c5,c5
748,8256a9646efdb8618aafe3b0ecb50e6fd31e166acdc067f05930a07a5ff2c4c1,1,c5,c234,c234,c234
750,edcc942488501cfe1083a1eb9f8c14eb6c4c9e6f926c3a7c6c7827c3b5faa857,1,c1,c5,c5,c5
779,d36d5f9b55cfc5874783dca2c84b05a11e678f46ea7d3ac9748b98a887f8d1a3,1,c5,c234,c5,c5
781,8e12540ae1976ab177a01b8439fa4824151326b7646979b4b141a714a556791b,1,c234,c1,c1,c1
789,50a7afe819e97b2251ec1f634e94f28ac4bb69736daac2c41f5fbd1944f0cc23,1,c1,c1,c1,c1
793,2593e54a5c2571725cd41535ddea369dc677cd21871f04333bb639e9c6bf21b9,1,c234,c5,c5,c5
798,bb2bf2d6f45f58d58900cb86982bb3ac26f0c8c81431c799d9027749951fc1dd,1,c5,c5,c5,c5
808,8c654886400c0960850733a41b2bcc2315cfb9bd75b7ea6a36972058bf7711f6,1,c1,c1,c5,c5
814,2463d8c04462f7ad2e7b0109054a7b582fe26ac9a0b2a8b0d42c652cd3b355ec,1,c1,c1,c5,c5
821,2e7af212607690d5c1015118e1e18312af39b428eea3c69133eaf508919a0d06,1,c5,c234,c234,c234
831,4392cae6c5fff7270c10ea798176b5c2386aa0e9fec6ba64da1bd4c9aa067b04,1,c1,c1,c5,c5
838,6b0711a35d4e5a546a596e7d5bd094629df36831edbb3f6a627d8fcd1a4acdcf,1,c234,c1,c1,c1
862,3317b5611724da1c529cf558c16890e6ff256f4284843e8a45806c979fc9abd6,1,c1,c1,c234,c234
867,f955dac13b52338c839e2f23e99de623035a7df6f1eaee1951cc436c845fa554,1,c5,c5,c5,c5
874,1198ba7b3645dea3778eb2a07ffe7f413cd9ede6b0eb089e22221c07f20f1406,1,c234,c234,c5,c5
883,f9e952465c739563cfc8a750a5e60b81f11cd58c6d523ffae95a1a9a480a5a80,1,c234,c5,c234,c234
885,c701717a3b841a3189467dfc17c76e31ce8cb9101137ce26c372c8bbe8b15375,1,c5,c5,c5,c5
886,6f1dd5cec4a8c1c9cfbeb18189c8a3787bb0a652a7221eba45c1e2406133ade0,1,c234,c1,c1,c1
887,d96692a6f13006937a097833f5f73f25fcbb16111cb2ac3dd386fdcc48ee5e88,1,c5,c234,c5,c5
914,59cd2dcb421eba07bf9e3db2729e546247e3f2b4267780a203cd433434d53569,1,c5,c5,c234,c5
921,92d08103b20c50067cf83184211ca8b8f17623c595780258380ff1a2b7e81378,1,c1,c5,c234,c5
938,c05e1ce2a28630444ac8dcff7f3fe7afeb484a3a7ef8c4e4fb258ac9e767c136,1,c5,c5,c5,c5
947,e7f2af7f79c282a7170e0a347f0027060de2a5d3486c136a2082bb406d7b407e,1,c5,c234,c1,c1
957,c4d524e7a4781654ae24a52455f8682f3786e99fc9cc60c4d147115274d14db0,1,c234,c234,c5,c5
958,d5c34178224bca8e5ec1a67171505963ac6001276117deeac8f045f479b5f46d,1,c5,c5,c5,c5
981,ef5a497d24085a5a3044203662c38648b7111c80774c70793436666af9639cd0,1,c5,c234,c1,c5
994,4d8ff8fe896281d7dd5e20e36cf6d1c0f140a10170af22e47d490e6390267794,1,c234,c5,c1,c1
997,1d95d503df55ca628c0f2c0b1dc4db00e31dee4906554625e95590d7183a7531,1,c1,c5,c234,c5
998,e66a91a0d51d54f32574b8eccec1e7d17cb76e9c0d840989f42a4dc74b4e5d3d,1,c234,c234,c1,c234
1008,d9f5cff3872b3d8c7d7a4032f694abec25063e7811641a48051b51c753ea46b3,1,c1,c1,c1,c1
1016,722f8b438701dbc5ec9d4fba79e224c850a4ddbf0e391464a4a76c6fcd9e724b,1,c5,c5,c5,c5
1017,9d1ab46f1cd3d32d383f41a4cafa02ba4e1ba74e3ed3f093e01894f6cc8e1f0d,1,c234,c1,c5,c5
1021,4a234e1edeac39cdb547232a695500ade7d2fd802d438b6122bb0bd3ae4daffd,1,c1,c5,c5,c5
1024,a0f45e2764ce7f25c774d76520d31b0d7b38f603c0d8919889fdf4e3170005ce,1,c234,c5,c5,c5
1032,9a7c45bff328fc5f9edd7023a5b65b11af771b1d2d8e1a17843abae0e795891a,1,c5,c234,c234,c5
1061,104a946f87d1f81fced9c4aec7e1c65e49eb449142176d6829963306ee3daef5,1,c5,c5,c5,c234
1065,00884ebbe31bb20d839718fcd3e97c331a51fb0873ed9deb9a7925b7a4b0796a,1,c234,c5,c5,c5
1068,132db06ad6f4e17902e2230639e08ec1022956175f8709f8a352f5036e369704,1,c234,c5,c5,c234
1069,542f822bb06a43893aa8a457945c70e3b6a903c8d388dfaf2675c1c0941d41a9,1,c234,c234,c234,c234
1070,fb989bc8b07a186801ca44a57fa506d2ecdd8c7019b543ac5b49269c2f71fde5,1,c5,c5,c5,c5
1071,2bcd292fa82af16ae4ef48de5cf4959126bef31135454f38ec9650edc59ac711,1,c234,c234,c1,c1
1082,a5cf9df3002dd01e3b92e42b4d423c68711e617168d0d89c48ce8e00d94d7633,1,c5,c5,c1,c1
1095,37a80ebd931e1b623cd2c528987594cb48877555a506286280eef60d268c9c95,1,c5,c234,c1,c1
1107,cf14375ce5568abfc9d925ab4f4cb128d88e2ea1ff88fe1d24ddc7b3ab37d4b4,1,c5,c5,c234,c5
1109,0a19cdf26bba125754624fd669be92ff4ab256c3f2f58d2cb6e229f3e9666101,1,c234,c5,c5,c5
1133,aadf5a0edc738475fba33d95ba05c8da89df4cdbb92a18753697c857f0a1e17e,1,c1,c1,c1,c1
1135,07cf10dc29ddfce7d5298ecf6750c0282e98e587d6617757bd6bd7758c616b25,1,c234,c5,c234,c234
1139,7bf158c51e46c02e697c54ac94eb30edc0d64f5435901db6fabfdaeae99a58f5,1,c234,c5,c5,c5
1142,dc4232e99618d1570e7335817938c79556dd8f3635f0794b503060d90c2c5953,1,c5,c5,c5,c5
1149,6ec034e0d968546f7b596cfc1c5f673bec579851beb81a672f6565b52195dda7,1,c234,c234,c1,c234
1151,63af35facdb1ab312e4d2f5a2434304b62c3eac361a93344b834abc4c0820e36,1,c1,c234,c234,c234
1152,4e4dd18f87609d6cfbb49178741b3811379094253c8675486d63add5b267603c,1,c1,c234,c234,c1
1162,dca9b843aec8eaeb98e8d2306442d2a2974712ac3f65c1fde86fcfa32ac07906,1,c5,c234,c5,c5
1163,7deae8cdd4fe8f390b30dc47c01d34ea45d5fa6a4aa55360ab659c0e8dc4c9a8,1,c234,c234,c234,c234
1173,88766f75a189f417f8bc5d12d4cb078f2565b0b954be1506102af1feab7d946a,1,c5,c234,c1,c1
1190,f56b6477f7d1a7f3a8bd2dc14b393da0269916e298eb66a149c3db185c2fc107,1,c234,c5,c1,c1
1221,549da2facc003aca2a41682f2372a52ace2bc9f453d59d22513308c049f5fa47,1,c234,c234,c234,c234
1225,d61f48eadabae701e24e31598f5e07b317b76405909987bd8b04712e751b97f5,1,c234,c234,c234,c234
1231,8dd169980dbd504c00cdb5eae99ea82532e3e70f25044c2261b38a5e29b17cde,1,c234,c5,c5,c5
1248,27d0470dfad30637003c433ff6e9d8a012d1b9193dee8abacb2f28b609d7bac6,1,c5,c5,c5,c5
1275,f2cb0d134c48b0ed0d8a9a7fbe423d3079e5594ad9200a845366b1d12e8ec144,1,c1,c5,c5,c5
1277,e9888c3d9f7600848ef723fbd394a18f38ce956cbe828ca4e1b47dc718b72f13,1,c234,c234,c1,c1
1279,fd181def572ce46754523f6b42e4000c5361673ee949d6bc25e5105fee8b6f89,1,c234,c1,c5,c5
1287,14b2f2a60b969b972d6edea3aa249648376bca7273c40b436f5dc8d358653ab6,1,c5,c234,c1,c1
1292,83cabe7d18c14e9a4d699c7e5c106f94370683288258583747daa7665a597dcd,1,c234,c234,c234,c234
1299,bd0925748937d34794edff92288e287722871b3aa75ffda563de43990c59e4a3,1,c234,c5,c5,c5
1302,c604ae265efd6aa696538f832ce1a97ae8eae8ec0d1a7cc04a6aecebcbaa3fff,1,c234,c5,c5,c5
1320,44866b68e135b6d828657068d5db58a3b2b5c064336952c8898f84e4f6a56885,1,c1,c234,c234,c234
1325,ce6e7502b466cf4464b04866965ef649c7cfe8051d72e87b28499620eb464aae,1,c5,c5,c1,c234
1329,d1a022f6e51ab74d0c5b9bbd434695bb5c7739ff590654b0e679d467353ad686,1,c1,c234,c234,c234
1349,f60a94a0f3097ef23106e12842482e48d6cb0b8c829724b817e5a4e8ddcf4d6a,1,c234,c5,c5,c5
1350,6d4750ca997ffc2734d6caa039aae3109635464672320de6194024c55e6d853c,1,c5,c234,c1,c1
1369,3d568bfc52ed33646a84bc5bd79bcbd552ca3a3c1006fb213744199285c4358a,1,c234,c234,c5,c5
1370,e564baf4865f91f17ba7e342ccff469659243a63f8674b12ade18d06f607f05e,1,c1,c1,c1,c1
1373,d8abc2f67179b901dff0450a5c74fe4dbb7b298a35a4e48ef45e863a4a52f128,1,c5,c234,c1,c1
1381,c43b5603a90f8b6f68404d29f4b5a8dc08a4e3b0245dcd454414f5231d9cd878,1,c1,c5,c5,c5
1383,be3ac4c89cd718fd024747ce8245b9759d65a170e2ee15af3f4b607e52b0ac0a,1,c234,c1,c5,c234
1385,5a4e6dd2f232884f36d91f60642b6ee9352c4270267379674bb66dd445109cca,1,c234,c5,c234,c1
1392,37f6d02183d5a084a8950bf797ac5d3c45a6009e77ca2280c01816540c9e1598,1,c1,c234,c234,c234
1395,cbab431e6d644342d0841e911aee62702845d2dc5a26821bae17fe064c484da6,1,c234,c234,c1,c1
1408,b7b61761587293376dc2557d24b88c74b2d1e34d5e0636d3da6a14b0f030a574,1,c1,c1,c1,c1
1409,c51c3c906bab6406f6624eb6d072f35b3c04e3953c9c74e9c851b2a76624fb16,1,c1,c5,c5,c5
1416,bd4cf8202d0fb61ae2cf4080b440ed47477c53f866e0eeefadcb2f6f1bfa0326,1,c5,c5,c5,c5
1417,d752d01f13c4b2c860090177cd5ae9a6052f79cd0adebb7c532a9111e822e5e6,1,c1,c5,c234,c5
1419,ae877add5ba6f3b9e49d0c8916007cd469792070078fce02fc8057fca0b51d61,1,c5,c234,c5,c5
1422,fd33f360e9098ad962d4b37df6f4e3fc715bfe96ff6a37fdade7422628c07785,1,c5,c5,c5,c5
1425,db394c362f180ac9fd3482ac2ececefcef8ce41f14e52ba1e0dc259c140036cb,1,c234,c5,c5,c5
1426,3d000cc28e360d6c3835bacf6a8290c266dc5bc946319439cd8a17138e275f51,1,c5,c234,c5,c5
1429,4bc560e2383daecdb7d2d1a93b4d32da179dbea97e14dd953a066bbec3040bbf,1,c5,c234,c234,c234
1443,1521efc254b98892c84556a6e3896cd5f427ac10f2876c0fa6c3b65fdfa7ab9a,1,c5,c5,c5,c234
1444,ef76a349ff4d8ce4dd5e1a1a8a7bfd035b3e4fef697cb90d57191386bf14a833,1,c5,c5,c5,c234
1449,4e6a3060ffda0d9cb205a58f7e2951c9970b1bd1376717d257f57ca33964fd8d,1,c5,c234,c234,c234
1455,c9f40d0ce08cbcf7502566b77645f08c66ab100b485e48be808c609b406984d9,1,c234,c5,c5,c5
1458,ac3c3b0d58240da81e7f0fa18ed4dacfd07a240fd3ccb3d1d0f278b8d56623a6,1,c1,c234,c5,c5
1468,61cf0022711860774f84fd88e60f4f8ccfe600ac06f166730bc13e4f33dfec85,1,c1,c234,c234,c1
1473,1fe7765315b583615ab01ab9fbb53b1e1a7bb2bc51bf8ec07d93eda01bbfc192,1,c1,c234,c234,c234
1486,78c4b2033fd57f2049bd0928bba0933abc7d815aef89190fbda04703544188a0,1,c1,c5,c1,c5
1494,be5e4ffd0a3584e3ec96603c2fa92f05999333cd0b0b3f886c53214d9d883e67,1,c234,c234,c234,c234
1502,8841dd112779bc1ca6a8bf30da6cc3359673661211bff94f6e69c2986c3f9443,1,c234,c234,c234,c234
1505,542065c49555ecec44e24a57b8bec437b5f085ab2936b5b0520217512c031e89,1,c234,c5,c234,c5
1518,f420fabdb726c620528fd6d129269efc5a1d3425285e726dc1fd9022cf89df15,1,c5,c234,c234,c234
1520,0414da4b468da9ca973c828ec91e49e04a9d7f3006bda1d20cb597f25300ce02,1,c1,c5,c234,c234
1522,124c74335e8bc287cd9b0d38f8ca70e90457e1375012552b35add73b1d51a438,1,c5,c234,c1,c5
1524,253e18724fa260c506a11e77559690923be21c25163ab2e4d9865c2574d95813,1,c234,c234,c1,c1
1527,36dace2bc4c1c0415d2530848ce15ecadfc1b4cfc5ad8bb4a8aae44c14759a4e,1,c5,c5,c5,c5
1530,cd86b7b6980f506e1bc4c130678e0d7bef846215830fcceae7eb9434cb0e19bd,1,c1,c5,c5,c5
1542,fe7dcbcf1084ffdad4cb3d2fdca1346066f9b2a49babaa7275b8c3cf5602a3bf,1,c1,c1,c234,c234
1571,7ae8d234c18ddf89daa2c73d8ea30a8a79ec93613e1bc9e56c2ad5ded6028aa6,1,c5,c234,c234,c234
1572,bf01f5db987d0b41d9deb913d3263f13c1902e11928e6253d7d66d4316846c1f,1,c5,c234,c5,c5
1575,49f97b3adfe33688bd182b276b18fc18af6e22271892d507eac274aeba9887cf,1,c5,c5,c234,c234
1584,fb551f86256cdd4a6a1d5fa2a7acd4c5cde0a0f53124551f2dd14ff465cfa527,1,c5,c5,c5,c5
1587,afd27c56a1c2c57cbf203ec98485851d7c52a9443e8db9d0a097c32d401fcfad,1,c234,c5,c5,c5
1588,769b8cbe1249b9c1b66f847aff447f15b0514337bad049f422ddb1c2d245079f,1,c5,c5,c5,c5
1590,116f8d391d2947449a44e9267b115d3d9d19f0fb0605ba76584526e02d416131,1,c5,c5,c5,c5
1599,d564c7b0ea6220923d9836b664b9ce4e80aeec800bd2006bc7676454dab80105,1,c234,c5,c5,c5
1603,e5126e913a95f00bb37dc45c87c9630aedffcbb745daf95c3251cf2e0b3a3235,1,c5,c234,c5,c5
1622,2197e2ebe9e8aecd8cadb70f70f10cdaea305170c5b7e3924296bb252175c8a1,1,c234,c5,c5,c5
1625,fe42bc39d2be7c53535a06f7d16d92305a44db209bb47089b4f84991a3bc9a02,1,c1,c234,c234,c234
1642,788ff383cb75eaa6a425fc24e8a0ffb8d4e46034963ce92927fedc101952426f,1,c234,c1,c1,c1
1650,5583ca722b606c0434d53523b39aa83fb760a676f439da929c33832077f3a719,1,c1,c234,c1,c1
1653,7f1ce69b93b8eb722582f1ccd11da17b1545b105cafa6e87342ecfcb6f7a7482,1,c1,c234,c1,c1
1661,d78349ba5745fe7566ef74eb7f9451faec7a04d80041a409d24d3e448ea72107,1,c1,c5,c234,c234
1666,0e411f169ebac25cd2f48929548a762804247252820b82e42ef60c1eba60d8fd,1,c5,c5,c1,c5
1679,edcc942488501cfe1083a1eb9f8c14eb6c4c9e6f926c3a7c6c7827c3b5faa857,1,c234,c5,c5,c5
1685,ef365256305a42b258a064e01ce24bbb4e8a6126424e4ba34d4c826c12f24412,1,c234,c1,c5,c5
1690,167726cb8659a835f244d79d43e64e68a2b8aeca31ed9865b9a355cd95afd95c,1,c1,c234,c234,c234
1693,e41fcd2c1e77221b2290ca1170ef972209ab0c0b7f8f4ee75b6674fd8061248a,1,c1,c1,c234,c234
1702,df2de84cc4a7cb96343488bd5435e18fc1eb2688e4b326172d8737cf975dc9ca,1,c1,c5,c234,c234
1712,c865a1b7e7a81e00d59028c3af94a063f2e62e268e1073c49e54af7e28bff718,1,c234,c234,c1,c5
1715,c0c0840b40ed0d9f6475000e66a5e96caf02b9909014e69d72455c18ee7ab504,1,c234,c5,c5,c5
1722,7da64c6ac5740696aa284c0652f15ca184400182be06172b5be0477d4138274c,1,c1,c5,c5,c5
1738,e9d8aa452169e7104d695faf2b2f94eaf4d49c975880b5750b79f5cc24b78142,1,c1,c5,c5,c5
1760,f5ce6ff0aa289f9d20037735afa17a77c82bfd9b598ee96900aa74937b38808a,1,c1,c234,c234,c234
1764,f6572936b3526c1a92fa5c43d61fb47e97cd9bc4406bf30b05b75934908bf23c,1,c1,c234,c1,c1
1770,e9bb9c3d2c71af034fa0e063edec095fc551d45038f81ef215db9ee186627908,1,c1,c5,c5,c5
1772,f6ea0176739928b5563f2035b4a36a256f9e4bb1ad9cfd6381f2872d791a41b0,1,c234,c234,c5,c5
1787,e9ae504c3384abf9717bd49aa38b63475898821a714fcf34b6f89d4204a44dc1,1,c5,c1,c234,c234
1798,b70dd1beaf1c8b63a906370978faa8f7bd1bc40ede64b9121c8e3c027441e673,1,c5,c234,c234,c234
1800,16b7a6ea8d71b07e5f6889da57b676a49c0c59ce2e7bb2fb69a51c498a4d7752,1,c1,c234,c1,c1
1807,6277bcbcbed5e42087a699f17c123c1023a8ab554ee2fdde8db5008b8a043efa,1,c1,c1,c5,c5
1821,5b135047f0ef306a25283c63ce83106972156b7c49842ba955b97ce0c98a8c00,1,c5,c234,c5,c5
1830,27b87b4e0c837a10439467cf8bec9c975b91ad3550c7c03948931071b48d0053,1,c1,c234,c234,c234
1834,ef6a2f4dc20aba2c381253d95bd574bf80fce2eb70e2e09180b1c0051f03a599,1,c1,c5,c5,c5
1841,22d07ba65cf61141c586004d63dee16ec7710bda5ddf5bb3c231dff5a0b32040,1,c234,c1,c1,c1
1855,2bf854c1be82c2497f0c814a82fcdc15fe68b6b4d55528c37f66178adac8c366,1,c234,c5,c1,c5
1867,2e4d05856f1ab1b448e80cf8f51fde5c1b41080f7804c73eb4c7eb8dc38e7ba4,1,c1,c234,c1,c1
1874,b0d869153f1f36cd55f6e372ac2f20d634468e4e0d5354cebfec6c86bc1300a7,1,c234,c5,c5,c5
1881,562d29ddfaba2fcb67897784512b086063c04d213b0f1dc0252a389936482ba5,1,c5,c234,c234,c234
1889,9303aa6b22a6b1d2def07e8b9a5dd86f22b3f25423d3c2baa0c72d6ee7cd04f0,1,c234,c1,c234,c234
1893,4be13cc2b6e0256b85bab3a55e75a02857c6e4446e1be878cb5de50742726a0d,1,c5,c5,c5,c5
1920,f84aecb298954ed364dabf453c47335618552bad579755566f11ee505deefd5a,1,c234,c1,c5,c5
1938,139bfde76b873fc5ee2c5e1c02ce583f70f80910a6ae52ed4fc97fbd36e90318,1,c1,c234,c5,c5
1939,487c13f48103a03491a846e05a17453093db39a2ee360d4cc9ca5a0942e2c2cb,1,c234,c5,c5,c5
1942,3010e2590a8e7260c314292de3ad323212893092609759c2514ae6be8c0f47b9,1,c1,c234,c1,c1
1969,e4dd3b234af7bdaed37a98f90300ff09b860048ab6257dd2497b9fcc4b078e72,1,c1,c5,c5,c5
1982,8c92a35c388095780a3df546a5f66db558e50b85901508d88a9a98bfbad213e5,1,c234,c5,c5,c5
1988,5c327132f7d7e5b8fb1044ad5cfd5d5cfe8bef33e6a1679664437985795fa845,1,c234,c5,c1,c234
1990,015bdb1f48176a9b85034df6b6486614cfa2b06bbaa1568e2aa6f7b15a724fb0,1,c1,c234,c5,c5
1997,47bf77b78ded6720a19b07577e4420246ae769c6e229b9f8f5cb72e20f484631,1,c5,c234,c5,c5
2001,d36d5f9b55cfc5874783dca2c84b05a11e678f46ea7d3ac9748b98a887f8d1a3,1,c234,c234,c5,c5
2005,28f55ba9705bdf316c071004def80f79b8360922d76db06b4fd19e163d1d1d4f,1,c1,c5,c5,c5
2012,c63e1b3ca4aaa1eee2d2756e7e7dd6038fa0ec2fd2f1e222e93ff27061002cbd,1,c234,c5,c5,c5
2017,6c832b1d3309fbc1c8c5d3ab57dab48350725545e11466b1d677043995260b85,1,c234,c234,c234,c234
2037,426a107f14c566abca6fcfc1237adb2ae36743f06e14e73ede4eb9a507a8bd42,1,c5,c5,c5,c5
2040,ba6e2e1649f22a5b04e86c02a4cdb2ff81dacffb35949212322e179bc0fc681e,1,c5,c1,c1,c1
2045,3f2e242086cab012e63f64c184fd3ea29ae11cbb22e0a91693c1ba0d4ffd1b1e,1,c5,c234,c234,c234
2069,7eee7a60b8b1a19811036105962ea17bd04945719081bcc45c5c7a345b888765,1,c1,c1,c1,c1
2076,46f8452b9733fd10a15bcef6120c2d087ed503fbeae686c8066523de1bba19c7,1,c234,c234,c234,c234
2080,ef18f5a4084009ead0ac3c560c09e818de1886c9333e017fba640aa27bd67bb1,1,c1,c5,c5,c5
2091,a214b2ed8983931225f67d5093a84e7b178299bb1d3e94ee788c8112c74525ac,1,c234,c5,c234,c234
2104,cfe2d65e93ec555938593b0d5269739c18f43010916d676ab994d404d70b8cf3,1,c1,c5,c1,c1
2106,435fd432871e712cd4009e54e3fc08a1b5a12009795ccedacb23d498d44c7031,1,c5,c5,c234,c5
2115,81e1044484bb22c8f51affd61caa4b51e72e4ef9dda5c952c6c802ddf315128d,1,c1,c1,c1,c1
2125,7d2ba5059cd80bff413a4695fc9db3f6ee8adb81889d1b105f461492b56e853b,1,c234,c5,c1,c1
2126,0ede8d14ab12ec96ebc47e36bcc930040bd79b1a8bc0bb4cc826b1c185e5ca38,1,c234,c234,c1,c1
2133,c472fd009370b034a122bdf328dba5993e12b3dd890f64289b09dff4fda4cc95,1,c1,c5,c5,c5
2141,be6f8ee2a8eb960196f3a4377911b8cb8044cd76bcf4e0d6dafd57b68cc30d7c,1,c5,c5,c5,c5
2146,a98b0674743351fa06c6a2ffdaff0f5ea827f09f562eb940db9fa74d4ccd5544,1,c1,c5,c1,c5
2148,412a496b4cc1ff83c04ce672cb4b2c94c72d6d60bfec2852b8251dcb047b7eee,1,c234,c1,c234,c234
2157,139669c90d7be41140ded3d1bcde5e529c293b3e4968e016821f357fe3fd7bab,1,c1,c234,c234,c234
2160,30f54eefb8e07b7512e585732f85b5b3ce0996539f25cb2f4bc63e1df1d49f26,1,c234,c5,c234,c234
2165,2a9798c30212d207a62124adcfe66756bd4ae257059e1a077240f8080fbe7032,1,c234,c234,c5,c5
2194,8a5771fb015f40ac78f5ae1d9d3154745f6ecf66113203a553b0bc44ff862fe5,1,c5,c5,c5,c5
2204,d30f6bb51627c249cea7c47e1ae063bdd00fe66270cc41317024e4f8ff1a425b,1,c1,c5,c5,c1
2208,0ad887c83c359dc99cc3d6991d0a2f2c590b74a45df760c6a99b6671fa689f1e,1,c234,c1,c234,c234
2209,a2ab31f162a65c17d8aba06b6346119ef8ce216d4aaea4fe956a316223b452bd,1,c5,c5,c5,c5
2211,c2b0e5c83ff326e60274b46675122c9bf4d3967abeff96ab2834828102641d90,1,c1,c5,c1,c1
2214,0fb07021d8537d48884120c05483446c9b7f62369873d8f362005be4802d3084,1,c1,c234,c1,c5
2216,fae0d16e804ec5c509c35c42456a9e96518eae40fd59ad9a6549bf9599d0979a,1,c234,c234,c234,c234
2226,dfbc2909c5040b4dd305149970a3a4c8cb43f2e426473d23ac39f9f773a8db0d,1,c5,c5,c234,c5
2232,6299ef9b13065455dd6813746b455fa07992d7f0b0ad4c84c541aa283fe05055,1,c5,c5,c5,c5
2244,80add6952572cf00ec1b7a11c1d770d90b859fa774bdc5076e0969401db14d50,1,c5,c5,c5,c5
2250,696c02b58f7b4bd2117683d5868fd090c87c4d01c7629b56076e502adb40481e,1,c1,c234,c1,c234
2265,931776037dba503cd38c6f602b6734518a8faede677bb554d7a7cfa0074209c0,1,c1,c1,c234,c5
2281,23e12616a412e30d5769244cc43688ddacd2019f10accd72a11ab5550e339057,1,c1,c234,c5,c1
2284,931776037dba503cd38c6f602b6734518a8faede677bb554d7a7cfa0074209c0,1,c234,c1,c234,c5
2299,64d15f89530055e627c39ae914cb1eb34ce2c250dd1dec89abdb17f73b041ab2,1,c5,c234,c5,c5
2310,ddf5cddb3ae99ad9bed9e8b86c1daf8dbcf9804e7eb558d63388303e25f878ca,1,c234,c234,c5,c5
2322,5234015ab07377d4a87ba5a204dee9363b71494f9fb49ad9c87e70543d64a74d,1,c234,c1,c234,c234
2331,98e87aaa4c3eb7de1e4e648f329156d24691a7597ed1cfd9ddc83a73d861146d,1,c234,c5,c234,c5
2334,1b9787d9c078ded8f8bc0a1f34fef2f4b55f67d21fa21cb04432939c77773e12,1,c5,c1,c234,c234
2336,acd8d4165129c14be68a2994ae4466cb96f559ac3728fd4dd9d0000c324fc241,1,c5,c5,c234,c234
2337,6e81b676721de3351cc80784d4d7a3403065c46cc157d961f6d8509e7b7b06db,1,c1,c1,c5,c5
2351,3c533ccb27b95a9ee6654fd772669983ccc80e9e0020a4f4f90a20d606c201a9,1,c5,c5,c5,c5
2354,08e8590df2b767d46dea88d729d25dafbe4d7dd4d7927b0102cac6ef20618fc4,1,c5,c234,c234,c234
2356,415bcde0c40edb3c780a662b2123ceb13de800db020cb6079d0e8260a4ba76bb,1,c5,c5,c234,c234
2381,7b47a95ff6bd8c3c2e18e20b652e49631f9a8876db59469071165c5b9015944d,1,c234,c234,c234,c234
2408,13ec6c439e1c240daf60b50c5a138c94e183da2f157250f3565cff071df94caf,1,c1,c234,c1,c234
2436,accbb738fb27386d69cf5464bd2aca556c99d95927e1858912580ae9b799f149,1,c5,c5,c5,c5
2442,0fdc2f855f0e02b60e5b0fa1b57a669a0727a50316dd23703338be6a744cd7c7,1,c234,c234,c1,c1
2447,06c5c851702d44a2a7c4906e3f01023d42d8d874e64e37b3132d117b3b3cb341,1,c234,c5,c234,c234
2453,2dfa0cec8ac33717098d5354a9123e0f754e7a7dd6bc5ea7781517a124e9c35b,1,c1,c1,c5,c234
2456,2a0246db44e63203c83d891c5016bc2ad738b64d4b30833486fa1d25ef004aa6,1,c234,c5,c5,c5
2476,a57527598d9198369eb93bb622d7913c5ce38364d55192847a2668e3bb2ae508,1,c234,c5,c5,c5
2478,fe7dcbcf1084ffdad4cb3d2fdca1346066f9b2a49babaa7275b8c3cf5602a3bf,1,c1,c1,c234,c234
2479,d0f2707b01ca741565e9ad864fbb205d04bbbeb2dee2f49ca88bf0e15e6c9428,1,c234,c234,c234,c5
2497,3942b7f14d560855aba66cf8b9c9f6669ddedea4ee1dd6dbfdf730cce9154ab7,1,c5,c234,c234,c234
2515,283f7fbfb10e87cf1eefbe7b425650d1c05c78d652c7d05c7ef42f7b80c4d76d,1,c1,c234,c1,c1
2532,ad1ab01be235ffbebef42ffc6b35db87891123429c704724d65fd64bb8c9154a,1,c1,c1,c1,c1
2545,ae95e82cb43734076f1c292ac794fafc53ec9459cbd88de09f667ce4856ff856,1,c5,c5,c5,c5
2567,9edfc538b6a177dafe2f0fc659f123a576687c40eb20b7e033588cec560bdad5,1,c5,c5,c5,c5
2584,6017d0a0ea4112ebe2eb060425a138b3291d8d6476e424dafeebccfe84211eaf,1,c5,c5,c234,c5
2596,8c25fa4f03c4621a1005ef7d637d714c613ee32a9327e989f8c8e06400af14ce,1,c5,c5,c1,c1
2598,c968dfb74204bdc191fc89271aad744faa5e3509d1d9730f203d3f9e31ada35a,1,c5,c5,c234,c234
2606,3e10cdf6aa17bc0b2350f998795753eeaede635d2b7e76aca3a834097f8d9918,1,c234,c5,c5,c5
2610,c2ee70d0b6632cd04c1efd8b76197c968dfa334496be49af8bb14e57d3909005,1,c5,c5,c234,c1
2619,87bc123af43fca70e76312a5176189e6e4d1318ac2bfcaa594573e4810c6353d,1,c5,c5,c1,c5
2623,6277bcbcbed5e42087a699f17c123c1023a8ab554ee2fdde8db5008b8a043efa,1,c5,c1,c5,c5
2624,c801caa9a0db62cdcfdc94cce5c931ffb3091b78b9025490c052ad2b3d083fc4,1,c1,c234,c1,c1
2626,7af6e8abbcdaa040a7dfd6051f08841b5a32e53ea7768f4e9ddc697f937a7027,1,c5,c1,c5,c5
2640,a245414f6f1308408b40c9b9c24f47f4177c3022d56d3f7e4ac2f4340d3ab4e7,1,c234,c5,c1,c1
2646,3e36c320be4f670a801f1a2e1136370617fa64c3fcf41b8ee3bd7f8bc21e6f1f,1,c1,c5,c5,c5
2647,c48ba1e9ed03cd3f88f207b02cd7880cb58e46614831d3e848a1584c7207df97,1,c5,c234,c234,c234
2674,45fc3b9f52dc76a9bb0f630c1307c224ee35c2b303028daad984488e717507dc,1,c5,c5,c5,c5
2675,604746ef0cb6eb31585e901ee1a51e03170e17251d554d65863036e0fab60377,1,c234,c5,c1,c5
2686,08942a8b7ce3f5cd026f7c755c77816c5df6877c3ef3c20e4db109388d7c5fb4,1,c5,c5,c1,c5
2693,ed444d2b7c4cbb05cdbcf9597d0dfc47bd6a825df848693ee37ba4f8c35c0af9,1,c1,c234,c234,c234
2695,443ee80e9e8dd1ab37ebd662fde4b2225936c7132a5ba682a91ed30330305820,1,c1,c1,c5,c5
2714,891d6144d1af400deb32c3b07d4ea294683bf72e9f5fbb76ea910b4865711e6c,1,c234,c5,c5,c5
2716,aa8b0eb6b9d81f06670a7dbef3ed4188c4350a37b6f7b6c44ec90282682c34be,1,c1,c5,c234,c5
2730,76df88251d484e75ad831265d4e324857f274410c364ebd6e09f70ce56187e87,1,c1,c5,c234,c5
2745,edcc942488501cfe1083a1eb9f8c14eb6c4c9e6f926c3a7c6c7827c3b5faa857,1,c5,c5,c5,c5
2748,64001bf75ed7316551a75c4a8dff1d7b574f3f6258266480da05efb6c5184738,1,c1,c234,c234,c234
2750,af2d61fc16548d6f6a2fdf1de136dec105c5003cfcecab28a0e47e1b95151376,1,c234,c5,c5,c5
2758,ebf80d931606477b6d86509db3ab1c08702111a6f2b50b5752358e8eef03a05c,1,c1,c234,c5,c5
2764,c0129635bc5762a238086a532e9e5eb55b141a7b73d4f2635edf71b7817d85ca,1,c234,c1,c1,c1
2765,736684afe7e6da8115973110d151de366ab750e44fc0209b910359c31e335ec3,1,c234,c5,c234,c234
2770,c97655a7740599ebee9758154a4ca012946b7d11f579030883a9e1fca67e25a2,1,c1,c234,c234,c234
2779,25aebf8b75760b31cb756fc28defd784ced10b5e82b068c3002a0f1b9275110a,1,c234,c1,c1,c1
2790,dec1a824feb00f5ddf1d973de2e2ef6a946dbe4cce0f1cafd2a9aada0e81a934,1,c1,c234,c5,c5
2792,65fc9bdee6ba9ffb7bfa9015c866bd4fe32498f3c6ff7a914482a5dac3eb6c87,1,c5,c5,c1,c234
2802,606edc4f0980804b347b8dd950a4f73762b2bba073a022f18fbb77c04ac16283,1,c5,c1,c5,c5
2808,ec6891a07397db88705afcc97877fe097e53621f603bbd02cf9fcc0e90046388,1,c1,c1,c5,c5
2811,44e0e8c11089cda2035e7473cfadb4ec56f0c190e04dcf93c28e68ecb5a5f8dd,1,c1,c5,c1,c5
2816,dbf67d2415f5b4af67324159e46ce7555519ce6aa85eac4628f9ee57b3faf6d0,1,c234,c5,c5,c5
2818,eef8f9ac29a5267f62be99d43f318c87758568d262fe2184c1461bcb53065981,1,c1,c5,c5,c5
2822,edcc942488501cfe1083a1eb9f8c14eb6c4c9e6f926c3a7c6c7827c3b5faa857,1,c1,c5,c5,c5
2823,20794bebdcb1833731df6ab0221adcef55aa5563cbf694ee4f75ed1392ff0272,1,c1,c234,c5,c234
2825,b79ba50dfec8e6e80858f5c1c6dda5b2713e396a065cc3c0f6e0d55be7debc20,1,c234,c5,c234,c5
2830,0bea7a8c936a5c45e5e217f37f150bc0a73243d1ff01d898895ce330ada9b5b2,1,c5,c234,c5,c5
2846,6f32bc639cc502d1b8627bb5068bd197fc94343b68fe834b8d18103b7497bb31,1,c1,c234,c5,c5
2855,f7024fa355716cf8c7c833bb06308da0d90089d4a1c0f47f227321ed21b16eb6,1,c234,c5,c1,c1
2858,e5bf3dd18dc9a4ffd9e6d2a0fb84058b1fccb7c4f50d7a2dc01ded700fe49535,1,c234,c234,c234,c234
2875,c4773694f05928a3d26f837a310e36f068815cf4675d9c8a5722971d4bda2f7d,1,c5,c5,c5,c5
2883,76d3cadf31baaac9e80abf9c73efd81ae8832ab853cde1d85d13d9e6277d5b63,1,c234,c5,c5,c5
2923,396d051b7a3298aa17487b41b81a0c821004288b3fa10f2c2bb3fe2d733210d0,1,c234,c234,c234,c234
2927,9031373e19b373da9f9b3b47a8b1119ba8a81b5215e32e4f909e1537d4e992e1,1,c234,c5,c5,c5
2934,7856e30723cd11e3e895bf76d929cd4167d2ba06c2ec45b6ab732da3e7bc1d7a,1,c1,c234,c234,c234
2939,95e7a5487c006e878b881e0a116caab7d21d1c492eaa341a45b9ea7a528a3fc1,1,c234,c234,c234,c234
2942,a1c80736db46f318680a7f47bc637aac6efb8f969fe6b6aa1bf1abe7f2ce6d12,1,c5,c1,c234,c234
2948,3fe94ba621c7744b96910520edf9ddfe58c9a7978bae719697bd62a2198790c6,1,c5,c5,c234,c5
2953,f93893c793a9a0f364f70e8b14f8fa6d01e60d4a6b606ef524f95c72bac87072,1,c234,c5,c234,c234
2965,7718266774c44a5c8ea907b54b9ff5398b1ca66bbc68e7d0263a15122d1953a3,1,c1,c5,c1,c5
2968,92500e667527bf1f66b5f9e020b47ab01547f18c6c685dc9e37c8d8370a9ad86,1,c5,c234,c1,c1
2972,f229ee7f8f6e2b04dc744ddecc3510469efb14a4f2a80a98ace428c530d536d1,1,c5,c5,c234,c1
2982,145195e9970595fe5c34b18dab8ba78c3612f47a4d72402fdcfecaaac97f4a54,1,c234,c5,c5,c5
2983,de55e8ed43f8c9cd168333a555192c814943bab8daba47f2ae82bbf3fdb2d394,1,c1,c5,c5,c5
3012,5c566081e4864227dcca169f7b61b4d6faedc3604a85de7ee6412eb5fd8fb5cb,1,c5,c5,c5,c5
3013,12989e1f82055f9940fd4d63cfc5bbe3d933e4fef05ec480effb21a4f298c783,1,c234,c5,c1,c1
3017,b027aa64a6d91194b02b35c0e6a8924b305e5116ad2ab6c3d75061eb9052247a,1,c1,c5,c234,c234
3020,ff3581273ab7fdf6f8e90e8cf4254e6c2ecdd622034ffe056a565925b48c9f3c,1,c234,c5,c234,c234
3023,eeb6e92373e788caf3c9f42ae534e72fc19140e47d5fe64d4e12081c0e94a6a1,1,c1,c5,c5,c5
3033,6e4389d4546d0a0b1e6a5860a128170d4e9ff6ceba04ebcf05fad7d25b6e1844,1,c1,c1,c234,c1
3040,6da134fdb3f45cb37c3fdd98d8887030c209f37282af16ab049eef7696cef32b,1,c5,c1,c1,c1
3045,cf82435e1fcbc4e6486518fe42ac843d9829ca49d2fe759c28a32c85760ffe39,1,c234,c234,c234,c234
3046,1774669ebb46098e635a3fd57f9f5a51d48b20f4f263f9cd7c3204f5e3bc9576,1,c1,c5,c5,c234
3047,cc4ea5eb2a45a44a9dc9c5188da39fcd1692bfc1cbc7c812d793883bc8f48d22,1,c1,c1,c1,c1
3053,4947bf83fb62a71ad5d1534dedc12d69ca8585f9460de91907a78f2cdd869d43,1,c234,c234,c234,c234
3055,5ec52991274e00dc237d73f2b38f70dcc8849085be2f594bd6352b8aeba9373f,1,c234,c1,c234,c234
3062,5eb97542c337e8752279e23a87ae5887bc6f2ab92e9cf6de35c71c7eafe8c4ff,1,c5,c5,c5,c5
3064,827f651263832a90f6d3a35b1d7dc9303e8ca28ee56ace71380da5003089f5ea,1,c1,c234,c5,c5
3075,5effc927c6deb9d324ff13bf9fca8bdea7ccfbf174a5acf33df602a917175dfe,1,c5,c5,c5,c5
3089,e1b67663b688ea60ccbaffc04b0246e7ec08de3f5ea446df16d483469555a92b,1,c234,c234,c234,c234
3090,6ea8c2e8353b7740d075d4d5e96e7b59fc581fe51b5329784016e6da5274250b,1,c5,c1,c234,c234
3102,d9ce9530d8c4b918496983026ea857b691ea1f513f497b00144279d661df78ae,1,c1,c5,c5,c5
3121,9c18640547e14de9dc702d57c67720b4510d6b315e1534660b516e1e39f3184e,1,c234,c234,c5,c5
3123,cddca5ec1bfc4a799a2751933d850834095b6b40058e534559fc1f565482c7f7,1,c234,c234,c234,c234
3144,392de66c31e83483fcd3e452a15cc38c6b2f0702d69ac028238b4c5cab0bfc4c,1,c1,c1,c1,c1
3147,5ff654b3e8c5d11b4aae5be7719dcaca6f304be812c2ae76b491d40d56300d24,1,c234,c234,c1,c1
3153,805bf9df81313badeb3b11b3f8fa0c62ccd923ac44dd971912fe5f0e58cc24d1,1,c234,c234,c234,c234
3159,c25d827d12e8d08da811b59a0913e70e6a0275627460bab050ecd7180e51217f,1,c5,c1,c234,c234
3172,fbb7cf1865470b8add503a540f4bbdcd354e29f29b539d222fb50d54543e7fc9,1,c5,c5,c5,c5
3176,7af6e8abbcdaa040a7dfd6051f08841b5a32e53ea7768f4e9ddc697f937a7027,1,c1,c1,c5,c5
3182,87611e782fb551a5dcd205615dea5a6fcf1b314d804711facbebd3eb6fc3d0ac,1,c1,c234,c5,c234
3184,6a304774cd18ff51e91c6c7fd683677976c55551c6cc15ebb10fb7da980c309c,1,c234,c234,c5,c5
3190,93936f4ddde82d81fd5a3ca67280e38a6b21dda215bb27592fbff6b318422b42,1,c5,c5,c5,c5
3191,6c244a608fd16f5d6481c75f563c43839fb6754c590b00b1e49034ac47ab8b7a,1,c234,c1,c234,c234
3197,edcc942488501cfe1083a1eb9f8c14eb6c4c9e6f926c3a7c6c7827c3b5faa857,1,c5,c5,c5,c5
3208,c7a3847df90f002c450a373f3fdac30b197acc1e6c115cf1696708de00360729,1,c5,c5,c234,c5
3211,d13a7292e3d888e042fbcdb6233f2cc8922704bbc5554de5055102ef727785d7,1,c5,c1,c1,c1
3216,d4706fec22e95ca508d91c991dfc4f349ac3b55600a178f7225d360d978b809a,1,c234,c234,c5,c234
3224,e6c94b8634216c5ca12e1d2d8f9423ceb1609fe00e3f88279a221a8a21f9c6e3,1,c5,c234,c5,c5
3250,ac84deb5135f774e7a6b91d46d8ed78ba69c3215529de2e2da1b3a37785eedc9,1,c234,c234,c234,c234
3257,8627e1a50e8d133c13e2aacd7d9f07b802fb8db6afa3483b1e1653b42b1d3a6e,1,c5,c234,c5,c5
3258,0e98eeb64dba68a4b115ab09feeae68f49ed52162f2839c2e2204e38bf3b8e68,1,c1,c5,c1,c5
3265,7ae8d234c18ddf89daa2c73d8ea30a8a79ec93613e1bc9e56c2ad5ded6028aa6,1,c234,c234,c234,c234
3270,18538bf51ebb3b22e4404b26e1e0b1626d119fc20eae4fa956d7ce4cfd897bdb,1,c5,c5,c5,c5
3275,555dc62b71f3c26249005409b582fe6cf9b5e67df0914ab3dbd1e45ef38cce63,1,c234,c5,c5,c5
3283,5593b1544653b27a633bac9c3a9f9dd98279a0fe120aa792aa581ebf47d7053f,1,c1,c234,c234,c1
3289,40cd3b1d0048794b2936a9242cdc29040fe1c39f03c971d4fd503c7af7f3aa15,1,c5,c5,c234,c5
3300,b80e91ae0d4fd37165a6107baa7456958a480946e9e71e1b7381fa5f04b35bfc,1,c1,c1,c5,c5
3305,8446e7997a450c4f49f4cce8fa3f06d14de38f00f4fe2fbdaa2690a47b101bab,1,c1,c234,c5,c5
3307,5abf2afe4598ef29622e29f4a63ee22e10f4f2caaa4fa54407f60ed3a783c0ce,1,c234,c234,c5,c5
3312,1e525d393beab3f37a24d3b6bba3f86cd394bfb7622461f3262f8374b669d665,1,c5,c234,c5,c5
3314,b3156a07523d21af6788f795231acec1be2b71e5736447f4b24b62dccdf10cc0,1,c234,c5,c5,c5
3357,8126ad6db6cfcc2146dc2803b780f85f6831b42926a42b75e4cc0b2cf2364ace,1,c234,c5,c1,c1
3370,9b1a943ebe92b2c4fa025820661d5b489a26cb16858c3a35383ad27bc5096c80,1,c1,c5,c5,c1
3372,cbc41eecf0a82391b4343f3698ccd29007daf62589d1d82ebcde0589d1eb28e1,1,c234,c234,c1,c1
3374,778a65f9e69ff74bbde64cde77f10c63e2d21f70978149de557601e04abcb47d,1,c234,c5,c5,c5
3381,d1cb7105fefc760cf5d484442227aff24f82c6dad78eebfe41b3bbee12bee403,1,c5,c234,c5,c234
3388,dd09b436ad8bc4c4fb79bd19b44be0d554558a11e7148a053e286950d1137998,1,c5,c234,c5,c234
3393,444ebfdef4f41be945e8f4cf6610aa5c045ac692d48c8a697103e15c9b6f6fc5,1,c5,c5,c5,c5
3410,b3caa74b651eb2dca47a27c14ec97cef849d1a4c00aafbef9cc61006083b0e0c,1,c234,c1,c234,c234
3414,634d95f727341c1566b2284ce06b946cebf1c67ba9902dd37f6c24a578b9e439,1,c1,c1,c1,c1
3415,82406776925d6c27edc0993dcd67ab5bb82cb1d8e9135b6e78581eac2f2d33ee,1,c1,c5,c234,c234
3425,2f9b917469e7ceede8e47fb56f735e94d7dfab6265167c1bff7f5799e39eb308,1,c5,c234,c5,c234
3434,b756c7ad074b01710d4cc123e2131388f4e8e082c03b0abfe5110b303022e2dc,1,c234,c234,c1,c234
3450,2302792313adbe6e7e24fb4ed1033a90811213e07573026a1a1787476529383b,1,c234,c5,c5,c5
3472,de9114fd19460abfc6ef1f085daddc034f1f7a6b81237bb434bc0f3222430139,1,c234,c234,c1,c5
3476,9abee7f53f3a03a805005576158c5711a1d19c6216239d880429ead460501ac8,1,c5,c234,c5,c5
3483,8b43a0994335ce995b592a68c35d7045f1ed5c64a8d2666c725f1c2c49067c62,1,c5,c5,c1,c5
3484,199e5f0f850aa0f7cd51f4e3e3894f40dd096bc7bbb3bc73c9507a036881f240,1,c234,c5,c5,c5
3493,86e0869b7e13c9cb415e35850333c15fff2811e136620b23ded23af88f1b2070,1,c1,c5,c1,c1
3499,7089761897c95304a5dbe669c2aa036065dc7a43898007b806aabdd2257e7e9a,1,c1,c5,c5,c5
3503,a72b85c9c52798e98b418aa692916bfc2d4dbff106180006298e9e514f77b1c6,1,c234,c234,c1,c1
3506,6b10334efc3d1e0c5e4442dc3d9ea169976eb161c1fb8eb09d0c1addffd3975f,1,c234,c5,c1,c5
3510,15feadf85b99e4dd9fd4b4cd8a868a1c55f8e0b800d41b4412871407289845f8,1,c5,c5,c234,c234
3530,e788224c634a12a91566fdba1d30c5f180c7af3be5db34f456d1cb4b6f872cdd,1,c1,c5,c234,c1
3538,5c072a2aaa717ab07ceeec6f8fe2fd45cde8696121bf4f096f739aaa1aac4dc5,1,c1,c5,c234,c234
3542,72977a0c1ea0f98276f3bd7574006f8febc1eca218448c1c4e7abab60e4eec69,1,c234,c1,c234,c234
3544,c9c3c3704e22eec5189d244e629d6419d24614fd04218cf605589b8503dfb7a6,1,c1,c5,c5,c5
3565,30b9080eb53265e94c4a4ed8ef1faec2cb6d34697f3610b1a666dcfc2f39e18a,1,c1,c234,c5,c5
3581,d4c555224e0ebbf2223d5d6b680cbd24003ba39ef07c8ffedfca8d2ed19980c2,1,c234,c1,c234,c234
3594,61cf0022711860774f84fd88e60f4f8ccfe600ac06f166730bc13e4f33dfec85,1,c234,c234,c234,c1
3601,5a7031f91c6bdd08a928640768366ad6748ed4ff2d9509d3013ca46f7da6db84,1,c1,c5,c5,c5
3602,1ab1c971f482210dfb01f0d605c07a42983105fad09aea0e866cf702d9d1e065,1,c1,c234,c234,c1
3606,67a8018d1e24b3d6da1793abefa1aa68349a1f1a614e3268a607102b601bbcde,1,c5,c234,c234,c234
3607,8572c5bd0abbdf11cfb7f9c971382540a4ab43d64981a3153b3d050af4d05a11,1,c234,c5,c5,c5
3613,75a2e520dba12e3d932a8cb8fad35719422e8b62c0a08300275e9cfbde622c65,1,c234,c234,c234,c234
3630,7b55628980b6dd0492ee2c1c99dc2dbde025be47f47f1cc8cbc8af177931a23e,1,c5,c5,c5,c5
3634,0d3d64e7d16bb55f7f08b8448a89984cce1cc9194c716d04c66214498544e227,1,c1,c234,c234,c234
3637,c672257fdca4f9fc5394f545dbf93af5e4f8d2b662c4380e2fa023527e734b35,1,c5,c5,c5,c5
3640,3d8e7948cab470e9c187cbec10b5e8a5dcbd24ce73fed57a6dade4268fda813b,1,c234,c5,c5,c5
3641,c9aaf298cac03cfa7454203997fff0772bde8186fc621a8d069fc919b7902c80,1,c234,c1,c234,c234
3643,3073960bbcd6c0453fdb22bfe1ff74a72f4515001e2c2d8f106c6298877de226,1,c234,c234,c234,c234
3646,954e8aa9ad15cb52d2fc14f3687848a1b680057a2d6d11f6d9e58bac44ce2292,1,c1,c5,c234,c234
3655,b9f6c68ac777cd559b21fe652e9405a9a9d926a5d7fac7f9b7941551b4f627b5,1,c234,c5,c234,c5
3656,933fd51ef977ba3ac885203f6ab4f0828bf594c89bdd6b1dbdceaaf1475360bf,1,c1,c1,c1,c1
3659,0118901247e20c73204495501dbb6ef57691eb7d4d00306e5e7d8bcbb93e6c78,1,c1,c234,c1,c1
3671,aff1c4cc8d6c097f8f3d31440bc95bcb4a8239ff5b934b29026efb41fcc4fb68,1,c5,c5,c5,c5
3684,af19494fdd0c076905ed2923a3b711001d8bf1f3913876799a6922818376a05b,1,c5,c5,c234,c234
3690,0bfbc88304cf83d25a262439bfaad47b6769c302d23ba88712921490f70a8f4a,1,c5,c5,c5,c5
3702,3a1f0f34da0b2e6ce90c122ba56c270d39ea61180d30ac48290ec85bcf6ef275,1,c5,c5,c234,c1
3706,49187bb4d27e706e440719b35003dff6730ddddf37b896500ca127a9fa24cea9,1,c234,c234,c234,c234
3724,eda4ca4cb4c39ae85b3d75557ae2fcbcef26daf7a7420b1529294ba3e9927f70,1,c234,c5,c5,c5
3728,e459aa317435a38488e96525239a7cf2b71148dd00820a2f69c56b3a7f69414c,1,c234,c234,c1,c5
3731,378598a6322ede91f669d6e5f180e5b107d9f6ff622df5d0be9e1636f4fef157,1,c1,c234,c1,c1
3732,eba5b6db5cba801279268d2dfaaa930094e50ce3394e490602714a607384bc7d,1,c234,c5,c5,c5
3742,895ed11320d9d6cfd93ffd50c8d3d649ea8256d2e766141c444c183866153563,1,c1,c1,c234,c234
3746,ca66095ff9018ebd9641935a5b57820a5d6d559929df59d555a9c1e349a0f481,1,c5,c5,c234,c234
3775,883175858a21ad66421fa9c7feff99332d5314613459138fad47108240ea5271,1,c5,c5,c5,c5
3776,2eb33b072ca64e13e8c27648601835898626768b0986ea5a74b7214ede7f2b96,1,c1,c5,c5,c5
3784,3b41ec0c34d79858a8dbc531b68b98c8199110bcec30f510898b6d613438a12d,1,c5,c5,c5,c5
3787,173cf39627f7065d2dda8bb14930e5903da6858eacfe7736aa4b8fb7d9cf5938,1,c5,c234,c5,c5
3809,6e6172bcb4c6368db188cb3a1292a7792d4b2208f0c52707e16a22b291a264fb,1,c234,c5,c5,c5
3819,f36e50ab0dcfdb4c3d16bc6ef249920f627419af7f65c60ff27755a417fc1003,1,c5,c5,c234,c5
3827,960b709e84cf52d3a5ae9a64a8d612568b429c20bc4ed40ebde99882f8bbe515,1,c1,c5,c5,c5
3828,e0d1712d4612b1d2ef6ee07e55f6c7c20c573c54483e1a6ac0aef721f3722153,1,c234,c5,c234,c234
3833,dae10857fc1bf4c5d42dfbe879bb1828dad333b0af1622348370dab896235edd,1,c1,c5,c1,c1
3835,2eb33b072ca64e13e8c27648601835898626768b0986ea5a74b7214ede7f2b96,1,c5,c5,c5,c5
3836,fe7dcbcf1084ffdad4cb3d2fdca1346066f9b2a49babaa7275b8c3cf5602a3bf,1,c1,c1,c234,c234
3849,43e555d7b7082ddb7fa1152a8f89c3aeaefd98c9c9571ac66a80b89f8caf1e71,1,c234,c234,c234,c234
3864,dd19cac8a291dc91ffd8961fe109b76e6dfdd6f5018fce83409bfb1fcfbf65c2,1,c234,c5,c5,c5
3870,c3223a00700f13f12f007737aa800da19b77a1a4d4af248b47373876f36292a2,1,c1,c1,c234,c1
3879,d797b65edf9e4bb2802926d05b6bf242f99b9f45a801f9e1ff883ca34af97b52,1,c5,c5,c234,c234
3884,a7b3643c34c87fec4fcfc32657abc441075d6b163b1f2fae477c0f5889268823,1,c234,c5,c5,c5
3890,c4f553d0dcfb5b1400199eda1a0db150b8a93af777bf8d50f6a427ebe2184db1,1,c5,c234,c5,c5
3892,9446150f967f2245bdc34c5634ff3a50569abb2e951ce517e444504e1ce56c07,1,c1,c5,c234,c234
3944,13c576a712272c3feafd455e26165e2d0fadd7dc2470e73fae5e94fa845a6591,1,c5,c5,c234,c234
3961,34d7b326496819cfde5e7ddc570ccafed24315870cf32f006800a340809f6db4,1,c5,c234,c5,c5
3983,b33ffb4798de1face41cf73ba35fce4a8b1f162522987e8b7fcbeb2a26ca049f,1,c234,c5,c1,c1
3985,f4a9c35ee237544564966924658320b32dfe6ce2197dc980ed62786bc959f953,1,c234,c1,c1,c1
4001,c6ee261eb15b6206557a903ede6a0f8ddf1f3088039d8fcd0153c200afef24d2,1,c1,c5,c1,c5
4014,70f98d59efa9edc6dc945883567be467bdcf149c3d6631d5c80fa868679db957,1,c1,c5,c5,c5
4028,14e6b9bee7ced90dee60380356ba1ba2686bee1818fd59b04d8338ced0b219e8,1,c5,c5,c5,c234
4052,17abb166c98f5729c9de2951c8c847d54be18058640fc53d1349928a74ec6757,1,c5,c5,c5,c5
4056,7392ba77e757473fa320ccbf1d8c8a0a826aef69d9e3b68b82c89891d30a0f0a,1,c1,c5,c5,c5
4081,d0f9e17b4e4229ad076c75c62a484f367900070ab6968a39716fc563065936b6,1,c234,c5,c5,c5
4083,818d5947a6af261b1ed9d7746164d62f72ce7f51aed20e68f114a56f541081ce,1,c234,c1,c1,c5
4092,9aa4b9bd6ec1cbcdc868dd2ee64314494edc4586559a54eda4c7b6a0559fe4aa,1,c5,c1,c1,c1
4097,7e45d95037bca2949f1b874cf2294c756583dce333abbcdb61f94595157fbb8b,1,c234,c5,c5,c5
4101,1af57aa8c2f45939c6f3f2e013547787d32e90a5cebfe51b3d7d64bd8e80f81e,1,c5,c5,c5,c5
4112,02074cad747755ffe2b0f4a186c61586b7aa4627345914398786a889cfa21555,1,c234,c1,c234,c234
4115,20cf0687da50b78854bea136d2ceb30c04b31293063dd52619a586df10cd9479,1,c5,c5,c234,c234
4126,f9b1d60da8a564f7ba86c5d5f4f732fb8141c9e38483a8063032894e28eb41d4,1,c234,c234,c234,c234
4127,8a2f8bd4ee020f0aec0013c081b30b16aa1f13d91ecee53bff431ba547b41df3,1,c1,c5,c234,c234
4130,63a280a2782727533ad960d9bc6b906626667acf8af9fa3505307b7535bcd4b2,1,c1,c5,c5,c5
4135,3f69b389a3242d35c3a7e8764ce1cffe034e0c5d8075024d39603b4d440eab7d,1,c1,c234,c1,c1
4138,0800643097b43b2c335d01018fe92e0b98442df07407d8b07f01b2936174f39a,1,c5,c5,c234,c234
4150,9776bfa8247edc1e618534c4d1d2ddde46cc69aacfa5ae58b5dc6f61e8c828d6,1,c1,c5,c1,c1
4155,09880ec213c026cf7f689d33c6e7fcf59323e964f85f0d7984110e86e6a78c7c,1,c5,c5,c5,c5
4169,ffd4d46e45456e9a3e824beb5c5c250c10926c87828ce54615eae4b11c3ccf5c,1,c1,c1,c1,c1
4183,c42bc6487a79b641d4868378e9824516be5e07ac71a52f338757c2507cac18ff,1,c234,c234,c1,c234
4190,5f8fe042d403343fdc835a913bfb81c5c68f37cbaa1f1a41ebd7b55fc2b22777,1,c1,c1,c234,c234
4197,d62e8dda550ed6ffe32647fbe835410bd2ccb14da929ffbe85749dc92d422876,1,c234,c234,c234,c234
4221,469bc20981c40bc7e23a488a41ec941d719d15a696dddfabea33b23fac39f4c1,1,c234,c5,c5,c5
4242,e08f13461123d774abb7f82c19a2a43cee4b636199c961922c27a65b792744e7,1,c5,c234,c5,c5
4247,571a2b2bcc9d28f307d2a48adabd16d500fd14bb686cad52bbab28344a06687c,1,c5,c234,c234,c234
4252,9576ca32fadabe5f22aeb3f4b00936a213edaafd8bd29be251997c5038fdd61b,1,c234,c5,c5,c5
4256,b350619f40dd4974adbfd00777b32ef21a124610ee8d71c2339d0fcea5666474,1,c5,c5,c5,c5
4261,3d25abb6f86d870ac3850e70c9d1699a23a24f8b685bce6c029a87f482cc3b21,1,c1,c234,c1,c1
4278,7540c3ba1208e0e4553ed78c5f4e4a9c1cfba2213c89f0a175ca28c09e664bef,1,c1,c1,c5,c5
4279,bf29c70d869ed7a1b9203d2e0b5bea3a153da46286f8b2751f9260fc96ca641a,1,c1,c5,c5,c5
4312,9c074d9e44379407feee6c5ada5e0f8e440e66bf49d50346c844dd0040808973,1,c234,c1,c1,c1
4325,22eadefb5d7f2c131967f76a6d10e38b6b773303aabad0a889596b391095cadd,1,c5,c5,c5,c5
4338,63c90432681b977581e12cf293f321a4811bf21ed0022ef9d6f08bbf405c7e42,1,c234,c5,c234,c234
4347,edcc942488501cfe1083a1eb9f8c14eb6c4c9e6f926c3a7c6c7827c3b5faa857,1,c5,c5,c5,c5
4353,ecf37b1f86b50b11630e77a53911cba0a7e0c0da6bafac90c61775bb35dfc004,1,c234,c5,c5,c5
4359,0143c079c9ddc153c17ab0f05ead299e97efa0faa8a84f91c30ac0e6ffd44c1b,1,c5,c234,c1,c5
4371,908af63b059b5e602a6d77f3d3c609f830568e5a6367f52b01679eeb37edde14,1,c5,c234,c5,c5
4373,ce3c6df1af36844dd2d22fec8a611cef68cd2629d3bd9153c6004fa9b29ea7b7,1,c1,c234,c234,c234
4386,e7bca94c3880979ec89b921771cfe9b61165dece43a339da1472d798f8cc0cda,1,c1,c234,c1,c1
4388,7d54c25ea887ef100fd0aa794a2a73d916b1ebaea13122718606a013615481e4,1,c234,c5,c234,c234
4390,25cf7cd0b47bbad67e8e31a6c1b2ff16b0843b147eebd7fd06615af6be6a646f,1,c5,c1,c5,c5
4402,2cb88b84abad5904324dcc4c3952262c629693726c61d0e8193b541a6f878af0,1,c5,c234,c1,c1
4406,9d1ab46f1cd3d32d383f41a4cafa02ba4e1ba74e3ed3f093e01894f6cc8e1f0d,1,c1,c1,c5,c5
4407,149585da1b5dbbd6cf2dde007a383b75cc843145d7a3b090c8ca48a74660f6dc,1,c5,c234,c234,c234
4411,7cb78192812d03f3756ab53e3c0116e13fa8ba6da47af089859be3b7afc081f3,1,c1,c5,c5,c5
4417,2f015db56bc11952bf7b573274e553b3f0419fa97c0c8ca970f9293130f5f6b5,1,c1,c234,c1,c234
4424,58db82c57055926d4b14dc37c8b66bc59009dbee7c8458bfcb4f70097d5f9cc2,1,c1,c5,c5,c5
4455,991e650063901fe8278ff3342c558d6738e725d9273436bd84d9cc02816c6c61,1,c1,c1,c1,c1
4458,934f6d9e42a86fc562b4ed6dda7b4dafd4334247ce6b770a4b1640fdfb3c331c,1,c1,c1,c5,c5
4474,910fffbcce0d75160ae308dc71a0c9f0f53e5de2f9fb3fe253ce8f713d976484,1,c234,c5,c234,c5
4476,9853265fced14f33880eceeb8f992d7f3f1bb12f7f6c9bf57c4be2fa514898c4,1,c1,c5,c234,c234
4479,c89654956d6c90449f2635199a32b5dad66059cfb998e8596664fbb9fe6e27af,1,c234,c234,c234,c234
4486,f47b8900d6a1d1d511e13577cb71d072605e1a4c1050128b171b37927ce48ba4,1,c1,c5,c234,c234
4497,6f91d2c63a8d6dea57646f5d9268b5c6c15fda8a1c6ef1e14d02608a3bd155ca,1,c234,c1,c1,c1
4499,f6a4046e584ada177721ae5300fa27619eaeed9aee66d893667659ce2413b43a,1,c234,c5,c234,c234
4508,c87b75cc2348018458cc9d261736ace1d3a9ed05cc434b0860fd1fd3724a5ccc,1,c5,c234,c234,c234
4509,91df97093be121c3f13d0cd33e6585932447a4de60ff3f277520c57770fcb334,1,c5,c5,c5,c5
4516,3593bd33e5ad0b9d0d686403df7536c6f90c0c66e5e39d605e2e822fbad0f59e,1,c234,c5,c234,c234
4520,3de52753c8be55aef007825749fd0e175c43242df2a5be87bed283c142d1e040,1,c5,c234,c5,c5
4523,66887d44e25e04e3cc9ea287484555a89bf5d97b16375babc0eaa52bf23333d9,1,c234,c234,c234,c234
4526,fd797bc143ae1a551bcc4a827e8a5114a95af97f8886ae5c6da4a2cdfa346ba9,1,c234,c234,c1,c234
4533,73be89d68cd5f1a95087ae0a32a83611da010e4317201356ac7413a01006316c,1,c1,c5,c1,c1
4536,510b906109e79f6da07a09acdfcf6c95122756272dc98af5a84efeff096304a3,1,c1,c234,c1,c1
4542,410de72d971427463d9ae2ba2f0b5695744a3e83ad5d61597917eec791d2dd70,1,c234,c5,c5,c5
4550,31a16b96f6ac305dcae7b1da62bdfd8f972f2ec1f394c944c7965a7754b7b004,1,c5,c5,c1,c1
4551,11c1e571f13496ad9b581aab2f6b0ea506b38cd80af4ac6c752a639acf86626b,1,c5,c5,c234,c234
4561,33842924382207a9f54856ea2d60967dc59a287f4f4d46ca2a31d272e62f80da,1,c234,c5,c1,c1
4567,f0f1e58766efa9f419ce84d9da449fe9f3df60e32a9e22d0bbcfff29f99cdf04,1,c234,c234,c234,c234
4574,76443317a5dcb1cf6eeef9cbde311e17c3363de7e8e4b4b2c0faf59ed8841320,1,c1,c5,c5,c5
4598,edcc942488501cfe1083a1eb9f8c14eb6c4c9e6f926c3a7c6c7827c3b5faa857,1,c1,c5,c5,c5
4600,f74184bc86f2c497e2eb68ea8ff12a10a381626b0ec9792f41465442cb5a9209,1,c1,c234,c1,c1
4612,2e0b4bb2e6e97dd3dccca6a49dc4c97eee531ab0be578828b9666b4c285ae02c,1,c1,c5,c234,c234
4614,cdb20b8952558e86907c5d751d0c5780fbe4c20e428bfc988ac7ed79bc136790,1,c1,c5,c5,c5
4615,fe1dfb3b3afccd744377ed4f3bf520ada771109b0ed31d4887a797de4ddbb4ca,1,c234,c234,c234,c234
4625,560b05f1da72f23daa0ad7005ca8cd64ba583199954741e2131acf4fddd80d60,1,c1,c1,c1,c1
4627,17120cda3fbe5824f1551856273e8b219bd31c708caf2c7ec2e5dfdc4b090b5b,1,c1,c1,c1,c1
4634,f0b919925220a0c4fa2718d8da3d3ca392e5595724a4f1a0517235906b7cf31c,1,c5,c234,c1,c1
4639,87d1991019af46707900d0fe81ecd1ee9f752587b54d133a517f063b59c8467d,1,c1,c5,c5,c5
4649,5c327132f7d7e5b8fb1044ad5cfd5d5cfe8bef33e6a1679664437985795fa845,1,c234,c5,c1,c234
4654,ab98f56bb25c000caac4228717d73d94a0a3a3890029f65bac0d27098c93106f,1,c5,c5,c234,c234
4657,cf77865bb73f2b10e13220ee7455ad27afe8d04bd54637641b9c6637e2af3613,1,c5,c5,c234,c234
4675,991063706e97b734f03a6ad808520d4455a978480252fd189108370c8382b18d,1,c1,c5,c5,c1
4691,ee1246cc77c687171d65c17e73d05906b3589277c954a14ad35ed66507dad643,1,c234,c5,c5,c5
4720,446338c26fc641a7112ca9d9435c7285e9b61ec22bf3e534f98cf1ce3dcd8578,1,c1,c5,c5,c5
4732,70c23652b4339bfcc938eccbdcaa5f13a3392cc76bbb1cf47a710509c89eb943,1,c1,c5,c5,c5
4738,0c7754ea542ed8a9fe11df16a9793da51aa31a70ec469199568d7d1d422cbf81,1,c234,c1,c234,c234
4743,8141ea294e45ef3112e2107a259a9ac77bd83e83262feaaaffac830950c1f9e0,1,c1,c5,c5,c5
4755,1fe5995aa0cd304390667411b38d8e4f3dd4bd8419c93b95dc28a6344d642768,1,c5,c5,c234,c234
4761,384436658cce2fa536552089396f1b7a401eebfd385fb8e4490b032731d09121,1,c5,c5,c5,c5
4777,931776037dba503cd38c6f602b6734518a8faede677bb554d7a7cfa0074209c0,1,c1,c1,c234,c5
4787,576a51bee3833b8eff27b93099926da2bf83f75a0401d43be43bedb06f8b1945,1,c5,c5,c234,c234
4792,6979f7acc66715bf5c34a23c5fc080982d6a4a3fc0ed597f551448cb6bde814b,1,c1,c1,c1,c1
4811,334f0d07e254561d28bc5c3ff07e649d4e04ad4aa0f686d0c3a36e3116f1ce69,1,c1,c234,c234,c234
4815,7884a242a2f74bfb0499c26890095b6b463c763c60c84e3719f63f2dbc5c786d,1,c234,c1,c1,c1
4824,b8f1277c9bc90399ae48a1ac5c36d46fdfed73e7c41445bd4a34f25701dbe566,1,c234,c1,c234,c5
4828,edcc942488501cfe1083a1eb9f8c14eb6c4c9e6f926c3a7c6c7827c3b5faa857,1,c1,c5,c5,c5
4838,64f43b1be8d84bf40898b87f8ccc9f4177cdf60c417f7eec507c444e5b39cb35,1,c234,c5,c1,c1
4842,dc7058bbfcaeb097c4e7b1a87a18e6edffec57660ab797ce02c529f89dd8b0ae,1,c234,c5,c234,c234
4852,cbd00022d212a05a4ebeb81a3c4799c8f72d58dd3fadbecbd361d438914ab9c7,1,c234,c5,c5,c5
4853,741ce42b21aa9a6cd9a2d70aa52392043df365630c7f0b588ad19f71527b6ef5,1,c5,c5,c1,c1
4855,e1bfeec3f6f940df37c91a744b0e6ddfa15204cb5a3a2dcc8fa6c3eb71b4054d,1,c1,c5,c1,c234
4861,8f62e1d3f1531dc5c0ba269162db8d9a548434c6f35ceabd3b5e3804c2dc03c0,1,c1,c234,c1,c1
4865,4d446b4f8cdf8e819a6f0800ad98e13f47f7999d271309e92f59cc631a440a69,1,c234,c234,c1,c1
4867,4d4d0abe745438607aa02bfb6c5d0b1a4523cc82ee5d5caab5b7c9360ec00aab,1,c1,c5,c234,c234
4892,9debc75418d75c6ba44b84513866df868f2e23bcbda79eae596db5a8b97985be,1,c5,c234,c234,c234
4893,0cb3bd5b8a51964e16aa4cf0a82d90bff9fd598918f07cf9b59555ffcd570083,1,c234,c5,c5,c5
4907,6dff9c1e1d6f2e044551664695f237dca2413b7570b5ec85a910653e1981c5bf,1,c234,c234,c234,c234
4918,ae4ce7f09cb0260cf7af6fb5b82de87aba49e017134d99f55bc55dc3ff37eaa2,1,c234,c5,c234,c234
4921,df5edb7e60552a808b6d6ce6d23dbe222513bbd1f72c655ac8c67c38da53417d,1,c234,c234,c5,c5
4922,5ad9dae9e6e795b4f07b37f1a8d02083b7f88e462e664fe00feec1d355d0a1cf,1,c1,c234,c1,c1
4928,c980ba0eb77b9c49d8254f02778d6ca3a057f5dfe3f95d7004db952875e56192,1,c1,c234,c5,c5
4940,7ae8d234c18ddf89daa2c73d8ea30a8a79ec93613e1bc9e56c2ad5ded6028aa6,1,c234,c234,c234,c234
4949,6202751721b2cef0cd28080919ef824a46a48d873aaacb9c5aa4776f0b51493d,1,c5,c234,c234,c234
4950,9b01c957a9af68ffdb9180ad8f9e85d16291478d8d1e6eead0e87e5abd9b1ab1,1,c5,c1,c1,c1
4953,93641d12fc783153f953701d72927816de3ee2c4495d7553ad6da5116d395a54,1,c234,c1,c1,c1
4956,2adc16d796e0b27bf0f0810cf0e8606346eca4d18a051ce900fbfd0207ca19d5,1,c234,c1,c1,c1
4957,7884a242a2f74bfb0499c26890095b6b463c763c60c84e3719f63f2dbc5c786d,1,c1,c1,c1,c1
4972,b628ccda7bac065a32022a4ee0fbcfe7e77250e67b675aa4782d8954f1691313,1,c1,c234,c234,c234
4994,c57f0803b350d8bb66ff5735965b3b7c600d418ce809b00e1dbf9f257030418f,1,c234,c5,c5,c5
5018,95b0037a4bb8fde3a7aa6d7ebcd77ee0a42e0848d12891975cf584bcce37b39b,1,c234,c234,c1,c1
5019,cfc0c8131bd318652e4ed23682802df921224f8a1d38f68206329c25bc3a3cee,1,c1,c1,c1,c1
5025,f277787de08750ef0792f5306388731007438abca1b87242cc6c99b235e34467,1,c5,c5,c5,c5
5045,90eed85411df257c310c9006e0b3aadcb00d39994d28e91d5bf6f30eb0f34bc3,1,c234,c1,c1,c1
5053,edcc942488501cfe1083a1eb9f8c14eb6c4c9e6f926c3a7c6c7827c3b5faa857,1,c1,c5,c5,c5
5056,425338d11c183c1bbccc346f6da48c9dcf7c5eb245c7bfae185afef177c4bb22,1,c234,c5,c5,c5
5076,2839daa5a8128a93815d260ba5938d6497f258490874c2cadcb7ffb78d16ea88,1,c1,c5,c234,c234
5085,24f845c76eb8e8a58b1790a77d41721a3b444cac841948aadd5ea30d802c62f5,1,c1,c5,c1,c1
5090,5bba2adfc1e09eb6185f515c8cd5cbfc22c4892f0394ab7e47c9beb7548a7d5c,1,c1,c234,c234,c5
5108,87f41f5479d638597363924d87e3f3277e7a82a939a696a39a3e19d6a2d337e4,1,c234,c1,c234,c234
5121,cd565cecd35e8ad01bbd89b6e682e26b337bad31e2311fec56adb23bf069be4b,1,c234,c5,c234,c5
5137,028a281f73ca9252ebd79cdb4d55703cfb0b0af6742ed5b38266dfcef0bce32a,1,c1,c5,c5,c5
5142,5c7922b93ddbfc4033ce87541f3cf505eefd3d0f3569fd210b2841402df1a6d7,1,c5,c234,c5,c5
5157,12120bd9145ab38b50cd00cec96254a7cb91bf4ff0c7d403e62b2f0288881a55,1,c234,c1,c234,c234
5186,45be80a7ea7d75edace5865b7b756eed4f798760b0b1f73c383f18c5aa131c2e,1,c1,c5,c234,c5
5191,f53301f1569315da01105e909c488c8f3630b70d8046d4ac355e0faca3b735f4,1,c5,c5,c1,c1
5192,1eb2d7400a531cf7adb9b096729141ae885f14ab8bb57361baa8b666255a9a27,1,c234,c5,c5,c5
5209,6277bcbcbed5e42087a699f17c123c1023a8ab554ee2fdde8db5008b8a043efa,1,c5,c1,c5,c5
5222,407c05908d6ac38b0ce65730819a296b83ec5b46e021a763eb178406c2696bb8,1,c5,c5,c5,c5
5227,625e7bcc3658043fa58801edef60ff71e240f65caef6e343620f90ada0141d84,1,c5,c234,c1,c1
5230,355504771ef0af37eef58ad09a7912a22adb2660596e0c93910b86ff50e7a4d1,1,c1,c1,c234,c1
5238,8d46defa353dfdb7a0e326570f9b678ccc14988704105246b6dcaaf94b0d0487,1,c1,c5,c234,c234
5239,d09bafcae5b74db1bed07ffd5ee8d0811fab61cbd19b0eab71a936509e52ebef,1,c1,c5,c234,c5
5252,807bd0f1f3fba66f33a23fe1e580e4fad600e9008b00df80ea8e2424b83e22a3,1,c1,c1,c1,c1
5253,3a78007bba005df9d16e883592a71c5dd9bc834e7bb53fd7a522b7f94d0a35f7,1,c234,c5,c234,c234
5265,37a80ebd931e1b623cd2c528987594cb48877555a506286280eef60d268c9c95,1,c1,c234,c1,c1
5267,6cd0c4544ce6db16a1f88d83742a76d1e66a43d39453052c216d39350d144579,1,c5,c5,c5,c5
5277,3c00482d9fa26c8a0829c933513d842ce127f2b0707900762a7852abb5c3c62c,1,c5,c5,c234,c5
5280,5184fce26d44de65e5295905e0c0daf2d4dec29190723cc4674d28aa4e5695c9,1,c5,c5,c5,c5
5281,42116ccf799dbc820259f312fbfa25d1a0a611931bcb0b42e4d167b837b9260d,1,c234,c5,c5,c5
5293,366441a223b7ff7c4beb204245319422b7dd522d6f771a0df96fa3f74b3d3edb,1,c5,c234,c234,c234
5299,c91dacd10512a2afece4b2f21098ec698bb136891af618cd06b0980b44837d68,1,c5,c234,c234,c5
5300,fc248024bfe508ddcded7a0ae2c4e49c42279e73e9d5551f11d140cb1275598d,1,c1,c5,c5,c5
5306,14048bfc8de547328c5729d5671b1c4ec81375e97ba081ea2a9c6dce0ada0271,1,c1,c1,c234,c234
5335,cd4d0730fcf559a0fd5d6df399197bbf85f19ac06644e465b302a62f1e16234b,1,c234,c1,c1,c1
5342,b4dbbf13dde6b3de8ead42a8da4f878d33a9a9f5100b418ca56469bb472e84b1,1,c1,c5,c234,c5
5344,d66ca0dd7cf7bbbf8cd53ef06409cf8a3b6b9e4fc910a106e47faf0817dc9ace,1,c234,c234,c234,c234
5349,d891e7a26da78e29d49ce616ae95efaa516cd6266adde762b44fc284ba38ec6b,1,c234,c5,c5,c5
5356,7ae8d234c18ddf89daa2c73d8ea30a8a79ec93613e1bc9e56c2ad5ded6028aa6,1,c5,c234,c234,c234
5369,ba8b3e545b0a6a3abf450f2a46fd30adf96e2071b07e475e47808058925b9459,1,c1,c5,c5,c5
5370,0493e2a0f6e68cccb26843bc0954388b7ca67cce2887e3c670016104c4c4ecc1,1,c1,c1,c234,c234
5373,a73f29fa74db41115bd4417d409c2f78d8dbf622857ccb8de496360d09c946a5,1,c1,c234,c234,c234
5374,cc0f4cef38e0a8fce21851fb6c34ddc931bdd0388357f61d2bfc7b837e3513fd,1,c1,c5,c5,c5
5379,f93893c793a9a0f364f70e8b14f8fa6d01e60d4a6b606ef524f95c72bac87072,1,c5,c5,c234,c234
5386,6bfb25932aadb7a3caef73b36036702b2c72102a40dee7b824eee69eb5dadfef,1,c234,c5,c1,c5
5400,0a6de54c5a5f0d19f118bc743e410164bb1ade6c3a4ffb3cad5a0ab39bf3364a,1,c5,c5,c234,c234
5407,dfee783f935ba2962418dd165d2f8e94e38f8d2957bcd5f6e958c3a544025a7e,1,c1,c234,c5,c5
5421,4ee7ffe55869f7600fc8ad6e3eac781f15413a089a3b9b6f1c964f5b8a84fe7c,1,c234,c5,c234,c5
5422,69f39d8b201d7e2fb1c9c58ea826c6ddddf98f705d4cde4bf71d4c3b2ea24a0e,1,c234,c234,c5,c5
5458,e932eeaa40faef2ee58b50dc8d748aafecbbb2087b17fd6fde4dc25081ca42ef,1,c234,c5,c1,c1
5461,46d6b4a03b79bc8a177533cee64be79a47c59c768464831428fb13efb360371b,1,c1,c5,c5,c5
5477,1328fdd85d5be184ae89f5082f6525a1d2b7120c37246ccb094f810b9af89eb7,1,c1,c5,c234,c234
5486,9930cf5ff8050bb748eff42731e412f4bd9d7c82b14fd3c5e06af7508c793d74,1,c234,c5,c5,c5
5489,2aae3bd573de3457cfba38266f6d01e6b4c925869eebf19f0c01a33fcab11e59,1,c5,c1,c234,c234
5493,7f88b9ab3bfcc9d7467a01a49fa6f2224a98b5684993fdf987f20535ed638dd0,1,c1,c234,c5,c1
5495,090ce478ff59f713ef13fd87b8d524900e86a96863790d91d9a179df9545bbcf,1,c1,c5,c5,c5
5496,7466738e2bea5e1a8f6f7da437041523d001066b8ceac04f6dda1f6575e21142,1,c5,c234,c5,c5
5500,2c48eaf18d911f1d421d4a2daf4beb77fa0f39bb01f96b2bd5d079468227d37f,1,c5,c234,c234,c234
5506,0afaa33db9a157105f102c71bdac60579070e9dd162186a7f5889b72b8a68f10,1,c5,c5,c5,c5
5515,0e29e5d858a469fab9009850a961789430fcc5b25f4fa19911433a58e9914ee3,1,c234,c234,c234,c234
5520,dc0af3587bb2141e8b83734f57bf01656cf96b8fdd0b2a79c93e0bef5670cd78,1,c5,c234,c234,c234
5524,52c7a88ca2d47c8514caef19866dea724834b053063085ac6751e39383990a63,1,c234,c234,c1,c1
5526,be10c9c538dda074a3f834cfc726630478989767f37fa776d8ca389767bf4522,1,c5,c5,c5,c5
5530,4bfb4679752d62715664511e21a072be1a76b7880625e1a55a3248f90a523a68,1,c5,c5,c1,c1
5531,25515e4cd434ab7980485c2a25936ee1072bb446338e89f486e8be6677120c87,1,c5,c1,c1,c1
5539,3197cd5989d3f0f3761dd866f857949784c2c70d4fd37313fc23881e2102834e,1,c1,c1,c1,c1
5546,925a555e51f6ea1ba1f4665061bb63273afea5d0487526d684745997463c56ea,1,c234,c5,c234,c234
5553,057d7647407d7a9551cef2bd8db5b5c8c346e28a7dfed7945a7ce76059943171,1,c5,c5,c1,c1
5562,9ad6836d95f2ea1beaaff575673fdd99e7d1413344e1c399f0309634b3ce673c,1,c1,c1,c5,c5
5563,a69965f7e73aed848ecdb6537b8179cc4ab3d4ecea865080130f079696db950c,1,c5,c234,c234,c234
5571,6cb893ba7563f0c77de7864dc42ea6774e6254c67a8f0cdcc03a61a8791f60eb,1,c1,c5,c5,c5
5588,fc5fd82e6d2fb043201ec8b8f1a8ae54dbdb7850f7d66334ce93e8905f018ec8,1,c5,c5,c234,c234
5600,67e2f5d0d2e7659560a7de9acae920ecbbdbad2489943b0240bbda7f4ca02c05,1,c1,c1,c1,c1
5621,599c26c13d4bda06ab79333a5aa86f888b7e84494fcdebdf4142371bfe52444c,1,c5,c234,c5,c5
5632,f676f76d5aae30d3ba6fd00ae89a6d10b7a1f3366c837cc388d1ae863263e8c9,1,c5,c234,c5,c5
5642,56c49157ef4ef0ef9170bd410f4bef79ef63900dfa08a684f1f01ec0d80e4c58,1,c234,c1,c234,c1
5644,2dad2fa8f967b33e73e07e68b131fb636c56ac3f2522fe9c2fb614773d8c8567,1,c1,c1,c1,c1
5646,952b937edd28f2bcefa7e178f02b681f7976f565331d597c8d8ee44e53c41113,1,c1,c5,c1,c1
5648,7e69936ff55c8e4c4cfe205e552404c28f9adb59888220bfebf5b439d51d8279,1,c234,c5,c5,c5
5675,85bcb5eec2043b9e20bc77e3ca3e69fe684c7a598c50b74b91b95683cbc7f081,1,c234,c234,c1,c1
5682,c18c81d06beef8bc7107e0cf85ceccf2ffae7cfea6fb1690d494789c5fe2f02e,1,c5,c234,c1,c1
5696,1d6114ccebf385fc64395a0404e95f0832f04576627984b7005116877164676d,1,c234,c5,c5,c5
5717,1df5a52944676aee1ba1d9ace52679072b4ccb9da8c68995aa187a7f642e473e,1,c1,c1,c1,c1
5719,97a54a88909cbc261871a14a0e21ee8d1d015b8577d2b9344a294d00dc3f2b1f,1,c1,c5,c5,c234
5724,b411c55bef30bb3c8cffc872ac53f674b90b6d272e79500827e7d90243743bbb,1,c5,c234,c5,c5
5725,284fb1737e308242c8b23399feb9b493184f3c07d5479d8e1209067ee15b85ad,1,c1,c5,c1,c1
5726,54e0d7b848b467903f1c3886e250da244406cdd90e793331d0d246bf442ff4b8,1,c1,c234,c1,c234
5727,931776037dba503cd38c6f602b6734518a8faede677bb554d7a7cfa0074209c0,1,c234,c1,c234,c5
5728,e07aa429dbf93b98b2d965df49477fc953ba079c014aea238d3107f04391b117,1,c234,c5,c1,c234
5733,cff8388965dd961e09bd3636a8e206cd2e760b04a1c1addeb593bf8c549d8cb2,1,c234,c234,c234,c234
5735,12c55ac719bdecc184d4e38c9fa48e2af058f18e4dca9896bfb77602afaecd2f,1,c234,c234,c5,c5
5739,3e9ec0dfaec4fbbc7068f9ebe1a1ac6f219eda89b606c7a70581174e9bd5d60a,1,c1,c234,c5,c5
5740,19e6bd427317b25a5b7dd63bd7ec98cff9778d3765c26d6ff974dcd7e3eaa4fc,1,c1,c234,c234,c234
5758,64b58551f75e6b36c02c138fdb68d1a11bdadd4047165c181f4242a25728c022,1,c5,c234,c1,c1
5762,a14b750d04612285ba828e43e6557b6db4d1314589f2c100924fd73f41951bc8,1,c5,c5,c234,c234
5770,10d848dab6d86980ebf4774f5f651f21002fc1afa80608c0c88cbfe3942e80b2,1,c234,c1,c234,c1
5782,73e2de6ff2315a0c72b7efcb4e0fdd6a809f057f5d4de652b32b6b14cbcc66fd,1,c5,c5,c234,c234
5793,ceb9e7b069fb4afe66de43b6daa8e2298f0e7fbf213fd15fa124a35fd6d06128,1,c1,c5,c5,c1
5803,5f38e6a72a09bd1151baa8db89420d6153e346268cded3efb7e5b71df5d7bf53,1,c1,c1,c234,c234
5811,997a6c6840eedc5ca83ae3a2b96c2830fe76f9d76da505d4aa4fbd7c343dd747,1,c1,c234,c5,c5
5815,f3061883011cbcc6bdd53b18d1f5fe803ae7bd1410168f3e214cdf4936e21b4c,1,c1,c1,c234,c5
5816,b29444da33f34e0e5f3e40c93adae8b9104db0c22917c37680ba97538644c24e,1,c234,c234,c234,c234
5821,1cd0345b1a51b70a14f7bb11cc4d6e36635c79bf06e28fb4241517b49f8ce6d7,1,c1,c234,c234,c234
5822,28d4eb3743dd10d4fd64b6dc74c4c877af0684ac451ea35459450f84b5c5e45b,1,c1,c234,c234,c234
5834,11060caaefa656d43373ab1d3e1ae433c33423a555fc9dccbd7e72022adddd09,1,c1,c234,c1,c1
5853,190916157fbbc90101e416e68adb61f2ff167d99800305c28298ce44159b8249,1,c5,c234,c234,c234
5861,dae10857fc1bf4c5d42dfbe879bb1828dad333b0af1622348370dab896235edd,1,c1,c5,c1,c1
5871,30a9840cdff4d6c3811447dc0add4c2d7551385908c1b77f7077d3bb6bcbaddd,1,c5,c1,c5,c5
5875,fec158e8759927f7784572db8d68e5634927a3bc565af801152a27736b637d8f,1,c5,c234,c234,c5
5876,43ef9c06bd2229f71729ad564dba9e3afe78880709e914a99185aa1994f85ea6,1,c5,c5,c5,c5
5881,dd3317aed43cb6e1ad7b55c9031e37c43b3a4aafe8e7b23aea824e40a78f56c2,1,c5,c5,c5,c5
5883,ed2bced0d59a8abdf3b35e2719e5171e8e2b11f6c7d008adda35ce70a529e25c,1,c234,c1,c5,c5
5886,cb2dced8fbf83d7622e11dee3138dc46dd9c84cf5861e528fe4fa912e1f3dc9f,1,c5,c234,c234,c5
5892,b63aced12eef476893b7d6cad9b2fd2345c9c1f13f27613ea6a7ce2540d6865a,1,c234,c5,c5,c5
5899,f90f75fd812e1d90ad8f2bde6be3ad8d7f359cda516f799961c763c27a8915ac,1,c234,c1,c1,c1
5902,01b3314e507d2c45b85b1277cbbd8026a17d66cfd82e741237440db94bb40f0e,1,c234,c5,c234,c1
5907,57e87f739592d1fac77be7cfa45c7937a705a67d2a5ea548109526d7dddf4e2c,1,c5,c5,c5,c5
5911,edcc942488501cfe1083a1eb9f8c14eb6c4c9e6f926c3a7c6c7827c3b5faa857,1,c1,c5,c5,c5
5921,00f684ac873cec57940b69b18614a59f451bdae55ad6a3387a02846e23128e2c,1,c1,c1,c234,c234
5927,5b4acf8ff54d06003f7388ff12120bfe20f5b6a6e0f4269cc391fb6e40832a5f,1,c5,c234,c234,c1
5934,5d55506aabc20e57ce0538e71b132b98428aebbb026671f6bbec309b9df0c38e,1,c5,c5,c5,c5
5941,b04d251836898e8d2da999f8958f62cb8ceed991c752099236d0aca8b27c85c5,1,c234,c5,c234,c234
5951,8da8c49a34667d37527b02c476fd771cfa1c8f014d623e8a13ea177c1777e8b8,1,c1,c234,c5,c5
5965,bbd1b4a03e0efb8bbc8ca0e61ea7e1496f4249f7ed96bc39f90b80845d184e9b,1,c1,c5,c5,c5
5966,4188500733738e6d7f554dd221d9590f13fe4c563d5a0322eff13f6b5c0dc7b4,1,c5,c234,c5,c5
5974,ae1fba79696cc4959435449022f3a37ee328114b41aba4ddaa32e96f57aa4b7d,1,c234,c5,c5,c5
5983,4e300390c64ee18734f585e24caaba3ade9296314714a828131a91b1001f8dd4,1,c234,c234,c1,c1
5991,9723c9cd094e79066ef1fccf4ee07be35eabeb59d1d89bcef6f00d5bd189db7c,1,c1,c5,c1,c1
5999,892359129324742d10c832851f6a46469ca3680698c920d73d770f3ec4470b2e,1,c5,c1,c234,c1
6000,db12f7b61f01614dced6965ca0a8d6c96d886b258ff5dc6eb719be04fef6c07a,1,c5,c5,c5,c5
6003,52e2e3bbc5fb4ca2657d01f5a5058910a6d5906e3ac02dc6402ce55be5125872,1,c1,c1,c1,c1
6004,55a04efd00651902eaf5d71915777ced8e692702f1d2800b15431636c39bde73,1,c5,c5,c234,c5
6021,11ee405c473178236b917c8df59c044fdfaa390b3974def20386f70b9511856e,1,c234,c5,c234,c234
6023,11dd30df13637f8c56be2916e752b8e048f2363da58a62f0340c01d0dec91b3c,1,c5,c5,c5,c5
6025,072880340581e0ad4c448214e469488ded6bb5a9ce56b442f3e98d384f3b0956,1,c5,c234,c234,c234
6030,2b8ac2a2c4b4ec506b0632ac2a5049747ea09c3ab4fa753a9a1b0b5eb8777152,1,c1,c234,c5,c5
6052,3a6e913f791315d5b833c982d641c5ff41992adfbdd19dfbc981aadfddf6bb75,1,c5,c1,c1,c1
6053,360df4b69fe2735ee4109b1829a48653b7b2222f092959784e5ecc56fd08cf5b,1,c234,c1,c234,c234
6058,82948eb4f24a528d6c0a984d13226c4e0e2ab07062d863ee56ef86bbfe7f112d,1,c1,c5,c234,c1
6071,a601b9e942130b8a0057163cdd2ea3cfd26d56eaa5077dac7969340afe15692a,1,c234,c1,c234,c234
6077,3e96840b35cf0d310f024c97a56a0048d751a988726214942237e1f2926ee978,1,c1,c5,c1,c1
6085,40c6f35d6047771456ed2a7f7ea362b987837ff60e53b600e7705e3e4826085e,1,c5,c5,c234,c234
6103,71ba1ce3e60f04ed67f02715c6d53d0906fe6c6d910f7553c197146422a467f6,1,c234,c234,c234,c234
6108,05612fdd464846440dd91236612244ad87ca65002ae03c1ee352740eda1585c1,1,c5,c5,c234,c5
6116,fa1388d58ea31344e874d93777f248d977a9f09e87a91f7429d54d6ec503ac3e,1,c234,c5,c5,c5
6125,5ccebbaa2f5ffa83805c5b46864e1dd45b05850d5f416adc298cbcbd695da97b,1,c234,c234,c1,c1
6135,2e56518759ce00183ed3c3f09ddc024656b8f1c160039c1359c11b63a9a52a72,1,c5,c5,c1,c1
6146,725c42aaae697859572c274777cf171632a4c429c9acf7536e5cf7723bdd1b9b,1,c5,c5,c234,c234
6150,81fc04fe0a90370b48929519cc7f96ce011aff48e11f360dea09ef6d25f1d84b,1,c234,c5,c1,c5
6151,38634fb84138f41b87607d94c37556ceb160c7be6afa46e494becf0a2a1702b8,1,c1,c1,c1,c1
6155,afb7573b78a6947cfc89d28a731ec6927b9cdd07ff8a6747ab7bae5d750f4977,1,c1,c5,c234,c5
6166,cbfd12f958c2899d64a7547aa5bb65be2454396eb603fa7a9a67edf50011e3d1,1,c5,c234,c5,c5
6168,b1d753ede40e4c54ca60027c576025e21c7f8287e14a45067f6c08d630c26a16,1,c5,c234,c234,c234
6181,42bd89c4d97b0a842a58fa6b4e1b92466d7d59d87edc6eabfbe9d8d5d2d7f036,1,c5,c5,c5,c5
6182,96c9eb0d9e4ad0b8aabf16f8d4a40e4dc6e6c72c225183ec65ccad18101b6efd,1,c1,c5,c234,c234
6192,9fab1478ab6444bf6f90143106da6f2451475208477cc59f0cd66834b52c491a,1,c5,c234,c234,c234
6193,c2110181a9726056dadcc399dcd8f9c9b760a4321bb649719340b2c3a7045cd2,1,c1,c234,c1,c234
6201,4b350fd9edc2e5cdb88e732c42697ec89f14a871e7ffea9479f2103408a2a278,1,c5,c234,c5,c5
6222,153f44d9d24973f8797813515f670d380c86c9bb103be55d7b02a01b3fc59aaf,1,c1,c1,c5,c5
6233,73c9b5b67cc5e128a290a803dcea4cd4e203ff55ba6cea992f8cb3d504d78e3d,1,c5,c5,c1,c5
6236,49d4542e9e10e5580e1edb049b816f4348aa5871ae1b451c05fde2e3998a90ba,1,c1,c1,c234,c234
6251,3481ab18e82a0355e40d4dab36d883ccb647e601abe6d08ac3a07bd7bf70954b,1,c1,c5,c5,c5
6254,fff533ee2748d6d7fa5f5125feb110375903e9b813a40007bf0e9bc49f72a728,1,c5,c5,c5,c5
6255,289ccfb07c830126f716be41d9948408ce88baeb5dc15eff0a85decf235c57a2,1,c5,c234,c5,c5
6258,ad1ab01be235ffbebef42ffc6b35db87891123429c704724d65fd64bb8c9154a,1,c234,c1,c1,c1
6269,58c12b48821f0a6c29c4085b1caec2b9a59e80ccd5451d4931908dc9a835b72d,1,c1,c234,c234,c234
6276,d1a022f6e51ab74d0c5b9bbd434695bb5c7739ff590654b0e679d467353ad686,1,c1,c234,c234,c234
6277,4d18a32c29cc1fddc98675cede4365407bb8f8d32d222f3de4446eca543be13b,1,c1,c234,c234,c1
6278,a03b4002b1751c19d51a0f8156f11185d873ea52bf41c441596ecbe28d81882a,1,c1,c5,c234,c234
6285,63722a38676d5197004888115cf73c480fc2963ce09fad5dab40f9fa31377533,1,c1,c234,c234,c234
6291,941e98623d8615c97824b050682190fe3849eaaafab9bc8bce40bc44bd33c015,1,c5,c5,c5,c5
6321,0a7166f264fb6b53ddae75ae4febdcb72d5e034054edd4af101e25d96064ca2b,1,c1,c1,c234,c234
6325,3c2bbcfe48feb35e0cd290d60158f19c1b356f54a73f81856b3c958856a70d7a,1,c1,c234,c1,c234
6326,eb0b05f4de855c65de4d9193e470417233c7ae26c317f63b3aabe0bcde5a2acc,1,c234,c1,c234,c234
6357,5c566081e4864227dcca169f7b61b4d6faedc3604a85de7ee6412eb5fd8fb5cb,1,c5,c5,c5,c5
6362,135a5c7238b39b89c9f57991cfa50b0da81f13bb4d80970d0f15f4744ffc1f87,1,c1,c5,c5,c5
6365,f1954bb5663b4b8bcc5ca12483883180d15f78626fcce43b1103da39205ec768,1,c5,c1,c5,c5
6369,a510a0bdf6a8f39bc00e24068645097dc609ba6009bbece8b91c8f7f7f92cd1f,1,c1,c1,c1,c5
6375,8d8e447d2e7b944ef9c697323f461b3e0601cdff62813d3ec6677b2f6f43395d,1,c1,c5,c234,c1
6376,2d073dbb0728c3998a312418af652cba4ff892fc5a5ea48e92cef0b75cb2f4bb,1,c1,c5,c1,c1
6377,9aca9443012b33ca32354c754dcb1927bd5c80b83cfe4f10ecd4304930cfe284,1,c5,c5,c5,c5
6389,1e5ccbb576f239671a14e75f9cfb3d1a6b19b27c1f753a2ab6a6bec9b41ce6d7,1,c5,c1,c1,c1
6398,55d1c0798497414bde5e9e47bb2855af2122b2f18101b5e0004a4d55e4935caa,1,c1,c1,c5,c5
6410,75d44df4fef87e6267efe032687df79f58d912cdd3731aea826e6d5844c23a1e,1,c234,c234,c234,c234
6411,83aa77227dcd8b803ad133133490d435bf11f3c3e305c1ce37465fcddc5fe2fc,1,c5,c5,c234,c234
6427,c56d50787b4f9a02880efd5c18e166084c0fdeed5428e312577dce039089997c,1,c234,c1,c5,c234
6429,d92f591a796a034ad4cd65a166a0c50a822a17d8c5433b1bbed7cfb32de0092d,1,c5,c5,c5,c5
6431,e170a012c89c5633ea5aa89fb7697ee9125e460b6832aba238bdc159244299b1,1,c5,c5,c5,c5
6438,b0b17907c071f9af048acbd17fbb10024ac1207938ee11f909dcd213dce7abe3,1,c5,c234,c5,c5
6453,a6f263f6b0e83ef9cd5787a10b913352be31dca0f67ab0116a1a7974371e196b,1,c234,c5,c234,c234
6460,1c85286aad14f9157d8db6d14034b46c1ec53a0bb8bcd80139cbe2fdf6f519f5,1,c234,c5,c234,c234
6485,09bf05489d80d8a061eeed637b0539f6d8db365ea83834ef79fb108859f2aafe,1,c5,c234,c234,c234
6494,0004352ab3c51ebfa63e9c21ddb6e0e7fd93a1c7c15d99d4f96c545ec1ae5065,1,c234,c5,c234,c234
6507,45037fcf4a8079b757b5baa95750e871c06585e661d505133d1eba2d643e37a2,1,c234,c5,c1,c234
6508,06d818f86804cf48ee9f8e104ba09658386e414462af8728778113b2bd11b38e,1,c234,c5,c5,c5
6517,05e8d5fd0625148af4e69875b2df729b513a47ef70160e4d75ce76dcb7b230f1,1,c5,c5,c5,c5
6523,ca9068960ef97a828b13d3fb0a7463c1d4185f350cf20ed9b56ce053fd89a3ef,1,c234,c5,c1,c234
6531,4c5ccdc61961c9e6cb6c212d822eb040a35a4542d6c6cbab8daeafdb8ee94cb1,1,c1,c5,c5,c5
6543,e77ad6962c58ebb886fe6b3276a1919ab9cd9b1ea7c7fe88c5482ad715a4485e,1,c5,c1,c234,c234
6544,80f00dee61a8470624ff957c45b0ea0694637baea5ddb8e90592ccc62290d344,1,c1,c234,c5,c5
6549,eb4e8cddf03a3d6b77ac6dc2edd445945a9dbfba4e6ac2f426db63630360ae91,1,c234,c1,c1,c234
6580,b8aaf74293fc206fb4a9f8f845291010cb52d9ca03706d2b319fcff3cebbb0a7,1,c234,c5,c5,c5
6581,e592cda07a0a3b09443931e33352995df49acbea2ce0eec04d8fd0613d7a279d,1,c5,c5,c5,c5
6582,a1b472ede60132f3440d72cfa050473803f0fde5d106dd42e2b1d6c28ac6fb94,1,c234,c234,c234,c234
6583,d0b508a7f6ec2ea00678d0d38d9dd48b1a656dd00a0bd5d2fe573e941a890b90,1,c1,c5,c1,c1
6585,33411cbdc3c01d7a83dac4f74989b943eac3d9604c924d5fd5fe6d4849131a57,1,c5,c1,c234,c234
6590,160f4c07075561179a5f0c7d3ce9316a21def45c2cf2394724352259ba98630a,1,c1,c1,c5,c5
6591,c179906c4fd084231f2527acb97c0476fc188bac5585398c2ca973bd524f6b83,1,c234,c1,c5,c234
6595,931776037dba503cd38c6f602b6734518a8faede677bb554d7a7cfa0074209c0,1,c1,c1,c234,c5
6600,93e3297aca33dcadb3d468be16e7d0ff36f60b04ee3033e9e82bb4642fa45944,1,c5,c1,c5,c5
6611,4aafc7e45c7795ceb7bc8e2fd4b7b792e24fd793f27c059a6a7c752068cfca97,1,c234,c5,c1,c1
6612,5468b21a92d64d1e9b6345165672dd7c0f4899d67ba5d0e79a7839c3a5d79977,1,c1,c5,c1,c234
6621,3acf257ae96a72a6981a0075193bd3cb6fdab373059b0ac0cb6296a9ffb62353,1,c1,c234,c234,c234
6631,037bea975a3ba432bf8a686ff4bb6c896a16000fd1b98612bfb2c122db65b085,1,c5,c234,c234,c234
6638,edcc942488501cfe1083a1eb9f8c14eb6c4c9e6f926c3a7c6c7827c3b5faa857,1,c5,c5,c5,c5
6639,5c566081e4864227dcca169f7b61b4d6faedc3604a85de7ee6412eb5fd8fb5cb,1,c234,c5,c5,c5
6659,21b079b15dd244e2c8f5292def5a06f53761ffc39bd7c7a9c52e2fc8b749dab7,1,c5,c5,c234,c5
6660,ad8f3aa8709a8500ab9a4c25e930b3307e6125ad200d0d418c5298cb1ee4cfe8,1,c234,c5,c1,c5
6670,3532a2dfd1fe1df5abcad31f0580f955878a40973f98da33097c3a6967787e39,1,c234,c1,c234,c234
6674,0378c9260ffa68936d2f6b0780ef6e30b9083bd0da13dfda2558ad65be576807,1,c234,c234,c234,c234
6679,f80a2731f58c2f29d308535c7791172615fb3639a77df0b245904434190c9039,1,c1,c234,c1,c1
6685,23266b084fb9a1f5ad53290ae0c08de476348002053456894e97972ba2671baf,1,c234,c234,c234,c234
6687,143b27dab54b3c901e074e59597a691feac73a7c25a357f7e4eae3d54c5c09e6,1,c234,c1,c1,c1
6692,ceff876c59c259974cf9e5a4e80de3329d9bbe185a695d09e3e729067973bdab,1,c234,c5,c1,c1
6697,86966f5d5a8bcaf3e6c72d8ffae750770974f6bf00277148a7606686ac777a10,1,c5,c1,c5,c5
6700,1dc9f135ec6089b5c1e2007063fdfa7a514d6a5490de92b9ca97c5dcae5a947d,1,c5,c234,c1,c1
6709,97e52818e2439379e623bea9e0c40f908279cc01fcd131034a7457097020d45b,1,c5,c234,c5,c5
6710,c3c45c306b09db795fa037fc8d7b2483b2d56bbfaef2f9814ef17dfaa0c44295,1,c1,c5,c5,c5
6711,0195257fec1ff581b5cce585b80b17acd2972e15011c9595fbd17048ab522152,1,c1,c5,c1,c1
6713,ac56cc86ec5ee3dafe4c2879726ef49ec7d7c54e2a6b56f1689b5c21417aa701,1,c234,c5,c5,c5
6721,0c5222a9457ae2fe0cddff615b1fa50158ab31f1237e0a7ca43db206f5a5eef6,1,c5,c5,c234,c234
6723,e8f8aa1465e9b78a4eeddc4ff48789a14bbb3fda18be72d9367841139ace5b9b,1,c5,c234,c5,c5
6729,edcc942488501cfe1083a1eb9f8c14eb6c4c9e6f926c3a7c6c7827c3b5faa857,1,c5,c5,c5,c5
6733,ef5a497d24085a5a3044203662c38648b7111c80774c70793436666af9639cd0,1,c234,c234,c1,c5
6736,fdbdc6f595e36ffa5d4d86749ebd3dd922b30f716f968d67a77baf48fd65d348,1,c5,c5,c1,c234
6750,263c7f8a6737d54d555a340ab88066e1919d747737061853220ff48bcacab3df,1,c1,c234,c234,c1
6751,13641d27ae75d55502988c54c3cedd96ab65180c6f017bff41df6e095b66545c,1,c1,c5,c234,c234
6760,e398adf33e66c7634bf0c0ea18b8346cd1dbe1fca8f2b40426cdd7f1f895ee14,1,c234,c234,c234,c234
6763,7098e4b097a852c4ab36931ffd4977ca6e14afdaf09e9602cb78ee574d7ff1a8,1,c234,c5,c1,c5
6771,2993a31b63c78483bd82c12c14a80b89e2c0bc154d4b6dfec46442101147219f,1,c5,c234,c5,c5
6780,276977bc9ddaeaac1e93190361bde4102dcf493e925ac7cf6795949f263c50a7,1,c1,c5,c234,c5
6781,79b19f9745dfece8f5c16f87b174dd3abf1a547883dbad7a80566156e49f1f30,1,c234,c5,c5,c5
6782,50c7387e7110b1dc6a44ebb200a6145d49824150ce3eb2cc9c829c68e34fe472,1,c5,c5,c5,c5
6786,499ec7f12c6a5c4b75f615765c2d8bcc07f9369eee4760f05b844c9fcf23b841,1,c5,c5,c234,c5
6806,1a4196dd7108b16ba9fdf08cb270b7fa34deeda4d1b0e2712a9afaafe1d1c852,1,c5,c234,c234,c234
6808,99e1cef65ee56ff51156f746346bff48ab25b8c1373860d69b848368ba4aeb30,1,c234,c5,c5,c5
6818,2a22d78bb2ea6c19429540dc7c04e2aa54a5ee3ea1c66ebbe8ed3a463b058f78,1,c234,c234,c5,c5
6822,23d10937c899302736fea48006752537a4553de8f0661a32ffef13d2aa5e4a5f,1,c5,c1,c5,c5
6831,a88ccb805e3a7b2b8d776b85daef28c417e473b42f6f5422b8c0f327046070eb,1,c234,c1,c1,c5
6841,931776037dba503cd38c6f602b6734518a8faede677bb554d7a7cfa0074209c0,1,c1,c1,c234,c5
6843,ebc32cd037304d9dbebab07298e4d5a490b0e20ac02265f0e4acfeb3b0f173a3,1,c234,c5,c5,c5
6844,798f06ba59e7b41763b66f3d0aa20ac7d0158f383a08cb8afd806f855349f401,1,c234,c5,c234,c234
6865,82d5ac0c50f93201adf8619a4d982a24ae9e0c82ef0cb0bb477d8ae8fe4d591e,1,c234,c1,c5,c5
6873,9b79efcb6b804b650b4d25e8b108f0190bbc3c34602a187572995c35ea90ee9c,1,c5,c1,c5,c5
6886,e29d04a92061387568146200baa0d7b76352e8b1e410b30faacfb10696b6e52f,1,c5,c1,c1,c234
6892,89da683edf06435613d0f1f96a9e1e28dd88fa8878e236a51246969b638c51e9,1,c5,c5,c5,c5
6896,df4bc2681b18902acc135aa3cf5ccc3327fe40f197d638b5017065c78ea34b3c,1,c1,c1,c5,c1
6902,8b0160c17d82a8f6ee3c1445aa1559fa076cc0b5fd97ed889b274e32c44ea412,1,c234,c1,c1,c1
6907,931776037dba503cd38c6f602b6734518a8faede677bb554d7a7cfa0074209c0,1,c1,c1,c234,c5
6918,1b23bb02e9c23758723a8454283807edb98a500f47c0ca47995e6ab7ef5a6059,1,c1,c234,c234,c234
6922,f82d0cf82b363b06e85c1447f7aec0f62ee003c72176df89166d0fab4c3ea463,1,c234,c234,c5,c5
6931,23a578dc25032d860a61bb0f0ff56a5f486cca2d1ddf2bd10b495459ffb22d80,1,c234,c5,c234,c234
6932,8fc9618c80bd94cf77e3ff9103c51d5f96384605aef4c9564feeedffd64647fe,1,c234,c234,c234,c234
6942,29ebb723ef97f132e923136a1dd16772cf252e7b1bf613694909d1b1e010e874,1,c5,c5,c234,c234
6945,0f4310c1a48b51a49c3cbcc0362f830aaec110f57d487fe6c0d554426663df75,1,c234,c234,c5,c5
6947,981656caf564778f0199e006d2a2b1648ecc3279d84c63e0524328851b35b33f,1,c1,c5,c5,c5
6951,49ac6be24ecc7094cef8aa28c387582581d12939cf48a4509ca19218bf7a1740,1,c234,c5,c234,c234
6953,d5160194cfabe006b42c8f4b12e086d52844c38d5e012961b8f3c3f4d74d113e,1,c5,c5,c234,c234
6954,0a213394a8d9b7133aeb1f672c6edb10261d69295b53b6f9f992783338d9ad6c,1,c5,c234,c5,c5
6955,8d46defa353dfdb7a0e326570f9b678ccc14988704105246b6dcaaf94b0d0487,1,c1,c5,c234,c234
6960,41ff9e7dfe6839c35e95e1c1399bb88b56e9e4f4062d45550eb40459aa9dc063,1,c234,c1,c234,c5
6965,eb8c37c85876443ee44b33c88accfa14d9d1b482e32644ebe8b0c37688a89ee8,1,c5,c1,c5,c5
6980,9b434a55de2a84f6fce08bf1e45efe94f1cb855277d035f28218251e2d1495d8,1,c1,c5,c1,c5
6982,2abc8b82cb2f198c0cf37041c65787d16d1d64d4d9339d0b57f63a3996f3f069,1,c5,c1,c234,c1
6991,6188a600fa6417cbbd893d4a114935b721389bbbb320d31e1bef634468b21228,1,c234,c234,c234,c234
6993,182d56685887f4e3c4a0f72818727b309ded589bc3ec6a201bea4cafca56a7d2,1,c1,c234,c234,c234
6995,e8219bda14e1fa2885e59e14558bb062c8b0caab482def7efc252ae9c9fca56a,1,c1,c5,c234,c234
7000,fb1ff7ac7f9a879d68d0060b4dea212c6ac8ab5e230a15a079d7892325f72327,1,c5,c234,c234,c234
7018,c314009a234e1b9edd630cb4a5aa4cba3f7f250debc1191380e71b1103e0e25e,1,c234,c5,c234,c234
7032,f2558be2e09777f96d9fea7e3819702fbefff8bd09c61338b8af6b862b7e94ee,1,c1,c5,c1,c1
7035,a1e855e5e8ef7269947aaddd11dad0d15c9ddf3788612f00e7669705ea4a0012,1,c1,c1,c1,c1
7050,94677de38acfc346b0eaf196a04da6b2c73d33516265380c3bb46b7e3f212811,1,c1,c234,c5,c5
7057,54ed7379c86636e74d8d2f398e8dbcd88271ff3cdf3f316733c4f97f409ca902,1,c5,c5,c5,c5
7058,a3ebc5edf6e80c6db4d5cc1ddd166d8d6d5e2e24280da2461b9433053cc2cc81,1,c234,c234,c5,c5
7070,8fd2cc45ff97ef167729e19409e07718fbbdfbda5128c44f9fdf95b1baaaa891,1,c234,c5,c5,c5
7071,d1087306859cc2886dc260c9119c2d6ab6ddc6c6cc9794b0fa419b35f65b6941,1,c1,c5,c234,c234
7092,27f1cec7081cce390c74aaca1e858970d9c15c2776bada318be16874284866ac,1,c5,c234,c5,c234
7099,0c4574b5de4b310d44637c4e29de53a9ce433cac80fc642e7eadf4e0ae6cfb5c,1,c1,c1,c1,c5
7105,b6b590ed5147a886dd914c738d8812e239d24160c6c58a8dd51b5a557d1e4971,1,c234,c1,c234,c234
7107,9869b5698701477586d204e89d7826bde90e391e8f41c62b82b006bae769cdba,1,c5,c5,c234,c5
7110,2927b380eeef9f15adf1b6eef09b458613bed4fdfdff8698feafb43b45714a6b,1,c5,c5,c1,c5
7117,ba405e5980f7216b0bf16c1cb3adc42c6e42692bbf588adb5b033f7bc3fddf45,1,c234,c5,c1,c1
7131,bf13afb8c6841cf4830e66a40946c43eba087d3733eb47aa56bc2ca00e1bc4cb,1,c1,c234,c234,c234
7133,2b164191de9cbc273ef08bf3098edb1c64292b466f714f538c2318884641b043,1,c5,c234,c5,c5
7139,3679ec04871754d1e3d9ba707cf5fd8d3c8f097cbe01ba99e191f99e417a63bf,1,c1,c1,c1,c234
7143,34949846776f20f36833130e099d5cb99b681cbb757c6c87e95a3179899817f6,1,c5,c234,c234,c234
7158,1f557cf1e58c227a8df620418c5f6fef56b1efdc61f9591cfceb27b4f9064ecc,1,c1,c234,c234,c234
7162,ebe67ce01d678047ad791de326f33c19857bf8ee487b43dec42434e58abd4953,1,c1,c5,c5,c5
7183,6ee486f840dcc6aafa249375f6dd8870c7c131ed6ae12e3ec43154d3a271fa00,1,c234,c234,c234,c234
7195,966eeea5baa3fdce3ef8941550d32e59ec51ca1c0b416ffbadd1c810e53cf251,1,c1,c5,c234,c234
7198,a9415726beb123f920e18da92eb5ec11fbf079e29da3208558e90762a7bfdcac,1,c5,c5,c5,c5
7207,f8fcd10030cbb111725652afaf428338bb92a2e50913e3f344d5ab6bb18996c9,1,c234,c234,c1,c1
7213,6f4bf857bccf64aa6ad6d9cbd4bb0cb70695258088731fe9912ffe8b813f9e11,1,c5,c1,c1,c1
7217,b1bdecee9d6318dde93d89cfe66c57bfb5901bf01b1f1b723f3f752bb1b8906a,1,c1,c1,c1,c1
7218,f1a9ce2aedb8024022eca7147afc5549e2e4b742f0a2a28c0c984251d1576c12,1,c5,c5,c234,c234
7219,7a7be24c7e9169b95d23db748359f00e926c9b9d6e25177920a6a3b99c7d6f9b,1,c234,c5,c5,c5
7224,a194e2d5155249db85437e8cf1fa23020dcefd1dc3db7d78d9f6fedfe6b14da4,1,c1,c5,c1,c5
7248,3be4edd413041c6cce1c3bb9e14621815bf1d1112a011f1419fa746f8d934fb2,1,c1,c234,c234,c234
7257,d558cc227f5ae6e8f309f9de7499be336a9723e15e159c4e53752bd00971df32,1,c5,c234,c5,c5
7276,55d1c0798497414bde5e9e47bb2855af2122b2f18101b5e0004a4d55e4935caa,1,c5,c1,c5,c5
7279,39a0059ce4f0db496fe67d6c6cdb2abc3f5907dd3cf4d017312ae96e18990d04,1,c5,c1,c1,c1
7281,a4509a7d305cfd3a2d945e4cd4795a1ca88d6a476f25ebabe3491b493accb2f7,1,c5,c5,c5,c234
7298,5c566081e4864227dcca169f7b61b4d6faedc3604a85de7ee6412eb5fd8fb5cb,1,c5,c5,c5,c5
7300,b2eb1d0b09c08654f9a8c232b1b8965648e6111ef719a667b4c3864db8bca26b,1,c5,c5,c1,c5
7301,a9dda319a123fce17410d9cb5abe0cc329269ee4643aef37d9c051c9be628ac6,1,c1,c234,c234,c234
7302,baf7306b9b49923b8f285e7f38cf946e09f2628a76a1cd9dfea95d10107332e1,1,c234,c1,c5,c234
7304,a818745f197001bf13666c5d692735b4671765bfc34da784210db1b435c0d9fb,1,c5,c234,c1,c234
7334,e807f3e664d6ae799880b250a5794254b75024ab0bae7d15234c453e3cd4463e,1,c234,c5,c5,c5
7341,44b6f52493dd221337eb44bda54f58922e959f434e17c4a4555ebb34d7187ea2,1,c234,c234,c5,c5
7354,a420d8f53b34c95efe37617e020d05fbebe74811d94cdf9596969ffb47aa0d37,1,c234,c5,c1,c234
7360,fdc5f87092e390a375d4f62a5acacb7e5f07a0c0ff0273d1627a2f88cb373359,1,c5,c5,c5,c5
7374,102423fe67a3e9d72e952824430bc409ddd1964ae0f5eb2f42511ed6eefbde99,1,c5,c1,c234,c5
7394,35f6f8b9c09960d8d5adb4bd6ca36909f734610e0aade403562212eaa21ebcec,1,c1,c234,c1,c1
7404,58bbe73bcef2132e469464914be6c1a2f3490e59ccc013ecda27b2b96be78847,1,c5,c5,c5,c5
7411,e71336fe08f1bd36458ec3eb13f69560285ce22456d8036fba3a493e006853dd,1,c1,c5,c234,c234
7422,c660bc13d66d92f6b61999f21df02f187701cea9962856415d7e7bf6b58bbf47,1,c1,c1,c234,c234
7442,047316cc276a74c6922a159a1cdf9d5a00fdf37062192551041830138a0db663,1,c1,c5,c5,c5
7443,37e6d8702b3faa4392af14d5c51d66d1a50d043a9ff9bfd2136c7d7274636572,1,c5,c5,c1,c1
7454,d47b40989995f11eb17e1ab94ade67d8e32fd4128540c0fd3a74087053a55bbe,1,c1,c1,c234,c234
7471,bc95d147e54b465a5e3e860b93bac5f3a56f38cb28dc48a53a6de4f5a9662de4,1,c234,c5,c5,c5
7477,31d9b548e8ba0d463e9dca713085282069add9313d51ac89e06edbd499675314,1,c234,c5,c234,c234
7495,c5d0d4c83914567b25a43b67d5e363b99062fac7d1ce43039b7aedceefe8e388,1,c1,c5,c234,c234
7522,146814dd572fec31e62789b52e8abc486887e9850c68b366405b4c54487ba35a,1,c1,c234,c5,c5
7535,18e5694e6f7ff69ac1489872a2cc9f818253307ac3b8bef1efd96297476ef505,1,c234,c1,c1,c1
7538,85bcb5eec2043b9e20bc77e3ca3e69fe684c7a598c50b74b91b95683cbc7f081,1,c1,c234,c1,c1
7539,bb86a5fa3e3a25ee4b7eb5307f13c0eb63d906ecfaf8f2ad032d819cca72430b,1,c5,c5,c234,c5
7541,0f5c21809674e272e5b4b1eeb8e7df4a708f5e53c158c16932bc3df3a93c4766,1,c1,c5,c5,c5
7542,3d1a2c6bc2d133751a11c8267fdfc7c2bb65c01f6220f32e6528a3fdcb0fd56e,1,c234,c234,c234,c234
7554,94677de38acfc346b0eaf196a04da6b2c73d33516265380c3bb46b7e3f212811,1,c1,c234,c5,c5
7557,e225473245ea4dfb86f36366d167e69a1df636324a78c46f53a9181f5a2938c6,1,c234,c5,c1,c1
7559,97fba7ac2a966668ce506778ed7fcea7763452dd8eaa35404ef9dacb55ed3665,1,c5,c5,c5,c5
7579,20fad3d59df9985a4958ab126210987e15c7ec34c502105c2309ba815b49e9b1,1,c234,c234,c5,c5
7594,bdd3c9408c1e3d8cb4b65d4a6e74438bce27fc397e9b7896bfe04c0e9e654d05,1,c5,c5,c5,c5
7601,449082aea084a437f7cc15c79aa8f3b4d061818f55f155eb1b341b668a9017f0,1,c5,c234,c1,c1
7608,9e25cb004d6a3c660a786976dac47f41b28414924cddd9761aa03993274435f0,1,c1,c234,c234,c234
7617,0bb29b8216170f98ade0e70fc9043a7465b0db277157ccd248b13dc2c41fdb3b,1,c234,c234,c5,c5
7618,686f4d60f991c5ef22eb502f36661dcda6a5209bee77fd01669f68e4f768c2f5,1,c234,c5,c234,c234
7639,b5ff166de72b73f1311e2fb2ebb349c29c5ef6d053fb698b36a270eb76fecf1d,1,c234,c234,c5,c5
7644,70e0e966dfb63908e3b18a7c12570074d729b8710888ceaae9693181ee9b6a0e,1,c5,c5,c5,c5
7646,bcf57e3139cb3f5f0e733f1fecbd6546fdc2dd2a57179c0b4ac5cfefd5a35277,1,c1,c5,c234,c1
7656,cd7e018b09333d51122be1499186454c7bf9d2b112199fb76486b11ea653eddf,1,c234,c5,c1,c5
7657,8b127aa15883baf83c61bed8ef8089eb920e0b8494a34e5738ec1ecef1d3e690,1,c5,c5,c5,c1
7671,a6ac6e9fc78696cac8e8c0d6b5240c07c7821057ad1c15f179d02b8134ac3f1e,1,c1,c1,c1,c1
7686,5484b0204a4f49eac2dc1c48745c2265acaa313d8ee5ebf80f9e85aaea01248c,1,c234,c5,c5,c5
7690,781613be3f717b18492d101fc6a437bbdb3d30bddc655fe483ed498ee098a86b,1,c5,c1,c1,c5
7698,340f2db0506597e7a69750ec3a7123cccb7b86ef5827c0d843917bdf0c9da650,1,c5,c5,c5,c5
7705,6df288077336304d9e8350451c23d6473442ff875a6abcc2edb85c49a74313c5,1,c5,c5,c5,c1
7733,55d1c0798497414bde5e9e47bb2855af2122b2f18101b5e0004a4d55e4935caa,1,c1,c1,c5,c5
7741,e4cf64f2fdc9f6553ba49f4d603616ff717ec505bf4d6d0159a5aaccbf355388,1,c1,c234,c234,c234
7750,ea3519efe5d9af7f301a29ead18d73ee00a6e7a5887a2a2f0773bfcd19b81028,1,c5,c5,c5,c5
7756,883eece77242fd8353de41e9304e9f938b69de6997349b41fb9822995d4665d0,1,c1,c5,c234,c5
7762,1056fc739133449376dca02f4b5d6e157edd5573ad9c9799bf4dd17a8aeb7430,1,c5,c5,c5,c5
7765,1ec76bffc1a9c8343fe3e28471da75f8cf633243400168a10f95c34681e30b2b,1,c234,c5,c5,c5
7767,581dc8f56baeef4c50156ee08a7985b36045583a45b1962ba6eaef21dada7989,1,c5,c5,c5,c234
7818,e0a7a0020dc792c27f567b3973453aca37f21e1d12a15313a03c1b3a86aeade0,1,c5,c234,c234,c234
7826,3c3ffb22fb3d7f1208644100368848e20526bc7616e52c0c974bc560bcf8e135,1,c234,c1,c234,c234
7830,f12485c9f169d4215463f4dc194c2a76fb209e7bd173b9c8c3685e2883e21573,1,c234,c234,c234,c234
7835,b370e1ae314c6d152ea668578f97cd92aeb3e3ef660de51fdc8f47bea98900e3,1,c5,c5,c5,c5
7837,b743df318a759f160b923e34b5178da3ce1b3e437b6a24b406ff64f8723bfbb7,1,c234,c1,c5,c1
7838,6ccf2a04d7976eb2bb7b4f4988c1a0b2910f128c9d894015420ea57b74642bff,1,c234,c234,c234,c5
7843,4b4ad5dddba63042ae02ad844bde49947b955c840dbd191acec9ccfa9f4169f2,1,c1,c234,c5,c5
7854,b2a51fa4ea2a1cc8332b294c5c9971ecfbba9f9c92ea72944c36848d0865a8ea,1,c1,c234,c234,c234
7855,7df6c70b28de4a43908ee45189008cde3e74ae9f3a74a5a6d762b0b4a0220981,1,c5,c234,c1,c1
7868,87515bea1114d7bad7a43cc3fa143ee6fa025ece37f9b62c2f0940172ba90f85,1,c1,c1,c5,c234
7875,bd262ba0bfd5930fd63d05fa3257022172658029c5293594af9d1cc55d7aaf90,1,c234,c5,c5,c5
7878,240bd35e0c72182628762b88c25ef14a8067c0dfe9bb9282d5f411eb166db226,1,c234,c234,c234,c234
7885,010d4180412513ed50a91b19af5e3c8b7488ff7c82cf6873adbdbd5f49f36ba5,1,c234,c234,c234,c234
7905,cd0a84a373e820f3fbaf6ce753a028228d691338d18e2eb67813827e5aba9678,1,c1,c234,c234,c234
7906,2fd0670968a66a2af81a947d98894e93cff2c3e61514a4b593af8235ea171836,1,c5,c1,c5,c5
7938,25cf7cd0b47bbad67e8e31a6c1b2ff16b0843b147eebd7fd06615af6be6a646f,1,c234,c1,c5,c5
7943,7e1a2906828155cebf80285c325cb0aaba57544d6eef15e6740b8d43ed848c6f,1,c234,c234,c234,c234
7944,4ac2799d3f473f28e002a7575f3196caa8d782e37c6421452ad6c758787b9b7d,1,c5,c234,c5,c5
7955,0864ec44c06d3f35e3567bb50238307f41a542bae53ed107326578e73761a6fe,1,c5,c5,c5,c5
7958,5dd678f5ea10c22caf94e30242c605084f81872db3a4199eee257db2be16f267,1,c234,c1,c1,c1
7962,227ad242dbe6686431f76c0231eff1951f69fb706308725ce4a02e8720bb088f,1,c234,c1,c1,c1
7965,21749a7b7ef9a404ef0b066f5032d02b35e63be0b9e4af45e33cc5db8239ee1d,1,c5,c234,c234,c1
7968,278dd74efc06a4a7562c94b8ad09c53745b20bf7f15a3d5f65cadd1fa3671cbd,1,c5,c1,c1,c1
7969,032b56c88560affba60f49fb3bf15f3d2632fdffc3f236b84723818167d2c968,1,c1,c5,c234,c234
7981,1b5b066fceb2cd8b186d9e2e6c559619921652f474c269d1d340c80a6e73a346,1,c234,c234,c5,c5
7986,dd3cb68aae62f5b0b16244c749ba2bed96c5a2dc9275b011177e3abf50bb2f7d,1,c234,c1,c234,c234
7989,96df454352cb1299d15f86e3250ac2682d7c7132e48df6df84d628f09621647c,1,c1,c234,c5,c5
7993,7b7d66b0accebc8fddf05c8049d149d75e821a2f526dc784e966eb2d0775b2f7,1,c234,c1,c234,c234
8008,3d94ad839a9f18f0996a14c0c5ca8ebcc9dc067eeee55b8410ffc6aa9b9da7ac,1,c234,c5,c1,c1
8012,1ed5121a61106ca09456bc47d79a8a15865ad4de0647d22a9f1a05d54932dac8,1,c5,c5,c234,c5
8013,d00fe1ee657dff53a819b1df915114278d5bde633e8b1118cace899c951418d5,1,c1,c234,c234,c234
8052,a6a32f4fa6e52c4dddcbbdf5e788ae0c89fa90713177ff4dd7b084382153f641,1,c1,c5,c5,c5
8053,5c566081e4864227dcca169f7b61b4d6faedc3604a85de7ee6412eb5fd8fb5cb,1,c1,c5,c5,c5
8058,25cf7cd0b47bbad67e8e31a6c1b2ff16b0843b147eebd7fd06615af6be6a646f,1,c5,c1,c5,c5
8065,bc49e844d5fcad944c132d873542d3c2f630a314f484e9346b48f9b5fde410b2,1,c5,c234,c5,c5
8067,53460be2de35b879a5aa1991e316591de38debb5b653789996d7fa0c16cd9c30,1,c5,c5,c5,c5
8071,8a842d704eb402ed49cd7089c875dc9b6b5acaf5a14380e9711e09568987f280,1,c234,c1,c1,c1
8072,a088c9a06a32083c350d8e0852bca315800d6f13ccae40082409d71538c59481,1,c234,c5,c234,c234
8090,ada3ec450ccb85ae0ea6559ad280b830e328a457556e49690895d3581fe67a13,1,c5,c5,c234,c234
8101,3b53ce817ba888c14c1e9a45f58c18acd754f5a4c2f1c6a6b76d0d7754eede36,1,c5,c234,c234,c234
8105,60e6b6bc2a9d6b6311095991071f067a183b2d071aa95acf8058b8e331b58bbe,1,c1,c234,c5,c1
8114,b0f14d941655f0c9906fcdf09bf80bcf714b4aac5c67aa3de63f80f998e838f5,1,c1,c234,c1,c234
8116,7066046b72bd1f6a89225b3e03978b338b8bf8bd3a24d2ce8c670c0f53f187b6,1,c234,c5,c5,c5
8120,6fa08dbffea33923d63fc275235d102c5a584f5e07c7af2610a1a15418cd7d62,1,c5,c1,c234,c234
8132,b38efae3582a14517b90d0aa34faec59e09170e78e1197b533bc276e309e671a,1,c5,c5,c5,c5
8139,edf64042af41a31944a3f025ac309e9abecd38b675e593a916f0bd5afa860d8e,1,c234,c1,c5,c5
8146,681fa72c87e9fb6b9f36131fd57071ee55436c88fdf1fceba57f9d5aa34c3a62,1,c5,c5,c5,c5
8174,78b23a76b44b5e4154d6bb1d2f0c98ddb08c51c49048ea967459ebe8d18aa477,1,c5,c5,c5,c5
8198,aa5911ad687ba501f66cab7355304d1e64b3efdab1237932e2f1f1ddd7ba677f,1,c234,c234,c5,c5
8206,936a3f938d6f70af3d57056be11b3ab0ce755a55b739e32f698f79b5534c1d44,1,c5,c5,c234,c234
8209,287edcd4e493117c4300054aa33f7f8beee037919eadd28eb9e9b4eb28245f62,1,c1,c5,c234,c234
8213,25e71933bd1ebfd7605c5307ef3669d9167970b8faed3e214a19b90218e08401,1,c234,c5,c234,c5
8214,ecc4cb70ed9b6bd3e5ceba4961bd64a8b0744eae5d93d2668d29e95def1f99e5,1,c1,c1,c234,c5
8225,3f0a96a97ade3f48dd2a25baa41b815365dd13357739a6f05ecc49f36ceb319e,1,c234,c1,c1,c234
8232,32406e0f33789e531e200a2e60119ba3f00aeaab4b40c0ea8938cf286e853074,1,c5,c5,c234,c5
8247,35df2a9c13a88fd1158e0456dec69c3249d1f70f710288683add1af8529e829e,1,c5,c234,c234,c234
8249,7793a17e2b2bfcee9fd4b7cd49abdab2ba8c13823808ea34c18c6f886e73792f,1,c234,c234,c234,c234
8251,2432145d4ce808801b43128b6762cbcfb8e3415dc657614882939ee53553f305,1,c234,c5,c5,c5
8253,aaa6bb62230503f33aaaceb17c3d88d09f7be3933474175bf50e3dd68edaf845,1,c1,c1,c234,c234
8262,ffbc188c73f4cb96793a8a39d45d78bd05701bd886f391c5ea692855f84873c0,1,c1,c5,c5,c234
8269,de142497297c2d6e4a67be6f2ff6f230801184f250fead8b93ccd76c786f9ce5,1,c1,c234,c234,c234
8276,1f0cddeeea0537ec506197b1e4e705881405e2a5efffced460e375bbe9094fbd,1,c234,c1,c234,c234
8281,05539ac7b783289355476b607003727026ded1d168494474dd7592d9f96b4633,1,c1,c5,c5,c5
8282,f01ee099831b4fd670692a673eb7d4dec9d1a467732c615a29eff8d1dd7a2027,1,c234,c5,c5,c5
8284,a75b2d98fa072f24a159c811f32790b7085b4b76a9adb87749e506d1a67adcfa,1,c1,c5,c1,c1
8311,edcc942488501cfe1083a1eb9f8c14eb6c4c9e6f926c3a7c6c7827c3b5faa857,1,c5,c5,c5,c5
8315,32b716dd786655db0753bc7f75669107bd3eb3281b004677a7eefc0d5026ac30,1,c234,c5,c5,c5
8321,cc339600c6cd1916baa0fc3da247d31b240961a4fc2f655f998d82454f8c11bb,1,c234,c234,c234,c234
8327,ebae5818f34235444129e9454195efa5bd2bc11bb9ffa32f61fca7b1083c3d56,1,c1,c5,c1,c1
8335,e701bd6f850f2ac4a6c12f5e24268e6e32a9ecc73d7a743c939830ddadcdb6eb,1,c5,c5,c1,c1
8337,88c7722bebe8325135e5922f92f3fbe81356027f45ea122051f28c14645f4ebf,1,c5,c1,c1,c1
8338,553ae8e6c3b3e3fdd69d814ffe2a32be2ac53cff708dd00076d43b915eb156e6,1,c234,c234,c234,c234
8340,ed812465b72ac4d29568524c07c911b8598f5cee7ce0bf27672a6f90d9badd10,1,c5,c234,c5,c5
8356,8cc1fef532ceca308524e56ffd0ade635207d89045a391be4a87953929b1896a,1,c234,c1,c234,c234
8364,500e8880e9c3cfa65c1125bc6bd544709caef7b80762cccb680ce8987af37761,1,c234,c5,c5,c5
8373,cc7433b558727d1192eb3673075f0eda8b279ff57826e1c3f564c63fa35783b9,1,c234,c234,c234,c234
8378,b825020b6196f9b85e63a5f056842eb24e520b064fa389b5b8df4379c751da64,1,c5,c5,c5,c5
8389,d39fef6e494f8b31476f681895aba129804b192e3222b8830b0928fadd1e8578,1,c234,c5,c1,c1
8390,3c7532d293741684e4f16b1b3899bdbb8776acc59827a41ab70d7a99a7144050,1,c1,c1,c234,c234
8400,2224ed842605e823acaf55f4a8562bc4253297901523106f92a7f603cc2b70ba,1,c234,c234,c1,c1
8413,24beb54d199d1f0b40dddb870d124088cdd0319d2c4d800fe3d095eb70703fd0,1,c1,c234,c1,c1
8422,67b4fc0ef7ef068523dec1912735bcbd69d1d890bb9ac1c8578227a5f38c9d45,1,c234,c5,c5,c5
8433,95894091162d5cf9e799024b05831b8b392eb3fece36920ef860d4cae03aff06,1,c1,c1,c234,c234
8435,f7f7447ba9d0c6a50d2bf05e3e3ffe73f8cfb3c64d11ac203d34456476a5154f,1,c234,c234,c5,c5
8448,a54d3c1fe40fd8dff82c23c6f04f5471c5345332068c51d9d071e7eb36c1fb2c,1,c1,c5,c1,c1
8452,2c7974100bba6b67b95926c93bbeaed488713be96bcb8162aa37ae59a1371d9a,1,c1,c1,c1,c1
8461,7af6e8abbcdaa040a7dfd6051f08841b5a32e53ea7768f4e9ddc697f937a7027,1,c5,c1,c5,c5
8463,cf3354f9dcef4fb7258984f04fa30ee877aad6dffcaf0f2e136f6c21144b2eb3,1,c5,c234,c5,c5
8464,66bb8391dd57fa805e07cafc59c37abb75f6b0992feacbec7eb044335aeb819b,1,c234,c5,c5,c5
8485,7f755824dc7c180bf25cd7f03ce459fa9b92f0fac715e5295820cdaeba15e8e7,1,c5,c5,c5,c5
8491,bc0d49c33ce747e38746974a9bfd0e1ebb9a27ca095d13707e18ce0bffbb5d57,1,c1,c5,c234,c234
8495,ab104ad11ccc70c80a0af2f1c70ced2634f513f03470b79841cbc201e0b7a522,1,c5,c234,c5,c5
8496,7022725abfb780165cf00e40891d93e8fcf4fe995060e3d426ae4d3deca2172d,1,c234,c234,c5,c5
8501,da72824042ea2beef2d64334c66d96cbf0c40a1112ac257a57f484d8eb9993c6,1,c5,c5,c234,c234
8503,cad32083fb26779ee63c8778343df5c1ad890de59e2c5bdae9b6b3a2cfddd7fb,1,c1,c1,c1,c1
8532,42116ccf799dbc820259f312fbfa25d1a0a611931bcb0b42e4d167b837b9260d,1,c1,c5,c5,c5
8543,5cd53b934bbf951bb33497fc4b290a90270d7e69fac163232ad85f74aca36d2b,1,c1,c5,c1,c1
8565,f0cb6a1517fff870bba4d48a235aa7d446e5bc364829ce6f96e7918c2597d308,1,c5,c234,c5,c5
8579,64a1ef78fd974c1deb967beb426ee84b651e2f7e0fb50fb10a72da73c927f829,1,c5,c5,c5,c5
8583,9fc1848221cbfdffbb19ef8a3b4e28f0c6cf63301057fafea1e98406fbab5527,1,c5,c1,c234,c5
8592,306224b88a9fdada13e72b125920eac15ac70e20823d419a45c031911fb3f6a1,1,c5,c5,c5,c5
8597,51106d35317c3f1b55a7cd080eb5aeecddeb3bc764f40b6d7d6dce5c7ed62a1a,1,c5,c1,c234,c234
8600,9ff61b91b7153e64db477ff52c0b03c7ec7dc9579ab149f111e80069d2d23455,1,c5,c5,c5,c5
8601,336ad8b60f4b8e7430a0b3c86c24720aef084119fd6251202fa172daa378ef96,1,c5,c5,c5,c5
8605,e619ee052fdc420eae347bdd983b4fffeb95cc482edc81d36e18ccaeee84f0bd,1,c5,c1,c5,c5
8608,ed4b94a74fc9159cefaea56d7aaee8b53df7760af816c2a651a9fa7227376e6c,1,c1,c5,c1,c1
8616,857cdf813f2e83718967b08395c73c36c3e5046836981dec18e1d7d2af253fe3,1,c5,c5,c234,c234
8619,33395ad6a14d752b02a046f6f09da6fd6fe655fa5da35db71c46b11278f779b4,1,c5,c5,c1,c5
8621,c115f72e1f2783d70a8f39838a01ba66c67ba211f10ef4c3596fdfa7b7fa21b4,1,c234,c1,c5,c5
8626,09f4b82f6e2287940f7000f9d0e31d8118582ca1f2365202db95f4a06cd53e02,1,c234,c5,c1,c1
8630,c6131ed2014ad8493119a806850517b8cb0e0a6ab8819e7633594a1675308f54,1,c5,c234,c5,c5
8631,c8bf93820a6d0d11ba8e6e6f57cca272116556621babe2f2d04cdc645a000972,1,c234,c5,c5,c5
8640,508060fbd532e1cb6296a5d3347701c5bcc7d5394c564aabcedff86bb1891cbc,1,c1,c1,c1,c1
8644,bfd39cee7d864df58bbef725201d6228d0b6d34507d7dc7712b9fb588b83105f,1,c5,c1,c234,c234
8649,978fc7a9d32dadb29e41df6c5dd77145b1dc92ba3b083437868c883b75d751f8,1,c1,c1,c1,c1
8652,7c9cb9d8feb9239e60dde3732d8333700e4cdc7280f40275be140103138ac4b6,1,c5,c234,c234,c234
8665,ae1ccd3cf0fd8ee7aa89d2fa6a78c1f735679dded42cbe6c7bfc8538a48f37bf,1,c5,c234,c234,c234
8683,edcc942488501cfe1083a1eb9f8c14eb6c4c9e6f926c3a7c6c7827c3b5faa857,1,c234,c5,c5,c5
8693,a917a9ba798dd30ef14061c99b0bad0dff105d255ae2283bb668bc7b7a52e542,1,c5,c1,c234,c234
8698,65b5daa49c24fbe192464897be5d5e81cdfed4da15d6e4cec5bd1e4a1a6a7b96,1,c1,c5,c1,c5
8707,001c26b1916f17fc69e6df1259e3e3128ac41275ca9e8bea3bc8c1544ee1f684,1,c1,c234,c234,c234
8725,a4eb3e86dc1d1761dffb053254403b2adf966e619c472eb42f8125a9d9cfa843,1,c1,c1,c1,c1
8732,79eaa4ea2f7756807579f0f93c9f222466df5da2d234f83cf0e269e4f8118461,1,c1,c5,c234,c234
8733,d3e55fdb358999daf1c13c3f8b5da8e51c0b82127f92842ecc293201cf4a3a3d,1,c234,c5,c5,c234
8743,9af95733eb742e04d58013fc78f14a1e52fc4c949f2990d6e9e75898ddd29418,1,c234,c234,c1,c1
8747,57449191e6bba6c26ac4c4b9af9b40ffd51d42a3b2c08149346b252f840a93fe,1,c234,c234,c234,c234
8749,b275479f82a63891577fe96f3152e11eb6f11cc278060163808c367608321065,1,c5,c5,c5,c5
8750,4d7ac76d60009d2490b1806275c3c1753d1f361d401a1e8cf1e42fbe6a2f60e4,1,c234,c234,c234,c1
8752,34f38242b933f5a80890de6a83142328c4ef71d168f0633633197c47ade851da,1,c5,c1,c234,c234
8754,194172496ae4eb3576465881bdfc13add100ab43a64b78ccc5fb0be738f51794,1,c234,c5,c234,c234
8761,ca7cc58ec2ea405ca2fa4d6a3cb4358b481dff193dfe3b8c6db79dc6701c5717,1,c5,c234,c234,c234
8763,5c566081e4864227dcca169f7b61b4d6faedc3604a85de7ee6412eb5fd8fb5cb,1,c5,c5,c5,c5
8775,5281de0745c196a181b4f38cdb2f1ea6d37b58a9cf67c2e735fbf48fa7081cbd,1,c5,c234,c5,c5
8781,f69962bd905305dfe228f5280ae735047118341ec94740a496926ed8e460eb61,1,c1,c234,c1,c1
8791,b5eddb21d5607004c4da5d77828d5711a6050c192f2fffe083be61d510ee4800,1,c1,c234,c5,c5
8792,b8a3201c844e7bc2479eb13827197d4186dd933aa88b09817ca9a95e43852d2c,1,c1,c5,c1,c1
8794,9e678bb250f39d456d1585ae49bf4078023f9ec0cef01c39e6c5998c7c7c486d,1,c1,c234,c234,c234
8805,8f0b13c79c472b99b5a6b140faad9d3e4cbdb2c99b8450488de9253acad1cfc6,1,c234,c1,c5,c5
8808,4c619699611848e538b1a6b148e8c4fe79449b5d38e8eecf235e03b263cca977,1,c234,c234,c1,c1
8817,9e0a6de0d591ed81d05f1e6cf2c67ac5e7a2a55e8c52a042d2f7efc23891d973,1,c1,c234,c234,c234
8860,d02dc6d65ad322f5ca81045b2113ca323f3b84bc06835f0579e9f683ab113833,1,c234,c1,c1,c1
8871,c7a2b1cddc5b457faa423c639b5d43e5033e5f8ea1b8bfbd58dc1024a8fe6b44,1,c234,c5,c5,c5
8882,0041253b1e4e5c1d2e2ce550894b7c89c9bae7ac88fb64041fc8163f758a3ef4,1,c234,c5,c5,c5
8896,ff98a25f6938ba9912f91085210b21529b92a9ec2b24bbda1cce0eada4ab67ec,1,c1,c1,c5,c5
8897,a621f499faa118dcc43a9c905e10358f9b5d1c2a89b03b12ebea882e2e6c734e,1,c234,c5,c234,c5
8917,9290dd4cff2b189a88352514477ee2b0419693b945d26e37cfc9ad719fada2c0,1,c234,c234,c234,c234
8948,e2fda4ebe8395fe3a97c6d4d1e29689c8e5977ef83239ef61bb3e2c18be21e00,1,c1,c234,c1,c5
8950,a9c3dd205735a2d79618edf566e386057af6d156b13be410a530d94861bd7b78,1,c1,c1,c5,c1
8957,b3b92a17097090c6ba817b2a234491e4179ed79197ccc6dcc1ac5dc6e2556a83,1,c5,c5,c1,c1
8970,739f9c7c78d79d1723c604a29e85e942e68129e1d137c244dd07868fa098a8a1,1,c5,c5,c5,c5
8977,425d9ddefd5dcf02c35623e03821ed011884718f31910089d446f6656bb33491,1,c234,c1,c1,c1
8987,e950be98518c0220a08be785468e507e161ef59a80b741216d75fbcff1716aca,1,c234,c5,c1,c5
8990,0f8ce50c855f86173b1de476c604ad1082ee762f1c40abe056e8a99a061826a6,1,c5,c234,c234,c234
8992,9d564ccc5a9c179d674aa03a5e4380bb438b0f1d8e90450889b61c8bda8b8bc8,1,c5,c234,c1,c1
8996,f57e02bfbbc143d03ae315f8af02239c411ce7bd12785a923ea88cf291aa2ac8,1,c1,c1,c1,c234
8999,3d5ecee9c8be7efc6c17542a14195aeec1b113f53258be7a88b8a8aa9d8c4b3c,1,c234,c234,c234,c1
9003,2705d310118b4a7eb6b9e1191f2a571c1c1659c3073e82f750afa26e28d38380,1,c234,c234,c5,c234
9014,bd8ca1b8230bfb354cb5859a0902ea6080c77ca2dedc484252e56fcae078ab4d,1,c5,c1,c1,c1
9020,7496a203b47633fe78a97d25a43049995ee11bc9bed1962ede10833b58b846e4,1,c5,c5,c5,c5
9021,6d618ebca8255e5d37259c4d7a9b8096a147c54e28a43b7ce99bb6e9299cd0a6,1,c1,c234,c5,c5
9024,ab24a67c44f34d1cf65a68f4bdf302a00772ca00606e81150ecff357295e5aa1,1,c5,c5,c5,c5
9035,894a79994289ecfd953d0b145aa83886ec748d37eaa6ca8b5d72ff9c925d2b1f,1,c1,c1,c1,c1
9043,ee918f1ae52be1e1e3c6211e25886b47dafc530042ac6568e420514ed0159870,1,c1,c5,c1,c1
9051,81bc18d6f151fba969522bcd8551d039d3bfaccfbfc4ca174bb311316b6397e9,1,c234,c234,c234,c234
9084,b867fcba101b143e2767d4c372453fc3d36dc714e121aad4a61e7548ff34f574,1,c234,c1,c234,c234
9090,8ec97c6db2f811bf5a5967c168bc1587f50121e242b4d03e4e4c78ad8317a228,1,c234,c234,c234,c234
9091,89bc06637a1baea5a393c8147e0b910b31e75395f928b19c4e66f786ff10d711,1,c234,c5,c5,c5
9093,8b982769e76f48260f4d58f25e51d395fb30018e6d6783535f2d8020c9184659,1,c234,c234,c234,c234
9105,0dd8fb7eb4d90f4b18bbfb787b1117a4db45e53bcbbbe015dc7d42c58a0367f7,1,c1,c234,c5,c5
9108,f04967abdde27be0288613e51c6231793ffbe7f4aadb30d118137ddff6440a6a,1,c5,c5,c5,c5
9109,2c05dcfca56774fb51ab2b2efca8ae0104973f4e3a3157ccc522a03897a25826,1,c234,c1,c234,c234
9110,295da4f016e249226f1a20829fb88c16a2f4df4da5bedd2b9beceafc941f589e,1,c234,c234,c1,c5
9112,fd84682021415218f0abc0ed2505c32df9428fb1b04923adc2175845b6539629,1,c234,c5,c1,c1
9123,221f4328b916c90a2a9c9a81f1d25c67b6b0378c873990fd32676a8b2d7d5ba2,1,c1,c5,c5,c5
9129,19ff3c75421c6269658e017a254a29e30c4d1a107803b9c9ae15589d20509e94,1,c234,c1,c1,c1
9137,535728eb6552c0b13396d7cd7c273b8e5a80a528feb0e997c6d1b29311ef0742,1,c5,c5,c5,c5
9151,9c51e31d408fbaeb3f86ac4e1ba8fc84335f21ca4fe689c2ff21ce165fee5f0f,1,c234,c234,c1,c1
9158,a2429d157633197189f735fa0a1dac1ad383601d0c3e8d1f62db5ed8c060f1ac,1,c234,c5,c5,c5
9164,b6a2d11727979bc1fe333c36a5e98b74fa13bc0b4559811f01de7e4a838adf6b,1,c1,c234,c1,c1
9165,e3ecf9a9ca33157a8ac40375cd254f9816b7583b7d799ab38297cedb55be1b4e,1,c234,c234,c5,c5
9172,62bd7ee21995be8eeddf658944ae0cf17bd8849efabfb77473049892c81cd9f2,1,c234,c1,c1,c234
9205,90108eb392e36a879ad6432826c9fefc718e79a59eb80e12e75572dc1a82e9b4,1,c234,c1,c5,c5
9216,e5430d085738fae19794589446f463a01235a7abd2ce58d3051602ce10d759a2,1,c1,c5,c5,c5
9220,2eb33b072ca64e13e8c27648601835898626768b0986ea5a74b7214ede7f2b96,1,c5,c5,c5,c5
9232,5909e4cf4d955622a148a2f85db5ecab664a521b018d2d89b4584dc1eb636891,1,c5,c234,c234,c1
9254,aa12d397104c8bcafc476de34879318c63b580b38eeefc12968ae561e254789d,1,c234,c1,c234,c234
9256,c245a115accf36d2765c678b05190570c811cd886f005bfede755e74a9ed9527,1,c5,c5,c1,c5
9260,26e0949d561319afc66d1206c10a0141cffdb151a8512c7332f50bc3b66bd23d,1,c5,c1,c1,c1
9272,601bef7110d1cfa7270574e5503e97adf6e070d7a4d4ab8f7cf2cead4c930e33,1,c1,c234,c234,c234
9276,9a353f25b1c1b7c220acbd3cdb3260570af09cbfdaf8052d4db428d94b42e8f9,1,c234,c5,c5,c5
9288,83d91442c348e8645074aa88fd98b9d4efed969feda68b9a4194ffe6b07ee7cc,1,c234,c1,c1,c1
9289,42e4665b39fb8535f630ba5cdbeea916e1e94cd44c2f8e82293ae99173528afb,1,c1,c234,c234,c1
9293,7e3b8e34450fd7a918ae426d36f00a2ef284a5f69e27569776e2921d8eff037b,1,c1,c1,c1,c1
9305,edcc942488501cfe1083a1eb9f8c14eb6c4c9e6f926c3a7c6c7827c3b5faa857,1,c5,c5,c5,c5
9321,83980e1d663cd4040dad12431c46290226ed1f12056bb2e876fdbc206f0b12dd,1,c1,c234,c234,c234
9324,f06fd34cf1808ea9f76ec47750b4c8d9ef2d80c09bf5105d5e8fb2b52ec2aea9,1,c5,c234,c5,c5
9335,ba846260bc72f2051ddfd5207ef3e0458b8cdfc9d1a6e47fa92457c708805549,1,c1,c5,c234,c5
9342,da9ad503ef8e1fb5d31da2a3daacdd7e6e13ef91834a69f9992163254b7f779a,1,c234,c234,c234,c234
9345,931776037dba503cd38c6f602b6734518a8faede677bb554d7a7cfa0074209c0,1,c5,c1,c234,c5
9355,17bb4028731b68ea3fca1884304d26f445c0f89d46a23a1abf02cd6463351805,1,c234,c234,c5,c5
9356,1a824fa80d0789d172d25218209dc748e2c03f1ac3e8c00dd4cdaa98f99a7476,1,c234,c1,c1,c1
9357,bd316abd3aee4f9916e07aff1289c8ed1739d7995a15d7367578d1b5be4d9069,1,c234,c5,c5,c5
9360,670668bbd1a2b08d90064f1c4ca1a7b8c953eeebb6a77c8bb02a2cdbc986c8e6,1,c234,c234,c5,c5
9367,1c16686acac7e736d71cc13c1f2d51c0864d09faf65f85649213d5f74e82f7a5,1,c234,c5,c5,c5
9373,007ad884362188b2f863c5526a738dcc81c5bedda682c1d7452a7a4c9ed05a7c,1,c1,c5,c234,c5
9382,b6f672bfd8bf9a9ee3bfc3ae22d8612e2fdf25783e61907745923179528037d6,1,c234,c234,c234,c234
9395,ed6a57cd86293a61c3135c551c919e4ac22c69b3d7055a72078deba2bd43edaa,1,c1,c1,c234,c5
9404,b87e18463e06ebc50bfe728b88d09991b1797257c6890c70b0b1ed045ac70239,1,c1,c5,c1,c1
9405,4cb27445eba28ed75bff5460c9ccfd52f6b7b85e6ef604bbdb8d72b90fa659c0,1,c5,c234,c5,c5
9407,29126572affdaa18a772cd976d4a247b0a407752e8d5810389b294e2408a69b1,1,c234,c1,c1,c1
9410,1dad80073f33297cff0c3c57cc41bac2a808e1af91c1e41982c1151d2980ba62,1,c234,c1,c5,c5
9412,2ccba96f9b4ca6a24e2d7324b8013df74170cbbc55176a2a1a357df688b475fd,1,c5,c1,c5,c5
9416,e68eb509df9b0162e7fd5f972eb0667bb67a155c90c30e5cf10909b1b3a10b33,1,c1,c5,c5,c5
9418,047316cc276a74c6922a159a1cdf9d5a00fdf37062192551041830138a0db663,1,c234,c5,c5,c5
9419,c0b5e3757019411ea50e8bfe74f8c7d60f34f8aa0b2aaf62cff625df2b215156,1,c1,c234,c1,c1
9422,39fee613779d03e8fc53757c746a4093a1f68a213a3701a76f14435a94a98df4,1,c5,c5,c1,c5
9423,7678ad2ca86d5cc2269319409010a6d934ce3b49c95e733038f43d1b852055f1,1,c5,c5,c234,c5
9430,0971c5e70bcaa1f02c67dcf2ffd801fb092176b5ca21940a33884aeb0bbf7af6,1,c5,c5,c5,c5
9438,f02a44a635d37f7f9b61715288ad7406f010787078e95f4910f89ec71c8b4ef8,1,c234,c5,c234,c234
9440,bcbdd98934f562c42b9198c47a4e34a5b5aca1aebe7fde10f36d4a76a7d1181d,1,c1,c5,c5,c5
9445,4b78eec5e57e9eb6d4b1e577ab60915ad4fe39a9234289dbcd2d6fb0b02ae7e2,1,c5,c5,c234,c234
9447,9738ebfd6e7fbbfc1be59ce9dd5cf2e167a3011c71bdd9d44004fea5a0ffe5c9,1,c1,c5,c5,c5
9457,4f77b438609f87bc960e2a44623fd40b2abec6ced13985a357b35bd805355d72,1,c1,c5,c1,c1
9465,f14756ea3b2ef47534ce2ee57484af120a26a8fa7b882066a1e3340a7306dcdf,1,c5,c234,c234,c234
9475,531a970911854034204f6346aa2981b9c6cdf71e2b05feee0f84c401ccf38568,1,c234,c234,c234,c5
9485,f3dd07220402447aac2d7ffa1a588662186c4c8fa1853d850bb4c0cd78da672a,1,c234,c5,c234,c234
9489,a079617a8cae873ca64d2874dfc66a220cb656128a4d888776e38ac4ac1e338b,1,c5,c1,c5,c5
9495,63307265748084a276941f6b020ba08786ed814361de2c92445ca858aaf5f9ae,1,c1,c234,c1,c1
9496,f466096bb4faf395ffbfc724bd0c89603c91e03292a530634cdf6d6e67143510,1,c1,c1,c5,c5
9505,f43843cd99abf47c00d38964e8d82c26c4825fe7ebb4ec596b08920784a58530,1,c5,c234,c5,c5
9511,058e5ab29d5ae02bc9f3c3f4453d22b5e6d194a1cabc146789d93ff811c56b12,1,c5,c1,c234,c234
9516,2aed8a3c18c7fc3758ebf2a47956cb3c45b51de1382b0052d35d2a26ad0182a7,1,c234,c234,c234,c234
9517,c3ad03b6ba1a86f39d171274959a0d0f1d1fd2c63f56706e71ad490a5ff18782,1,c1,c1,c1,c1
9541,e6a9d42ac67cb7b706d49ade9fc500f30046fdc2fb9b9671e844317d89e091b7,1,c1,c234,c234,c234
9544,8bec912d01bfb4afe60a75f2b9df86144050e8bd7551144044cd9ee559321609,1,c234,c5,c5,c5
9545,1725cc5f96618792be772d8ab369c81817eb9f3b18c9904f6b05986f94e2001c,1,c234,c5,c1,c1
9556,f757c8f7a56ee5fe629b9bda03bad4388a9df2e08372b1a2289d1bb18c9ccbd6,1,c1,c234,c1,c1
9567,455cbfb9abd9fc9dac27741f27143ba6f7825ef8bfe35c6da18b095dec0dcc39,1,c5,c234,c5,c5
9571,7cffafb7d5cd1014048c653079df60f94c5afea6b39421f74d6760745f601588,1,c5,c5,c234,c234
9580,23580a743a7c7236ab91734f4b676a23e5305aa0fe65e23140536196e224e6d9,1,c5,c1,c5,c5
9582,10b73ac41947034f9cb3d88269b14affbf6e6256a0ee115d84ce2447d5698c15,1,c1,c234,c234,c234
9583,08b0fbad294a0f59471065e8229d008b4ddab24f9e361b9722a5a431c80a30cd,1,c234,c5,c234,c5
9588,5712ed8a7ad44bd3794a497da9afd79a729d881b9958764525aad8acd44d47ca,1,c1,c1,c234,c234
9592,2d5306a49cb656aaf7709005f9c9a41bf8a730829204e6f3b8226a99821e81d0,1,c1,c5,c5,c5
9599,88b12a4d9d961a5d2ae04b8a56f90cf140bef5dc32212eafa6df652c2c9bad9a,1,c1,c5,c5,c5
9606,3317bf9862cde0cefef8419c74d5b161fb35eee732a79f7d75a7e94df89e3bbd,1,c234,c5,c234,c234
9615,56d8a31ec30596da614cb3a591ba1f1e59182de9329c392656faf29e05ab20ee,1,c1,c5,c234,c234
9618,fd66efc1c8d8cfbfc4eaba72815f7e674a920d1be3ba36cd4c15a13f40e73131,1,c1,c1,c1,c1
9620,7335c09c5ab242e68dfe46cdb19f41f7054458e38600db6d8440f04c165226c2,1,c234,c5,c234,c234
9632,fe7dcbcf1084ffdad4cb3d2fdca1346066f9b2a49babaa7275b8c3cf5602a3bf,1,c234,c1,c234,c234
9635,b7e2e5a92090b399a59b9d76a48ff6ea767b6a462c6fe0e5327aa88f3965f5b5,1,c1,c5,c234,c234
9637,50d6b20f6a57d017eab669f1b46bbc618df350360dd4331747a3c1480d649ef1,1,c5,c5,c5,c5
9645,aacc4b2afb2090cabaa13ad4d1884da13442732e753061d141fa072cf4bd1e90,1,c234,c234,c234,c234
9662,6531abb152dfe7d2f6c3ce0cdc8d344fded8d58b1eb0699f6111baa071339782,1,c5,c1,c234,c5
9670,7c472baf2a0274a427eb09b071c1cdab42c9c28dd5cc21f4746b16f1905a0f74,1,c1,c5,c1,c1
9675,68570260b70ff5530b8f97ee9c19a62650497ae27d6586319108c503e8584aa3,1,c1,c5,c5,c5
9680,03ef56d937f1c5ec5e58a37e684235ef2f22bd5c9b6750d0473fec35ae86da8b,1,c5,c5,c1,c1
9690,931776037dba503cd38c6f602b6734518a8faede677bb554d7a7cfa0074209c0,1,c1,c1,c234,c5
9715,8543cdf294c0ac8d2c431350e112bf9a6db952874a531f65a7076f2b3da58525,1,c234,c234,c234,c234
9716,fac7c26b374458e5860309b9cdd14a3bfa93133f06f525f45319f7246301224f,1,c5,c5,c234,c234
9739,edcc942488501cfe1083a1eb9f8c14eb6c4c9e6f926c3a7c6c7827c3b5faa857,1,c234,c5,c5,c5
9741,ec6f378c74d3dfffe0d0a15e91452e38ff8b70573f5ea162087d9be43f02f423,1,c234,c1,c5,c5
9742,d15c169a34c26d45e64adf8eb19eabf99d41c4d21565fda933e132d335fd36ab,1,c5,c5,c5,c5
9744,070b2579a3db5d5b50e8a8468cedc8941bc789488795700778e46cdd8cd25bf0,1,c234,c5,c1,c5
9746,aa39ca96edc7fdd0b77cc569324f1e403edfc395b1a5cee125f75eb2ee8a4e0e,1,c1,c5,c234,c234
9748,32ec1a9d16fa2944d5d84f75a5b6149826f1e4f356d6cef890ea8b11de69ff48,1,c5,c5,c5,c5
9749,6ef6b99b303332829a06b5e4fda6dc7fa7c804a7270a389ba63b4bf56f21ede5,1,c234,c5,c234,c234
9763,a55fe6eb83323f8e02ee9560f9268cfee2298a555352e891014468b840cd708f,1,c234,c234,c1,c1
9765,811080b9166f08421696ab72097f6d8757dcc4a52d2bd0a4b2287c47a9b991eb,1,c5,c5,c5,c5
9781,731967c8fe44e6b3aa3a1d6d6e4f454dec483581664f3704e45d5b2158bed182,1,c1,c1,c5,c234
9787,b084744528c0cb537686b9a035af7f880ffa404f9b17abf5ae7a5810749fbd22,1,c5,c5,c5,c5
9790,166acb33b1e4d043e1a5d56e98e62cc806c3f5fca6bfe7f6dab5d021af1a2da6,1,c234,c234,c1,c1
9794,29d1e0ce69dc6353622bd307db8917fe407690bb7c6dc53534bd1d25c0698642,1,c5,c1,c1,c1
9795,051401588562b98a5e2e488a834377624bba8e7a313c2eff7748b6eca56ff946,1,c1,c5,c234,c234
9801,6c244a608fd16f5d6481c75f563c43839fb6754c590b00b1e49034ac47ab8b7a,1,c1,c1,c234,c234
9817,51bf811d2882653c575c2d06886aa13d1d218aa5e9230a545b36e4d0dd4897e2,1,c5,c1,c234,c5
9823,f3c032180a616835915e2623e44024a26115f21f75ca62a2d5a0e81035ba5ae0,1,c1,c5,c234,c5
9824,9700406ca6ce0e3d84900f58d8df10b65fb4d216a0f173dff03823a0eaf9ee19,1,c5,c5,c5,c5
9841,6c51e7b862cf01407f8608626e84d0c9c1118204d16e294807f5b248944e4316,1,c1,c234,c234,c234
9843,5c566081e4864227dcca169f7b61b4d6faedc3604a85de7ee6412eb5fd8fb5cb,1,c234,c5,c5,c5
9859,3fbdf18c2ddd95201f295c3f8efce10eeaea2ef5d48e212242fd65e37b73f54a,1,c5,c234,c1,c234
9863,72c8f33e33e46ba952871e7baffcc84ca3ab315eb7b9d36f1b355c3b006eda15,1,c5,c5,c5,c5
9889,a2b3780284d753fec165c4d5f92311450f9c04d39e71e35a1325f52749f16273,1,c234,c5,c1,c1
9902,d6ff2ce5d8c4942ec2dbb64c3651bad33a8454ee83fee19c8cb35393192ff0f2,1,c1,c5,c5,c5
9909,3e4fdf024e70f91ecc81ebd328e2c2d90bf5183d628651b2cd3879578b7f223f,1,c234,c1,c1,c5
9912,6f8497a3e35d6433a95fd1e59098d8c90b3c9b2bce9319681dcff6a28d2e1295,1,c1,c5,c234,c234
9924,b1e3eb4835ac7f5bceb4198550f84c805e1693e4c24afd28eb2a42a08aed59e1,1,c1,c5,c5,c5
9925,e378be800cc8ad0b4ec6174038deb2adfa7e92a875a352cae4da0adfd5d8adc2,1,c1,c234,c234,c234
9932,db86dbbd5bdb68d3034279a42b05f8e1fd6bd94f53db7e080696df677174e577,1,c234,c234,c5,c234
9934,71dc1539868376d406e6e51543a8fa6017033be290c7ac58af1d2cd5e65decb7,1,c5,c234,c5,c5
9939,74b4e4a6b1b7a1bb7234fc95b2076f0b2526201f4392e0f3610c733cff45986a,1,c5,c1,c5,c5
9951,b557ab9592ceb40ac1df19bafb3e67d901d524e16255b5c20f6b40d51792fc44,1,c5,c1,c1,c1
9954,e5ac8f66cc97daae82af8fe70e8974fe77a5efc24de2b41cf9cd6be86e5a3da9,1,c1,c234,c5,c5
9961,565aa981789d6f21d81f17f001d45a1dc53b33b752e3121eeb41e0d83a0be6ae,1,c234,c234,c1,c1
9964,631d7e26f41aca0ff270e42f0b3eb51e3e935962ce9c7c6ba1c505bed42a651e,1,c1,c234,c1,c1
9969,9d67aa0a57c4e5e9f325e2bfce907a5a3f48512a0e2b1df22b6f434e1f436573,1,c1,c5,c5,c5
9976,03578d7180b5fbd9e74103087c587e008531cb814bdd63bc83d58ce0842e9468,1,c1,c234,c234,c1
9977,b05f2540c4147a76cf648a410c71239c03f867ae5dc429335bb03ad3885a7090,1,c5,c5,c5,c5
9988,f9faf50ceeab5f7ace1781335eb41a6ec80319ca6f5da1e2fdc48da5dee300c1,1,c1,c1,c234,c234
9991,26939ea2d57a0bf5bde4aa6c8ab429983395ed943b3b76349212f84c60c223d9,1,c1,c5,c5,c5
9994,92bca14d1c326d6f3b3aaeef49c62c35daf69ef9ced575529a85dfea8cce2c50,1,c1,c5,c1,c1
10013,c3039ca3d73753229c2edefaab2d3691b9749aff55a6c728fd884ae309863937,1,c234,c234,c234,c234
10018,d8515d3d37bc0658b09bc5bdbd9db3cc016f474b51a94149229a2f3c03d68d24,1,c234,c1,c1,c234
10025,8213fc295475a23b18993dc9b53eb4763a312d5dc9d1615ecb103afd0aea6cfd,1,c1,c5,c5,c5
10035,4c447024cd6d8907989da8cc82fe138b3c9af16403f5065ee41c3f198860cf5c,1,c5,c5,c5,c5
10044,289f60e497258163886a307a2d2e2aa766c688686977e232c563c4405745f3bc,1,c5,c1,c1,c1
10060,5b4004dbbd4d1be999c2c068477e66e357853e643378711367a35ddacda5e9e8,1,c234,c5,c1,c1
10066,381e95d4073ea8b95601d362e254db04af4317028295fa0a6b77df735b2d4bf3,1,c1,c5,c5,c5
10068,f24d774521fa01eb27bc6b5c7e0339e7a57acf194e5043c968d615419fd2455a,1,c234,c234,c5,c234
10110,af75fb4d5e80e473a87f4f0e7eaa9e9e8e8535d6536641fe1e0e09861fc26faf,1,c5,c234,c234,c234
10111,0917fddf37fd2e1f77f412b9b921f2440db5230587a5eb3f81458167ef825828,1,c234,c1,c1,c1
10112,b86028d293a40d9b25fc46a47def5b603a52158252f772c4fdfbf9d1495f768e,1,c234,c5,c5,c5
10117,ef5a497d24085a5a3044203662c38648b7111c80774c70793436666af9639cd0,1,c5,c234,c1,c5
10126,77faa3341855d3bd1f464e9592566afa7071bf6f1c33bfcca77a72b4297b32de,1,c5,c234,c5,c5
10131,87abbe29998368ac7fbe84c430587ffeb0fba44f3efad8e17c4ac6a0d8516e76,1,c5,c5,c234,c5
10132,9bc4e519c1bb79739e290921f9a110f9e444ebe5fce5638d3b60b053f1dc7eda,1,c234,c234,c234,c234
10141,b1731c3be38d5d3e30249fe536d2663ba5494a4abbc27acb4c875cb30c6082f9,1,c234,c1,c5,c5
10146,c9430027562c6aedc1d58e2bab937c478588ff183da51819c3c62e091d173a34,1,c234,c234,c5,c5
10147,4897334cbc3ef5a281c1055a508577d8b4e775f4e14e0c53b2f95d3c09d94d03,1,c5,c1,c1,c1
10157,fceb1fdeb6907710cf49b847e7c393a456e68e1170c23092350423d054f4ad84,1,c234,c234,c234,c234
10162,fc8cae0b368c1920355279dc1b5ff811728ef48ab52419172a24edd3e3f22c84,1,c234,c5,c5,c5
10168,1fd86d6077c73e44397fa347d730f28a6db3056cec63b7b2bfb2bf1236ced7c0,1,c234,c5,c234,c234
10190,38c94c571123a89f216064bd0e946681c0f1f31bd1099006377ff32bb4bef3a6,1,c1,c1,c234,c234
10193,f473d67260263ca683bab607834eade8d8d9a17dce6ecd0118c96178c12f025b,1,c1,c234,c234,c234
10208,55d1c0798497414bde5e9e47bb2855af2122b2f18101b5e0004a4d55e4935caa,1,c1,c1,c5,c5
10209,abea752c3b0e1ce2805646b6b3cb8295ee50c8402f6443005869fa909a2a6d55,1,c1,c5,c1,c5
10224,c232bf7ea390f89131a69fbace52b825725996e1a51db9a5e54db08ed5b5c43e,1,c1,c1,c234,c234
10236,aedfdbf7d223510beaae60014e75495bc2c5c91178fbf60e3ca7173c1ada83d6,1,c5,c1,c5,c5
10259,2575bcc5f683070691f7e3e5c8041e6b1a8968b98000345aa4d1d293495825ec,1,c5,c5,c234,c234
10263,da2e889900bbe84f05e1df797569ff875e039836d401b4f415e21d80b9612bbc,1,c5,c5,c234,c5
10268,fe7dcbcf1084ffdad4cb3d2fdca1346066f9b2a49babaa7275b8c3cf5602a3bf,1,c1,c1,c234,c234
10279,d806335a9a39a8ffa5370b7a6a2bc5427772708f5f22851b93d8955d24dc9139,1,c5,c5,c5,c5
10287,4c1ef3dbdbeee8a42a3a1e153de63d81c9dd0ac6afa731c09026fbcdc2e0aec5,1,c1,c234,c5,c5
10304,6af2343625b2ef36a2231c8242e7ca061da6e2948377f0443991cea8519496dc,1,c1,c234,c5,c234
10312,60c2768073e0dc3fe983262acedb4897f9ca3ee44f9c89aadf6b2a662440b67d,1,c234,c5,c234,c234
10322,06f3e68874e7de97075595efdec6b511e8fb6b3c5474b53f43d6b889b9223282,1,c1,c234,c234,c1
10325,bdf226b602e0e9055303ce5409ca685745a4f65f835942363e1b49acee8048a9,1,c5,c5,c5,c5
10332,17ca9e137b55971a68a1bd8b34ba4d70956eb0913f924071745be9d81b8ac0bf,1,c5,c234,c234,c234
10355,0e98eeb64dba68a4b115ab09feeae68f49ed52162f2839c2e2204e38bf3b8e68,1,c234,c5,c1,c5
10357,b9daf02c809e333b5c07cd646fa7e71e4d7290ed0c6aa3fbde2ba56e5b466d59,1,c5,c5,c1,c1
10360,1cb981c24fa723574c6c26c96bea976072a13779197e0425fd8c2dc9a29bf8b5,1,c234,c234,c234,c234
10361,7ec3f78cb5c6964411581ca345d18f6b1f28c0dfcd7240d6a2a0af552edaeadb,1,c5,c5,c5,c5
10372,153b45a78b7cad4e9279f2a241e5967ff20c63cbdeccfebf86dd336fac863647,1,c1,c5,c234,c234
10387,4ce15d41e6f413c69fb1c382865115a45f3793716e4e8c1245ad195a847260b1,1,c234,c5,c5,c5
10393,a70787840e41df98aeb435d7b5bd709b19a0195cf6de3a8415581e4bdea3109a,1,c1,c1,c1,c1
10395,3f157f8ba8559bdb257f77e58bee5137cc3071ec5781fdab784ea9b2eabac418,1,c1,c234,c1,c1
10403,c33bf129a7b02c915ca7dbb71d2e764303d571f14cf12d7099aaca6a83c837c4,1,c5,c5,c234,c234
10404,142a3d740d28fed298cd558980a150382826f0a0c229fcb2776f4ac155ac2374,1,c1,c1,c1,c1
10406,f7bfd74ba50dc1eff9cfb8e382103cec3dc2095c8170688459565832248d8a56,1,c1,c234,c5,c5
10422,78066a7b2412884b3963c9ef6dd731d722837fbafc3bc935bf461ec7fe13176b,1,c1,c5,c1,c5
10425,3ceab770f2c541945ddaaa5da059fe6a5efaba0b1384e056602b21cf0da7f7c5,1,c234,c5,c5,c5
10432,19dba3f4688dc857d02166842edfc2fd5a4fb8841222bc34254f8bd76215712d,1,c5,c5,c5,c5
10437,8163dcf2f5456ddbe7da56b6a2068d86030240871e17f2484e90848e307c3d68,1,c1,c5,c5,c5
10440,e35d5330955713f2fa89bf8a19c2e9d8de1c7cd1d61acbd97d5741e0b969b1dc,1,c234,c5,c1,c1
10446,3c3ffb22fb3d7f1208644100368848e20526bc7616e52c0c974bc560bcf8e135,1,c1,c1,c234,c234
10450,dfd98556522e52dd7c5285acf871f1aed955e035a88f7d33ca22cb8ea4b935a6,1,c5,c5,c234,c5
10460,39dce4b0829aeabf9b534f39a603582f5aa8a11e1bd5869be9a12b0d19c21323,1,c234,c234,c234,c234
10470,b240b8943c8745f9885ecfdde7c826d9b325197725e29f9228784e9f0b07dbbb,1,c1,c5,c1,c1
10474,4965784f79aff109c70d579d8fa0bb8bd7db1aac49b6816bc5e98b861dde9287,1,c234,c234,c234,c234
10478,7dc4a0142d81b18d32b0da4e53fe71de29e7523c0394d6624a7a80bc981a261a,1,c234,c5,c1,c1
10505,c1cf8a83579a247db8eeef940d5b449ba898833a56719039485e62a72dfff638,1,c5,c234,c5,c234
10520,ccd704493f09ef350028cec728a8b3f2fa762ed5d49866c7e9b5d6fec83fb4b7,1,c234,c234,c234,c1
10521,d8497d6b7d5a955e14704e83759c0937c7c01ae39aff51791c3ee98ac632042e,1,c1,c5,c234,c1
10527,fb3b1d0abba2f7d2f690ec75c88eea2c0338af45290d520439efe15bb737cdf3,1,c5,c234,c234,c234
10528,48d936663f10e73ebca09062251225e95845aa2d213404c5af5a01ff5df810c6,1,c5,c5,c234,c234
10530,ef5a497d24085a5a3044203662c38648b7111c80774c70793436666af9639cd0,1,c234,c234,c1,c5
10536,bb4110fb3094c74bd35bb28b7da9cabeb3d51a4c3adda77e031745012fe6a8f1,1,c1,c234,c234,c234
10538,802fa6098661e9da37c6900a6ce5ded3e3248a9b3d66dd41d636b8e1a94486dd,1,c5,c5,c234,c234
10543,251c9962c9d12c07a24f8f4f40e133ed75b17c35006d0e9ea32fbb26e72d95ae,1,c234,c234,c1,c1
10544,5372be4785202cf1487d604749243ff4bebac21b6cc5fc03c66b434df45f6202,1,c1,c5,c5,c5
10548,343bbdbf2a3c6d179bbbd9753d2362c6eb5ef38a39ed7bdbdb5fa93e812789c8,1,c5,c1,c234,c5
10564,22540ff03ba3f3328a04d2802300a837a2555913fd35bd9c322837061b60a6a8,1,c234,c1,c234,c234
10583,d564c7b0ea6220923d9836b664b9ce4e80aeec800bd2006bc7676454dab80105,1,c5,c5,c5,c5
10586,df973267338dbb93e6b193098027d4867e02d70867321d1fe89403fe78f87c2a,1,c1,c234,c5,c5
10593,721076731fe73212927d79087cc2774917b531ee9c17b2b6c2ad305f080726d0,1,c5,c234,c5,c5
10594,8223b3dd7fba0c5f5d19040a09f5e620547cda48eadf6089c34f0915dc1218a9,1,c234,c5,c234,c234
10601,d99df7fc02bd0b2e64ddad12f10589a1388f6d915cd5c65c791c2c4da5fe9c48,1,c5,c5,c5,c5
10609,f8bfe59744d98a51b7f35852688426c4033e5a820eb86b59c05d3df9c1c52095,1,c5,c5,c5,c5
10626,21512214f9a39b6f8b22beaffb7bd558b51c7f32982b09ae283d685452c63d01,1,c1,c234,c1,c1
10630,b9a98d815f2f1c61b38a814f91d3e9e11e633ec88195995ff7300c4f7740391c,1,c234,c5,c5,c5
10632,123226b7ed6eec29ec44a66d482a2a48cb7cd5357bb5482fcca8dbd4e8d3ddb0,1,c1,c5,c5,c5
10651,01239630e80879dface228a60ef5775b45e94b448dcfb8a8493a5c331266bec1,1,c1,c5,c1,c5
10664,754830eb37a4825174cd3583f6078cd9c6a9b9db3622826d3581a77e59a92f72,1,c5,c234,c5,c5
10670,1b4b35c4a7f441e83258058e511cc22a6c9492306db4336d945985ea73ed6b20,1,c1,c1,c1,c1
10703,c0f74ab637385d31263b346a6d59f5de60c85c7b741f5d3072f5da9620040dee,1,c1,c5,c5,c5
10707,d75fdd172a2abc4faebcacc632aa90ad3b02b3e53f1c492812b7356310ba818f,1,c1,c5,c234,c234
10714,2f70b0d7313bb647a6812a10bfe3797df732bd1fc814f66818befb8d7e177731,1,c1,c5,c1,c1
10715,6a0d1803e3036d5f1087540ff5c6052b780d9294079e1a179ab7f0e246825fd6,1,c5,c5,c5,c5
10738,07b685c8e5338a17de394a3bfbc7eb5d13ae68618fa19ba1882a7c46e694571d,1,c5,c5,c5,c5
10747,edcc942488501cfe1083a1eb9f8c14eb6c4c9e6f926c3a7c6c7827c3b5faa857,1,c234,c5,c5,c5
10752,03db6acf048f47ed0f7c751e0e48fd13cc9aab047f6c97f23e04cbae5546d06b,1,c1,c234,c234,c234
10764,95a025dc497cb9cd32460e99c79ce0ce440689fc9ee518f59d6dfa154802877d,1,c1,c1,c1,c1
10773,a461cf6c656785d07799cf21239e9f080c794de960f3219f2f293f1948a0df66,1,c234,c5,c234,c5
10776,04cbe6af3a3cb6e7164e1b04c0a088b437f62806bde4e8aec3af2f22b0c7cd9b,1,c234,c5,c5,c5
10778,ce4b17767ae48366b442d89addfd4601b09e3ca5228c0f73747b79d7eb879dcb,1,c234,c234,c5,c234
10785,8790b9cf32466f268cf83a3f7a1ec4e463603773a9e804a6528c1d7d19700db7,1,c5,c234,c5,c5
10791,923242369ac923dad249fd37c70b674c45183fe600188a62a20a6faebf40fa1f,1,c1,c1,c234,c1
10795,43d23406d905bbf059e8351f6269141c6522d2169c292156a1db984044a7eaad,1,c234,c234,c234,c234
10813,edcc942488501cfe1083a1eb9f8c14eb6c4c9e6f926c3a7c6c7827c3b5faa857,1,c234,c5,c5,c5
10823,698dd06779cb590f3c85055dea4ca19ae2820ded92e568f2150fa0ea79bbeaef,1,c5,c234,c234,c234
10828,3f7423f7097bb234736fb9bdc63bff5287fc83fecb1abb594a61f18a58018f2c,1,c1,c1,c234,c234
10831,adf05fa75e2e2bfc16feb30003ec18e75e68723e590266a72ed31101407e5c05,1,c5,c5,c5,c5
10834,aef2ef266d7f800ed9ae30078275ba57d1a16d70ddc2a0da3f1ead1d0c815f39,1,c234,c234,c234,c234
10840,95405b4fe44462b7cc5a6c7b69d4c4067f2c90733a5ea05e4698806118360086,1,c234,c5,c5,c5
10857,cb003a62695b9c47e84774e68b7bb517b5265053af89529130a81caa3cccd106,1,c234,c234,c234,c234
10859,7ceb27ea0ad50882b688efb4b4343c5dea70047d37f465196987885476399701,1,c234,c5,c1,c1
10865,26c90153ac0d7b1e6f767d2e9761e053cacfcfb14be3ff88fc253b684851a396,1,c1,c1,c5,c5
10866,d0cc8820a38b14893ec93019a483713e2f28accf959fe12a124ae542d844c843,1,c234,c5,c234,c234
10875,a7edc293483ff767771e9da93a5e7bec686ebe07b39dff329b406e6896b501b6,1,c5,c5,c1,c1
10885,36ad2451e66c99578421ab449c6fd0e4c0d40771b86cee2fc34b4b915e50e0f7,1,c1,c234,c234,c234
10896,1a5a00028100d54b3a3c9ca730d01d4f31bc1c4f300841f1a603f409560d62bc,1,c1,c234,c234,c234
10902,ef9d03f4f8d809117a6ebb9de14fd5d68e778034a4c3ba4149333af17da9750e,1,c234,c234,c234,c234
10906,cb17759afaafc5ae6df6d2c82a3b4fc4b008c55f2d17d6d06f8544e4166df69d,1,c234,c5,c5,c5
10918,edcc942488501cfe1083a1eb9f8c14eb6c4c9e6f926c3a7c6c7827c3b5faa857,1,c234,c5,c5,c5
10929,e857c04cf29621a433c7a4c213531267a4f83c7e8c137928cee58ad26fb9a3a4,1,c234,c5,c234,c5
10938,b31daf0ff1bb7275c8f5f0301d91c1ed3df7146a196df19ff0ea642d80bd1c27,1,c234,c5,c234,c5
10943,d0700e4213ff453ef1c95092b63e77acfc13dc78f1c2066ecaa71fe83b231e4e,1,c5,c234,c5,c5
10958,de4556f3ffd0614d2526c3ee1617ceb0d5323355aa66ef8343a5e88e98bdd058,1,c234,c5,c234,c5
10960,19777bd0fb736946f54f29b38ecea626418beed46dbb1e432604c24d64706d41,1,c234,c234,c234,c234
10978,d6a582bf60fd62800b182fb08829f30d71eaea54256021e872690fef05b9684b,1,c1,c234,c5,c5
10989,ea48e7100a18375eec775e4bc272dd82b37c8234b32568c8581802e9e84645b7,1,c5,c5,c1,c5
10990,edcc942488501cfe1083a1eb9f8c14eb6c4c9e6f926c3a7c6c7827c3b5faa857,1,c5,c5,c5,c5
11001,11808da678afd3f018c57aae76bb35c03d2a8596611f51aaa578eb8feeb2d4fb,1,c5,c5,c5,c5
11002,994ecbcb94983d7a383e0ddaa12aaddbd1935a23ba8c4882674bae2b15cd0f2f,1,c1,c5,c5,c5
11011,c52448613955c55f052a0015649b9246dc229ae6409b649175d4c6f68103e0a6,1,c5,c1,c1,c1
11022,223e494df700b39cbf04c78337dbc14ac7a2fc2a8a017d2b35355d5955e01860,1,c5,c5,c5,c5
11026,b8308493b623f22502abee13087912ce0c0742856859eff2962e58e07a121b25,1,c1,c234,c5,c1
11035,cd23d0ca370f34c77f254ec632ddf53327a2c37c4f2b47e4049230ecafa19e0b,1,c1,c5,c234,c234
11039,6dbcaaff961093779b22c9776ca359d58dea42cd878ace46ad17ca399e3f09b5,1,c5,c1,c1,c1
11054,326b373f732ee9506cb33fc9bd49850f309d4390800dbbe4774477394e6cf6f8,1,c5,c1,c234,c234
11067,d9e191cd9249a8534b478bde26b58a19557eb35d1aff0fae4802c68f66a54f12,1,c5,c1,c234,c234
11073,79bc29b7da0ebb127681051ea1e3a932ad4c8a6cbdf20b51cd77e14b55fa72cf,1,c5,c5,c5,c5
11087,597d00a6a45f6b22ccae85972a6a3971cbdb06143b96694e47d74f1f41541438,1,c1,c234,c5,c5
11096,2e9b96b15648b1e3e334da48770d1c996802ec7ae2588be300d8528510216eda,1,c1,c234,c1,c1
11111,cac19b4af9d54b494905b1e8e218eebf7d54ca6101196b769420f96f5e15d272,1,c1,c234,c234,c234
11114,1e73c80c36116fce1545a5522f319bf1fc1157f1fd19cb422636bd5bd3ef7956,1,c234,c234,c1,c1
11121,265866b76351ccc5b87f2d3e0d3d653692be6ed5e0d91ebc2a211c80733550b3,1,c1,c5,c5,c5
11125,fedf9c6fddd7b456ef43af9f99425b7e1d571abe7ae1d09e4b95b3da820389a3,1,c1,c234,c5,c5
11127,539cf6bf5d9383dcccb9e6b53fe444645fd9b74351230676f154e879a062e5ea,1,c234,c5,c5,c5
11128,0dd4a271718cc6c8fdd2e74351baf1edab741e09f05be69dd792460684c6e1d0,1,c234,c234,c234,c234
11135,3422b44ebf018ee24503d07f24a4f98bd093b2ca3ed7a42e7a7a17a45a46ba2d,1,c5,c5,c5,c5
11138,cf3c6dfe125f514aff08c9eefc36d9aa375cb8986bf84eb6d911d99913068e52,1,c1,c5,c5,c5
11150,f00a8f5c0ad160d155a35f5a2de6051a48e84b9ec8c9bf2b1501d3db9da3c4e1,1,c234,c234,c5,c5
11157,246fa1a79461c8fc2e940f28a8634c05ac086603d3750f2d5074fcf37de7d45d,1,c1,c5,c234,c234
11159,622e85765102c0a5746aafa68b314e9096df3e9cf5f330a0e013f7e84c19c860,1,c5,c234,c234,c5
11160,b3fa24faa15ad1733a49c44e0514845b9ef67e186a5e47e5ca58a2deb80fc562,1,c5,c234,c234,c234
11161,7ab0546991d50412ebf5b7d5cc78612cee81132f93ec562bb4fd829bf0656d15,1,c1,c234,c234,c234
11182,4f98ed34fad488c014b7e1f22cfc99572e8e414a309186c5fe8b9b09a09089fa,1,c234,c234,c234,c234
11196,a9050138d3570c6270f34f20e7b12878ab66e9d7592aad1ec689ff1acae982d2,1,c1,c234,c5,c5
11198,8aa09c26a60e8b64ac2ea8bc44411d55f09c2ef2f6488107e65cfd965239a479,1,c234,c1,c234,c1
11220,0770b59bf0e470ddf9f5b7d1c257648818402406b3215b44f6504514b7bb518b,1,c5,c5,c5,c5
11223,569c79b2779ed58bda4e01b61bd79f11933d38d3851b9a79127f0223774ee826,1,c234,c5,c5,c5
11239,297ca0b4d7d2ceb80e003945550bb94ae98932b034305fa364193917a6f4b43c,1,c5,c5,c234,c5
11241,0d7acc06e218b9f2a4c2691b7b504efc95bbdc28301fe12742956b1c65f41f73,1,c5,c5,c234,c234
11246,d1a022f6e51ab74d0c5b9bbd434695bb5c7739ff590654b0e679d467353ad686,1,c234,c234,c234,c234
11267,ce1b39d8a079a40bcaf03b0ca0ae3a00d42b6d72d1629ae4f8192019f1cda823,1,c1,c234,c1,c5
11268,d574172fd9abe732dc5c50777207fbc67f47fe802c5b5b26d53e70188df8a762,1,c1,c234,c5,c5
11272,00db7e5b9aade23e09be57e12e6d783410483c834da7b5fc8d93752ae78486d9,1,c234,c234,c234,c5
11275,451c04323ae2bdd5d63093442299eed9b45b805152a8ce9f33d5e1dcc4534b2c,1,c234,c5,c234,c234
11278,482e42f657a7afeed082ebd667a6497a74efb86781e27e3324a5e06671504e20,1,c234,c5,c5,c5
11321,c52448613955c55f052a0015649b9246dc229ae6409b649175d4c6f68103e0a6,1,c234,c1,c1,c1
11331,03960c7e8baf5d0277b4d16a9d7952fb356d34cf3d3880653e1f7a16401caccb,1,c5,c1,c5,c5
11339,df34ed7ca4f57064ec7be7e2eb917b25435283850c96329c92296593efb32ce9,1,c5,c234,c1,c1
11353,96a85b96a996b86a67e6d9d598da9b67a8dd1ee1710cac5ae8f824db244ecef9,1,c234,c234,c5,c5
11355,76173ef2d18207a077b78c2b90ffda281975e2c43a0b7effd11eae891a23601b,1,c1,c1,c1,c1
11376,bfccdf6abd739d3559b497fe0fdf4c368f2769cc4914de31b87ba609e9041ad8,1,c1,c5,c1,c5
11385,c9962afae688ca1f221012559363628ac5b512b5714f7ed80aa34f878dfce385,1,c234,c234,c5,c5
11391,8011b0e444e1f9d6cf33b7644483d9562d9347bbc56a4c149fdf4eae7b0a44bc,1,c234,c5,c234,c234
11405,449082aea084a437f7cc15c79aa8f3b4d061818f55f155eb1b341b668a9017f0,1,c1,c234,c1,c1
11409,30c21588f1cf964e941a34b00e3ee9bc7af4c4a7ea26df1b16bcb2012fbd4cd4,1,c5,c5,c5,c5
11415,ccee22519340a9b3aa842925c36ee8af7d0cb45aca1046207090b06645b2e67e,1,c1,c1,c1,c234
11425,ab819f74e8f41fedaf0d46db304fa8342385234a8a564087dad96e75bba39d49,1,c5,c1,c5,c5
11431,b97c430cecc0a686b4723dcdf11fa51b9e3146173985817895b2e129339f89a8,1,c234,c1,c1,c5
11433,b7ee4bc5c57766c2166e1171e4e967c6ad7672e5e577ef011b0c83ea0dd68c08,1,c5,c5,c5,c5
11438,02ea9fafb8322b78697ac91f0d171b1d83c0ca2e5f52109abc087a94be9151ac,1,c234,c5,c5,c5
11441,7b85bbdf5110fa02bbff9b5e476c9b4e5ebd9776359ebd029724b64f34c30669,1,c5,c5,c234,c234
11448,4de82d033cf336912e5308b54078e0409171f9cae0bd8fa39b2932eed652db18,1,c1,c234,c1,c234
11456,c40e3860192b9d6695ac6899ccb79a8c07ef6bc638a8af09eee2872c01ef5c23,1,c1,c5,c1,c1
11457,9902aa5d91d39d17a9d20485e8d1278fc189383219a1e527d450575db8bae790,1,c234,c5,c5,c5
11460,963e707db2e6ac05f849c58957d65c520f347c5a7a094bc4632f34c69d3c0f7b,1,c234,c234,c5,c5
11464,ec69009b63f92e99a6951c6173c1f5be0965a9d027ee53b9d72f1f8c33da7d25,1,c5,c5,c5,c5
11469,ad495bba1a4c9e70803cdb0ba9dedd1bab9a67022447653af37a15330d364507,1,c234,c234,c234,c234
11472,bdb10abcb3e953bc1e69a5ede3838498c70da69a7a93f1d989bdc54c2b1aada8,1,c5,c5,c234,c234
11474,c81bd2b53fbe3ac9020d725e9cd735a879ad0c53b557bf43fe8d606c76ca282f,1,c234,c5,c1,c1
11486,a3ba2da8d3db9648dd6cd10bc1f3bcf8ad6765e3bb3cc094727d916e8937098e,1,c5,c5,c1,c1
11495,e8773fdd7a89804136f0758ca8be18b29bcf78ee917c653eceb45b725af09aae,1,c234,c5,c5,c5
11496,9c414de845cd6de09c42de6490505b73219537fe323a59d14d60bd7b5192fb09,1,c1,c1,c234,c1
11505,f205a3667b2d7052634ec3dec0ef15247b8ddc9afa3a61a7c115fe1e7e562b8a,1,c5,c234,c5,c5
11509,0cfdf7da18fa12db3638555fa8bed1f9c88a8ca5b7d06780a9b00837acf5cbd3,1,c1,c234,c234,c5
11515,16e81dee887e81862bcc7d796509c9f5bc38cc29f0e5dacfe6a77b3dcc57d5ca,1,c234,c5,c234,c234
11525,59723f3db80ae993cd822cd6e3b8127ad1487de60e8019f70a14e28a88c5c3ac,1,c1,c5,c5,c5
11531,237b62923e27eef8483f36ed88e36aa0b54812253b85992d3f12a204310934f9,1,c1,c1,c1,c1
11539,903c444919384764e14942b0e4747249de9e2cd63b6fd7e212d3d353abf479af,1,c5,c5,c5,c5
11541,6668e666e854e8b8918bea2b81f581bbfc1fed713f874dae1af0086d28e5fb51,1,c1,c234,c234,c234
11543,848b04ea00d526e4daa4938285417073a7a1fab06918cca24bf6691a2725ec6e,1,c234,c1,c1,c1
11546,4f570e2c65f8f887aeea97e065903e47a8b03f7bb66a530ac32207f7ebac61ce,1,c234,c5,c234,c234
11552,65168add0812a5c853218962198860c0111fa0cd283db5627fc1b320870e8fbf,1,c5,c5,c5,c5
11556,46b1d7be2a545ea05dc78705dab569eacacabccb4cb914272197bff57f47649b,1,c234,c5,c234,c234
11562,bd59116253e78e171e9bba82fc1fbe7c76795571115c29784c96e77f72d93241,1,c1,c5,c5,c5
11563,321dc9cf8952df6e6ea730babcea77c37475140f5f4c8a124fc69b65c8b39d68,1,c1,c5,c1,c5
11564,a87db3d5715cce46e48c174e1704cf92c14a92af393b7b0d02638e6f1f3b7cb1,1,c1,c234,c1,c1
11570,80c05b403972d896a6321fbcae134b66c74dadbc9c59dce2d489202143412c9a,1,c234,c5,c234,c234
11578,01e6b5502f65230ab97ed84db3963764917e2523110e18d908692e7fddbd21fd,1,c1,c1,c234,c234
11580,ee400f09e3f0ec83d4b650479863ee5c407adf88c9902cde1466e234a31b1494,1,c234,c234,c1,c1
11581,e3e58a7be0eca0a6c3a0212a267b20958338311f9bc127ceb6c98d2b6c770893,1,c1,c234,c5,c5
11584,b2ca968213e554c2464e2c3f966503791b344053f503569de27a6219176267e6,1,c234,c5,c1,c5
11595,8d5db680039ea435ab8d6ba6f8860d47dd5ef2008448db0d0b459ac96f6b4ebd,1,c5,c5,c234,c234
11596,59331732f46c43cc05ee2bc6342052fdf11819a891c58e02df9f49eb2cf2a5ee,1,c5,c234,c5,c5
11599,4c4e72668d5263f3a6463de80d24c92eaa18f547a424c052e3ee0f8cfce01124,1,c5,c5,c5,c5
11605,d70f7bd52d1ed81eba52f3bbdd85a62296c4ac6c24c8df84216efdf110b4282e,1,c5,c5,c234,c234
11609,39bd162f05098f29667042aad1d23a7a949bd7447bc1de006d6f6d90310b002f,1,c234,c234,c1,c1
11611,d4e0375607a4c690c4f578b96d499eb0ad983b2feaa343dcfdeea6869c64f636,1,c1,c234,c234,c234
11618,1c4d96ee8222477e8acc7db484dcafdc410394175f76993ef491e061be450bb8,1,c5,c5,c5,c5
11620,d1f5c0622b31b20469f15f7114ae44ea916e15eada3eea6f57cf0dae3ab9c800,1,c234,c1,c234,c1
11622,2f388d234415a03ad03b0fe6d95242b87c4c7fa851d13f79b76188228a7aaf50,1,c5,c1,c234,c234
11630,88989eea9e799e35ee8dd72c45a72bf32b3e555744fd42caf474629082bc9441,1,c5,c5,c234,c5
11631,1d7a1ef1d408da633a63ba15f39123d05e4e2eca4e149dba2438927a06112c03,1,c1,c234,c234,c234
11635,e6585cc3cbef7eda22cfed4cdbfc71f680f7130ae807749bb0724c75318a7207,1,c1,c1,c234,c234
11652,f04ff135c6368460a55fd786371da1ed97e54e7765e4a77af1dcc70ab64c6531,1,c234,c5,c5,c5
11654,37585b4f9c35849f01e2fabe00f351f55d5efe628f53561e433127e552b582a3,1,c5,c234,c234,c234
11655,7f958012c782f595897e8b32cea767e047eefe4fc1de4453c62214b00edc4fa4,1,c5,c234,c1,c1
11667,3aad7a4f7e9787cf05d013a6246808eb69df44f9cd3c9bbb22c9cf6cf9c9cf49,1,c234,c5,c1,c1
11670,877f234453383a981bfa4fb7a20b68c686b99d22bca4831a3b8d9658949e49d5,1,c1,c234,c234,c234
11692,66d214b9d1cd7b0e08172a9ef37367eca97b4bdb882385226b4a225d5f2932bf,1,c234,c1,c1,c1
11699,6e33937e293af0208a272d4f2a7fedd704fd9477438f34a0fe856ee63bd284e1,1,c1,c1,c234,c234
11724,ee7417b6dc6a3a1d864dfb9507c0bc7cbb245eb44f3e873431c290d1401ee934,1,c5,c5,c5,c5
11749,ae396150424efe8e1cc8fdde70a136e0885c271f90b4e4fd57c48056b8e8580a,1,c234,c234,c1,c234
11754,464d2ec1d104103671516064f8d9cbefc8502885762868e9f1f0ae6104c7c97c,1,c1,c5,c5,c5
11760,37b532bf8f68649d9580c62e2bacc14e5b06dff62b1acf3cd7be907ec318832a,1,c234,c5,c5,c5
11766,0f933c634378d654c0b7dbaf36043520b61b558719046ae628519f78972fbfc7,1,c5,c5,c234,c5
11775,c8a298386aaebe762632c3b97a42906c9ae965a0b179c1d3470ff9a386527300,1,c1,c234,c5,c5
11778,dae3edc644abf99d803159edc6c241d428de3b86652b2f76bf0121700fd454e1,1,c1,c234,c234,c234
11796,98840f52d752a96f1edfb05bf7d90fc1ebc4e6909e65683aa799b2534c93baee,1,c1,c5,c1,c1
11800,2920e2fdf9780aa41c83777f9ac867fa1246301abf03817072cb285de2df7d70,1,c234,c5,c5,c5
11807,e41fcd2c1e77221b2290ca1170ef972209ab0c0b7f8f4ee75b6674fd8061248a,1,c1,c1,c234,c234
11811,a27fc632fca3f9a73ada321b65a80a2ff596aafd912e1f1c378f5743fc432d26,1,c1,c5,c1,c1
11820,bb5292ce422627ff7d8f8d80a3047a6d2dfa9b69b2072601c149616b7afd69c4,1,c5,c5,c5,c5
11826,229d9239c3e7349c2aa322c36962348cee651ab0345e3eb0657a3a8fb2d6c919,1,c5,c234,c234,c234
11833,d214376a4a2dd42e624b4fc5a7a7e64c22f4c99fe9eaf98b644490515c985767,1,c1,c5,c5,c5
11836,25cf7cd0b47bbad67e8e31a6c1b2ff16b0843b147eebd7fd06615af6be6a646f,1,c1,c1,c5,c5
11837,c765f84aba232d52df4e7f8d696d3b7a48b25de65f40855bda2c858416c49377,1,c5,c5,c5,c5
11850,07b38db7277a622c178ad1d37a83c0015d29c3d068a709a251bfac97348afdc2,1,c234,c5,c1,c1
11860,899ee1435e0b4533dd81bd6c127e3f3996e2bc484c12d5e90663e71f6a810eb5,1,c5,c5,c234,c234
11882,5b1b54361621329823f14107a0abf2d2d4885a9185dc8f56deb649228afd9ef1,1,c5,c5,c5,c5
11883,975d6e32ce530e64800169afd104212547b735839e7ac96b27671a4147c5a18a,1,c234,c5,c5,c5
11895,7bd65058088aeab951898d710f369f85d442d0836173662f9e0ad1a8c6e03206,1,c1,c1,c1,c1
11896,17eafd5e6d14e9c541a27c89af5c9d2214e1c1559ac3bec651270c579fb990b2,1,c234,c234,c234,c234
11898,4844ba5f90ecd3e6296d72b0e1f3a70198260bfb30522a133d54851e7b134b65,1,c1,c234,c1,c1
11911,10ae8ede157ab68d4efcd6fd973c37b305103f2aeb26e2dc07e3affa777beb9e,1,c234,c1,c1,c1
11937,c146c59ece4422334f6e624477ee89d260643e74d6d4cbaa1c338894b45aac12,1,c5,c234,c234,c234
11943,a4b129f5d6d9aa78fae3db719e7091450fb0daa3eaf70f930f90ed15359e13c5,1,c5,c5,c5,c5
11958,dc2c51f2ac2fc3af3fb0be8d9bba587875e18d450da86a7b4ebebb7b98573dd1,1,c1,c234,c5,c5
11974,c2ac3d0562d917ef6e843c63188c6148029ec873e10ba18c609ebd93bf60533e,1,c1,c5,c5,c5
11981,68c2cca5eff83339ea4be290ca7e515f191955508224234ae0999e0b130ce974,1,c234,c5,c5,c5
12009,6465ce3df64dcf7496daf55074cd3dc419f2c0a7eba7ec939ab29bf2fe9fea30,1,c5,c5,c5,c5
12019,d5dca1525916aa9972ce16fa91d1bd9cd5f5d6927bd6dc8c00f684ea4ac80554,1,c1,c1,c5,c5
12021,9f01a7d769a9cb585046b0f9e5530a9443c8de79e9ba4ea42e6d76fe4f76bf42,1,c1,c1,c1,c1
12030,ba3564dd7d2779067b27b3a7dd3f5924c54bdaa59687369a3f8d0c767c97212a,1,c234,c5,c5,c5
12031,9c8206515b14abb2e50c521f019e5c57ec4144ed936d784871944400897eb3d8,1,c234,c1,c1,c1
12065,045938b7823f7cfc90b2141f66c0bd977b84cf7cbefad120dcbfc64fc32fc434,1,c234,c5,c1,c1
12071,bf7ea4b108b951137d454e21c39503980f8e34da469ab7630e74bbf5f39f7b73,1,c234,c5,c234,c234
12076,ac29e3ba4507edb4c53b25654a525d6db9fdb8dc4473e5e84935acd4b901d8db,1,c1,c234,c234,c234
12079,6992a8101b29ed1d7cc87f6a7bb227f39f71206699ab88ffa7857861f656bdfd,1,c5,c234,c234,c1
12092,a104587a798e3803ae4b959d43261cab054cd138d2358d5c2f54b720338b360d,1,c5,c234,c5,c5
12094,55d1c0798497414bde5e9e47bb2855af2122b2f18101b5e0004a4d55e4935caa,1,c234,c1,c5,c5
12122,94b6fe09379a52bf4a99125a8bad3f3635470a992225b5061e4b3be1bfaa3101,1,c5,c234,c5,c5
12129,36ad2451e66c99578421ab449c6fd0e4c0d40771b86cee2fc34b4b915e50e0f7,1,c1,c234,c234,c234
12133,96c9556346baf4f654e8eb2ab61d7166ec3ba896bf7011609029ce9eaf83a102,1,c234,c5,c234,c234
12135,20277f8b1944d86c9b029f2af209a0b13724a4196d9f4240de33efb47caf5856,1,c234,c234,c1,c1
12140,d82a0a0f2a118ff5f137c71cd426d91c523fcfccd51198a76840f8eaa9ba2cdd,1,c5,c5,c5,c5
12144,ce86551739d6650b4a8839705ec63010ec2971ccc2570cd83163dde8aae2166e,1,c1,c5,c234,c1
12145,50410fc351476ba1e6a11e236beb7c0ad932eb47aee41037dc07d8be1d1ab11e,1,c234,c234,c234,c234
12160,36367e2b45a55b9864d912a184d40da4ee6499bfb949bbece599e9b6ff6dd2ac,1,c1,c234,c5,c5
12166,9d7c1b261df8edcc60601bf39633f7e3de29848b72051d679339afd3905acd05,1,c5,c5,c5,c5
12167,0661eb30e9d2637143e167f7bb1a5ca435b4cfd66cb7626d051553523c2b46d1,1,c234,c1,c234,c234
12178,25efdf44a105ae045a79dc583a0ec52d8a48f977ffc422541adc0e50129e4a5b,1,c1,c234,c234,c234
12190,2ce259e8bf4e73b1c4ddf4349851c2b0cc7ae152ccfcc2da24f3eb09f9bf82a3,1,c5,c5,c234,c234
12199,84c1c3e4194a04af855e42e7f329d612f407d8f34b2f4604d95314a8c7bb157c,1,c1,c1,c1,c1
12201,6277bcbcbed5e42087a699f17c123c1023a8ab554ee2fdde8db5008b8a043efa,1,c1,c1,c5,c5
12209,748e66d8e42f8a8a821aa620c64b81fd37aa84cde705640045d97e4e76930440,1,c5,c234,c234,c234
12211,07ce02d9114e164fe46adb6163b5123044da898b8f76d87cd7cfb3595ba088d2,1,c5,c5,c5,c5
12248,e7a0040b3e85604b1a27d9278a70510e2a14a3b7b28ccf14e02e8608fe837357,1,c5,c5,c5,c5
12258,7a2418dbf6dfabce7955c6ac3300cdd1c7d7e7413723665c7c2391bca9cb55d0,1,c1,c234,c234,c234
12275,63ebf7419a08ef2ecd74b352bec61454a481046e3240268be2e075ad86fac322,1,c5,c5,c5,c5
12295,54140287bc4a022d44bfb62ae6113bc1785175831bb48f6d4568e9e6a354862c,1,c1,c1,c234,c234
12303,f0b2892533185562f8234a9ff2c1f5c71d80b4f63579368cc51f16446d158acd,1,c5,c5,c5,c5
12306,14f4aadf2e21d5b81d037934110dbaa8f96bd0886eae7c978a90a5922afc4a32,1,c5,c5,c5,c5
12311,2574031377f88acce5cab72ff14cf6886c2549a696d700f7b68f0a5f4c4cc13e,1,c234,c5,c5,c5
12317,edcc942488501cfe1083a1eb9f8c14eb6c4c9e6f926c3a7c6c7827c3b5faa857,1,c234,c5,c5,c5
12322,edcc942488501cfe1083a1eb9f8c14eb6c4c9e6f926c3a7c6c7827c3b5faa857,1,c5,c5,c5,c5
12328,2d073dbb0728c3998a312418af652cba4ff892fc5a5ea48e92cef0b75cb2f4bb,1,c1,c5,c1,c1
12331,fef093631257b78f5ba3f778bdeb53728256339a4fd8a2ebc17f66b85a182f7c,1,c234,c5,c234,c234
12346,162474220f5a819457bd7200befe078bec1a0d047febb8cd9505e84f6be8e8ed,1,c5,c5,c5,c5
12347,f6baa2fef20b86947d0443c6504013477116fb23d0d0e195808497d19c64e40e,1,c5,c1,c5,c5
12348,51e39e72e08dd5a055b02657ab83290a4b5ad2c83e3317b187a11e9979424181,1,c234,c5,c234,c234
12351,1159f17e3e3d809f2571d3e2fd611cd8b9590dc8ad6f2fe9344a696a76a85c1a,1,c1,c5,c234,c5
12353,6baddffdffc1e8fb52769a857335f7283780ecdce5a8627d3572fb49b0305cd9,1,c5,c234,c5,c5
12359,ec853cdabf59b950149f381ddb7bde6ee08d1cc39d73e491d98400582bae6f17,1,c5,c5,c5,c5
12367,692d2fb9b5df233dadb8f493a31acb6875a3fdce9934ac0b262377d3b1c50bda,1,c5,c1,c234,c234
12372,e6e19a51611f7da554cbed0637db7e67c028323068e303ec5fbf8c440cbe148c,1,c5,c1,c1,c1
12389,df973267338dbb93e6b193098027d4867e02d70867321d1fe89403fe78f87c2a,1,c1,c234,c5,c5
12393,e8dd3cbe7a53240a40074ce7ddfe569f7029b051c5813b7852abc463ee226e6e,1,c1,c5,c5,c234
12401,5dc790ac322cbb3ca51cba1bb3568ca7e4f8e0396db2174c753731014e7e4f04,1,c5,c1,c234,c1
12410,6d1aad1b352c35a99fcb24aa00aa5c17ff8c764f8e3f6b4d2fd155fd447b3713,1,c234,c5,c234,c5
12414,d42d79a08ccd5f29c40cfc1f6afb75d629cd8ac3169f43e4e53f0fc03847aaea,1,c1,c5,c5,c234
12430,d3ca271b94cbc434d5b15e52949c952237f9f6a362e2977545fad84f3a1f84ca,1,c1,c5,c5,c5
12439,15054e41533d7f2a95e02610076731e3709e8246c220963c5f2847d122e56ed2,1,c1,c234,c1,c1
12440,81cb33206bdc8c132ef24036f5bccc41c17ba12c53a2e4034bee67872506a37b,1,c5,c234,c234,c234
12442,4a52902dd0ebe5703865ec54e62e72e97457eca731238960507b67defe0c325c,1,c5,c1,c234,c234
12444,96bb6668ced705cf821b28c08ea4cd74298dc4163aa3afe9bd5b413ca2fa7e1b,1,c5,c234,c5,c5
12450,5db9e51ffbb7dd8006baba72b91f13fea768e81dd795a0687c05a1db08c0e5aa,1,c1,c234,c1,c1
12451,d092ddc54192f0375dabf37d4c130f6205822abdaeed5ff6796634ac9956efc9,1,c5,c234,c1,c234
12456,23162c6b35b1f9cc5d237c0fcf077644164120275024942d41a71fad25f877d0,1,c5,c234,c234,c234
12462,181755f35953e0e627af06dc10905b33fc76b74dc067095a693633cba1578c89,1,c1,c5,c1,c5
12468,345dac54f2941cae076f46e79c18509220337904ba08948628351b2ba926832d,1,c5,c5,c5,c5
12469,6ab38b726b1d56281a5149f9bd9c05ed7e7efa0e26edc060f5dba036c2f4073c,1,c1,c5,c1,c1
12470,d2a1f9b37b05eed597b2cd405b6afce935465816c6b8a610fce0d2ed48811974,1,c1,c234,c5,c5
12482,edcc942488501cfe1083a1eb9f8c14eb6c4c9e6f926c3a7c6c7827c3b5faa857,1,c5,c5,c5,c5
12487,11145a662be80305d9865e176af1d20d2ba2469b54e017c718f18076d0bfbf78,1,c1,c1,c1,c5
12488,047d72b7ed239a4beff728cc2ba8bfc35ff8e1383f76f3db8b1f68a1ab3bf6ac,1,c234,c1,c234,c1
12491,2753bd6782a254fb17a9ddf262b4c789a12ee7c5709eb2337c6cdd74487a0e0a,1,c234,c234,c234,c234
12496,8f27bc08241219d74bd1f59338b579497e64d8f9b8f652a530e28cf40287af9d,1,c5,c1,c1,c234
12503,a31de5c17cfdf01232f0dc1d4830b0edffab3f3eec3c702f621a73ad8ac9e9e5,1,c234,c5,c1,c1
12509,02cff6c0e38a58b293eb70e82c315965d02a0925f279dd7cccba1a7c677b653d,1,c234,c5,c5,c5
12518,b5f38593d92633055de273c5a0a57c5c77afd74b0ab0cbe716139a1a64752727,1,c5,c5,c234,c1
12530,e982c2edad5e438ca66ba318e84d3e027236823e4a4a84b6a2a5728030abf9df,1,c234,c1,c1,c1
12544,13813d683a12af7690c3f8a6b4445f8f8a2da0f3a4f5c7f8f7448be8af51b52a,1,c1,c234,c1,c1
12560,d5c727425aa30aa837fc4762482bd586a1df9957660c9926ee6d5e75c1d91336,1,c1,c234,c1,c1
12579,9be0e6cc5b77abe06c90765fbca57655ec07d5e78d15889061a9f40c27b190ab,1,c1,c5,c5,c5
12600,521996e09bf1cd85fa75a17c1c81b08af5e72c072e24131b78c252c2ff87cadd,1,c234,c5,c5,c5
12609,90c7dc706670319e36213b3ef443cb7524ea94b0528dd2e52a0c2f012d5c8c93,1,c234,c234,c5,c5
12613,5a2b02f44427fd8290eaacc51445c6a361748f059a872113bc9c5412fb7eff23,1,c5,c5,c5,c5
12635,606edc4f0980804b347b8dd950a4f73762b2bba073a022f18fbb77c04ac16283,1,c5,c1,c5,c5
12637,0c22f14171c9878e204bc32d2ad0fcc93e8e831fdecab3a2c3854ad2272bfc82,1,c234,c234,c5,c234
12642,30321b9f05c4b968a607b3cef96c95b5ad7b5a6647bd782edac8b4f1c6a3af39,1,c1,c234,c5,c5
12652,f32bd164b695eed4724909032dc8cbd50d5c863cc4ba71f8eacf0fd7a8119ee8,1,c234,c5,c1,c5
12655,6dc21783dcc42ab9ce003acc9df164dbec4a89aca96e02b1a71259dcaa5b7e4e,1,c5,c5,c5,c5
12658,ca06b561fb4c341875c87cc752ac7af6186ca7f532e13f1c88732776ad3ba555,1,c1,c234,c1,c1
12659,0755e3ecd58d29c73520b8006896ca4c55e18411a499edaa4e91036c2bd5115b,1,c5,c5,c5,c5
12668,edcc942488501cfe1083a1eb9f8c14eb6c4c9e6f926c3a7c6c7827c3b5faa857,1,c234,c5,c5,c5
12680,1bc88042f73dcec38e6f61eaa39750aaf7752ff9387abee4b31bd584cd21cf77,1,c5,c5,c5,c234
12711,d87d3d650309f07aa2139b646f040a37ca8b3a9f92db7774027461d0f0d4644b,1,c1,c1,c1,c234
12713,b4ef612b13ec3464cbb3ce5b33459737508713dadb92b385787b6fa77e55d490,1,c5,c5,c5,c5
12722,6a9d716a8b107df1109a89d02d0f736631550ec6fcd7f02ec8c7f652206f7e17,1,c234,c5,c5,c5
12737,6c51e7b862cf01407f8608626e84d0c9c1118204d16e294807f5b248944e4316,1,c1,c234,c234,c234
12751,38b15961273573c5f700199506258e324785b24e6be49d578a6ed59e9fb7f88d,1,c5,c1,c1,c1
12764,671d7b5d6de23d00fc82f7a13b74c0c10bb7bb1390d61595bcd6ee1b38eb7074,1,c234,c5,c234,c234
12775,a60929f66bea9b8ea40cb7d041641f0a6ef241d8fddf734ba41f1cad6708774e,1,c1,c1,c1,c1
12793,4c5ccdc61961c9e6cb6c212d822eb040a35a4542d6c6cbab8daeafdb8ee94cb1,1,c1,c5,c5,c5
12807,9bcce2ba9b2d9aca407829f40ee10efdd8c3d6f2ec08fefffb89ea692ce016de,1,c5,c234,c234,c234
12813,5aef3de1c9c741e3e4e128ec0683f2311e8814ab9198ebce4c0ee36313602547,1,c1,c5,c5,c5
12815,ea735a770d3fd6882fc36c70d7d56cfd48d7026a50eed2c73f869ef86147e255,1,c5,c234,c234,c5
12816,b9111f48e5c1acb605b551d225147a4cb8bdbb575daf2ae5d8b601ac45577c1e,1,c1,c234,c1,c234
12817,2f02b7c64192f6465ed5186a4672a3690eeb2ad98fc98a9ce0cc63a8859f5e79,1,c234,c234,c5,c5
12818,8bfe1187842a2a4f93b4dd09aef065c7bae7c28acca957c88a34ff48b15064e4,1,c234,c5,c5,c5
12822,af87442057a5e5fcd898c9f27f70f7c80e529ab4d26c91022bf9f0e2d547b34c,1,c1,c5,c1,c1
12825,8c4076175b43e4764a80691dc11d4db266a44d6da06ed49c6683c754abb325c0,1,c234,c234,c234,c234
12828,8b257913fb0a7fa8a81f5964472a7f242f929500d776fe236ecfd1306af91d74,1,c1,c5,c234,c234
12844,2c2f8bafcd5d27cbccdb4991940635a5183648b8d3f235466a5ace04faeb4bbf,1,c234,c234,c234,c5
12848,fde14e9da84f5954cfd4238dd950bf094bf06600f605a2ea8a61d1c3d3262fa3,1,c5,c5,c234,c5
12863,495a7ea2c26ca07305f7e3ef86a8470be9811b41f16caca6a4dfc5146c277f05,1,c234,c234,c234,c234
12872,abbee35b677a05ac2735fe06c205551a2e6627d7d974c779571523b1b9b3570f,1,c5,c5,c234,c234
12882,edcc942488501cfe1083a1eb9f8c14eb6c4c9e6f926c3a7c6c7827c3b5faa857,1,c234,c5,c5,c5
12896,ff7d230b8bc0333dc356d4478bc3f750dd082f4c3bcb14e4b25514ec25e10784,1,c5,c234,c5,c1
12897,8e12540ae1976ab177a01b8439fa4824151326b7646979b4b141a714a556791b,1,c234,c1,c1,c1
12906,ff7d230b8bc0333dc356d4478bc3f750dd082f4c3bcb14e4b25514ec25e10784,1,c5,c234,c5,c1
12907,f835f8b3d062a3f1220cc4c5d8b3fb67d138491c516eee47f195f258cdb90d5a,1,c5,c5,c1,c5
12908,7eb817ba99c2537f8a3a1fcccbf0a09910b70791fadf6c6420ce58c61e96c863,1,c5,c5,c234,c5
12909,55d1c0798497414bde5e9e47bb2855af2122b2f18101b5e0004a4d55e4935caa,1,c234,c1,c5,c5
12913,0a8eb7e47905a703ca8ae88c957a1df3ea2b11a31c685c108ace15665435d4bb,1,c234,c234,c234,c5
12914,54140287bc4a022d44bfb62ae6113bc1785175831bb48f6d4568e9e6a354862c,1,c1,c1,c234,c234
12927,1cf80ffc183327bf7070f493bd7e5cd1abf9ba0fa3fc07e23f460cae45f0dd11,1,c234,c5,c5,c5
12928,f1ed991a9455230bf28a39651fdcb323a54549291272e07aaf41064f07409b93,1,c1,c234,c5,c5
12933,8652f75f4c1280a10e91bba12696d9f6ca2198c2db85c4c5b7f0206c105362bf,1,c1,c234,c1,c1
12954,bed9c5059c70cd7771a053b52a1794b21ebc0cf64c613bf3935d13b7663f55a5,1,c234,c1,c234,c1
12956,641fbca51e36fdb8069697fb1673e918b18d3dce15d8282500dc5d1591aae984,1,c1,c5,c234,c234
12977,8b752c3bbd7ce478c9334fb8c43a1ccb3380e7bd653838304c9bfc76e01f6445,1,c1,c234,c5,c5
12980,ae67245b225dbfbd37131648a2d85064f7deafea3b4f3f712802f126954d9ea5,1,c234,c5,c5,c5
12981,6c244a608fd16f5d6481c75f563c43839fb6754c590b00b1e49034ac47ab8b7a,1,c1,c1,c234,c234
12988,e58c0a9eccd6255fd23636b664009ef30d26814dd7997ee6b2c53d379a15a6dd,1,c234,c5,c1,c1
12995,8913ded78297828c99f5cd9ab13bfb519f9e75ef8116136e53a27d1a200e425a,1,c1,c5,c1,c1
13003,baccded1d87e49923292c2693791adea1c99d6071a50e358cd56cdd5b709e768,1,c234,c234,c1,c1
13023,aaa2c057ae4a1a07ade25e2ea42e57654941256325fc2a20946b2b127ba2bec1,1,c234,c234,c1,c1
13024,0c7754ea542ed8a9fe11df16a9793da51aa31a70ec469199568d7d1d422cbf81,1,c1,c1,c234,c234
13028,19ca74b4bad7c077bd12e6bc58a69d77ab53cc5dde14c63cb18e7b15da797f09,1,c5,c5,c5,c5
13042,b0c80c6464c17432bc0e8a51db374cbaa12878f198fe11b5f4de86d34be3e12f,1,c5,c5,c5,c5
13045,3448786f5306750d68e71621b8cb69212c4518b4531fbd72a8299b5ca8c48538,1,c1,c5,c234,c234
13059,de8ff6d22c102d114a41db0ba2ba59e67b17f7c790a556ffde5dd487594c29c0,1,c5,c234,c5,c5
13060,8d1c433070875f7344f6daf6cfac2013d1abb5ee51052fde97ea765cdbe40607,1,c1,c5,c5,c5
13065,498b40eb5a2c34396b32f792984b2330b15f8ac9abc7363511d3d733840ad69d,1,c234,c5,c234,c234
13077,744faf92f2fd28f7c57724e616330344792b999f9072002b1d883b8d21a23c60,1,c234,c234,c234,c234
13082,29a7ef1d0df624cf42f02eac9f06f99e0f2b2acca961b75522067f88e5bf2f01,1,c234,c5,c5,c5
13084,59b72298ea043049bc853e1b60c560cd5e7fe2172a715074ec06db661a5a9561,1,c5,c5,c1,c1
13085,6277bcbcbed5e42087a699f17c123c1023a8ab554ee2fdde8db5008b8a043efa,1,c234,c1,c5,c5
13091,7931bf7e99d08b5f87c3922596bfddfd55da1358f9ff7ae36aafacbf8608232f,1,c1,c5,c234,c234
13095,645640449f983710f95b9e67534edc0ec017b97d0855b0cbbe22cb1b1ab57a5a,1,c1,c234,c5,c5
13098,80260a42d55261c7d5fb0182d4df286fdbc6ca169cc6d51033818ea8e4cb98b9,1,c234,c1,c5,c5
13105,dbb214def4048f550e4810ae4ae29c0a81408bb5d959caab6851727e4731320b,1,c1,c1,c1,c1
13110,04e97e6b292be4c6f68f9a565da863c4fe512eae926d0bd938ef22ec23532f84,1,c5,c5,c234,c234
13126,9a17ce42c52a8d5b80e5736d0127a2df0fde84602aecfaaa551f21988e1f6591,1,c5,c5,c1,c1
13129,4224ddcaa82162b368c23b44318e4b083fde4dbb6e8ac77e3caeefb20cd6d172,1,c234,c5,c5,c5
13139,fbd85f0dd7be55ecd4d8bff32c122a0d5e8f4188523c9be7cf170bdd873bdf8a,1,c5,c5,c234,c234
13146,5e362ecffd4adcf73050b8600534c07c4f9c4feb43e93485a2e3eb720da2b68a,1,c1,c234,c1,c1
13152,39802c91ec778b495ee5b7df9643b9c184c72a6127432cc02ce0b21747fd067e,1,c1,c234,c1,c1
13154,a35c1987f5780f041b79cdaf8c8470de996eeef945433e048d73b797007f2328,1,c1,c1,c1,c1
13162,a63ad09adbc08a2190ac524b7f91f9265247c4db7c22de66c82fe5300c107d25,1,c1,c5,c5,c234
13167,4ffe1849ebae86b973cf9008c3c07603de9d2d09e08a0bfcef78cde061ea48ab,1,c234,c1,c234,c1
13168,7ae8d234c18ddf89daa2c73d8ea30a8a79ec93613e1bc9e56c2ad5ded6028aa6,1,c5,c234,c234,c234
13174,ad37ea9d9c13e724499790c0d1e541be6e6b9a964b7ca64c6f711463984aeefa,1,c1,c234,c1,c1
13190,e345d060092e6779ff8fb99fe8d24e3fb0a418dec3cc97df1f63c256e50eb2a9,1,c5,c5,c5,c5
13195,edcc942488501cfe1083a1eb9f8c14eb6c4c9e6f926c3a7c6c7827c3b5faa857,1,c234,c5,c5,c5
13209,2d073dbb0728c3998a312418af652cba4ff892fc5a5ea48e92cef0b75cb2f4bb,1,c1,c5,c1,c1
13215,13b17067004ddc6bdfd8d5385521f3debc2cd1280bff07617922f9de931a93fe,1,c234,c5,c5,c5
13224,49052cc14c93c39a9e38ca94b9d21a72621c13cdf42a9a01447d01010e26b992,1,c1,c234,c1,c234
13237,eab9677dbd52b9d4415fe4c6bde5ad7d68d2ce9f926b1f2c784cb4afa955136e,1,c5,c5,c234,c234
13239,bc7d113bc709a95497ca3d01f8e01b648dc6f8fecdad4c4a2c035dc2a7c89475,1,c1,c234,c1,c1
13240,1442801b3929cbd2182f84b42b333a2417a04f9ced83bd8e5f310c6c00661a78,1,c1,c234,c1,c1
13259,a80dca2d7cb0ddd90439a8da3518707625576ca50a2448a9660c8ecb6a422496,1,c5,c5,c5,c5
13269,0ea13933d713abf452a9c037a564d01c27044503a13538fe27e2554e36fedb95,1,c5,c5,c5,c5
13273,9aa643fcb33bc9738dbb8549bdba638da4599276ce4951fcc5220c8262f316f3,1,c5,c5,c5,c5
13282,4fa797412284758f5aeca5b7aa9518a47fda3efbfeda308c1bf3da0015e0d90b,1,c1,c5,c5,c5
13286,9e98b96e7130e8d8e2c50602c9a4dfced287565428fcddb1e10986cc78760606,1,c5,c5,c5,c5
13311,d537ec3fb4fbfc78e91b025f019f98006e9de15e5b990a61be63a8a9044ef49a,1,c5,c234,c5,c5
13317,591c05fde753f4ed9f51cfa351669a821af173aed3cf0df6f5e18f90253e28e9,1,c234,c234,c5,c5
13326,fecc46314db3dca373e6ebe26819d328fd51c5f795897a27720327cc08cb9ecd,1,c5,c234,c5,c5
13327,66ac281f0cff15b1f4eb2567d288077661e7be7bde8dc30482ceadaeca1f6527,1,c5,c5,c5,c5
13328,1cd32bb125e8f45f13e072e528720d3c2964a9157a8cecc0612ec586d31282ea,1,c234,c1,c5,c5
13334,4937cbb40bc33b461b431fe12f500977a219d36e0ad41f3be33ff50dc3c65058,1,c234,c234,c1,c5
13337,6c8df95e54f93c76774c356029a29b993884b695314032f814df1493741eb07c,1,c234,c234,c1,c1
13341,2122dd604905ff9f22dafb4787b7eeeff96d550b0fb611aa69668fe1be2e1563,1,c1,c5,c5,c5
13345,5893533b373efd029c5d094baf02d4d510a4c8865062401a8618dbc110ae8cf2,1,c5,c5,c234,c234
13358,01c1c6ed9d5211edcbb472a4e29e7c4077e5f93feeac91b812d79fac0d8e9f08,1,c5,c5,c5,c5
13364,a33fe40ecc092bc3c1b5b12fd27d663e809919349e08a858a3ab68a5d67b082a,1,c234,c5,c1,c1
13366,99b20588da78fafa78cb0438282a183cad99b3e4e1713a994cf0b581cbc3a4c4,1,c1,c234,c5,c5
13368,9101e98b4519428d6e03452a108f5458164f896d214e3ad1aa7c7df0d2fbfb0e,1,c1,c234,c234,c234
13370,72ff92e229a8a86c85a924ed188e5794e1edb08b1cc6a420629cf7a80b164f5c,1,c5,c1,c1,c5
13373,eed2f29cb864ea90bb6c8db2d74f9b623315c5a29a40b093500823e554771e3a,1,c1,c234,c1,c234
13389,93ee996b6f2073a8dd9fa563f08ca699bbf5c82d5cf59f32967dce3dc73a4af1,1,c234,c1,c5,c234
13390,c775acb28630e4daed50a6ee95033a584ddd5ba552c0a3248ac054f02abd3c56,1,c234,c1,c234,c234
13393,458d2d9e9abafe04abc5775d9c21b940504661da4f2533639d65b082a89710a5,1,c1,c1,c234,c234
13398,4ca563de9ae4d9797ea38db812c71eda56939ef33803e6087f42cf8300b858b4,1,c5,c5,c1,c1
13404,9e888ce9750360fafde0333ca243cda030e9cf61d3136caf841457d1f6bf25ad,1,c234,c1,c5,c5
13414,d564c7b0ea6220923d9836b664b9ce4e80aeec800bd2006bc7676454dab80105,1,c234,c5,c5,c5
13418,ea83843b07093e65862c227b83567f0fb79baf048f6183224c24d8b95204a752,1,c5,c1,c1,c1
13423,7632c2a70df9394eb74cd1511e25c8b54279ee90b0968a41277afe27bc3b55a6,1,c234,c5,c5,c5
13428,25bfee0ee0021056cb3526770b4447da6d8502c3901a75eb28e8dd5de9bdacea,1,c1,c234,c1,c1
13429,531a4784d1cdcc3fd62e51276c309dac909a20ac4c0e6fb8d47982ba6fd37ed1,1,c5,c234,c234,c234
13447,e836d7537bc34e1a051f87a5d44d02d6d645103b2397be69f558dac5bfd16275,1,c234,c234,c5,c5
13453,6cfa994ebe37bff2e09393fb088d0c518a780a6b8ad7906cd489ceaa11a8b145,1,c234,c234,c234,c234
13456,7b29867853f04911380769aa144fb0b052cf3167ce4e3e84f7cd76cc7d6f3b93,1,c234,c234,c234,c234
13458,059c0a700e3e98ea73552c702c3b3a2fff30d42ce0424c0640b39d81fb32e91e,1,c234,c234,c5,c5
13460,0b83fb14bd3fbf01429cf25d13ac8c4ccb8c6ed393bfb1cf1e40642315d6d428,1,c5,c5,c5,c5
13471,89f4da77f24d63eb0be342c371aa6fe47e86f926c6b71578e3e584c9269b881e,1,c234,c5,c5,c5
13477,61b5ab91387d9ac63c59d7c6a09606a394563fd78c78a4687fe7ee7f7bc01e00,1,c5,c1,c234,c234
13483,e74496a507ca2b5b755c4b6370a6b0aae6b71bab85da6dc35001883650b2746f,1,c5,c234,c5,c234
13489,3b21ae65ae6aeee4bcca00782def1d5c2a6d440b5f53361f69f3640ea6a985a2,1,c1,c234,c5,c5
13500,76ace83f98b34758d482fa339fa2d6c94cb8d478b42a375baf12fc22ab2e078e,1,c234,c5,c5,c5
13509,6435815c422b3d7bd17b40468d76ff72d860b714482f19dfadf6782e020d5c66,1,c5,c5,c5,c5
13512,9ca899bd5fed9d3fce1f650a53a4ac688262cee31af2b7c76a939bfa43d3e67b,1,c234,c1,c5,c5
13515,75ee1cdba0e036761ab9f90beb0b773750f70903af53a1d0f21cc508c375a7f6,1,c1,c5,c1,c1
13517,7682af60819dc4601cf960d127cd2ff328e2cc125e4e4fc27cbba284052303eb,1,c1,c234,c5,c5
13520,6b3509736ec287a53bd540bc97616c09decf06bf1f4bbe66971b634d420d427e,1,c234,c234,c234,c234
13533,0a371eb93192517cdf0d1a1e1c5fa6afb1e717eaf737689d3fd096a2e30f31c6,1,c234,c1,c5,c1
13537,cdae0a77e15657af89ce8cc5232b64b831cabffa2fbccb61294a8d4a147c7d1f,1,c5,c5,c5,c234
13542,24e75db34b7a6c5d6d567a3f6eb051d5bddb5312f966f49a0414d1e4c0e33c21,1,c5,c1,c234,c234
13560,ddb309267106084aae64ed196347b8d3b26d99fc68f7fd9b4b31234969e03718,1,c5,c234,c5,c5
13562,fc781a10985f80a501cd17e8a7cf5727d9582bf86dddd45d88e499d172b9b9c6,1,c234,c5,c5,c5
13579,26a3e7a1b4bb7ef7290b20236d6812bb78c338ea9522e2f6f5a82bfe4b6588ab,1,c234,c234,c234,c234
13589,c1ace9d3e764412cc0ac101a388a2df8c5a9d1560e3ec9f7b04d14f1f4f013c8,1,c5,c1,c1,c5
13594,a51fb748bba6ac2e191fb1eb81ce463d174ff219793cf25facfa84c1bed044de,1,c5,c5,c234,c5
13596,3dfb023c236739acaf589f1d6e5e3c8d4db48fb1646123187bbdb331bb42c1fb,1,c5,c5,c1,c234
13618,af96e6c9dd3870fa9039f4609ff4ba1eb24da30489f51284e9efa99038643a49,1,c234,c1,c5,c1
13626,4057deb995e35dfddf6950238af46b84fae238e3859262f0125333c870ad9f81,1,c1,c5,c1,c5
13633,03ef56d937f1c5ec5e58a37e684235ef2f22bd5c9b6750d0473fec35ae86da8b,1,c5,c5,c1,c1
13646,7fd78c82eecaf5424550489b216c2fedfc0575a365d3a6f1ca150a81bfa1cdba,1,c1,c5,c5,c5
13647,37c5d833dcd917e63f4be85b1dfde0939403b0e6d6514a03d661b315ef868ce5,1,c1,c1,c234,c234
13659,f3f14b7a767fb39a75c3abbde94c345d1bfa3e9f181e09e63f9fea4c6a5f4c41,1,c234,c234,c1,c234
13679,5b964146ee57100dd12020a5b24086ce02e6ad66b5c56ecfd90347490c6f2e6c,1,c1,c5,c234,c234
13685,78e2d09b416370be101412420acc8aa5abb0adb33ca4aee04931d6f0a7d99a53,1,c234,c5,c234,c234
13686,0fdc2f855f0e02b60e5b0fa1b57a669a0727a50316dd23703338be6a744cd7c7,1,c1,c234,c1,c1
13688,85bcb5eec2043b9e20bc77e3ca3e69fe684c7a598c50b74b91b95683cbc7f081,1,c1,c234,c1,c1
13692,d86f34880697f7dd9d23ba92a76c58ed08fe615a257306806f9281b5dd9f9405,1,c5,c5,c234,c5
13698,aeb997e4d2a389a668eb8a77a28a7d8ce5fe9a2ef6e3e5b5baaa2faac1c352ad,1,c5,c1,c234,c234
13704,beb973465a7bf56626cb91872551c13c86763a4332aefeb4ec952dea9129511f,1,c1,c234,c1,c234
13709,7ae8d234c18ddf89daa2c73d8ea30a8a79ec93613e1bc9e56c2ad5ded6028aa6,1,c5,c234,c234,c234
13710,85bcb5eec2043b9e20bc77e3ca3e69fe684c7a598c50b74b91b95683cbc7f081,1,c1,c234,c1,c1
13720,f682e116bb35837da9e6c6ab2d140b9ad6d3fb0bfec9e9568e3bacbdf19716d3,1,c1,c5,c5,c5
13722,8c8e334c844baddab3f60611fc03d4b3408fd7ad8db91ff27ba21cdea3336dbc,1,c5,c5,c5,c5
13728,b7ba96ab0cd91e632951a064e5b1b19b00bd46c1524d35c79fe5f4fcd9e1ee95,1,c5,c234,c234,c234
13730,25cf7cd0b47bbad67e8e31a6c1b2ff16b0843b147eebd7fd06615af6be6a646f,1,c234,c1,c5,c5
13732,611e299250b58a721eaa23010a24e63e05d3d0371f550a69e6f682a7443c0a73,1,c1,c5,c1,c234
13739,082aecb61bd756aa42c83ed3b50ccca16a312b7c7d883c4b92b19b37e8b583cf,1,c5,c234,c5,c5
13743,9c29cc76f1cc23ad0c0aac14d9fa101bc949ca79b505537f6ce36399937a7c74,1,c234,c1,c234,c234
13749,cd34297ff649ff412f6651de3ce63824d70eccc69700c663db3247dd6bc2a13b,1,c5,c5,c234,c234
13754,c02a586a465ee2dc942a9740c973792f45140b8be448005e3e54d84f34bf6486,1,c234,c1,c234,c234
13767,94677de38acfc346b0eaf196a04da6b2c73d33516265380c3bb46b7e3f212811,1,c1,c234,c5,c5
13768,cd2c827e775be3afd057a0bb5ff5ae606cf0a74121bc7e6165bf384607e7e2a4,1,c1,c5,c234,c234
13775,a37b307bae21149f34d264893fe385c40afc6a3d9b236e389d6e8f1dda337a26,1,c234,c234,c1,c5
13782,eafe35027f67915743b9760b9da8f768f365a94539fd937d1ee4f3328aa1d6ee,1,c1,c5,c5,c5
13786,00436d0f770a9cc31b1ca3b2989997a08259750d1220a7424df5a82d48c1e5a8,1,c1,c5,c234,c5
13793,2eb33b072ca64e13e8c27648601835898626768b0986ea5a74b7214ede7f2b96,1,c5,c5,c5,c5
13801,9dc6569a0a98df969a7e6753e2ec53c0cf14a142dfd6a2b9be14b14d8ae742ae,1,c5,c5,c5,c5
13805,f3a01d09b15c9f47be213398ce2d993044d62cd21f2a18fc1716ed515b227a9d,1,c1,c5,c1,c1
13808,6c244a608fd16f5d6481c75f563c43839fb6754c590b00b1e49034ac47ab8b7a,1,c1,c1,c234,c234
13816,a054f7706240279b2a43b3d446950a04c3fb5b0de7aaae554b197097fa3149e4,1,c5,c5,c234,c234
13845,0f037726867a70039542d6b1503f6427516a75e3a77ab8f3cf6cae2ff341e638,1,c5,c1,c234,c234
13852,02684ed392a0d6e6d5c7b432ea2d34f7d3b19f0134b458c9b376111fa8769ebb,1,c5,c5,c234,c5
13858,6c77bd3e2fda0eac4d1e859b08827dfad95d56c9addfc28edc15a4b85bc1e539,1,c1,c1,c1,c1
13868,8002c05d9b8f75066cd344c458cb55f0d0d050af248fbac64a895c1b7d644823,1,c5,c234,c5,c5
13871,c3ff3aa8d0df96f9f0e7763100ce122c41e27e1153b35a1095be6b399730c5ce,1,c5,c234,c5,c234
13873,912e2a0ffee4b9de6db1bb27af04dfbd556d5fc6a98b32816b9d14631ea39b54,1,c234,c1,c234,c234
13890,4f36ac9fd7918734486aae2733d8b6b3232ed0f515d0e749d21ccd3f1aaf1a86,1,c5,c234,c5,c5
13891,0695bac5f35cd753ee6d40649d89e6d1108f629374b4de197db1e23d4523ea57,1,c5,c1,c5,c5
13894,c8e5947e83d5068bc958f705a1ad026884b0946b0088ca0f00415f6db462e4c0,1,c234,c1,c234,c234
13896,bc1e18f4cc2ad4528a87b8dfba077e8cad0478ac604af5bad4b3c06f90687568,1,c1,c5,c5,c5
13905,af5d51788269870ee67e79af17279bfe7c26a0c0bd6f6174ec39350f2d290966,1,c1,c1,c5,c5
13907,174c3e42889392f3fb2c2b9f7e86ade2baabcb81645a40c6765e252bf0c83b70,1,c234,c5,c5,c5
13917,3894e47b9117fa0fbfecc24b5876eee9a0fd17b13a017d18668c3d31af0db3bb,1,c1,c1,c1,c1
13920,e88905443341f5fdc2c8a460f325b26d801d589f96989df63fb8e49f776f4f28,1,c1,c1,c1,c1
13934,1c7e50e61119c123ba3133ef0812ebfee74f6efe407ef32b2fd50f1d202add4b,1,c1,c5,c5,c1
13941,e2d30ec683bd4858153768999fbd1111d295e7dd0aa5754771e8655deee591f5,1,c5,c234,c234,c234
13942,ec946d295a7d3c83dc2bae5e981f55d18d97861a3879ccbb04c95cd7d2dbaa9c,1,c1,c5,c5,c5
13943,674e011b6d180a3c56fe365ea6b4102a5fff0755c8aba7b902666913c3b5fd89,1,c234,c1,c234,c234
13964,abcd09f6a024428cb21d11d03083bbe6e31ead819921921468f8e72047e2695a,1,c1,c5,c1,c234
13982,ab104ad11ccc70c80a0af2f1c70ced2634f513f03470b79841cbc201e0b7a522,1,c234,c234,c5,c5
13986,8e60d37613a3c3641d95aa071fc1c391f654dfdb365b423645a108680efeb618,1,c5,c234,c1,c1
13988,4ad1b0c9668716b77d1daf4876528b00a5e279b34598de11b860f7ba93f428c1,1,c234,c5,c1,c1
13991,55b9d91135596452c2962be1bdbe7e1c124e473ab59b3aadd8f3466a54165440,1,c5,c5,c234,c5
13993,fc3ae7960449a32c335b608fc04645d5c3148e6dac018ae27c0c68182ccb1073,1,c234,c5,c5,c5
13995,5e14af00a20084ecdd66ad4b9daefab28e67a60dc460a909746906c1912dba6f,1,c1,c5,c5,c5
13997,a8b12b6b28e98c339173f3d15b521bcf9edce020040ccf531a42c5c4f5ca5464,1,c5,c5,c5,c5
14006,9c790bd6b508a12dd84632d6dccd30e6a026e90cbd33b52c4b65638037a6ed7c,1,c234,c5,c234,c234
14023,12e7d4434951e791311b93467f1533e333179cb569b0ec4070054e5e2866e77b,1,c1,c1,c1,c1
14049,e386b923ab00af588fca4f9c9e9ae49cf47c58daf0f2db9238854eba448d10da,1,c234,c234,c5,c5
14056,ec3408343f0b69a86ed92a6e8a9f97d3f53e9a41a41ae93154c9d0efa5d40351,1,c5,c5,c1,c1
14060,2eb8d2fe83780954f04f652e7da19462806684e53bafe0825f1c4f12385c517f,1,c1,c5,c1,c1
14080,b1626b087666cbabd8e6b0e6a359c942dbca9e203ae14a149baf2adbb135dcc4,1,c5,c5,c5,c1
14085,0ec0aceda8401ffd6b8d4c96d3fae7c0e0090694d82209072e4779a41ff731ca,1,c5,c234,c5,c5
14086,e2984ab32395524b3b8abca194f8b123a8cb7b83366e1fef990595fe5628b62d,1,c5,c234,c5,c5
14092,282f596221e0003259c36e8ab3193b8dd109d17896e05bb4d963c5e8bf17d4ca,1,c5,c234,c234,c234
14093,44d47c868ea0e33b7969ff29f9436add2a9992a9019f33420916e651a17f9484,1,c1,c1,c234,c234
14094,16d0c314f748c722190d2863f85bdc78bae8ba01339de5480de72f8d06383b04,1,c5,c5,c234,c234
14098,c83bf1676a27f2484b8da3e0a1c0a91b0d5361c6f4630ed45ac6f465fcace53d,1,c1,c234,c1,c1
14120,e241e0c69e656e959b1817a17c2aec8d64038ab8de2da67d7ec92e02989667d0,1,c5,c234,c1,c234
14123,db7bf65f3573e33d8905851ac6c6f94633ce8cbbded68caddc626424bcaee84d,1,c234,c5,c234,c5
14151,931776037dba503cd38c6f602b6734518a8faede677bb554d7a7cfa0074209c0,1,c1,c1,c234,c5
14159,56808ee683c0f0e79688aba6cb6f407f2f6fcf023c05e6907b3b33e54eec9a12,1,c234,c5,c5,c5
14161,a489dcd8f828364e4712ad41b3037f0cfde05e33f1950b5a55ab7cb399e635c4,1,c1,c5,c5,c5
14163,d891e7a26da78e29d49ce616ae95efaa516cd6266adde762b44fc284ba38ec6b,1,c234,c5,c5,c5
14170,eae4f5de8cb16fbc5e338873a1abe6aab1e933ef6060fc08fa55225d4bb176d0,1,c1,c234,c234,c234
14171,e49546491459dcf4de39dbcb2a69adf628e7a7d5c216413d455848ad50f4e8ba,1,c234,c234,c5,c5
14176,867ab7fac908d09b3f03132478c99a8efc769388dac0dd531305351b0cfbd4b6,1,c1,c5,c5,c5
14190,6c0042a2a6aa7504515c0fd83cf86bceb1def05ce217936b6162ded8689a12d7,1,c1,c1,c234,c234
14193,bb801116eb543f4974b653b3162826be931c6fbabf09a625b69d68b53478a0a3,1,c234,c5,c234,c234
14198,5a062fb908bf83a0bb36373edf57de47dad0a51457e0cba56b3a42e462d89aaa,1,c234,c234,c234,c234
14203,e91b3ea4b31cc2b7968bfda7c3d49968eada9325dbeeeae898c5bebe69749a9d,1,c234,c5,c5,c5
14207,1e36cfe5a5d4906120833104d85c3e91b14c7620d98cd065f6e7f42621ea5d3b,1,c1,c5,c5,c5
14208,a5bf6fc67a781c5fde55a1ab9483b2c6ddddbc23393b98f78dcd92ba8da11e40,1,c5,c5,c5,c5
14209,d1d9aba7effdb67c4f83e0d0b454f20caa9575dd4141347fc93d0993579fb25a,1,c1,c1,c1,c1
14210,2a3d178256fb10092b910282758de0e4c32b3db96356b1162d58c43509275aa6,1,c5,c5,c234,c234
14219,a8f321ab594a55908115e8f222fb2afb3d880156badc7fec0362e2087dd2b264,1,c5,c5,c5,c5
14220,62e2f66b1bcc675e57126ba4043579b6cfd46a8131453be00fa5dceac2fd9f48,1,c5,c234,c5,c234
14223,3bb4f5a93850ded3cb9f7e0091e9074eac88e8f6f4f0ee66fcb8c69fadfa4196,1,c1,c5,c5,c5
14227,a3d8992f1418554d62445bcffbc478e84ad99df60df920e0d4a10956b791b451,1,c1,c5,c1,c1
14250,ce00d4f046be61e96795e981c6e5181c2e91bfa4567b4d90764664fbe438eb9c,1,c5,c1,c234,c5
14253,042d9481c95d61a316b8324dd171667674458aa47123497bcfd456cebc689f19,1,c234,c234,c234,c234
14256,7a4a1f4ca6fa4acf0b2fa6ffa395245b4c4d7bc1926eb12fe271aed8a0df295c,1,c5,c5,c5,c5
14263,9d8d92c10b6bb14bc775bc2ab4920556400e20fd14d65406a82b9269f52afc59,1,c1,c234,c234,c234
14272,add7a22960f2edca6669d54fed6bd3b14e8e625d8d2fe7baad5809fb3c9d8159,1,c5,c5,c5,c5
14273,3e6eca5a2a16bfec1d50bcfb9f9b947956db26957897785f2ff33f5452a9fa73,1,c1,c5,c5,c5
14276,1d443931f2f07d2177c091dff17c3dd5651d99d00ecf97f6a0bb8c3242c25333,1,c5,c1,c1,c1
14284,32844194e7be7f75f7c2478e68c0305d3727a6f7b8156e22b95a347c9d1e404c,1,c234,c234,c234,c234
14285,8e7f98c2b278ffac374b03095fbcae05f1e6bf71a8364b28f2576d96b5da2c89,1,c234,c1,c1,c1
14318,cb550a1977f129510997f6bd3a74e26ea44eb0680a05afc5d11d3a38ac0e981a,1,c1,c234,c234,c234
14319,1703da6480e1dd6cd5b697eacfa78d6b0243d6f906386a661e99752333fb612d,1,c5,c5,c5,c5
14330,1a0d7442e9de8f1c11ceb6633368f714f7f04954cbf32e1120ccc0643958281b,1,c1,c234,c1,c1
14349,4d9b91f046094826b4808e4a47da60c7813f7134da58f57344effc4e4198a61c,1,c234,c1,c1,c1
14359,a1267dcee9e87d47180ac563a4b95bdeea46378aef55283cb73475dbd468d78b,1,c234,c234,c234,c234
14361,75832cf63d833f1b885fd99c5b24f634b68e24da76c79861f0617eb6c6ca4fbb,1,c234,c5,c5,c5
14377,606edc4f0980804b347b8dd950a4f73762b2bba073a022f18fbb77c04ac16283,1,c234,c1,c5,c5
14380,9a86098f7f55ef755bbcd1efea77295ecd8e1f05c79e91d6af47f6dd8aa1f05b,1,c5,c5,c234,c5
14406,daa3cbf45f3d33a94581e8c813666eedb4c7365823b71ad61b8066e4450bb9ba,1,c234,c5,c5,c5
14415,2cf4723344b2c09d4e61e7cf60b66ade618a3b271d35b4ca327f6d8a77e4a63a,1,c1,c5,c5,c5
14416,dcf7d82a80aad72010e76cbc9617a06c0d1ae513e6f253c7640c484cecf26e16,1,c1,c234,c234,c234
14427,6b6cc0b82d2e07e18a610db0ef2ca1734a8ccfc0ada8f095a07fe2a9a6ebdf47,1,c234,c1,c5,c5
14428,3704dec5fd155cf7d940d37220177da31995ea3d1a42300e465eddb92e2ed4aa,1,c1,c5,c5,c5
14459,3c15161dc6f76529e13e51ea72b02b8dbd04da430c625914056f27f63dde4643,1,c1,c5,c5,c5
14460,d606b0c0ed6cf1824398c41fc79415f4c8205726097c398d9a5eec5c070932c8,1,c234,c5,c234,c5
14472,d98fe6bad9a510a726bea27bcf1242180d7861e3b2131412ff588ac831b6630e,1,c234,c5,c234,c5
14488,13435729330c121791b3e8f1d622bff76511d2203e91df14264ef75f49223a1f,1,c1,c5,c234,c234
14505,601bef7110d1cfa7270574e5503e97adf6e070d7a4d4ab8f7cf2cead4c930e33,1,c1,c234,c234,c234
14525,ef83becdf21368af66257687fdbd1886f4d61e644a718e94f3847462bf6ca018,1,c234,c234,c234,c1
14532,e259feb565d97b6714f186a258e9242e500f8518c8cee8dd6e9cc4b614c1af82,1,c234,c1,c1,c1
14539,ced067075a39706533ffced6bdd349860ee7be9fa344b8852e71fe6f1ed2505d,1,c234,c5,c5,c5
14561,b882af84a2dbb23f9dafccc79c941069bb4c3cf8926c582127911dffceacf5b0,1,c234,c234,c234,c234
14568,4b1650b793bf8ee03d7ed6996c6257b54c5da6e0fcc983e4b9f2968dbe6c4b27,1,c1,c5,c5,c1
14572,67693b68f3559b8a8022730432a40bc44f0478e3f3fe8364a36ac70e04f65e44,1,c1,c5,c234,c234
14584,78694f4eea9efda3eca310289dd73f4ae10db1580cddc3e1ec35db11188670cb,1,c5,c234,c234,c234
14592,1e12b9fb55696c3e3e59e8d3695048c6d9da0d604e903ee63b5ee54208cffbf6,1,c1,c5,c1,c1
14625,996dd54acbeb2f64a5537cc3298f4bdd6252c86d14bf4437e507bca3e8c45f97,1,c234,c5,c234,c5
14646,36516d90e2aa2a9a4b4ebad61b7fe89a48689047c7f8362f99fcf0c29ef991ff,1,c1,c5,c5,c5
14651,0db5f7c27865777e92e9e4c957124832215a5c957908c80d6317c6933674f1ee,1,c1,c5,c1,c1
14656,dffe93e6ada114f3ebc1c71e8a914519c860771843110414e5024dee56bc4125,1,c234,c5,c234,c234
14664,752bb56a1be781e3e01466e7f73f9dae74ddd61ce02cb19a98d474f1b0ee8f0d,1,c1,c234,c1,c1
14666,0623e941a1c95e85eae3615fe5b10bb4d3a1d1f686e6088e51556cb0b0ccba24,1,c234,c234,c1,c1
14669,5507cfda838333773f987012f71eddf9c42d85e07a671f7071a0dd766afce8b4,1,c1,c234,c234,c234
14709,0b0fcb75ff130848a5175c8e64ba32024a6af2cd58190a312d1cd7b4af34a95d,1,c1,c5,c1,c1
14728,29d1e0ce69dc6353622bd307db8917fe407690bb7c6dc53534bd1d25c0698642,1,c5,c1,c1,c1
14731,b788e71d0cf60147496a0e678f6949b21256ac45da69ba503b29974c32bc4b5e,1,c5,c234,c234,c234
14732,1d83e860066eeae732afe8b2ddd85ceb281d5b7a16777e936fd136e26eafcba9,1,c234,c5,c5,c5
14746,8f9e6f55aed0f393b37aa4972fe7402dc70c8dd1e68583499f66e4b9eef0f600,1,c5,c5,c5,c5
14750,249ff1f228de99898f0d692a76605d59199b4b7b0174c6c06b73c612f615baa5,1,c234,c5,c1,c234
14762,7d7efe106c0e3d8284b0702b402a17db05b3230178ba5f41ba3add5da74e1ffe,1,c1,c1,c234,c234
14763,7ac7379caa6e336c8f8c3c1216807dab1e453e7c67d8a35fc215c8bd2026ca76,1,c5,c5,c5,c5
14765,176451fe13e41d55161ab980b1630d133338f89ff0bdae798e2a7336f6099cd2,1,c234,c5,c5,c5
14777,74f63a1b87b8b15ca1784ac73111dbacc1f27317cc532ba3817f4ea43eef99e8,1,c1,c1,c234,c234
14780,8a12f1444f6f4669b02c3aa9af69908c40ee7a0bf2d5addc0a928470fcad370a,1,c1,c5,c234,c234
14784,d7e17895dfc7551620c66c6ef4217f86f91b598e6c8027f47069939d1e653304,1,c5,c5,c5,c5
14792,7a8bae54d50edf89b1921dda1f02d719763141e98fc02e791648f42640647321,1,c1,c234,c234,c234
14797,b93210d0028d2ababd441cda0f593dec734540315b0e2cd378487b041b54859a,1,c1,c234,c234,c234
14830,3f9ff13e6e9a2c8ed95cee7f4d3ab61559e7ad9833518c14c7caaa55abaaeff0,1,c234,c5,c1,c5
14837,c82ecafc4f20308fa567c60bd412c6e970f6b8c6180baefbb6193009d1c78361,1,c234,c234,c5,c5
14845,0403212623559866c0eddbdecdc52718e630abddcb4eef5b13396df34d62e2fc,1,c1,c1,c234,c234
14853,d9040b8032c56897eb1c07df92d52cd450e0c046b2b3bd7bf6da9164aa73182d,1,c234,c1,c1,c1
14860,b5b358e422329a6309eb5ba3bdca9a8fd0f6d4691e2599562545493d6b34541c,1,c1,c234,c234,c234
14861,1f062e4ec43c678f1af993a7fa1689e5f9608ceec77eadc4a24b36b906a6789f,1,c234,c1,c1,c1
14863,b43fa59f5a9122832b19697ae6357841bd07c0dbd4231949d52b3a41f490ccc6,1,c5,c5,c234,c234
14865,f98fd52a8df2371935ee6113660f9835e38549f6d9d7c89fc0c2d3736e0475dc,1,c5,c5,c5,c5
14866,1c2b8a4128b97469001e93bb55db25d1b8b750257cc024d2360ce19a22de7245,1,c1,c234,c5,c234
14877,be86b66292bb82d1f14c400e9288d95706fa84ba48b8ef9cce250dd615ccbc21,1,c1,c1,c1,c1
14883,6b8e0fca0f9f99316e9158afe90c7102123017fc4b8a06501392f843cf9919c9,1,c1,c5,c1,c1
14896,bf4af06f17929d95f68a81a8417e0411d05be3ae784060a0177f8bf3e5d8c4ce,1,c234,c1,c234,c234
14899,6672a17c8b9fe050731d192512a24c77573bbbec72ed9d46cf26c60f775d7ead,1,c234,c234,c5,c5
14901,4c90f0403c1c2f98675fc01a49044413865d9698057d1714dc3621fc42282381,1,c234,c5,c5,c5
14907,4e1100b4a77f5ad192efc03fdcfa99c1e98c83c8f968f5652b59cb1ebcdd1f1b,1,c5,c234,c5,c5
14909,6c244a608fd16f5d6481c75f563c43839fb6754c590b00b1e49034ac47ab8b7a,1,c1,c1,c234,c234
14918,edcc942488501cfe1083a1eb9f8c14eb6c4c9e6f926c3a7c6c7827c3b5faa857,1,c1,c5,c5,c5
14923,edcc942488501cfe1083a1eb9f8c14eb6c4c9e6f926c3a7c6c7827c3b5faa857,1,c5,c5,c5,c5
14929,edcc942488501cfe1083a1eb9f8c14eb6c4c9e6f926c3a7c6c7827c3b5faa857,1,c5,c5,c5,c5
14969,3dd752a8bd6c5dce3a2c2a9f066a3d2077dacd039bedb11d41754bc48be53114,1,c234,c1,c234,c5
14980,e069716d9e0869e8e412c0475a7f54742687c6982585d38919dc261aadbdc4d1,1,c234,c5,c5,c5
14982,4653fc3e86d80c73d01818a92ff06a21e7a500b6450e3dbe1136a3034ad3e307,1,c234,c234,c234,c234
14990,a8505af3d571c128a9d948b52a0936fb462ec4ea27d7eafb4b580ed90703495e,1,c5,c5,c5,c5
14991,14cd0de13e062d468b81958e7a6cb46acc9a65854824f6f51767787c5070d034,1,c5,c5,c234,c5
14993,c801caa9a0db62cdcfdc94cce5c931ffb3091b78b9025490c052ad2b3d083fc4,1,c234,c234,c1,c1
14994,6356e9302917ce66075e04c688a566f8739c69f40897c693e71c7f04a0e0a11e,1,c234,c5,c1,c1
15000,90030b0b5efe9b5a769a66e973edc675e6796ef5658c4c0c4a20b9488fd07b3e,1,c5,c5,c1,c1
15002,d4f64d6665b1f7da246c0d44ea4ee5ed42aa45e502e20ad990a9544ce595e0d9,1,c1,c1,c1,c1
15010,e6be29f018c69f30a63732fdd609fbdb4430534931ce198de2cf685aee8143b4,1,c234,c1,c234,c234
15025,b0097ef091dcaeddcc4e096a352ad2eae1f6a3772047119b84d4f9ca491aeb48,1,c234,c1,c5,c5
15032,8ab94484dab0fb9b84450e897553a9c0e64e92aeb303c52eebd6cb811c1a59e6,1,c5,c5,c5,c5
15043,c8d16056bb63cfc0158147ca0a5aff208a18d19c36bab436bd1660c999dd1414,1,c234,c234,c5,c234
15057,cbea13eb868a3c660a0803b7e76bbe09dd82c84c114f21dac1afd7581d879031,1,c234,c234,c234,c234
15060,94da87ac9896b0ab6faf7e8ef922eb8f32c9359eb0093eeaf76083cf27a2c6c3,1,c234,c234,c234,c234
15074,8a211de64f8a48becb972bffa10f1c5b08d4d8b0058871f0faa1cc6533d96350,1,c234,c1,c5,c1
15080,ac145c1791d6f6dc738d9b69e5468691b4e5f7dcba5a50b432a82f87df6bc4e4,1,c234,c1,c1,c1
15099,937cf86d2428de78a8a70da42075961559a003d4fccf7e8b4b6dbc2f21adbff6,1,c1,c234,c234,c234
15115,b1e93602163b371973ef9b489e2995d5e1c5f8686a631cbbb09839e604afda9a,1,c234,c234,c234,c234
15118,fa369900f8a994fd518c82de51f4e7c6d22008fcfe83083cb641e9caf0d24643,1,c1,c5,c5,c234
15128,5baa8f4fc0289281c1f882bba1780687a78de97b6fb0050c636a4b28c54bcae2,1,c234,c5,c1,c1
15137,95c91994f7ba48d15f9c1033e76f8ec19b22526f3345e0958e1aba5fd2922926,1,c5,c234,c234,c1
15156,e3f46652e2d9873ce5556098142da6bf257eff863132b8922fc94b527f7f5f75,1,c5,c5,c5,c5
15182,e760f84f86bcc157d8922e1b2e62fddb9dcc019648acde54ac318a69e5f0d5ae,1,c1,c234,c234,c234
15211,4e6ed55999e5a2b3ef642698be02723d8139a3fd92d43733eb098c57dc5c812c,1,c5,c5,c1,c1
15214,c635f19434fddc8b98b563f4bc3d2a804bec9bc8e30090bc10db7f3bf98fb95f,1,c5,c5,c234,c234
15257,0d02cbd6933e41cff5eecb11ba361c4d6898b9db643d27dc4ebeda047e7006fd,1,c1,c5,c234,c234
15267,616995e27b66b44eb1ce3711624baf411b05ba570e1c1ec0f264dcc8098dfeaf,1,c1,c234,c1,c234
15274,3ebfbefc8e6034658c6cd3f3c671423fddb6a33b40e3ecf49df152c56d5d3d76,1,c1,c5,c5,c5
15292,7612973d04ade1e8b5c5ad0da3fa335547004c3050841f051a8947ff4a516edc,1,c1,c5,c5,c5
15306,4a81479e53a453c9d82f09c0d9c328979b5c8a0fd6e5f7f198f6ca52f48ed775,1,c5,c1,c5,c5
15324,b96e1849a44381ebb538700f7a3fd00c9744e1e944dcf3d03e2f996ccc0098ca,1,c5,c234,c5,c5
15342,e8bb9cf8a1f6ab1cf0798eecb21c57ac1f20e31a3f3b39bf44939c5151714265,1,c234,c1,c234,c234
15348,59af44cfe402a6635e110fd41ea0db97c9daa2271c6be922cbc7a04650298f35,1,c5,c5,c5,c5
15352,beeca0cc7ecacac0bca855eae53171f0ab119e6b22e6168a337a2cd6d0904c30,1,c234,c234,c234,c234
15353,baff0664ede43fc0d9b348bbfe630770d9a484379e213dab77c3d7a294ff4f76,1,c5,c5,c5,c5
15359,51274d6ec86dfea65f8e7f635c8a808fb0de7e0c772a8c27c8dd1f173360b15a,1,c234,c5,c1,c5
15362,b0a175d4a7a073e5a900792722f5cf09cc2806f419a735259fb9b51cc3d4e938,1,c1,c1,c234,c234
15370,41d7e976d4846e7e17490129b6598e08e639edfc3132e71f945b187a33cfe843,1,c1,c234,c234,c234
15371,96286cdaa967417b96bd37b5935d0bcc90bb7bed12608a56b9ce01feb847fb1c,1,c1,c5,c5,c5
15385,24932ccf8d686012523582be1b02d00bd5fa1c2c7db2837d477f7f5d6adb6311,1,c1,c234,c234,c234
15387,454671260c996dd03f02a5ce9d313b3c375026c9c359c7c1c79eaf0bb5f5fcb1,1,c1,c1,c234,c234
15393,06103f1cebb69717c8965f02522712d51a3b0eed5cca4fc49710a43530e98eee,1,c5,c234,c1,c5
15396,90b3a3b569f2000896f8374c709c3315d2aacd67dd0b424c6935c2a5f66730d5,1,c5,c5,c5,c5
15398,c6a3b15da8510a5bfd4ea5405b3e5853dd85be15fa8c7e5c73e886bfd9ffb71a,1,c1,c1,c234,c234
15407,fa7b95c5a10869679234408e3c245558f6b86ba80da027380e37105c78b19316,1,c234,c234,c5,c5
15410,69612c4c977754e237e4a1166f7b440e3c70467f8e8ccc59955bbe6b2683b9a2,1,c5,c234,c5,c5
15413,931776037dba503cd38c6f602b6734518a8faede677bb554d7a7cfa0074209c0,1,c1,c1,c234,c5
15420,4e977cacbcac6959484db63ac2854f937ce38d4aea74eef5bf219275fe9f792a,1,c1,c5,c234,c234
15422,42ae0e135ab1c5d0b7979c55f83c5db0046b7d3e821c46474725e1c85ee5b566,1,c5,c1,c234,c234
15436,bf645226ac06076a11409459a6ff0e12f5722f5fe9b0d48193854a859297a0e2,1,c234,c5,c1,c1
15442,ad64fdbd21d3aa2329b9e69a8c0c939f1bf20678ba444ed015f7a28780f48deb,1,c5,c5,c5,c5
15446,72a6d21af5d29e95c8c97d7961aa526b7b9d3d47af204154630ddb57052ed1ae,1,c1,c5,c234,c234
15448,d8d16916391f05edf1861f1b84deb560c2bea7c8d4e7e33aadaada3a7ca4e7af,1,c5,c5,c5,c5
15468,42fca549bd165beb62225623ffd4824c7b16bc60a87205c6f7528e7b4af00917,1,c1,c5,c234,c234
15470,5df074e2e908cb11309a656ab25bda6032cf430df79f10f4872cb9807ca503c1,1,c5,c5,c5,c5
15472,a2b3e5d8c57a897dfe1d116dc08f166aefac3442b800714cc348b00ae80b65b6,1,c234,c234,c234,c234
15474,2064cc2eb5753eecf6340bb08c771b6c935a92cd92e37f83054a806b1f5fbd02,1,c5,c5,c5,c5
15475,7d68ec87afe47bb7a7409a241c9f1d5146b15f0015d777516f140ab8e5ba3448,1,c234,c234,c234,c234
15481,eb7663ce8809961aa02b389bc1a335a892ee01051ee228ea7d2764fea7a3c6d3,1,c1,c1,c5,c5
15482,20aef404e09a18a5deb0f427569833a017f73865689658b011530e8184543dfc,1,c234,c5,c1,c1
15483,58323a0d32a033cd936a3fcb64d3238f3fba0ed6cce2bbb1ab2f4cbccdcc91ce,1,c234,c5,c1,c1
15489,00b9fba65cf8fdea45731d2c42fae03b7faaebf9f2e38514ba410ff70f9ab59d,1,c5,c234,c234,c234
15490,690a5ae21452a85571fb86d43303ce2a962ed029556592e092171a68a20cb0cc,1,c1,c5,c1,c234
15491,f97bed9b0a5eebfe6fb58b38047f6835fa54f1d68b22967a6e0a21829a3d1b62,1,c1,c5,c5,c234
15497,da69f2ff9c2cc7a6cda3da1e7997368a7076543d72182b96d8164552b4c8d91a,1,c1,c234,c1,c1
15503,47320c9afbb2eb6552730d6de05109432f73b9369ae6f13b193da4fac8eec72e,1,c1,c5,c5,c5
15519,d564c7b0ea6220923d9836b664b9ce4e80aeec800bd2006bc7676454dab80105,1,c234,c5,c5,c5
15541,5c4e19a12b197388315b558f5e5dbf606fe28802b22836ac00caa365047a5d18,1,c234,c5,c5,c5
15559,d412fb1a4e0c8da41a92d56b4fba4a8829ccba71e16f49a830c822629fd6d3b8,1,c1,c234,c234,c234
15560,d915f445cddb75e52c8c7eecc4e4d903bd74fc12c8fa297a86fca6876ee782db,1,c1,c1,c1,c1
15567,5fcdc44c48552c93f68814c272307206e170e7bfb16ae08fd6d4115c75f28fea,1,c5,c5,c5,c5
15576,c38de4a1f43eb4eb67ede9dc71ef33911064be0b0d542bbaa491aba732250e2f,1,c1,c234,c1,c1
15578,32d3fbc8d5e313ed0da80fada3d8d0ad6e98a204a6fe693c9c2921214e860c2c,1,c234,c234,c5,c5
15581,dbd72317d4cb2a5bcb9e297de42dc79adda211c4c116a294502328b3aa87692f,1,c1,c1,c234,c234
15582,841564f323320f7b563b51c9a52ebaeec32f04c86757cce467a9f1181cf69b61,1,c1,c1,c234,c234
15590,8bb1cb3dfc080edc1e588cab60f52be5897d40fecd080989c1098e91fd6b075f,1,c5,c234,c5,c5
15593,2db8c0de359c7b6715ffe33d8957e5b8ca061b91d34eda66b5373882d4e2c88f,1,c234,c1,c234,c234
15597,c1d30e601678b7b0591a99992172291c541796abbd0bca633fd09a0337223549,1,c5,c5,c234,c1
15641,9cd0f4bc9892b2ad84eb563ddb88990c3be287f97093e416e5199a04e60dac2e,1,c1,c234,c5,c5
15645,99cd5c801edbb166bba7f65457a1a4e6887a2a6941a62be6f032ce7ae6e759ce,1,c5,c5,c5,c5
15649,664ea531cd3e0a203b3f9f48428eedc14a38acea1221418f3aec1beb8d3941e6,1,c1,c1,c1,c1
15654,0cd6f682e2b367f7b9bd059be6126cbf50bbba375753ca13a9b1712b54a7af8e,1,c5,c234,c5,c1
15658,8717d69d684d39acade956a613bc67dfe240323effd618c9bed2fc72a6adee9a,1,c234,c1,c234,c234
15669,f4eb0ca4d1871d8cae41e302206dc87a9a263921bd9d2cba3516a91b91ef82f1,1,c234,c5,c1,c1
15683,931776037dba503cd38c6f602b6734518a8faede677bb554d7a7cfa0074209c0,1,c1,c1,c234,c5
15684,68b886f3d13a373431e9f37ddd2cb5cf49ddcd42e0899bfe950c9b9addcec665,1,c1,c234,c1,c1
15690,e1e9f5e7eb8e5ec5218ae889ca5c13d36e38493e10aa45499f8cea975bfb2da0,1,c1,c1,c234,c234
15692,7efe4a36e5e59c2ba3f3306ec6a91516e4c1dff3e0ac701eb85e32586cde9862,1,c1,c1,c1,c1
15695,9d3014e2bd57b8b6bd565ecc8fe2c4e6c7ce661c50813e1a8e8bf9a73af10fbd,1,c5,c5,c1,c5
15711,af49d753e68219cba31c248245250b827cbd037fbbe03f95e872e783a7808905,1,c234,c234,c1,c1
15714,d656b08328dbe8ef4012fcf18fedcfbdc237f4e8e96a171386122bd648e2720f,1,c5,c234,c5,c5
15718,baaf0f8e752ab8bd4496923a8fa2a49252a184c23ccd2aa45844b36e960f730c,1,c5,c234,c5,c5
15720,3fefd2b014f15c869565f93d4c1ca421808b5a4d8805bce6138343c72d9ec51c,1,c1,c1,c234,c5
15750,0995d09195ee14c18e6b7a7d7a5c3bd55bd72243bf7699cd0021cece8426b2e3,1,c1,c234,c234,c234
15778,067fd4681f2e1b7bf775fe7d173f214be2ebc8fd85761729a5a988b9a01db5d2,1,c234,c234,c1,c1
15782,ec22eb1ee88f2d3fb1b715168a6a10671f5b932aeec52a5b8e2e2fc7d4638449,1,c234,c5,c5,c5
15792,31145c4c22dc1dd6b580e809ddcdd5012be20eacbb0c7fd941fa06ec23fb63b2,1,c1,c5,c5,c5
15798,8f85c2c0ac22d5780899d6871949229764cbcd1f1703ad21f7876b34e92c5493,1,c234,c234,c234,c5
15802,e01fdbed73761b2d3f900fb36036ccd6e0b7bd3def39efa983e9a0f93e3a65bd,1,c5,c1,c234,c5
15803,e73640658851805c6981536e7edc09208873572b62fda655a7b1f1e888586f9a,1,c1,c1,c5,c5
15806,2edeb746cee209f891f3a081d585cd8a0af381191e10c62db87a3499c65c9d60,1,c5,c234,c5,c5
15824,8f5593e0e258ac36ab01e22145ec3c3626fb0255ca9d301d2eb042106c8218a4,1,c5,c234,c5,c234
15838,8ae41b2cc774f984e4ca894a371c01c7fe1ef0dac9ad1e53a661db4d8e95347d,1,c234,c5,c5,c5
15865,3e7cb68f1c8910b809603c4160e5e942f42a81cd5cf8043360bb880f3ffbf6af,1,c1,c5,c234,c1
15885,4a6157472746556f7c31918acfec1ecaab80b6ab84dcfbbeeea9cb7c6583ddd8,1,c234,c1,c234,c234
15891,b424e6a53501ea5069d53e577e9548e4278f0db4945d81d6580c00a4b7ef90d7,1,c5,c234,c234,c234
15894,24e75db34b7a6c5d6d567a3f6eb051d5bddb5312f966f49a0414d1e4c0e33c21,1,c1,c1,c234,c234
15899,cca6c5a9b175baa083eb84841c43b5e3823847b878a809498051df3e9ffea092,1,c5,c5,c234,c234
15901,394e2ad9b87ce7bba06942d0549f67c6f85461ff4623c0fa4d20379b711826cf,1,c1,c234,c234,c234
15908,093186764e996fbfbe17aa54d933c4f8ff7663f5d8ef6b825ce32a2b7d8a326c,1,c5,c1,c234,c234
15912,a0573db3b61091e780a2c9b7413caf58c9d69a846b8ec28303f2525ad59ae320,1,c5,c234,c234,c234
15939,e11cc5736c609e8d7c53f66871c8080221d912b426a441e4fb0093a644bdabe6,1,c234,c234,c5,c5
15940,9eaf06eea74bc3eb992d8ee5d0c7c3e72e8794018896529b5f3f16ae3d705712,1,c234,c5,c5,c5
15941,40259c4b2fe1ae3229ab17c52e46c16ea757f4c8538735a3367ef37d380f13bf,1,c1,c5,c234,c234
15942,e54f6cc04b43764ac26cbe2df5e20da330012587d5e76be18a5160791fa9bea0,1,c234,c1,c234,c234
15944,f298af8c11480fbb70f3c1449964c36e666cf4c90c4a7129e4d7229726acd39b,1,c5,c234,c5,c234
15948,12d8a10c650195464de30fcdde492d9cd9174bfb62456adc9f94a9e7221c2799,1,c234,c5,c5,c5
15955,c73ed1d9240b36729ed302e9fea59dc4d526b8e5d2d26e5c9fc9db3ba62c5f26,1,c234,c234,c234,c234
15957,a1afac1ece35646cf0679e29f06291f9ef44031fa2521bab70e4258937c6b4c8,1,c1,c1,c234,c234
15965,373d43c53440aeb8a658e3990b028b5a38c4b8608ac52b4699b2f33e9ee46241,1,c1,c234,c5,c5
15972,0e6ecded179855495c327aad4a3f57125160518562bdf2886c515293ed0be8ca,1,c5,c234,c5,c5
15984,34a40971d869ca7ca349e5eba08daa6069b132cc5d4a83feb6522769f00bff57,1,c234,c234,c5,c5
15985,5932be3c768ad9f950902b0aea52985b999781d60c7dd9317156dd82fd482e6c,1,c5,c5,c5,c5
15987,3dfb023c236739acaf589f1d6e5e3c8d4db48fb1646123187bbdb331bb42c1fb,1,c1,c5,c1,c234
15991,dd97cd708d4e5bae30d6515062ed3918f330224f70d1d1e518030add328e3d21,1,c234,c5,c234,c234
15993,073cf7c0fd0824fb2c92a92f269b5d8bb7c41ec679f7f514d12b4ebeed17a5d8,1,c234,c5,c5,c5
15996,a6ac6e9fc78696cac8e8c0d6b5240c07c7821057ad1c15f179d02b8134ac3f1e,1,c1,c1,c1,c1
16002,ff2f674fbf53a7dd466a24226d79b51a197bcbda9a4a7c6bf4c166e873bacdd2,1,c1,c5,c5,c5
16013,2dadde34f8d5da326fbc96186c096629e2305f25bd42bbac8dff5e04d82b2e2d,1,c1,c234,c1,c1
16014,4317233dfde2abbb12b3bf4973280809a81d49781b556878faa2abb3b03a4f2f,1,c1,c1,c1,c1
16015,b45f74608889193d3c8b7f509846cde943fc257595a5ea634576235ecac949ee,1,c234,c234,c234,c234
16018,5ed663339a74c386122f9ae654754b18ffba64784db9867d8032c973478ed9a4,1,c1,c5,c234,c234
16049,e649234f79cb3b78e1e163e793a6ca38b30d53c9a04d31274532ba0dbb012f92,1,c1,c1,c5,c5
16060,716d5bd8f3340c4de34e88310389c48109ca6332cb8cbfc247533f5265aa08dc,1,c5,c5,c5,c5
16065,c9f40d0ce08cbcf7502566b77645f08c66ab100b485e48be808c609b406984d9,1,c234,c5,c5,c5
16073,3aa1bb2fe13e3db1c248d07ecad80b50399888d117d270ccc5c7347132932e90,1,c5,c1,c234,c234
16075,b1510e6e6abf2c28f02a72be83f7dfbc28df1808eac2c5b4659126581e22e051,1,c234,c1,c5,c5
16086,16903c4767beb7e11d8558142371cdbfeb34409a6af6fc32c401f78031e58709,1,c1,c1,c234,c5
16112,caa1b21979525673dd5148a4b14f9130b027b5e710360fd3b5c4a6435c34788f,1,c234,c5,c5,c5
16113,c157824fb6b64be26f923c004b918e5d5a81f2c96652be0619de4aa6e1340c7f,1,c234,c5,c5,c1
16119,014b58bb09eb2afeff2183cfca321d7a296512b7471c0a73ae16eb59015cdb60,1,c234,c234,c234,c234
16120,d121bd1602424f78f20910f561baef365bef8a9da9c08ea2d998278eb3117c1f,1,c1,c234,c234,c234
16131,c12e244855445972d0e7de53ce71472a88a9c0d7324ca0542c469a2f216a1aa2,1,c5,c1,c234,c234
16153,3b9212c551faa631fe200d5305f5c069b86c378c2780b3cfaf8f382f746b68de,1,c234,c5,c5,c5
16158,094473593572fa370f43bdac85c18c707f0639867841f9e88dac77dfbad63967,1,c5,c5,c5,c5
16167,5e822e6e4fa86d64533acd4f5a055e39b1a5fca0ec118a932cd9fb24c82e81c3,1,c234,c234,c1,c1
16185,1c072b6f4b40ad45b80d68360c6ffe3d823cb430c718b8edaa0753140712a86b,1,c234,c234,c1,c1
16200,931776037dba503cd38c6f602b6734518a8faede677bb554d7a7cfa0074209c0,1,c1,c1,c234,c5
16202,f8973360363d0f99afb8894ca2c6a059c03e145a96d7935888814689a62ca38f,1,c5,c1,c5,c1
16225,d682c1a4898def6dc7cb0ed8b309412b1c0340ce79e58bf9f702ec1bcdfc63b5,1,c234,c5,c5,c5
16226,819b0d8c7ae58ba1b73effa08d30ba384895b9104a14ab642c3a9bf6176134b0,1,c234,c5,c5,c5
16243,4e4dd18f87609d6cfbb49178741b3811379094253c8675486d63add5b267603c,1,c1,c234,c234,c1
16244,d38756f2969858caa0ef7c261ccc7e5c5b209750cd2d4d5d3e09805f44b8e920,1,c234,c234,c234,c234
16250,75ce40b3c0b33258329418507f2ce63bb1b6a6b27338b95c83a94c12d75e3307,1,c5,c5,c5,c5
16255,be20018561eeca18bbd4d74fe62efded8d43440adff4b145b6999a44868e2e1e,1,c234,c234,c5,c5
16257,8dfeb8eae5ada5c80aa81357dd757e427f770ef66f69df51f0914b0f78dec209,1,c5,c1,c1,c1
16258,2aedd4f7429dcf359f99d5fbb400c2bd0a28520599e3e4330919b3aa7698f9e2,1,c234,c5,c5,c5
16266,4fe71bf4e26510450021596aba6d2072d255bba8291b9c5379a83bc1f0b1c89c,1,c5,c234,c234,c5
16293,57d21c4780602eb1373d2e36d4aac12d8f43448dad4621f75bc6d300c73cf52f,1,c1,c234,c5,c5
16295,61f46e13a71e10092d092aef47f6f979e24ed8baee132f61e1b8166c3be7aeb8,1,c5,c234,c5,c5
16315,7757041ac74fe5d1f0cb28b62eb6ca5771b3229ca62c140d35306def2217fca9,1,c1,c5,c5,c5
16336,0b697def3e66c2ba06769edf938b4ed918ef72c9527e3bd018c03c66fa4da6fa,1,c234,c5,c234,c234
16338,65f0109557c7b848063542f3cc0ff8c558fa9838b2d41a3797644d1b916ee03c,1,c1,c234,c234,c234
16348,85ecbe0573fc64b72a2a8413441fbe8d1e5c020763f4e11a37c37ae233ccfd76,1,c234,c5,c5,c5
16350,1f46dafce46796f648fcd1389e7dc53ee4c44118f06c12a34a794be99672aeb5,1,c1,c1,c234,c1
16361,21374a2b2f57407e4c69d06afbbf35ef8df8857f625ae0889b499ade6f67c671,1,c1,c234,c1,c1
16363,6c244a608fd16f5d6481c75f563c43839fb6754c590b00b1e49034ac47ab8b7a,1,c1,c1,c234,c234
16375,ef5a497d24085a5a3044203662c38648b7111c80774c70793436666af9639cd0,1,c234,c234,c1,c5
16378,7289ad36602d6b629b1f089784bf2caf8a1ae0ac58d7360fd36add0a1e17cc4e,1,c5,c5,c5,c5
16382,8fae50f8007642a0d5fe069d6b19e81b1f48802225f69e78709aeba06557c034,1,c234,c5,c5,c5
16385,2f4b1a0ef0058fb7474dcd9e8bc4e464af87d9401c9545b4cfc56cda51d2f5fd,1,c234,c5,c234,c5
16400,6577bdc8584e5e4b805acc1c244ace4731a4663f9524bcbbfe4a490fe63cee16,1,c5,c234,c5,c234
16401,ac73dab15ba0fb51205736a8449415e95a56376fd42acdd439fabba15c73a836,1,c5,c234,c234,c234
16415,713c0aeefb1b94069f84c7c8d4f309984fc692efc451b2ac4ef417c2165ee4ea,1,c234,c5,c5,c5
16426,8ef9e287f545e4693612e6c538cd35891acf2ccc7f99fb6c1632731b3b59d6bc,1,c5,c234,c234,c234
16441,eaa8d27e8b1ad1eb59cdcf876da299df7eee70790c3ce7b20dff74b243862d0b,1,c234,c5,c1,c234
16443,c5557541bf02a65527d0bd308f4689a33b5765eac844b512c5e7043955c6b416,1,c1,c1,c234,c234
16455,449082aea084a437f7cc15c79aa8f3b4d061818f55f155eb1b341b668a9017f0,1,c1,c234,c1,c1
16467,585b73289ec5dba19b331aaf559320e3f9562f264867673efd1c8d12af90606a,1,c5,c5,c5,c5
16473,d8d16916391f05edf1861f1b84deb560c2bea7c8d4e7e33aadaada3a7ca4e7af,1,c5,c5,c5,c5
16489,7ba007021070f5be4719cbdce37218ef2097bb7a04d24ed6ce6ae8f17373a888,1,c5,c234,c5,c5
16492,84f6cce84ee63ec2486e74faeb97b5cb303edf143d62aa6413a2700b388aa3c7,1,c234,c234,c1,c1
16493,c372e43fbd0dd3c798f38531aa59be194600922b461eb1d7a92626f058deb75d,1,c1,c1,c234,c234
16495,d037f41f3d238dfee1a0ad31c1ad7204bdc09fd15aa3666dee964ee4d1a223b3,1,c234,c5,c1,c1
16496,05d5bf3b9cad47ea7547c28aa4fa80cde30881d08f2eca7610424e42219372ef,1,c1,c5,c5,c5
16510,1129948998809dcfdffe404b5988dc7b1d7b2a3f23e05a5e3925d8ff6478ca65,1,c5,c234,c234,c234
16511,79fe081f7ab04f4e168024074288ccf03fba5dff2f88f4ac9fa5517bcd4c5d62,1,c234,c5,c5,c5
16513,653fe662fe90c4dcf3bb4fd52c6565a79b5bf0520f87f6fd16d2c9860f9d3599,1,c1,c1,c5,c5
16519,65c7957ccd29be29dc6db0bfb16e4b6e46751679b62dd375a3c480f23c349915,1,c234,c234,c5,c5
16526,ad1ab01be235ffbebef42ffc6b35db87891123429c704724d65fd64bb8c9154a,1,c234,c1,c1,c1
16536,4679b3ffcfec8b831c37acfbe6b522b318438d5c729cfb9c09b42d6144ee6852,1,c1,c234,c5,c234
16541,1b753504b566674e7818a18cb489f431533a05c89b004851c71c72c8be2e9c29,1,c234,c234,c5,c5
16544,76bf124315d30862ee279e521e1a9bf1c6efda5f61fd90a3e1fa673304c58eb9,1,c234,c5,c234,c234
16549,84766f10906cf8a1f9aa979e4fe7aeb2f76273555ce3909e0ecf5e6a63a38c6f,1,c1,c234,c1,c1
16564,c0462512adadfe0d5d4f2f8722c4889d5017a8bcfd5b18d196954110f57f7f46,1,c1,c234,c234,c234
16567,0e03705c562e6e6644919eb3265f255cc4fef86e73c99e02904f8a8db277b43f,1,c1,c234,c234,c234
16575,86a0bd5407a4b19149fa3deb9954c9f79e5f6d03eb83e3c052a09728caaa4f31,1,c1,c234,c5,c5
16583,0fe23a1d47f08d337bc85daa693284c7bbd59dfb0cee3f6d950e0063785a0835,1,c5,c5,c5,c5
16590,43bf1e2b4242c7cc11dba066ad848e3644bda3dd00c5ee363092c240c1296276,1,c234,c1,c1,c1
16591,cc8349f277e22a04e2b3eb10327749549bc088c75f32c9612d6a99bf3f69771d,1,c5,c5,c234,c234
16595,6fe75cdbbfcca2a7c194f5c5a4586863f441cecde0e235324266b5415bbc7d5b,1,c5,c1,c1,c1
16606,45286e6556ba4f0c7f983f9c306075451b3e15f45051e1ba98efb47a5f2d864d,1,c5,c1,c5,c5
16607,d295db9717dbcee839f27f3ed61dc6c10091bbdecf94569a5b7c4a450d1cda7b,1,c1,c234,c1,c1
16613,e8bfd672b7c5719a3e6438ab0f91c946500c2838ba6ac0b1249bb40318e49584,1,c5,c5,c1,c1
16619,f2f4d201b0b17ace8805abf3a40533bedb02170ed68c8a29632a68236e74d1b6,1,c234,c5,c234,c234
16623,189288c0003f305b00e9b9e21e36628ba2f3c3191132a98b4ddf89447b72e27a,1,c234,c5,c1,c1
16629,30de28823d890ab5634f33f791316ae567b3b9b4c4c627ac4b9dab30b02cf4df,1,c1,c1,c1,c1
16635,608c066e9f9a8439f7d90f84c583862c1fb14537849f04ca53a56069ea553891,1,c5,c234,c5,c5
16641,45e1b08b30173a93e4a0354602a7d30043fb78112a63f0a7a4dfd596d70c896c,1,c5,c5,c5,c5
16645,40b86065e7dd09a02f1ecc990100b31b8357c0b19432038b2670762a751e1d15,1,c5,c5,c5,c5
16653,b2e393462ef50b811904a1a0fd7d746e959ae2298839889fcbe879961e3f2022,1,c234,c1,c234,c234
16664,772ecc964a92047221282ad4b471373fb307d7aa17ecd5f17a71df84cb245c5f,1,c234,c234,c234,c234
16691,d2d9d72231e3aa337859ff01765d316bfbbae2fbdd18bbfc237ecb6f7c873755,1,c5,c234,c234,c234
16702,1e903302f0cb06acb16b6faf25087e259f9e9ecabe058b73041074cad14eeb30,1,c5,c234,c234,c234
16703,16439f8c41533a9f0cf6c8ebbcaff3a328662d51752fb62fa10bf492f9bbba32,1,c1,c1,c234,c234
16705,2021af59eb064887f8d55e107d8938b023e0a33a496514bf2f7543df6966efa6,1,c5,c5,c5,c5
16711,7c07f514203d8dfeac0810b00046e5587544a0808325121fd5fc36aa5169e01d,1,c5,c1,c1,c1
16714,5c566081e4864227dcca169f7b61b4d6faedc3604a85de7ee6412eb5fd8fb5cb,1,c5,c5,c5,c5
16717,021fc080380260715778fc2d358f29b4c86a5db347d718ee4261d91f277e78a9,1,c234,c5,c5,c5
16723,cb6b32735da1ecbafe98bb8e7dfec61179695419d377cde11c920bbf6c3ff626,1,c1,c1,c1,c1
16732,2034ef251dcbc7f53bcd2c10c34cf57f960d175f2852a02fbeb0d0986596c9a1,1,c5,c5,c234,c234
16735,c710fcca60a0ade6fd58ebb3cc806dc365ee13c934282647224a3d24694f8e8d,1,c1,c5,c5,c5
16753,d3dc932e3825dc08ca492617e4f0e8f6801390191e5f08f7d4fd4c97facfbfd1,1,c234,c5,c5,c5
16758,dcc759fe0b76911ab99dcf28ad338d014993dee39f2c64bcb4cfcdca543926a4,1,c234,c5,c5,c5
16769,8e334c7bd9d675dde07b92dabf54c17f49497b89b185cd625c5a361d9f9bd682,1,c5,c5,c5,c5
16773,b8173d39783f1f3655bcf13714df52b8ba664af0da4dbba802563ca45fd0b2af,1,c5,c234,c5,c5
16777,9f75af17f987831c3c980033fc14de9151481f4035d393e7f0ae4f95662e847a,1,c5,c5,c5,c5
16788,2b939f9e44c87e6d8d978cd8e7d989c56b9c9c283dbf9a54a55860a7be753f99,1,c5,c5,c5,c5
16789,15a47fac4565330d6e0aad8e627dce2e5311f35a4e6e572dc0bc88c94f33c261,1,c234,c1,c5,c5
16794,fa54dfcd6dd80ae99ade923b16fa44922a821dcb5fe118709c30ec3a3218e425,1,c1,c5,c1,c1
16819,e67d7453929d81b72726547cd40fe6f3e839271a3c0199394e1e948f344f4113,1,c5,c5,c5,c5
16826,9ba39828cec2f787130dfbbb0c94807908fe80ada9a0a9e31a7f1598a9239b36,1,c1,c5,c234,c5
16837,7cca985f168a7d2f816cd88bd01ea6ff742be677d80a350431b91d0b49129994,1,c5,c5,c5,c5
16840,3a3e94a24bcdadbae0c9acd3c33f52f063f36a53ddf3e00070bf0b2df53b7822,1,c1,c5,c5,c234
16843,a3c8ce66774f875c979183cce11486a40882c9fd2a43c725aceba385f9d78068,1,c234,c5,c5,c5
16854,934ebe56533f0f440ce4c2635421a5656c630240f8fc56861d82cf5eae771fbd,1,c5,c5,c5,c5
16862,db14ab243c534c703757fa1d115734878eb2669fcfa4e7c765eac09f4ccb8a92,1,c234,c5,c5,c5
16865,678381c23120f74a26ed1d0ba64ed62c02e1bae748ae1752f3c2e0badb834e7d,1,c234,c234,c5,c5
16867,8e9d25fa90c18a09c640a3d3cdd2ff167ea65cdfe6012f292ab1c1f56a8bbd2e,1,c234,c234,c234,c234
16873,e036b41418ec96021cd26aafa44b45d4b794dff687f1fb3ffd4d3e5985d47519,1,c5,c5,c5,c5
16876,04bac0e773f68aa0b9c92a866d21d9a66c7c6dc6937b1ee5a9b426b9dde64e26,1,c234,c234,c234,c234
16885,53ccac3c8889bad655e66d4e2826330be501c276d9165dd5885f52e499f5a095,1,c5,c5,c5,c5
16888,6897d87817be8c76d64fe5959fc8ce2536cd035782cc43925611a419f4e53244,1,c1,c5,c234,c234
16892,7f50dfcdf9acf87c92e7e3de93f5032706840a1d7ad2229d50c5f896e591a79f,1,c1,c5,c5,c5
16896,61557b60275d9c15b0c3bbbcf574afa32af48821246fd4a2d6e8640fac287675,1,c234,c234,c5,c5
16899,02fd4be73d471e57aa3701bf50a878f2f5c429fba9e0aa65dd17453f6a267f49,1,c5,c234,c5,c5
16922,08ca67ce3673cddbfea9acfac6dd25052317856dc9427fb03de476150f36523e,1,c234,c5,c1,c5
16930,af148ae0e5b48001f5edc96f86aa5fa81b667a917596de9dc2e8aea6007aaf67,1,c1,c5,c1,c5
16934,24932ccf8d686012523582be1b02d00bd5fa1c2c7db2837d477f7f5d6adb6311,1,c1,c234,c234,c234
16935,09f24aab0761f6de5601d8111f31f76f1f3bfd9ed097d3a0b7a450f0a2ea18c0,1,c1,c5,c234,c5
16942,4861c4b2ec419c03681fdb9c3ae9e91158b48b9cf8c257f83f9f9e3324292444,1,c234,c234,c234,c234
16949,4097c8770b2a41c6d7567da4da2ba8a30e9a8197578cbf0db5b74cabb2ca2727,1,c1,c5,c234,c5
16957,36573daace1103f00387b8c715ffaefa30a842382d5bbe311ed798efecb844d2,1,c234,c1,c5,c1
16970,0e1c68e651b409960fff2162d61045d7a9cff98429011c0bbdecfe196984260e,1,c5,c5,c1,c234
16971,f54fe0527416b046ff53e58df6c606732cb7f86a73788bb5684015d1088f0b33,1,c5,c5,c1,c1
16975,41ac9c2eb66859c4eca342e7071bdbce7716773d4ce6b5b07b6d547d03b8df31,1,c5,c5,c5,c5
16983,ece8f8c7f093a3fca1be2363a194ce0d43fa015f7e8abc5a308ffb4104f3780f,1,c5,c1,c5,c5
16991,58221b2c8ed18b11a3869d85f7986e27c896e54819e78a9cde000226973f1975,1,c234,c5,c234,c234
16998,a389e1f41ca73bfae088853d5e61e8afe3027b35ac3c4e1b17a68d149fdaaade,1,c5,c5,c5,c5
17003,c4457b8f5e80a29a98d73195d2c087bd6a7a8aeb9aff3b9542c4365384c9debd,1,c1,c5,c5,c5
17013,98b2696423a3d417b41d4ce39c3d64aacc510a43115eef624268bcf08430bba1,1,c1,c5,c234,c5
17016,0b2984b75826dad43157841215d0536b3810d07fc7b4b8df9e23a6c9f470efed,1,c5,c5,c234,c5
17026,1911d4fd92df3087d06a80a4d4f84b347991ccd3dd541d4182d5d50660480b72,1,c234,c234,c5,c5
17045,716d5bd8f3340c4de34e88310389c48109ca6332cb8cbfc247533f5265aa08dc,1,c1,c5,c5,c5
17048,5d8fbe856f8951c09f69f81b25c488f750d02df5c6728e4c21fa8f630a629e12,1,c1,c5,c234,c234
17049,5a01f1ef23f2f46ab83b3d009dc2c4149bf862ff71962a984a05747675cfa292,1,c5,c5,c1,c5
17051,5c9d5c0b0bed6339106ec9f6125c04e24e9609e34ba4e3c3b64f521117a99702,1,c5,c5,c5,c5
17053,2ca85eeb3eddae830daa933038c9d77c46cabc4e357b02ad4ad625c7df3dccf9,1,c5,c234,c5,c234
17055,5f9d9d3954f6f60883fccc69a927414db23fb904282256d7606615d41d8849a9,1,c234,c234,c234,c234
17060,37a80ebd931e1b623cd2c528987594cb48877555a506286280eef60d268c9c95,1,c5,c234,c1,c1
17063,3b369687ca78c1e9ff0d27d1a05f08d974a441b14f0e30f5baa41c164ace2cff,1,c234,c5,c5,c5
17067,4e5656d4617da913e1756535db7839b67eba1f6ae065f93c336505224199813c,1,c5,c5,c5,c5
17084,60180e99523cd4c214d6c2f13503f580770a9729ab36622a8e3664cded3e352f,1,c234,c5,c234,c234
17106,cf56880baaefaad0720e0d8437e9a6655d146457cf92efde996a9f4a6e0732f8,1,c234,c5,c1,c1
17130,6ad6d3246f3c9b615d14311d3153bc43761a07db94ef1c6eb0a6fd331d1572c3,1,c234,c234,c1,c234
17134,6a44e407dd3d58c509a29913583bb2577906f03e2bc7d96a338b6b3d67e61f21,1,c234,c234,c5,c5
17142,5f4849b20085cf174a1363d7296f74da66d211e5f6aec8c4f94a37e30d9483e3,1,c5,c5,c5,c5
17156,21f5c3646d936b388e189eda3bf10899d8c591d5c01ceccc15c0c68cfc39f0bd,1,c5,c5,c234,c234
17158,a4d6fac4231b23970b83febd24743a3aeb2035def8f59667a0fa4414b5e25fe2,1,c5,c234,c1,c1
17169,47afcc7b237cbcbd7608aecc759748aba9f4184130dbdd25fca855600b635f01,1,c234,c5,c5,c5
17176,4063134d776bb6e97add1ff1185a91fbd17518306d959494d3efd53b69b22f05,1,c234,c234,c5,c5
17210,b19379a9f1de07f97156ecdf8e20b22f0bc1d21ec9ef11077e0e4ffad6a12101,1,c234,c234,c5,c5
17217,462fb812b13cca54a2cf0caab23df160ae8657092d144e67f79877b7ca0f2f55,1,c5,c5,c1,c5
17219,93bac267e21d35b93607ffe4a0627836e19e639462c755bf379d4c76357fd57a,1,c5,c1,c5,c5
17231,31f81f0eb563bd89449f9c585e8637d92793cea78a6fc1a1c33ee0b3592ca295,1,c5,c234,c5,c5
17235,52b5294b551ec347ccc60b63e38b0aa805b8e0e5885899cb0790ffe29f7d2baf,1,c5,c5,c5,c5
17237,3006e0d7752b20d80d32b9d6ff8bec3e3e6f9335b77b59fb8149661ed3b36a5a,1,c5,c234,c1,c1
17240,9e443ee5031effc820ecde9ffb438e927e14dca7a43a39eb3ab33b91753f1d74,1,c1,c5,c5,c5
17243,2c95f406d337e328e8e1ba3f911336d4cfd416e8cd9150272796441f862e1736,1,c234,c234,c5,c5
17244,e3cefbb790ac7fc50d081893cc3f7d3913470b6e520f75364392980495cdaca7,1,c234,c1,c1,c1
17251,ddce6aaeee2cec021852f031842bc28c0e2d93a40791c49f219c879b20c14eda,1,c5,c1,c234,c234
17257,ee9dbe384aee5723628a3a6735e737e4e7516025c1eb0852215434f6cf509bea,1,c5,c5,c234,c234
17260,f9d1513d7a9ca375d96bfb6ac0787a82dfc5f9031c2360c84fcd0b24279f4a63,1,c5,c234,c234,c234
17263,d2496ec150b61b8d5649bf60a96134467903ee5aa1ff99a05d8688915d7dd36e,1,c5,c5,c234,c234
17264,47ecdd3ef8c692c2b80a798ec995fa34c86d5e5700dd562701e96574edb84712,1,c5,c234,c1,c1
17268,42e4665b39fb8535f630ba5cdbeea916e1e94cd44c2f8e82293ae99173528afb,1,c5,c234,c234,c1
17279,49cab04eb1a8e2ab891981101211e0e2a8502a71bc3a633f6a64c3288bd2a127,1,c5,c5,c234,c234
17281,e0f164c9f6f7f9f8817474cc4d6802753a09d6e3fd662d79254262aa1bbf1fd9,1,c234,c1,c1,c1
17291,06304e0817fe5d0cb4f079c01913e61d73a1b045a65c7af00c343886c51d6f51,1,c1,c1,c1,c1
17292,5796f0949163afb2d983a94c40cd0a28d0b2852c4ea96654233e3a22b45a7bde,1,c1,c1,c1,c1
17293,f87b5a6ebd5dce6e6ad6d1ee4539a61a086b4d4d89ab0fe6e60c70ec6c95b770,1,c5,c5,c1,c234
17300,da1199bd8e3c55dc9659689acbe7e117537a98b063b1e7120deb9151906852e9,1,c234,c1,c234,c234
17301,59e483e46897360089af7afccdc35bb12e5b27c4e0ceed130d58d20e8f7ad09f,1,c1,c234,c5,c5
17302,2096ad54764c5c234468bf41602f0a814c7764a1ee13c6e3104a6e9e80f97929,1,c5,c1,c234,c234
17305,82c33b39cb77cd344f759b5febf077933836450837fc7b560d2c14a9099e83a0,1,c5,c5,c5,c5
17309,27443c664fd013b38d6b3bfcd1c769a91907a450c60f5768a3d96c55193e5927,1,c234,c5,c5,c5
17319,a0d4b7842111b5f3a8c59fd80b500daf5faea583096ea93e4e39e2e9573b2212,1,c5,c234,c234,c234
17329,138df72ce3572cbb4feeab872e88fb8b8db457fef4906f8835fc1089464d7d98,1,c234,c5,c5,c5
17333,cea9a66bc530906837156b8bf7f79cfd66a8cd0fa291cfa055f2254b33b99b69,1,c234,c1,c5,c5
17336,a1852a8a5f213ba8c49f9734402d5d3fb312f4c2b525c231c5afadacd9188807,1,c5,c234,c5,c5
17353,71885c8dbaa8884a5721eae3b22d60f0a08c4cc89496b44ba9bccac91bf43de2,1,c1,c234,c234,c5
17356,6010f391e30c8038748c630905c6a6ebc43e877e01b955e543f283d8f92c2d73,1,c234,c5,c234,c234
17370,7a57f79332ec5d375efd5741d7b024236ccce81f805ea0b7083e329ed649483b,1,c1,c234,c1,c1
17373,77e057a3a0f361abf4d819a0143c13606e7e129647236704cb62b4f4ef95d72c,1,c5,c1,c234,c1
17374,fcd8b799260a052dab7583b1d01107849c513db59bdbace93dc7b9f000b6d3fa,1,c234,c5,c1,c1
17376,e4cd4bf16cd838b12f32be04d226d3690ceda1d4bf2b23952c2036efb8603803,1,c5,c5,c5,c5
17379,109d25df13cc6652f29ea2a2a191bc2f54c160e458e5baeda09aa09e5fa33419,1,c5,c5,c234,c5
17387,5c0ca9588286d79f8d1608aa6d852159f9cba5748ff6ecee9df96c2b41d947c0,1,c5,c5,c5,c5
17403,6dbcaaff961093779b22c9776ca359d58dea42cd878ace46ad17ca399e3f09b5,1,c1,c1,c1,c1
17410,b475d13dfcecab9d22a578e7e39abf4b9d15214fe812dc1b51947beeaca8f7e3,1,c234,c234,c5,c5
17412,14b0ecc30a702ed7c7fd59233e8c729fe101a23ace2e2d1de042635ade1be3be,1,c234,c234,c234,c234
17437,a73c17a8f318f3a79edcd8f214bae98adee26f763297983bb39e252c4a866119,1,c1,c234,c5,c5
17440,27a1220e9440477008162c4729c5ab24e7edcc86740f674aba6b60a37cb7bf96,1,c234,c5,c5,c5
17442,391f81322f5d83dab3a3d04d21d3baf934b63ca3839854a1ad3f1a14ea0c3b24,1,c234,c5,c5,c5
17448,d6d718a7699bdca88d387315dd0a248c5ddd13bdd3e094e079e7378f83dec11b,1,c234,c1,c1,c1
17461,0baa2a4cb3d9d2aef20ecc272120aaf0cd8163a35d661db5eb0df1537c1d57f7,1,c234,c5,c5,c5
17468,52a51c8f2712921df5c0153fa6dd0d5439583b3dece24e0f5ad5ca96180d70ee,1,c234,c234,c5,c5
17480,18b03d0159cb814d93d44d8d1d61b690661afc925e2e2a04318c00f6446a36d0,1,c5,c5,c5,c5
17488,01266a1d0ebb8815d3c301b80e893696d8556c128da4dd51d7cbaa3051c09257,1,c5,c5,c5,c5
17489,b678a2e730c8c0f7435f98c2984cfbd29cd3abf3dec3769a45fdf81c6bb9fe46,1,c1,c5,c1,c1
17491,d7e631bea558947f6a1e6aae172e62f2b394a8150dab40e79df0401675257fb7,1,c1,c5,c234,c5
17502,5197ad771c35976aa2e7d75f055301012e121d71ca3c22248b2a4cac5cca11c1,1,c5,c234,c1,c5
17517,ccb8738c36265a498ece092603400322d75f1e4ec5db41152b4828ae081b9344,1,c5,c234,c5,c234
17520,a40474c73602069a643c563615a63d0c4024bd1ab3debb0366a16c51d6ff906f,1,c234,c5,c234,c234
17521,9d00764080d4450842177c01c905f100a4604457c79611e78aba1821f2310ca2,1,c234,c1,c234,c234
17522,b5e60925253733b1b7ad275265b8e0d2f3264961bb6cb76e3dbdbb6be2face9c,1,c5,c5,c5,c5
17536,a0ce12b666bd9542729b2db22c59a6e51df128a0a472815d63120475db581b45,1,c1,c5,c1,c1
17545,6239ecd2b28bbb5e0e8d26cb66f92bb8fcd0b01c0cc4cc5557c0ef37d1a68368,1,c234,c5,c1,c234
17546,5e5288bbc02c2640cbce405eb02fb9bb76b5a8be50e8202efeaa8e5651beec56,1,c1,c1,c5,c5
17548,defb72088377b3f1b461c733ed7df1a0b2e7e1ab5cf935c97c5e1dd878f0cdaa,1,c5,c234,c5,c5
17553,580699026002d89399380693b4b0b5551d69e3eb894bb2ce52a7d57d1e1b35df,1,c5,c5,c5,c5
17554,73fa56603dbd7af095e7f76338209b9897fc38acecb8968d786c51ebbc21dc4b,1,c5,c5,c234,c5
17567,36c4e523a2798f97dfe67faa50429c7fd7f1f398825dd3e541aaeafdf930d71d,1,c1,c234,c234,c1
17569,05029e7136f887fbc0f2eb81ae23c343c0859ca48bd77442109e2cadeb2a89b2,1,c1,c5,c1,c1
17575,4e46b59a3aa3c554fefe73af837a3b61fbbed05d85f9321d896020a1c341ca5c,1,c5,c234,c234,c234
17587,de86c9a96afe2c558b46ecc88ce70ba529c9ab2443396db68255db2db339e5f1,1,c1,c1,c234,c234
17591,a77ea9e258dc0bf7e1d0e81c1eec0ac3179bd15b651eba59170be9210d04f9f8,1,c1,c1,c234,c234
17592,6a8dd9fa8c70cc92a65b6146ef78f4809c66fb81d91623d09b55226304c50c8c,1,c234,c234,c234,c234
17594,a96e52cda4d7bb06796ef08ad943a6ec604773d425778495da290157e9752b5e,1,c5,c234,c1,c234
17605,aa3c282718010eaf5dd6735c7f77a780b28b0ccdf56cf1d33d0bb7ac86682160,1,c234,c1,c1,c1
17607,53f0f708e5fff41dbfe4e4c612231f319aa5520ca556bce554d894f9967568d1,1,c234,c5,c5,c5
17627,5a96b5635c83e8a7b999791a230bf6fad1049111c6c8a3a754f6c81861bb1086,1,c5,c5,c5,c5
17629,5c566081e4864227dcca169f7b61b4d6faedc3604a85de7ee6412eb5fd8fb5cb,1,c5,c5,c5,c5
17635,fb6da615c771d2a8604b8b12648852b6138e38e31ba0a61a73125d4edca8212c,1,c5,c5,c234,c234
17643,ab4876456efc7842f186171e84c15bbc169a3ee1ed0777585c5e53d5c79f77ba,1,c5,c234,c1,c234
17653,efd7dd5a7b614e0e874e0e8a7799161c7d93e7ff5e9b4f469250e1d111c0b2fb,1,c5,c234,c5,c5
17666,c71d67957c743e79cfb458ec983563f2cbf224befac21cafd3c6d8d5ce533649,1,c1,c5,c234,c234
17667,4d0549991917388abb6c82f3e3aa0b5b6e74bdfbffd2a913f4c31e542d2ce7af,1,c234,c5,c5,c5
17672,28071a7dfd741a6f5f75ea95417a7389f0ed9452b53b8367de8e05f2bf82e9fc,1,c234,c234,c234,c234
17686,db5dae57a52f9180dcfa0c6b1675f38d0aaff4058e9672de344c0719ac69519d,1,c234,c5,c5,c5
17694,18a27c470420a61ecb73372f7807a575de5ca9ac00901611e87e072f4196d431,1,c234,c234,c1,c1
17703,1d3956d3270b056148cb0149b65f163511af81c76538500b2a65d65afcc4fa8f,1,c234,c1,c1,c234
17705,38deb362563963d78620441a26f5df3ba9c6a05a3bc9328ef3bbb9c615d40f77,1,c5,c234,c234,c234
17707,57d06533d98b2102570a6670fd2d7b22942d55acb5d7920b884b6e4e32234aed,1,c1,c1,c1,c1
17719,001e345bdfdb26b52e2442771335f9efc1ee628903f042f68676d67199d1d1d9,1,c234,c234,c5,c5
17722,aecb067018db86489dddfd5dc51494b6dddcad079eb4c0ebc23f7a91aaffdc80,1,c5,c234,c5,c5
17728,b485035047dbc3fa7f4b8c103ad134b1ebe262809d3ef294ca4dda66c2835f4f,1,c234,c5,c5,c5
17744,a9c6a37070175fa5474a99c538b15196ca904e949371ef83fcda74dddd7e1481,1,c5,c234,c234,c234
17747,8c7b8dd83e2acd8268e7b99f2c0411065a0ed73df012c68fbedcc2003026e598,1,c5,c234,c1,c5
17752,56723fadee244e8f006dbc0e1bc037113392b95cf257cdd878f7788ff0ef97a4,1,c1,c5,c5,c5
17764,9b4d3ac890499c0a66553d62ae3c7c7aedddaa60352ada2021b8f7bd0258b8c7,1,c1,c1,c234,c234
17765,2eb33b072ca64e13e8c27648601835898626768b0986ea5a74b7214ede7f2b96,1,c1,c5,c5,c5
17802,688fb95981873892bebe761efc3395c1ebb7493992a7cfa3cc734150425e1323,1,c234,c5,c234,c5
17816,23c7d38c8ecc21316a79cb65d575b20ae759357bcf0bdcb47be9c3454050dd9d,1,c5,c5,c234,c234
17821,915b68066ba84971d3e66461f0840b5e700a3c30b0875134d83a3ba242670f29,1,c234,c5,c1,c5
17832,5d1f94d59b5be2c18061864a127898f1148339f16bf17ae8e00c98c9d3fdee66,1,c234,c234,c5,c5
17834,47f2135d4e2a73abdd70843ecb308721e97b729ceb6fa618bf96f881178e6673,1,c1,c1,c234,c234
17837,7c6f84197362b65cc4d5aacfd1e27d9d6dbbc3528ba64664e6e18b72ebd76366,1,c1,c5,c5,c5
17860,f34c86a81d0e43384e43ed957c5a672a854e1a7b0e9d2ed3984810e56371591d,1,c1,c234,c234,c234
17864,356ff12d242d678dd99647eefecda45abe4fbfd48913ed1bbb0d7be48a51ad7a,1,c1,c234,c234,c234
17873,15c8ae2e662546122cae25c3515838248326fa07199ff0787376ea305aa547df,1,c1,c234,c1,c1
17882,194a36568f0b18ef92144131b55890cabbf4585cd2abeafe74a2877d5137e102,1,c5,c234,c1,c1
17885,4a0cde0770804f9f95e7d8a77332759870d3c84f914e4dba4ff7e2c9968be0bf,1,c5,c1,c234,c5
17889,112eb74fe753cdf0409bdae7e1458ea174fc87d6e800ea78e4f666b98cf081ac,1,c5,c5,c1,c1
17897,37a80ebd931e1b623cd2c528987594cb48877555a506286280eef60d268c9c95,1,c234,c234,c1,c1
17900,8ce6b5525fc19ed17ca4845cbca28684a4eabb6b7bb0aa38a0b5d04944f61a31,1,c1,c1,c234,c234
17904,57af2f99da397e3cbb6497bcdc95615e49d61056c2423d7bce0b5581b129933c,1,c234,c5,c5,c5
17905,0886d453701dd9ca22963bf6c98b2c7ebeb86e122f476f98676540dde7be22d7,1,c5,c234,c1,c1
17913,9514e644ef9418d11738074cf639031b81c934659290d8834d1edd602f2e74e4,1,c1,c1,c1,c1
17916,9495963287be7b89751b50aefd02c596eec62c070cdc2a3821e7b034dab5288d,1,c234,c1,c234,c234
17924,55f806a5397c50b5a1bdb747eb9fbcbf45b96a8b5004094cd47c93ad639e2ac1,1,c234,c5,c234,c234
17937,f9c6383d80415a5d433b061edf62bfb6b6ee2ad13a8a25bb53b18e76af2a91eb,1,c1,c234,c1,c234
17938,9fd8671713ecf7fd0f92b10d844260ed7ec123e00eef13bffb8e0f331e7ed912,1,c234,c234,c234,c234
17945,4b8a6df68abcde37e04cd5fcc3ae479aa0cf77c3032ee8544f7b67b0ed03067b,1,c234,c234,c5,c5
17953,880fad4d4a00ca19eeea6eaaf685a434831072d7207ac021447bd12d3e71a1c7,1,c1,c1,c5,c5
17955,329ddf7251cd222707aefdcf1c1c9a8edceca8d962dd2c0b6130f994ebab620d,1,c1,c5,c1,c1
17969,eab62d0a50569f8c3439b9b7017b5264ca7916266ce62ff86c028a797a4ccd44,1,c1,c5,c5,c5
17984,c52448613955c55f052a0015649b9246dc229ae6409b649175d4c6f68103e0a6,1,c1,c1,c1,c1
17995,86c41441678d19494c9677d67aed6451f29165b36453c725f24b099218d93734,1,c5,c5,c1,c1
18004,bfa89628dd956ebeda7db6f689647ddfc3e5c85a69f0228f83379252f506f3aa,1,c5,c5,c5,c5
18007,831180f05aecbfaa5df867d3fb5e93067e0d2dfd93987d2632d570a6d115ad51,1,c5,c5,c5,c5
18015,46a6b76c3e2368fc4e9daae7be069de5c666e4decd700e7c5044858ef54efee8,1,c1,c5,c5,c5
18017,0c7754ea542ed8a9fe11df16a9793da51aa31a70ec469199568d7d1d422cbf81,1,c234,c1,c234,c234
18022,1affc9c227283ae36850140886706d8d6ab5e706cc6bcd2d850ccbb9d2196f54,1,c1,c5,c234,c234
18028,9f01a7d769a9cb585046b0f9e5530a9443c8de79e9ba4ea42e6d76fe4f76bf42,1,c234,c1,c1,c1
18051,bea2885731def21a78f309d5765ccfd03329d5d0db68df490d56b20d76e75fb2,1,c1,c5,c1,c1
18052,cdced8320deab07698512b970d5000afc79617f5007f94d96ebf6b4421e12635,1,c5,c1,c1,c1
18054,18789d2585d84d67b8cd8433c6b32e4c6b2c54926fe2198e04ac0df262643b47,1,c5,c5,c5,c5
18061,8527a457e51b6592860efbdedc7e7e6b5c14c81895406393a6378ea77089507b,1,c234,c1,c1,c1
18062,b50bdb9a471b91783cc529834ca8b9def50288fc05ad18797ac2bc12f503cf2c,1,c5,c5,c5,c5
18064,f3668f0226c10c1216c776fe40d314f52dfb2e3e76ddca68043044c22dbbefcf,1,c1,c5,c5,c5
18077,de23612cab28d1c631737ce4eb23a11d035b60ecce14fe7753565742fb8846c0,1,c5,c5,c5,c5
18104,e634932b1b8b2ca02b3c154cb51a20158775d9c77751ae1b3d83109c86c295cf,1,c1,c1,c1,c1
18109,ca2d82c5d0536168085ff8fb41cad636824c0fcb9c1b99cd39aab8272547de50,1,c1,c234,c5,c5
18114,3a082e12df237647d6bd4b63ddafc9c0305173f50209234e4d9bc877e99acc65,1,c1,c5,c5,c5
18124,520d533926a0ff00e365d8f90ae23a6d87c7e194436585e0c23f32b456c79c95,1,c1,c5,c234,c234
18128,7e9b21a0bd4370c1ee8eea3f9c6980d9ab28e76fcefcc48dd884410b095c6668,1,c234,c5,c5,c5
18132,4132541260a031e1499e9c22ec5a9e92301fd4948fe4554f6857cedcb2d25c9a,1,c234,c1,c234,c234
18134,4e89eb39bab0f3b2f25237c06ac8a84bc5e65a459a585f76f46f8e55adf916fe,1,c5,c5,c5,c5
18140,5067df0e5ceca8db64c056a8b3e4567fcb795d19f2ee73ec0fd942055b874fd3,1,c1,c5,c5,c5
18176,8c7cf8f4694f23275b9a76e8f3fd590a21491aa54cfaaf41ab31a884696a526f,1,c1,c5,c5,c1
18180,5cea93462f5944882d24a44cf698906888cc9d1c4ae1affe75203c2b373aa690,1,c5,c5,c5,c5
18181,d35ad26e8e128f89083e9526ea1d42a8949d73e2c1fa95a4db29ccf3a331720d,1,c234,c234,c234,c5
18205,f6c6490407e02fbb35c172728e1c925a740c3f4fedeffbaea4099eab50f62ad5,1,c5,c234,c5,c1
18217,b261d90b8082955bd7702bee1f51f7df032d6d3e7518b913037ca4bd4495b514,1,c1,c234,c234,c234
18220,a874d2ed45d9f938b715a9685922bac43e7b6b7215b4e0bb67d92ee5dc6ec95f,1,c5,c234,c1,c1
18230,04416b2791425af113163af07e64dd30f79f161a999748de41c8243315c412c7,1,c1,c234,c1,c1
18234,34df5275fe68b1380d8b6d315cc0eb202e3d16d62f6551fed2df750663ec9858,1,c5,c5,c5,c5
18235,2b9bce16c164df404c8a4329f05b8de3d19747568fb74d9bf71bcbd4b7f7b94a,1,c234,c1,c234,c234
18238,a4baa3019c9cc0f906b929e3c27d8ec453db6f21fb8951298648efdee7ad7a48,1,c1,c5,c234,c234
18245,316e6ab8cbdd63d033a11fd851b39a749105174c08468720f41e40043268f924,1,c234,c5,c1,c1
18255,ce86551739d6650b4a8839705ec63010ec2971ccc2570cd83163dde8aae2166e,1,c1,c5,c234,c1
18276,866570ea2f912298680d41d13fd79b9ef2667827873d6998c6170d2c5e162488,1,c234,c234,c5,c1
18282,c688e4ec83c43720fcf47d1cbdeb7769ea624cbb790bff9e2a30303aa01a6911,1,c5,c234,c234,c5
18293,c1ff9d3e4ee5575cc71a12a0fb943709afdffcc7a673aec487d8dbc1e3872281,1,c234,c5,c5,c5
18295,acb8dc734de05890522657a79e587850cb3dbcdac5db6a6ef0a62a04b0e5bbe8,1,c5,c5,c5,c5
18297,58a852552138d6c2b3a0999a07f2c5563dc7f625f6674afb7367decfe1edc023,1,c234,c5,c5,c5
18307,d1a022f6e51ab74d0c5b9bbd434695bb5c7739ff590654b0e679d467353ad686,1,c234,c234,c234,c234
18313,f6153dbcad58b4674df5f4064139e6ac9692da07767bce848fd7b19e9a76ad83,1,c234,c234,c5,c234
18315,dd60171bd61f989eaa31df4cc98c872675b313196ed56c7f1535ed3b81a9a962,1,c234,c5,c234,c234
18323,918a67869b177c04d00368938a0a1d3ee5b74ec38e17a48d258c30aa6366c97e,1,c234,c234,c234,c5
18329,54b3a612c61f2dcba08dd10b64733b892f9bfdd97fe453629e2c68bfa68bc907,1,c1,c5,c5,c5
18332,7ddce3e9b5c0f0bcf5614d4404449115f84201be46f80e1ba86b66fc78b7b881,1,c1,c5,c1,c1
18333,ce2daa34e95f288ea0525af9a7e18bcd3db45e15f7fcbc132c732ab3b8236afd,1,c1,c1,c5,c5
18365,06ace5be5a93ee32c586ab635dd4f31d2edbc76fad1a3c33f23066712380a557,1,c234,c1,c1,c234
18375,f93893c793a9a0f364f70e8b14f8fa6d01e60d4a6b606ef524f95c72bac87072,1,c1,c5,c234,c234
18379,ca438f4bb3c48dd69eb5ae0567b1d1a7624a1a33a9a257012fa4aa912c36b3e3,1,c234,c234,c1,c1
18394,c6cdb885fa59af89bff1d9a311163d0d0035dfe60be750a1c264967d865247e2,1,c234,c234,c234,c234
18399,dedfbf63ddbd5c0dfda9b03c86419cf503fb44f03965d3d1aebccce012012cc8,1,c5,c5,c234,c5
18407,e667a8f0131b86730227a73c02d89bb07fb3336117d6d832ec39bda3728ced89,1,c1,c5,c1,c5
18416,68466565c6ca7172eedb24358b3567beb028931a0f93bcb59b21bc9567980831,1,c1,c234,c234,c234
18419,c7ccf56850742bc12a13a62a26f6bf5f49529587f62c53d446889116a2c49fa1,1,c234,c5,c5,c5
18426,f769bca63f2564c523d5dcea384a3a174fa7cd8aa17a62dac0ce4af02d2243f6,1,c5,c5,c1,c1
18433,5130a963be29463ca3623c9531b590bf31d160005577be6e34f93bcbca01742c,1,c1,c234,c1,c234
18434,6fc0f8d02849e5f813bd28f42c6c4ca93257f09583dd20e8d5f87a1fa8f858b5,1,c1,c1,c1,c1
18438,0fb07021d8537d48884120c05483446c9b7f62369873d8f362005be4802d3084,1,c1,c234,c1,c5
18447,006315acbfad58c0bede9e1a63469978499c86853d49f03249b5fd7a34af33f3,1,c234,c5,c5,c5
18458,89e52caff7dbd12fee5a77990574e0fbf88cae2f998c13bdb60d20d7e28fc525,1,c5,c5,c5,c5
18460,f86b9ac497451e1bdb4fd88d3bc7630b127127b431fdfa8ae2db2c44c49a9715,1,c5,c5,c5,c5
18462,1a98592ca211727e8e9e2b2d376108efde48d5ead87b1b568e6e6ce0ca857f5e,1,c234,c5,c234,c5
18464,6f68934b9753d679b39765a19c039ed8dd59bccc9409dc7c24cbf4663a6b85b6,1,c1,c5,c5,c234
18465,e5dd4be9390946fac6450a3dfaf63a99328a60aee9db4e069ebfb58e8a8dc190,1,c234,c5,c5,c5
18475,ea1c15aeb374501d9ee109cf398355ae1641809fd40e97823ef0169d6b3de1f0,1,c234,c1,c234,c234
18477,27286d1fe0c8e66061945bcc34a21947ffe8d4f09dd810fa9eeaec3ba8b78806,1,c5,c5,c5,c5
18486,bbb416e78d572554a0a54a1862fb29f6188da6d78607f8a7dd2b1df7959e6d20,1,c5,c5,c234,c234
18489,b123c1a3fbafd1a9799e24dec98047a4e21c6f7a97a46a22e68fefd26da9d000,1,c5,c5,c1,c1
18498,3105c2733014ef1c840bc6df62ff9a00438fdc1eaa523c8aa0019856817e8a82,1,c234,c5,c5,c5
18511,034972f53fc14c7ecc9c9be2171ca0bb1320b50134a611080c82a83feeec25e6,1,c234,c5,c234,c5
18529,e19e3c7f273d3d6a4f609f744842759e3dbd813b98c4634385aff89c29d3316a,1,c5,c234,c234,c234
18530,b5a688b3fb7a090f9bb52baa92af021b42d27e56c253dbac57f30cd37413466e,1,c234,c234,c234,c234
18539,646e159f56f6f27ea0a3e771bb8ac587f34746bf264a06d9e660c12fea9063e8,1,c234,c1,c1,c1
18548,e3be89c903dd2327981b0d7fb61636f1bf0d12cc1cfa69244e11af40c7375fe5,1,c5,c1,c1,c1
18556,edcc942488501cfe1083a1eb9f8c14eb6c4c9e6f926c3a7c6c7827c3b5faa857,1,c1,c5,c5,c5
18557,61cf0022711860774f84fd88e60f4f8ccfe600ac06f166730bc13e4f33dfec85,1,c1,c234,c234,c1
18559,1c6133c86348dba99766b0e36308e35f34a55180b29e8c361b46948c2fc6a3c0,1,c5,c5,c5,c5
18562,659f96d27649e91f34add8a4c5596b60d75deefc7ee2725dbef80d0c910ef92b,1,c234,c5,c5,c5
18565,bdc65e206fd48d08f38a701ae98daa1527f759a206bf5a055fe50ab61f526c1b,1,c234,c1,c1,c1
18567,0023207df89e93d01c9e1a372b80c4179586574a18f797169f9a6dd874d3d40d,1,c1,c234,c1,c1
18585,62f86e9cbbb2f1aa5220d7ec74fb1cfb13a2d0098aea3cf64b04fcacca3a2f63,1,c1,c5,c234,c5
18588,02a8b6ed1e1626b53887a5671062e3e212619d2101099e8e3766ce109e1bc2aa,1,c234,c5,c5,c5
18594,a8ca8e1805c194c7b1f91c4577e5cbd26556dda53800e4b1dff295076c4097ae,1,c1,c234,c5,c5
18602,1fc4a05b456d4bb0b9d788ae20dba8d65a9c6efd4468a2f579e07effc817b447,1,c234,c234,c234,c234
18623,3f3ce0a593f3c26db6f754c36824abad6e2b55d7ad0e6b801a326f38b8a5b0e1,1,c5,c5,c5,c5
18628,d07cbf89efae9bb257624bf7be6097d03d90076282058aede2bfef1a32b2172f,1,c5,c234,c234,c234
18634,4338dd619174f66700f2870a7d0eb05889d743c74403d98f72ec7e1719f87fc3,1,c234,c5,c5,c5
18638,9179995abbfe2bd396aabf08bcaf0176d07505fdf9751c94a52e76c6564fc0cd,1,c5,c5,c5,c5
18643,efa384409f52bb3581036a2148c8127413faf67bd3aa500685adf38881712eb8,1,c5,c5,c5,c5
18644,c846d64448d6524dfb12fe430be577bdb596ac701f056b82d91f3f1c90fb52c4,1,c5,c234,c5,c5
18665,158f97a4d4289692fddb4468b25221559b0af3a2ddb6d9b6b1c3ca9f03ccda79,1,c5,c5,c5,c5
18669,d723c49cdd102ca83fd8cc0a23aa669ae880cda7396d0d73d7825d131845ab24,1,c234,c234,c234,c234
18680,91f1506ecdb01b87e86e52c2edd21330cb2a84231314275be8870044dcaf8204,1,c1,c5,c5,c5
18688,21908e0983b34748abdb7291719f748fe114f875a8c08ffdcbb5cb8dbdeb4024,1,c1,c1,c1,c234
18699,2eb33b072ca64e13e8c27648601835898626768b0986ea5a74b7214ede7f2b96,1,c234,c5,c5,c5
18701,d16fafe7d6437d36f386feb07a849e84af8aee760b4bddb0d3d91dd5b02c9f19,1,c5,c234,c5,c5
18711,e337cecc3cc527ad9f99dcc108ba1f8cb832634b571a78e2ebeb50c34e215f3f,1,c234,c5,c5,c5
18718,33bd06cd8f3980bde38879bbd3c1f4ed33e340546cb6cbf5265cede2e2b5a32f,1,c234,c1,c5,c5
18723,e52365c37d88d7beecb97d9547d7816e43ef9b3a1e6caf1b4b9acc5e7b02a6a8,1,c1,c234,c1,c1
18727,bc5432ea4680f7183beed6f3b26991c9fdea1324a5dbf1028d2f803d4bfa7359,1,c5,c5,c234,c234
18737,6a8ac49eb4f342468b52013e1ad6f23bcd2bc30f258023c64857aee7c5534244,1,c234,c1,c1,c1
18740,5733dd24b9d5d91d77ad8c3ac10f288b0462ee3da93016e0bf4ad9561a522c57,1,c1,c234,c5,c5
18757,40278d974c5e795a69aa08b9eeecf8602c962cb65d026993cfebd956b1ebb3d1,1,c1,c234,c234,c234
18760,8bd31799477a012daee3fa1a9416396b694287e1dbd74349236930cdbc3ae246,1,c1,c5,c234,c234
18761,e0778601ce0e2327e306817a7daf363a1925998731010578189431f72b6bcd29,1,c1,c234,c5,c1
18763,db4e2e8a6f1a583a5c5c5b73c313e82220676c2585fddb4b30e8dc5b9bbd9050,1,c5,c234,c234,c234
18768,fcc8642b7eb732fe6041338650096f2d8de27c45d17c20aaf701a4bd07c22b15,1,c5,c234,c5,c5
18801,a9fb0ea1a6d456d1d78fc9c6a4b0b5e647a4df77a5293b6f83b3d0b5ffe441ec,1,c234,c1,c234,c234
18805,9dcda3894f54c7529f2d067fa03ea5fff64cd6719a04e8e10c4d591bc5394e6d,1,c234,c234,c234,c5
18821,38814f09703023fa6afb7d49c5b55a51c82e3b98c8d1964b5b940da973f38cb7,1,c5,c234,c5,c5
18823,3ba9d37b16de3211fd22e926b04e24beb90119596686d18d58b3a6f2c79b6105,1,c1,c5,c5,c5
18835,ace877c2b136c93974501faf16c27d286c476daa28282813efa208e84d343fcd,1,c5,c5,c5,c5
18838,2bd8e693c33f2fbc1a7c375bc1f4e49fcd028524c377bb3ffd589eaef4438c6e,1,c1,c5,c234,c234
18855,022b528a3e5665c09fd23c5f2bc03e221696120563932bde5c4b36a7e936777e,1,c234,c5,c234,c234
18858,1f9f035f9abd1fb5bf2840ae884596934c5ad3ba0708ae5ffa740253b9fa3ebc,1,c5,c5,c234,c5
18863,49c33b517863174e367f8ccd6dff9dc98fad5d470c2dd33da1e2a4018d8f045a,1,c1,c5,c234,c234
18877,fe7dcbcf1084ffdad4cb3d2fdca1346066f9b2a49babaa7275b8c3cf5602a3bf,1,c1,c1,c234,c234
18893,fc03c4867f6a4a09911f48d62d9793ec414db8647a06f7248d510687dca23189,1,c5,c5,c5,c5
18894,ab62ac0261835b219b23bba78aef51c9e0a6d8ea52900af80c76c5d8cb6606b4,1,c1,c5,c1,c5
18927,edcc942488501cfe1083a1eb9f8c14eb6c4c9e6f926c3a7c6c7827c3b5faa857,1,c234,c5,c5,c5
18930,60dd1a8afefdd41016d7a279ff9f6b19582aa4f3a9c1d866f1e707d24754294f,1,c234,c5,c5,c5
18933,fe6ddd7b95bdc5f21c0656469647c5d1cf4f95504b3a0a4d2eb50203511a7f6c,1,c234,c1,c1,c1
18937,86f069e95eb4265d478ced9c3165a26690a0787d5295f95f8ec47e0eea0be12e,1,c234,c5,c5,c5
18941,e5e5ead2ff16a169fa0e29092ed7b20619db3ce92a16c34f34f782b7cf764b51,1,c5,c5,c5,c5
18953,7959a40fa528a935a5126bfded8c34595e94cee5ea1f0982b4509384084fa037,1,c1,c234,c234,c234
18957,3ee2bf37aad37d6a505ca3ccdb61e3d6d599cc699ca1abe73ce5aa55006461fd,1,c234,c1,c234,c5
18959,dd3cb68aae62f5b0b16244c749ba2bed96c5a2dc9275b011177e3abf50bb2f7d,1,c1,c1,c234,c234
18961,965c31728936350d872eafa9482f85e56aa13a112b839d0473e797531e59f83d,1,c5,c1,c234,c234
18971,e84866935a7a8240703799b5fd70e525f9d7bc55bec3abcd949c22dfb55cbf7e,1,c234,c5,c234,c5
18983,5524c94ce99661316ff888dfeb696ac19beeccab4fbdf1f0432492142a970bac,1,c5,c234,c1,c1
18998,e15c059db830d876cbb1575eae35b4c6438814c9cdec4c1ad2e3a0a0c7b29e0e,1,c5,c234,c234,c234
19002,ee6e39e1df541c4ea471745d0d2736adbc3e7cbf5b7e7bea9b9fbf7e8def6d6d,1,c5,c234,c5,c5
19007,d8e3596aed106d10e91cf460a9406771f370e65b0e9917292c598d3085e3ef63,1,c1,c234,c234,c234
19014,36f7b790df696e8bd43810c7bc010678dd4e6b9667fc9d007df0e541fc9f9708,1,c1,c234,c234,c1
19024,4834344fd2cb332bf04d01b57893be6cdc74340c95322bf1a7b1e539638af4d8,1,c234,c5,c1,c1
19053,93caa96e262872ae3dbfa080a851c8f94eebb344c7620ba8c9a53592254a059d,1,c234,c234,c234,c234
19059,0d71ed829a2c1a9aea8e01818e08f6afe190592a5ced61b3efa7106e7e1e9743,1,c234,c234,c5,c5
19064,ee77dd72d885445108e61a0ad9d3074fcb630bdbcbea01f1389e02e3ceed5109,1,c5,c5,c5,c5
19067,b034b62d551d9813bce9d8dab546ae909122acf54e33bdabe9924017eef6e5f3,1,c1,c5,c5,c5
19085,edcc942488501cfe1083a1eb9f8c14eb6c4c9e6f926c3a7c6c7827c3b5faa857,1,c234,c5,c5,c5
19091,7c815b988626428c15d112f2e19c0b05dd535d5ae7741ca8673196b8732938b9,1,c234,c5,c5,c234
19105,d26ea12bbd0fa78d958177910c3c5a2735581269ff3d75d6f2c1879b7bef68ec,1,c234,c234,c5,c5
19115,f3197b83d5ddf2351655c2716dab6d2e61f4189f229806930c34cc46c768da84,1,c5,c5,c5,c5
19127,45a09ebbde2fafa550f4dfdf0b5e6aa5aa462767e0cd1e1998b09cd67d8b0a3c,1,c1,c234,c234,c234
19129,bf0a6d1623b189f2c0bf14ff8bdad6d903221d537d488d70806431709210b0ed,1,c234,c5,c5,c5
19132,a7e1253185d07a5f281b9a4d78e9fcbc71f5e3b1c7a6cba0914e33e6021b869d,1,c5,c234,c234,c234
19133,265866b76351ccc5b87f2d3e0d3d653692be6ed5e0d91ebc2a211c80733550b3,1,c1,c5,c5,c5
19136,33d29ac962f2b1108d236e63539c2f20808b1df8a237f40c785cb58223b3090b,1,c5,c5,c5,c5
19148,9f15b636bf90424ab6b5f4ad8072c395d85748c535d5ef111fab375689bdbe70,1,c1,c234,c5,c5
19177,23684451e41f84f7101f264c1287ae7b47d6a8e16379d68b0418f14e714c8ff5,1,c234,c5,c5,c5
19182,ec13f1fb0c1c8f5dbf68bc852637571d4a6672abe171abb231301ea9ae7c5edb,1,c1,c234,c5,c5
19185,084933bd58834189f9e808594c3a204f24e863cc1139d6c735b77125941eceb8,1,c234,c5,c234,c5
19192,5b7b0edba60d45b29db274553446ef5b48ee2899804b5bdbd0f197ccf7dd46b4,1,c5,c5,c234,c234
19199,a6d6e2620651b7ec274b1840f4f1815f2e335de63ab920dd92f7f773e25ad8c9,1,c234,c1,c5,c5
19203,7c2aa0fda82aeceb0a86421079a76072684976d6d03bea2c01360d5a986456ed,1,c234,c5,c234,c5
19205,d34d90ba866db924baeada622b41ae5e068d791e2c98c6662451999084f89c85,1,c234,c234,c5,c5
19206,25275e5595113c2be7836a871bdb6dd073f593fb3323fccfc5ba38fd8a2cfe3d,1,c1,c1,c234,c234
19210,418b1e6108743ca2632156cd730dd04b486be91b9d728ca35434e1cd6b4475d4,1,c5,c1,c1,c1
19214,2857f4aba357338419231e3343c1e274db0997b156e8889ddf794230ddc3ffc1,1,c1,c1,c5,c5
19219,5f1df806de0e3f9ba5c6c11b31b0705422beea0fde0644a3acb455febe0ff36a,1,c1,c234,c5,c5
19223,f089b6b1547acc2d8c023ac2d5cc760a0c7973c1bb2eb0c88b36d1c39b7e4263,1,c1,c5,c5,c5
19227,b53c3a0095121e0d23dcc2361780eee596c5816b65f21e061ea756847360e4c1,1,c1,c234,c1,c1
19230,aae6ad2d11c6148f04fd8f0af4bbcf9cfce147dbc26aa6de204e1362fd7c223e,1,c1,c1,c5,c5
19233,718d57e8d3898d5f4a72fb61acf9cc6048eab6bfadd19207361a6b8488d996b0,1,c1,c234,c1,c234
19237,18cb70d42d599e8fd46e0b198831ee5edb183b91214464759d72f0b5044bf4f3,1,c5,c234,c5,c5
19244,83687292da882ba33492208f976f665ec5a07672c5cf8d3f28f4d253f169f950,1,c234,c5,c5,c5
19266,631d7e26f41aca0ff270e42f0b3eb51e3e935962ce9c7c6ba1c505bed42a651e,1,c1,c234,c1,c1
19267,0f36610d56df5d8dfbf126545c35bbba21fee488cf019d2163f2421f7ab9e67b,1,c234,c5,c234,c234
19268,1077929265f60103cfe171c75adf3e0e2dc783febbc194afa380334edb0c84e4,1,c1,c234,c234,c234
19269,782070059710ab4986b86d448e5cc88c656b68719f78ee4e852bef330b297eda,1,c1,c1,c1,c234
19291,ed2b9720deae05a6c509c64b43488dc63da27474101d824b1344263b2a9ade1e,1,c5,c5,c5,c5
19305,1f86189dd009aab8adcdfe3c421d94763e2443f7a3585f0d6cdf00719a29382c,1,c1,c234,c5,c5
19307,f79bea0a76a872cd7bd08d98b1e5b419c94ddb3b56ab76be448ca3130d66401e,1,c234,c234,c234,c234
19310,3c9a92d8ff04eee7e8297fb479d016c98cfdafd3c10b5d83d82799e8d39277ec,1,c5,c1,c5,c5
19311,5c566081e4864227dcca169f7b61b4d6faedc3604a85de7ee6412eb5fd8fb5cb,1,c5,c5,c5,c5
19316,cee7f5f10c011c1b529d624ed74bb973c0fd102083e0f472110d202df002ffa6,1,c234,c5,c5,c5
19322,6d7e35fc5d2767b6a752f4e3f2247acd92bf05f85ca390b22b50bdda70bcd00f,1,c234,c5,c5,c5
19326,474bdbf50edf79cf95d2fd9d9236551d2ac2406cc3b0fb50e40af54c8e3324d4,1,c234,c5,c5,c5
19340,35c5bc8654bb63665786dc190c9a50d3a48ee6051bc8d00d481929e523b2d97c,1,c1,c1,c1,c1
19349,db6a1ae2c2cd506a935dcf1cfcc0ea65092c65f6c08999b3ea4d92984298b4f4,1,c5,c234,c234,c234
19350,b4aa79e40ed1dab064eb3819872ce57addb55f98df4b450a524b7d9e494377be,1,c5,c1,c234,c234
19359,15e22046643c8d7567da6de498a9991f3e80846ff47b3153c5143fbc97391e48,1,c234,c5,c234,c234
19373,69d702819f0ab0dfe8567350a864b56ae83a04f68908a8a9bae95e96362785f6,1,c1,c234,c234,c234
19379,b57e5c2606fae5912b0762f9bb711c563ba8d38582dd93f53c12226a599a078d,1,c5,c234,c5,c5
19390,b8d27a1484dc5af064b1a246d36ffc496da9954645281ba96e89cf3d90aa3c37,1,c234,c234,c5,c234
19391,47840ec14dade259eb64c6bebe56d18c0822a710c313c0b07af0711f7903b43e,1,c1,c1,c1,c1
19400,293b555fb209873fe5754127cc2e4173bc772c402df9b0e3e92fca1737c7a97b,1,c1,c234,c234,c234
19404,663a8c263f0eb22f39d8ab19bde388d550f36f4d7c91096bc3930243d414832e,1,c1,c5,c1,c1
19410,355af694d7b6a2f77e4a0a89c93db71f1a3dc20acadbb96353b844236bfa8471,1,c1,c5,c234,c1
19412,ba5a7f608233e43ffbbd66ec435390e9ddea2c83a5b4ad7a78d1f7b0982d3969,1,c234,c234,c1,c1
19419,efc471e9b4d3d9ba21681c82caf141f445e95460f1c4870aab80669ee4398c12,1,c5,c5,c1,c5
19425,85d33d6bffdec7d3255f19525b1a4a2c73e813076f4fd1edbefbc78cf437f38c,1,c234,c5,c5,c5
19426,b3afc105e12c3922912908f6b067ac7c9824c48d62b07699230a03ae3f061fce,1,c5,c234,c1,c234
19431,774e5eaf38661955b7189ced140564bae6fd32bb661e1d026cb64e3dfcadd720,1,c234,c5,c5,c5
19435,b768f11fe0fc4b011ed078182a7a9989eedb51a94caa996ddd05edcd3b88e50f,1,c234,c5,c5,c5
19440,0989faf59ddeeb0036770eaa608119011148fcaf3aa2fb2a6e314b6ba15f200b,1,c5,c234,c1,c5
19455,1cfb5a0dabac0d695f9c39ba0e9d813d0736e3a710bd6e02c2bf62b70d10ac29,1,c5,c5,c5,c5
19460,69be78b82fb3b9c057b1dc6c87cd73eb412a0c2e45eb78083c0f95915ccc28dc,1,c5,c5,c5,c5
19479,eff4d7bb53fef6bcd56a4671488b508716de0e2b8652d2d1d70a56f2b8bbd32b,1,c1,c234,c1,c1
19485,71e6a22dc468765270db8dd8ba72baaf3c3ccbdcec3bc5f8578c8affefb9a7f5,1,c234,c5,c234,c234
19488,2f0009ad3519ff289654b6905139942805eee0bbcfbd45e3d71c03697f4636cd,1,c234,c1,c1,c234
19537,e104a144489cfbd35c1ec9896d58bdb023777bc25e6be7aef65daebc2d4ff54d,1,c1,c5,c1,c1
19547,e04d8959c5948977bdce30ab812cacb45935d164b7152e3bb9cdb1e6e1f17759,1,c1,c234,c234,c234
19558,03b6b8ab23d3e5a5ad00f7fa558c8704d0b75c89b9ba54e955644eeb6cbf863a,1,c1,c5,c234,c234
19562,3f5286fe8034fed9dc7df31e769e53303aa1ffbce90df8f6c56b2892e16d3354,1,c234,c5,c234,c5
19566,1a6e04b98456932ebe8184026471306a4826535f0ca5de5b7101c501d51bc669,1,c234,c234,c234,c234
19568,8eba49b46bf03660ecc1283ff8f049c60d792a81b26ef853a0725f7505528084,1,c1,c5,c1,c1
19570,5e894d797517a4d01fcdd575cdb9a55dcd6448256abbe2a616324ff264d67cb7,1,c5,c234,c5,c5
19578,4b00f12d9e00e90b52760076f935af910c24a0ffa9256c7fbb9d550ff8d181f1,1,c5,c5,c234,c5
19580,fdef692572896f63777f7d47683ac54db0be00cc09bfad2a64c1b63500a465a7,1,c5,c5,c234,c234
19584,5e5a73d166ee5591b41f95e29f768b08562ea4d0e490480ee45cf2e0a87d9400,1,c5,c5,c5,c5
19588,4f20f2a37ef1b77d0b48a175736a404b77ed027c6d3d0df4bf2c437bfcc93a15,1,c234,c1,c234,c234
19593,edcc942488501cfe1083a1eb9f8c14eb6c4c9e6f926c3a7c6c7827c3b5faa857,1,c5,c5,c5,c5
19607,359ffbc1bed52607d7a5c7b37eceae7f41ca5bb5783a5ecea7397191c1359d87,1,c1,c1,c234,c234
19611,198dc5b484265bec45e6a5f7a3cefa177896932cba8879e9218e71aebe3a7939,1,c5,c5,c1,c5
19625,9f8c53e1362d89f2d71fa35f39655ab711261451499460cc35dae9f45a67217f,1,c1,c5,c234,c5
19629,af515beff90bac1ad0985b483e94dad14972e5c0474b54e7cdcbadc499313560,1,c234,c234,c234,c5
19633,c5bd38253187a212995cb0fd7675b7766cb5479687191d8e441bb4a60eb8ebb4,1,c5,c1,c1,c234
19634,2d85819cf90dcae9fa2d06dd0dba7a06583af68da6da8b140d37f834569d8aeb,1,c5,c234,c5,c5
19647,526486e074570c058058dd7cbda9c27acc37f4a4e7944c4bfa9872e45b745135,1,c5,c5,c5,c5
19660,723672af15655ddd1cbacd1646847413a41267de5362bfb0bb4291438cf3adff,1,c234,c1,c234,c234
19669,8366ebc48a09e4eb99e20f5c8aa12761225c1bb1e67da9ee07c3be2b57791118,1,c234,c5,c5,c5
19683,d9617d1d99de97111bc2d6dc4b2145da3c8704be5dd9b66d245c9159c9bbcfc3,1,c1,c5,c1,c1
19685,e9fdde0102538261474b8f9e828605bd4a7fbbb276499008b3586ae0effa6526,1,c5,c5,c5,c5
19703,e1cca93c214afce4e63b9ceb3fee3bdea083f53c93faaffb3803b509ec1bba47,1,c234,c5,c5,c5
19704,f4cb5cf8bba5617ecfea59fa48029d44fbbf3a825e55f9a6eedb7573392e550d,1,c5,c5,c234,c5
19713,f633924386016e510ea1ea38f3d2bbb0b8cdeda41bad806c8d8b8235e1f49b8c,1,c1,c5,c5,c5
19717,a16a75057114a27be55160a5fe3edf5413d963c35d262444d28977d965c443cb,1,c234,c234,c5,c5
19726,0ac231879bce2dd2e89b45c76354c43886e3143a20526505f6b4305c3f56289d,1,c5,c5,c5,c5
19738,157df91056195e7099fca3f5c1d23f4efa8fd09577dfdd00d1c16a5ec84e0d1d,1,c234,c1,c1,c234
19739,777c05e24195f5a83b90fbfcd6ca9390594d71c22f4d50611b79a3f0ef4a3d65,1,c234,c234,c234,c234
19744,24170e0bcb050a47fbc7e8e94656c899272927bec8ab6d7578cb5dec068f2b9c,1,c1,c234,c234,c234
19753,e305b252ec8ee55ca203ad6fd322917e11bdbd66e703b1b805d769effbd1699a,1,c234,c234,c234,c234
19755,fb07662b64748c4ed452ff2183b35e484086aa9ce3a74cdb894fa2c287a8fbdd,1,c5,c5,c1,c1
19756,8996a6be0602d4cced5398341414b9c40f3798dcc6bf47fd76cbb288bc38c312,1,c5,c234,c5,c5
19763,606edc4f0980804b347b8dd950a4f73762b2bba073a022f18fbb77c04ac16283,1,c1,c1,c5,c5
19764,c073be83ce1402e592f2b358af57e25e913be84b9856c17bc6368a9a3eeae23b,1,c234,c1,c1,c1
19767,9f01a7d769a9cb585046b0f9e5530a9443c8de79e9ba4ea42e6d76fe4f76bf42,1,c5,c1,c1,c1
19770,045364f23eb88e190840e5c29f195f24e625dcd468198f7756545ed973e0a5cb,1,c234,c234,c234,c234
19773,50eec0247fd9497bbb952f82b4acf17384b879cea6a32c421614ee63af1363e3,1,c5,c5,c234,c5
19775,441474e27f4330b948098cc06303e10cd413adfe7bec470792d600f0efb73ad4,1,c1,c5,c234,c5
19779,91af683d48a0e17ca56aafb20ed816b409419c801429dedca45290f8a4beaa3a,1,c234,c234,c1,c1
19780,74ec8a2211f5e71b29a65fb6b8d4209512c8b4c3b75bc900ea2c1cbb1e228c7b,1,c5,c234,c234,c234
19786,8e12540ae1976ab177a01b8439fa4824151326b7646979b4b141a714a556791b,1,c1,c1,c1,c1
19789,897692ed9e3bd736a12598502087fc80b4d760b60fa0eac66664f5d3d7f5d6a8,1,c234,c5,c5,c5
19796,f1d15a299637d7f478b90f3125710e160777fee7893df9487e0e2781b620fcbc,1,c5,c5,c1,c1
19815,2fbfb75ca29a1468ac744157efb90715dc25acc652ad83dd220330845c75161b,1,c234,c234,c5,c5
19825,88ff2fde8658703d5271a6b4912b77a0e510cef7827fb6dc6608b4b846d33e14,1,c5,c1,c1,c1
19841,471283762a0a4412769c46957f18c737b6e53e16044f2d6f0e1ce8fac3d4b5e2,1,c1,c1,c1,c1
19844,c9f40d0ce08cbcf7502566b77645f08c66ab100b485e48be808c609b406984d9,1,c234,c5,c5,c5
19846,f59c5a446264ce3636a5d58b5a4dec186e0d5ef98817e03a5d89604f0ca6fe5d,1,c234,c1,c1,c1
19861,6811b24f985a449152f61fcdca80e0e05710a98fdd150627fba9b5eadab52172,1,c234,c5,c5,c5
19871,adbfca72a066bbed9f47150e4964d36d71eb6a3d27317397039a8ed4ac49b8fd,1,c1,c1,c234,c5
19885,225bf741a8a020df587c35343a52ad15e8b6b17e4de3d1033a7d08dcc18b13c6,1,c5,c5,c5,c5
19887,d5b50b72117c3c37c1b2e6537d134121831dbe1cf917014eb9830e32654f70b5,1,c234,c5,c234,c234
19888,3bdafbcd901cc12350aa14887732a3b7592ea9d4d08163ccce8cb74286a9a619,1,c234,c234,c5,c5
19900,e2707caddda7df17044ba0bd988aa3f357ca887502e280a3119c9a1de82b8456,1,c1,c234,c234,c234
19905,4c260824835eb0a4999d6e25dae97b766cde6d05fc9377306c76d21366640cc5,1,c234,c234,c234,c1
19906,b95863bce08e326afbd1dea51925314555a7dab7ec25deba0ed568bb84f5f162,1,c234,c5,c5,c5
19910,5028f6cb5cc6b0def346220239f930890d7d0abc1a58c0de4dd0efcf862be6c6,1,c5,c5,c5,c5
19912,43834196004562dae6bd3e14e669682ab5dd6a173bb383772c935274ec502e0d,1,c1,c1,c1,c1
19924,b539b5cb53072a314ce92acd8a87a074f08ca8f635a3334d99deae974ff11328,1,c234,c1,c1,c1
19927,ddd29d37e46ad8f348a807394fbed488b0e9419bc153918a0998662aa1276c39,1,c5,c5,c234,c234
19929,82663489bd626f13bbb0549bb46f4a612569ad540c8a6df2340db94b864cddf5,1,c1,c5,c234,c234
19935,faa3e03cc3cad8d983469ba385d1e1d0a0db231defead63dac885813e995e6de,1,c234,c234,c234,c234
19938,4dfe64f24db8872ea0852076075e270e1169ee1ed35791462416da6d0dbacdf0,1,c5,c5,c5,c5
19940,9f2fbe4bfc63beefc219f852aa8eb580f806c4e4d4b96e7d1741826d811c4ec4,1,c234,c1,c1,c1
19942,c499baa2ca348bc63672e07e7f6481765cdbec25ae70ceef62603f7ecc047154,1,c5,c234,c1,c234
19948,cb7cdcb1524aaa1a698042b44402a53dc48243b264b41922fa21969d87e8ab53,1,c234,c234,c5,c5
19967,4009be57849279647ddc45f1d8dae6026e5a97ee8d27ea49ac63fc46dc4303c1,1,c1,c1,c5,c5
19970,17e553875652f7b1f7a0c1f8c82a0f36d97b9534196039f58403f3a761fd4234,1,c5,c234,c5,c5
19983,7439f168c02f7bafa14798907f53502524984858fe10c79dde7909e8e86ac538,1,c234,c5,c1,c1
19993,b1731c3be38d5d3e30249fe536d2663ba5494a4abbc27acb4c875cb30c6082f9,1,c234,c1,c5,c5
20014,4a8af6c9bc4e018e77e8922e28110389466ca392953a4432ad8b2a77dc3d97c4,1,c1,c234,c234,c234
20016,0fdc2f855f0e02b60e5b0fa1b57a669a0727a50316dd23703338be6a744cd7c7,1,c234,c234,c1,c1
20034,a4917f4c8ce464c9e678eb9e515e102fb11ff5afa54de37164a239e39ce1726f,1,c5,c5,c5,c5
20044,61cf0022711860774f84fd88e60f4f8ccfe600ac06f166730bc13e4f33dfec85,1,c234,c234,c234,c1
20056,d17d2c7a9387e2945bf6a2a8d7e01eda4b84015b7f29a33d2f69037575dd4039,1,c5,c234,c234,c5
20083,d1b7b2ae33dcbbb3d6aedf1f4cf808a1df3d27e3a004fb9b7ad203426c9623c9,1,c234,c234,c1,c1
20085,43a3e69a3821a1691b60452a4e320acba4ac709387857f27e3f889401f871ea1,1,c1,c1,c234,c234
