excel_row,group_id,fold,true_label,pred_bertimbau_lora,pred_baseline_matched,pred_lexical_matched,prob_bertimbau_lora_c1,prob_bertimbau_lora_c234,prob_bertimbau_lora_c5,prob_baseline_matched_c1,prob_baseline_matched_c234,prob_baseline_matched_c5,prob_lexical_matched_c1,prob_lexical_matched_c234,prob_lexical_matched_c5
4,0d1270189ca5b5ee1cd78665f1e65e7a6eceb8e62bfcca87f47d59c8a104fb73,1,c1,c1,c5,c5,0.4090162,0.26219937,0.3287844,0.37460360573066886,0.16377675367892985,0.4616196405904014,0.34963549732219706,0.18539278658940855,0.4649717160883943
7,dc0e635e085e691b30c20d94648b24980f3ba1131ac1ac386d9d668c3948a8f2,1,c1,c234,c5,c234,0.32870525,0.43138644,0.23990835,0.32147448674672724,0.3176415440261942,0.3608839692270786,0.2775872473139342,0.39578007573884155,0.32663267694722437
13,72dfbd77acbce962f5d1dc5970b702dac916518af986f2129be927493982f6f7,1,c234,c234,c234,c234,0.17215294,0.4260273,0.40181974,0.25354704818329404,0.49152288477671086,0.2549300670399952,0.282195813983976,0.44653727050327774,0.27126691551274634
15,d2e423167b27cdf942cd47eea2cc726ed212e8115ba51bc0f0334e9bc03f14f1,1,c234,c1,c1,c1,0.45944992,0.33320028,0.20734984,0.41463539677130357,0.4074999086023507,0.17786469462634577,0.43009357035128887,0.3622080819858694,0.20769834766284176
25,eb30face4f8b77d6253cc544dd6064c665e56057e1ec6fb56721ccd725dfe97c,1,c5,c234,c5,c5,0.26114193,0.38686273,0.3519954,0.14074830030470523,0.2973449508348708,0.561906748860424,0.193976855266886,0.3345809187229757,0.47144222601013835
26,b7256d6638c29aa9d46006dc9387a50ab32e6c9e9e1e290bf15fa4a2cbfcea18,1,c234,c5,c234,c5,0.12473072,0.30818373,0.56708556,0.27292479710140743,0.40415860129328124,0.3229166016053113,0.2544246829551346,0.3368690482962725,0.40870626874859284
34,f716fdb4ba6a4583de543a11a08039f185cce8e3bd9ec7b4acb2ff0d558e09c2,1,c5,c234,c5,c5,0.2262639,0.4066681,0.36706796,0.23721918549644502,0.36828332050170187,0.394497494001853,0.23226467656789618,0.3838147214177429,0.38392060201436096
39,48e54d019be528134a5ebf0446b1395ec9cc570425168f884d8f594e8482ce21,1,c5,c5,c234,c234,0.11222569,0.3341117,0.5536626,0.06451672483811052,0.705809132270482,0.22967414289140753,0.11319539273939984,0.5645566581001314,0.32224794916046867
40,edcc942488501cfe1083a1eb9f8c14eb6c4c9e6f926c3a7c6c7827c3b5faa857,1,c5,c1,c234,c234,0.47941038,0.29755065,0.22303893,0.2779337164758063,0.4801468869246867,0.24191939659950698,0.3305606712126871,0.3540689053100007,0.31537042347731215
43,556ef067e6518ab458cd8fee691befc57d5e1d05dd72c4da0c3425a4f30cc82e,1,c5,c1,c1,c1,0.3646281,0.27567902,0.35969287,0.3921107108901611,0.3218303256666761,0.28605896344316284,0.4282123632127775,0.2682921483635506,0.3034954884236719
49,68e9eb9cb4579f81146141e1efa202f1dc9d0c6b294e6eafb44d5e048bb2a440,1,c5,c5,c5,c5,0.13831097,0.38410205,0.47758698,0.12631644412274254,0.3837460777906535,0.4899374780866041,0.26593715345876634,0.3437000625929998,0.3903627839482339
59,67cac6bb2f1d421de8ffb409487bfb35917cfd67d71a7bc5b9fdb5933223f245,1,c1,c1,c1,c1,0.47882748,0.38720533,0.13396725,0.4060423913836991,0.31964055320038376,0.2743170554159171,0.3910355653800031,0.3639632669098609,0.2450011677101359
67,799779fd95fd2a52f4a4476d9abc59f338792dbb20632cb99a1a864c1d065b58,1,c234,c1,c234,c1,0.5690637,0.3201146,0.11082168,0.4398004601061105,0.4701891413931902,0.0900103985006994,0.49585528416354013,0.38701949101175953,0.1171252248247004
72,82f8261ce97f2bcaf2379b2c6c675aff5ff96880ea8e20d6b511367cf535cea4,1,c5,c5,c5,c5,0.06880152,0.10069351,0.8305049,0.02679006554530195,0.017086903153672655,0.9561230313010253,0.09074373517843871,0.07206144996001448,0.8371948148615468
76,5d492033a42ba0e1fb866ab8034c90638c2280712be5dca618b49418337757f0,1,c234,c5,c5,c5,0.16032174,0.3423931,0.4972851,0.19983356204478528,0.35044597705818104,0.4497204608970338,0.24016426703180352,0.3408137518011632,0.4190219811670332
78,c736bc0cbfdaed103c204ba9c7b118adbe01a202a4bd5edb87290440ed6dc101,1,c234,c1,c1,c1,0.5035016,0.3524383,0.14406016,0.7107875670586262,0.2042695683040751,0.0849428646372988,0.5454777421030859,0.2563868366171132,0.1981354212798009
128,dab8c42b1b1e07f007f26c946c69c7b766d9dcf525afaccd8d27eaadb878bb69,1,c234,c5,c234,c234,0.24505457,0.34299722,0.41194826,0.20259989335479553,0.6260263511663614,0.17137375547884307,0.2958916385290335,0.42952713317181995,0.27458122829914644
130,6ff6858582e8ac8f9b3973ed666c59ff98d1818028ddaea710a1470e9911f85a,1,c234,c5,c5,c234,0.15722063,0.3563114,0.48646793,0.13954453736977943,0.3317800120262001,0.5286754506040204,0.19777308204730892,0.40568507563806294,0.39654184231462813
138,3af0f197bf24951ad6e13a6874c3f111dcb8ad72929219a116b402e9c8c5d6f5,1,c1,c1,c234,c234,0.52238786,0.33276755,0.14484456,0.3467402070179902,0.4792536782857648,0.1740061146962451,0.3792374951792695,0.45293925849978733,0.16782324632094323
147,a0ae8c4907c1a12803e416de5e4a29f00a8ed31bdf04add0508c1f768ea746d7,1,c1,c5,c5,c5,0.14702454,0.27082798,0.5821475,0.15441082675571194,0.2711564210527456,0.5744327521915424,0.21345350039749506,0.27379532863789235,0.5127511709646125
157,dd7929a0f81b3c163e1d904c89c10d0c1416ea66ae946bf6dfb30a6825961a94,1,c234,c5,c234,c234,0.1520921,0.3743267,0.4735812,0.19027670088550958,0.5217053347447556,0.28801796436973487,0.22616404773176052,0.48845452216929824,0.2853814300989411
162,312c0b89d213995ecd7523aeea79b1c95b3f9b825f9ee4e37fe0361f382f080e,1,c5,c5,c234,c5,0.15602005,0.3218406,0.5221394,0.1226406305637376,0.4521636306728778,0.4251957387633847,0.15794792004602343,0.3504035208343455,0.4916485591196311
167,0cbfce17d4a6150ae09408dd529b60a666e5190a6963544c7f10462e2d5d51db,1,c234,c234,c5,c5,0.34380582,0.34697506,0.3092191,0.12477061229939038,0.29409474456800744,0.5811346431326023,0.22503601952163907,0.33144147647974376,0.44352250399861715
174,5151e5c2df0baba6673bd450136b1401368fe376b61b16f500d5fc0efee88830,1,c5,c5,c5,c5,0.18000351,0.2856122,0.5343843,0.06953537312302906,0.1788194527360946,0.7516451741408763,0.15014433727887624,0.28247999699417614,0.5673756657269476
179,5cb4b2f31223c27ba6bff87e5b71157413b5b71500b93ba30f55b3511c3dfd59,1,c5,c234,c234,c234,0.34646496,0.39706042,0.25647458,0.27936284639444414,0.37647826890177416,0.3441588847037817,0.3330299145766917,0.34802820762925135,0.3189418777940571
188,a45b3e3a269ed9280bdf6ab85b54abca06faf3a22230b0a14ccacae603042437,1,c234,c234,c234,c234,0.35031122,0.42992395,0.21976483,0.1542448254026502,0.6725479737437181,0.17320720085363175,0.24773911800680523,0.5314510894301747,0.22080979256302014
189,91cb680da5b37de09fc2a0255a88c29a64a1bc74b9bee02b6e2456fccf7a94da,1,c5,c234,c5,c5,0.29927891,0.3543308,0.34639028,0.28893627072785866,0.21795675942378337,0.493106969848358,0.34475431156179465,0.29418976294278315,0.3610559254954222
192,84d76b0bf6e7e7b077d98e9557a3fd5b4fa00cb4d1a6f8c67740917c7bd627e9,1,c1,c1,c1,c1,0.6966473,0.1729773,0.13037536,0.5639939013213268,0.2509669399693386,0.18503915870933463,0.51814577122085,0.28320875651852434,0.1986454722606256
211,97d01e61dc45b6d6c4aff8aec767f01ddc6864d42501a204664c7731c0c10530,1,c5,c5,c5,c5,0.21679497,0.27619573,0.50700927,0.4103325594586213,0.17580172957052734,0.4138657109708513,0.35406433829781897,0.27987241521686773,0.36606324648531335
214,2a40972f95050309f907ab0cc0a404ab07830519f7a242e911ea2d6b956c4373,1,c1,c5,c5,c5,0.15370815,0.24406037,0.60223144,0.3182576663735856,0.1617958933299146,0.5199464402964998,0.33334829952603656,0.21197457710821416,0.4546771233657494
216,4c814ca826305ebd2447891efacc96dfa6b71acbe12a234f3adcf8b2b5dee939,1,c1,c5,c5,c5,0.15774034,0.31584454,0.52641517,0.2181606874356068,0.3717775323375245,0.41006178022686873,0.3195251426901758,0.33781482766569804,0.3426600296441261
233,267ff42632262f65ed0ac960bc12572cccecf373373242d4f95084b31b5fd686,1,c1,c234,c5,c5,0.24275951,0.42449367,0.3327469,0.3450394517575252,0.2988703673924504,0.35609018085002453,0.30254300736737205,0.3183420273597564,0.37911496527287153
241,5163e8606c852b01e464d3a642cc6c81c3ac50ebc58de1fbb6f2851a85cf19fe,1,c5,c5,c5,c5,0.2767593,0.28051314,0.44272757,0.38264611693865547,0.20265659374156617,0.41469728931977834,0.31421521696468085,0.21749309973571382,0.46829168329960524
244,921784c2e8431f896af7eeedc907fa74af62f7ab543f95529216cadb62951361,1,c5,c5,c234,c5,0.19450694,0.3864859,0.41900715,0.2968247636255523,0.392003447082242,0.3111717892922056,0.30155537525948106,0.2997135020764067,0.3987311226641123
249,999623fd545f043b2d3ce794c5418c94a9557625f84064fceb04aab5165ee68d,1,c1,c5,c5,c5,0.07181805,0.2588529,0.669329,0.0996576374264106,0.2380906233325576,0.6622517392410318,0.18717076968947943,0.28708552072992033,0.5257437095806002
251,7519782e0d327740d0b9e88c9bcd81b775d67c60a8e5782b43da3de05b111ba3,1,c5,c5,c234,c234,0.18001884,0.3858766,0.43410456,0.15893304411347442,0.47522593782067385,0.3658410180658518,0.23594032231215686,0.41074018375046406,0.3533194939373791
254,0cd6f682e2b367f7b9bd059be6126cbf50bbba375753ca13a9b1712b54a7af8e,1,c234,c234,c234,c234,0.3520952,0.44961727,0.1982876,0.3164651798866032,0.4255538253369665,0.25798099477643033,0.3425920184694593,0.4216709221925131,0.2357370593380275
258,0a4d88b6f4da784ed2092296f73e8d1a2f83e7787b84ca5d66553e66b36a4afb,1,c5,c5,c5,c5,0.12877737,0.24822076,0.6230019,0.2949537607490012,0.14302875615265262,0.5620174830983462,0.23432928381998255,0.21344186620664435,0.5522288499733731
260,33b042abbd3c81d0771d30a0d43a778cedb711ead55aa3bfa0626a8ab102fd5e,1,c5,c5,c5,c5,0.118432805,0.22213745,0.6594298,0.14174042585385388,0.21895251788620892,0.6393070562599372,0.15320752944276383,0.19946783363563111,0.647324636921605
261,130b39dc34948768483758512d11a73b175cf71f3f4b2fe41e8b0650302fdd27,1,c5,c5,c5,c5,0.21992683,0.28690478,0.49316838,0.21125365834552579,0.20228220080515355,0.5864641408493206,0.3103662674477203,0.22131000452616872,0.46832372802611105
266,4dab5bd4416900e1687389492dc634fd9b8c6d0249c8928b4ad7aa5a53885858,1,c234,c234,c234,c234,0.20921533,0.44079545,0.34998924,0.0971683515214851,0.6122155710584314,0.2906160774200835,0.1823953243943664,0.5056087294457188,0.31199594615991494
268,a3139bb3977b0d3832b9d338182d09816ca61203691ea20e025f4d3fdd49730b,1,c234,c5,c234,c234,0.3377814,0.2914249,0.3707937,0.09557148740755013,0.46236631458146343,0.4420621980109865,0.13532737666566216,0.46554164861146763,0.39913097472287024
277,edcc942488501cfe1083a1eb9f8c14eb6c4c9e6f926c3a7c6c7827c3b5faa857,1,c5,c1,c234,c234,0.47941035,0.2975506,0.22303906,0.2779337164758063,0.4801468869246867,0.24191939659950698,0.3305606712126871,0.3540689053100007,0.31537042347731215
285,6920f276a8e0f8d329d1aacf613fc6d072eaccc2a424afc04e61baa40d15e988,1,c5,c5,c234,c234,0.2231649,0.26847252,0.50836253,0.21440454494961128,0.5367380986785668,0.24885735637182188,0.2833537801747607,0.42020485768521637,0.2964413621400229
289,ff96a3797a582eb1c6813c1925c28d64ab48c6e25e1204c1da66aa0f9dc0dfd9,1,c1,c5,c5,c5,0.116575785,0.2694529,0.61397135,0.1732156473840338,0.16944215374007637,0.6573421988758898,0.19493665094703774,0.2862694405726008,0.5187939084803614
299,a680a72ba0866dc5b2668249bb7190d2391afa9101eda6f458e3a6f9156f284f,1,c5,c5,c234,c234,0.15274616,0.39306712,0.45418668,0.18965466436546496,0.45738786012020405,0.35295747551433093,0.2339226376363359,0.45245052070795716,0.31362684165570687
301,60518b53b83899d1cb15e2203994770a542c487ccab7fdc648e74af03e32722f,1,c1,c1,c1,c1,0.59862155,0.22049095,0.18088754,0.5217084893827214,0.28572044783871764,0.19257106277856084,0.4320607968380939,0.2679923096350878,0.29994689352681836
306,84a5868dbff7e79edabc5201b6d1b34c6a2c638adc876d143bf663e7dca76cbc,1,c5,c5,c234,c5,0.19240355,0.30020428,0.50739217,0.09358736068647297,0.49658879041068926,0.40982384890283785,0.20095467696567956,0.34438704811492193,0.45465827491939853
341,126711717764e5d80a3b4115cf62f0ba38256cab415f88520ed64777d4aa5e21,1,c1,c5,c234,c234,0.32317102,0.32243848,0.35439053,0.13382137167675726,0.5142154280438612,0.3519632002793816,0.20530466942557937,0.48312099745766446,0.3115743331167561
346,d49ca403e7cb0c802242c6c11eab965689afec39bb006bdfa1a1562753a7f82c,1,c5,c5,c5,c5,0.082414724,0.18999313,0.7275922,0.0351391907005361,0.04420100785434442,0.9206598014451194,0.09301895350246377,0.090326086509162,0.8166549599883742
355,2e28bdab80e9a8d0f094ae115e012131200b43cfe425cf7ba683160bffbed329,1,c1,c1,c5,c234,0.36395648,0.3176361,0.31840745,0.25416844933205046,0.32886186903403475,0.41696968163391485,0.2847440307153974,0.3803273339499988,0.3349286353346038
357,9ffe85df495013ec99d8ade19e5cfb290c6d4e865d8bf908f01e74f528542810,1,c5,c1,c5,c234,0.46369654,0.3502425,0.18606092,0.2702730942642669,0.34781201660582983,0.3819148891299033,0.3012782229926358,0.35295760300083606,0.34576417400652815
358,47699f3ec7e5ce0bc49f5ad7d1940409f0b8f0c4eb5bd0b5bfb1c7c21caca5a2,1,c5,c234,c1,c1,0.25411513,0.45003927,0.29584557,0.5299392330493249,0.17185552761407566,0.2982052393365994,0.49260161339453495,0.24058603674157555,0.26681234986388963
364,f60652b3b7683e91f7685107329f8f51143d8436d85482301622c43006de3577,1,c1,c5,c5,c5,0.1621626,0.39383712,0.4440002,0.22644003777072091,0.3525382150650375,0.42102174716424157,0.23480041330715343,0.3077959458878997,0.4574036408049469
378,2d487687ee0269c66ef26cf2d2d2e056c420e4cdd652b5222d3de653f4dcf374,1,c1,c234,c234,c234,0.21595527,0.44290355,0.34114122,0.180481915939199,0.5011206102209722,0.3183974738398288,0.21018081352238202,0.40170525006127383,0.38811393641634423
380,a7a8b4849940d3d61272e15f5f629b58f2e211b11a19e372de7b8e7d1ed5d866,1,c5,c234,c5,c1,0.3617111,0.3876988,0.25059012,0.3462275497148848,0.3014198475296392,0.3523526027554761,0.36467328076716193,0.35257435183825475,0.2827523673945834
383,7efe4a36e5e59c2ba3f3306ec6a91516e4c1dff3e0ac701eb85e32586cde9862,1,c1,c1,c1,c1,0.51387036,0.3296977,0.15643193,0.612866681011736,0.25744880597752645,0.12968451301073766,0.5218982773162384,0.3305084669152468,0.14759325576851479
390,24d28c25a7bd1954b4fc9ba06b121c6eacbafde74e5db12a8c56e04077772270,1,c5,c234,c5,c5,0.24742426,0.42085317,0.33172253,0.235307817125306,0.3290153410535764,0.4356768418211176,0.24726627798428488,0.3025526671863975,0.4501810548293177
392,c7b339ae610569aa2f99d028c7b1435f76ecdb44d2c4b54d5335bc4db55972ca,1,c5,c5,c5,c5,0.12113821,0.15401667,0.7248451,0.19821783310989022,0.20028816660145482,0.601494000288655,0.2865885906481064,0.22932186114618375,0.48408954820570976
400,3ad5c1771e2a4056ee2f5823afc1a5fd0dce485d7be6ee00337ca562f0c91db2,1,c5,c5,c5,c5,0.101574086,0.33231005,0.5661158,0.041973621871635655,0.23630960838291978,0.7217167697454445,0.10370560451234746,0.28035913108374394,0.6159352644039086
409,2b2edd594a8814a2282ecfed757bb13547c08bec2036443cf551640f577e1dd8,1,c1,c1,c1,c1,0.5910802,0.28649342,0.122426376,0.6277433665875649,0.30905456355730704,0.06320206985512812,0.5737718711793052,0.3199087290514646,0.10631939976923033
426,906bc8c4166f476a34529b37e54f0bed3c44d625f8832cdfd31e57e7fcaa13d5,1,c1,c5,c5,c5,0.15712906,0.24506864,0.59780234,0.23019272515937036,0.2204308266860435,0.5493764481545862,0.22635052781618986,0.33360852185737333,0.44004095032643675
437,e5045eb04c1cfb9960ce2c3652fbf8d5654d1740f1370079022e4c879f8f5198,1,c1,c1,c5,c5,0.4413314,0.25352564,0.30514303,0.1740766164086368,0.24524555529955705,0.5806778282918063,0.3002600225727587,0.26075618889749863,0.4389837885297426
451,c08aa779c44f22d0751b7cce26a3ea241b595bb7ec87200aef9b2e442ccd4d16,1,c5,c5,c234,c234,0.17574416,0.40933982,0.41491598,0.24950625848083244,0.4973085615153434,0.2531851800038242,0.22096973877849452,0.452268337654515,0.3267619235669904
453,b992482087f3dfdca57e367f7913ee09e5f1351f48659f8edce72a19d7ebb789,1,c1,c234,c234,c234,0.29941082,0.3962297,0.30435947,0.37108355369809776,0.46618071537638595,0.1627357309255162,0.3601736523805206,0.43653392869463303,0.20329241892484637
454,4132541260a031e1499e9c22ec5a9e92301fd4948fe4554f6857cedcb2d25c9a,1,c5,c234,c234,c234,0.36025864,0.4606299,0.1791114,0.42275650107651586,0.448235191529153,0.12900830739433108,0.4035664008855044,0.42068755464714563,0.17574604446734993
457,8a4dc9eb72f3b7fe2aa0ce046b2eb500a04dab35c8267f0badac4cd6e3ef2ac5,1,c5,c5,c234,c234,0.18852131,0.30615696,0.50532174,0.22334859428209455,0.39931666306979813,0.37733474264810735,0.25410822559503793,0.3999132050058345,0.3459785693991275
460,00a7b78217b34547078ceaf7f6dba5052c302f213ee5e00cbecd5b9277d83977,1,c1,c5,c5,c5,0.22956261,0.34750116,0.42293623,0.3693344843164245,0.2564299763195626,0.3742355393640128,0.32634019923729646,0.32187878423080046,0.35178101653190313
463,6c244a608fd16f5d6481c75f563c43839fb6754c590b00b1e49034ac47ab8b7a,1,c5,c1,c1,c1,0.5718064,0.3021168,0.12607682,0.42940785588680835,0.4271378441043962,0.14345430000879542,0.41527823800441327,0.40210829244029483,0.18261346955529192
473,8729fde0716b54fa3a706bdc2d502ff6bcebbcbcc401d94908fba30f89d43bb0,1,c5,c5,c5,c5,0.22887343,0.2756143,0.4955123,0.17805414811285156,0.3343825541588988,0.48756329772824974,0.21465077815834752,0.3196333047643553,0.46571591707729715
478,0c65069377af8aad92240585f55a7b5099a47f7c5d4bbf17230eaa40de8e4542,1,c1,c1,c1,c1,0.80641735,0.13458793,0.05899471,0.8250530413599663,0.12868043160538004,0.04626652703465362,0.6974233118681923,0.20959422023398386,0.09298246789782381
485,98a16cb855500b0a6c1806135763bf01306c5027e63db341d53f128167a0e7b6,1,c5,c234,c5,c5,0.28855726,0.3701607,0.341282,0.3073109122999209,0.30106333104532873,0.3916257566547504,0.282042424029835,0.3408828240165435,0.3770747519536214
497,9825af4a3a277e9c3b06d0780d2ea0109bfd4b7e6ced184e45668d9fd0e70194,1,c234,c1,c1,c234,0.48685026,0.23870072,0.27444902,0.43068053660016736,0.2970029009439771,0.2723165624558556,0.33050661668551307,0.37714893098725255,0.29234445232723444
501,69450914578e3299f5a02ab3f29aef0911769ec6c2fe1acac3975a84a4ca0463,1,c1,c234,c5,c234,0.1786416,0.43620992,0.38514853,0.24434494591940023,0.3520339768993576,0.4036210771812421,0.2269546659672678,0.4056877302951816,0.3673576037375506
507,f15e12a982e7f10f9f181924186aeba77be8e0dba7914242e489623b519a5414,1,c5,c234,c1,c234,0.29928324,0.36597878,0.33473802,0.4417500001581789,0.4307324207188869,0.12751757912293418,0.34508906803084755,0.4388129363740839,0.21609799559506837
524,703d4a35cb71a03f605c094448bafe6321003c680539edfe33a1118b3bf61753,1,c1,c1,c1,c1,0.4647419,0.24809562,0.28716248,0.4936996862868378,0.24435743325573073,0.2619428804574315,0.4087608172234674,0.22308628684620518,0.36815289593032746
528,4ebec3f2e9efa909e5e50bded3019b1715a1517134436e65f8e907f996cd93aa,1,c5,c5,c1,c1,0.28424805,0.21443522,0.5013168,0.4814857365490573,0.1910636389099269,0.32745062454101576,0.46746515729721433,0.21198761540761926,0.32054722729516644
529,eddb97d0f5139a6bad4a47bacfef368d00c0c436739ff8ce6baf20e6c59a5f6a,1,c1,c234,c1,c234,0.32370558,0.40595382,0.2703406,0.37582130655583473,0.32141867213750436,0.30276002130666085,0.3377645613770472,0.350995534821742,0.3112399038012109
536,c52448613955c55f052a0015649b9246dc229ae6409b649175d4c6f68103e0a6,1,c1,c234,c5,c5,0.3505131,0.40040514,0.24908178,0.31025002171479465,0.24968129852810536,0.4400686797571,0.285095388707542,0.3164712709351261,0.39843334035733186
544,23f198dbbd69e644e3a1dfff99c49eeac1e0827f3d6ac4bea036afcf82f3e6bd,1,c234,c5,c234,c234,0.1852695,0.39765403,0.4170765,0.15651002829299404,0.535728432856403,0.30776153885060287,0.18252235746189774,0.4251399520774191,0.392337690460683
545,7cce711c7dbdd06391e34e37e5deea53668e010dee58ac37cb2791ea860add6e,1,c234,c5,c5,c5,0.16979094,0.39841098,0.43179804,0.08108907672839988,0.4303442135677037,0.4885667097038966,0.15227052510286707,0.41177621744203563,0.4359532574550972
554,8582da80350549a6252aa18c689caa2f9ea040fb3988418d4cc7bff36815ac8f,1,c1,c5,c234,c234,0.28702438,0.28637508,0.42660058,0.35623197396557105,0.35908033638677184,0.2846876896476571,0.3268710485231465,0.34799923158160495,0.32512971989524847
563,d261a03f9fc94419ed0d504e44a20b246f5bbe7610f532a24f183e3f1d8a2702,1,c234,c1,c1,c1,0.55814403,0.21627104,0.22558495,0.5911152070085339,0.18842971472721923,0.22045507826424693,0.4397547178158253,0.3093191600093,0.2509261221748746
566,3dfb023c236739acaf589f1d6e5e3c8d4db48fb1646123187bbdb331bb42c1fb,1,c1,c5,c1,c234,0.3468264,0.2478671,0.4053065,0.44456357468750957,0.3944621777033476,0.16097424760914283,0.3845546590041607,0.39472292462313474,0.22072241637270468
571,0da6388ac10dc570e2e85dc37787f82e958bedb28df8df2e48c8f1b4fcf228aa,1,c5,c5,c5,c5,0.30952916,0.30358315,0.38688773,0.18252014109171472,0.20728184167405495,0.6101980172342304,0.22673825190055896,0.3137417124817323,0.45952003561770877
573,2960782ff7b76745a2674d90a078f621c2c257e0655bb29ef8a50294f1691fef,1,c5,c1,c5,c5,0.35473216,0.29471093,0.350557,0.2161024069466054,0.18866002313026087,0.5952375699231337,0.2715626152357254,0.26589434125659034,0.4625430435076843
578,71127d339ce910c088199b2fc67ebfa7d32b9c5934b82a13239df3ce602b8881,1,c234,c5,c5,c5,0.121993795,0.3437642,0.534242,0.1255657877167902,0.25583705092840575,0.618597161354804,0.1955728237585803,0.25582916380305915,0.5485980124383606
582,4b6e1736477bdf1c87e47aaaa0fd930bcb5a119539f2ac24969b97450ef92eca,1,c5,c234,c234,c5,0.20039418,0.40693647,0.39266938,0.2101057760150404,0.40822187606057647,0.38167234792438304,0.2501902898253584,0.3746659628565804,0.37514374731806116
587,f5b642635a8009b50bd559be3444a3094f9faad02a927e3fc60c9645b39cde51,1,c234,c234,c5,c1,0.2914281,0.44002572,0.26854616,0.3505503360596477,0.27706842364887174,0.3723812402914806,0.40290162278325076,0.26256148492013726,0.334536892296612
595,0bbd03706651c9ddfa6b6841f0465a176edd827d65bba2e75ca499211dab6fd0,1,c234,c5,c5,c5,0.22981441,0.3574996,0.41268605,0.08803733852253974,0.26106114125645896,0.6509015202210012,0.1931869468860816,0.3110655962571638,0.4957474568567545
597,fa9f47de362df112bcb13b6aa5c00eddcc4888c5d0e0669e15b3209159e90377,1,c1,c1,c234,c234,0.42856658,0.3211351,0.25029835,0.29055491302603315,0.4286905501194657,0.2807545368545011,0.23745106395114154,0.38831825453783,0.3742306815110285
600,dbd5aa412d9b4938ffbc986c68f4881ba35630ba02699683fb8c1b393a4967c9,1,c5,c234,c234,c234,0.31189373,0.41024646,0.27785984,0.1246732453769188,0.6732765639299118,0.20205019069316946,0.23811049780136845,0.4897822140059721,0.2721072881926594
606,a65c95b1617dbf6d170c722b1b6d1d6c87153b4bf0de17165c0f853340acb868,1,c234,c5,c1,c1,0.31034473,0.3443326,0.34532267,0.44717158103766996,0.16428845373950024,0.38853996522282985,0.4018747591712962,0.25556096190854116,0.34256427892016256
620,a59a1b6764e6fb57849df6a3c46532e9132b6a7db8eb0b075a86173153deb6c3,1,c1,c234,c1,c234,0.2010824,0.45209834,0.34681922,0.3671270963267511,0.36172433397392706,0.2711485696993219,0.31338498810434345,0.3610247134907275,0.3255902984049289
621,610f42e69e0c00eedb3b2d26f868cf95880cf7fe5491fb39eaec06cd87ddb739,1,c5,c5,c5,c5,0.10314361,0.3106128,0.5862435,0.3014059669094146,0.23519597139470433,0.4633980616958811,0.282409935464812,0.2856309397418106,0.43195912479337745
626,2b008f5c375a0d2245181953180410767d7c482cbc28a5b3ff196e6d65555550,1,c1,c1,c1,c1,0.38974547,0.33581188,0.27444267,0.6486139114537531,0.11425836063939508,0.2371277279068516,0.4746124101337558,0.19980219343414127,0.32558539643210294
654,15dc301c1a81f1dfa5c9b471add9dcd8311a52c09784cecdb6300f783c8c735d,1,c1,c1,c5,c1,0.4090912,0.3062111,0.28469777,0.28245436663237633,0.18740790195286575,0.530137731414758,0.3689934138484263,0.2678536206220498,0.3631529655295238
659,2f4f2ee9d45871256dd709578d12e9a165954678991870c0bf27d4710aa067f8,1,c234,c1,c1,c1,0.37584066,0.2850301,0.33912924,0.6012720348571977,0.17422270241151513,0.2245052627312871,0.42293302426412965,0.309529196037357,0.2675377796985132
661,f51ac93fbf6b3449a9e66a2f1f06b231ca66b68490a19955fd99dcaac89944c4,1,c234,c5,c5,c5,0.2016818,0.3615794,0.4367388,0.1661554984781359,0.3419934365400032,0.491851064981861,0.20347803992034555,0.3254316040681344,0.47109035601152016
667,466f0196ab2d00644dff760ea627c590e96dba569ddb64eb48fdb58b338f09d4,1,c5,c234,c234,c234,0.2327869,0.42270637,0.34450668,0.3350931288344243,0.33986619594544,0.3250406752201357,0.29003774811874394,0.3805383993207585,0.3294238525604975
669,6569f9d52a50bc6d77cfedf0d90c302767c985ed6d2e35b3663e73de0d0f12c8,1,c5,c5,c5,c5,0.09238594,0.2014579,0.70615613,0.2170673191079344,0.28075871873423625,0.5021739621578294,0.23694165547095206,0.22648414181085277,0.5365742027181952
684,99f426c4deca83ab6a1138e841d0addcb5de30772f320817d47ec49543a6cd1c,1,c1,c5,c1,c234,0.15657578,0.3334824,0.50994176,0.4074044506441091,0.29608436296050217,0.2965111863953887,0.2786953230122309,0.37300101117546997,0.34830366581229905
685,2eb33b072ca64e13e8c27648601835898626768b0986ea5a74b7214ede7f2b96,1,c5,c5,c1,c5,0.32111222,0.26737034,0.4115175,0.5184326931773148,0.32888327980458065,0.15268402701810468,0.25364572238935346,0.35485611366409076,0.39149816394655573
686,42949e1e7f125c481482acc86df4dd9f2ff615beb88b19bc1b8583094f3e48d6,1,c234,c1,c1,c1,0.50399494,0.3672345,0.1287705,0.5176480601646796,0.4237671532293198,0.0585847866060006,0.5493903048998569,0.36968278466296955,0.08092691043717355
691,7fbe3806008b2815d0918d20650fbe7be393bf46095ee0044188991baa429d35,1,c234,c5,c5,c234,0.2153337,0.35331225,0.43135402,0.1928194876400665,0.36057277999408266,0.44660773236585083,0.20891247819535833,0.4021033036413463,0.3889842181632955
708,43bf1e2b4242c7cc11dba066ad848e3644bda3dd00c5ee363092c240c1296276,1,c234,c1,c1,c1,0.6320283,0.27543318,0.09253855,0.6019923061635254,0.2923507275601269,0.10565696627634774,0.5745847238465583,0.283792202538164,0.1416230736152776
710,aba14a23f40fc63450dc097959be3eab961bc2cb6f323658af623e25bddb256a,1,c5,c5,c234,c234,0.11049002,0.29172,0.59779,0.13198951812732782,0.6139983131476726,0.2540121687249995,0.210669960366926,0.5029652671275634,0.28636477250551057
729,4fa797412284758f5aeca5b7aa9518a47fda3efbfeda308c1bf3da0015e0d90b,1,c1,c5,c5,c5,0.34707662,0.24355769,0.40936565,0.36005747157477386,0.14696050346484862,0.4929820249603776,0.22189634459756585,0.21419677926029235,0.5639068761421417
730,c9dfed52c3e2393ed73674c25f06c93c046ec3dc8e32455a609f69285dd19e4a,1,c1,c1,c1,c1,0.4617143,0.33834738,0.19993833,0.40982991403839863,0.23141452417295433,0.35875556178864704,0.4115525983525963,0.23391466531377672,0.35453273633362686
735,79193c909adab17e40d39bdebf363a0d431a9bfdd47a1ec193dde737c8021a1e,1,c1,c5,c1,c1,0.18247461,0.34027925,0.47724614,0.540348145046565,0.29708486345692997,0.16256699149650503,0.39028222863038126,0.3495407780764554,0.2601769932931633
737,931776037dba503cd38c6f602b6734518a8faede677bb554d7a7cfa0074209c0,1,c234,c1,c234,c234,0.50426763,0.19454253,0.3011898,0.17661666452954844,0.47334231221168394,0.35004102325876757,0.24883157968475292,0.38125989003755323,0.3699085302776939
743,4fd1baeefb68c4b8d3e8cfa50d5baaab889765ab687b498c74ef148714b72828,1,c5,c234,c5,c5,0.3318293,0.3757607,0.29241005,0.2548488731282565,0.37254848482276975,0.3726026420489737,0.2605027748193976,0.3548303480253717,0.3846668771552306
746,605bc2f0009d9e706bf5e4f843c441b91b2d2a9383e4e795223350bf9ca25424,1,c5,c234,c5,c5,0.34077677,0.34176403,0.31745917,0.31639208757842785,0.13081670497581083,0.5527912074457613,0.37096917470777374,0.2024536052043956,0.4265772200878306
748,8256a9646efdb8618aafe3b0ecb50e6fd31e166acdc067f05930a07a5ff2c4c1,1,c5,c234,c234,c234,0.23641971,0.45128265,0.3122977,0.35443075912490674,0.3941530226218742,0.251416218253219,0.3183799040677203,0.3886600740417919,0.29296002189048764
750,edcc942488501cfe1083a1eb9f8c14eb6c4c9e6f926c3a7c6c7827c3b5faa857,1,c1,c1,c234,c234,0.47941035,0.2975506,0.22303906,0.2779337164758063,0.4801468869246867,0.24191939659950698,0.3305606712126871,0.3540689053100007,0.31537042347731215
779,d36d5f9b55cfc5874783dca2c84b05a11e678f46ea7d3ac9748b98a887f8d1a3,1,c5,c1,c5,c234,0.6580807,0.25762087,0.08429844,0.17642801388420165,0.3699853179741821,0.4535866681416162,0.29679977896000437,0.36066925997392696,0.3425309610660687
781,8e12540ae1976ab177a01b8439fa4824151326b7646979b4b141a714a556791b,1,c234,c1,c1,c1,0.55917466,0.33503497,0.105790414,0.5472756384790788,0.32798793256561887,0.12473642895530221,0.512555614563032,0.33615225010927446,0.15129213532769345
789,50a7afe819e97b2251ec1f634e94f28ac4bb69736daac2c41f5fbd1944f0cc23,1,c1,c1,c1,c1,0.4315394,0.29806262,0.270398,0.5660691222761104,0.16450431971592203,0.26942655800796755,0.4547683674391681,0.23575166297496464,0.30947996958586715
793,2593e54a5c2571725cd41535ddea369dc677cd21871f04333bb639e9c6bf21b9,1,c234,c5,c5,c5,0.12135991,0.392468,0.4861721,0.058045399190934835,0.30362631326346623,0.638328287545599,0.11612927103571545,0.40535919131450077,0.47851153764978394
798,bb2bf2d6f45f58d58900cb86982bb3ac26f0c8c81431c799d9027749951fc1dd,1,c5,c5,c5,c5,0.07759278,0.29597232,0.626435,0.1077851872321107,0.24141147446554923,0.65080333830234,0.20250879184323556,0.29508320350706835,0.5024080046496961
808,8c654886400c0960850733a41b2bcc2315cfb9bd75b7ea6a36972058bf7711f6,1,c1,c1,c234,c234,0.3691393,0.360928,0.2699327,0.2510380313244216,0.47304960092997916,0.2759123677455993,0.3010765820756542,0.3899334406908271,0.30898997723351884
814,2463d8c04462f7ad2e7b0109054a7b582fe26ac9a0b2a8b0d42c652cd3b355ec,1,c1,c1,c234,c234,0.3774458,0.3518895,0.27066475,0.19169136034602818,0.5462228968010296,0.2620857428529422,0.29795504473758844,0.37384891415739535,0.32819604110501616
821,2e7af212607690d5c1015118e1e18312af39b428eea3c69133eaf508919a0d06,1,c5,c1,c234,c234,0.43743604,0.35902599,0.20353791,0.24383668694995442,0.6155178511585232,0.14064546189152244,0.340316313619465,0.46820783778791786,0.19147584859261704
831,4392cae6c5fff7270c10ea798176b5c2386aa0e9fec6ba64da1bd4c9aa067b04,1,c1,c1,c1,c5,0.35211912,0.34542948,0.30245137,0.44630438776433545,0.1699304644197442,0.3837651478159203,0.32294480393239816,0.22727664876182646,0.44977854730577543
838,6b0711a35d4e5a546a596e7d5bd094629df36831edbb3f6a627d8fcd1a4acdcf,1,c234,c234,c1,c1,0.29431775,0.44536096,0.26032123,0.6039272003619964,0.2931604429115715,0.102912356726432,0.48137015865974236,0.34674421681134604,0.17188562452891165
862,3317b5611724da1c529cf558c16890e6ff256f4284843e8a45806c979fc9abd6,1,c1,c1,c1,c1,0.3972532,0.31831896,0.28442776,0.4865276350321317,0.21669530060358677,0.2967770643642815,0.4220439388368142,0.35509483369102557,0.22286122747216025
867,f955dac13b52338c839e2f23e99de623035a7df6f1eaee1951cc436c845fa554,1,c5,c234,c5,c5,0.2873509,0.37519774,0.3374514,0.18354540960056565,0.23708128172250545,0.5793733086769289,0.22741832647340904,0.27482710503511376,0.4977545684914772
874,1198ba7b3645dea3778eb2a07ffe7f413cd9ede6b0eb089e22221c07f20f1406,1,c234,c5,c5,c5,0.1520651,0.3205898,0.5273452,0.08269441373190205,0.34867346816002265,0.5686321181080753,0.14071931095141546,0.3654524005890425,0.49382828845954196
883,f9e952465c739563cfc8a750a5e60b81f11cd58c6d523ffae95a1a9a480a5a80,1,c234,c5,c5,c5,0.1863529,0.40470102,0.4089461,0.19158198066173965,0.31458221997678537,0.493835799361475,0.21350253002222572,0.29157686737851846,0.49492060259925585
885,c701717a3b841a3189467dfc17c76e31ce8cb9101137ce26c372c8bbe8b15375,1,c5,c5,c5,c5,0.20879228,0.3529816,0.4382261,0.11036198739506628,0.3267992239110263,0.5628387886939074,0.15078722056435037,0.29549757070760374,0.5537152087280459
886,6f1dd5cec4a8c1c9cfbeb18189c8a3787bb0a652a7221eba45c1e2406133ade0,1,c234,c1,c1,c1,0.55295336,0.33992326,0.10712331,0.6682381317239805,0.24067201595605953,0.09108985231995997,0.5401598673561027,0.3109348687051547,0.14890526393874268
887,d96692a6f13006937a097833f5f73f25fcbb16111cb2ac3dd386fdcc48ee5e88,1,c5,c5,c5,c5,0.271703,0.29975164,0.4285453,0.08267061671510662,0.12806500489481026,0.7892643783900831,0.1601135386184683,0.20133601430154913,0.6385504470799825
914,59cd2dcb421eba07bf9e3db2729e546247e3f2b4267780a203cd433434d53569,1,c5,c1,c5,c5,0.39542606,0.36635837,0.2382156,0.14504775856331362,0.3858716039953831,0.4690806374413033,0.21313153002710364,0.3564529184922701,0.4304155514806264
921,92d08103b20c50067cf83184211ca8b8f17623c595780258380ff1a2b7e81378,1,c1,c5,c234,c5,0.16790555,0.3456379,0.48645657,0.2513242029219251,0.4793000908957358,0.269375706182339,0.23484289648695786,0.3529857774626537,0.4121713260503885
938,c05e1ce2a28630444ac8dcff7f3fe7afeb484a3a7ef8c4e4fb258ac9e767c136,1,c5,c5,c5,c5,0.054862525,0.1695618,0.7755757,0.07839882190273012,0.10793743561162765,0.8136637424856422,0.08414657637495807,0.1721761884860713,0.7436772351389707
947,e7f2af7f79c282a7170e0a347f0027060de2a5d3486c136a2082bb406d7b407e,1,c5,c1,c234,c1,0.57299316,0.2571439,0.16986287,0.3431057338419727,0.3443230267106032,0.312571239447424,0.39512115500253026,0.35060042898166865,0.25427841601580103
957,c4d524e7a4781654ae24a52455f8682f3786e99fc9cc60c4d147115274d14db0,1,c234,c234,c5,c234,0.1694882,0.43988228,0.39062947,0.23856143470854785,0.2980339503239852,0.46340461496746704,0.3164347336822953,0.3625677635556173,0.32099750276208733
958,d5c34178224bca8e5ec1a67171505963ac6001276117deeac8f045f479b5f46d,1,c5,c5,c5,c5,0.0712435,0.23979607,0.6889604,0.0989585379560406,0.1023046582613001,0.7987368037826592,0.14494228787853936,0.17554007283667025,0.6795176392847905
981,ef5a497d24085a5a3044203662c38648b7111c80774c70793436666af9639cd0,1,c5,c5,c1,c5,0.35321534,0.23670192,0.41008282,0.3623326867814626,0.30540175042222373,0.33226556279631375,0.33589508029744847,0.28212596729973954,0.381978952402812
994,4d8ff8fe896281d7dd5e20e36cf6d1c0f140a10170af22e47d490e6390267794,1,c234,c234,c1,c1,0.2539432,0.3846054,0.36145136,0.4961370686707018,0.27210268821347217,0.23176024311582621,0.4165003166811535,0.30826751108449496,0.2752321722343516
997,1d95d503df55ca628c0f2c0b1dc4db00e31dee4906554625e95590d7183a7531,1,c1,c5,c234,c5,0.25485092,0.30588847,0.43926054,0.2609119551383638,0.43959124976080166,0.29949679510083455,0.22783992674685635,0.34243012280817536,0.42972995044496837
998,e66a91a0d51d54f32574b8eccec1e7d17cb76e9c0d840989f42a4dc74b4e5d3d,1,c234,c5,c5,c5,0.25209486,0.2950791,0.452826,0.2590139715562965,0.33784423676848696,0.40314179167521663,0.3291116492864371,0.3103321805275597,0.3605561701860032
1008,d9f5cff3872b3d8c7d7a4032f694abec25063e7811641a48051b51c753ea46b3,1,c1,c1,c1,c1,0.6052884,0.29939476,0.09531689,0.4579461036570062,0.451122360871487,0.0909315354715066,0.44171094467616584,0.4178187479867844,0.14047030733704974
1016,722f8b438701dbc5ec9d4fba79e224c850a4ddbf0e391464a4a76c6fcd9e724b,1,c5,c5,c5,c5,0.2990943,0.27605736,0.42484832,0.17726067611629642,0.12607291346667526,0.6966664104170284,0.22724483748636318,0.15862287331068578,0.614132289202951
1017,9d1ab46f1cd3d32d383f41a4cafa02ba4e1ba74e3ed3f093e01894f6cc8e1f0d,1,c234,c1,c5,c234,0.59384984,0.22981422,0.17633598,0.16464077273715164,0.4136043982356968,0.4217548290271517,0.19605600813809365,0.42134044537619686,0.38260354648570954
1021,4a234e1edeac39cdb547232a695500ade7d2fd802d438b6122bb0bd3ae4daffd,1,c1,c5,c5,c5,0.21142353,0.1983715,0.59020495,0.29853400923578355,0.1354043784869357,0.5660616122772807,0.32409154573539517,0.23018921027789488,0.44571924398671
1024,a0f45e2764ce7f25c774d76520d31b0d7b38f603c0d8919889fdf4e3170005ce,1,c234,c5,c5,c5,0.14682941,0.21287097,0.6402997,0.25335866520765227,0.1535164805858941,0.5931248542064537,0.31365575338758156,0.16975136733250532,0.5165928792799132
1032,9a7c45bff328fc5f9edd7023a5b65b11af771b1d2d8e1a17843abae0e795891a,1,c5,c1,c1,c1,0.5433003,0.27688587,0.17981383,0.43754280365718057,0.33387069491788207,0.22858650142493742,0.4179221624706325,0.3010784605158417,0.28099937701352573
1061,104a946f87d1f81fced9c4aec7e1c65e49eb449142176d6829963306ee3daef5,1,c5,c5,c5,c234,0.12868449,0.4075113,0.46380416,0.07998385430300664,0.4372973267219151,0.48271881897507823,0.21068991546850405,0.3964969855519766,0.39281309897951927
1065,00884ebbe31bb20d839718fcd3e97c331a51fb0873ed9deb9a7925b7a4b0796a,1,c234,c234,c5,c5,0.18295267,0.4290586,0.38798878,0.1732495126504023,0.400195673354564,0.4265548139950337,0.20868393558428786,0.3949631911681515,0.39635287324756074
1068,132db06ad6f4e17902e2230639e08ec1022956175f8709f8a352f5036e369704,1,c234,c5,c5,c5,0.18812642,0.3171133,0.49476033,0.15819323384491613,0.19236671855881574,0.649440047596268,0.21310992874144583,0.29858986514834024,0.488300206110214
1069,542f822bb06a43893aa8a457945c70e3b6a903c8d388dfaf2675c1c0941d41a9,1,c234,c234,c234,c234,0.15322614,0.5255958,0.32117808,0.12224818993361189,0.5601942059047378,0.31755760416165035,0.21729124022056576,0.4564459769489626,0.32626278283047166
1070,fb989bc8b07a186801ca44a57fa506d2ecdd8c7019b543ac5b49269c2f71fde5,1,c5,c5,c5,c5,0.1598854,0.39716008,0.44295457,0.13623127364820328,0.3350725515679417,0.5286961747838551,0.16258714768101537,0.3184817458865749,0.5189311064324097
1071,2bcd292fa82af16ae4ef48de5cf4959126bef31135454f38ec9650edc59ac711,1,c234,c1,c1,c1,0.6368696,0.27616134,0.0869691,0.7130857201614976,0.20403786941690708,0.08287641042159524,0.5438984657923284,0.3058184167399933,0.15028311746767814
1082,a5cf9df3002dd01e3b92e42b4d423c68711e617168d0d89c48ce8e00d94d7633,1,c5,c1,c234,c1,0.48490363,0.3273113,0.18778497,0.3522955769415248,0.40734048718219074,0.2403639358762844,0.38553509575550354,0.3382433028090168,0.27622160143547964
1095,37a80ebd931e1b623cd2c528987594cb48877555a506286280eef60d268c9c95,1,c5,c1,c1,c1,0.37903184,0.2971963,0.32377192,0.4070652297855086,0.2752670982376157,0.31766767197687573,0.4046988783477982,0.29806811274228356,0.29723300890991833
1107,cf14375ce5568abfc9d925ab4f4cb128d88e2ea1ff88fe1d24ddc7b3ab37d4b4,1,c5,c5,c5,c5,0.14699212,0.23832682,0.614681,0.23562883824969552,0.2102582969022275,0.554112864848077,0.27931815074435135,0.23574593291447843,0.48493591634117034
1109,0a19cdf26bba125754624fd669be92ff4ab256c3f2f58d2cb6e229f3e9666101,1,c234,c5,c234,c5,0.12809438,0.23819013,0.6337155,0.1918648043688517,0.44059855482091587,0.3675366408102326,0.23563533657880953,0.32843161171560004,0.4359330517055904
1133,aadf5a0edc738475fba33d95ba05c8da89df4cdbb92a18753697c857f0a1e17e,1,c1,c1,c1,c1,0.5479539,0.34315106,0.108895086,0.5909630871010728,0.28376556685788606,0.12527134604104123,0.463429002393805,0.3438667291074328,0.19270426849876215
1135,07cf10dc29ddfce7d5298ecf6750c0282e98e587d6617757bd6bd7758c616b25,1,c234,c5,c234,c234,0.18007724,0.32996145,0.4899613,0.13344569220729735,0.46378980769331357,0.402764500099389,0.20895642111377563,0.44417739329676553,0.3468661855894589
1139,7bf158c51e46c02e697c54ac94eb30edc0d64f5435901db6fabfdaeae99a58f5,1,c234,c5,c5,c5,0.26334646,0.31382984,0.42282364,0.172671673031517,0.16856863315259654,0.6587596938158865,0.27083074536076945,0.2680577970943315,0.461111457544899
1142,dc4232e99618d1570e7335817938c79556dd8f3635f0794b503060d90c2c5953,1,c5,c5,c5,c5,0.10292242,0.36727086,0.5298068,0.05769484267302356,0.44213185585033576,0.5001733014766406,0.11515205440926757,0.3990826216327286,0.4857653239580037
1149,6ec034e0d968546f7b596cfc1c5f673bec579851beb81a672f6565b52195dda7,1,c234,c234,c234,c234,0.15258442,0.43404728,0.4133683,0.3308291327695889,0.435892390674134,0.23327847655627698,0.29236687406495854,0.4600798647452862,0.24755326118975518
1151,63af35facdb1ab312e4d2f5a2434304b62c3eac361a93344b834abc4c0820e36,1,c1,c234,c234,c234,0.3182414,0.3568953,0.3248633,0.31104864356201617,0.46785129399804043,0.22110006243994335,0.3853363068046371,0.38958044066196995,0.2250832525333929
1152,4e4dd18f87609d6cfbb49178741b3811379094253c8675486d63add5b267603c,1,c1,c1,c1,c1,0.41601261,0.37765947,0.20632792,0.42541382347639695,0.4122628717783075,0.1623233047452954,0.4481732127556035,0.3745382631186981,0.17728852412569832
1162,dca9b843aec8eaeb98e8d2306442d2a2974712ac3f65c1fde86fcfa32ac07906,1,c5,c5,c5,c5,0.21991281,0.3464678,0.43361938,0.09459711577506795,0.23081001025799103,0.674592873966941,0.19619864629641345,0.277837756336062,0.5259635973675245
1163,7deae8cdd4fe8f390b30dc47c01d34ea45d5fa6a4aa55360ab659c0e8dc4c9a8,1,c234,c5,c234,c234,0.25679967,0.32080647,0.42239386,0.3317298237228639,0.5093587104889722,0.1589114657881639,0.30260575588500443,0.43903805799955725,0.25835618611543826
1173,88766f75a189f417f8bc5d12d4cb078f2565b0b954be1506102af1feab7d946a,1,c5,c1,c1,c1,0.5060294,0.33629963,0.15767092,0.7376481569111134,0.16108309089096576,0.10126875219792081,0.5799202522180225,0.26313376713078185,0.1569459806511957
1190,f56b6477f7d1a7f3a8bd2dc14b393da0269916e298eb66a149c3db185c2fc107,1,c234,c5,c1,c1,0.17937703,0.33502948,0.4855935,0.6279592113294885,0.11276878722660277,0.2592720014439087,0.4754881892722782,0.18658239079680566,0.3379294199309162
1221,549da2facc003aca2a41682f2372a52ace2bc9f453d59d22513308c049f5fa47,1,c234,c234,c234,c234,0.381726,0.45663044,0.16164355,0.3674340609482383,0.5402069304500464,0.0923590086017154,0.3821733092056503,0.48282018543592164,0.1350065053584279
1225,d61f48eadabae701e24e31598f5e07b317b76405909987bd8b04712e751b97f5,1,c234,c234,c234,c234,0.3965977,0.44179225,0.1616101,0.30394709615923476,0.5982587294088055,0.09779417443195984,0.34885983899764583,0.5086223464851537,0.14251781451720044
1231,8dd169980dbd504c00cdb5eae99ea82532e3e70f25044c2261b38a5e29b17cde,1,c234,c5,c5,c5,0.097225234,0.3433656,0.5594091,0.15821080033990068,0.4078986387101428,0.43389056094995654,0.16954593551121713,0.326746779422915,0.5037072850658678
1248,27d0470dfad30637003c433ff6e9d8a012d1b9193dee8abacb2f28b609d7bac6,1,c5,c5,c5,c5,0.1238541,0.34073377,0.53541213,0.2945674922656649,0.31440446814516765,0.3910280395891675,0.27152192396249086,0.3270157220054817,0.40146235403202757
1275,f2cb0d134c48b0ed0d8a9a7fbe423d3079e5594ad9200a845366b1d12e8ec144,1,c1,c5,c1,c5,0.20380427,0.29292986,0.5032659,0.47804517829434734,0.2984270602655857,0.223527761440067,0.30705330884085924,0.3365710238322345,0.3563756673269062
1277,e9888c3d9f7600848ef723fbd394a18f38ce956cbe828ca4e1b47dc718b72f13,1,c234,c1,c1,c1,0.5478741,0.32941246,0.12271346,0.4761494246542869,0.41758492197576424,0.10626565336994886,0.4722295317971392,0.3349707575462368,0.19279971065662402
1279,fd181def572ce46754523f6b42e4000c5361673ee949d6bc25e5105fee8b6f89,1,c234,c5,c5,c5,0.16089496,0.2818472,0.5572579,0.12608360890036482,0.17376290340465073,0.7001534876949844,0.16622167654318748,0.24146443610459267,0.5923138873522198
1287,14b2f2a60b969b972d6edea3aa249648376bca7273c40b436f5dc8d358653ab6,1,c5,c234,c1,c1,0.3410666,0.410596,0.24833737,0.4283861304473439,0.28981808167246853,0.2817957878801875,0.367487273145805,0.3331049030202246,0.2994078238339704
1292,83cabe7d18c14e9a4d699c7e5c106f94370683288258583747daa7665a597dcd,1,c234,c1,c5,c5,0.43645483,0.29556513,0.26798004,0.16592630048849613,0.33768314780290964,0.49639055170859436,0.26413859163038406,0.33306361698724457,0.4027977913823715
1299,bd0925748937d34794edff92288e287722871b3aa75ffda563de43990c59e4a3,1,c234,c5,c5,c5,0.16518274,0.32984605,0.5049712,0.23389529978673929,0.23940539073844178,0.5266993094748189,0.2429068326895432,0.32472096135192063,0.43237220595853615
1302,c604ae265efd6aa696538f832ce1a97ae8eae8ec0d1a7cc04a6aecebcbaa3fff,1,c234,c1,c5,c5,0.41520798,0.25517488,0.3296172,0.25491151348856766,0.37241345569900125,0.3726750308124311,0.2654272684611872,0.2989594655412309,0.4356132659975819
1320,44866b68e135b6d828657068d5db58a3b2b5c064336952c8898f84e4f6a56885,1,c1,c1,c1,c234,0.46739823,0.30615014,0.22645159,0.39057455858601514,0.3785450559444359,0.2308803854695489,0.3721546621055447,0.38239522709750307,0.24545011079695228
1325,ce6e7502b466cf4464b04866965ef649c7cfe8051d72e87b28499620eb464aae,1,c5,c234,c234,c234,0.24958372,0.37565112,0.3747652,0.3033429601170781,0.40715465638020404,0.28950238350271784,0.22852308032755222,0.40755622609696024,0.36392069357548745
1329,d1a022f6e51ab74d0c5b9bbd434695bb5c7739ff590654b0e679d467353ad686,1,c1,c1,c1,c1,0.62079567,0.26298007,0.116224185,0.6473752655581161,0.155236558249825,0.19738817619205892,0.5297080399005554,0.25215185113788624,0.21814010896155842
1349,f60a94a0f3097ef23106e12842482e48d6cb0b8c829724b817e5a4e8ddcf4d6a,1,c234,c5,c5,c5,0.16496702,0.31021824,0.5248147,0.125533223113689,0.36994574817501885,0.5045210287112922,0.1641571377714785,0.3977951049446919,0.43804775728382966
1350,6d4750ca997ffc2734d6caa039aae3109635464672320de6194024c55e6d853c,1,c5,c234,c1,c1,0.26967198,0.3772847,0.35304326,0.45627931098263785,0.268709246629066,0.275011442388296,0.3632473867097872,0.31472430096636295,0.32202831232384976
1369,3d568bfc52ed33646a84bc5bd79bcbd552ca3a3c1006fb213744199285c4358a,1,c234,c5,c5,c5,0.35256806,0.28787896,0.35955298,0.23127362001143287,0.25297705627698297,0.5157493237115841,0.21789746491432965,0.3139254746962874,0.46817706038938284
1370,e564baf4865f91f17ba7e342ccff469659243a63f8674b12ade18d06f607f05e,1,c1,c1,c1,c1,0.44899753,0.3171766,0.23382583,0.5294514658154156,0.2638770070721246,0.2066715271124599,0.4963804369373936,0.31698934126763856,0.18663022179496785
1373,d8abc2f67179b901dff0450a5c74fe4dbb7b298a35a4e48ef45e863a4a52f128,1,c5,c1,c1,c1,0.5370102,0.3119391,0.15105079,0.5819341230409965,0.2493614037196486,0.16870447323935497,0.6192120406303261,0.2181109893438882,0.1626769700257856
1381,c43b5603a90f8b6f68404d29f4b5a8dc08a4e3b0245dcd454414f5231d9cd878,1,c1,c5,c5,c5,0.2737777,0.19950509,0.5267172,0.23229672594128986,0.18027072916097595,0.5874325448977342,0.25866861308510036,0.26413485950709586,0.47719652740780377
1383,be3ac4c89cd718fd024747ce8245b9759d65a170e2ee15af3f4b607e52b0ac0a,1,c234,c234,c234,c234,0.25296417,0.3789349,0.36810094,0.24749185425408698,0.45196706646463325,0.3005410792812799,0.29377383625489295,0.4451824814294592,0.2610436823156479
1385,5a4e6dd2f232884f36d91f60642b6ee9352c4270267379674bb66dd445109cca,1,c234,c1,c234,c1,0.54789215,0.2677553,0.18435252,0.24176279865746306,0.416283587677052,0.34195361366548505,0.36878171970008894,0.3401218092489908,0.2910964710509202
1392,37f6d02183d5a084a8950bf797ac5d3c45a6009e77ca2280c01816540c9e1598,1,c1,c234,c234,c234,0.36538202,0.4185602,0.21605773,0.33536000104888847,0.51244189293786,0.15219810601325154,0.35191795351941974,0.48108853559492504,0.16699351088565526
1395,cbab431e6d644342d0841e911aee62702845d2dc5a26821bae17fe064c484da6,1,c234,c1,c1,c1,0.4910854,0.3580323,0.15088229,0.42780195010090155,0.3390145068686388,0.23318354303045954,0.4118576308477387,0.379351239010223,0.20879113014203826
1408,b7b61761587293376dc2557d24b88c74b2d1e34d5e0636d3da6a14b0f030a574,1,c1,c1,c1,c1,0.8322937,0.10625886,0.061447408,0.6341875504865392,0.24474464265687046,0.12106780685659022,0.6320922165800033,0.22302023937656237,0.14488754404343449
1409,c51c3c906bab6406f6624eb6d072f35b3c04e3953c9c74e9c851b2a76624fb16,1,c1,c1,c1,c5,0.56450516,0.2897819,0.14571297,0.4437902505840656,0.21693264723540076,0.3392771021805336,0.3579413356424677,0.26677752418559403,0.37528114017193837
1416,bd4cf8202d0fb61ae2cf4080b440ed47477c53f866e0eeefadcb2f6f1bfa0326,1,c5,c5,c5,c5,0.18135454,0.3178523,0.5007932,0.11934561737198782,0.2491309150138513,0.6315234676141609,0.2069348824308271,0.24284369564877276,0.5502214219204001
1417,d752d01f13c4b2c860090177cd5ae9a6052f79cd0adebb7c532a9111e822e5e6,1,c1,c5,c5,c5,0.2878483,0.28460455,0.42754713,0.21591498421004687,0.38509600237598884,0.39898901341396437,0.23837194188473493,0.3519585736120542,0.4096694845032109
1419,ae877add5ba6f3b9e49d0c8916007cd469792070078fce02fc8057fca0b51d61,1,c5,c234,c5,c5,0.2674849,0.4031548,0.3293603,0.07391735830493831,0.31068017915225604,0.6154024625428056,0.1426004940273417,0.3571155644673188,0.5002839415053395
1422,fd33f360e9098ad962d4b37df6f4e3fc715bfe96ff6a37fdade7422628c07785,1,c5,c5,c5,c5,0.12537235,0.31996486,0.55466276,0.20518669850296498,0.18012082550585276,0.6146924759911823,0.19899233966278992,0.26171019534610274,0.5392974649911074
1425,db394c362f180ac9fd3482ac2ececefcef8ce41f14e52ba1e0dc259c140036cb,1,c234,c5,c234,c234,0.15488887,0.40942425,0.43568683,0.20974708606654455,0.48287947401675757,0.30737343991669797,0.20026425995963126,0.42287793653827194,0.37685780350209674
1426,3d000cc28e360d6c3835bacf6a8290c266dc5bc946319439cd8a17138e275f51,1,c5,c1,c1,c1,0.50702375,0.3206123,0.1723639,0.4042413338658484,0.2831826059226646,0.3125760602114871,0.35239669225830245,0.31701602781054733,0.3305872799311503
1429,4bc560e2383daecdb7d2d1a93b4d32da179dbea97e14dd953a066bbec3040bbf,1,c5,c234,c5,c234,0.37412155,0.44577292,0.18010557,0.24712025961054077,0.28954043906351384,0.46333930132594536,0.2679800769852102,0.4096459770016483,0.32237394601314145
1443,1521efc254b98892c84556a6e3896cd5f427ac10f2876c0fa6c3b65fdfa7ab9a,1,c5,c234,c234,c234,0.22855866,0.49309808,0.2783432,0.1338399399565887,0.7230597398678196,0.14310032017559166,0.23561658358805257,0.5435190811238367,0.22086433528811064
1444,ef76a349ff4d8ce4dd5e1a1a8a7bfd035b3e4fef697cb90d57191386bf14a833,1,c5,c5,c5,c5,0.15575993,0.21761563,0.6266244,0.11396013801007603,0.23432620499258397,0.65171365699734,0.18128150622743233,0.29389848083537057,0.524820012937197
1449,4e6a3060ffda0d9cb205a58f7e2951c9970b1bd1376717d257f57ca33964fd8d,1,c5,c5,c234,c234,0.19182019,0.40282413,0.4053557,0.19325411305375853,0.6230845927796971,0.18366129416654442,0.25119037205586403,0.5243382697560202,0.2244713581881158
1455,c9f40d0ce08cbcf7502566b77645f08c66ab100b485e48be808c609b406984d9,1,c234,c5,c5,c5,0.18681741,0.30138907,0.5117935,0.1369395124042367,0.2888513563387287,0.5742091312570345,0.28242992147803503,0.2746719258258153,0.44289815269614974
1458,ac3c3b0d58240da81e7f0fa18ed4dacfd07a240fd3ccb3d1d0f278b8d56623a6,1,c1,c1,c5,c1,0.5000749,0.28153327,0.2183918,0.31683486946389233,0.22505480342490222,0.4581103271112054,0.3897162720202438,0.2696923920917424,0.3405913358880138
1468,61cf0022711860774f84fd88e60f4f8ccfe600ac06f166730bc13e4f33dfec85,1,c1,c1,c5,c1,0.3646493,0.2982139,0.33713686,0.3573894341699121,0.24288698625669905,0.39972357957338883,0.3858951250100273,0.2826819621805783,0.3314229128093944
1473,1fe7765315b583615ab01ab9fbb53b1e1a7bb2bc51bf8ec07d93eda01bbfc192,1,c1,c1,c1,c1,0.4522001,0.3616075,0.18619235,0.40785786326154294,0.34118736645794306,0.2509547702805139,0.3549371400118165,0.33389918388935574,0.3111636760988278
1486,78c4b2033fd57f2049bd0928bba0933abc7d815aef89190fbda04703544188a0,1,c1,c5,c1,c5,0.2335683,0.33338836,0.4330434,0.5711826960633064,0.13115410587692883,0.2976631980597647,0.3407214637334032,0.22905318231592084,0.4302253539506759
1494,be5e4ffd0a3584e3ec96603c2fa92f05999333cd0b0b3f886c53214d9d883e67,1,c234,c234,c234,c234,0.1545057,0.46140578,0.38408852,0.24274258587676828,0.5400836126336147,0.21717380148961696,0.26986535224860286,0.46731034358626383,0.26282430416513314
1502,8841dd112779bc1ca6a8bf30da6cc3359673661211bff94f6e69c2986c3f9443,1,c234,c234,c5,c234,0.17035085,0.46722922,0.3624199,0.059226088723617974,0.36803112021107276,0.5727427910653092,0.14846357118726902,0.43085027219644556,0.4206861566162854
1505,542065c49555ecec44e24a57b8bec437b5f085ab2936b5b0520217512c031e89,1,c234,c5,c234,c234,0.1948735,0.37344643,0.4316801,0.18142445427713363,0.5261443809612776,0.29243116476158876,0.19843920281179586,0.4351991464369556,0.3663616507512486
1518,f420fabdb726c620528fd6d129269efc5a1d3425285e726dc1fd9022cf89df15,1,c5,c234,c234,c234,0.26742607,0.3839048,0.34866917,0.3313405231046045,0.3835798284279479,0.28507964846744765,0.3279803923180474,0.37581876340314246,0.2962008442788101
1520,0414da4b468da9ca973c828ec91e49e04a9d7f3006bda1d20cb597f25300ce02,1,c1,c234,c234,c234,0.257362,0.40514666,0.3374913,0.348267312276362,0.5131599597078378,0.13857272801580026,0.33591805140527087,0.40817422847264884,0.2559077201220803
1522,124c74335e8bc287cd9b0d38f8ca70e90457e1375012552b35add73b1d51a438,1,c5,c5,c1,c5,0.3005625,0.26586482,0.43357277,0.3735207296708846,0.2616940102303763,0.36478526009873896,0.3096202446936067,0.2859847426129918,0.40439501269340156
1524,253e18724fa260c506a11e77559690923be21c25163ab2e4d9865c2574d95813,1,c234,c1,c1,c1,0.69860584,0.23537596,0.066018224,0.3697444882649399,0.26643142368988776,0.36382408804517236,0.44764275254683483,0.31735101084732026,0.235006236605845
1527,36dace2bc4c1c0415d2530848ce15ecadfc1b4cfc5ad8bb4a8aae44c14759a4e,1,c5,c5,c5,c5,0.12749723,0.22845456,0.6440482,0.07820016868104436,0.1661502659393925,0.7556495653795632,0.16309989522440846,0.21905854636329797,0.6178415584122935
1530,cd86b7b6980f506e1bc4c130678e0d7bef846215830fcceae7eb9434cb0e19bd,1,c1,c5,c1,c5,0.16236855,0.3641784,0.4734531,0.47927273651720725,0.2011619668377304,0.3195652966450623,0.30069815534588484,0.31041550762117426,0.3888863370329409
1542,fe7dcbcf1084ffdad4cb3d2fdca1346066f9b2a49babaa7275b8c3cf5602a3bf,1,c1,c1,c1,c1,0.6823653,0.244064,0.073570706,0.509557525992,0.42001755527706225,0.07042491873093783,0.48938789728213544,0.4053704453522468,0.1052416573656178
1571,7ae8d234c18ddf89daa2c73d8ea30a8a79ec93613e1bc9e56c2ad5ded6028aa6,1,c5,c5,c234,c234,0.27815756,0.3534019,0.3684405,0.3093201999258381,0.5595583531708439,0.13112144690331792,0.33473069653788,0.44364627518490646,0.22162302827721364
1572,bf01f5db987d0b41d9deb913d3263f13c1902e11928e6253d7d66d4316846c1f,1,c5,c1,c5,c5,0.3857709,0.28636664,0.3278624,0.2673879316468325,0.28646063275924144,0.44615143559392606,0.24648022081048707,0.3324206073955461,0.42109917179396683
1575,49f97b3adfe33688bd182b276b18fc18af6e22271892d507eac274aeba9887cf,1,c5,c234,c234,c234,0.282417,0.454459,0.2631239,0.3312965823051879,0.44260178165541925,0.226101636039393,0.28867718135826675,0.4208321912740644,0.2904906273676688
1584,fb551f86256cdd4a6a1d5fa2a7acd4c5cde0a0f53124551f2dd14ff465cfa527,1,c5,c5,c5,c5,0.09338616,0.27618036,0.63043344,0.2684434351193663,0.33409957721404165,0.39745698766659193,0.2572689053915104,0.31005542822359344,0.4326756663848961
1587,afd27c56a1c2c57cbf203ec98485851d7c52a9443e8db9d0a097c32d401fcfad,1,c234,c5,c5,c5,0.112487115,0.31359732,0.5739156,0.08520435819382295,0.2920910656096251,0.6227045761965518,0.14220394477406648,0.3356525691165616,0.522143486109372
1588,769b8cbe1249b9c1b66f847aff447f15b0514337bad049f422ddb1c2d245079f,1,c5,c234,c5,c5,0.18029729,0.4826797,0.33702305,0.10453889428376889,0.20799889560475954,0.6874622101114715,0.1482715620116083,0.29339912760482006,0.5583293103835717
1590,116f8d391d2947449a44e9267b115d3d9d19f0fb0605ba76584526e02d416131,1,c5,c5,c5,c5,0.14710374,0.3358072,0.51708907,0.10903494441681148,0.15089924319565157,0.740065812387537,0.20067802042201827,0.2381826460801697,0.561139333497812
1599,d564c7b0ea6220923d9836b664b9ce4e80aeec800bd2006bc7676454dab80105,1,c234,c5,c5,c5,0.1350511,0.2548154,0.61013347,0.038660492142875494,0.19922697131961178,0.7621125365375128,0.11670587343703889,0.3108625721391263,0.5724315544238348
1603,e5126e913a95f00bb37dc45c87c9630aedffcbb745daf95c3251cf2e0b3a3235,1,c5,c234,c5,c5,0.31854537,0.40932602,0.27212855,0.365923224606966,0.23765583926266462,0.39642093613036944,0.3660062513341323,0.2597832300454488,0.374210518620419
1622,2197e2ebe9e8aecd8cadb70f70f10cdaea305170c5b7e3924296bb252175c8a1,1,c234,c5,c5,c5,0.0901153,0.28705615,0.6228286,0.09107103453161473,0.09251290083049309,0.8164160646378922,0.1693827494966352,0.16643618196935162,0.6641810685340132
1625,fe42bc39d2be7c53535a06f7d16d92305a44db209bb47089b4f84991a3bc9a02,1,c1,c5,c1,c1,0.29670796,0.316814,0.38647798,0.39891313923065913,0.35939125392047294,0.2416956068488679,0.4020398421947463,0.30989912916407847,0.2880610286411753
1642,788ff383cb75eaa6a425fc24e8a0ffb8d4e46034963ce92927fedc101952426f,1,c234,c234,c1,c1,0.2706433,0.40369013,0.32566658,0.43802434580605665,0.2604272966549644,0.301548357538979,0.36835111465785614,0.3202328515731004,0.31141603376904353
1650,5583ca722b606c0434d53523b39aa83fb760a676f439da929c33832077f3a719,1,c1,c234,c1,c1,0.3202695,0.4177088,0.2620217,0.5209127449151415,0.20797272272973022,0.2711145323551282,0.3804927921031992,0.2739982269139744,0.3455089809828264
1653,7f1ce69b93b8eb722582f1ccd11da17b1545b105cafa6e87342ecfcb6f7a7482,1,c1,c234,c1,c1,0.3172053,0.46447897,0.21831572,0.6512607057535467,0.2521688791113561,0.0965704151350973,0.49648796063649964,0.37279318131283057,0.1307188580506698
1661,d78349ba5745fe7566ef74eb7f9451faec7a04d80041a409d24d3e448ea72107,1,c1,c234,c234,c234,0.2684296,0.43911994,0.29245052,0.2298370391691681,0.6885677140096079,0.08159524682122392,0.2542941469580243,0.587474914733497,0.15823093830847873
1666,0e411f169ebac25cd2f48929548a762804247252820b82e42ef60c1eba60d8fd,1,c5,c1,c1,c1,0.36678794,0.33824208,0.29497,0.4983163998365844,0.31378036616169336,0.18790323400172226,0.40430574799646524,0.2978808677288615,0.2978133842746733
1679,edcc942488501cfe1083a1eb9f8c14eb6c4c9e6f926c3a7c6c7827c3b5faa857,1,c234,c1,c234,c234,0.47941017,0.29755068,0.2230391,0.2779337164758063,0.4801468869246867,0.24191939659950698,0.3305606712126871,0.3540689053100007,0.31537042347731215
1685,ef365256305a42b258a064e01ce24bbb4e8a6126424e4ba34d4c826c12f24412,1,c234,c234,c234,c234,0.3762629,0.40546504,0.21827205,0.19579759793878945,0.5414882078340072,0.2627141942272033,0.24574397036731535,0.4690830557212634,0.28517297391142127
1690,167726cb8659a835f244d79d43e64e68a2b8aeca31ed9865b9a355cd95afd95c,1,c1,c234,c234,c234,0.40734714,0.44803053,0.14462237,0.1834163859981194,0.6913714949786798,0.12521211902320084,0.309384679735304,0.5514493697729993,0.13916595049169667
1693,e41fcd2c1e77221b2290ca1170ef972209ab0c0b7f8f4ee75b6674fd8061248a,1,c1,c1,c1,c1,0.4329293,0.40328866,0.16378197,0.44685767850995256,0.4277028182505178,0.12543950323952957,0.44353756994321347,0.40197324039620197,0.15448918966058445
1702,df2de84cc4a7cb96343488bd5435e18fc1eb2688e4b326172d8737cf975dc9ca,1,c1,c234,c234,c234,0.31932768,0.42589942,0.2547729,0.20668118369502042,0.5664481966658453,0.22687061963913419,0.24570116468706993,0.4828137108800293,0.2714851244329009
1712,c865a1b7e7a81e00d59028c3af94a063f2e62e268e1073c49e54af7e28bff718,1,c234,c234,c5,c5,0.24201217,0.46803477,0.289953,0.3308945364853011,0.19508961792996704,0.47401584558473187,0.2976923361305185,0.27799542802872484,0.4243122358407566
1715,c0c0840b40ed0d9f6475000e66a5e96caf02b9909014e69d72455c18ee7ab504,1,c234,c5,c234,c5,0.13575834,0.26919734,0.5950443,0.26059743103060473,0.37414681413898143,0.36525575483041384,0.22749119008227975,0.3370522826635366,0.4354565272541837
1722,7da64c6ac5740696aa284c0652f15ca184400182be06172b5be0477d4138274c,1,c1,c5,c5,c5,0.24819076,0.28068423,0.47112498,0.14335859788358055,0.23631948280107756,0.6203219193153419,0.19681508388013882,0.2834262386814041,0.5197586774384572
1738,e9d8aa452169e7104d695faf2b2f94eaf4d49c975880b5750b79f5cc24b78142,1,c1,c5,c5,c1,0.12628835,0.3746115,0.49910015,0.37369567095501055,0.18631032805026504,0.43999400099472447,0.3780610843815308,0.2507894294468149,0.37114948617165433
1760,f5ce6ff0aa289f9d20037735afa17a77c82bfd9b598ee96900aa74937b38808a,1,c1,c234,c234,c234,0.35498413,0.4761294,0.16888644,0.27824861091605085,0.6015734022377527,0.12017798684619631,0.3299681058994002,0.5194470036521631,0.15058489044843676
1764,f6572936b3526c1a92fa5c43d61fb47e97cd9bc4406bf30b05b75934908bf23c,1,c1,c1,c1,c1,0.50966847,0.34985638,0.14047521,0.5359591590523638,0.3253470621718063,0.13869377877582992,0.4666035441067648,0.35936137830968257,0.17403507758355266
1770,e9bb9c3d2c71af034fa0e063edec095fc551d45038f81ef215db9ee186627908,1,c1,c1,c1,c1,0.5924324,0.24858756,0.15898004,0.706577984937638,0.11548626481817928,0.17793575024418268,0.49361915516321075,0.21335649120083275,0.2930243536359566
1772,f6ea0176739928b5563f2035b4a36a256f9e4bb1ad9cfd6381f2872d791a41b0,1,c234,c234,c234,c234,0.3200967,0.49497965,0.18492372,0.35760173789452826,0.4155318804465662,0.22686638165890563,0.3522845557430058,0.36143041923498775,0.2862850250220063
1787,e9ae504c3384abf9717bd49aa38b63475898821a714fcf34b6f89d4204a44dc1,1,c5,c5,c5,c5,0.21611635,0.23119918,0.55268455,0.22739267265304358,0.2549586690532202,0.5176486582937362,0.2553763341273504,0.23261557889222342,0.5120080869804262
1798,b70dd1beaf1c8b63a906370978faa8f7bd1bc40ede64b9121c8e3c027441e673,1,c5,c1,c234,c234,0.47564512,0.39148226,0.13287261,0.2702679681858939,0.5177981597512143,0.21193387206289166,0.30682923019094144,0.4529804588655016,0.24019031094355695
1800,16b7a6ea8d71b07e5f6889da57b676a49c0c59ce2e7bb2fb69a51c498a4d7752,1,c1,c5,c234,c1,0.28980786,0.31590065,0.39429152,0.4098098133097249,0.43053613123768025,0.15965405545259484,0.4538355912341398,0.3268889217044456,0.21927548706141453
1807,6277bcbcbed5e42087a699f17c123c1023a8ab554ee2fdde8db5008b8a043efa,1,c1,c1,c5,c234,0.35741168,0.32296723,0.3196211,0.2931427666429485,0.3197386104254492,0.3871186229316023,0.2630429130264595,0.3715123373706563,0.3654447496028843
1821,5b135047f0ef306a25283c63ce83106972156b7c49842ba955b97ce0c98a8c00,1,c5,c234,c5,c1,0.3296786,0.3677566,0.3025649,0.36609992232330385,0.24851251155072523,0.38538756612597097,0.37704624828581124,0.32400433232745723,0.29894941938673153
1830,27b87b4e0c837a10439467cf8bec9c975b91ad3550c7c03948931071b48d0053,1,c1,c1,c1,c234,0.5074235,0.36633104,0.12624541,0.43775799884883426,0.3171347041104848,0.2451072970406809,0.3823683201404819,0.3967884680104207,0.22084321184909736
1834,ef6a2f4dc20aba2c381253d95bd574bf80fce2eb70e2e09180b1c0051f03a599,1,c1,c1,c1,c1,0.42122948,0.40088072,0.17788981,0.3791280491604942,0.3687734405045633,0.2520985103349425,0.40387448484686733,0.33073204632021763,0.26539346883291504
1841,22d07ba65cf61141c586004d63dee16ec7710bda5ddf5bb3c231dff5a0b32040,1,c234,c1,c1,c1,0.54744714,0.19537656,0.2571763,0.4117180450819396,0.3355345136071419,0.25274744131091836,0.3757303915232894,0.3078164709364405,0.31645313754027005
1855,2bf854c1be82c2497f0c814a82fcdc15fe68b6b4d55528c37f66178adac8c366,1,c234,c234,c1,c1,0.34325865,0.3783636,0.27837777,0.49714969993171054,0.2777044685462687,0.22514583152202078,0.45173636279917695,0.26061500084923217,0.28764863635159094
1867,2e4d05856f1ab1b448e80cf8f51fde5c1b41080f7804c73eb4c7eb8dc38e7ba4,1,c1,c1,c1,c1,0.58304393,0.29660228,0.12035378,0.5694967872238607,0.2889667212420915,0.14153649153404776,0.4183038690274125,0.3212147931454901,0.2604813378270975
1874,b0d869153f1f36cd55f6e372ac2f20d634468e4e0d5354cebfec6c86bc1300a7,1,c234,c234,c5,c234,0.3051438,0.39644593,0.29841024,0.20436718267408344,0.3906518872936116,0.4049809300323049,0.2800693386050495,0.37288962926771235,0.3470410321272382
1881,562d29ddfaba2fcb67897784512b086063c04d213b0f1dc0252a389936482ba5,1,c5,c234,c234,c234,0.34080556,0.39897078,0.2602237,0.33304011744889583,0.4754902246317175,0.19146965791938672,0.3069781540749089,0.4957219133660267,0.19729993255906442
1889,9303aa6b22a6b1d2def07e8b9a5dd86f22b3f25423d3c2baa0c72d6ee7cd04f0,1,c234,c5,c1,c1,0.28728586,0.2784738,0.43424028,0.4617540811775963,0.3657434093446121,0.17250250947779167,0.3768632988590181,0.3234246548358146,0.2997120463051672
1893,4be13cc2b6e0256b85bab3a55e75a02857c6e4446e1be878cb5de50742726a0d,1,c5,c5,c5,c5,0.36623234,0.25447106,0.37929657,0.12196534572423857,0.12357173972249648,0.754462914553265,0.20565466328461807,0.22891609235583532,0.5654292443595466
1920,f84aecb298954ed364dabf453c47335618552bad579755566f11ee505deefd5a,1,c234,c5,c5,c5,0.11654225,0.29360047,0.58985734,0.18441932486843687,0.10344194820395278,0.7121387269276104,0.1659240495144456,0.21104804469786637,0.6230279057876881
1938,139bfde76b873fc5ee2c5e1c02ce583f70f80910a6ae52ed4fc97fbd36e90318,1,c1,c1,c5,c5,0.40515983,0.32196975,0.27287045,0.23215766397661222,0.2974187846213078,0.47042355140208,0.2796880417869292,0.3085984100951701,0.41171354811790073
1939,487c13f48103a03491a846e05a17453093db39a2ee360d4cc9ca5a0942e2c2cb,1,c234,c1,c5,c5,0.44388697,0.2691685,0.28694454,0.3266976414725586,0.14741627248409253,0.5258860860433489,0.28712030822279094,0.22912423313984753,0.48375545863736147
1942,3010e2590a8e7260c314292de3ad323212893092609759c2514ae6be8c0f47b9,1,c1,c234,c5,c5,0.34613076,0.38293117,0.2709381,0.3989585936931459,0.16119323337614935,0.43984817293070466,0.30919745065133747,0.2598802096373969,0.43092233971126553
1969,e4dd3b234af7bdaed37a98f90300ff09b860048ab6257dd2497b9fcc4b078e72,1,c1,c1,c5,c5,0.5924727,0.24023356,0.16729376,0.3480466384755723,0.23777636746707054,0.41417699405735714,0.32640055183609684,0.21785476943905865,0.45574467872484464
1982,8c92a35c388095780a3df546a5f66db558e50b85901508d88a9a98bfbad213e5,1,c234,c234,c234,c5,0.23061909,0.38671383,0.3826671,0.17916058333963716,0.47515285554997877,0.345686561110384,0.2237136420578275,0.3756559154031633,0.40063044253900926
1988,5c327132f7d7e5b8fb1044ad5cfd5d5cfe8bef33e6a1679664437985795fa845,1,c234,c234,c1,c1,0.32911277,0.41792762,0.25295955,0.6399496713621949,0.2212960910224409,0.13875423761536412,0.42444495569210905,0.3646189738554681,0.21093607045242282
1990,015bdb1f48176a9b85034df6b6486614cfa2b06bbaa1568e2aa6f7b15a724fb0,1,c1,c5,c5,c5,0.121547885,0.36291006,0.5155421,0.20625708048500474,0.312635517617567,0.48110740189742823,0.21904971289302697,0.3568640632618147,0.4240862238451583
1997,47bf77b78ded6720a19b07577e4420246ae769c6e229b9f8f5cb72e20f484631,1,c5,c5,c1,c5,0.14037058,0.26612228,0.5935072,0.38930787940325384,0.269837810969994,0.3408543096267522,0.2693842877862389,0.2412309739381922,0.4893847382755687
2001,d36d5f9b55cfc5874783dca2c84b05a11e678f46ea7d3ac9748b98a887f8d1a3,1,c234,c1,c5,c234,0.65808076,0.25762078,0.08429846,0.17642801388420165,0.3699853179741821,0.4535866681416162,0.29679977896000437,0.36066925997392696,0.3425309610660687
2005,28f55ba9705bdf316c071004def80f79b8360922d76db06b4fd19e163d1d1d4f,1,c1,c1,c234,c234,0.42481047,0.2533524,0.3218372,0.32782050352088415,0.3761153148551501,0.2960641816239657,0.3152855085519465,0.36254087549274866,0.3221736159553049
2012,c63e1b3ca4aaa1eee2d2756e7e7dd6038fa0ec2fd2f1e222e93ff27061002cbd,1,c234,c5,c5,c5,0.11987766,0.28091982,0.5992026,0.24156741115054886,0.28141829192425866,0.47701429692519254,0.24709026472030618,0.2622046560689235,0.4907050792107703
2017,6c832b1d3309fbc1c8c5d3ab57dab48350725545e11466b1d677043995260b85,1,c234,c234,c234,c234,0.3178653,0.4563562,0.22577855,0.27271458729474946,0.5513184839516484,0.17596692875360212,0.31881359173275287,0.48837550477213887,0.1928109034951082
2037,426a107f14c566abca6fcfc1237adb2ae36743f06e14e73ede4eb9a507a8bd42,1,c5,c234,c5,c5,0.30039552,0.37921423,0.32039025,0.14668641200406773,0.17641849310966853,0.6768950948862638,0.238413378677922,0.24788440995778024,0.5137022113642977
2040,ba6e2e1649f22a5b04e86c02a4cdb2ff81dacffb35949212322e179bc0fc681e,1,c5,c1,c1,c1,0.5268381,0.26724604,0.20591582,0.48301741291761324,0.28643604592102784,0.23054654116135886,0.3998434573785755,0.34465072101652156,0.25550582160490304
2045,3f2e242086cab012e63f64c184fd3ea29ae11cbb22e0a91693c1ba0d4ffd1b1e,1,c5,c234,c234,c234,0.2801304,0.42989662,0.28997302,0.20600609939072462,0.4663925970187731,0.3276013035905022,0.27267535237012663,0.3874932405075943,0.3398314071222791
2069,7eee7a60b8b1a19811036105962ea17bd04945719081bcc45c5c7a345b888765,1,c1,c1,c1,c1,0.55601215,0.25395933,0.19002855,0.48301741291761324,0.28643604592102784,0.23054654116135886,0.41721735647091446,0.32613245020373194,0.2566501933253536
2076,46f8452b9733fd10a15bcef6120c2d087ed503fbeae686c8066523de1bba19c7,1,c234,c5,c234,c234,0.17710584,0.32202962,0.5008645,0.1840661388331425,0.5660218748883619,0.24991198627849565,0.22942054543928667,0.4230055044589464,0.3475739501017669
2080,ef18f5a4084009ead0ac3c560c09e818de1886c9333e017fba640aa27bd67bb1,1,c1,c5,c5,c5,0.261008,0.17577578,0.56321627,0.27922264946097103,0.2077756282731434,0.5130017222658856,0.2713400267300905,0.2123100069888469,0.5163499662810626
2091,a214b2ed8983931225f67d5093a84e7b178299bb1d3e94ee788c8112c74525ac,1,c234,c5,c5,c234,0.21355729,0.33337,0.45307273,0.23871617307951268,0.380611336699079,0.3806724902214083,0.2580682433322921,0.37461276488340745,0.36731899178430044
2104,cfe2d65e93ec555938593b0d5269739c18f43010916d676ab994d404d70b8cf3,1,c1,c1,c5,c5,0.48452297,0.29076225,0.22471479,0.2799957377499641,0.24647682987832398,0.473527432371712,0.3162722812220179,0.3010265714617484,0.3827011473162338
2106,435fd432871e712cd4009e54e3fc08a1b5a12009795ccedacb23d498d44c7031,1,c5,c5,c234,c5,0.3097407,0.25784454,0.43241483,0.3385488366116199,0.37210273290039925,0.2893484304879809,0.22941201708126527,0.3338431622756602,0.4367448206430745
2115,81e1044484bb22c8f51affd61caa4b51e72e4ef9dda5c952c6c802ddf315128d,1,c1,c1,c1,c1,0.7989969,0.10665365,0.094349414,0.6419473404206544,0.2722516680842204,0.08580099149512531,0.6236662754371788,0.2820963392068155,0.09423738535600572
2125,7d2ba5059cd80bff413a4695fc9db3f6ee8adb81889d1b105f461492b56e853b,1,c234,c234,c1,c1,0.25296867,0.4185652,0.32846606,0.5388846868414087,0.26296498644979793,0.19815032670879354,0.44345210969900833,0.2995651363952612,0.25698275390573055
2126,0ede8d14ab12ec96ebc47e36bcc930040bd79b1a8bc0bb4cc826b1c185e5ca38,1,c234,c1,c1,c1,0.6420796,0.25883222,0.099088155,0.4710231458058737,0.39968000142821686,0.12929685276590955,0.45084434118227507,0.38007045466194966,0.1690852041557753
2133,c472fd009370b034a122bdf328dba5993e12b3dd890f64289b09dff4fda4cc95,1,c1,c5,c5,c5,0.079405665,0.24998589,0.67060846,0.09087317640636552,0.3068797953743134,0.6022470282193211,0.1350580383432473,0.37041378144428316,0.4945281802124694
2141,be6f8ee2a8eb960196f3a4377911b8cb8044cd76bcf4e0d6dafd57b68cc30d7c,1,c5,c5,c234,c234,0.27394047,0.33875787,0.3873017,0.15755270633742696,0.4421485768172122,0.4002987168453608,0.20679985716489419,0.4083578387637793,0.3848423040713265
2146,a98b0674743351fa06c6a2ffdaff0f5ea827f09f562eb940db9fa74d4ccd5544,1,c1,c1,c1,c234,0.49203405,0.30763802,0.20032792,0.5071888890054549,0.31464870406673656,0.17816240692780855,0.34176501619168154,0.3931586799704416,0.26507630383787684
2148,412a496b4cc1ff83c04ce672cb4b2c94c72d6d60bfec2852b8251dcb047b7eee,1,c234,c5,c234,c234,0.20787004,0.3416359,0.45049408,0.19109291099322426,0.6775551345708332,0.13135195443594255,0.29809742936097094,0.540074276659022,0.161828293980007
2157,139669c90d7be41140ded3d1bcde5e529c293b3e4968e016821f357fe3fd7bab,1,c1,c5,c5,c5,0.27108067,0.3557165,0.37320286,0.382760963167283,0.18624129488797395,0.4309977419447431,0.30449357033241614,0.27528326761053,0.4202231620570539
2160,30f54eefb8e07b7512e585732f85b5b3ce0996539f25cb2f4bc63e1df1d49f26,1,c234,c234,c234,c234,0.23223802,0.41170257,0.35605943,0.18903600373054602,0.6003731531648454,0.2105908431046086,0.22571302826529363,0.454077948262267,0.3202090234724394
2165,2a9798c30212d207a62124adcfe66756bd4ae257059e1a077240f8080fbe7032,1,c234,c5,c234,c234,0.19022018,0.3678828,0.44189706,0.19669944699074457,0.4100850291308164,0.39321552387843905,0.27201903281572803,0.38035858954960267,0.3476223776346693
2194,8a5771fb015f40ac78f5ae1d9d3154745f6ecf66113203a553b0bc44ff862fe5,1,c5,c1,c5,c5,0.37118378,0.31041193,0.3184043,0.2205815379188065,0.26756788708255874,0.5118505749986347,0.2753185496202953,0.3223994663256755,0.40228198405402915
2204,d30f6bb51627c249cea7c47e1ae063bdd00fe66270cc41317024e4f8ff1a425b,1,c1,c5,c5,c5,0.27423257,0.2158347,0.5099327,0.20773724498074395,0.23795455894075196,0.5543081960785041,0.3239335821287352,0.28577532529593574,0.390291092575329
2208,0ad887c83c359dc99cc3d6991d0a2f2c590b74a45df760c6a99b6671fa689f1e,1,c234,c1,c234,c234,0.4428195,0.36490175,0.1922787,0.28352972073819493,0.47680168907043413,0.23966859019137096,0.3047882928766955,0.4894940904414147,0.20571761668188984
2209,a2ab31f162a65c17d8aba06b6346119ef8ce216d4aaea4fe956a316223b452bd,1,c5,c5,c5,c5,0.12432175,0.31619543,0.5594828,0.09944472294520323,0.23080305706038687,0.6697522199944099,0.1588489380365411,0.2950846031188577,0.5460664588446011
2211,c2b0e5c83ff326e60274b46675122c9bf4d3967abeff96ab2834828102641d90,1,c1,c5,c5,c5,0.1407097,0.32643515,0.5328551,0.2226505545484808,0.15538216893089535,0.6219672765206239,0.2980183425752025,0.23941124915295467,0.46257040827184287
2214,0fb07021d8537d48884120c05483446c9b7f62369873d8f362005be4802d3084,1,c1,c5,c234,c234,0.11497325,0.25584698,0.6291797,0.25243025843044525,0.562008085349176,0.18556165622037876,0.2678977900227294,0.4247222123212019,0.3073799976560687
2216,fae0d16e804ec5c509c35c42456a9e96518eae40fd59ad9a6549bf9599d0979a,1,c234,c1,c1,c1,0.44067088,0.3772,0.18212913,0.6519631988476846,0.21433862821417837,0.13369817293813702,0.4085750478789105,0.3664497615472185,0.22497519057387094
2226,dfbc2909c5040b4dd305149970a3a4c8cb43f2e426473d23ac39f9f773a8db0d,1,c5,c5,c5,c5,0.073826216,0.2729533,0.6532205,0.08187451367420533,0.25431957029152086,0.6638059160342739,0.10161980781829022,0.34132532474198823,0.5570548674397215
2232,6299ef9b13065455dd6813746b455fa07992d7f0b0ad4c84c541aa283fe05055,1,c5,c5,c5,c5,0.12391642,0.31320506,0.56287855,0.1593182903653042,0.28569803482863415,0.5549836748060616,0.1762671845939076,0.2650792074770778,0.5586536079290145
2244,80add6952572cf00ec1b7a11c1d770d90b859fa774bdc5076e0969401db14d50,1,c5,c5,c5,c5,0.13691263,0.27155232,0.5915351,0.06523048560765173,0.18534918933170866,0.7494203250606396,0.15085899726398924,0.25488177342757284,0.5942592293084379
2250,696c02b58f7b4bd2117683d5868fd090c87c4d01c7629b56076e502adb40481e,1,c1,c1,c1,c234,0.38381204,0.3632141,0.25297388,0.40437363514301694,0.2874105136733978,0.30821585118358513,0.26673979757261235,0.3920119535742704,0.3412482488531172
2265,931776037dba503cd38c6f602b6734518a8faede677bb554d7a7cfa0074209c0,1,c1,c1,c234,c234,0.5042679,0.19454253,0.30118957,0.17661666452954844,0.47334231221168394,0.35004102325876757,0.24883157968475292,0.38125989003755323,0.3699085302776939
2281,23e12616a412e30d5769244cc43688ddacd2019f10accd72a11ab5550e339057,1,c1,c5,c5,c5,0.278236,0.35212734,0.36963668,0.18700518736635796,0.3346789188301,0.47831589380354206,0.3137865226100746,0.30396351681509987,0.3822499605748256
2284,931776037dba503cd38c6f602b6734518a8faede677bb554d7a7cfa0074209c0,1,c234,c1,c234,c234,0.50426763,0.19454256,0.30118984,0.17661666452954844,0.47334231221168394,0.35004102325876757,0.24883157968475292,0.38125989003755323,0.3699085302776939
2299,64d15f89530055e627c39ae914cb1eb34ce2c250dd1dec89abdb17f73b041ab2,1,c5,c5,c5,c5,0.12697776,0.28273216,0.59029,0.11227737512875335,0.20130822684177926,0.6864143980294674,0.14116871870451728,0.2691247724763417,0.5897065088191411
2310,ddf5cddb3ae99ad9bed9e8b86c1daf8dbcf9804e7eb558d63388303e25f878ca,1,c234,c1,c5,c5,0.5497531,0.22453083,0.22571601,0.34949738426206045,0.26396671400701754,0.3865359017309219,0.2668115470437067,0.27723142275921453,0.45595703019707884
2322,5234015ab07377d4a87ba5a204dee9363b71494f9fb49ad9c87e70543d64a74d,1,c234,c234,c234,c234,0.24453549,0.38197786,0.3734866,0.17486233243599172,0.4740679721977033,0.3510696953663051,0.23130148981024026,0.4302598558326302,0.3384386543571296
2331,98e87aaa4c3eb7de1e4e648f329156d24691a7597ed1cfd9ddc83a73d861146d,1,c234,c1,c234,c5,0.43079245,0.21161467,0.35759282,0.30782751841072165,0.4504681206054721,0.24170436098380627,0.28106589104591073,0.3233454336330038,0.39558867532108544
2334,1b9787d9c078ded8f8bc0a1f34fef2f4b55f67d21fa21cb04432939c77773e12,1,c5,c234,c234,c234,0.35197106,0.3737289,0.27430007,0.2390024086386332,0.4067974643331053,0.3542001270282616,0.22090441557550636,0.43664489253991406,0.3424506918845796
2336,acd8d4165129c14be68a2994ae4466cb96f559ac3728fd4dd9d0000c324fc241,1,c5,c5,c234,c234,0.2720942,0.33755597,0.39034984,0.37049644465310416,0.4532700343738051,0.17623352097309067,0.3141584866442234,0.4212700450265232,0.26457146832925343
2337,6e81b676721de3351cc80784d4d7a3403065c46cc157d961f6d8509e7b7b06db,1,c1,c234,c1,c1,0.38627157,0.412932,0.20079644,0.5366754501574514,0.35496107611716093,0.10836347372538764,0.3949629553049904,0.3930944516857786,0.21194259300923088
2351,3c533ccb27b95a9ee6654fd772669983ccc80e9e0020a4f4f90a20d606c201a9,1,c5,c5,c5,c5,0.1829497,0.21470656,0.60234374,0.13871279242848036,0.25867206628719,0.6026151412843297,0.1741437943306358,0.2706286141698844,0.5552275914994798
2354,08e8590df2b767d46dea88d729d25dafbe4d7dd4d7927b0102cac6ef20618fc4,1,c5,c5,c5,c5,0.25729072,0.3657722,0.37693712,0.1531888816862315,0.3431858059583346,0.5036253123554338,0.20306847229649402,0.3955161475615937,0.40141538014191236
2356,415bcde0c40edb3c780a662b2123ceb13de800db020cb6079d0e8260a4ba76bb,1,c5,c5,c234,c234,0.2788452,0.29226875,0.42888606,0.16010211994671547,0.5673725959049866,0.2725252841482979,0.2508266670898406,0.39052815349741815,0.35864517941274127
2381,7b47a95ff6bd8c3c2e18e20b652e49631f9a8876db59469071165c5b9015944d,1,c234,c5,c5,c234,0.2335661,0.32695553,0.4394784,0.18338386191234057,0.39604683347787917,0.42056930460978026,0.2065036111477461,0.4053592645033091,0.38813712434894476
2408,13ec6c439e1c240daf60b50c5a138c94e183da2f157250f3565cff071df94caf,1,c1,c234,c234,c234,0.18694736,0.45120686,0.3618458,0.1552506755440958,0.7153478509501111,0.12940147350579306,0.2815412582833442,0.4955617580658846,0.22289698365077104
2436,accbb738fb27386d69cf5464bd2aca556c99d95927e1858912580ae9b799f149,1,c5,c1,c1,c1,0.65136284,0.19667055,0.15196668,0.39891486134666454,0.33506977730187143,0.26601536135146403,0.34593027589078723,0.32169143630975566,0.33237828779945716
2442,0fdc2f855f0e02b60e5b0fa1b57a669a0727a50316dd23703338be6a744cd7c7,1,c234,c1,c1,c1,0.4863917,0.3634468,0.15016147,0.6192239416489866,0.16385496326992893,0.2169210950810844,0.5017447195432199,0.2838345969561886,0.21442068350059157
2447,06c5c851702d44a2a7c4906e3f01023d42d8d874e64e37b3132d117b3b3cb341,1,c234,c5,c234,c234,0.08034997,0.30767,0.61197996,0.044488499182800983,0.4864135679972125,0.4690979328199864,0.09443157173827525,0.4754217501441041,0.43014667811762053
2453,2dfa0cec8ac33717098d5354a9123e0f754e7a7dd6bc5ea7781517a124e9c35b,1,c1,c1,c234,c234,0.49368224,0.36498636,0.14133146,0.2163930482886463,0.46853344830536975,0.3150735034059841,0.22397823138379042,0.4917102275575532,0.2843115410586565
2456,2a0246db44e63203c83d891c5016bc2ad738b64d4b30833486fa1d25ef004aa6,1,c234,c5,c5,c5,0.19202255,0.36680943,0.44116807,0.2966632321420091,0.30054157549203286,0.402795192365958,0.29625164276347693,0.3122270387678587,0.39152131846866434
2476,a57527598d9198369eb93bb622d7913c5ce38364d55192847a2668e3bb2ae508,1,c234,c234,c1,c234,0.16165979,0.43728766,0.4010526,0.42688549222197664,0.27076780799913325,0.3023466997788902,0.3566744049122496,0.36514897686504494,0.27817661822270534
2478,fe7dcbcf1084ffdad4cb3d2fdca1346066f9b2a49babaa7275b8c3cf5602a3bf,1,c1,c1,c1,c1,0.68236536,0.24406394,0.07357074,0.509557525992,0.42001755527706225,0.07042491873093783,0.48938789728213544,0.4053704453522468,0.1052416573656178
2479,d0f2707b01ca741565e9ad864fbb205d04bbbeb2dee2f49ca88bf0e15e6c9428,1,c234,c234,c5,c5,0.34537634,0.379129,0.27549472,0.05866734169573895,0.37068782016311885,0.5706448381411421,0.14656407995657972,0.3568948217407355,0.4965410983026847
2497,3942b7f14d560855aba66cf8b9c9f6669ddedea4ee1dd6dbfdf730cce9154ab7,1,c5,c1,c234,c234,0.5431464,0.3361994,0.12065419,0.32248442816440887,0.5078915220901747,0.16962404974541645,0.3341777035764251,0.4898990784596375,0.17592321796393734
2515,283f7fbfb10e87cf1eefbe7b425650d1c05c78d652c7d05c7ef42f7b80c4d76d,1,c1,c1,c1,c1,0.42028564,0.40145522,0.17825916,0.40780649386018575,0.2785006842618903,0.313692821877924,0.3816493905113773,0.318754129975596,0.29959647951302676
2532,ad1ab01be235ffbebef42ffc6b35db87891123429c704724d65fd64bb8c9154a,1,c1,c1,c1,c1,0.57907575,0.31784338,0.1030809,0.45454733014481463,0.34112458739928814,0.2043280824558973,0.5383951430691095,0.27467541943457824,0.1869294374963123
2545,ae95e82cb43734076f1c292ac794fafc53ec9459cbd88de09f667ce4856ff856,1,c5,c5,c5,c5,0.05632448,0.19690622,0.74676937,0.0378492884437508,0.1484915618228702,0.813659149733379,0.10269107854313204,0.2199380748674776,0.6773708465893903
2567,9edfc538b6a177dafe2f0fc659f123a576687c40eb20b7e033588cec560bdad5,1,c5,c5,c5,c5,0.23736654,0.28252465,0.4801088,0.20917253478508777,0.2862034533637862,0.5046240118511259,0.26527950570510905,0.3287973320600318,0.40592316223485914
2584,6017d0a0ea4112ebe2eb060425a138b3291d8d6476e424dafeebccfe84211eaf,1,c5,c5,c5,c5,0.15033777,0.37271082,0.47695142,0.16775804662240995,0.3260320547719933,0.5062098986055967,0.21028294710975395,0.35392107298530756,0.43579597990493835
2596,8c25fa4f03c4621a1005ef7d637d714c613ee32a9327e989f8c8e06400af14ce,1,c5,c1,c1,c1,0.4130625,0.38630897,0.20062856,0.6496210192175632,0.23884549713613218,0.11153348364630455,0.46011984195406386,0.33285094591432124,0.20702921213161488
2598,c968dfb74204bdc191fc89271aad744faa5e3509d1d9730f203d3f9e31ada35a,1,c5,c5,c234,c234,0.07442274,0.33678198,0.58879524,0.14948528215793017,0.7295758535909516,0.1209388642511182,0.22081817105657106,0.5325379585284818,0.246643870414947
2606,3e10cdf6aa17bc0b2350f998795753eeaede635d2b7e76aca3a834097f8d9918,1,c234,c234,c5,c5,0.19290417,0.43887538,0.36822048,0.1335818055213318,0.4141069366342896,0.4523112578443786,0.22624223362177473,0.3294898799315575,0.4442678864466678
2610,c2ee70d0b6632cd04c1efd8b76197c968dfa334496be49af8bb14e57d3909005,1,c5,c1,c234,c1,0.5172661,0.25653937,0.22619459,0.4021488555920879,0.48701269045445605,0.11083845395345607,0.503135454634882,0.35407034482051486,0.14279420054460326
2619,87bc123af43fca70e76312a5176189e6e4d1318ac2bfcaa594573e4810c6353d,1,c5,c5,c1,c5,0.28472695,0.24137847,0.4738946,0.5768082224755129,0.21583781606410204,0.2073539614603851,0.3888228796952901,0.21712658234091314,0.39405053796379663
2623,6277bcbcbed5e42087a699f17c123c1023a8ab554ee2fdde8db5008b8a043efa,1,c5,c1,c5,c234,0.35741168,0.32296723,0.3196211,0.2931427666429485,0.3197386104254492,0.3871186229316023,0.2630429130264595,0.3715123373706563,0.3654447496028843
2624,c801caa9a0db62cdcfdc94cce5c931ffb3091b78b9025490c052ad2b3d083fc4,1,c1,c1,c1,c1,0.6300512,0.26603812,0.1039107,0.7330357079343369,0.16053289243347688,0.10643139963218605,0.6553004243748612,0.19106303804896305,0.15363653757617562
2626,7af6e8abbcdaa040a7dfd6051f08841b5a32e53ea7768f4e9ddc697f937a7027,1,c5,c5,c5,c5,0.18929383,0.2811241,0.529582,0.188933865148538,0.1961904412657924,0.6148756935856696,0.2354860595315416,0.24395217681183665,0.5205617636566218
2640,a245414f6f1308408b40c9b9c24f47f4177c3022d56d3f7e4ac2f4340d3ab4e7,1,c234,c1,c5,c5,0.3374136,0.33365437,0.328932,0.3238557807690704,0.15254082927676588,0.5236033899541637,0.3322138841028368,0.24858646290970757,0.4191996529874556
2646,3e36c320be4f670a801f1a2e1136370617fa64c3fcf41b8ee3bd7f8bc21e6f1f,1,c1,c5,c5,c5,0.14429742,0.27930754,0.57639503,0.13448931740122086,0.4113250828468782,0.454185599751901,0.18644703283422093,0.33432067708120766,0.47923229008457147
2647,c48ba1e9ed03cd3f88f207b02cd7880cb58e46614831d3e848a1584c7207df97,1,c5,c234,c234,c234,0.3031854,0.41240022,0.28441444,0.2876142960662373,0.4251849086512694,0.2872007952824933,0.2911903819364201,0.3895644799963772,0.31924513806720267
2674,45fc3b9f52dc76a9bb0f630c1307c224ee35c2b303028daad984488e717507dc,1,c5,c5,c5,c234,0.107764006,0.37367156,0.51856446,0.024255422919267522,0.44627205462693254,0.5294725224537999,0.08707510716428234,0.46076634669941874,0.4521585461362989
2675,604746ef0cb6eb31585e901ee1a51e03170e17251d554d65863036e0fab60377,1,c234,c5,c1,c234,0.16785972,0.37923414,0.4529062,0.49888644289079587,0.24998020166511417,0.25113335544409005,0.30183266511082446,0.3532776923982917,0.34488964249088366
2686,08942a8b7ce3f5cd026f7c755c77816c5df6877c3ef3c20e4db109388d7c5fb4,1,c5,c5,c234,c234,0.08525399,0.23520474,0.6795413,0.19302150337720625,0.6792553535183187,0.12772314310447502,0.2502965643198976,0.4680706397949707,0.2816327958851317
2693,ed444d2b7c4cbb05cdbcf9597d0dfc47bd6a825df848693ee37ba4f8c35c0af9,1,c1,c1,c1,c1,0.39855036,0.35283396,0.24861568,0.40288441214366705,0.3414108303583697,0.25570475749796323,0.42489210298011815,0.33650165736570736,0.2386062396541745
2695,443ee80e9e8dd1ab37ebd662fde4b2225936c7132a5ba682a91ed30330305820,1,c1,c234,c1,c1,0.39419854,0.40310663,0.20269477,0.5975606997317245,0.2217914973300291,0.18064780293824634,0.44221698502570933,0.27306325457846226,0.28471976039582836
2714,891d6144d1af400deb32c3b07d4ea294683bf72e9f5fbb76ea910b4865711e6c,1,c234,c5,c5,c5,0.17251724,0.3270968,0.50038594,0.18298879078301944,0.27658760987397374,0.5404235993430069,0.28201727548127337,0.2866205570140794,0.4313621675046472
2716,aa8b0eb6b9d81f06670a7dbef3ed4188c4350a37b6f7b6c44ec90282682c34be,1,c1,c1,c234,c234,0.4529612,0.29141948,0.25561932,0.1756307343996056,0.45192208364011033,0.372447181960284,0.24801883885947842,0.3966136811838781,0.3553674799566436
2730,76df88251d484e75ad831265d4e324857f274410c364ebd6e09f70ce56187e87,1,c1,c1,c234,c1,0.41858736,0.2827181,0.29869452,0.3564885973772655,0.4931603044510785,0.15035109817165598,0.3619076413648243,0.36178893446541543,0.2763034241697603
2745,edcc942488501cfe1083a1eb9f8c14eb6c4c9e6f926c3a7c6c7827c3b5faa857,1,c5,c1,c234,c234,0.47941035,0.2975506,0.22303906,0.2779337164758063,0.4801468869246867,0.24191939659950698,0.3305606712126871,0.3540689053100007,0.31537042347731215
2748,64001bf75ed7316551a75c4a8dff1d7b574f3f6258266480da05efb6c5184738,1,c1,c1,c234,c234,0.38789752,0.33814406,0.27395847,0.2685734921018029,0.43909305100098056,0.29233345689721657,0.2926053030313848,0.4462882975808226,0.2611063993877926
2750,af2d61fc16548d6f6a2fdf1de136dec105c5003cfcecab28a0e47e1b95151376,1,c234,c5,c5,c5,0.15960512,0.35954547,0.4808494,0.1235225801557971,0.3383716621952196,0.5381057576489834,0.1420667662958203,0.31363435933872014,0.5442988743654595
2758,ebf80d931606477b6d86509db3ab1c08702111a6f2b50b5752358e8eef03a05c,1,c1,c234,c5,c5,0.19536501,0.46338528,0.34124967,0.19595816534039892,0.321862594181539,0.48217924047806204,0.19961154938047157,0.33599866039981974,0.46438979021970883
2764,c0129635bc5762a238086a532e9e5eb55b141a7b73d4f2635edf71b7817d85ca,1,c234,c234,c234,c234,0.28854746,0.40812,0.3033325,0.3929912447892478,0.5217358915064069,0.08527286370434525,0.41394115918996144,0.43168507178103344,0.15437376902900518
2765,736684afe7e6da8115973110d151de366ab750e44fc0209b910359c31e335ec3,1,c234,c5,c234,c234,0.114150114,0.33931786,0.546532,0.10618514354667065,0.6412526724534581,0.25256218399987135,0.14913698887703414,0.5091823482229163,0.3416806629000496
2770,c97655a7740599ebee9758154a4ca012946b7d11f579030883a9e1fca67e25a2,1,c1,c234,c234,c234,0.35818794,0.4018459,0.23996617,0.31884415581661046,0.4250624924261815,0.25609335175720804,0.36041997757283006,0.3981304544146728,0.2414495680124971
2779,25aebf8b75760b31cb756fc28defd784ced10b5e82b068c3002a0f1b9275110a,1,c234,c1,c1,c1,0.8593515,0.093431786,0.047216702,0.5410828382566599,0.34645328269627135,0.11246387904706868,0.5839838159472169,0.29081031130544793,0.1252058727473351
2790,dec1a824feb00f5ddf1d973de2e2ef6a946dbe4cce0f1cafd2a9aada0e81a934,1,c1,c234,c5,c5,0.25107735,0.43103078,0.3178919,0.15561260242291694,0.24122887108427057,0.6031585264928125,0.23322766579461807,0.34575505363147896,0.4210172805739029
2792,65fc9bdee6ba9ffb7bfa9015c866bd4fe32498f3c6ff7a914482a5dac3eb6c87,1,c5,c5,c5,c5,0.2157427,0.3630962,0.4211611,0.2744093791022666,0.22369358166197742,0.501897039235756,0.2515818163232594,0.35292193994767007,0.39549624372907055
2802,606edc4f0980804b347b8dd950a4f73762b2bba073a022f18fbb77c04ac16283,1,c5,c5,c5,c5,0.2956634,0.3413693,0.3629673,0.34530603488178824,0.28306568264742116,0.37162828247079066,0.3075671131483284,0.28732340091526415,0.4051094859364075
2808,ec6891a07397db88705afcc97877fe097e53621f603bbd02cf9fcc0e90046388,1,c1,c5,c5,c5,0.34260145,0.27911955,0.37827894,0.2873152942353889,0.13567878101231035,0.5770059247523007,0.3224092437463859,0.18840558574716387,0.4891851705064502
2811,44e0e8c11089cda2035e7473cfadb4ec56f0c190e04dcf93c28e68ecb5a5f8dd,1,c1,c5,c5,c5,0.20446767,0.32595453,0.46957785,0.34111417485149276,0.27694979065616265,0.38193603449234464,0.25787386016839947,0.29155159738280334,0.4505745424487973
2816,dbf67d2415f5b4af67324159e46ce7555519ce6aa85eac4628f9ee57b3faf6d0,1,c234,c5,c5,c5,0.08381112,0.26361865,0.65257025,0.10277246256855188,0.07183363805897523,0.8253938993724729,0.20768665125198735,0.22604825114279492,0.5662650976052177
2818,eef8f9ac29a5267f62be99d43f318c87758568d262fe2184c1461bcb53065981,1,c1,c1,c5,c5,0.6247487,0.23101293,0.14423846,0.2705930600781325,0.2244380637328823,0.5049688761889851,0.3709162715814716,0.22711465268719544,0.4019690757313329
2822,edcc942488501cfe1083a1eb9f8c14eb6c4c9e6f926c3a7c6c7827c3b5faa857,1,c1,c1,c234,c234,0.47941023,0.29755083,0.22303896,0.2779337164758063,0.4801468869246867,0.24191939659950698,0.3305606712126871,0.3540689053100007,0.31537042347731215
2823,20794bebdcb1833731df6ab0221adcef55aa5563cbf694ee4f75ed1392ff0272,1,c1,c234,c5,c234,0.3417897,0.46570235,0.19250792,0.25582024594738395,0.3614558171142954,0.3827239369383206,0.26611087666008293,0.3856820803561949,0.3482070429837221
2825,b79ba50dfec8e6e80858f5c1c6dda5b2713e396a065cc3c0f6e0d55be7debc20,1,c234,c5,c234,c234,0.15042232,0.2227565,0.6268212,0.34159994059997995,0.3468334142890158,0.3115666451110042,0.2878738614157455,0.4052482767232219,0.3068778618610325
2830,0bea7a8c936a5c45e5e217f37f150bc0a73243d1ff01d898895ce330ada9b5b2,1,c5,c234,c234,c5,0.2111944,0.48309264,0.305713,0.07474014271535348,0.4687229794257863,0.4565368778588604,0.11324351738189811,0.42679763375600127,0.4599588488621006
2846,6f32bc639cc502d1b8627bb5068bd197fc94343b68fe834b8d18103b7497bb31,1,c1,c5,c5,c5,0.2841502,0.34206107,0.3737887,0.21043444487609386,0.2270160195068178,0.5625495356170883,0.27370417138848097,0.25899441407323515,0.4673014145382839
2855,f7024fa355716cf8c7c833bb06308da0d90089d4a1c0f47f227321ed21b16eb6,1,c234,c5,c1,c1,0.20103465,0.27936265,0.5196027,0.5425343309636756,0.29075352036038576,0.16671214867593856,0.4300036883640929,0.2913153240936847,0.27868098754222237
2858,e5bf3dd18dc9a4ffd9e6d2a0fb84058b1fccb7c4f50d7a2dc01ded700fe49535,1,c234,c234,c234,c234,0.3576163,0.3668238,0.2755599,0.2058965344532591,0.4991110832569806,0.2949923822897602,0.22383959507259513,0.4746711780894268,0.3014892268379781
2875,c4773694f05928a3d26f837a310e36f068815cf4675d9c8a5722971d4bda2f7d,1,c5,c5,c5,c5,0.062450476,0.24789733,0.6896522,0.20883474199765195,0.23751986118166793,0.55364539682068,0.14248409204924758,0.24680894586994784,0.6107069620808045
2883,76d3cadf31baaac9e80abf9c73efd81ae8832ab853cde1d85d13d9e6277d5b63,1,c234,c5,c5,c5,0.090942554,0.24878316,0.6602743,0.15557987502520715,0.36506559677848566,0.4793545281963071,0.191439529983879,0.31360597412657243,0.49495449588954865
2923,396d051b7a3298aa17487b41b81a0c821004288b3fa10f2c2bb3fe2d733210d0,1,c234,c1,c1,c1,0.60837865,0.26665965,0.12496165,0.48441145057948487,0.31048519794098006,0.20510335147953512,0.4609805681954959,0.2854678981529765,0.25355153365152766
2927,9031373e19b373da9f9b3b47a8b1119ba8a81b5215e32e4f909e1537d4e992e1,1,c234,c5,c5,c5,0.103388935,0.2564334,0.6401776,0.115030006892531,0.2873171430612582,0.5976528500462108,0.1448176615618083,0.2912963898448147,0.5638859485933769
2934,7856e30723cd11e3e895bf76d929cd4167d2ba06c2ec45b6ab732da3e7bc1d7a,1,c1,c1,c5,c5,0.44830665,0.37415564,0.17753771,0.2758648719941634,0.3239757041699579,0.40015942383587866,0.3032098961698116,0.33647173390243973,0.3603183699277487
2939,95e7a5487c006e878b881e0a116caab7d21d1c492eaa341a45b9ea7a528a3fc1,1,c234,c5,c5,c5,0.1625805,0.4003836,0.43703586,0.16452773265080942,0.40864648947804405,0.42682577787114667,0.17461481392639877,0.4083188029491802,0.41706638312442096
2942,a1c80736db46f318680a7f47bc637aac6efb8f969fe6b6aa1bf1abe7f2ce6d12,1,c5,c5,c1,c5,0.26889992,0.30144227,0.42965782,0.4610074294899333,0.2530469294799335,0.28594564103013326,0.31862743965298945,0.33809061669673435,0.3432819436502761
2948,3fe94ba621c7744b96910520edf9ddfe58c9a7978bae719697bd62a2198790c6,1,c5,c5,c5,c5,0.111484095,0.27240002,0.61611587,0.12854129799443437,0.4320978366557805,0.43936086534978513,0.20838645954413965,0.3878249084650141,0.40378863199084625
2953,f93893c793a9a0f364f70e8b14f8fa6d01e60d4a6b606ef524f95c72bac87072,1,c234,c5,c234,c234,0.31999832,0.2854205,0.39458123,0.22620512483387614,0.47975436649182635,0.2940405086742975,0.249238761335654,0.4383159396006874,0.3124452990636586
2965,7718266774c44a5c8ea907b54b9ff5398b1ca66bbc68e7d0263a15122d1953a3,1,c1,c5,c1,c5,0.12893905,0.32961422,0.5414468,0.5731250950985681,0.1470326347309483,0.27984227017048346,0.3344653465058849,0.27596580150573524,0.38956885198837987
2968,92500e667527bf1f66b5f9e020b47ab01547f18c6c685dc9e37c8d8370a9ad86,1,c5,c1,c1,c1,0.44743893,0.31607732,0.23648375,0.5185096927966438,0.2512504227708297,0.2302398844325265,0.4462232156399111,0.32561645226115454,0.22816033209893452
2972,f229ee7f8f6e2b04dc744ddecc3510469efb14a4f2a80a98ace428c530d536d1,1,c5,c5,c5,c5,0.22405559,0.3481012,0.42784324,0.14445447617437218,0.20556186737055637,0.6499836564550715,0.2577928672722244,0.2982195061299957,0.4439876265977798
2982,145195e9970595fe5c34b18dab8ba78c3612f47a4d72402fdcfecaaac97f4a54,1,c234,c1,c1,c1,0.44674888,0.36856917,0.18468204,0.42239215010806036,0.30386819668409126,0.27373965320784843,0.3563158260802874,0.3233303051824751,0.32035386873723753
2983,de55e8ed43f8c9cd168333a555192c814943bab8daba47f2ae82bbf3fdb2d394,1,c1,c5,c5,c5,0.15183564,0.20606247,0.6421019,0.24794680591757198,0.11831644135777138,0.6337367527246567,0.27270487932733534,0.1733687014372529,0.5539264192354117
3012,5c566081e4864227dcca169f7b61b4d6faedc3604a85de7ee6412eb5fd8fb5cb,1,c5,c5,c1,c5,0.35347894,0.2775536,0.3689674,0.5113964281611435,0.302502917106,0.18610065473285645,0.26612930718138506,0.28970100176886215,0.4441696910497528
3013,12989e1f82055f9940fd4d63cfc5bbe3d933e4fef05ec480effb21a4f298c783,1,c234,c1,c1,c1,0.42025793,0.34049886,0.2392432,0.5407913027271262,0.27042229815634544,0.18878639911652845,0.4182445299473879,0.3038591854036729,0.2778962846489392
3017,b027aa64a6d91194b02b35c0e6a8924b305e5116ad2ab6c3d75061eb9052247a,1,c1,c234,c1,c1,0.26378524,0.36999625,0.3662185,0.46558380703558927,0.43590626632029206,0.09850992664411859,0.4149324825546773,0.36260272977459096,0.22246478767073166
3020,ff3581273ab7fdf6f8e90e8cf4254e6c2ecdd622034ffe056a565925b48c9f3c,1,c234,c234,c234,c234,0.34589496,0.34798783,0.30611718,0.14031761648059132,0.6600820874837912,0.19960029603561746,0.19745528652682795,0.43278376052481615,0.3697609529483558
3023,eeb6e92373e788caf3c9f42ae534e72fc19140e47d5fe64d4e12081c0e94a6a1,1,c1,c1,c5,c5,0.46522975,0.2141301,0.32064015,0.11832294728104238,0.17983281626190858,0.701844236457049,0.22331893376442918,0.21963639229627727,0.5570446739392936
3033,6e4389d4546d0a0b1e6a5860a128170d4e9ff6ceba04ebcf05fad7d25b6e1844,1,c1,c5,c1,c1,0.32312927,0.2830257,0.39384496,0.39094940599757455,0.37041533045433234,0.2386352635480931,0.3792212087748123,0.28708529034618996,0.33369350087899774
3040,6da134fdb3f45cb37c3fdd98d8887030c209f37282af16ab049eef7696cef32b,1,c5,c5,c5,c5,0.17599194,0.3203304,0.5036777,0.1330387258323945,0.11409603713393654,0.752865237033669,0.2296071995031868,0.20267424424202884,0.5677185562547844
3045,cf82435e1fcbc4e6486518fe42ac843d9829ca49d2fe759c28a32c85760ffe39,1,c234,c1,c234,c234,0.45111325,0.33366108,0.21522571,0.19523694091826102,0.5957848353626898,0.20897822371904912,0.2877731039111916,0.4167674073249277,0.29545948876388073
3046,1774669ebb46098e635a3fd57f9f5a51d48b20f4f263f9cd7c3204f5e3bc9576,1,c1,c5,c5,c5,0.242687,0.3595396,0.39777339,0.24389696909110886,0.3426053514385811,0.41349767947031,0.2834800426151308,0.34830500753512117,0.36821494984974806
3047,cc4ea5eb2a45a44a9dc9c5188da39fcd1692bfc1cbc7c812d793883bc8f48d22,1,c1,c1,c1,c1,0.53817725,0.30340695,0.15841576,0.7836235860930105,0.16684762058701266,0.0495287933199768,0.7108115954473726,0.2190680776414519,0.07012032691117545
3053,4947bf83fb62a71ad5d1534dedc12d69ca8585f9460de91907a78f2cdd869d43,1,c234,c234,c234,c234,0.37214214,0.40125147,0.22660646,0.19286568364356968,0.5459837404480086,0.2611505759084218,0.26960288997268883,0.46730564944882086,0.26309146057849037
3055,5ec52991274e00dc237d73f2b38f70dcc8849085be2f594bd6352b8aeba9373f,1,c234,c1,c234,c234,0.44210142,0.3910539,0.16684473,0.2392278453533597,0.496273386553649,0.26449876809299117,0.25233916154890806,0.4732314306615034,0.27442940778958846
3062,5eb97542c337e8752279e23a87ae5887bc6f2ab92e9cf6de35c71c7eafe8c4ff,1,c5,c5,c5,c5,0.10648747,0.37437466,0.5191379,0.08969569168082014,0.33799946277893955,0.5723048455402403,0.11754199861359085,0.3170706155165014,0.5653873858699078
3064,827f651263832a90f6d3a35b1d7dc9303e8ca28ee56ace71380da5003089f5ea,1,c1,c234,c5,c5,0.23952094,0.41072774,0.34975138,0.1851435646241918,0.3997173128001099,0.4151391225756983,0.23484323500139276,0.3514470114539394,0.4137097535446679
3075,5effc927c6deb9d324ff13bf9fca8bdea7ccfbf174a5acf33df602a917175dfe,1,c5,c5,c234,c234,0.08745382,0.20874298,0.70380324,0.23381601492279303,0.4542473932407554,0.3119365918364515,0.21991475933818036,0.4098829014497822,0.3702023392120375
3089,e1b67663b688ea60ccbaffc04b0246e7ec08de3f5ea446df16d483469555a92b,1,c234,c234,c234,c234,0.2581169,0.4374764,0.30440673,0.18261532892713528,0.7080489663543681,0.10933570471849673,0.2325839603815742,0.5592167237890158,0.20819931582941004
3090,6ea8c2e8353b7740d075d4d5e96e7b59fc581fe51b5329784016e6da5274250b,1,c5,c5,c234,c234,0.31865913,0.33226904,0.3490718,0.13100816709572213,0.5061764753017866,0.3628153576024913,0.19772700722329273,0.5069843984482663,0.295288594328441
3102,d9ce9530d8c4b918496983026ea857b691ea1f513f497b00144279d661df78ae,1,c1,c5,c5,c5,0.14101452,0.23490264,0.62408286,0.15157462878590997,0.22849274490576701,0.6199326263083229,0.17700180047913866,0.27693972609948914,0.5460584734213721
3121,9c18640547e14de9dc702d57c67720b4510d6b315e1534660b516e1e39f3184e,1,c234,c5,c5,c5,0.123529546,0.2967598,0.5797106,0.1333110293875145,0.17980797132113288,0.6868809992913526,0.16958141449943862,0.26418860588596044,0.566229979614601
3123,cddca5ec1bfc4a799a2751933d850834095b6b40058e534559fc1f565482c7f7,1,c234,c5,c234,c234,0.10582925,0.32611325,0.5680575,0.07258158727363001,0.5996012455293536,0.3278171671970165,0.1620429706722769,0.4818925339273079,0.3560644954004151
3144,392de66c31e83483fcd3e452a15cc38c6b2f0702d69ac028238b4c5cab0bfc4c,1,c1,c1,c1,c1,0.70443064,0.15694793,0.13862142,0.8307049879676273,0.12142134716621128,0.04787366486616145,0.7348434154792087,0.16796438176062323,0.09719220276016796
3147,5ff654b3e8c5d11b4aae5be7719dcaca6f304be812c2ae76b491d40d56300d24,1,c234,c234,c5,c5,0.307415,0.40619808,0.2863869,0.31740611267044644,0.3172411469501665,0.36535274037938714,0.3244655848069009,0.31973969798633206,0.355794717206767
3153,805bf9df81313badeb3b11b3f8fa0c62ccd923ac44dd971912fe5f0e58cc24d1,1,c234,c234,c234,c234,0.29734972,0.3966953,0.305955,0.305935284367781,0.4951952870532126,0.19886942857900647,0.2722641025760819,0.41350977489743324,0.31422612252648485
3159,c25d827d12e8d08da811b59a0913e70e6a0275627460bab050ecd7180e51217f,1,c5,c234,c234,c234,0.18353139,0.4253812,0.39108738,0.15946181951162025,0.6726440653725166,0.1678941151158632,0.263206074454374,0.5211195850576549,0.21567434048797113
3172,fbb7cf1865470b8add503a540f4bbdcd354e29f29b539d222fb50d54543e7fc9,1,c5,c5,c5,c5,0.12603529,0.4039927,0.46997193,0.12993263618652515,0.3526391761924015,0.5174281876210733,0.17561070983381527,0.2858359123372998,0.538553377828885
3176,7af6e8abbcdaa040a7dfd6051f08841b5a32e53ea7768f4e9ddc697f937a7027,1,c1,c5,c5,c5,0.18929388,0.28112417,0.529582,0.188933865148538,0.1961904412657924,0.6148756935856696,0.2354860595315416,0.24395217681183665,0.5205617636566218
3182,87611e782fb551a5dcd205615dea5a6fcf1b314d804711facbebd3eb6fc3d0ac,1,c1,c1,c234,c234,0.497382,0.33271757,0.16990049,0.3379394702340162,0.5685679401052972,0.09349258966068659,0.4035438172362789,0.4383624198589155,0.15809376290480548
3184,6a304774cd18ff51e91c6c7fd683677976c55551c6cc15ebb10fb7da980c309c,1,c234,c5,c5,c5,0.12522347,0.28305057,0.59172595,0.11580757926851509,0.36710474183711617,0.5170876788943688,0.17740157514082486,0.3132996114909884,0.5092988133681868
3190,93936f4ddde82d81fd5a3ca67280e38a6b21dda215bb27592fbff6b318422b42,1,c5,c5,c5,c234,0.1548622,0.27428788,0.57084996,0.1313520227612051,0.4168406106957764,0.45180736654301856,0.22984484655121887,0.41521655058660445,0.35493860286217666
3191,6c244a608fd16f5d6481c75f563c43839fb6754c590b00b1e49034ac47ab8b7a,1,c234,c1,c1,c1,0.57180667,0.30211666,0.12607664,0.42940785588680835,0.4271378441043962,0.14345430000879542,0.41527823800441327,0.40210829244029483,0.18261346955529192
3197,edcc942488501cfe1083a1eb9f8c14eb6c4c9e6f926c3a7c6c7827c3b5faa857,1,c5,c1,c234,c234,0.47941017,0.29755068,0.2230391,0.2779337164758063,0.4801468869246867,0.24191939659950698,0.3305606712126871,0.3540689053100007,0.31537042347731215
3208,c7a3847df90f002c450a373f3fdac30b197acc1e6c115cf1696708de00360729,1,c5,c5,c5,c5,0.12328647,0.32447252,0.55224097,0.30102524081175686,0.17408302833964365,0.5248917308485995,0.3005022953177886,0.25886145348113093,0.4406362512010804
3211,d13a7292e3d888e042fbcdb6233f2cc8922704bbc5554de5055102ef727785d7,1,c5,c1,c1,c1,0.8116947,0.119609684,0.06869567,0.8397671506651571,0.08045982443273088,0.07977302490211215,0.702930840077391,0.1698090844318237,0.12726007549078527
3216,d4706fec22e95ca508d91c991dfc4f349ac3b55600a178f7225d360d978b809a,1,c234,c234,c234,c234,0.23330368,0.4471185,0.31957784,0.09256574859150847,0.5744155623583842,0.3330186890501075,0.17460997921298801,0.5248030555999729,0.30058696518703903
3224,e6c94b8634216c5ca12e1d2d8f9423ceb1609fe00e3f88279a221a8a21f9c6e3,1,c5,c5,c5,c5,0.19811828,0.32440466,0.47747704,0.16231091908739187,0.1766992821227387,0.6609897987898695,0.22667759804141266,0.23471501769603778,0.5386073842625496
3250,ac84deb5135f774e7a6b91d46d8ed78ba69c3215529de2e2da1b3a37785eedc9,1,c234,c5,c234,c234,0.15433267,0.419766,0.42590132,0.18279678803620555,0.6615441801455115,0.15565903181828294,0.2513312856726485,0.48751591485052453,0.26115279947682696
3257,8627e1a50e8d133c13e2aacd7d9f07b802fb8db6afa3483b1e1653b42b1d3a6e,1,c5,c5,c5,c5,0.11069364,0.33202586,0.55728054,0.09092176446049945,0.2331402578035932,0.6759379777359074,0.1168137121956532,0.22631445916386492,0.6568718286404819
3258,0e98eeb64dba68a4b115ab09feeae68f49ed52162f2839c2e2204e38bf3b8e68,1,c1,c5,c5,c5,0.2207487,0.3774625,0.40178883,0.3446872137853684,0.19370537541097377,0.46160741080365797,0.33768277218059517,0.24121282081603249,0.42110440700337237
3265,7ae8d234c18ddf89daa2c73d8ea30a8a79ec93613e1bc9e56c2ad5ded6028aa6,1,c234,c5,c234,c234,0.27815756,0.3534019,0.3684405,0.3093201999258381,0.5595583531708439,0.13112144690331792,0.33473069653788,0.44364627518490646,0.22162302827721364
3270,18538bf51ebb3b22e4404b26e1e0b1626d119fc20eae4fa956d7ce4cfd897bdb,1,c5,c5,c234,c1,0.301766,0.3455818,0.3526522,0.35951444972015517,0.4522790109231828,0.188206539356662,0.3811254916649799,0.35063754968617755,0.2682369586488426
3275,555dc62b71f3c26249005409b582fe6cf9b5e67df0914ab3dbd1e45ef38cce63,1,c234,c234,c5,c5,0.21910784,0.4246515,0.35624075,0.2562355638195793,0.29184075161306655,0.4519236845673541,0.26391837628962017,0.3302496705141579,0.40583195319622195
3283,5593b1544653b27a633bac9c3a9f9dd98279a0fe120aa792aa581ebf47d7053f,1,c1,c234,c1,c1,0.3544995,0.35564646,0.28985408,0.47897326810064345,0.29660549823014404,0.22442123366921246,0.38008421706446394,0.3726921795673431,0.24722360336819305
3289,40cd3b1d0048794b2936a9242cdc29040fe1c39f03c971d4fd503c7af7f3aa15,1,c5,c5,c234,c234,0.15488261,0.36211607,0.48300135,0.14477668580815492,0.5954206569025592,0.2598026572892859,0.24363262779022454,0.43765815563191957,0.3187092165778559
3300,b80e91ae0d4fd37165a6107baa7456958a480946e9e71e1b7381fa5f04b35bfc,1,c1,c5,c5,c5,0.3019888,0.29166797,0.4063433,0.35402209053838873,0.19180010925512547,0.4541778002064859,0.2894674720994465,0.286462035380856,0.42407049251969753
3305,8446e7997a450c4f49f4cce8fa3f06d14de38f00f4fe2fbdaa2690a47b101bab,1,c1,c5,c5,c5,0.14390452,0.39849615,0.45759937,0.14816317615516542,0.2874999312036978,0.5643368926411367,0.21311040141045826,0.3183624317800552,0.46852716680948653
3307,5abf2afe4598ef29622e29f4a63ee22e10f4f2caaa4fa54407f60ed3a783c0ce,1,c234,c5,c5,c5,0.17456314,0.35238013,0.47305667,0.3422640917774908,0.2804064018274594,0.37732950639504975,0.2677477632820896,0.28252000804537997,0.4497322286725304
3312,1e525d393beab3f37a24d3b6bba3f86cd394bfb7622461f3262f8374b669d665,1,c5,c234,c234,c234,0.31733426,0.40138477,0.28128093,0.30736815070070644,0.48049410988305336,0.21213773941624012,0.34331423922556054,0.4388883763823464,0.21779738439209317
3314,b3156a07523d21af6788f795231acec1be2b71e5736447f4b24b62dccdf10cc0,1,c234,c5,c1,c5,0.16858602,0.1985807,0.63283324,0.4043741481280982,0.29749647211748526,0.29812937975441656,0.23774440140366973,0.25514502092467645,0.5071105776716538
3357,8126ad6db6cfcc2146dc2803b780f85f6831b42926a42b75e4cc0b2cf2364ace,1,c234,c1,c1,c1,0.43609187,0.356697,0.20721121,0.5985824823807232,0.2801370022042436,0.12128051541503321,0.4925694796922642,0.2929206586813187,0.21450986162641705
3370,9b1a943ebe92b2c4fa025820661d5b489a26cb16858c3a35383ad27bc5096c80,1,c1,c234,c234,c234,0.36133993,0.46087408,0.17778595,0.19239576499148922,0.5411959595656572,0.2664082754428535,0.3014308252081948,0.420710403332218,0.2778587714595873
3372,cbc41eecf0a82391b4343f3698ccd29007daf62589d1d82ebcde0589d1eb28e1,1,c234,c234,c1,c1,0.21301408,0.43723217,0.3497537,0.5269552827653695,0.27300770782719014,0.20003700940744037,0.42024604856074455,0.3203032072776524,0.25945074416160313
3374,778a65f9e69ff74bbde64cde77f10c63e2d21f70978149de557601e04abcb47d,1,c234,c234,c234,c234,0.33629856,0.3849048,0.27879667,0.27660768872204106,0.3738953088974775,0.3494970023804814,0.2909976323724458,0.3701661475496701,0.33883622007788416
3381,d1cb7105fefc760cf5d484442227aff24f82c6dad78eebfe41b3bbee12bee403,1,c5,c5,c5,c5,0.15055299,0.24808045,0.6013665,0.08585550238587203,0.22449957588765984,0.6896449217264681,0.1581789278094804,0.22967721215045267,0.6121438600400668
3388,dd09b436ad8bc4c4fb79bd19b44be0d554558a11e7148a053e286950d1137998,1,c5,c234,c5,c5,0.23774828,0.4407307,0.32152104,0.20057905914669252,0.16922237646552596,0.6301985643877815,0.2494203766396389,0.308771885800518,0.4418077375598431
3393,444ebfdef4f41be945e8f4cf6610aa5c045ac692d48c8a697103e15c9b6f6fc5,1,c5,c5,c5,c5,0.15322226,0.3941458,0.45263195,0.053386803555843576,0.2752167894074413,0.6713964070367151,0.12164450781875458,0.3110455629987794,0.567309929182466
3410,b3caa74b651eb2dca47a27c14ec97cef849d1a4c00aafbef9cc61006083b0e0c,1,c234,c234,c234,c234,0.26571894,0.4087174,0.32556367,0.3652912673334199,0.4891232005983331,0.14558553206824698,0.40400791634281324,0.41422822315868024,0.18176386049850649
3414,634d95f727341c1566b2284ce06b946cebf1c67ba9902dd37f6c24a578b9e439,1,c1,c1,c1,c1,0.3893629,0.34736487,0.26327223,0.686904251859528,0.1982310593537551,0.11486468878671698,0.6000833931266522,0.2481239581131638,0.15179264876018403
3415,82406776925d6c27edc0993dcd67ab5bb82cb1d8e9135b6e78581eac2f2d33ee,1,c1,c1,c234,c234,0.36421183,0.28294468,0.35284343,0.2874316756851236,0.4563250834096972,0.25624324090517925,0.29708360194076433,0.3777054461957994,0.3252109518634363
3425,2f9b917469e7ceede8e47fb56f735e94d7dfab6265167c1bff7f5799e39eb308,1,c5,c234,c5,c234,0.41291022,0.42170474,0.16538511,0.2559863317274869,0.3618776367637822,0.38213603150873093,0.2864029149185915,0.3598260782378595,0.353771006843549
3434,b756c7ad074b01710d4cc123e2131388f4e8e082c03b0abfe5110b303022e2dc,1,c234,c1,c1,c1,0.38533837,0.37419516,0.2404665,0.45356055280822943,0.3902396691882784,0.15619977800349213,0.43450360824254375,0.3685239624985417,0.1969724292589146
3450,2302792313adbe6e7e24fb4ed1033a90811213e07573026a1a1787476529383b,1,c234,c5,c234,c5,0.19947797,0.2570886,0.54343337,0.21715725139259506,0.4671543026437219,0.315688445963683,0.2622209279672322,0.36440095779015114,0.37337811424261674
3472,de9114fd19460abfc6ef1f085daddc034f1f7a6b81237bb434bc0f3222430139,1,c234,c234,c1,c234,0.23184662,0.43494108,0.33321223,0.4496608899106648,0.3410565348621101,0.20928257522722526,0.3499251853634171,0.3590461139385775,0.29102870069800535
3476,9abee7f53f3a03a805005576158c5711a1d19c6216239d880429ead460501ac8,1,c5,c5,c5,c5,0.18853849,0.35324433,0.4582172,0.2679792256619693,0.3165911701701741,0.41542960416785657,0.22678416880207083,0.35342260715382906,0.4197932240441001
3483,8b43a0994335ce995b592a68c35d7045f1ed5c64a8d2666c725f1c2c49067c62,1,c5,c5,c5,c5,0.19544198,0.24838096,0.556177,0.2403246451562126,0.3180153960184257,0.44165995882536163,0.23590103940253393,0.3015313330212015,0.4625676275762647
3484,199e5f0f850aa0f7cd51f4e3e3894f40dd096bc7bbb3bc73c9507a036881f240,1,c234,c5,c1,c5,0.15425579,0.23353767,0.6122065,0.4558137349275874,0.29001480253254264,0.2541714625398699,0.3285346862505481,0.2894347452493936,0.38203056850005834
3493,86e0869b7e13c9cb415e35850333c15fff2811e136620b23ded23af88f1b2070,1,c1,c1,c234,c1,0.46162993,0.3505945,0.18777557,0.3883832886206099,0.44199584426704386,0.16962086711234636,0.42386352119267084,0.40663782705769325,0.16949865174963596
3499,7089761897c95304a5dbe669c2aa036065dc7a43898007b806aabdd2257e7e9a,1,c1,c5,c5,c1,0.35754222,0.24661966,0.39583808,0.3605362747026585,0.2639801341407601,0.3754835911565813,0.36258109878948547,0.33320032700078916,0.3042185742097253
3503,a72b85c9c52798e98b418aa692916bfc2d4dbff106180006298e9e514f77b1c6,1,c234,c1,c5,c5,0.3567574,0.3398092,0.30343336,0.29477769230545114,0.20314054150739497,0.5020817661871538,0.3445221487132417,0.24460655395869862,0.41087129732805966
3506,6b10334efc3d1e0c5e4442dc3d9ea169976eb161c1fb8eb09d0c1addffd3975f,1,c234,c234,c234,c234,0.14695334,0.479395,0.37365165,0.21446810469307045,0.4887453840215319,0.2967865112853976,0.27487662264730034,0.3845273859050242,0.34059599144767544
3510,15feadf85b99e4dd9fd4b4cd8a868a1c55f8e0b800d41b4412871407289845f8,1,c5,c5,c5,c5,0.21287821,0.37225103,0.4148708,0.21640066377687597,0.30003242449230105,0.4835669117308231,0.20401186243142194,0.35097418832588045,0.44501394924269766
3530,e788224c634a12a91566fdba1d30c5f180c7af3be5db34f456d1cb4b6f872cdd,1,c1,c234,c234,c234,0.37458664,0.38261217,0.24280116,0.37006830231239196,0.45752223794837726,0.17240945973923077,0.37902601247576156,0.42268321153690475,0.19829077598733358
3538,5c072a2aaa717ab07ceeec6f8fe2fd45cde8696121bf4f096f739aaa1aac4dc5,1,c1,c5,c234,c234,0.13322298,0.2572722,0.60950476,0.22881255608728057,0.6615783563739585,0.10960908753876102,0.3062805993736406,0.5055893916936285,0.18813000893273088
3542,72977a0c1ea0f98276f3bd7574006f8febc1eca218448c1c4e7abab60e4eec69,1,c234,c1,c234,c234,0.55230653,0.31440106,0.13329238,0.3580602797806459,0.39607336195227133,0.24586635826708275,0.31627198079723434,0.4078070018251124,0.27592101737765334
3544,c9c3c3704e22eec5189d244e629d6419d24614fd04218cf605589b8503dfb7a6,1,c1,c1,c5,c234,0.4676176,0.3315052,0.20087722,0.3179467638879218,0.3044026922065282,0.37765054390555003,0.29841878169149044,0.3984293792212217,0.3031518390872879
3565,30b9080eb53265e94c4a4ed8ef1faec2cb6d34697f3610b1a666dcfc2f39e18a,1,c1,c5,c1,c5,0.20124246,0.3554881,0.4432695,0.5189742207756147,0.22637142271206154,0.25465435651232365,0.3203533406696687,0.33157873291588147,0.3480679264144499
3581,d4c555224e0ebbf2223d5d6b680cbd24003ba39ef07c8ffedfca8d2ed19980c2,1,c234,c234,c234,c234,0.26208594,0.4236457,0.31426832,0.27519567858233795,0.4698376284797663,0.25496669293789564,0.2453217623529702,0.47645012927274266,0.2782281083742871
3594,61cf0022711860774f84fd88e60f4f8ccfe600ac06f166730bc13e4f33dfec85,1,c234,c1,c5,c1,0.36464915,0.298214,0.33713686,0.3573894341699121,0.24288698625669905,0.39972357957338883,0.3858951250100273,0.2826819621805783,0.3314229128093944
3601,5a7031f91c6bdd08a928640768366ad6748ed4ff2d9509d3013ca46f7da6db84,1,c1,c1,c234,c234,0.3764609,0.27159914,0.35193995,0.2376496173183148,0.5155468960813409,0.24680348660034437,0.2625763079124058,0.40065415257077963,0.3367695395168145
3602,1ab1c971f482210dfb01f0d605c07a42983105fad09aea0e866cf702d9d1e065,1,c1,c1,c1,c1,0.73551434,0.18689582,0.077589855,0.6304444794700685,0.21882616341855937,0.15072935711137214,0.5375197969325801,0.2525403886348781,0.20993981443254184
3606,67a8018d1e24b3d6da1793abefa1aa68349a1f1a614e3268a607102b601bbcde,1,c5,c1,c234,c234,0.40431088,0.39254984,0.20313935,0.21269344884002755,0.5293023015113302,0.2580042496486422,0.21414718727432233,0.4590542736546536,0.326798539071024
3607,8572c5bd0abbdf11cfb7f9c971382540a4ab43d64981a3153b3d050af4d05a11,1,c234,c1,c5,c5,0.3909866,0.27252877,0.3364847,0.18595515781773284,0.21161134237021414,0.6024334998120531,0.24321487192418784,0.24919843452347393,0.5075866935523382
3613,75a2e520dba12e3d932a8cb8fad35719422e8b62c0a08300275e9cfbde622c65,1,c234,c234,c234,c234,0.37319934,0.41726902,0.20953156,0.34472578681097077,0.5160325056973559,0.13924170749167325,0.35907524576009237,0.48001852448880317,0.16090622975110452
3630,7b55628980b6dd0492ee2c1c99dc2dbde025be47f47f1cc8cbc8af177931a23e,1,c5,c5,c5,c5,0.1300485,0.29325286,0.5766986,0.1705568184729444,0.24359124241118335,0.5858519391158722,0.2231557337747857,0.2596791874730093,0.517165078752205
3634,0d3d64e7d16bb55f7f08b8448a89984cce1cc9194c716d04c66214498544e227,1,c1,c234,c1,c1,0.38736776,0.41131902,0.20131326,0.49221076309522377,0.29579868901702727,0.21199054788774888,0.4294306231131198,0.3461278147710727,0.2244415621158074
3637,c672257fdca4f9fc5394f545dbf93af5e4f8d2b662c4380e2fa023527e734b35,1,c5,c5,c5,c5,0.3544267,0.24584591,0.39972743,0.19885160023025153,0.1596624671415753,0.6414859326281731,0.22681677284298887,0.1662387614299373,0.6069444657270737
3640,3d8e7948cab470e9c187cbec10b5e8a5dcbd24ce73fed57a6dade4268fda813b,1,c234,c1,c1,c1,0.4451829,0.267727,0.28709003,0.4883644266829353,0.15429809699804378,0.357337476319021,0.4062759991809366,0.2267273700414581,0.3669966307776052
3641,c9aaf298cac03cfa7454203997fff0772bde8186fc621a8d069fc919b7902c80,1,c234,c1,c1,c1,0.69653255,0.22863653,0.07483099,0.5691458668624207,0.38662430611862375,0.04422982701895557,0.5713387379359407,0.34176479951047617,0.0868964625535832
3643,3073960bbcd6c0453fdb22bfe1ff74a72f4515001e2c2d8f106c6298877de226,1,c234,c1,c5,c234,0.39306858,0.37633583,0.2305956,0.32034526385382034,0.3396931892529183,0.3399615468932613,0.3121966459852978,0.39395963680747537,0.2938437172072268
3646,954e8aa9ad15cb52d2fc14f3687848a1b680057a2d6d11f6d9e58bac44ce2292,1,c1,c234,c234,c234,0.23796237,0.39641246,0.3656252,0.1132381798926225,0.5914291177346515,0.29533270237272613,0.20322189022592452,0.4752365145456032,0.32154159522847214
3655,b9f6c68ac777cd559b21fe652e9405a9a9d926a5d7fac7f9b7941551b4f627b5,1,c234,c5,c234,c5,0.18820958,0.32348576,0.4883047,0.10024978952750978,0.5503665939286738,0.3493836165438163,0.16288139998386547,0.3717366493657892,0.46538195065034527
3656,933fd51ef977ba3ac885203f6ab4f0828bf594c89bdd6b1dbdceaaf1475360bf,1,c1,c234,c1,c1,0.33604503,0.4084951,0.25545987,0.536551159814028,0.391866659884702,0.07158218030127003,0.47013650668861134,0.3881011155622382,0.14176237774915046
3659,0118901247e20c73204495501dbb6ef57691eb7d4d00306e5e7d8bcbb93e6c78,1,c1,c1,c1,c1,0.40683636,0.26808468,0.3250789,0.6874591917682124,0.2172425228221104,0.09529828540967725,0.6013860486740928,0.26109620890071744,0.13751774242518972
3671,aff1c4cc8d6c097f8f3d31440bc95bcb4a8239ff5b934b29026efb41fcc4fb68,1,c5,c234,c1,c1,0.33487633,0.47011885,0.19500478,0.5131065219214435,0.24749095978595353,0.23940251829260298,0.43067161922890407,0.30538718979727664,0.2639411909738193
3684,af19494fdd0c076905ed2923a3b711001d8bf1f3913876799a6922818376a05b,1,c5,c1,c5,c234,0.54439664,0.29256344,0.16303995,0.14909800909349524,0.38372772439767894,0.46717426650882593,0.30144313124412403,0.3529677190793917,0.3455891496764843
3690,0bfbc88304cf83d25a262439bfaad47b6769c302d23ba88712921490f70a8f4a,1,c5,c5,c5,c5,0.07712012,0.26589158,0.6569883,0.196559473457341,0.3771254667592549,0.42631505978340406,0.19438148271580993,0.34034809341085154,0.4652704238733385
3702,3a1f0f34da0b2e6ce90c122ba56c270d39ea61180d30ac48290ec85bcf6ef275,1,c5,c234,c234,c234,0.3114098,0.37830275,0.3102874,0.13792841416323942,0.4937252363176109,0.3683463495191497,0.3034845791712948,0.37335671914277363,0.3231587016859317
3706,49187bb4d27e706e440719b35003dff6730ddddf37b896500ca127a9fa24cea9,1,c234,c234,c234,c234,0.16920912,0.47066173,0.36012915,0.2306437289723011,0.5442048602303458,0.22515141079735318,0.25542394990309353,0.5233999271067252,0.2211761229901813
3724,eda4ca4cb4c39ae85b3d75557ae2fcbcef26daf7a7420b1529294ba3e9927f70,1,c234,c5,c234,c5,0.29485273,0.2657097,0.43943754,0.2459765578165242,0.4468121938026748,0.3072112483808011,0.260219495350046,0.36410691577707005,0.375673588872884
3728,e459aa317435a38488e96525239a7cf2b71148dd00820a2f69c56b3a7f69414c,1,c234,c234,c5,c5,0.32538906,0.35690233,0.31770864,0.22665897376477764,0.23222578015261286,0.5411152460826095,0.22120957672466138,0.3133955928636237,0.46539483041171503
3731,378598a6322ede91f669d6e5f180e5b107d9f6ff622df5d0be9e1636f4fef157,1,c1,c234,c1,c1,0.40594685,0.4062013,0.18785182,0.8489828277210725,0.09092677253791882,0.06009039974100869,0.6726322928133353,0.1859933554304845,0.1413743517561802
3732,eba5b6db5cba801279268d2dfaaa930094e50ce3394e490602714a607384bc7d,1,c234,c1,c5,c1,0.39740735,0.28482538,0.3177672,0.3587477958959093,0.2304064750222156,0.4108457290818752,0.40131176444152383,0.23628774762360288,0.3624004879348733
3742,895ed11320d9d6cfd93ffd50c8d3d649ea8256d2e766141c444c183866153563,1,c1,c234,c5,c234,0.26663736,0.42141268,0.31194997,0.1266725826112679,0.2839629731630345,0.5893644442256976,0.18837731035144578,0.41249926077089,0.3991234288776642
3746,ca66095ff9018ebd9641935a5b57820a5d6d559929df59d555a9c1e349a0f481,1,c5,c1,c234,c234,0.4230019,0.28343368,0.29356444,0.2820048426585029,0.4505038717087001,0.2674912856327971,0.24242973099188753,0.460536214030188,0.29703405497792434
3775,883175858a21ad66421fa9c7feff99332d5314613459138fad47108240ea5271,1,c5,c5,c5,c5,0.05415613,0.21271458,0.73312926,0.047102887211541836,0.06410366734704728,0.8887934454414108,0.1215152224055631,0.14805595404478536,0.7304288235496516
3776,2eb33b072ca64e13e8c27648601835898626768b0986ea5a74b7214ede7f2b96,1,c1,c5,c1,c5,0.32111222,0.26737034,0.4115175,0.5184326931773148,0.32888327980458065,0.15268402701810468,0.25364572238935346,0.35485611366409076,0.39149816394655573
3784,3b41ec0c34d79858a8dbc531b68b98c8199110bcec30f510898b6d613438a12d,1,c5,c234,c234,c234,0.29344043,0.4395181,0.26704147,0.23896245304643957,0.38236634601231717,0.37867120094124335,0.24752170737208615,0.4524192939966572,0.3000589986312566
3787,173cf39627f7065d2dda8bb14930e5903da6858eacfe7736aa4b8fb7d9cf5938,1,c5,c234,c234,c5,0.3028625,0.38700533,0.31013218,0.18066877932229025,0.5082821082217099,0.3110491124559998,0.2381505904237832,0.3624173463777147,0.39943206319850216
3809,6e6172bcb4c6368db188cb3a1292a7792d4b2208f0c52707e16a22b291a264fb,1,c234,c1,c1,c1,0.59602946,0.2114936,0.19247696,0.5144256356274431,0.3279433149584654,0.1576310494140914,0.4372159456043511,0.2807020321395315,0.28208202225611745
3819,f36e50ab0dcfdb4c3d16bc6ef249920f627419af7f65c60ff27755a417fc1003,1,c5,c5,c234,c5,0.15272713,0.32208097,0.52519184,0.10467872566978227,0.46162790088892147,0.43369337344129616,0.16290056479847753,0.3388195854532908,0.4982798497482317
3827,960b709e84cf52d3a5ae9a64a8d612568b429c20bc4ed40ebde99882f8bbe515,1,c1,c5,c5,c5,0.22847398,0.33325592,0.43827015,0.12147900537510867,0.31309337664029163,0.5654276179845996,0.18724305869208438,0.30016160430980726,0.5125953369981084
3828,e0d1712d4612b1d2ef6ee07e55f6c7c20c573c54483e1a6ac0aef721f3722153,1,c234,c5,c1,c1,0.21370825,0.35345453,0.4328372,0.4710650132203538,0.2805120490892263,0.2484229376904198,0.4202053102888543,0.2944348555304932,0.2853598341806525
3833,dae10857fc1bf4c5d42dfbe879bb1828dad333b0af1622348370dab896235edd,1,c1,c1,c1,c1,0.48247758,0.2823152,0.23520719,0.42460987335662714,0.34388298576327636,0.23150714088009636,0.4088914324090097,0.3791997983393431,0.21190876925164714
3835,2eb33b072ca64e13e8c27648601835898626768b0986ea5a74b7214ede7f2b96,1,c5,c5,c1,c5,0.32111222,0.26737034,0.4115175,0.5184326931773148,0.32888327980458065,0.15268402701810468,0.25364572238935346,0.35485611366409076,0.39149816394655573
3836,fe7dcbcf1084ffdad4cb3d2fdca1346066f9b2a49babaa7275b8c3cf5602a3bf,1,c1,c1,c1,c1,0.68236536,0.24406394,0.07357074,0.509557525992,0.42001755527706225,0.07042491873093783,0.48938789728213544,0.4053704453522468,0.1052416573656178
3849,43e555d7b7082ddb7fa1152a8f89c3aeaefd98c9c9571ac66a80b89f8caf1e71,1,c234,c234,c234,c234,0.30807722,0.35980907,0.33211368,0.31511682807539476,0.46352582270492854,0.2213573492196768,0.33531610632052866,0.3709060690330559,0.29377782464641544
3864,dd19cac8a291dc91ffd8961fe109b76e6dfdd6f5018fce83409bfb1fcfbf65c2,1,c234,c1,c234,c234,0.44206202,0.20254941,0.35538852,0.17623942314928712,0.42607902724616764,0.39768154960454527,0.25240947218863374,0.37383755226504584,0.3737529755463205
3870,c3223a00700f13f12f007737aa800da19b77a1a4d4af248b47373876f36292a2,1,c1,c1,c1,c1,0.85302156,0.09951828,0.04746021,0.42183700000150204,0.3980807720287704,0.18008222796972764,0.40967661571773545,0.337992290447732,0.25233109383453267
3879,d797b65edf9e4bb2802926d05b6bf242f99b9f45a801f9e1ff883ca34af97b52,1,c5,c5,c5,c234,0.14003514,0.31699368,0.54297113,0.15324748368971855,0.30853236250446625,0.5382201538058151,0.22281335764074559,0.4018470074146401,0.37533963494461436
3884,a7b3643c34c87fec4fcfc32657abc441075d6b163b1f2fae477c0f5889268823,1,c234,c5,c5,c5,0.3213383,0.20473439,0.4739273,0.20962686765927474,0.2138097846450222,0.576563347695703,0.2637434249211336,0.27063995010000774,0.46561662497885864
3890,c4f553d0dcfb5b1400199eda1a0db150b8a93af777bf8d50f6a427ebe2184db1,1,c5,c234,c234,c234,0.35831684,0.46131748,0.18036567,0.3733028994060547,0.3974923574797369,0.22920474311420844,0.27164751134716875,0.47506994026817934,0.253282548384652
3892,9446150f967f2245bdc34c5634ff3a50569abb2e951ce517e444504e1ce56c07,1,c1,c5,c234,c234,0.22367103,0.3835834,0.39274558,0.25536771444663375,0.3766948033286947,0.36793748222467165,0.269706277490731,0.44109862581919684,0.28919509669007215
3944,13c576a712272c3feafd455e26165e2d0fadd7dc2470e73fae5e94fa845a6591,1,c5,c5,c234,c234,0.15912485,0.40918994,0.43168524,0.1320897210399296,0.5010416491496986,0.3668686298103717,0.19559219547993742,0.45482497304542197,0.34958283147464064
3961,34d7b326496819cfde5e7ddc570ccafed24315870cf32f006800a340809f6db4,1,c5,c234,c5,c5,0.21350773,0.48668966,0.29980263,0.26013553127822014,0.1407568243485063,0.5991076443732735,0.24282171918176756,0.27355532455530285,0.48362295626292945
3983,b33ffb4798de1face41cf73ba35fce4a8b1f162522987e8b7fcbeb2a26ca049f,1,c234,c1,c1,c1,0.59598625,0.26972055,0.13429318,0.5574627565670615,0.3350220318147836,0.1075152116181549,0.48868289583179375,0.33301739549790293,0.1782997086703032
3985,f4a9c35ee237544564966924658320b32dfe6ce2197dc980ed62786bc959f953,1,c234,c1,c234,c1,0.8365031,0.10388897,0.059607856,0.4475440046032735,0.4593751973122576,0.0930807980844689,0.5337917071446927,0.3395392329661928,0.12666905988911448
4001,c6ee261eb15b6206557a903ede6a0f8ddf1f3088039d8fcd0153c200afef24d2,1,c1,c5,c5,c5,0.19018635,0.27028,0.5395337,0.3029552921345189,0.13149616253314766,0.5655485453323336,0.28484389907512925,0.25198372428332844,0.46317237664154237
4014,70f98d59efa9edc6dc945883567be467bdcf149c3d6631d5c80fa868679db957,1,c1,c234,c1,c1,0.33125353,0.35750502,0.31124145,0.4591663799505716,0.17908530101994577,0.3617483190294825,0.402780514433681,0.2545865862770976,0.34263289928922147
4028,14e6b9bee7ced90dee60380356ba1ba2686bee1818fd59b04d8338ced0b219e8,1,c5,c234,c5,c234,0.14915356,0.43210712,0.41873926,0.24617006748213197,0.27755468326198346,0.47627524925588444,0.24019824683362614,0.3891168711541349,0.370684882012239
4052,17abb166c98f5729c9de2951c8c847d54be18058640fc53d1349928a74ec6757,1,c5,c5,c5,c5,0.062333178,0.2361119,0.701555,0.027975130999239452,0.08541483856270317,0.8866100304380574,0.07192167721341367,0.16901761863650694,0.7590607041500793
4056,7392ba77e757473fa320ccbf1d8c8a0a826aef69d9e3b68b82c89891d30a0f0a,1,c1,c5,c5,c5,0.27503756,0.31227025,0.41269216,0.20467421474093017,0.30305674272624356,0.49226904253282633,0.2292376487999418,0.28760088634816344,0.48316146485189476
4081,d0f9e17b4e4229ad076c75c62a484f367900070ab6968a39716fc563065936b6,1,c234,c5,c5,c5,0.18393637,0.3204963,0.49556732,0.22844719591436288,0.07278388602187842,0.6987689180637587,0.2522584994874702,0.1759647639867088,0.571776736525821
4083,818d5947a6af261b1ed9d7746164d62f72ce7f51aed20e68f114a56f541081ce,1,c234,c1,c1,c234,0.5021571,0.32660258,0.17124031,0.4974701463676812,0.3656576219053681,0.1368722317269506,0.3706970101878907,0.37141761219563857,0.2578853776164707
4092,9aa4b9bd6ec1cbcdc868dd2ee64314494edc4586559a54eda4c7b6a0559fe4aa,1,c5,c234,c5,c5,0.33975527,0.3760202,0.2842246,0.2666625154125533,0.30127577699509556,0.43206170759235113,0.3345817073347469,0.31704690025498306,0.34837139241027004
4097,7e45d95037bca2949f1b874cf2294c756583dce333abbcdb61f94595157fbb8b,1,c234,c234,c1,c1,0.3355605,0.39260674,0.2718328,0.6498861992501852,0.2079424459943629,0.14217135475545203,0.4520126574326441,0.2823248756850771,0.26566246688227885
4101,1af57aa8c2f45939c6f3f2e013547787d32e90a5cebfe51b3d7d64bd8e80f81e,1,c5,c5,c5,c5,0.34660286,0.26133183,0.39206526,0.17916804550601473,0.33993935689697313,0.4808925975970122,0.24483989678086415,0.3071382775588744,0.44802182566026155
4112,02074cad747755ffe2b0f4a186c61586b7aa4627345914398786a889cfa21555,1,c234,c234,c234,c234,0.16451353,0.51798296,0.31750357,0.27146054245763784,0.4136859963832564,0.3148534611591057,0.27685494735950705,0.392128976271322,0.33101607636917096
4115,20cf0687da50b78854bea136d2ceb30c04b31293063dd52619a586df10cd9479,1,c5,c5,c234,c234,0.12761259,0.3450883,0.5272991,0.17879630475754846,0.5840808854399928,0.2371228098024588,0.23352209829606396,0.441446739842645,0.32503116186129105
4126,f9b1d60da8a564f7ba86c5d5f4f732fb8141c9e38483a8063032894e28eb41d4,1,c234,c234,c234,c234,0.19890991,0.40533513,0.39575493,0.09049787496393955,0.6543817664317413,0.25512035860431925,0.1759998647776419,0.4990608284047403,0.32493930681761773
4127,8a2f8bd4ee020f0aec0013c081b30b16aa1f13d91ecee53bff431ba547b41df3,1,c1,c5,c5,c5,0.3389832,0.25344312,0.40757367,0.15508411419797405,0.2376748236498978,0.6072410621521281,0.24532825624469876,0.24629593593074292,0.5083758078245584
4130,63a280a2782727533ad960d9bc6b906626667acf8af9fa3505307b7535bcd4b2,1,c1,c5,c5,c5,0.26199755,0.36192375,0.37607875,0.23112110005285297,0.22898898975101886,0.5398899101961282,0.21914523843263392,0.2928270473964877,0.4880277141708784
4135,3f69b389a3242d35c3a7e8764ce1cffe034e0c5d8075024d39603b4d440eab7d,1,c1,c1,c234,c234,0.41631594,0.33122543,0.25245866,0.3526498054047667,0.4078037904290763,0.2395464041661569,0.27186176948600077,0.38466100777722373,0.3434772227367755
4138,0800643097b43b2c335d01018fe92e0b98442df07407d8b07f01b2936174f39a,1,c5,c234,c1,c234,0.30299544,0.35006574,0.34693876,0.44779018807297816,0.37898538304454193,0.17322442888247985,0.27539070861413106,0.4162570259751797,0.3083522654106893
4150,9776bfa8247edc1e618534c4d1d2ddde46cc69aacfa5ae58b5dc6f61e8c828d6,1,c1,c1,c1,c1,0.38097867,0.28459996,0.3344213,0.6080219367265289,0.16964302493274072,0.2223350383407303,0.43411850018564396,0.25088140034643275,0.3150000994679234
4155,09880ec213c026cf7f689d33c6e7fcf59323e964f85f0d7984110e86e6a78c7c,1,c5,c5,c5,c5,0.14326356,0.36289197,0.49384445,0.10468298487412968,0.4353771038119892,0.4599399113138811,0.14914485350812684,0.4039423652951649,0.44691278119670824
4169,ffd4d46e45456e9a3e824beb5c5c250c10926c87828ce54615eae4b11c3ccf5c,1,c1,c1,c234,c1,0.5378159,0.30942518,0.15275893,0.3930364710816996,0.43206423167447516,0.1748992972438254,0.4367722649638347,0.3646634760115492,0.19856425902461614
4183,c42bc6487a79b641d4868378e9824516be5e07ac71a52f338757c2507cac18ff,1,c234,c234,c234,c234,0.20977385,0.4526698,0.3375564,0.36860217700275755,0.43776297723904267,0.19363484575819986,0.32198342185690865,0.3921785602058125,0.28583801793727875
4190,5f8fe042d403343fdc835a913bfb81c5c68f37cbaa1f1a41ebd7b55fc2b22777,1,c1,c1,c1,c1,0.47730926,0.35247028,0.17022045,0.4918246387110826,0.36210770789644847,0.1460676533924689,0.4371805240468158,0.40043069636899875,0.16238877958418535
4197,d62e8dda550ed6ffe32647fbe835410bd2ccb14da929ffbe85749dc92d422876,1,c234,c234,c234,c234,0.2608517,0.43985105,0.29929724,0.10182988169781224,0.5533713297321168,0.34479878857007096,0.1748145802023958,0.5240143014781152,0.301171118319489
4221,469bc20981c40bc7e23a488a41ec941d719d15a696dddfabea33b23fac39f4c1,1,c234,c5,c5,c5,0.16394022,0.37429786,0.46176186,0.07506533868668458,0.1108848750902075,0.8140497862231079,0.14621335964711785,0.2561771701354959,0.5976094702173862
4242,e08f13461123d774abb7f82c19a2a43cee4b636199c961922c27a65b792744e7,1,c5,c234,c5,c5,0.2638715,0.38566437,0.35046414,0.21641511224200977,0.271004470252285,0.5125804175057052,0.275623590682172,0.32156444500179643,0.40281196431603167
4247,571a2b2bcc9d28f307d2a48adabd16d500fd14bb686cad52bbab28344a06687c,1,c5,c234,c234,c234,0.18152167,0.4122952,0.40618318,0.3126954841156234,0.4864731595836444,0.20083135630073212,0.2758682062419784,0.4633933970640847,0.2607383966939368
4252,9576ca32fadabe5f22aeb3f4b00936a213edaafd8bd29be251997c5038fdd61b,1,c234,c5,c5,c5,0.23526344,0.2763971,0.4883394,0.2414811987341898,0.08937752144781239,0.6691412798179979,0.28525196923300034,0.21341364732224213,0.5013343834447576
4256,b350619f40dd4974adbfd00777b32ef21a124610ee8d71c2339d0fcea5666474,1,c5,c5,c5,c5,0.12081904,0.21648262,0.66269827,0.21647249841865396,0.22621334663673653,0.5573141549446096,0.22997771423659938,0.20409330564524042,0.5659289801181602
4261,3d25abb6f86d870ac3850e70c9d1699a23a24f8b685bce6c029a87f482cc3b21,1,c1,c234,c5,c234,0.23262426,0.4077007,0.35967502,0.24534002074531322,0.3611626705709879,0.393497308683699,0.23493315231788184,0.4334336440099762,0.331633203672142
4278,7540c3ba1208e0e4553ed78c5f4e4a9c1cfba2213c89f0a175ca28c09e664bef,1,c1,c1,c234,c234,0.6004415,0.18309358,0.21646488,0.09273803084385158,0.6950865540956557,0.21217541506049264,0.19867439392751243,0.44008574715847715,0.36123985891401034
4279,bf29c70d869ed7a1b9203d2e0b5bea3a153da46286f8b2751f9260fc96ca641a,1,c1,c234,c5,c234,0.28278056,0.36599427,0.35122514,0.29675649615281874,0.2898272470781146,0.4134162567690666,0.2537017297733179,0.3948941508581357,0.35140411936854643
4312,9c074d9e44379407feee6c5ada5e0f8e440e66bf49d50346c844dd0040808973,1,c234,c1,c1,c1,0.45595485,0.29218253,0.25186262,0.43231179195838004,0.27147448575015193,0.2962137222914679,0.3904848547044227,0.31012311534751824,0.299392029948059
4325,22eadefb5d7f2c131967f76a6d10e38b6b773303aabad0a889596b391095cadd,1,c5,c5,c5,c5,0.09093007,0.32564396,0.583426,0.21694841207060517,0.2890516814167721,0.49399990651262277,0.24683059629328002,0.24333905033417705,0.5098303533725429
4338,63c90432681b977581e12cf293f321a4811bf21ed0022ef9d6f08bbf405c7e42,1,c234,c5,c5,c234,0.26127002,0.36142057,0.37730938,0.258553771783106,0.3015928559010734,0.4398533723158205,0.26124036627930247,0.38436609776019603,0.35439353596050144
4347,edcc942488501cfe1083a1eb9f8c14eb6c4c9e6f926c3a7c6c7827c3b5faa857,1,c5,c1,c234,c234,0.47941056,0.2975506,0.22303887,0.2779337164758063,0.4801468869246867,0.24191939659950698,0.3305606712126871,0.3540689053100007,0.31537042347731215
4353,ecf37b1f86b50b11630e77a53911cba0a7e0c0da6bafac90c61775bb35dfc004,1,c234,c5,c5,c5,0.2634061,0.26546317,0.47113067,0.3429697576096477,0.21246372361711516,0.444566518773237,0.24630408596910144,0.23693864129305192,0.5167572727378467
4359,0143c079c9ddc153c17ab0f05ead299e97efa0faa8a84f91c30ac0e6ffd44c1b,1,c5,c234,c1,c234,0.19999458,0.43061563,0.36938983,0.46696785301958094,0.34128929045790524,0.1917428565225139,0.3209011967195384,0.41717396997604583,0.2619248333044159
4371,908af63b059b5e602a6d77f3d3c609f830568e5a6367f52b01679eeb37edde14,1,c5,c5,c234,c234,0.2038691,0.37122357,0.42490733,0.14764460587764694,0.5223141947640714,0.3300411993582817,0.23827687164327493,0.38651093463362374,0.3752121937231014
4373,ce3c6df1af36844dd2d22fec8a611cef68cd2629d3bd9153c6004fa9b29ea7b7,1,c1,c5,c234,c234,0.16791132,0.41108558,0.4210031,0.2647759461296721,0.3831509970566476,0.3520730568136802,0.2803156396273908,0.3991783230459779,0.3205060373266314
4386,e7bca94c3880979ec89b921771cfe9b61165dece43a339da1472d798f8cc0cda,1,c1,c1,c1,c1,0.47106618,0.3417534,0.1871804,0.5227099114068778,0.32383090487300126,0.15345918372012082,0.5131808748366702,0.3121356771446849,0.17468344801864494
4388,7d54c25ea887ef100fd0aa794a2a73d916b1ebaea13122718606a013615481e4,1,c234,c234,c234,c234,0.20874488,0.4357799,0.35547525,0.12759771858772567,0.44261990683627345,0.4297823745760009,0.1808511028870122,0.42080796305237095,0.3983409340606169
4390,25cf7cd0b47bbad67e8e31a6c1b2ff16b0843b147eebd7fd06615af6be6a646f,1,c5,c1,c5,c5,0.3612317,0.32358292,0.31518546,0.2931427666429485,0.3197386104254492,0.3871186229316023,0.26886831037605846,0.3651497106130781,0.36598197901086343
4402,2cb88b84abad5904324dcc4c3952262c629693726c61d0e8193b541a6f878af0,1,c5,c234,c1,c1,0.2715205,0.42859462,0.29988497,0.5670653124032758,0.31561880713465507,0.11731588046206912,0.5262862111837161,0.3161828722473246,0.15753091656895932
4406,9d1ab46f1cd3d32d383f41a4cafa02ba4e1ba74e3ed3f093e01894f6cc8e1f0d,1,c1,c1,c5,c234,0.59384996,0.22981414,0.17633586,0.16464077273715164,0.4136043982356968,0.4217548290271517,0.19605600813809365,0.42134044537619686,0.38260354648570954
4407,149585da1b5dbbd6cf2dde007a383b75cc843145d7a3b090c8ca48a74660f6dc,1,c5,c5,c234,c234,0.096582994,0.34418082,0.5592361,0.23548486707162175,0.4740972149245767,0.2904179180038015,0.24952444421706285,0.4466376206435402,0.30383793513939694
4411,7cb78192812d03f3756ab53e3c0116e13fa8ba6da47af089859be3b7afc081f3,1,c1,c5,c5,c5,0.20267661,0.24653316,0.55079025,0.1715072144890365,0.3683082375352244,0.4601845479757391,0.19513162231985978,0.3373896114888461,0.467478766191294
4417,2f015db56bc11952bf7b573274e553b3f0419fa97c0c8ca970f9293130f5f6b5,1,c1,c234,c1,c1,0.40008956,0.40390942,0.19600095,0.4499506482237062,0.2505570131553158,0.29949233862097796,0.34974494305756526,0.3372824555965334,0.3129726013459013
4424,58db82c57055926d4b14dc37c8b66bc59009dbee7c8458bfcb4f70097d5f9cc2,1,c1,c234,c5,c5,0.24576852,0.39329714,0.3609343,0.2259543846025126,0.2961208962102203,0.47792471918726714,0.22810887303908858,0.3644228955554039,0.4074682314055076
4455,991e650063901fe8278ff3342c558d6738e725d9273436bd84d9cc02816c6c61,1,c1,c1,c1,c1,0.5203458,0.19488432,0.2847699,0.417565019926264,0.3895670182492007,0.1928679618245353,0.3998703243404597,0.34326130468673477,0.2568683709728054
4458,934f6d9e42a86fc562b4ed6dda7b4dafd4334247ce6b770a4b1640fdfb3c331c,1,c1,c234,c234,c234,0.25756606,0.4330533,0.3093806,0.3514431864210644,0.46577841025328787,0.18277840332564774,0.3374398029829233,0.4030690882365651,0.2594911087805117
4474,910fffbcce0d75160ae308dc71a0c9f0f53e5de2f9fb3fe253ce8f713d976484,1,c234,c5,c234,c5,0.093239374,0.2630939,0.6436668,0.1543867974966409,0.48093646897162573,0.36467673353173335,0.2111471015249331,0.35343767142326976,0.43541522705179714
4476,9853265fced14f33880eceeb8f992d7f3f1bb12f7f6c9bf57c4be2fa514898c4,1,c1,c234,c5,c234,0.2125228,0.46541452,0.32206267,0.1453497770763088,0.4245649380340191,0.430085284889672,0.26163063404482634,0.3754966991896963,0.36287266676547736
4479,c89654956d6c90449f2635199a32b5dad66059cfb998e8596664fbb9fe6e27af,1,c234,c234,c1,c1,0.3087584,0.43466672,0.2565749,0.3666638465067112,0.3371237232753218,0.29621243021796695,0.3565972467660243,0.32144115404668716,0.32196159918728856
4486,f47b8900d6a1d1d511e13577cb71d072605e1a4c1050128b171b37927ce48ba4,1,c1,c5,c5,c5,0.14271522,0.29818273,0.55910206,0.12627906920246706,0.42194653523308256,0.4517743955644505,0.17532058200909775,0.3734808347622027,0.4511985832286995
4497,6f91d2c63a8d6dea57646f5d9268b5c6c15fda8a1c6ef1e14d02608a3bd155ca,1,c234,c1,c234,c1,0.52880496,0.33198228,0.13921273,0.3883711624153081,0.4982270193816517,0.11340181820304025,0.460543282630354,0.3834485372033135,0.15600818016633244
4499,f6a4046e584ada177721ae5300fa27619eaeed9aee66d893667659ce2413b43a,1,c234,c5,c234,c234,0.14513071,0.42368442,0.4311849,0.3530786599258573,0.4639901343260363,0.1829312057481064,0.3687259421883696,0.42990615992020564,0.20136789789142484
4508,c87b75cc2348018458cc9d261736ace1d3a9ed05cc434b0860fd1fd3724a5ccc,1,c5,c5,c5,c5,0.18925391,0.38365653,0.4270895,0.20918999442274214,0.328130948651466,0.46267905692579187,0.2555986037977495,0.30909569008661764,0.4353057061156329
4509,91df97093be121c3f13d0cd33e6585932447a4de60ff3f277520c57770fcb334,1,c5,c1,c234,c5,0.48088726,0.24811901,0.27099368,0.3863077425358927,0.4098774364908838,0.20381482097322345,0.29636099324102644,0.31904118969249096,0.3845978170664827
4516,3593bd33e5ad0b9d0d686403df7536c6f90c0c66e5e39d605e2e822fbad0f59e,1,c234,c5,c234,c234,0.33369634,0.27653468,0.38976905,0.19533351164511514,0.4186868308351741,0.3859796575197108,0.2675105347414883,0.371169954453914,0.3613195108045977
4520,3de52753c8be55aef007825749fd0e175c43242df2a5be87bed283c142d1e040,1,c5,c1,c5,c5,0.44687554,0.30649462,0.24662982,0.24349615283213585,0.2752190408980037,0.4812848062698604,0.2681555630804004,0.3128292709994392,0.41901516592016036
4523,66887d44e25e04e3cc9ea287484555a89bf5d97b16375babc0eaa52bf23333d9,1,c234,c234,c1,c1,0.36899477,0.41216224,0.21884298,0.549635417945,0.36775740829310616,0.08260717376189393,0.46958202229837354,0.3829620160454918,0.1474559616561347
4526,fd797bc143ae1a551bcc4a827e8a5114a95af97f8886ae5c6da4a2cdfa346ba9,1,c234,c234,c234,c234,0.21743706,0.5064935,0.27606937,0.28842811450442774,0.3971010273188325,0.3144708581767398,0.23881805786851876,0.43525598251336456,0.3259259596181169
4533,73be89d68cd5f1a95087ae0a32a83611da010e4317201356ac7413a01006316c,1,c1,c5,c234,c234,0.1259827,0.3055903,0.56842697,0.19960793040054509,0.5418836739923196,0.25850839560713523,0.2889409875439121,0.45848749374129294,0.25257151871479494
4536,510b906109e79f6da07a09acdfcf6c95122756272dc98af5a84efeff096304a3,1,c1,c1,c234,c1,0.74316764,0.18730584,0.06952651,0.3597058886751122,0.5031121040011043,0.13718200732378355,0.44076650145172597,0.3365291497085908,0.2227043488396832
4542,410de72d971427463d9ae2ba2f0b5695744a3e83ad5d61597917eec791d2dd70,1,c234,c5,c5,c234,0.13802668,0.28585002,0.5761233,0.06855853612959176,0.4139801143887996,0.5174613494816086,0.13275411393863376,0.44282861473358426,0.42441727132778206
4550,31a16b96f6ac305dcae7b1da62bdfd8f972f2ec1f394c944c7965a7754b7b004,1,c5,c234,c234,c234,0.1402311,0.4348867,0.42488223,0.3074052614944589,0.34805093233419865,0.34454380617134245,0.3022326730073684,0.3689529682112472,0.3288143587813845
4551,11c1e571f13496ad9b581aab2f6b0ea506b38cd80af4ac6c752a639acf86626b,1,c5,c234,c5,c5,0.1518706,0.46499416,0.38313532,0.33683425313111287,0.22784677197401054,0.43531897489487664,0.3502475296036785,0.2662031250975669,0.38354934529875456
4561,33842924382207a9f54856ea2d60967dc59a287f4f4d46ca2a31d272e62f80da,1,c234,c234,c234,c234,0.31183463,0.46667966,0.22148573,0.36294943117837336,0.37030123345196103,0.26674933536966555,0.30560705835788854,0.4539909449659118,0.24040199667619966
4567,f0f1e58766efa9f419ce84d9da449fe9f3df60e32a9e22d0bbcfff29f99cdf04,1,c234,c1,c234,c1,0.34086806,0.31913185,0.3400001,0.3309181757206419,0.3703902419179247,0.2986915823614334,0.34459841205125086,0.32133500130685394,0.33406658664189526
4574,76443317a5dcb1cf6eeef9cbde311e17c3363de7e8e4b4b2c0faf59ed8841320,1,c1,c5,c5,c5,0.3468673,0.29191825,0.36121443,0.3360088775558572,0.21009500154445496,0.45389612089968784,0.3097383572861665,0.27445756989966685,0.4158040728141666
4598,edcc942488501cfe1083a1eb9f8c14eb6c4c9e6f926c3a7c6c7827c3b5faa857,1,c1,c1,c234,c234,0.47941023,0.29755083,0.22303896,0.2779337164758063,0.4801468869246867,0.24191939659950698,0.3305606712126871,0.3540689053100007,0.31537042347731215
4600,f74184bc86f2c497e2eb68ea8ff12a10a381626b0ec9792f41465442cb5a9209,1,c1,c1,c1,c1,0.54232836,0.33461788,0.1230537,0.7999571830505349,0.14497957855467422,0.05506323839479111,0.6464808664268967,0.23484484042659684,0.11867429314650642
4612,2e0b4bb2e6e97dd3dccca6a49dc4c97eee531ab0be578828b9666b4c285ae02c,1,c1,c234,c234,c234,0.3382231,0.38752908,0.27424783,0.09478841327076908,0.7058033764866017,0.19940821024262914,0.20006133932474301,0.5254648694920574,0.27447379118319953
4614,cdb20b8952558e86907c5d751d0c5780fbe4c20e428bfc988ac7ed79bc136790,1,c1,c5,c5,c5,0.26114696,0.27662706,0.46222597,0.3429074728657168,0.09714752196415972,0.5599450051701235,0.384210272455399,0.1906930756551276,0.4250966518894735
4615,fe1dfb3b3afccd744377ed4f3bf520ada771109b0ed31d4887a797de4ddbb4ca,1,c234,c234,c5,c5,0.33549154,0.3481457,0.3163628,0.28864298074435996,0.27725533695547006,0.43410168230017,0.26422787783978036,0.3513988335349027,0.38437328862531694
4625,560b05f1da72f23daa0ad7005ca8cd64ba583199954741e2131acf4fddd80d60,1,c1,c1,c1,c1,0.4207657,0.35830948,0.22092481,0.6243915706442331,0.23698559931940713,0.13862283003635967,0.5696825964488408,0.2656042956102156,0.1647131079409436
4627,17120cda3fbe5824f1551856273e8b219bd31c708caf2c7ec2e5dfdc4b090b5b,1,c1,c1,c1,c1,0.7321501,0.21218422,0.055665717,0.7841857278604693,0.15598056737599894,0.059833704763531816,0.651527208710936,0.23640911234089138,0.11206367894817264
4634,f0b919925220a0c4fa2718d8da3d3ca392e5595724a4f1a0517235906b7cf31c,1,c5,c234,c1,c1,0.2717236,0.4033461,0.32493034,0.5546916953336563,0.2368758414270293,0.20843246323931441,0.44007783766765585,0.3002974122527616,0.2596247500795827
4639,87d1991019af46707900d0fe81ecd1ee9f752587b54d133a517f063b59c8467d,1,c1,c234,c1,c1,0.33092865,0.35896665,0.31010473,0.4312902500748018,0.19805436180227867,0.37065538812291954,0.38863814199341296,0.2585735976970222,0.3527882603095647
4649,5c327132f7d7e5b8fb1044ad5cfd5d5cfe8bef33e6a1679664437985795fa845,1,c234,c234,c1,c1,0.32911283,0.41792762,0.25295955,0.6399496713621949,0.2212960910224409,0.13875423761536412,0.42444495569210905,0.3646189738554681,0.21093607045242282
4654,ab98f56bb25c000caac4228717d73d94a0a3a3890029f65bac0d27098c93106f,1,c5,c234,c234,c234,0.27455884,0.36473033,0.36071086,0.1346993292023144,0.5633881054623171,0.3019125653353686,0.17512526010900414,0.434235744346526,0.3906389955444699
4657,cf77865bb73f2b10e13220ee7455ad27afe8d04bd54637641b9c6637e2af3613,1,c5,c5,c234,c234,0.21758282,0.37503424,0.407383,0.16573368721423876,0.5798557203136674,0.2544105924720939,0.19237200733063506,0.5234923019286615,0.2841356907407035
4675,991063706e97b734f03a6ad808520d4455a978480252fd189108370c8382b18d,1,c1,c1,c1,c1,0.5408017,0.34883165,0.110366575,0.45689793377465016,0.24873899140312647,0.29436307482222346,0.41996241481206814,0.32043126283591483,0.2596063223520171
4691,ee1246cc77c687171d65c17e73d05906b3589277c954a14ad35ed66507dad643,1,c234,c5,c5,c5,0.10995916,0.3324929,0.55754787,0.18381825475563582,0.37848102068345524,0.43770072456090897,0.179858409222749,0.3844361042238686,0.4357054865533825
4720,446338c26fc641a7112ca9d9435c7285e9b61ec22bf3e534f98cf1ce3dcd8578,1,c1,c5,c5,c5,0.08864745,0.34249595,0.5688566,0.17020253305736915,0.1704989563829081,0.6592985105597228,0.21447923630448934,0.25066460058130696,0.5348561631142037
4732,70c23652b4339bfcc938eccbdcaa5f13a3392cc76bbb1cf47a710509c89eb943,1,c1,c234,c1,c1,0.30373746,0.3485326,0.34772986,0.41068379529862453,0.22730367246490954,0.36201253223646596,0.3727294359186729,0.281664861240257,0.3456057028410701
4738,0c7754ea542ed8a9fe11df16a9793da51aa31a70ec469199568d7d1d422cbf81,1,c234,c234,c1,c1,0.2989778,0.3993036,0.30171862,0.41313973692032446,0.37891119639001275,0.2079490666896628,0.3999056296687791,0.38599131764864514,0.21410305268257576
4743,8141ea294e45ef3112e2107a259a9ac77bd83e83262feaaaffac830950c1f9e0,1,c1,c5,c234,c5,0.23726514,0.3457978,0.41693708,0.24073609986473113,0.3865254654695647,0.3727384346657041,0.27802957956415963,0.33776780184792027,0.3842026185879201
4755,1fe5995aa0cd304390667411b38d8e4f3dd4bd8419c93b95dc28a6344d642768,1,c5,c5,c5,c5,0.17369366,0.37888628,0.44742012,0.09618594351464571,0.264794553768659,0.6390195027166953,0.1851565296951414,0.29758639980929,0.5172570704955686
4761,384436658cce2fa536552089396f1b7a401eebfd385fb8e4490b032731d09121,1,c5,c5,c5,c5,0.12848866,0.25016177,0.6213496,0.17681147574409406,0.19696206125168142,0.6262264630042245,0.1960956585704178,0.20736362553501012,0.5965407158945721
4777,931776037dba503cd38c6f602b6734518a8faede677bb554d7a7cfa0074209c0,1,c1,c1,c234,c234,0.50426805,0.19454241,0.30118957,0.17661666452954844,0.47334231221168394,0.35004102325876757,0.24883157968475292,0.38125989003755323,0.3699085302776939
4787,576a51bee3833b8eff27b93099926da2bf83f75a0401d43be43bedb06f8b1945,1,c5,c5,c234,c234,0.0750684,0.38737577,0.5375558,0.10019048206300545,0.6413156991880733,0.2584938187489212,0.14777518820741056,0.5011453479498502,0.35107946384273925
4792,6979f7acc66715bf5c34a23c5fc080982d6a4a3fc0ed597f551448cb6bde814b,1,c1,c1,c1,c1,0.4431592,0.34134868,0.21549219,0.5459927493723977,0.39301855801518526,0.06098869261241706,0.6305207458092201,0.2907504521892561,0.07872880200152373
4811,334f0d07e254561d28bc5c3ff07e649d4e04ad4aa0f686d0c3a36e3116f1ce69,1,c1,c234,c234,c1,0.20922373,0.40579543,0.38498086,0.3543780015187686,0.3672699806756362,0.2783520178055953,0.3633124685391116,0.35195568360382695,0.2847318478570615
4815,7884a242a2f74bfb0499c26890095b6b463c763c60c84e3719f63f2dbc5c786d,1,c234,c1,c1,c1,0.5967144,0.31210032,0.09118528,0.5611260700842929,0.2505009171642351,0.18837301275147184,0.5359285389104896,0.2739542752207169,0.19011718586879353
4824,b8f1277c9bc90399ae48a1ac5c36d46fdfed73e7c41445bd4a34f25701dbe566,1,c234,c5,c5,c5,0.27289236,0.3179126,0.40919495,0.17343771473900008,0.17712103024645068,0.6494412550145493,0.262707195867614,0.23015585886999815,0.5071369452623878
4828,edcc942488501cfe1083a1eb9f8c14eb6c4c9e6f926c3a7c6c7827c3b5faa857,1,c1,c1,c234,c234,0.47941044,0.29755062,0.22303888,0.2779337164758063,0.4801468869246867,0.24191939659950698,0.3305606712126871,0.3540689053100007,0.31537042347731215
4838,64f43b1be8d84bf40898b87f8ccc9f4177cdf60c417f7eec507c444e5b39cb35,1,c234,c5,c1,c1,0.26374984,0.26455846,0.47169167,0.5785369809032447,0.2226793111845454,0.19878370791221006,0.43747655959434517,0.27392886688647367,0.2885945735191811
4842,dc7058bbfcaeb097c4e7b1a87a18e6edffec57660ab797ce02c529f89dd8b0ae,1,c234,c5,c234,c234,0.17670748,0.33155173,0.4917408,0.29131903061496894,0.3873033290781863,0.3213776403068448,0.31106351375951097,0.36944571659592507,0.319490769644564
4852,cbd00022d212a05a4ebeb81a3c4799c8f72d58dd3fadbecbd361d438914ab9c7,1,c234,c5,c234,c234,0.106833115,0.2745759,0.61859107,0.11934353725120264,0.6648087212033387,0.21584774154545855,0.14893738141064725,0.5907017171628003,0.2603609014265524
4853,741ce42b21aa9a6cd9a2d70aa52392043df365630c7f0b588ad19f71527b6ef5,1,c5,c1,c5,c5,0.41000977,0.31966472,0.2703256,0.22852251497648318,0.1744431237923257,0.5970343612311911,0.3574564481179967,0.268730116085348,0.37381343579665527
4855,e1bfeec3f6f940df37c91a744b0e6ddfa15204cb5a3a2dcc8fa6c3eb71b4054d,1,c1,c234,c234,c234,0.24546938,0.46196464,0.292566,0.3467607606787628,0.4240732788168139,0.22916596050442328,0.3048403250790758,0.43334367661826984,0.2618159983026543
4861,8f62e1d3f1531dc5c0ba269162db8d9a548434c6f35ceabd3b5e3804c2dc03c0,1,c1,c234,c1,c1,0.29586983,0.42595276,0.2781774,0.7313033906675569,0.1863045741737154,0.08239203515872766,0.5844165751925035,0.268312485603537,0.14727093920395953
4865,4d446b4f8cdf8e819a6f0800ad98e13f47f7999d271309e92f59cc631a440a69,1,c234,c234,c1,c1,0.28709793,0.5116257,0.20127636,0.6522740956242113,0.2529726952512438,0.09475320912454487,0.5476135964993458,0.3225602942273831,0.12982610927327115
4867,4d4d0abe745438607aa02bfb6c5d0b1a4523cc82ee5d5caab5b7c9360ec00aab,1,c1,c5,c5,c5,0.22649455,0.32476068,0.44874474,0.21991380201476474,0.3408309407839304,0.4392552572013049,0.28976127892126724,0.348729908772291,0.3615088123064418
4892,9debc75418d75c6ba44b84513866df868f2e23bcbda79eae596db5a8b97985be,1,c5,c5,c234,c5,0.19636019,0.36673653,0.43690336,0.21272959781556217,0.44000480164554345,0.34726560053889444,0.21248993002249655,0.39220691947519415,0.39530315050230935
4893,0cb3bd5b8a51964e16aa4cf0a82d90bff9fd598918f07cf9b59555ffcd570083,1,c234,c5,c5,c5,0.22949734,0.33051568,0.43998703,0.2275627571069867,0.23382147883844046,0.5386157640545729,0.22043970136404759,0.25949419143865765,0.5200661071972947
4907,6dff9c1e1d6f2e044551664695f237dca2413b7570b5ec85a910653e1981c5bf,1,c234,c1,c1,c1,0.4301814,0.38800165,0.18181698,0.43409384609333146,0.28794212046118606,0.27796403344548254,0.42289979202193445,0.3174947512381741,0.25960545673989155
4918,ae4ce7f09cb0260cf7af6fb5b82de87aba49e017134d99f55bc55dc3ff37eaa2,1,c234,c5,c5,c234,0.15793547,0.41326386,0.42880064,0.1477478419501948,0.3858241740683003,0.46642798398150487,0.18988994106145354,0.410227468134434,0.3998825908041124
4921,df5edb7e60552a808b6d6ce6d23dbe222513bbd1f72c655ac8c67c38da53417d,1,c234,c5,c234,c234,0.12156836,0.3993304,0.4791012,0.20832521504217555,0.5224188498911443,0.2692559350666801,0.20329810922274014,0.43587619103279146,0.3608256997444684
4922,5ad9dae9e6e795b4f07b37f1a8d02083b7f88e462e664fe00feec1d355d0a1cf,1,c1,c234,c1,c1,0.38312504,0.43132156,0.18555343,0.5200826060577401,0.21759455241670644,0.2623228415255534,0.4173452624552875,0.31413960356779935,0.26851513397691307
4928,c980ba0eb77b9c49d8254f02778d6ca3a057f5dfe3f95d7004db952875e56192,1,c1,c234,c1,c234,0.36249965,0.40596664,0.23153368,0.38301397925038944,0.32582437765901917,0.29116164309059145,0.3287077158651689,0.3992879230977745,0.27200436103705655
4940,7ae8d234c18ddf89daa2c73d8ea30a8a79ec93613e1bc9e56c2ad5ded6028aa6,1,c234,c5,c234,c234,0.27815753,0.35340196,0.36844048,0.3093201999258381,0.5595583531708439,0.13112144690331792,0.33473069653788,0.44364627518490646,0.22162302827721364
4949,6202751721b2cef0cd28080919ef824a46a48d873aaacb9c5aa4776f0b51493d,1,c5,c234,c1,c1,0.23842782,0.44089288,0.32067928,0.4945766433453391,0.2438705421635565,0.26155281449110435,0.38896994999569184,0.3330797717598136,0.2779502782444945
4950,9b01c957a9af68ffdb9180ad8f9e85d16291478d8d1e6eead0e87e5abd9b1ab1,1,c5,c1,c1,c1,0.80824506,0.14996077,0.04179421,0.3950391095317903,0.3576396546598105,0.24732123580839926,0.4478361406206796,0.29742514895509,0.25473871042423046
4953,93641d12fc783153f953701d72927816de3ee2c4495d7553ad6da5116d395a54,1,c234,c5,c1,c1,0.2868433,0.3325575,0.38059923,0.6739224281975444,0.1438684038625642,0.18220916793989136,0.4879074818758956,0.2366681572849196,0.2754243608391848
4956,2adc16d796e0b27bf0f0810cf0e8606346eca4d18a051ce900fbfd0207ca19d5,1,c234,c1,c1,c1,0.5967144,0.31210044,0.091185264,0.6403218463139893,0.22801332298883134,0.13166483069717946,0.5224948171040943,0.2886169414313213,0.18888824146458452
4957,7884a242a2f74bfb0499c26890095b6b463c763c60c84e3719f63f2dbc5c786d,1,c1,c1,c1,c1,0.5967145,0.31210035,0.091185234,0.5611260700842929,0.2505009171642351,0.18837301275147184,0.5359285389104896,0.2739542752207169,0.19011718586879353
4972,b628ccda7bac065a32022a4ee0fbcfe7e77250e67b675aa4782d8954f1691313,1,c1,c1,c1,c1,0.6118648,0.2632857,0.12484952,0.5621811215914229,0.24916845111405087,0.18865042729452625,0.41436139092734897,0.29347581210975454,0.2921627969628964
4994,c57f0803b350d8bb66ff5735965b3b7c600d418ce809b00e1dbf9f257030418f,1,c234,c1,c5,c5,0.35135326,0.30613935,0.34250742,0.31499545363079795,0.11572318938274968,0.5692813569864524,0.3286123254259149,0.1716046093469851,0.4997830652271
5018,95b0037a4bb8fde3a7aa6d7ebcd77ee0a42e0848d12891975cf584bcce37b39b,1,c234,c234,c5,c5,0.30208662,0.48938358,0.20852989,0.25318410192404145,0.24180253367490068,0.5050133644010579,0.28154379677619407,0.342576905778095,0.37587929744571086
5019,cfc0c8131bd318652e4ed23682802df921224f8a1d38f68206329c25bc3a3cee,1,c1,c1,c234,c234,0.52691376,0.3551513,0.11793492,0.4126914067763617,0.5066368941405756,0.08067169908306274,0.42085353111558677,0.45820396007720054,0.12094250880721262
5025,f277787de08750ef0792f5306388731007438abca1b87242cc6c99b235e34467,1,c5,c1,c5,c5,0.36731616,0.2705295,0.36215433,0.14757088298262885,0.19448503024913935,0.6579440867682318,0.2508020725569603,0.2032320123358846,0.5459659151071551
5045,90eed85411df257c310c9006e0b3aadcb00d39994d28e91d5bf6f30eb0f34bc3,1,c234,c1,c1,c1,0.6252426,0.28928557,0.0854718,0.7850139649166734,0.14503222067727622,0.06995381440605032,0.6718439900275349,0.20782573177767613,0.12033027819478884
5053,edcc942488501cfe1083a1eb9f8c14eb6c4c9e6f926c3a7c6c7827c3b5faa857,1,c1,c1,c234,c234,0.47941044,0.29755068,0.22303888,0.2779337164758063,0.4801468869246867,0.24191939659950698,0.3305606712126871,0.3540689053100007,0.31537042347731215
5056,425338d11c183c1bbccc346f6da48c9dcf7c5eb245c7bfae185afef177c4bb22,1,c234,c234,c5,c5,0.2932171,0.37782508,0.3289578,0.26623699654205074,0.3444505376143645,0.38931246584358464,0.30595634380156855,0.3428586079778634,0.3511850482205681
5076,2839daa5a8128a93815d260ba5938d6497f258490874c2cadcb7ffb78d16ea88,1,c1,c5,c234,c234,0.2853552,0.35165423,0.3629906,0.17402209711438238,0.4829360045425131,0.34304189834310456,0.26151465210236285,0.42677515454349874,0.31171019335413835
5085,24f845c76eb8e8a58b1790a77d41721a3b444cac841948aadd5ea30d802c62f5,1,c1,c5,c5,c5,0.32145032,0.33681026,0.34173936,0.3909176839772243,0.16701884534588138,0.4420634706768943,0.38758680143938873,0.20930067010998368,0.40311252845062767
5090,5bba2adfc1e09eb6185f515c8cd5cbfc22c4892f0394ab7e47c9beb7548a7d5c,1,c1,c5,c234,c5,0.17860006,0.31586066,0.5055393,0.03921524859844229,0.5892609872595794,0.3715237641419783,0.13107069203327282,0.4230838939054062,0.445845414061321
5108,87f41f5479d638597363924d87e3f3277e7a82a939a696a39a3e19d6a2d337e4,1,c234,c5,c5,c5,0.1584201,0.3067373,0.53484267,0.32060337178394444,0.2674719081571742,0.4119247200588815,0.31568935149949445,0.3355440491599306,0.34876659934057497
5121,cd565cecd35e8ad01bbd89b6e682e26b337bad31e2311fec56adb23bf069be4b,1,c234,c5,c5,c5,0.12100296,0.32063812,0.5583589,0.122473734521591,0.2237791789263521,0.653747086552057,0.18829263524370995,0.29621827532927014,0.51548908942702
5137,028a281f73ca9252ebd79cdb4d55703cfb0b0af6742ed5b38266dfcef0bce32a,1,c1,c5,c5,c5,0.32875893,0.24942696,0.4218141,0.31000757267456536,0.16811029452027607,0.5218821328051585,0.3050870195685011,0.2881754825828528,0.40673749784864605
5142,5c7922b93ddbfc4033ce87541f3cf505eefd3d0f3569fd210b2841402df1a6d7,1,c5,c5,c5,c5,0.24783146,0.28967044,0.46249813,0.2852772253979385,0.13643675107766312,0.5782860235243984,0.3024022585170395,0.2028561660247581,0.49474157545820246
5157,12120bd9145ab38b50cd00cec96254a7cb91bf4ff0c7d403e62b2f0288881a55,1,c234,c5,c234,c5,0.32669133,0.29834577,0.37496296,0.12986508866349067,0.4377058937151007,0.43242901762140873,0.16635271454987496,0.4144825020420765,0.4191647834080485
5186,45be80a7ea7d75edace5865b7b756eed4f798760b0b1f73c383f18c5aa131c2e,1,c1,c5,c5,c5,0.083099544,0.27925685,0.6376436,0.1597405464453398,0.33201637171366205,0.5082430818409982,0.16478308482736861,0.26207385409852796,0.5731430610741035
5191,f53301f1569315da01105e909c488c8f3630b70d8046d4ac355e0faca3b735f4,1,c5,c1,c234,c1,0.38714582,0.36182633,0.25102788,0.378012044962686,0.4390714628275803,0.18291649220973377,0.3977228901159882,0.3509593843401169,0.25131772554389487
5192,1eb2d7400a531cf7adb9b096729141ae885f14ab8bb57361baa8b666255a9a27,1,c234,c5,c5,c5,0.15445264,0.3524797,0.49306762,0.3143577807752963,0.3126192013694506,0.37302301785525316,0.2242707188853229,0.3821635968783837,0.3935656842362934
5209,6277bcbcbed5e42087a699f17c123c1023a8ab554ee2fdde8db5008b8a043efa,1,c5,c1,c5,c234,0.35741168,0.32296723,0.3196211,0.2931427666429485,0.3197386104254492,0.3871186229316023,0.2630429130264595,0.3715123373706563,0.3654447496028843
5222,407c05908d6ac38b0ce65730819a296b83ec5b46e021a763eb178406c2696bb8,1,c5,c5,c5,c5,0.08805427,0.2914439,0.6205018,0.04740467692282906,0.2650122716116992,0.6875830514654717,0.0882435235334172,0.3030962599165857,0.608660216549997
5227,625e7bcc3658043fa58801edef60ff71e240f65caef6e343620f90ada0141d84,1,c5,c234,c1,c1,0.25114816,0.43160635,0.3172454,0.41161537075032384,0.40767443575946755,0.18071019349020867,0.38793413173004115,0.3506209017266733,0.2614449665432856
5230,355504771ef0af37eef58ad09a7912a22adb2660596e0c93910b86ff50e7a4d1,1,c1,c1,c234,c234,0.493822,0.36031595,0.14586197,0.3462615069968001,0.5093270738352139,0.144411419167986,0.40875091861368285,0.43093618314383847,0.16031289824247869
5238,8d46defa353dfdb7a0e326570f9b678ccc14988704105246b6dcaaf94b0d0487,1,c1,c234,c234,c234,0.30774274,0.37455,0.31770724,0.29746455360595164,0.5113797163884818,0.19115573000556665,0.30958801174120426,0.4177118414117066,0.27270014684708915
5239,d09bafcae5b74db1bed07ffd5ee8d0811fab61cbd19b0eab71a936509e52ebef,1,c1,c5,c5,c5,0.10118787,0.27687988,0.6219323,0.22470538074156726,0.2800291820860768,0.4952654371723559,0.19495374387473471,0.36353755822631684,0.4415086978989484
5252,807bd0f1f3fba66f33a23fe1e580e4fad600e9008b00df80ea8e2424b83e22a3,1,c1,c1,c1,c1,0.50514275,0.2953214,0.19953589,0.8602299711044581,0.06054070007855062,0.07922932881699131,0.7192409919779794,0.11497957210202064,0.1657794359199999
5253,3a78007bba005df9d16e883592a71c5dd9bc834e7bb53fd7a522b7f94d0a35f7,1,c234,c1,c234,c234,0.43058148,0.3978346,0.17158392,0.1372883351360861,0.7120287833670509,0.150682881496863,0.20877765250997926,0.5802847195555048,0.21093762793451598
5265,37a80ebd931e1b623cd2c528987594cb48877555a506286280eef60d268c9c95,1,c1,c1,c1,c1,0.37903166,0.2971964,0.32377198,0.4070652297855086,0.2752670982376157,0.31766767197687573,0.4046988783477982,0.29806811274228356,0.29723300890991833
5267,6cd0c4544ce6db16a1f88d83742a76d1e66a43d39453052c216d39350d144579,1,c5,c1,c234,c5,0.35695007,0.2887872,0.35426277,0.15114650873674645,0.5906400118789644,0.25821347938428907,0.17636452990684215,0.355164666474261,0.46847080361889687
5277,3c00482d9fa26c8a0829c933513d842ce127f2b0707900762a7852abb5c3c62c,1,c5,c5,c5,c5,0.09666533,0.20459974,0.69873494,0.25832123604937324,0.27394424397777245,0.4677345199728545,0.18839011620646906,0.2774350194432354,0.5341748643502955
5280,5184fce26d44de65e5295905e0c0daf2d4dec29190723cc4674d28aa4e5695c9,1,c5,c5,c5,c5,0.2649403,0.3409435,0.39411622,0.20215025952773344,0.17668074755168656,0.6211689929205799,0.24564344643071795,0.2580167799321681,0.496339773637114
5281,42116ccf799dbc820259f312fbfa25d1a0a611931bcb0b42e4d167b837b9260d,1,c234,c234,c1,c1,0.3354548,0.35755274,0.3069924,0.44906151389171456,0.19544073329986364,0.35549775280842183,0.4026242772310114,0.2578130941036289,0.3395626286653597
5293,366441a223b7ff7c4beb204245319422b7dd522d6f771a0df96fa3f74b3d3edb,1,c5,c234,c5,c5,0.3290098,0.34067672,0.33031353,0.20370137172012934,0.3968298649342195,0.3994687633456511,0.2277035161655232,0.3352271864711676,0.4370692973633091
5299,c91dacd10512a2afece4b2f21098ec698bb136891af618cd06b0980b44837d68,1,c5,c5,c5,c5,0.247008,0.36757585,0.38541618,0.29067895654299936,0.19137797159211345,0.5179430718648872,0.3159732830333345,0.3187211256928698,0.36530559127379575
5300,fc248024bfe508ddcded7a0ae2c4e49c42279e73e9d5551f11d140cb1275598d,1,c1,c5,c5,c5,0.21266076,0.28627047,0.5010688,0.12861334698677823,0.2230203089146901,0.6483663440985317,0.20712410101414352,0.250617160296489,0.5422587386893676
5306,14048bfc8de547328c5729d5671b1c4ec81375e97ba081ea2a9c6dce0ada0271,1,c1,c1,c1,c234,0.53058124,0.33474547,0.13467331,0.48695967717026784,0.43190743661532244,0.08113288621440971,0.4326916630170944,0.4454649579716552,0.12184337901125039
5335,cd4d0730fcf559a0fd5d6df399197bbf85f19ac06644e465b302a62f1e16234b,1,c234,c1,c234,c1,0.5733111,0.27616537,0.15052353,0.25378953589870723,0.3812272681450885,0.36498319595620426,0.35551508516319497,0.3477950280851414,0.2966898867516636
5342,b4dbbf13dde6b3de8ead42a8da4f878d33a9a9f5100b418ca56469bb472e84b1,1,c1,c5,c234,c234,0.16307674,0.35630503,0.4806183,0.30699621393256077,0.4872464985484823,0.2057572875189569,0.2797988303881371,0.4126098150705025,0.3075913545413605
5344,d66ca0dd7cf7bbbf8cd53ef06409cf8a3b6b9e4fc910a106e47faf0817dc9ace,1,c234,c5,c234,c234,0.22720946,0.3709533,0.4018373,0.1065455725786302,0.68589224405594,0.20756218336542984,0.1858510497197871,0.5104500282917233,0.30369892198848963
5349,d891e7a26da78e29d49ce616ae95efaa516cd6266adde762b44fc284ba38ec6b,1,c234,c1,c1,c1,0.41714388,0.2796936,0.30316254,0.5777928037907974,0.20771746457739473,0.21448973163180787,0.42321782859176454,0.2910051926392171,0.2857769787690184
5356,7ae8d234c18ddf89daa2c73d8ea30a8a79ec93613e1bc9e56c2ad5ded6028aa6,1,c5,c5,c234,c234,0.27815753,0.35340187,0.36844057,0.3093201999258381,0.5595583531708439,0.13112144690331792,0.33473069653788,0.44364627518490646,0.22162302827721364
5369,ba8b3e545b0a6a3abf450f2a46fd30adf96e2071b07e475e47808058925b9459,1,c1,c5,c234,c5,0.16477971,0.21618778,0.6190325,0.17773179415835233,0.5000365155295161,0.32223169031213156,0.23762770582417805,0.3228150389985584,0.4395572551772635
5370,0493e2a0f6e68cccb26843bc0954388b7ca67cce2887e3c670016104c4c4ecc1,1,c1,c234,c234,c5,0.36847073,0.36973462,0.26179463,0.2577628206171309,0.39458617558905423,0.3476510037938148,0.3249891889676435,0.3114888445412623,0.36352196649109414
5373,a73f29fa74db41115bd4417d409c2f78d8dbf622857ccb8de496360d09c946a5,1,c1,c1,c234,c234,0.37185594,0.36404485,0.26409924,0.30681450475535244,0.3995517709677489,0.29363372427689854,0.27225848881576936,0.4155899958921042,0.31215151529212637
5374,cc0f4cef38e0a8fce21851fb6c34ddc931bdd0388357f61d2bfc7b837e3513fd,1,c1,c5,c5,c5,0.27797598,0.31493598,0.407088,0.32852504382395553,0.1437984911843276,0.5276764649917168,0.2943551262054613,0.23655789798760898,0.46908697580692965
5379,f93893c793a9a0f364f70e8b14f8fa6d01e60d4a6b606ef524f95c72bac87072,1,c5,c5,c234,c234,0.3199982,0.28542045,0.39458132,0.22620512483387614,0.47975436649182635,0.2940405086742975,0.249238761335654,0.4383159396006874,0.3124452990636586
5386,6bfb25932aadb7a3caef73b36036702b2c72102a40dee7b824eee69eb5dadfef,1,c234,c234,c234,c1,0.3519871,0.36630502,0.28170785,0.3604895089089943,0.3613813902102858,0.27812910088071996,0.388566674399756,0.3295360294144326,0.28189729618581133
5400,0a6de54c5a5f0d19f118bc743e410164bb1ade6c3a4ffb3cad5a0ab39bf3364a,1,c5,c234,c234,c234,0.23345588,0.4324773,0.33406687,0.2712327372391493,0.5247873589384193,0.20397990382243145,0.2835377238757804,0.46360188138065644,0.2528603947435631
5407,dfee783f935ba2962418dd165d2f8e94e38f8d2957bcd5f6e958c3a544025a7e,1,c1,c5,c5,c5,0.13679838,0.33015808,0.53304356,0.23449077716804687,0.17258611233838417,0.5929231104935689,0.25991063611100423,0.2706904723830094,0.46939889150598635
5421,4ee7ffe55869f7600fc8ad6e3eac781f15413a089a3b9b6f1c964f5b8a84fe7c,1,c234,c5,c5,c5,0.26381147,0.3469685,0.38922,0.17872323723709693,0.34628064590416335,0.47499611685873977,0.23498198141073415,0.30031433072137903,0.46470368786788685
5422,69f39d8b201d7e2fb1c9c58ea826c6ddddf98f705d4cde4bf71d4c3b2ea24a0e,1,c234,c234,c5,c5,0.22282945,0.5254897,0.25168088,0.20055371757579799,0.2751310363674084,0.5243152460567937,0.22023302829129682,0.3648178935877936,0.41494907812090953
5458,e932eeaa40faef2ee58b50dc8d748aafecbbb2087b17fd6fde4dc25081ca42ef,1,c234,c1,c1,c1,0.5017681,0.27822253,0.22000931,0.7510248851846453,0.07372379009367822,0.17525132472167643,0.5746282221395898,0.1734795383048432,0.251892239555567
5461,46d6b4a03b79bc8a177533cee64be79a47c59c768464831428fb13efb360371b,1,c1,c1,c5,c5,0.53116566,0.21999712,0.24883725,0.37138560071829946,0.19834741521454546,0.430266984067155,0.3768369718304402,0.2110239617068571,0.41213906646270276
5477,1328fdd85d5be184ae89f5082f6525a1d2b7120c37246ccb094f810b9af89eb7,1,c1,c5,c234,c234,0.08534061,0.26209444,0.652565,0.12325238209309347,0.6721096395122692,0.20463797839463732,0.203814669894109,0.5603147515960254,0.2358705785098657
5486,9930cf5ff8050bb748eff42731e412f4bd9d7c82b14fd3c5e06af7508c793d74,1,c234,c234,c5,c5,0.24872385,0.42114547,0.33013073,0.16613172638950868,0.4044282226573754,0.42944005095311594,0.19612867130800213,0.36249149835369215,0.44137983033830575
5489,2aae3bd573de3457cfba38266f6d01e6b4c925869eebf19f0c01a33fcab11e59,1,c5,c5,c5,c5,0.26623774,0.28310782,0.4506544,0.2748119221051007,0.34259157889574904,0.38259649899915027,0.22900576521383473,0.2937673708445195,0.47722686394164593
5493,7f88b9ab3bfcc9d7467a01a49fa6f2224a98b5684993fdf987f20535ed638dd0,1,c1,c1,c234,c234,0.36888075,0.3260181,0.3051011,0.3227830659208711,0.4938166255292142,0.18340030854991468,0.3960985799247115,0.40632459033309837,0.19757682974219004
5495,090ce478ff59f713ef13fd87b8d524900e86a96863790d91d9a179df9545bbcf,1,c1,c5,c234,c5,0.1270119,0.30688724,0.56610084,0.28100120814097357,0.38756338827741443,0.33143540358161194,0.19793074485042594,0.32215197532973644,0.4799172798198377
5496,7466738e2bea5e1a8f6f7da437041523d001066b8ceac04f6dda1f6575e21142,1,c5,c5,c5,c5,0.10788723,0.29108217,0.6010306,0.17790579746910284,0.35977975167719006,0.46231445085370704,0.2137744050466021,0.3345047379169832,0.45172085703641457
5500,2c48eaf18d911f1d421d4a2daf4beb77fa0f39bb01f96b2bd5d079468227d37f,1,c5,c5,c5,c5,0.19596286,0.3184597,0.48557752,0.24038936577811165,0.3236210846957012,0.4359895495261871,0.2778768933347366,0.3047845609600785,0.4173385457051849
5506,0afaa33db9a157105f102c71bdac60579070e9dd162186a7f5889b72b8a68f10,1,c5,c5,c5,c5,0.19008169,0.33344084,0.47647753,0.12403783363191417,0.3421786092763322,0.5337835570917537,0.14179172919719618,0.3359565624468672,0.5222517083559366
5515,0e29e5d858a469fab9009850a961789430fcc5b25f4fa19911433a58e9914ee3,1,c234,c5,c5,c234,0.16169849,0.36351517,0.4747864,0.31911159183737164,0.3173390042341776,0.3635494039284508,0.32603940400832365,0.3458704265287156,0.3280901694629609
5520,dc0af3587bb2141e8b83734f57bf01656cf96b8fdd0b2a79c93e0bef5670cd78,1,c5,c234,c234,c234,0.29397935,0.3876171,0.31840357,0.21531550348239442,0.49098803081875025,0.29369646569885527,0.25315233092856465,0.47913542912715806,0.26771223994427734
5524,52c7a88ca2d47c8514caef19866dea724834b053063085ac6751e39383990a63,1,c234,c234,c234,c234,0.30813786,0.37843794,0.31342426,0.35478112080883967,0.4222426035127813,0.22297627567837908,0.366785118188324,0.40126075033505104,0.23195413147662505
5526,be10c9c538dda074a3f834cfc726630478989767f37fa776d8ca389767bf4522,1,c5,c234,c5,c5,0.21571654,0.43818307,0.34610042,0.08983718368024839,0.32501081413625027,0.5851520021835013,0.14492621776981124,0.37595372061468774,0.479120061615501
5530,4bfb4679752d62715664511e21a072be1a76b7880625e1a55a3248f90a523a68,1,c5,c1,c5,c1,0.3901847,0.35671845,0.2530969,0.30507734662384256,0.3389018054386385,0.3560208479375189,0.3672239034024481,0.27797401417399487,0.3548020824235571
5531,25515e4cd434ab7980485c2a25936ee1072bb446338e89f486e8be6677120c87,1,c5,c1,c234,c1,0.49685955,0.36265364,0.1404868,0.33234980628827376,0.339166106938924,0.3284840867728023,0.4251539561517359,0.3707994259736399,0.2040466178746242
5539,3197cd5989d3f0f3761dd866f857949784c2c70d4fd37313fc23881e2102834e,1,c1,c234,c5,c234,0.37101552,0.42031807,0.20866641,0.2120048936356672,0.36580856698526654,0.42218653937906625,0.28872551082931686,0.37287845154400223,0.33839603762668086
5546,925a555e51f6ea1ba1f4665061bb63273afea5d0487526d684745997463c56ea,1,c234,c1,c5,c5,0.3970071,0.35464317,0.24834976,0.08169730083856828,0.4449098901684569,0.4733928089929748,0.17650613056483666,0.3749923767969811,0.44850149263818234
5553,057d7647407d7a9551cef2bd8db5b5c8c346e28a7dfed7945a7ce76059943171,1,c5,c234,c234,c1,0.2686254,0.40938687,0.32198778,0.28217871096653735,0.43002115928767193,0.28780012974579083,0.37495554525635144,0.3444568557872606,0.2805875989563879
5562,9ad6836d95f2ea1beaaff575673fdd99e7d1413344e1c399f0309634b3ce673c,1,c1,c1,c5,c1,0.35900992,0.33631387,0.30467615,0.32375568615096373,0.33368018403771477,0.34256412981132145,0.3550357955421775,0.33105284143585356,0.3139113630219688
5563,a69965f7e73aed848ecdb6537b8179cc4ab3d4ecea865080130f079696db950c,1,c5,c234,c234,c234,0.3548094,0.41771752,0.22747311,0.18224152894512427,0.6817165236665409,0.13604194738833478,0.2579522108144582,0.5147905069188834,0.22725728226665853
5571,6cb893ba7563f0c77de7864dc42ea6774e6254c67a8f0cdcc03a61a8791f60eb,1,c1,c1,c1,c1,0.5770455,0.19364898,0.2293055,0.40376903408733517,0.23492054804666807,0.3613104178659967,0.4206208057283665,0.24115112717996257,0.3382280670916709
5588,fc5fd82e6d2fb043201ec8b8f1a8ae54dbdb7850f7d66334ce93e8905f018ec8,1,c5,c234,c234,c234,0.37133887,0.38146082,0.2472003,0.2325976852246121,0.5614934399918834,0.20590887478350442,0.2823785186974175,0.4453175075691084,0.27230397373347426
5600,67e2f5d0d2e7659560a7de9acae920ecbbdbad2489943b0240bbda7f4ca02c05,1,c1,c1,c1,c1,0.7770672,0.16263111,0.060301665,0.40732612059137036,0.3412044961142481,0.2514693832943816,0.40375022343213063,0.2817123763492621,0.3145374002186073
5621,599c26c13d4bda06ab79333a5aa86f888b7e84494fcdebdf4142371bfe52444c,1,c5,c5,c234,c5,0.19450767,0.36748654,0.43800583,0.043905568172126354,0.49614768852699004,0.45994674330088364,0.09664660013236358,0.3544598698236288,0.5488935300440076
5632,f676f76d5aae30d3ba6fd00ae89a6d10b7a1f3366c837cc388d1ae863263e8c9,1,c5,c5,c234,c5,0.21809906,0.2900351,0.49186593,0.28170020350756264,0.36610607189818956,0.3521937245942477,0.3336350069914474,0.30991265972255977,0.35645233328599285
5642,56c49157ef4ef0ef9170bd410f4bef79ef63900dfa08a684f1f01ec0d80e4c58,1,c234,c1,c234,c1,0.59009796,0.32879388,0.08110825,0.41943061032220436,0.4756622035102722,0.10490718616752337,0.4785156892019988,0.3985005598366224,0.12298375096137876
5644,2dad2fa8f967b33e73e07e68b131fb636c56ac3f2522fe9c2fb614773d8c8567,1,c1,c1,c5,c5,0.37725958,0.36971885,0.25302166,0.3762493136519668,0.22277906568634787,0.4009716206616854,0.33089927723214774,0.2891956041099662,0.379905118657886
5646,952b937edd28f2bcefa7e178f02b681f7976f565331d597c8d8ee44e53c41113,1,c1,c1,c1,c1,0.3911262,0.24142823,0.36744553,0.6630079959434153,0.10892986309783743,0.22806214095874727,0.47671848641278397,0.22535251952671032,0.2979289940605059
5648,7e69936ff55c8e4c4cfe205e552404c28f9adb59888220bfebf5b439d51d8279,1,c234,c234,c5,c5,0.19516005,0.43972868,0.36511123,0.09783007237721876,0.41168607527952394,0.49048385234325714,0.13190013473389553,0.33617445565082615,0.5319254096152783
5675,85bcb5eec2043b9e20bc77e3ca3e69fe684c7a598c50b74b91b95683cbc7f081,1,c234,c1,c1,c1,0.49788433,0.2668129,0.23530284,0.8293918489873434,0.1321216559280072,0.03848649508464955,0.6871425548770501,0.22066122592535223,0.09219621919759774
5682,c18c81d06beef8bc7107e0cf85ceccf2ffae7cfea6fb1690d494789c5fe2f02e,1,c5,c5,c234,c234,0.17775714,0.40165257,0.4205903,0.2781625371508414,0.4880490844254405,0.2337883784237181,0.2919131150169993,0.43758740868974405,0.27049947629325666
5696,1d6114ccebf385fc64395a0404e95f0832f04576627984b7005116877164676d,1,c234,c1,c5,c5,0.38125953,0.31926182,0.2994787,0.2021380811603958,0.17771569104099796,0.6201462277986063,0.23911206821956107,0.21500940092992554,0.5458785308505134
5717,1df5a52944676aee1ba1d9ace52679072b4ccb9da8c68995aa187a7f642e473e,1,c1,c1,c1,c1,0.5090666,0.18838488,0.3025485,0.4036259911682995,0.39711169848468314,0.19926231034701733,0.423086908803638,0.29348732432426866,0.2834257668720933
5719,97a54a88909cbc261871a14a0e21ee8d1d015b8577d2b9344a294d00dc3f2b1f,1,c1,c5,c5,c5,0.31606075,0.31083655,0.3731027,0.1727074119576475,0.2905102607044305,0.536782327337922,0.28897800806516727,0.34467588544202055,0.36634610649281224
5724,b411c55bef30bb3c8cffc872ac53f674b90b6d272e79500827e7d90243743bbb,1,c5,c5,c5,c5,0.17886387,0.37195322,0.44918287,0.3223391825988499,0.1674787602139464,0.5101820571872037,0.2470957968703753,0.2847430801982966,0.46816112293132806
5725,284fb1737e308242c8b23399feb9b493184f3c07d5479d8e1209067ee15b85ad,1,c1,c234,c1,c1,0.3210257,0.3510296,0.32794467,0.4427309345879631,0.32898027801464597,0.22828878739739095,0.359604860859783,0.3444390760134028,0.2959560631268142
5726,54e0d7b848b467903f1c3886e250da244406cdd90e793331d0d246bf442ff4b8,1,c1,c234,c234,c234,0.23666337,0.42205235,0.34128425,0.3058339300444716,0.4728411369631044,0.22132493299242387,0.3046451483984177,0.4475180717246875,0.24783677987689473
5727,931776037dba503cd38c6f602b6734518a8faede677bb554d7a7cfa0074209c0,1,c234,c1,c234,c234,0.5042679,0.19454253,0.30118957,0.17661666452954844,0.47334231221168394,0.35004102325876757,0.24883157968475292,0.38125989003755323,0.3699085302776939
5728,e07aa429dbf93b98b2d965df49477fc953ba079c014aea238d3107f04391b117,1,c234,c234,c234,c234,0.14861895,0.44645447,0.40492663,0.26907548403365233,0.5279602181902715,0.20296429777607625,0.26918665748854176,0.46519958324429295,0.26561375926716535
5733,cff8388965dd961e09bd3636a8e206cd2e760b04a1c1addeb593bf8c549d8cb2,1,c234,c5,c234,c234,0.18410058,0.38739014,0.42850932,0.2169966821495397,0.39764153422592385,0.3853617836245364,0.20987470340871814,0.40736196817830905,0.3827633284129728
5735,12c55ac719bdecc184d4e38c9fa48e2af058f18e4dca9896bfb77602afaecd2f,1,c234,c1,c5,c5,0.43516546,0.304304,0.26053056,0.3269391960210124,0.27229449607844247,0.4007663079005452,0.33676237213478655,0.29350334345563084,0.3697342844095826
5739,3e9ec0dfaec4fbbc7068f9ebe1a1ac6f219eda89b606c7a70581174e9bd5d60a,1,c1,c1,c1,c5,0.5626713,0.24158402,0.19574471,0.4110828338710424,0.20647317744917096,0.3824439886797866,0.34619871861452894,0.2666786582003655,0.3871226231851055
5740,19e6bd427317b25a5b7dd63bd7ec98cff9778d3765c26d6ff974dcd7e3eaa4fc,1,c1,c1,c234,c1,0.49215102,0.3771117,0.13073729,0.4090240290444871,0.4912772051425646,0.09969876581294829,0.4761709316002751,0.37272311449524914,0.15110595390447557
5758,64b58551f75e6b36c02c138fdb68d1a11bdadd4047165c181f4242a25728c022,1,c5,c1,c1,c234,0.5606689,0.33858502,0.100746125,0.4285351025078278,0.3819457166370921,0.18951918085508015,0.37191107538194024,0.41976800002482517,0.20832092459323465
5762,a14b750d04612285ba828e43e6557b6db4d1314589f2c100924fd73f41951bc8,1,c5,c1,c5,c5,0.39736736,0.3265791,0.2760535,0.1835054308853093,0.23089868283100382,0.5855958862836869,0.29762031040723863,0.31274470379560493,0.3896349857971565
5770,10d848dab6d86980ebf4774f5f651f21002fc1afa80608c0c88cbfe3942e80b2,1,c234,c1,c234,c1,0.75058144,0.15354228,0.095876254,0.3746898179734378,0.4146385251260716,0.21067165690049058,0.5596538811219685,0.2723537898065062,0.1679923290715254
5782,73e2de6ff2315a0c72b7efcb4e0fdd6a809f057f5d4de652b32b6b14cbcc66fd,1,c5,c5,c234,c234,0.18617609,0.38373297,0.43009093,0.08020920561983635,0.571821529770056,0.34796926461010763,0.19057604684373383,0.4861025332861613,0.3233214198701048
5793,ceb9e7b069fb4afe66de43b6daa8e2298f0e7fbf213fd15fa124a35fd6d06128,1,c1,c1,c1,c1,0.81501305,0.12506929,0.05991772,0.4381246515309609,0.18308917284535678,0.3787861756236823,0.4827231591903988,0.18819421083475166,0.3290826299748495
5803,5f38e6a72a09bd1151baa8db89420d6153e346268cded3efb7e5b71df5d7bf53,1,c1,c1,c234,c234,0.6197538,0.26873067,0.11151549,0.273699492203375,0.4510068330826725,0.2752936747139525,0.3253007587041323,0.4125297465099927,0.262169494785875
5811,997a6c6840eedc5ca83ae3a2b96c2830fe76f9d76da505d4aa4fbd7c343dd747,1,c1,c5,c5,c5,0.24432552,0.35256073,0.4031138,0.2680914226673621,0.19024148730033813,0.5416670900322998,0.25623797970821777,0.2747039838433011,0.4690580364484811
5815,f3061883011cbcc6bdd53b18d1f5fe803ae7bd1410168f3e214cdf4936e21b4c,1,c1,c234,c234,c234,0.33344716,0.45825374,0.20829907,0.21496104979703437,0.5830779639863409,0.20196098621662456,0.298581875287128,0.4812217946163692,0.22019633009650275
5816,b29444da33f34e0e5f3e40c93adae8b9104db0c22917c37680ba97538644c24e,1,c234,c234,c5,c234,0.27105716,0.43575963,0.29318324,0.20557856666246058,0.31528185093419464,0.4791395824033447,0.24977032785822786,0.3795746384048643,0.37065503373690784
5821,1cd0345b1a51b70a14f7bb11cc4d6e36635c79bf06e28fb4241517b49f8ce6d7,1,c1,c1,c234,c234,0.39644635,0.38070545,0.22284824,0.3327139473403442,0.5106291532201026,0.1566568994395531,0.34918108197126957,0.426100131081603,0.22471878694712732
5822,28d4eb3743dd10d4fd64b6dc74c4c877af0684ac451ea35459450f84b5c5e45b,1,c1,c234,c234,c234,0.27079785,0.39285898,0.33634314,0.3685175014283071,0.4117249963598028,0.21975750221189005,0.3222481373870247,0.4326474503443485,0.24510441226862684
5834,11060caaefa656d43373ab1d3e1ae433c33423a555fc9dccbd7e72022adddd09,1,c1,c234,c234,c234,0.33224228,0.46111175,0.20664595,0.4145856996993848,0.5121403633788439,0.07327393692177123,0.38565579293532826,0.4762797520084923,0.1380644550561795
5853,190916157fbbc90101e416e68adb61f2ff167d99800305c28298ce44159b8249,1,c5,c5,c234,c234,0.07300652,0.2870159,0.6399775,0.30077462397174004,0.4355733230321915,0.2636520529960685,0.2941022725492946,0.35360893060748083,0.35228879684322467
5861,dae10857fc1bf4c5d42dfbe879bb1828dad333b0af1622348370dab896235edd,1,c1,c1,c1,c1,0.48247758,0.2823152,0.23520719,0.42460987335662714,0.34388298576327636,0.23150714088009636,0.4088914324090097,0.3791997983393431,0.21190876925164714
5871,30a9840cdff4d6c3811447dc0add4c2d7551385908c1b77f7077d3bb6bcbaddd,1,c5,c5,c234,c5,0.23762983,0.34024167,0.42212847,0.22121478206151057,0.4195541958653147,0.3592310220731746,0.21005154759984265,0.38915679026913186,0.4007916621310255
5875,fec158e8759927f7784572db8d68e5634927a3bc565af801152a27736b637d8f,1,c5,c1,c234,c5,0.46356708,0.27560738,0.26082554,0.283815107763342,0.39772107040705945,0.3184638218295986,0.32289928572151766,0.31973571086172753,0.3573650034167548
5876,43ef9c06bd2229f71729ad564dba9e3afe78880709e914a99185aa1994f85ea6,1,c5,c5,c5,c5,0.24113543,0.22083263,0.53803194,0.37368506537994317,0.21562610217629188,0.4106888324437649,0.3006080459773843,0.24109923124198326,0.45829272278063243
5881,dd3317aed43cb6e1ad7b55c9031e37c43b3a4aafe8e7b23aea824e40a78f56c2,1,c5,c1,c234,c5,0.3968339,0.23776457,0.3654016,0.14973909053668952,0.49003817719878623,0.36022273226452417,0.2520207932525609,0.34880374193634883,0.39917546481109023
5883,ed2bced0d59a8abdf3b35e2719e5171e8e2b11f6c7d008adda35ce70a529e25c,1,c234,c5,c1,c1,0.20107616,0.30745402,0.4914698,0.46479261892407925,0.2543300093305908,0.28087737174533,0.3634744098642329,0.3008428986023174,0.33568269153344965
5886,cb2dced8fbf83d7622e11dee3138dc46dd9c84cf5861e528fe4fa912e1f3dc9f,1,c5,c5,c5,c5,0.23259605,0.3457924,0.42161152,0.12551489218019457,0.2995006728667638,0.5749844349530416,0.17986057657554133,0.362816066089592,0.45732335733486673
5892,b63aced12eef476893b7d6cad9b2fd2345c9c1f13f27613ea6a7ce2540d6865a,1,c234,c5,c5,c5,0.11521113,0.35012117,0.53466773,0.0595602007229786,0.19772192320722495,0.7427178760697964,0.17514902359407222,0.26001180585482875,0.564839170551099
5899,f90f75fd812e1d90ad8f2bde6be3ad8d7f359cda516f799961c763c27a8915ac,1,c234,c1,c234,c234,0.5664253,0.31873477,0.114839956,0.30610060477195034,0.5310786797081278,0.16282071551992172,0.3944821865097437,0.4092413700343124,0.196276443455944
5902,01b3314e507d2c45b85b1277cbbd8026a17d66cfd82e741237440db94bb40f0e,1,c234,c1,c234,c234,0.3802717,0.3662714,0.2534569,0.3427331443058837,0.43407712544479016,0.22318973024932603,0.3648200007830648,0.37241813128582435,0.2627618679311108
5907,57e87f739592d1fac77be7cfa45c7937a705a67d2a5ea548109526d7dddf4e2c,1,c5,c5,c1,c5,0.22485211,0.28059536,0.49455252,0.47955015171125887,0.14377640746389714,0.37667344082484394,0.3581551027095974,0.21379439933210176,0.42805049795830097
5911,edcc942488501cfe1083a1eb9f8c14eb6c4c9e6f926c3a7c6c7827c3b5faa857,1,c1,c1,c234,c234,0.47941038,0.29755065,0.22303893,0.2779337164758063,0.4801468869246867,0.24191939659950698,0.3305606712126871,0.3540689053100007,0.31537042347731215
5921,00f684ac873cec57940b69b18614a59f451bdae55ad6a3387a02846e23128e2c,1,c1,c1,c1,c5,0.3692626,0.311074,0.31966344,0.41995000480112415,0.24502953082664572,0.33502046437223015,0.3238379397690217,0.2928027352785832,0.38335932495239516
5927,5b4acf8ff54d06003f7388ff12120bfe20f5b6a6e0f4269cc391fb6e40832a5f,1,c5,c1,c234,c1,0.6147218,0.29821318,0.087065026,0.39205772210326345,0.394534598718179,0.21340767917855763,0.5344466681457674,0.3076433093246018,0.15791002252963085
5934,5d55506aabc20e57ce0538e71b132b98428aebbb026671f6bbec309b9df0c38e,1,c5,c234,c5,c5,0.23579259,0.42140052,0.34280685,0.2462374139368377,0.27114524036384813,0.48261734569931425,0.23129070175803298,0.3536659803000628,0.4150433179419043
5941,b04d251836898e8d2da999f8958f62cb8ceed991c752099236d0aca8b27c85c5,1,c234,c1,c234,c234,0.36607924,0.30285582,0.33106494,0.12288214058499324,0.709983685437392,0.16713417397761485,0.22432515548093204,0.4579099507658803,0.3177648937531877
5951,8da8c49a34667d37527b02c476fd771cfa1c8f014d623e8a13ea177c1777e8b8,1,c1,c234,c5,c234,0.2796566,0.3678195,0.35252395,0.1507094248796619,0.4183094693533972,0.43098110576694076,0.2712598962251513,0.36762182913170677,0.361118274643142
5965,bbd1b4a03e0efb8bbc8ca0e61ea7e1496f4249f7ed96bc39f90b80845d184e9b,1,c1,c5,c5,c5,0.29297912,0.29177338,0.4152475,0.3680184849719774,0.22556848293192233,0.4064130320961003,0.27382722527767034,0.3225483046079718,0.4036244701143579
5966,4188500733738e6d7f554dd221d9590f13fe4c563d5a0322eff13f6b5c0dc7b4,1,c5,c234,c234,c234,0.26810175,0.39326635,0.3386319,0.07132275753442614,0.6248437937941069,0.30383344867146694,0.215352549029083,0.4377058937307595,0.3469415572401574
5974,ae1fba79696cc4959435449022f3a37ee328114b41aba4ddaa32e96f57aa4b7d,1,c234,c5,c234,c234,0.15898345,0.31187618,0.52914035,0.09417108673067694,0.5711346473876454,0.3346942658816777,0.19162752469079325,0.42670700761693703,0.38166546769226956
5983,4e300390c64ee18734f585e24caaba3ade9296314714a828131a91b1001f8dd4,1,c234,c234,c234,c234,0.30639437,0.45219874,0.2414068,0.2912720624008697,0.4542374655579011,0.25449047204122927,0.3117948943287983,0.40210643832907206,0.28609866734212974
5991,9723c9cd094e79066ef1fccf4ee07be35eabeb59d1d89bcef6f00d5bd189db7c,1,c1,c1,c1,c1,0.3757934,0.32079422,0.30341238,0.46119775103040095,0.20404595192133132,0.33475629704826765,0.3869858435391972,0.2727012701988269,0.3403128862619759
5999,892359129324742d10c832851f6a46469ca3680698c920d73d770f3ec4470b2e,1,c5,c1,c5,c1,0.7553048,0.14402547,0.10066969,0.2829533708519001,0.2810569424839403,0.43598968666415955,0.44113381855863676,0.2724882969184981,0.2863778845228653
6000,db12f7b61f01614dced6965ca0a8d6c96d886b258ff5dc6eb719be04fef6c07a,1,c5,c5,c5,c5,0.12228379,0.24869365,0.62902254,0.16356070910259832,0.38935358448671503,0.4470857064106867,0.14101976867369798,0.38482236045802015,0.4741578708682819
6003,52e2e3bbc5fb4ca2657d01f5a5058910a6d5906e3ac02dc6402ce55be5125872,1,c1,c234,c1,c1,0.27649477,0.42197737,0.3015278,0.5525323202721756,0.35715206944331057,0.09031561028451376,0.4038141629371627,0.36703391584195627,0.22915192122088102
6004,55a04efd00651902eaf5d71915777ced8e692702f1d2800b15431636c39bde73,1,c5,c5,c5,c5,0.1402431,0.36627272,0.49348417,0.07957624889042626,0.31450716503569653,0.6059165860738772,0.12872554804467434,0.37895765830101696,0.4923167936543086
6021,11ee405c473178236b917c8df59c044fdfaa390b3974def20386f70b9511856e,1,c234,c5,c234,c5,0.21670459,0.37161502,0.41168034,0.3245035549464351,0.3586833685572319,0.31681307649633306,0.2634793888761838,0.28343568463636337,0.45308492648745297
6023,11dd30df13637f8c56be2916e752b8e048f2363da58a62f0340c01d0dec91b3c,1,c5,c5,c234,c234,0.2367819,0.27982348,0.48339462,0.17425544510798413,0.4644485240428779,0.36129603084913803,0.2466568896050713,0.39349970314066873,0.3598434072542599
6025,072880340581e0ad4c448214e469488ded6bb5a9ce56b442f3e98d384f3b0956,1,c5,c1,c234,c234,0.53186643,0.35758543,0.110548176,0.09059210943421428,0.48481125695396593,0.42459663361181976,0.1719532289957948,0.4375689534305185,0.3904778175736867
6030,2b8ac2a2c4b4ec506b0632ac2a5049747ea09c3ab4fa753a9a1b0b5eb8777152,1,c1,c234,c234,c5,0.29675925,0.37532446,0.3279163,0.14935374874173912,0.5027431163364079,0.347903134921853,0.18852004320778643,0.36951310259686626,0.4419668541953473
6052,3a6e913f791315d5b833c982d641c5ff41992adfbdd19dfbc981aadfddf6bb75,1,c5,c1,c1,c1,0.85183275,0.09354746,0.054619733,0.43637283752445205,0.38495428991201086,0.17867287256353703,0.5045245321068982,0.27672073301007744,0.2187547348830244
6053,360df4b69fe2735ee4109b1829a48653b7b2222f092959784e5ecc56fd08cf5b,1,c234,c5,c5,c5,0.27978337,0.3330766,0.38714,0.21559128897064664,0.3416939074697298,0.44271480355962356,0.21167958634622036,0.38256112080004184,0.40575929285373785
6058,82948eb4f24a528d6c0a984d13226c4e0e2ab07062d863ee56ef86bbfe7f112d,1,c1,c1,c5,c5,0.47035435,0.23764646,0.29199925,0.3132381707201816,0.3358075234295456,0.35095430585027276,0.2925144621673394,0.30517159408565536,0.4023139437470053
6071,a601b9e942130b8a0057163cdd2ea3cfd26d56eaa5077dac7969340afe15692a,1,c234,c1,c234,c234,0.39589366,0.3401227,0.26398376,0.17644834874534432,0.6220103661907086,0.201541285063947,0.2587968658867949,0.495527966169847,0.2456751679433581
6077,3e96840b35cf0d310f024c97a56a0048d751a988726214942237e1f2926ee978,1,c1,c5,c1,c5,0.19709992,0.38370436,0.41919568,0.5025545403980147,0.20994506051175252,0.2875003990902328,0.3273474045327853,0.3073486423138758,0.3653039531533388
6085,40c6f35d6047771456ed2a7f7ea362b987837ff60e53b600e7705e3e4826085e,1,c5,c234,c234,c234,0.28556737,0.48125094,0.23318167,0.2394966139643978,0.5087804442319762,0.25172294180362603,0.2905953851051859,0.41721639294749363,0.29218822194732047
6103,71ba1ce3e60f04ed67f02715c6d53d0906fe6c6d910f7553c197146422a467f6,1,c234,c1,c234,c1,0.60446244,0.25460875,0.14092885,0.38850525428392163,0.49324813077398216,0.11824661494209612,0.46419618072716234,0.37430995230361197,0.16149386696922574
6108,05612fdd464846440dd91236612244ad87ca65002ae03c1ee352740eda1585c1,1,c5,c5,c5,c5,0.22924554,0.27122793,0.49952647,0.3012389769547247,0.26050535542158915,0.4382556676236862,0.3178816712252254,0.28410007986052066,0.39801824891425397
6116,fa1388d58ea31344e874d93777f248d977a9f09e87a91f7429d54d6ec503ac3e,1,c234,c234,c5,c5,0.17546071,0.4173823,0.4071569,0.1388431891550887,0.3017351466324067,0.5594216642125046,0.1618101196654592,0.366501557625031,0.47168832270950983
6125,5ccebbaa2f5ffa83805c5b46864e1dd45b05850d5f416adc298cbcbd695da97b,1,c234,c1,c1,c1,0.51029474,0.3728498,0.11685548,0.5082920164356338,0.3895502803779858,0.10215770318638036,0.5010395529847937,0.36123142020219184,0.1377290268130144
6135,2e56518759ce00183ed3c3f09ddc024656b8f1c160039c1359c11b63a9a52a72,1,c5,c1,c1,c1,0.5106598,0.2842967,0.2050434,0.5166979865539167,0.2246785383341559,0.25862347511192735,0.45681898678769384,0.2657771806352308,0.2774038325770754
6146,725c42aaae697859572c274777cf171632a4c429c9acf7536e5cf7723bdd1b9b,1,c5,c5,c5,c5,0.2958115,0.33862573,0.3655628,0.20647719932531097,0.36125148833098614,0.4322713123437028,0.2515510139821419,0.3237904091546637,0.42465857686319425
6150,81fc04fe0a90370b48929519cc7f96ce011aff48e11f360dea09ef6d25f1d84b,1,c234,c1,c1,c1,0.4545332,0.29624578,0.24922107,0.4674940490741532,0.2878868419014232,0.24461910902442355,0.35371907529722574,0.335429249503075,0.31085167519969925
6151,38634fb84138f41b87607d94c37556ceb160c7be6afa46e494becf0a2a1702b8,1,c1,c1,c1,c1,0.50841755,0.30133313,0.19024928,0.5749348169195433,0.17702125066814203,0.24804393241231468,0.5003874635312255,0.25930587089953044,0.240306665569244
6155,afb7573b78a6947cfc89d28a731ec6927b9cdd07ff8a6747ab7bae5d750f4977,1,c1,c5,c1,c1,0.22034234,0.38240904,0.39724863,0.3894330562074164,0.3243942530302728,0.2861726907623109,0.36644326103589325,0.28509028969637584,0.3484664492677309
6166,cbfd12f958c2899d64a7547aa5bb65be2454396eb603fa7a9a67edf50011e3d1,1,c5,c234,c234,c234,0.16477714,0.41968322,0.41553962,0.2232682872064633,0.4032039900164998,0.37352772277703683,0.23595010376271927,0.3947240575822114,0.3693258386550692
6168,b1d753ede40e4c54ca60027c576025e21c7f8287e14a45067f6c08d630c26a16,1,c5,c5,c5,c5,0.14472234,0.3905077,0.46477002,0.1054557572526122,0.28335974441545164,0.6111844983319362,0.1593581347578922,0.29544836804261776,0.5451934971994901
6181,42bd89c4d97b0a842a58fa6b4e1b92466d7d59d87edc6eabfbe9d8d5d2d7f036,1,c5,c5,c5,c5,0.34995937,0.2491918,0.4008488,0.37237103130648214,0.18515943848417832,0.44246953020933966,0.32633436188341236,0.20626490567730424,0.46740073243928343
6182,96c9eb0d9e4ad0b8aabf16f8d4a40e4dc6e6c72c225183ec65ccad18101b6efd,1,c1,c5,c234,c234,0.27054638,0.3371885,0.39226505,0.267635873807491,0.4260864025139877,0.30627772367852135,0.298221843962191,0.37724058329290305,0.324537572744906
6192,9fab1478ab6444bf6f90143106da6f2451475208477cc59f0cd66834b52c491a,1,c5,c5,c234,c234,0.21522884,0.3617677,0.42300346,0.29181856800426315,0.3926036339495937,0.3155777980461432,0.29698704506198714,0.3809868492833335,0.3220261056546794
6193,c2110181a9726056dadcc399dcd8f9c9b760a4321bb649719340b2c3a7045cd2,1,c1,c1,c1,c234,0.54076767,0.33941418,0.11981809,0.41442263870172535,0.3839361564575161,0.2016412048407585,0.337694207827615,0.3758623583552676,0.2864434338171174
6201,4b350fd9edc2e5cdb88e732c42697ec89f14a871e7ffea9479f2103408a2a278,1,c5,c234,c5,c5,0.1519305,0.42459753,0.42347196,0.13699316718449023,0.2999789188182497,0.5630279139972602,0.1935485749919812,0.29289399467000465,0.5135574303380142
6222,153f44d9d24973f8797813515f670d380c86c9bb103be55d7b02a01b3fc59aaf,1,c1,c5,c5,c5,0.13102612,0.24334285,0.625631,0.13033492429562107,0.21269985692625218,0.6569652187781266,0.17686712419758865,0.28189175578584647,0.5412411200165649
6233,73c9b5b67cc5e128a290a803dcea4cd4e203ff55ba6cea992f8cb3d504d78e3d,1,c5,c5,c5,c5,0.14823107,0.20772374,0.6440451,0.2721438559762264,0.17452166970824828,0.5533344743155253,0.23373148371858296,0.2144592984558388,0.5518092178255782
6236,49d4542e9e10e5580e1edb049b816f4348aa5871ae1b451c05fde2e3998a90ba,1,c1,c1,c234,c234,0.66298515,0.20998052,0.12703437,0.1722773158494029,0.5165688612630851,0.31115382288751203,0.17645007682192207,0.5035333681078098,0.3200165550702681
6251,3481ab18e82a0355e40d4dab36d883ccb647e601abe6d08ac3a07bd7bf70954b,1,c1,c1,c5,c1,0.45902526,0.21637876,0.32459593,0.34284357931275755,0.31033421459923854,0.3468222060880039,0.3545693088594192,0.2979403970609866,0.34749029407959414
6254,fff533ee2748d6d7fa5f5125feb110375903e9b813a40007bf0e9bc49f72a728,1,c5,c5,c5,c5,0.12100888,0.2617708,0.61722034,0.18946240151657773,0.3180182914861867,0.4925193069972355,0.17439402081617453,0.24522579759460408,0.5803801815892213
6255,289ccfb07c830126f716be41d9948408ce88baeb5dc15eff0a85decf235c57a2,1,c5,c5,c5,c5,0.07260793,0.3078271,0.619565,0.09851521406275987,0.2808643855290234,0.6206204004082168,0.11853716813380095,0.3227274928258585,0.5587353390403407
6258,ad1ab01be235ffbebef42ffc6b35db87891123429c704724d65fd64bb8c9154a,1,c234,c1,c1,c1,0.5790759,0.3178432,0.10308089,0.45454733014481463,0.34112458739928814,0.2043280824558973,0.5383951430691095,0.27467541943457824,0.1869294374963123
6269,58c12b48821f0a6c29c4085b1caec2b9a59e80ccd5451d4931908dc9a835b72d,1,c1,c234,c234,c234,0.35888377,0.47284916,0.16826712,0.2762074024327466,0.5995249199719155,0.12426767759533795,0.33385773540415725,0.5123888818581284,0.15375338273771438
6276,d1a022f6e51ab74d0c5b9bbd434695bb5c7739ff590654b0e679d467353ad686,1,c1,c1,c1,c1,0.6207957,0.26298,0.116224214,0.6473752655581161,0.155236558249825,0.19738817619205892,0.5297080399005554,0.25215185113788624,0.21814010896155842
6277,4d18a32c29cc1fddc98675cede4365407bb8f8d32d222f3de4446eca543be13b,1,c1,c1,c1,c1,0.4523881,0.40557897,0.14203292,0.41948582854907923,0.4038539539207401,0.17666021753018074,0.4364358823018546,0.37111876427632395,0.19244535342182142
6278,a03b4002b1751c19d51a0f8156f11185d873ea52bf41c441596ecbe28d81882a,1,c1,c5,c234,c234,0.18846416,0.31008863,0.50144726,0.20811561841352658,0.5800666377559177,0.2118177438305557,0.2588300352934579,0.38326068555820525,0.35790927914833687
6285,63722a38676d5197004888115cf73c480fc2963ce09fad5dab40f9fa31377533,1,c1,c234,c234,c234,0.37319928,0.41726908,0.20953165,0.34472578681097077,0.5160325056973559,0.13924170749167325,0.36051532526098035,0.47996567738294255,0.15951899735607702
6291,941e98623d8615c97824b050682190fe3849eaaafab9bc8bce40bc44bd33c015,1,c5,c5,c5,c5,0.21236597,0.33181462,0.45581943,0.25888439126657403,0.1605150634828231,0.5806005452506029,0.25648434406349563,0.2465354474673046,0.4969802084691999
6321,0a7166f264fb6b53ddae75ae4febdcb72d5e034054edd4af101e25d96064ca2b,1,c1,c1,c234,c234,0.47507316,0.34678885,0.178138,0.3852211059742382,0.40702637645004813,0.20775251757571372,0.3784660658314606,0.4391690856581694,0.18236484851037002
6325,3c2bbcfe48feb35e0cd290d60158f19c1b356f54a73f81856b3c958856a70d7a,1,c1,c234,c1,c1,0.31133163,0.42840672,0.26026165,0.4175848281977317,0.38148480531124684,0.20093036649102153,0.41164479260587594,0.3512519753760477,0.23710323201807634
6326,eb0b05f4de855c65de4d9193e470417233c7ae26c317f63b3aabe0bcde5a2acc,1,c234,c234,c234,c234,0.38132516,0.39102396,0.22765093,0.184024362209102,0.5464447334799319,0.26953090431096594,0.2702328244221713,0.4344002856339437,0.2953668899438851
6357,5c566081e4864227dcca169f7b61b4d6faedc3604a85de7ee6412eb5fd8fb5cb,1,c5,c5,c1,c5,0.35347897,0.27755362,0.3689674,0.5113964281611435,0.302502917106,0.18610065473285645,0.26612930718138506,0.28970100176886215,0.4441696910497528
6362,135a5c7238b39b89c9f57991cfa50b0da81f13bb4d80970d0f15f4744ffc1f87,1,c1,c5,c5,c5,0.27200785,0.31499127,0.41300088,0.26161181879266837,0.23648351383011543,0.5019046673772162,0.2588701344750081,0.32440251293515304,0.4167273525898389
6365,f1954bb5663b4b8bcc5ca12483883180d15f78626fcce43b1103da39205ec768,1,c5,c5,c5,c5,0.11067853,0.29538327,0.5939382,0.2951935115988227,0.1352312548399325,0.5695752335612448,0.2434400920975691,0.18243337162085513,0.5741265362815758
6369,a510a0bdf6a8f39bc00e24068645097dc609ba6009bbece8b91c8f7f7f92cd1f,1,c1,c5,c1,c1,0.3219027,0.32192603,0.3561713,0.4874155421081532,0.2784404039610576,0.23414405393078916,0.3831623404992452,0.2872274544523148,0.32961020504844
6375,8d8e447d2e7b944ef9c697323f461b3e0601cdff62813d3ec6677b2f6f43395d,1,c1,c1,c1,c1,0.5771109,0.2858069,0.13708225,0.39343515250514555,0.34910544014246964,0.25745940735238476,0.4464132857188742,0.26288707602687544,0.2906996382542505
6376,2d073dbb0728c3998a312418af652cba4ff892fc5a5ea48e92cef0b75cb2f4bb,1,c1,c1,c1,c1,0.58113337,0.2534964,0.16537021,0.8396884092931762,0.06134607577198732,0.09896551493483632,0.6796405042757736,0.12979999330871086,0.19055950241551556
6377,9aca9443012b33ca32354c754dcb1927bd5c80b83cfe4f10ecd4304930cfe284,1,c5,c5,c5,c5,0.13335915,0.2661491,0.60049176,0.1741589878760004,0.2765868855073649,0.5492541266166348,0.2134584115938157,0.30556995104992596,0.48097163735625836
6389,1e5ccbb576f239671a14e75f9cfb3d1a6b19b27c1f753a2ab6a6bec9b41ce6d7,1,c5,c5,c234,c234,0.22052543,0.3068542,0.47262043,0.36434391251981907,0.4850222609375059,0.15063382654267501,0.3273986305588666,0.36214530158848696,0.3104560678526464
6398,55d1c0798497414bde5e9e47bb2855af2122b2f18101b5e0004a4d55e4935caa,1,c1,c1,c1,c1,0.42300424,0.32888407,0.2481117,0.5003843466404495,0.3362454933929077,0.1633701599666429,0.4016639159054493,0.3546676416073286,0.24366844248722194
6410,75d44df4fef87e6267efe032687df79f58d912cdd3731aea826e6d5844c23a1e,1,c234,c234,c1,c1,0.29762408,0.45877063,0.24360536,0.5457154464458488,0.3179020110955135,0.13638254245863754,0.4625011395019009,0.3512874654321496,0.18621139506594947
6411,83aa77227dcd8b803ad133133490d435bf11f3c3e305c1ce37465fcddc5fe2fc,1,c5,c5,c234,c234,0.19575131,0.33224496,0.4720038,0.185910953784374,0.451764533532695,0.362324512682931,0.22005090471578959,0.39249922109695606,0.38744987418725424
6427,c56d50787b4f9a02880efd5c18e166084c0fdeed5428e312577dce039089997c,1,c234,c5,c234,c234,0.24504001,0.3265754,0.42838457,0.10683158390373736,0.6911083307337682,0.20206008536249453,0.22381576865084055,0.5498411600750239,0.22634307127413547
6429,d92f591a796a034ad4cd65a166a0c50a822a17d8c5433b1bbed7cfb32de0092d,1,c5,c5,c5,c5,0.19526908,0.24935775,0.5553732,0.15208799382581323,0.36525866095860426,0.48265334521558245,0.22377537846664444,0.33400167454903207,0.44222294698432346
6431,e170a012c89c5633ea5aa89fb7697ee9125e460b6832aba238bdc159244299b1,1,c5,c5,c5,c5,0.18956466,0.35195637,0.45847896,0.12027718127105987,0.31598372830726346,0.5637390904216767,0.19689356677200465,0.3693338391209999,0.43377259410699537
6438,b0b17907c071f9af048acbd17fbb10024ac1207938ee11f909dcd213dce7abe3,1,c5,c5,c5,c5,0.13099194,0.2911122,0.5778959,0.0895566032269025,0.30813497999720685,0.6023084167758906,0.12467399224010896,0.34749030495926564,0.5278357028006254
6453,a6f263f6b0e83ef9cd5787a10b913352be31dca0f67ab0116a1a7974371e196b,1,c234,c234,c5,c234,0.3857078,0.40844136,0.2058508,0.18441261386023297,0.3525986019036169,0.46298878423615003,0.2572851990473147,0.4024458882782074,0.3402689126744779
6460,1c85286aad14f9157d8db6d14034b46c1ec53a0bb8bcd80139cbe2fdf6f519f5,1,c234,c5,c5,c5,0.1550325,0.4193065,0.42566106,0.2519252123642014,0.24252612614261063,0.505548661493188,0.2701522882775169,0.3041973397676168,0.4256503719548663
6485,09bf05489d80d8a061eeed637b0539f6d8db365ea83834ef79fb108859f2aafe,1,c5,c234,c234,c234,0.32298708,0.42250624,0.25450674,0.31532596173314864,0.48610727999866027,0.19856675826819112,0.27536723107992,0.47498749078600294,0.2496452781340771
6494,0004352ab3c51ebfa63e9c21ddb6e0e7fd93a1c7c15d99d4f96c545ec1ae5065,1,c234,c1,c234,c234,0.40388715,0.23089232,0.36522052,0.25342980318202873,0.5778586980377843,0.16871149878018693,0.320371235493173,0.38376916577629844,0.29585959873052853
6507,45037fcf4a8079b757b5baa95750e871c06585e661d505133d1eba2d643e37a2,1,c234,c1,c234,c234,0.5622308,0.3159403,0.12182892,0.4086292691570432,0.48108613913443177,0.11028459170852509,0.38234370326610007,0.4028940311797834,0.2147622655541166
6508,06d818f86804cf48ee9f8e104ba09658386e414462af8728778113b2bd11b38e,1,c234,c234,c234,c234,0.28481933,0.45588645,0.25929424,0.1290980126666145,0.5213908424403843,0.3495111448930012,0.19861272149343256,0.4086298676469294,0.392757410859638
6517,05e8d5fd0625148af4e69875b2df729b513a47ef70160e4d75ce76dcb7b230f1,1,c5,c234,c5,c5,0.17204447,0.4202827,0.4076728,0.35986592477632107,0.2731763104757361,0.3669577647479428,0.3342832157572826,0.29609165102131035,0.36962513322140694
6523,ca9068960ef97a828b13d3fb0a7463c1d4185f350cf20ed9b56ce053fd89a3ef,1,c234,c234,c1,c5,0.2221519,0.43560502,0.34224305,0.3869779776947676,0.3258187889011788,0.28720323340405357,0.26293270045173067,0.36272387664374595,0.37434342290452344
6531,4c5ccdc61961c9e6cb6c212d822eb040a35a4542d6c6cbab8daeafdb8ee94cb1,1,c1,c1,c5,c5,0.36744118,0.34185487,0.29070392,0.3336342604654488,0.29948072451154123,0.36688501502300985,0.3040079248608571,0.31991672449248315,0.37607535064665976
6543,e77ad6962c58ebb886fe6b3276a1919ab9cd9b1ea7c7fe88c5482ad715a4485e,1,c5,c1,c1,c1,0.63750905,0.27851313,0.083977826,0.6418055654776332,0.3056769655900292,0.052517468932337545,0.6245343280199704,0.29038177355772976,0.08508389842229984
6544,80f00dee61a8470624ff957c45b0ea0694637baea5ddb8e90592ccc62290d344,1,c1,c5,c1,c1,0.26800168,0.29651082,0.43548748,0.5094532677916874,0.13680979129779786,0.35373694091051466,0.4380090107316344,0.2253142524926031,0.33667673677576243
6549,eb4e8cddf03a3d6b77ac6dc2edd445945a9dbfba4e6ac2f426db63630360ae91,1,c234,c1,c234,c234,0.49378935,0.28347516,0.22273551,0.27863178289490365,0.5466866194576866,0.1746815976474098,0.29415925334436505,0.41184800875693656,0.2939927378986983
6580,b8aaf74293fc206fb4a9f8f845291010cb52d9ca03706d2b319fcff3cebbb0a7,1,c234,c5,c5,c5,0.07057698,0.21235946,0.71706355,0.09006697329942553,0.1475068853966069,0.7624261413039675,0.14781168421270505,0.2179790301485495,0.6342092856387455
6581,e592cda07a0a3b09443931e33352995df49acbea2ce0eec04d8fd0613d7a279d,1,c5,c5,c5,c5,0.2724425,0.29055804,0.43699947,0.36287868363296144,0.18754730983221637,0.4495740065348222,0.23033706748630361,0.27851020888933037,0.49115272362436607
6582,a1b472ede60132f3440d72cfa050473803f0fde5d106dd42e2b1d6c28ac6fb94,1,c234,c5,c234,c234,0.09928086,0.36973494,0.5309842,0.07872097289517231,0.5268884361947767,0.39439059091005096,0.1268486926451204,0.5048413238063287,0.3683099835485509
6583,d0b508a7f6ec2ea00678d0d38d9dd48b1a656dd00a0bd5d2fe573e941a890b90,1,c1,c1,c1,c1,0.65358907,0.26867974,0.07773119,0.5248284867481755,0.3138838144699287,0.16128769878189572,0.4130861956691644,0.36008874239540795,0.2268250619354277
6585,33411cbdc3c01d7a83dac4f74989b943eac3d9604c924d5fd5fe6d4849131a57,1,c5,c1,c1,c1,0.6965328,0.22863638,0.07483089,0.6557266635637019,0.2929532043376893,0.05132013209860879,0.6369352057776562,0.280466669943885,0.08259812427845886
6590,160f4c07075561179a5f0c7d3ce9316a21def45c2cf2394724352259ba98630a,1,c1,c5,c1,c5,0.3300793,0.3004383,0.36948243,0.41712078211856857,0.19555809336334382,0.3873211245180876,0.35634850240709964,0.20286411913007316,0.4407873784628273
6591,c179906c4fd084231f2527acb97c0476fc188bac5585398c2ca973bd524f6b83,1,c234,c234,c234,c234,0.3724933,0.39202496,0.23548183,0.2692321853884236,0.46955726777470314,0.2612105468368733,0.3130331565121704,0.46927954377906916,0.2176872997087604
6595,931776037dba503cd38c6f602b6734518a8faede677bb554d7a7cfa0074209c0,1,c1,c1,c234,c234,0.5042677,0.19454256,0.30118972,0.17661666452954844,0.47334231221168394,0.35004102325876757,0.24883157968475292,0.38125989003755323,0.3699085302776939
6600,93e3297aca33dcadb3d468be16e7d0ff36f60b04ee3033e9e82bb4642fa45944,1,c5,c5,c5,c5,0.24125639,0.37260404,0.38613954,0.21299791399614007,0.2031312709547567,0.5838708150491033,0.2450587414202415,0.25047543626144875,0.5044658223183097
6611,4aafc7e45c7795ceb7bc8e2fd4b7b792e24fd793f27c059a6a7c752068cfca97,1,c234,c234,c1,c1,0.34555438,0.43931338,0.21513224,0.6059000205209912,0.16565542713021147,0.22844455234879724,0.5071517020211096,0.2574879800314381,0.23536031794745238
6612,5468b21a92d64d1e9b6345165672dd7c0f4899d67ba5d0e79a7839c3a5d79977,1,c1,c234,c1,c234,0.32638493,0.41073084,0.26288423,0.4590861046585991,0.3527566215140806,0.18815727382732042,0.36331929502212224,0.3898919513117576,0.24678875366612013
6621,3acf257ae96a72a6981a0075193bd3cb6fdab373059b0ac0cb6296a9ffb62353,1,c1,c5,c5,c5,0.18377513,0.35939574,0.45682907,0.15777856456540423,0.37450340194970383,0.46771803348489194,0.25685916377620177,0.3360119001577344,0.4071289360660637
6631,037bea975a3ba432bf8a686ff4bb6c896a16000fd1b98612bfb2c122db65b085,1,c5,c234,c234,c234,0.3566905,0.47467893,0.16863051,0.2762074024327466,0.5995249199719155,0.12426767759533795,0.3369351319596294,0.5114113729001308,0.15165349514023976
6638,edcc942488501cfe1083a1eb9f8c14eb6c4c9e6f926c3a7c6c7827c3b5faa857,1,c5,c1,c234,c234,0.47941023,0.29755083,0.22303896,0.2779337164758063,0.4801468869246867,0.24191939659950698,0.3305606712126871,0.3540689053100007,0.31537042347731215
6639,5c566081e4864227dcca169f7b61b4d6faedc3604a85de7ee6412eb5fd8fb5cb,1,c234,c5,c1,c5,0.35347903,0.2775535,0.3689675,0.5113964281611435,0.302502917106,0.18610065473285645,0.26612930718138506,0.28970100176886215,0.4441696910497528
6659,21b079b15dd244e2c8f5292def5a06f53761ffc39bd7c7a9c52e2fc8b749dab7,1,c5,c5,c5,c5,0.16100767,0.3752896,0.46370274,0.20280500907513338,0.37462898081552054,0.4225660101093461,0.2135794525472783,0.3295203009384588,0.4569002465142628
6660,ad8f3aa8709a8500ab9a4c25e930b3307e6125ad200d0d418c5298cb1ee4cfe8,1,c234,c1,c5,c5,0.42524055,0.39556843,0.179191,0.23237608933656445,0.2155585934364832,0.5520653172269524,0.29658083936180774,0.31162153132892456,0.3917976293092676
6670,3532a2dfd1fe1df5abcad31f0580f955878a40973f98da33097c3a6967787e39,1,c234,c5,c5,c1,0.18267088,0.3286664,0.48866272,0.3052874592882956,0.1961647222039991,0.4985478185077054,0.3575346232387106,0.2939825370237886,0.3484828397375008
6674,0378c9260ffa68936d2f6b0780ef6e30b9083bd0da13dfda2558ad65be576807,1,c234,c1,c234,c234,0.40109342,0.3574956,0.24141103,0.1557800135775771,0.7413032340850993,0.10291675233732345,0.2833433862450671,0.5098032885018754,0.20685332525305755
6679,f80a2731f58c2f29d308535c7791172615fb3639a77df0b245904434190c9039,1,c1,c1,c1,c1,0.52139723,0.31616688,0.16243593,0.6264752304388345,0.25449921242168594,0.11902555713947953,0.5196710859039634,0.2818832692232873,0.19844564487274932
6685,23266b084fb9a1f5ad53290ae0c08de476348002053456894e97972ba2671baf,1,c234,c234,c234,c234,0.20175979,0.5018818,0.29635844,0.26905546437779615,0.5367604108350684,0.1941841247871355,0.22846843713910042,0.4675391809185625,0.3039923819423371
6687,143b27dab54b3c901e074e59597a691feac73a7c25a357f7e4eae3d54c5c09e6,1,c234,c1,c1,c1,0.8090428,0.13734986,0.05360735,0.6274145597563523,0.17173028467390133,0.20085515556974642,0.5260765031675113,0.23932280859348773,0.23460068823900107
6692,ceff876c59c259974cf9e5a4e80de3329d9bbe185a695d09e3e729067973bdab,1,c234,c1,c1,c1,0.6879608,0.21342883,0.0986104,0.5688149802266027,0.24007431098874926,0.1911107087846481,0.45389845353855424,0.33504224049362374,0.21105930596782205
6697,86966f5d5a8bcaf3e6c72d8ffae750770974f6bf00277148a7606686ac777a10,1,c5,c5,c5,c234,0.22998023,0.24726005,0.52275974,0.254562439789522,0.2272971106655419,0.5181404495449361,0.25675765598773437,0.3761003170873659,0.3671420269248998
6700,1dc9f135ec6089b5c1e2007063fdfa7a514d6a5490de92b9ca97c5dcae5a947d,1,c5,c1,c1,c1,0.645283,0.24441902,0.11029798,0.42513224500323343,0.39743763447693037,0.17743012051983623,0.4366830977365334,0.33010028659491264,0.23321661566855398
6709,97e52818e2439379e623bea9e0c40f908279cc01fcd131034a7457097020d45b,1,c5,c5,c5,c5,0.14556341,0.42135486,0.43308175,0.10414937229506256,0.4317151791557193,0.4641354485492182,0.17598247437116313,0.4109607236338679,0.413056801994969
6710,c3c45c306b09db795fa037fc8d7b2483b2d56bbfaef2f9814ef17dfaa0c44295,1,c1,c234,c234,c234,0.24083225,0.40658638,0.35258138,0.18737908316270735,0.4792185717782878,0.33340234505900485,0.2350238395124535,0.4351284284567707,0.3298477320307757
6711,0195257fec1ff581b5cce585b80b17acd2972e15011c9595fbd17048ab522152,1,c1,c1,c1,c1,0.4063718,0.39279902,0.2008291,0.518659816731191,0.35931198762826144,0.1220281956405476,0.4757181122663031,0.3824303430132337,0.14185154472046316
6713,ac56cc86ec5ee3dafe4c2879726ef49ec7d7c54e2a6b56f1689b5c21417aa701,1,c234,c5,c5,c5,0.08422144,0.27334806,0.6424305,0.09106140719172925,0.33252280042722354,0.5764157923810471,0.13952195550298443,0.3042200766864384,0.5562579678105771
6721,0c5222a9457ae2fe0cddff615b1fa50158ab31f1237e0a7ca43db206f5a5eef6,1,c5,c5,c5,c5,0.16442147,0.31990936,0.51566917,0.23743732218165217,0.32788617525684477,0.43467650256150314,0.21558918478012526,0.38873456544583396,0.3956762497740407
6723,e8f8aa1465e9b78a4eeddc4ff48789a14bbb3fda18be72d9367841139ace5b9b,1,c5,c5,c5,c5,0.13964914,0.34694538,0.5134055,0.22724978669028578,0.33428332064025873,0.43846689266945543,0.22572292658392507,0.3805631804755564,0.3937138929405185
6729,edcc942488501cfe1083a1eb9f8c14eb6c4c9e6f926c3a7c6c7827c3b5faa857,1,c5,c1,c234,c234,0.47941044,0.29755062,0.22303888,0.2779337164758063,0.4801468869246867,0.24191939659950698,0.3305606712126871,0.3540689053100007,0.31537042347731215
6733,ef5a497d24085a5a3044203662c38648b7111c80774c70793436666af9639cd0,1,c234,c5,c1,c5,0.35321507,0.23670188,0.410083,0.3623326867814626,0.30540175042222373,0.33226556279631375,0.33589508029744847,0.28212596729973954,0.381978952402812
6736,fdbdc6f595e36ffa5d4d86749ebd3dd922b30f716f968d67a77baf48fd65d348,1,c5,c5,c1,c234,0.19141278,0.38626662,0.42232063,0.36052080675209563,0.29785181422766027,0.3416273790202441,0.32877456231131513,0.37134002590993553,0.29988541177874944
6750,263c7f8a6737d54d555a340ab88066e1919d747737061853220ff48bcacab3df,1,c1,c234,c234,c1,0.3237993,0.3655022,0.31069854,0.315508735407189,0.4450240446741547,0.23946721991865635,0.38646276671195356,0.3643964814222323,0.24914075186581416
6751,13641d27ae75d55502988c54c3cedd96ab65180c6f017bff41df6e095b66545c,1,c1,c5,c234,c5,0.19538073,0.2672114,0.5374079,0.0982056121115516,0.5111852511649541,0.3906091367234944,0.15333908192591802,0.38325914848549625,0.46340176958858575
6760,e398adf33e66c7634bf0c0ea18b8346cd1dbe1fca8f2b40426cdd7f1f895ee14,1,c234,c1,c234,c234,0.4679354,0.34905308,0.18301156,0.36725984317960286,0.40050516862975255,0.23223498819064461,0.3542998232027236,0.3691753239101631,0.27652485288711326
6763,7098e4b097a852c4ab36931ffd4977ca6e14afdaf09e9602cb78ee574d7ff1a8,1,c234,c1,c1,c5,0.41900033,0.2517493,0.32925034,0.4109902929293094,0.29727403310036643,0.29173567397032424,0.31489991867447614,0.3048507695433876,0.3802493117821363
6771,2993a31b63c78483bd82c12c14a80b89e2c0bc154d4b6dfec46442101147219f,1,c5,c5,c234,c5,0.17620304,0.32129204,0.5025049,0.18309554434078815,0.45978971439297617,0.35711474126623566,0.18851633502805762,0.3949039898209197,0.41657967515102273
6780,276977bc9ddaeaac1e93190361bde4102dcf493e925ac7cf6795949f263c50a7,1,c1,c5,c1,c234,0.1797727,0.3689746,0.4512527,0.49373624679185113,0.34615511868690213,0.16010863452124677,0.35095545495885205,0.37317886014922286,0.2758656848919251
6781,79b19f9745dfece8f5c16f87b174dd3abf1a547883dbad7a80566156e49f1f30,1,c234,c5,c5,c5,0.105640516,0.17367539,0.72068405,0.23053933678784883,0.371653796261158,0.39780686695099315,0.2916682543988049,0.2974484540666225,0.41088329153457265
6782,50c7387e7110b1dc6a44ebb200a6145d49824150ce3eb2cc9c829c68e34fe472,1,c5,c5,c5,c5,0.1221874,0.36796337,0.5098492,0.1442547401982314,0.31633061766015164,0.5394146421416169,0.16452861950476697,0.2679903764277837,0.5674810040674493
6786,499ec7f12c6a5c4b75f615765c2d8bcc07f9369eee4760f05b844c9fcf23b841,1,c5,c5,c234,c234,0.19932091,0.38407952,0.4165996,0.216501340903015,0.5120313078884265,0.27146735120855847,0.2530188515394968,0.40636227470314207,0.34061887375736105
6806,1a4196dd7108b16ba9fdf08cb270b7fa34deeda4d1b0e2712a9afaafe1d1c852,1,c5,c1,c5,c234,0.4428199,0.40082377,0.15635638,0.1381531492898934,0.3241437737845378,0.5377030769255687,0.26550389034194544,0.4430129034216009,0.2914832062364536
6808,99e1cef65ee56ff51156f746346bff48ab25b8c1373860d69b848368ba4aeb30,1,c234,c5,c5,c5,0.11282085,0.21666712,0.6705121,0.1591255636939878,0.25778546982074274,0.5830889664852694,0.16965432197292193,0.2823757618728051,0.5479699161542729
6818,2a22d78bb2ea6c19429540dc7c04e2aa54a5ee3ea1c66ebbe8ed3a463b058f78,1,c234,c5,c5,c1,0.19370267,0.4005548,0.40574253,0.4098629935437036,0.13189918211321375,0.45823782434308274,0.38637028904985815,0.27406230125178255,0.33956740969835925
6822,23d10937c899302736fea48006752537a4553de8f0661a32ffef13d2aa5e4a5f,1,c5,c5,c5,c5,0.15771255,0.23665045,0.60563695,0.0902847102017283,0.06406173585568348,0.8456535539425882,0.18809066126214946,0.14930902844151783,0.6626003102963327
6831,a88ccb805e3a7b2b8d776b85daef28c417e473b42f6f5422b8c0f327046070eb,1,c234,c1,c234,c234,0.5633049,0.27966905,0.15702601,0.2754511318575763,0.4286033328555425,0.29594553528688117,0.24925205101381195,0.3963312999027592,0.35441664908342885
6841,931776037dba503cd38c6f602b6734518a8faede677bb554d7a7cfa0074209c0,1,c1,c1,c234,c234,0.50426763,0.19454256,0.30118984,0.17661666452954844,0.47334231221168394,0.35004102325876757,0.24883157968475292,0.38125989003755323,0.3699085302776939
6843,ebc32cd037304d9dbebab07298e4d5a490b0e20ac02265f0e4acfeb3b0f173a3,1,c234,c234,c5,c5,0.25712317,0.42538115,0.31749567,0.19785703574626554,0.3054072838138557,0.49673568043987865,0.2245683301139267,0.3745801350430317,0.4008515348430416
6844,798f06ba59e7b41763b66f3d0aa20ac7d0158f383a08cb8afd806f855349f401,1,c234,c5,c234,c234,0.16297054,0.41218993,0.4248395,0.1258270099973714,0.44187900413882236,0.4322939858638063,0.1958100677526397,0.457516379913523,0.3466735523338374
6865,82d5ac0c50f93201adf8619a4d982a24ae9e0c82ef0cb0bb477d8ae8fe4d591e,1,c234,c234,c5,c5,0.27217758,0.3963255,0.33149698,0.18114971372688593,0.2456951491438348,0.5731551371292793,0.27622339892744985,0.29887678767678466,0.4248998133957655
6873,9b79efcb6b804b650b4d25e8b108f0190bbc3c34602a187572995c35ea90ee9c,1,c5,c5,c5,c5,0.27972373,0.355817,0.3644593,0.3291223766202607,0.20996131022350778,0.4609163131562315,0.2744858164866687,0.28917480859446487,0.43633937491886643
6886,e29d04a92061387568146200baa0d7b76352e8b1e410b30faacfb10696b6e52f,1,c5,c234,c234,c1,0.2834548,0.36344942,0.3530958,0.35606362302323086,0.3636244828766139,0.2803118941001552,0.34677472321562586,0.34261468848466453,0.31061058829970967
6892,89da683edf06435613d0f1f96a9e1e28dd88fa8878e236a51246969b638c51e9,1,c5,c5,c234,c234,0.20237097,0.39468265,0.40294635,0.0889276506051304,0.45895543071349687,0.4521169186813728,0.1464124801818246,0.46683532489414103,0.3867521949240343
6896,df4bc2681b18902acc135aa3cf5ccc3327fe40f197d638b5017065c78ea34b3c,1,c1,c1,c1,c1,0.5274761,0.26256508,0.2099589,0.5226575305113519,0.30729439630011013,0.1700480731885379,0.4882882718431513,0.31287151808860175,0.1988402100682471
6902,8b0160c17d82a8f6ee3c1445aa1559fa076cc0b5fd97ed889b274e32c44ea412,1,c234,c234,c5,c5,0.34947604,0.39163578,0.2588882,0.3503578146105047,0.21932195025681198,0.4303202351326833,0.32261452508392724,0.29399799104747293,0.38338748386859983
6907,931776037dba503cd38c6f602b6734518a8faede677bb554d7a7cfa0074209c0,1,c1,c1,c234,c234,0.50426805,0.19454241,0.30118957,0.17661666452954844,0.47334231221168394,0.35004102325876757,0.24883157968475292,0.38125989003755323,0.3699085302776939
6918,1b23bb02e9c23758723a8454283807edb98a500f47c0ca47995e6ab7ef5a6059,1,c1,c234,c1,c234,0.37115562,0.45547932,0.17336504,0.4225080481410176,0.3859233359152596,0.19156861594372265,0.36069102072669607,0.4345204639749867,0.2047885152983172
6922,f82d0cf82b363b06e85c1447f7aec0f62ee003c72176df89166d0fab4c3ea463,1,c234,c234,c5,c5,0.30271974,0.38331977,0.31396055,0.14687248131121325,0.3720124794228446,0.48111503926594223,0.20507832311963178,0.3510338554692991,0.44388782141106903
6931,23a578dc25032d860a61bb0f0ff56a5f486cca2d1ddf2bd10b495459ffb22d80,1,c234,c5,c5,c5,0.17522912,0.25437528,0.5703956,0.20029721686891758,0.32859970111573245,0.4711030820153499,0.2426966421844622,0.3729228684578872,0.38438048935765057
6932,8fc9618c80bd94cf77e3ff9103c51d5f96384605aef4c9564feeedffd64647fe,1,c234,c1,c234,c234,0.4623323,0.32837898,0.20928876,0.20826399215982638,0.5735837658001527,0.21815224204002104,0.2933094318199652,0.4536794886508642,0.2530110795291706
6942,29ebb723ef97f132e923136a1dd16772cf252e7b1bf613694909d1b1e010e874,1,c5,c234,c5,c5,0.27907696,0.39950752,0.32141548,0.3135666886690679,0.2592562998156025,0.4271770115153296,0.24182873825051815,0.29205436372613214,0.4661168980233497
6945,0f4310c1a48b51a49c3cbcc0362f830aaec110f57d487fe6c0d554426663df75,1,c234,c5,c5,c5,0.33693224,0.31244475,0.350623,0.27523924114499887,0.09062617101759446,0.6341345878374067,0.3672141029885368,0.17243905738970947,0.46034683962175377
6947,981656caf564778f0199e006d2a2b1648ecc3279d84c63e0524328851b35b33f,1,c1,c5,c5,c5,0.17723098,0.32662866,0.49614033,0.11274775802364392,0.30275290162413876,0.5844993403522172,0.18569057014366258,0.3456574508019174,0.4686519790544201
6951,49ac6be24ecc7094cef8aa28c387582581d12939cf48a4509ca19218bf7a1740,1,c234,c5,c234,c234,0.36436725,0.2711502,0.36448258,0.2997393738964653,0.4901607235666164,0.21009990253691826,0.28500907492635696,0.4044603810467744,0.31053054402686875
6953,d5160194cfabe006b42c8f4b12e086d52844c38d5e012961b8f3c3f4d74d113e,1,c5,c5,c5,c5,0.21823628,0.38695404,0.39480966,0.19317980718609237,0.28435271681045965,0.522467476003448,0.2222031288338461,0.3211013507294351,0.45669552043671885
6954,0a213394a8d9b7133aeb1f672c6edb10261d69295b53b6f9f992783338d9ad6c,1,c5,c234,c5,c5,0.32198623,0.34990758,0.32810616,0.24818276473870518,0.21825504977688728,0.5335621854844075,0.28436579839681253,0.2857273723998079,0.42990682920337964
6955,8d46defa353dfdb7a0e326570f9b678ccc14988704105246b6dcaaf94b0d0487,1,c1,c234,c234,c234,0.30774274,0.37455,0.31770724,0.29746455360595164,0.5113797163884818,0.19115573000556665,0.30958801174120426,0.4177118414117066,0.27270014684708915
6960,41ff9e7dfe6839c35e95e1c1399bb88b56e9e4f4062d45550eb40459aa9dc063,1,c234,c5,c234,c5,0.21974367,0.34734547,0.4329109,0.2763942025727195,0.44987637652973084,0.2737294208975497,0.28194380446314415,0.33440344187567006,0.38365275366118584
6965,eb8c37c85876443ee44b33c88accfa14d9d1b482e32644ebe8b0c37688a89ee8,1,c5,c5,c234,c5,0.27922127,0.33351687,0.38726196,0.34122613683807873,0.34473991071689236,0.3140339524450289,0.3331364743127341,0.3291070425323662,0.33775648315489964
6980,9b434a55de2a84f6fce08bf1e45efe94f1cb855277d035f28218251e2d1495d8,1,c1,c1,c1,c1,0.41580105,0.24335206,0.34084687,0.56726196311376,0.32847912746767916,0.10425890941856081,0.4500757383338601,0.32309177867882904,0.22683248298731093
6982,2abc8b82cb2f198c0cf37041c65787d16d1d64d4d9339d0b57f63a3996f3f069,1,c5,c1,c5,c234,0.4145178,0.39506456,0.19041766,0.19724814675444632,0.23378749075452662,0.5689643624910271,0.32218605740599426,0.35295874771345975,0.3248551948805459
6991,6188a600fa6417cbbd893d4a114935b721389bbbb320d31e1bef634468b21228,1,c234,c1,c234,c234,0.57242125,0.3024605,0.12511818,0.3835363427148764,0.5668714199915607,0.04959223729356298,0.43925510516597577,0.4770628611907722,0.08368203364325207
6993,182d56685887f4e3c4a0f72818727b309ded589bc3ec6a201bea4cafca56a7d2,1,c1,c234,c234,c234,0.38281602,0.4462271,0.17095694,0.35445970341771627,0.43668769285375597,0.20885260372852782,0.3357905116540024,0.43908047167489445,0.22512901667110302
6995,e8219bda14e1fa2885e59e14558bb062c8b0caab482def7efc252ae9c9fca56a,1,c1,c1,c1,c1,0.6094484,0.22946994,0.16108169,0.4599400974486353,0.32634728332356916,0.2137126192277955,0.39257639246513953,0.2988637432310979,0.3085598643037625
7000,fb1ff7ac7f9a879d68d0060b4dea212c6ac8ab5e230a15a079d7892325f72327,1,c5,c5,c5,c5,0.2111141,0.39400858,0.39487737,0.1603414358508436,0.2436799024384987,0.5959786617106577,0.2675827666429254,0.3400594329795116,0.392357800377563
7018,c314009a234e1b9edd630cb4a5aa4cba3f7f250debc1191380e71b1103e0e25e,1,c234,c1,c1,c234,0.38608122,0.34739774,0.26652107,0.5267527213606082,0.35302945758027426,0.12021782105911744,0.36029493026420284,0.4171741526593218,0.2225309170764754
7032,f2558be2e09777f96d9fea7e3819702fbefff8bd09c61338b8af6b862b7e94ee,1,c1,c1,c1,c1,0.71999633,0.2091904,0.07081331,0.5386640831022923,0.26192175095862524,0.1994141659390825,0.4788286427828083,0.2528684804001095,0.26830287681708215
7035,a1e855e5e8ef7269947aaddd11dad0d15c9ddf3788612f00e7669705ea4a0012,1,c1,c1,c1,c1,0.85870147,0.09330312,0.047995407,0.819418331695898,0.11100492187599051,0.06957674642811155,0.7044106811520731,0.1705341724257773,0.1250551464221497
7050,94677de38acfc346b0eaf196a04da6b2c73d33516265380c3bb46b7e3f212811,1,c1,c1,c5,c234,0.5537844,0.28762656,0.1585891,0.13705830767177318,0.3643153449132809,0.498626347414946,0.27190925387225673,0.37225442611105725,0.35583632001668614
7057,54ed7379c86636e74d8d2f398e8dbcd88271ff3cdf3f316733c4f97f409ca902,1,c5,c5,c5,c5,0.16729228,0.327858,0.5048498,0.12008930758932387,0.32169427144425244,0.5582164209664237,0.17176441832141223,0.3078321975362576,0.5204033841423302
7058,a3ebc5edf6e80c6db4d5cc1ddd166d8d6d5e2e24280da2461b9433053cc2cc81,1,c234,c1,c234,c234,0.4561866,0.3542296,0.18958385,0.27688046974487673,0.5404754816954592,0.18264404855966423,0.307223623476121,0.39759095789301346,0.29518541863086545
7070,8fd2cc45ff97ef167729e19409e07718fbbdfbda5128c44f9fdf95b1baaaa891,1,c234,c1,c1,c1,0.45320466,0.36492592,0.18186943,0.6150099845635663,0.13636640328612817,0.24862361215030557,0.4602281516833047,0.2372771011670325,0.30249474714966285
7071,d1087306859cc2886dc260c9119c2d6ab6ddc6c6cc9794b0fa419b35f65b6941,1,c1,c234,c1,c1,0.3400505,0.41737068,0.24257892,0.5887058576603384,0.140534470863375,0.27075967147628666,0.4551665392618807,0.29931076309236954,0.24552269764574983
7092,27f1cec7081cce390c74aaca1e858970d9c15c2776bada318be16874284866ac,1,c5,c5,c5,c234,0.16034487,0.41545066,0.42420447,0.22004618695419065,0.3438799257374155,0.4360738873083938,0.2655340724522354,0.39038914224771165,0.3440767853000529
7099,0c4574b5de4b310d44637c4e29de53a9ce433cac80fc642e7eadf4e0ae6cfb5c,1,c1,c5,c1,c5,0.27799666,0.3298481,0.39215517,0.4167855177394748,0.2331217243405332,0.350092757919992,0.30692123892702694,0.3183062570565088,0.3747725040164643
7105,b6b590ed5147a886dd914c738d8812e239d24160c6c58a8dd51b5a557d1e4971,1,c234,c1,c234,c234,0.53693295,0.29059178,0.17247523,0.3799535226395686,0.4012172632679816,0.21882921409244982,0.37622333241300476,0.3837007079997424,0.24007595958725275
7107,9869b5698701477586d204e89d7826bde90e391e8f41c62b82b006bae769cdba,1,c5,c5,c5,c5,0.15211712,0.32994002,0.5179429,0.2808794404477875,0.23349036581049457,0.48563019374171795,0.2369969269374929,0.2584807702481175,0.5045223028143896
7110,2927b380eeef9f15adf1b6eef09b458613bed4fdfdff8698feafb43b45714a6b,1,c5,c1,c1,c5,0.39831367,0.27511978,0.32656652,0.35450441424946166,0.31235853303274747,0.33313705271779087,0.30655956846968974,0.31023722362167766,0.38320320790863255
7117,ba405e5980f7216b0bf16c1cb3adc42c6e42692bbf588adb5b033f7bc3fddf45,1,c234,c1,c1,c5,0.4487555,0.36661637,0.18462819,0.4695882370543793,0.16897745738607572,0.361434305559545,0.33582582574459685,0.275696143439707,0.38847803081569626
7131,bf13afb8c6841cf4830e66a40946c43eba087d3733eb47aa56bc2ca00e1bc4cb,1,c1,c234,c5,c5,0.28925166,0.40401885,0.30672947,0.09821171460665049,0.26418076942050167,0.6376075159728478,0.20671713782570778,0.3411974488200217,0.45208541335427066
7133,2b164191de9cbc273ef08bf3098edb1c64292b466f714f538c2318884641b043,1,c5,c5,c234,c5,0.22216263,0.3693767,0.4084607,0.20455135549562603,0.43526924215870655,0.36017940234566737,0.2615498428693307,0.3528192846481236,0.3856308724825458
7139,3679ec04871754d1e3d9ba707cf5fd8d3c8f097cbe01ba99e191f99e417a63bf,1,c1,c1,c1,c1,0.6199953,0.27712312,0.10288161,0.7554337766231315,0.18691534695112455,0.05765087642574392,0.589616336975993,0.31028845401358734,0.10009520901041966
7143,34949846776f20f36833130e099d5cb99b681cbb757c6c87e95a3179899817f6,1,c5,c234,c234,c234,0.17641287,0.44893712,0.37465003,0.08612432695800261,0.5313766769679946,0.38249899607400273,0.17333469573624122,0.5342891381646995,0.29237616609905936
7158,1f557cf1e58c227a8df620418c5f6fef56b1efdc61f9591cfceb27b4f9064ecc,1,c1,c234,c234,c234,0.33478457,0.45535177,0.20986365,0.2930089649384661,0.519407951376849,0.18758308368468485,0.39089689881545625,0.42964929682530684,0.17945380435923702
7162,ebe67ce01d678047ad791de326f33c19857bf8ee487b43dec42434e58abd4953,1,c1,c5,c5,c5,0.08228439,0.34270215,0.5750135,0.1995756335344286,0.2078461321334173,0.5925782343321542,0.22834052586600723,0.3101602549870617,0.461499219146931
7183,6ee486f840dcc6aafa249375f6dd8870c7c131ed6ae12e3ec43154d3a271fa00,1,c234,c1,c234,c234,0.50146973,0.2936072,0.20492305,0.1417593681690593,0.6215469044863775,0.23669372734456334,0.20406559669226867,0.5036128038485016,0.2923215994592298
7195,966eeea5baa3fdce3ef8941550d32e59ec51ca1c0b416ffbadd1c810e53cf251,1,c1,c5,c5,c234,0.16558313,0.32856882,0.505848,0.238631878628257,0.3761357068772178,0.3852324144945251,0.23601960256281637,0.3852345212716018,0.3787458761655819
7198,a9415726beb123f920e18da92eb5ec11fbf079e29da3208558e90762a7bfdcac,1,c5,c5,c5,c5,0.22066362,0.3801903,0.3991461,0.108927307409305,0.3838877609253669,0.5071849316653281,0.16340101308169458,0.40049194520680903,0.4361070417114965
7207,f8fcd10030cbb111725652afaf428338bb92a2e50913e3f344d5ab6bb18996c9,1,c234,c234,c1,c1,0.38609114,0.406651,0.20725787,0.5548941258938799,0.30192687060044937,0.14317900350567078,0.44550700669536686,0.35636273007551583,0.19813026322911745
7213,6f4bf857bccf64aa6ad6d9cbd4bb0cb70695258088731fe9912ffe8b813f9e11,1,c5,c1,c1,c1,0.42484936,0.36107376,0.2140769,0.4063419223487404,0.3463235566939068,0.24733452095735267,0.3835617084051535,0.35556530464150243,0.260872986953344
7217,b1bdecee9d6318dde93d89cfe66c57bfb5901bf01b1f1b723f3f752bb1b8906a,1,c1,c1,c1,c1,0.5062796,0.28240567,0.21131474,0.3866458698969884,0.3465370327759518,0.26681709732705966,0.4461322507670055,0.3213362591572636,0.23253149007573087
7218,f1a9ce2aedb8024022eca7147afc5549e2e4b742f0a2a28c0c984251d1576c12,1,c5,c234,c234,c234,0.30994606,0.40044865,0.2896052,0.23538323597412195,0.422031436198898,0.34258532782698004,0.2827311247054573,0.38331274582035807,0.3339561294741845
7219,7a7be24c7e9169b95d23db748359f00e926c9b9d6e25177920a6a3b99c7d6f9b,1,c234,c1,c234,c5,0.54382104,0.25633943,0.19983952,0.2391191707692704,0.3944498925947003,0.36643093663602916,0.27694018055506925,0.3095575197462366,0.4135022996986942
7224,a194e2d5155249db85437e8cf1fa23020dcefd1dc3db7d78d9f6fedfe6b14da4,1,c1,c5,c1,c1,0.26334986,0.3534258,0.38322437,0.5591929015327232,0.23027808201170355,0.21052901645557331,0.4114289278779836,0.2392509877028355,0.34932008441918094
7248,3be4edd413041c6cce1c3bb9e14621815bf1d1112a011f1419fa746f8d934fb2,1,c1,c234,c234,c234,0.25824007,0.38004112,0.36171886,0.3291469233851259,0.4690144087546309,0.2018386678602433,0.30998316301122303,0.42643274844320517,0.2635840885455718
7257,d558cc227f5ae6e8f309f9de7499be336a9723e15e159c4e53752bd00971df32,1,c5,c234,c5,c5,0.30228576,0.3996739,0.29804033,0.10762151323238184,0.29356388434386854,0.5988146024237496,0.18288091989525784,0.364045038924745,0.4530740411799971
7276,55d1c0798497414bde5e9e47bb2855af2122b2f18101b5e0004a4d55e4935caa,1,c5,c1,c1,c1,0.42300412,0.32888415,0.2481118,0.5003843466404495,0.3362454933929077,0.1633701599666429,0.4016639159054493,0.3546676416073286,0.24366844248722194
7279,39a0059ce4f0db496fe67d6c6cdb2abc3f5907dd3cf4d017312ae96e18990d04,1,c5,c234,c1,c1,0.33790427,0.44971395,0.21238178,0.37311848107344575,0.3100854761732362,0.31679604275331813,0.3904083976255571,0.3622295394387735,0.24736206293566945
7281,a4509a7d305cfd3a2d945e4cd4795a1ca88d6a476f25ebabe3491b493accb2f7,1,c5,c234,c234,c234,0.2987224,0.4017676,0.29951003,0.2965334711119824,0.5029598721846987,0.20050665670331894,0.26942292237548804,0.4816811010576783,0.2488959765668336
7298,5c566081e4864227dcca169f7b61b4d6faedc3604a85de7ee6412eb5fd8fb5cb,1,c5,c5,c1,c5,0.3534787,0.27755365,0.36896765,0.5113964281611435,0.302502917106,0.18610065473285645,0.26612930718138506,0.28970100176886215,0.4441696910497528
7300,b2eb1d0b09c08654f9a8c232b1b8965648e6111ef719a667b4c3864db8bca26b,1,c5,c5,c5,c5,0.17191915,0.27207667,0.55600417,0.14757702424243702,0.33097762665820424,0.5214453490993588,0.22365460449856653,0.288896505872091,0.4874488896293425
7301,a9dda319a123fce17410d9cb5abe0cc329269ee4643aef37d9c051c9be628ac6,1,c1,c234,c234,c234,0.3526194,0.39612517,0.25125545,0.27619563829465044,0.5124246962044717,0.21137966550087775,0.30776092722004406,0.4581539488857742,0.23408512389418185
7302,baf7306b9b49923b8f285e7f38cf946e09f2628a76a1cd9dfea95d10107332e1,1,c234,c234,c234,c234,0.2798067,0.41836044,0.30183285,0.343761541326956,0.35861699621506876,0.2976214624579752,0.3273187790130233,0.4007235607812123,0.27195766020576445
7304,a818745f197001bf13666c5d692735b4671765bfc34da784210db1b435c0d9fb,1,c5,c1,c1,c1,0.6426532,0.21988319,0.1374636,0.49640906557682485,0.2760142959197652,0.2275766385034101,0.4592802215147178,0.30480054088653424,0.23591923759874803
7334,e807f3e664d6ae799880b250a5794254b75024ab0bae7d15234c453e3cd4463e,1,c234,c5,c234,c234,0.28933492,0.32732975,0.38333523,0.28093021143206615,0.4125902863132152,0.3064795022547187,0.2642928130457472,0.3865535232590338,0.34915366369521894
7341,44b6f52493dd221337eb44bda54f58922e959f434e17c4a4555ebb34d7187ea2,1,c234,c5,c5,c5,0.250257,0.33257157,0.41717145,0.31399933702988037,0.19266109463853473,0.49333956833158493,0.3270247505718802,0.2667118806084824,0.4062633688196374
7354,a420d8f53b34c95efe37617e020d05fbebe74811d94cdf9596969ffb47aa0d37,1,c234,c5,c234,c234,0.18508448,0.4037377,0.4111778,0.223148788876593,0.6349464344560195,0.14190477666738754,0.23535540949222689,0.4926005286098968,0.27204406189787633
7360,fdc5f87092e390a375d4f62a5acacb7e5f07a0c0ff0273d1627a2f88cb373359,1,c5,c5,c5,c5,0.1768663,0.2455694,0.57756424,0.238449302881403,0.2886735806716749,0.47287711644692204,0.2542008086646653,0.27024761583300405,0.47555157550233057
7374,102423fe67a3e9d72e952824430bc409ddd1964ae0f5eb2f42511ed6eefbde99,1,c5,c5,c234,c234,0.13995312,0.38357565,0.4764712,0.2499437721938949,0.44564999247658693,0.3044062353295182,0.25952767548607925,0.41790093613847007,0.3225713883754507
7394,35f6f8b9c09960d8d5adb4bd6ca36909f734610e0aade403562212eaa21ebcec,1,c1,c1,c1,c1,0.53823954,0.31788883,0.14387164,0.7268259299471572,0.21032697978978043,0.06284709026306227,0.5935342493710764,0.2893476954268364,0.11711805520208732
7404,58bbe73bcef2132e469464914be6c1a2f3490e59ccc013ecda27b2b96be78847,1,c5,c1,c5,c5,0.40483037,0.25393042,0.3412393,0.37937731443606854,0.09882887694738966,0.5217938086165418,0.3658716879537368,0.18671500819399262,0.4474133038522707
7411,e71336fe08f1bd36458ec3eb13f69560285ce22456d8036fba3a493e006853dd,1,c1,c5,c234,c5,0.2010134,0.39145747,0.4075291,0.33553658459211366,0.3674001622640594,0.2970632531438269,0.27058738251918574,0.3590175306624805,0.37039508681833383
7422,c660bc13d66d92f6b61999f21df02f187701cea9962856415d7e7bf6b58bbf47,1,c1,c1,c1,c1,0.3898018,0.3655642,0.24463403,0.6395333317710474,0.18865815210147935,0.1718085161274733,0.4958628485208424,0.3016337489619132,0.20250340251724433
7442,047316cc276a74c6922a159a1cdf9d5a00fdf37062192551041830138a0db663,1,c1,c5,c5,c5,0.27660438,0.32761812,0.39577746,0.1787106285989599,0.1952004798977375,0.6260888915033026,0.2598519730652874,0.26976607661382546,0.4703819503208872
7443,37e6d8702b3faa4392af14d5c51d66d1a50d043a9ff9bfd2136c7d7274636572,1,c5,c5,c1,c5,0.083865866,0.13115144,0.78498274,0.38705898665641386,0.29529364545191905,0.31764736789166714,0.33735053825407685,0.28336327035998327,0.37928619138593994
7454,d47b40989995f11eb17e1ab94ade67d8e32fd4128540c0fd3a74087053a55bbe,1,c1,c234,c1,c234,0.36489397,0.3767116,0.25839442,0.35874773511468844,0.35007812424488416,0.2911741406404274,0.3078026384513498,0.375481992704533,0.3167153688441173
7471,bc95d147e54b465a5e3e860b93bac5f3a56f38cb28dc48a53a6de4f5a9662de4,1,c234,c5,c5,c5,0.25988483,0.307684,0.4324312,0.35587438698094465,0.15424624881238233,0.489879364206673,0.26429261027097156,0.2243531746717788,0.5113542150572497
7477,31d9b548e8ba0d463e9dca713085282069add9313d51ac89e06edbd499675314,1,c234,c1,c234,c234,0.35745385,0.35618895,0.2863572,0.2481591582950036,0.5523876498945317,0.19945319181046473,0.3145805648537904,0.4091689279604433,0.27625050718576644
7495,c5d0d4c83914567b25a43b67d5e363b99062fac7d1ce43039b7aedceefe8e388,1,c1,c1,c1,c1,0.35325107,0.3152446,0.33150434,0.4568110999024204,0.2827219860014607,0.260466914096119,0.3643891289106335,0.30818484956098,0.3274260215283865
7522,146814dd572fec31e62789b52e8abc486887e9850c68b366405b4c54487ba35a,1,c1,c1,c234,c5,0.4289029,0.41588932,0.1552078,0.29965760946707964,0.3523717678507798,0.34797062268214046,0.31140927839828475,0.34061198265241927,0.347978738949296
7535,18e5694e6f7ff69ac1489872a2cc9f818253307ac3b8bef1efd96297476ef505,1,c234,c1,c234,c1,0.4194857,0.38012376,0.20039046,0.3167172639509936,0.34178343809600004,0.3414992979530064,0.34596182460148,0.34340366908350944,0.31063450631501055
7538,85bcb5eec2043b9e20bc77e3ca3e69fe684c7a598c50b74b91b95683cbc7f081,1,c1,c1,c1,c1,0.4978842,0.2668129,0.23530297,0.8293918489873434,0.1321216559280072,0.03848649508464955,0.6871425548770501,0.22066122592535223,0.09219621919759774
7539,bb86a5fa3e3a25ee4b7eb5307f13c0eb63d906ecfaf8f2ad032d819cca72430b,1,c5,c5,c234,c234,0.18660879,0.31954935,0.4938418,0.12510777349128258,0.46936153361434624,0.4055306928943712,0.2214916232952193,0.39120796500680804,0.3873004116979727
7541,0f5c21809674e272e5b4b1eeb8e7df4a708f5e53c158c16932bc3df3a93c4766,1,c1,c5,c5,c5,0.09870742,0.32153225,0.5797603,0.15647459394586238,0.3119038844666935,0.5316215215874441,0.1949688026492171,0.302761604444528,0.502269592906255
7542,3d1a2c6bc2d133751a11c8267fdfc7c2bb65c01f6220f32e6528a3fdcb0fd56e,1,c234,c234,c234,c234,0.18782634,0.50603235,0.30614132,0.22814219735313881,0.6591739164135618,0.11268388623329932,0.27536649431210625,0.5398208187063377,0.1848126869815561
7554,94677de38acfc346b0eaf196a04da6b2c73d33516265380c3bb46b7e3f212811,1,c1,c1,c5,c234,0.5537843,0.28762653,0.15858921,0.13705830767177318,0.3643153449132809,0.498626347414946,0.27190925387225673,0.37225442611105725,0.35583632001668614
7557,e225473245ea4dfb86f36366d167e69a1df636324a78c46f53a9181f5a2938c6,1,c234,c1,c1,c1,0.3627349,0.2856439,0.35162118,0.5148180165683398,0.1578178783425367,0.32736410508912356,0.4244796522349148,0.23057065191324394,0.3449496958518414
7559,97fba7ac2a966668ce506778ed7fcea7763452dd8eaa35404ef9dacb55ed3665,1,c5,c1,c5,c5,0.37380508,0.3282397,0.29795521,0.3323641997347711,0.2773434086942635,0.3902923915709654,0.2740154135220279,0.35092999172660616,0.3750545947513659
7579,20fad3d59df9985a4958ab126210987e15c7ec34c502105c2309ba815b49e9b1,1,c234,c5,c5,c5,0.17545956,0.35719576,0.46734467,0.09392820005968637,0.2217019717536473,0.6843698281866664,0.13236837327658424,0.3679964766468965,0.4996351500765192
7594,bdd3c9408c1e3d8cb4b65d4a6e74438bce27fc397e9b7896bfe04c0e9e654d05,1,c5,c5,c5,c5,0.3103015,0.24727307,0.44242543,0.21765089448670463,0.25188163136571856,0.5304674741475768,0.2646418202902945,0.24893590677877014,0.48642227293093526
7601,449082aea084a437f7cc15c79aa8f3b4d061818f55f155eb1b341b668a9017f0,1,c5,c1,c234,c1,0.47372016,0.323174,0.2031059,0.37502075979875227,0.44818334208263233,0.17679589811861535,0.3649401542903394,0.36378640361379216,0.2712734420958685
7608,9e25cb004d6a3c660a786976dac47f41b28414924cddd9761aa03993274435f0,1,c1,c1,c234,c1,0.47980708,0.28529158,0.23490135,0.23714512820473255,0.521452417479591,0.24140245431567642,0.412524603836942,0.38611819350779375,0.20135720265526413
7617,0bb29b8216170f98ade0e70fc9043a7465b0db277157ccd248b13dc2c41fdb3b,1,c234,c5,c5,c5,0.1113042,0.3155646,0.57313114,0.20248942825603403,0.38096758941799136,0.41654298232597464,0.19787998100556464,0.3487595533797621,0.45336046561467314
7618,686f4d60f991c5ef22eb502f36661dcda6a5209bee77fd01669f68e4f768c2f5,1,c234,c234,c5,c5,0.17678891,0.4570259,0.3661852,0.150251537612864,0.27781888900345053,0.5719295733836854,0.268276413130806,0.34894289409940704,0.38278069276978693
7639,b5ff166de72b73f1311e2fb2ebb349c29c5ef6d053fb698b36a270eb76fecf1d,1,c234,c234,c234,c234,0.22585022,0.39136463,0.38278523,0.20179989980800547,0.577286134513556,0.2209139656784384,0.22977332305009354,0.4492278613358969,0.32099881561400967
7644,70e0e966dfb63908e3b18a7c12570074d729b8710888ceaae9693181ee9b6a0e,1,c5,c5,c5,c5,0.16686895,0.2884346,0.54469645,0.053738306662501685,0.3259528612175553,0.620308832119943,0.1214364946165066,0.3656212985429588,0.5129422068405347
7646,bcf57e3139cb3f5f0e733f1fecbd6546fdc2dd2a57179c0b4ac5cfefd5a35277,1,c1,c1,c234,c1,0.38594222,0.2776957,0.3363621,0.4307247004265413,0.44689860419325067,0.1223766953802081,0.4226775765796675,0.3509642523374628,0.22635817108286965
7656,cd7e018b09333d51122be1499186454c7bf9d2b112199fb76486b11ea653eddf,1,c234,c234,c1,c1,0.31911108,0.42756605,0.2533229,0.38463965373823966,0.31878065554970453,0.2965796907120559,0.36677081026421854,0.3070544479720132,0.32617474176376837
7657,8b127aa15883baf83c61bed8ef8089eb920e0b8494a34e5738ec1ecef1d3e690,1,c5,c1,c5,c234,0.4801446,0.25699967,0.2628557,0.19475753006632318,0.3588665970124287,0.44637587292124814,0.3178423358380508,0.3630238238190242,0.319133840342925
7671,a6ac6e9fc78696cac8e8c0d6b5240c07c7821057ad1c15f179d02b8134ac3f1e,1,c1,c1,c1,c1,0.43782756,0.28852025,0.2736522,0.811123463670772,0.09563232123067424,0.09324421509855373,0.6833066166390186,0.18075711023553906,0.13593627312544243
7686,5484b0204a4f49eac2dc1c48745c2265acaa313d8ee5ebf80f9e85aaea01248c,1,c234,c5,c234,c234,0.18708907,0.3521785,0.4607324,0.3326109426828607,0.35901312967686866,0.3083759276402706,0.2595261466442337,0.39742792982452235,0.3430459235312439
7690,781613be3f717b18492d101fc6a437bbdb3d30bddc655fe483ed498ee098a86b,1,c5,c1,c1,c234,0.43987325,0.37602127,0.18410549,0.38279045092340597,0.36660313618120494,0.25060641289538904,0.3247962211646021,0.35957944882325943,0.3156243300121385
7698,340f2db0506597e7a69750ec3a7123cccb7b86ef5827c0d843917bdf0c9da650,1,c5,c5,c5,c234,0.13437039,0.36997968,0.4956499,0.20576459562596824,0.36494696278477196,0.4292884415892599,0.2169079027045918,0.41134880813455227,0.37174328916085597
7705,6df288077336304d9e8350451c23d6473442ff875a6abcc2edb85c49a74313c5,1,c5,c1,c234,c234,0.39004445,0.38083863,0.22911689,0.2747958118818188,0.4889207886514485,0.2362833994667327,0.3342628603970289,0.4370851128115885,0.22865202679138266
7733,55d1c0798497414bde5e9e47bb2855af2122b2f18101b5e0004a4d55e4935caa,1,c1,c1,c1,c1,0.42300412,0.32888415,0.2481118,0.5003843466404495,0.3362454933929077,0.1633701599666429,0.4016639159054493,0.3546676416073286,0.24366844248722194
7741,e4cf64f2fdc9f6553ba49f4d603616ff717ec505bf4d6d0159a5aaccbf355388,1,c1,c5,c5,c5,0.12775539,0.38159138,0.49065322,0.1411488048766335,0.3756973244788037,0.48315387064456294,0.1833755249342973,0.384926063369178,0.43169841169652473
7750,ea3519efe5d9af7f301a29ead18d73ee00a6e7a5887a2a2f0773bfcd19b81028,1,c5,c5,c5,c5,0.25221997,0.26564786,0.48213217,0.30570147454116425,0.16977088126079348,0.5245276441980422,0.26432193774998847,0.21321104354412984,0.5224670187058817
7756,883eece77242fd8353de41e9304e9f938b69de6997349b41fb9822995d4665d0,1,c1,c5,c5,c5,0.099771425,0.22846268,0.67176586,0.2047470926944978,0.367905833961856,0.42734707334364613,0.22980627122227665,0.2882157325039289,0.4819779962737944
7762,1056fc739133449376dca02f4b5d6e157edd5573ad9c9799bf4dd17a8aeb7430,1,c5,c5,c5,c5,0.19257246,0.26079872,0.5466288,0.2757279354949529,0.32189713932387254,0.4023749251811746,0.23089467422606139,0.3175321200921869,0.45157320568175174
7765,1ec76bffc1a9c8343fe3e28471da75f8cf633243400168a10f95c34681e30b2b,1,c234,c5,c5,c5,0.15749384,0.30268547,0.5398207,0.1719636100639815,0.39788138846105575,0.4301550014749627,0.21435647651952114,0.341762157955415,0.443881365525064
7767,581dc8f56baeef4c50156ee08a7985b36045583a45b1962ba6eaef21dada7989,1,c5,c5,c5,c5,0.076019906,0.3281384,0.59584165,0.1188058002494844,0.4275961294625553,0.4535980702879604,0.2224418955406762,0.3821410575419287,0.39541704691739504
7818,e0a7a0020dc792c27f567b3973453aca37f21e1d12a15313a03c1b3a86aeade0,1,c5,c5,c234,c234,0.12174768,0.32726723,0.5509851,0.26782454643561765,0.5857639495490241,0.14641150401535832,0.27368126332707154,0.4774209440942813,0.24889779257864722
7826,3c3ffb22fb3d7f1208644100368848e20526bc7616e52c0c974bc560bcf8e135,1,c234,c1,c234,c234,0.49291494,0.3493805,0.1577045,0.3648216767385204,0.48793540538353036,0.14724291787794935,0.37898738602374915,0.44855345790249945,0.1724591560737515
7830,f12485c9f169d4215463f4dc194c2a76fb209e7bd173b9c8c3685e2883e21573,1,c234,c234,c5,c234,0.19421043,0.5357848,0.2700047,0.2892577387323363,0.29293946026248235,0.41780280100518136,0.25845681475616156,0.40463181891942124,0.33691136632441715
7835,b370e1ae314c6d152ea668578f97cd92aeb3e3ef660de51fdc8f47bea98900e3,1,c5,c5,c5,c5,0.2956698,0.31530902,0.38902116,0.3452006049398051,0.18831147644440652,0.46648791861578837,0.23980601074221708,0.26373585534621374,0.496458133911569
7837,b743df318a759f160b923e34b5178da3ce1b3e437b6a24b406ff64f8723bfbb7,1,c234,c1,c5,c1,0.6607335,0.22048965,0.11877683,0.2665299269901467,0.22453269582784474,0.5089373771820086,0.387743747851032,0.2534877158269058,0.35876853632206224
7838,6ccf2a04d7976eb2bb7b4f4988c1a0b2910f128c9d894015420ea57b74642bff,1,c234,c5,c234,c234,0.21230432,0.35850468,0.42919102,0.3607128929901834,0.45844339216136376,0.18084371484845288,0.3115028609898914,0.39054851085562564,0.297948628154483
7843,4b4ad5dddba63042ae02ad844bde49947b955c840dbd191acec9ccfa9f4169f2,1,c1,c234,c5,c5,0.23939195,0.5319201,0.22868799,0.12489392087850269,0.3271293102688338,0.5479767688526634,0.1994177935732696,0.3420245991384771,0.4585576072882534
7854,b2a51fa4ea2a1cc8332b294c5c9971ecfbba9f9c92ea72944c36848d0865a8ea,1,c1,c234,c234,c234,0.3079566,0.4048438,0.2871997,0.3465865364378677,0.3770924296368118,0.2763210339253206,0.28323987067491446,0.40106501804146794,0.31569511128361766
7855,7df6c70b28de4a43908ee45189008cde3e74ae9f3a74a5a6d762b0b4a0220981,1,c5,c1,c1,c234,0.5203027,0.3470183,0.13267896,0.3988363463206886,0.3940516719426519,0.20711198173665943,0.32670507194931786,0.4533843625111819,0.21991056553950022
7868,87515bea1114d7bad7a43cc3fa143ee6fa025ece37f9b62c2f0940172ba90f85,1,c1,c234,c234,c234,0.3883599,0.3958671,0.21577297,0.2815731951325812,0.5910360748304158,0.127390730037003,0.2828828304049288,0.539186332929111,0.17793083666596018
7875,bd262ba0bfd5930fd63d05fa3257022172658029c5293594af9d1cc55d7aaf90,1,c234,c5,c234,c234,0.27017763,0.27175546,0.45806688,0.2471723018714086,0.5571317115072775,0.19569598662131388,0.270523541711069,0.4473955196224515,0.28208093866647943
7878,240bd35e0c72182628762b88c25ef14a8067c0dfe9bb9282d5f411eb166db226,1,c234,c5,c234,c5,0.20081933,0.37699807,0.42218262,0.07371212931465723,0.4679245010089298,0.458363369676413,0.18485790793910203,0.3905142686951274,0.42462782336577054
7885,010d4180412513ed50a91b19af5e3c8b7488ff7c82cf6873adbdbd5f49f36ba5,1,c234,c5,c234,c234,0.28832263,0.3506377,0.36103964,0.22905789279657437,0.5546973517589896,0.21624475544443597,0.2941838749689901,0.4625946621520566,0.24322146287895324
7905,cd0a84a373e820f3fbaf6ce753a028228d691338d18e2eb67813827e5aba9678,1,c1,c234,c5,c5,0.34719655,0.46882254,0.1839809,0.23423742737818024,0.2914225267793815,0.4743400458424384,0.2350375603915543,0.36412413125948545,0.40083830834896034
7906,2fd0670968a66a2af81a947d98894e93cff2c3e61514a4b593af8235ea171836,1,c5,c1,c5,c5,0.40961564,0.23141162,0.35897276,0.22416636845170784,0.11267105090122193,0.6631625806470702,0.28726772174057935,0.16329477768698042,0.5494375005724402
7938,25cf7cd0b47bbad67e8e31a6c1b2ff16b0843b147eebd7fd06615af6be6a646f,1,c234,c1,c5,c5,0.36123168,0.32358292,0.3151854,0.2931427666429485,0.3197386104254492,0.3871186229316023,0.26886831037605846,0.3651497106130781,0.36598197901086343
7943,7e1a2906828155cebf80285c325cb0aaba57544d6eef15e6740b8d43ed848c6f,1,c234,c1,c234,c1,0.48584908,0.28148457,0.23266643,0.2753479142279016,0.47080530946981625,0.25384677630228225,0.4325670442776567,0.37287365431964326,0.19455930140270009
7944,4ac2799d3f473f28e002a7575f3196caa8d782e37c6421452ad6c758787b9b7d,1,c5,c5,c5,c5,0.14363459,0.41656294,0.43980244,0.03891400589972808,0.27681287900725504,0.6842731150930169,0.09540550979238524,0.32517168191261525,0.5794228082949996
7955,0864ec44c06d3f35e3567bb50238307f41a542bae53ed107326578e73761a6fe,1,c5,c5,c1,c5,0.13897179,0.30768365,0.55334455,0.3588567955496882,0.29515382524204736,0.34598937920826434,0.318821054529514,0.29887647199360995,0.382302473476876
7958,5dd678f5ea10c22caf94e30242c605084f81872db3a4199eee257db2be16f267,1,c234,c1,c1,c1,0.66275144,0.21433374,0.12291477,0.7559303051327914,0.17244836709039318,0.07162132777681547,0.5509716403638223,0.2730455363254293,0.17598282331074833
7962,227ad242dbe6686431f76c0231eff1951f69fb706308725ce4a02e8720bb088f,1,c234,c1,c5,c1,0.50558347,0.32700887,0.16740765,0.32854026159663624,0.27372443953420983,0.3977352988691538,0.42579055108721653,0.23686549620588798,0.33734395270689554
7965,21749a7b7ef9a404ef0b066f5032d02b35e63be0b9e4af45e33cc5db8239ee1d,1,c5,c1,c234,c1,0.43961042,0.39963654,0.16075309,0.31314054507469047,0.4665861406893615,0.22027331423594804,0.3949484613030255,0.3490090111584689,0.2560425275385056
7968,278dd74efc06a4a7562c94b8ad09c53745b20bf7f15a3d5f65cadd1fa3671cbd,1,c5,c1,c1,c1,0.5601007,0.25188255,0.18801671,0.48301741291761324,0.28643604592102784,0.23054654116135886,0.40933562689133285,0.33064601376407177,0.2600183593445954
7969,032b56c88560affba60f49fb3bf15f3d2632fdffc3f236b84723818167d2c968,1,c1,c1,c234,c234,0.4495758,0.33446008,0.21596411,0.236363894891321,0.6186925273424673,0.14494357776621167,0.3527357305914824,0.45370535120949107,0.1935589181990264
7981,1b5b066fceb2cd8b186d9e2e6c559619921652f474c269d1d340c80a6e73a346,1,c234,c234,c1,c1,0.36161608,0.4132472,0.22513677,0.46635178642183045,0.1914549366588264,0.34219327691934326,0.4095101343586142,0.297021451964097,0.2934684136772887
7986,dd3cb68aae62f5b0b16244c749ba2bed96c5a2dc9275b011177e3abf50bb2f7d,1,c234,c234,c234,c234,0.348509,0.41447756,0.23701343,0.24394038157389353,0.4022854062687606,0.3537742121573459,0.3072594229946831,0.37460761341410503,0.31813296359121185
7989,96df454352cb1299d15f86e3250ac2682d7c7132e48df6df84d628f09621647c,1,c1,c5,c5,c5,0.11086162,0.3376647,0.55147374,0.1115572296898883,0.1828397559185252,0.7056030143915866,0.17150288415261777,0.36389966215614433,0.46459745369123795
7993,7b7d66b0accebc8fddf05c8049d149d75e821a2f526dc784e966eb2d0775b2f7,1,c234,c1,c234,c234,0.5022595,0.3158201,0.18192047,0.35149464278748643,0.4872605746576349,0.16124478255487865,0.35974568770463633,0.44986948118523284,0.19038483111013074
8008,3d94ad839a9f18f0996a14c0c5ca8ebcc9dc067eeee55b8410ffc6aa9b9da7ac,1,c234,c1,c1,c1,0.5151248,0.34651121,0.138364,0.5767213006976186,0.14388225206762154,0.27939644723475987,0.42633494833136015,0.26668150717438444,0.3069835444942555
8012,1ed5121a61106ca09456bc47d79a8a15865ad4de0647d22a9f1a05d54932dac8,1,c5,c5,c234,c5,0.12127308,0.35565025,0.52307665,0.07756265050812958,0.5192890626132702,0.40314828687860016,0.15421710610794243,0.41353758533338847,0.4322453085586691
8013,d00fe1ee657dff53a819b1df915114278d5bde633e8b1118cace899c951418d5,1,c1,c234,c5,c5,0.3069212,0.4469673,0.24611154,0.14542320864959912,0.2586377041100622,0.5959390872403385,0.20294798625468322,0.3365622901187367,0.46048972362658
8052,a6a32f4fa6e52c4dddcbbdf5e788ae0c89fa90713177ff4dd7b084382153f641,1,c1,c1,c5,c5,0.36148843,0.35024133,0.28827024,0.247738619078968,0.29002614858594644,0.46223523233508557,0.3074988514752672,0.3442310577219889,0.3482700908027439
8053,5c566081e4864227dcca169f7b61b4d6faedc3604a85de7ee6412eb5fd8fb5cb,1,c1,c5,c1,c5,0.35347894,0.27755356,0.36896756,0.5113964281611435,0.302502917106,0.18610065473285645,0.26612930718138506,0.28970100176886215,0.4441696910497528
8058,25cf7cd0b47bbad67e8e31a6c1b2ff16b0843b147eebd7fd06615af6be6a646f,1,c5,c1,c5,c5,0.3612316,0.32358307,0.31518543,0.2931427666429485,0.3197386104254492,0.3871186229316023,0.26886831037605846,0.3651497106130781,0.36598197901086343
8065,bc49e844d5fcad944c132d873542d3c2f630a314f484e9346b48f9b5fde410b2,1,c5,c5,c5,c5,0.17591077,0.40298566,0.42110363,0.2564621264636534,0.2933807488431571,0.45015712469318947,0.22581974952897052,0.3664470172456699,0.4077332332253596
8067,53460be2de35b879a5aa1991e316591de38debb5b653789996d7fa0c16cd9c30,1,c5,c5,c5,c5,0.23223582,0.27162412,0.49614,0.27979804021404536,0.28208925058381484,0.43811270920213985,0.30045478140695697,0.27568813124189384,0.4238570873511493
8071,8a842d704eb402ed49cd7089c875dc9b6b5acaf5a14380e9711e09568987f280,1,c234,c1,c1,c1,0.51537406,0.26849794,0.21612799,0.41539947049412884,0.26033787023227145,0.32426265927359965,0.376754131195916,0.3103196582127763,0.31292621059130776
8072,a088c9a06a32083c350d8e0852bca315800d6f13ccae40082409d71538c59481,1,c234,c5,c5,c5,0.32083976,0.327862,0.35129824,0.13922397159218355,0.31300492638062094,0.5477711020271955,0.18419041220097085,0.3365252832309767,0.4792843045680525
8090,ada3ec450ccb85ae0ea6559ad280b830e328a457556e49690895d3581fe67a13,1,c5,c5,c5,c5,0.12888116,0.32114363,0.5499753,0.2834916170949052,0.319434444872337,0.39707393803275765,0.2827166636643063,0.3475060429154514,0.36977729342024235
8101,3b53ce817ba888c14c1e9a45f58c18acd754f5a4c2f1c6a6b76d0d7754eede36,1,c5,c234,c234,c234,0.3361013,0.39584914,0.26804954,0.2636589724570102,0.6166993306345029,0.11964169690848699,0.3413325613215498,0.4879023426578461,0.17076509602060405
8105,60e6b6bc2a9d6b6311095991071f067a183b2d071aa95acf8058b8e331b58bbe,1,c1,c1,c1,c1,0.5449622,0.25101534,0.20402242,0.4251176434826,0.19961925443171896,0.375263102085681,0.3930431273420073,0.31733475418271445,0.2896221184752783
8114,b0f14d941655f0c9906fcdf09bf80bcf714b4aac5c67aa3de63f80f998e838f5,1,c1,c234,c1,c234,0.26305905,0.42317063,0.31377032,0.5737268647178392,0.33377886429522663,0.09249427098693402,0.2975699022184544,0.4632862037671421,0.23914389401440359
8116,7066046b72bd1f6a89225b3e03978b338b8bf8bd3a24d2ce8c670c0f53f187b6,1,c234,c5,c234,c234,0.16010156,0.3403805,0.49951792,0.16940559387171605,0.4990270228062322,0.3315673833220517,0.16407247185842014,0.4405412483444329,0.3953862797971469
8120,6fa08dbffea33923d63fc275235d102c5a584f5e07c7af2610a1a15418cd7d62,1,c5,c1,c1,c1,0.3839688,0.3427375,0.27329364,0.45492002771205486,0.27021084343462415,0.27486912885332093,0.3699471697863405,0.3323016519044193,0.2977511783092402
8132,b38efae3582a14517b90d0aa34faec59e09170e78e1197b533bc276e309e671a,1,c5,c5,c1,c5,0.08090806,0.19721898,0.7218729,0.4510198023868157,0.12134256423747536,0.4276376333757088,0.3605789662783296,0.16604353835043079,0.4733774953712396
8139,edf64042af41a31944a3f025ac309e9abecd38b675e593a916f0bd5afa860d8e,1,c234,c1,c5,c5,0.4062757,0.26739463,0.32632968,0.2062357258994378,0.24496146483772793,0.5488028092628343,0.31496235192579414,0.31149384197256186,0.3735438061016439
8146,681fa72c87e9fb6b9f36131fd57071ee55436c88fdf1fceba57f9d5aa34c3a62,1,c5,c5,c5,c5,0.10801612,0.2654992,0.6264847,0.24815334711006656,0.23263388225600376,0.5192127706339297,0.2595354614570169,0.24756211518864693,0.4929024233543361
8174,78b23a76b44b5e4154d6bb1d2f0c98ddb08c51c49048ea967459ebe8d18aa477,1,c5,c5,c5,c5,0.10349023,0.32161275,0.57489705,0.2047530660173436,0.192377951292963,0.6028689826896935,0.19012988371011963,0.2792975376856151,0.5305725786042652
8198,aa5911ad687ba501f66cab7355304d1e64b3efdab1237932e2f1f1ddd7ba677f,1,c234,c1,c234,c5,0.37209243,0.36944652,0.25846103,0.26807720444693256,0.4176549490697199,0.31426784648334766,0.3033845067837871,0.3442855792699594,0.35232991394625346
8206,936a3f938d6f70af3d57056be11b3ab0ce755a55b739e32f698f79b5534c1d44,1,c5,c234,c234,c234,0.2998001,0.35162994,0.34856987,0.22970501281525887,0.4886210148820798,0.2816739723026613,0.2581921894208393,0.38153004675899505,0.3602777638201657
8209,287edcd4e493117c4300054aa33f7f8beee037919eadd28eb9e9b4eb28245f62,1,c1,c5,c234,c5,0.2300109,0.35401142,0.41597772,0.22312679727371026,0.43476290677505053,0.34211029595123926,0.24918383480144865,0.35381993142241064,0.39699623377614074
8213,25e71933bd1ebfd7605c5307ef3669d9167970b8faed3e214a19b90218e08401,1,c234,c234,c5,c5,0.22212707,0.38897657,0.38889638,0.24718404342950706,0.31209026285759395,0.440725693712899,0.21999834140806138,0.31754680098876664,0.46245485760317195
8214,ecc4cb70ed9b6bd3e5ceba4961bd64a8b0744eae5d93d2668d29e95def1f99e5,1,c1,c234,c234,c234,0.26555213,0.39316672,0.34128124,0.2715170606283354,0.41087487859828614,0.31760806077337844,0.24137229431664073,0.396562057094288,0.3620656485890713
8225,3f0a96a97ade3f48dd2a25baa41b815365dd13357739a6f05ecc49f36ceb319e,1,c234,c234,c234,c234,0.36470595,0.43068266,0.20461135,0.37005904056191574,0.4855806571117913,0.14436030232629296,0.3848758461399554,0.43030633187907924,0.18481782198096533
8232,32406e0f33789e531e200a2e60119ba3f00aeaab4b40c0ea8938cf286e853074,1,c5,c1,c234,c5,0.46892872,0.27047357,0.26059768,0.2817987624828859,0.3680890450224098,0.3501121924947043,0.2891066259354548,0.2749870922859751,0.4359062817785702
8247,35df2a9c13a88fd1158e0456dec69c3249d1f70f710288683add1af8529e829e,1,c5,c234,c5,c5,0.19172844,0.46508726,0.34318423,0.25864221109593644,0.32724534329171695,0.41411244561234667,0.1980596711175801,0.3940421198752008,0.4078982090072191
8249,7793a17e2b2bfcee9fd4b7cd49abdab2ba8c13823808ea34c18c6f886e73792f,1,c234,c1,c234,c1,0.4463286,0.29834747,0.25532395,0.36287434243380673,0.4262991063937029,0.21082655117249044,0.40504865265533163,0.3385879709315,0.2563633764131683
8251,2432145d4ce808801b43128b6762cbcfb8e3415dc657614882939ee53553f305,1,c234,c5,c5,c5,0.20704298,0.29290882,0.5000483,0.3142422659977124,0.232619093931796,0.4531386400704916,0.27031814073210825,0.22688337753900698,0.5027984817288847
8253,aaa6bb62230503f33aaaceb17c3d88d09f7be3933474175bf50e3dd68edaf845,1,c1,c234,c1,c234,0.24824117,0.40321037,0.3485485,0.4516177440362472,0.39322927752987824,0.15515297843387457,0.3653216566403798,0.36922853989338045,0.26544980346623986
8262,ffbc188c73f4cb96793a8a39d45d78bd05701bd886f391c5ea692855f84873c0,1,c1,c234,c234,c234,0.3069109,0.3966112,0.29647788,0.259171719602932,0.5600681455602963,0.1807601348367717,0.23511031412904096,0.5216966146146029,0.24319307125635603
8269,de142497297c2d6e4a67be6f2ff6f230801184f250fead8b93ccd76c786f9ce5,1,c1,c5,c234,c5,0.091641515,0.2748712,0.6334873,0.15739430778061492,0.42513323703082007,0.41747245518856496,0.23725870870666949,0.37803267759560094,0.3847086136977296
8276,1f0cddeeea0537ec506197b1e4e705881405e2a5efffced460e375bbe9094fbd,1,c234,c5,c234,c234,0.18033594,0.3063515,0.5133125,0.3182692776238884,0.49613512526938014,0.18559559710673143,0.27262463559899136,0.4343246258111524,0.2930507385898562
8281,05539ac7b783289355476b607003727026ded1d168494474dd7592d9f96b4633,1,c1,c5,c5,c5,0.07654957,0.21272354,0.71072686,0.17102345718086287,0.3773228752206113,0.4516536675985257,0.23600905563198982,0.3622628809601163,0.40172806340789385
8282,f01ee099831b4fd670692a673eb7d4dec9d1a467732c615a29eff8d1dd7a2027,1,c234,c234,c234,c234,0.33450934,0.40224242,0.26324823,0.19908724485799326,0.42620671598854276,0.3747060391534639,0.2661109613040139,0.37249830472427564,0.36139073397171045
8284,a75b2d98fa072f24a159c811f32790b7085b4b76a9adb87749e506d1a67adcfa,1,c1,c5,c1,c1,0.3227448,0.19773464,0.47952056,0.5389232913915115,0.2122407782711364,0.24883593033735205,0.3773610148803071,0.28185399243580783,0.3407849926838852
8311,edcc942488501cfe1083a1eb9f8c14eb6c4c9e6f926c3a7c6c7827c3b5faa857,1,c5,c1,c234,c234,0.47941038,0.29755065,0.22303893,0.2779337164758063,0.4801468869246867,0.24191939659950698,0.3305606712126871,0.3540689053100007,0.31537042347731215
8315,32b716dd786655db0753bc7f75669107bd3eb3281b004677a7eefc0d5026ac30,1,c234,c234,c1,c5,0.19510604,0.40953505,0.39535892,0.3585097311713515,0.30303919049291345,0.3384510783357351,0.2703069571234176,0.35990129867346776,0.3697917442031146
8321,cc339600c6cd1916baa0fc3da247d31b240961a4fc2f655f998d82454f8c11bb,1,c234,c234,c234,c234,0.24582888,0.47181603,0.28235507,0.12970697209868537,0.5182759789281848,0.35201704897312996,0.24772898586337314,0.430632574133265,0.32163844000336184
8327,ebae5818f34235444129e9454195efa5bd2bc11bb9ffa32f61fca7b1083c3d56,1,c1,c5,c234,c234,0.33373132,0.28375727,0.3825114,0.3287047786643351,0.37408845518936085,0.2972067661463041,0.331368237552532,0.4117518348564459,0.2568799275910221
8335,e701bd6f850f2ac4a6c12f5e24268e6e32a9ecc73d7a743c939830ddadcdb6eb,1,c5,c234,c1,c234,0.26954797,0.47804788,0.25240415,0.5149530925717233,0.3465184499714415,0.1385284574568352,0.384503733689,0.4104827470334584,0.20501351927754166
8337,88c7722bebe8325135e5922f92f3fbe81356027f45ea122051f28c14645f4ebf,1,c5,c234,c1,c1,0.3706216,0.40694362,0.22243479,0.4382074597795771,0.3251202682190132,0.2366722720014097,0.42039548115756226,0.3710635220381959,0.20854099680424182
8338,553ae8e6c3b3e3fdd69d814ffe2a32be2ac53cff708dd00076d43b915eb156e6,1,c234,c234,c234,c234,0.25809285,0.44568637,0.29622078,0.13189942700939372,0.5438406829004176,0.3242598900901885,0.21381917691893554,0.4135405705733081,0.3726402525077564
8340,ed812465b72ac4d29568524c07c911b8598f5cee7ce0bf27672a6f90d9badd10,1,c5,c1,c1,c1,0.59419703,0.31647593,0.089327,0.3869726928857322,0.3514687835527847,0.261558523561483,0.3951214672729921,0.3678040300642754,0.23707450266273253
8356,8cc1fef532ceca308524e56ffd0ade635207d89045a391be4a87953929b1896a,1,c234,c1,c234,c234,0.52244157,0.32234207,0.15521629,0.3427478475567148,0.5045836902426649,0.15266846220062025,0.4060264593442605,0.40739090451207816,0.1865826361436613
8364,500e8880e9c3cfa65c1125bc6bd544709caef7b80762cccb680ce8987af37761,1,c234,c5,c5,c5,0.22538781,0.3794322,0.39518002,0.14844386799826076,0.25539188661734064,0.5961642453843986,0.2434124563377603,0.25653365341576856,0.5000538902464712
8373,cc7433b558727d1192eb3673075f0eda8b279ff57826e1c3f564c63fa35783b9,1,c234,c234,c234,c234,0.23492064,0.4105056,0.3545738,0.27773801955277166,0.44850179345109376,0.27376018699613464,0.2825195936099957,0.4725559046452456,0.2449245017447587
8378,b825020b6196f9b85e63a5f056842eb24e520b064fa389b5b8df4379c751da64,1,c5,c234,c234,c5,0.19383673,0.40528822,0.400875,0.2092959411835082,0.5420818266909821,0.24862223212550968,0.2760812803796093,0.3490467118319883,0.37487200778840246
8389,d39fef6e494f8b31476f681895aba129804b192e3222b8830b0928fadd1e8578,1,c234,c5,c1,c1,0.31996897,0.27440372,0.4056273,0.45877639820306343,0.3305060132643916,0.21071758853254502,0.3992039500008272,0.3141841280094855,0.28661192198968716
8390,3c7532d293741684e4f16b1b3899bdbb8776acc59827a41ab70d7a99a7144050,1,c1,c234,c5,c234,0.18561517,0.4333683,0.38101646,0.28372111795640387,0.32028775230854534,0.39599112973505074,0.27195533968772795,0.3700394887293532,0.35800517158291895
8400,2224ed842605e823acaf55f4a8562bc4253297901523106f92a7f603cc2b70ba,1,c234,c1,c1,c1,0.6534331,0.26450428,0.082062595,0.5957146637797739,0.27492977263543317,0.12935556358479292,0.5159874647690352,0.2881930862595231,0.19581944897144163
8413,24beb54d199d1f0b40dddb870d124088cdd0319d2c4d800fe3d095eb70703fd0,1,c1,c234,c1,c1,0.39548686,0.39840963,0.20610353,0.4868418909650917,0.1985766729241345,0.3145814361107738,0.4356740741392776,0.27373811923156377,0.2905878066291586
8422,67b4fc0ef7ef068523dec1912735bcbd69d1d890bb9ac1c8578227a5f38c9d45,1,c234,c5,c234,c234,0.27313784,0.29123557,0.43562666,0.2715884965792079,0.3773675757570848,0.35104392766370734,0.2828159732834012,0.37073274121841715,0.3464512854981816
8433,95894091162d5cf9e799024b05831b8b392eb3fece36920ef860d4cae03aff06,1,c1,c1,c5,c5,0.53938895,0.31118003,0.14943095,0.16149618714302888,0.34173603219445975,0.4967677806625114,0.2326854113653147,0.314047989408177,0.4532665992265083
8435,f7f7447ba9d0c6a50d2bf05e3e3ffe73f8cfb3c64d11ac203d34456476a5154f,1,c234,c5,c5,c234,0.21641594,0.3874073,0.39617673,0.13627040528032716,0.3619994583556814,0.5017301363639914,0.1807414270272842,0.4283410770907317,0.39091749588198405
8448,a54d3c1fe40fd8dff82c23c6f04f5471c5345332068c51d9d071e7eb36c1fb2c,1,c1,c5,c234,c5,0.33285856,0.32535762,0.34178385,0.1999895401351377,0.41829096147152106,0.38171949839334124,0.26784486311474043,0.32509906346045603,0.40705607342480354
8452,2c7974100bba6b67b95926c93bbeaed488713be96bcb8162aa37ae59a1371d9a,1,c1,c234,c1,c1,0.29856732,0.4565246,0.24490803,0.7348080996530917,0.12519093489617572,0.14000096545073268,0.5604474883374483,0.22017457535216386,0.21937793631038788
8461,7af6e8abbcdaa040a7dfd6051f08841b5a32e53ea7768f4e9ddc697f937a7027,1,c5,c5,c5,c5,0.18929394,0.28112414,0.52958196,0.188933865148538,0.1961904412657924,0.6148756935856696,0.2354860595315416,0.24395217681183665,0.5205617636566218
8463,cf3354f9dcef4fb7258984f04fa30ee877aad6dffcaf0f2e136f6c21144b2eb3,1,c5,c5,c5,c5,0.25972196,0.3606151,0.37966287,0.20982843610140256,0.18975438495581928,0.6004171789427781,0.22111818706509792,0.2756986043795704,0.5031832085553317
8464,66bb8391dd57fa805e07cafc59c37abb75f6b0992feacbec7eb044335aeb819b,1,c234,c5,c5,c5,0.2748114,0.28917217,0.43601647,0.08718234775711932,0.40470566764694943,0.5081119845959312,0.12207040757501804,0.31390298547310413,0.5640266069518778
8485,7f755824dc7c180bf25cd7f03ce459fa9b92f0fac715e5295820cdaeba15e8e7,1,c5,c5,c234,c5,0.08643274,0.18497255,0.7285947,0.0707818853150037,0.6801449619530464,0.24907315273194983,0.1480535067053144,0.38189647024082324,0.47005002305386234
8491,bc0d49c33ce747e38746974a9bfd0e1ebb9a27ca095d13707e18ce0bffbb5d57,1,c1,c234,c234,c234,0.21281281,0.42861906,0.35856807,0.09395374275950975,0.7698466182258559,0.13619963901463436,0.1468606370373313,0.5945090082754885,0.2586303546871802
8495,ab104ad11ccc70c80a0af2f1c70ced2634f513f03470b79841cbc201e0b7a522,1,c5,c5,c5,c5,0.12759629,0.25451925,0.61788446,0.09840859186193865,0.3265744626177423,0.5750169455203191,0.175089494986685,0.3193037111935134,0.5056067938198016
8496,7022725abfb780165cf00e40891d93e8fcf4fe995060e3d426ae4d3deca2172d,1,c234,c5,c5,c5,0.26422092,0.31839582,0.41738325,0.14650889974220754,0.28206359842982887,0.5714275018279636,0.18920445913195022,0.3032403118696319,0.5075552289984179
8501,da72824042ea2beef2d64334c66d96cbf0c40a1112ac257a57f484d8eb9993c6,1,c5,c5,c234,c5,0.11298512,0.29753456,0.58948034,0.12743203989937804,0.4935010913375049,0.379066868763117,0.21167910854603822,0.34415432422745224,0.4441665672265095
8503,cad32083fb26779ee63c8778343df5c1ad890de59e2c5bdae9b6b3a2cfddd7fb,1,c1,c1,c1,c1,0.7311601,0.20297047,0.06586942,0.4532508544140132,0.4522869284855657,0.09446221710042112,0.5611915927649332,0.296906434523596,0.14190197271147087
8532,42116ccf799dbc820259f312fbfa25d1a0a611931bcb0b42e4d167b837b9260d,1,c1,c234,c1,c1,0.3354546,0.3575527,0.30699262,0.44906151389171456,0.19544073329986364,0.35549775280842183,0.4026242772310114,0.2578130941036289,0.3395626286653597
8543,5cd53b934bbf951bb33497fc4b290a90270d7e69fac163232ad85f74aca36d2b,1,c1,c234,c1,c234,0.31693795,0.44550225,0.2375598,0.4761515820956715,0.3621572694686003,0.1616911484357283,0.4069371628284801,0.4119660889535053,0.18109674821801458
8565,f0cb6a1517fff870bba4d48a235aa7d446e5bc364829ce6f96e7918c2597d308,1,c5,c234,c5,c234,0.1766997,0.4576844,0.3656159,0.15341621963733496,0.40000856162118215,0.4465752187414829,0.19927530164436136,0.4428000661713619,0.3579246321842768
8579,64a1ef78fd974c1deb967beb426ee84b651e2f7e0fb50fb10a72da73c927f829,1,c5,c5,c5,c5,0.1143572,0.37548253,0.5101602,0.29199387637182395,0.252477442139058,0.4555286814891181,0.34835607581989336,0.2515011864784881,0.40014273770161857
8583,9fc1848221cbfdffbb19ef8a3b4e28f0c6cf63301057fafea1e98406fbab5527,1,c5,c5,c234,c1,0.22818884,0.2904214,0.48138973,0.29130360402158806,0.4357554352565329,0.2729409607218792,0.34594363798866523,0.32557078718838545,0.3284855748229493
8592,306224b88a9fdada13e72b125920eac15ac70e20823d419a45c031911fb3f6a1,1,c5,c5,c5,c5,0.3196162,0.3224053,0.3579785,0.28871705134547904,0.25024317601226026,0.46103977264226065,0.25796685727922813,0.28105171420568936,0.4609814285150825
8597,51106d35317c3f1b55a7cd080eb5aeecddeb3bc764f40b6d7d6dce5c7ed62a1a,1,c5,c5,c234,c234,0.10566463,0.28795162,0.6063838,0.3432947543380162,0.3862640438657744,0.2704412017962094,0.2836549457942511,0.4266313479716107,0.2897137062341381
8600,9ff61b91b7153e64db477ff52c0b03c7ec7dc9579ab149f111e80069d2d23455,1,c5,c5,c5,c5,0.24791735,0.2980685,0.45401415,0.1914911814299794,0.28151173120355405,0.5269970873664666,0.22155922958762986,0.34410057730599797,0.4343401931063722
8601,336ad8b60f4b8e7430a0b3c86c24720aef084119fd6251202fa172daa378ef96,1,c5,c5,c5,c5,0.07440552,0.2320577,0.69353676,0.03821106077782148,0.1056835656116862,0.8561053736104924,0.09995494803056483,0.18038314143316198,0.7196619105362732
8605,e619ee052fdc420eae347bdd983b4fffeb95cc482edc81d36e18ccaeee84f0bd,1,c5,c1,c1,c1,0.43716952,0.23445337,0.3283772,0.40124999364107006,0.22409224952498993,0.3746577568339399,0.36966308938308506,0.2706487592135206,0.3596881514033944
8608,ed4b94a74fc9159cefaea56d7aaee8b53df7760af816c2a651a9fa7227376e6c,1,c1,c234,c1,c1,0.36992505,0.37818843,0.25188652,0.49961755226550003,0.1788210868710596,0.32156136086344056,0.43373255358164053,0.2568569497763275,0.3094104966420319
8616,857cdf813f2e83718967b08395c73c36c3e5046836981dec18e1d7d2af253fe3,1,c5,c234,c234,c234,0.31029305,0.40360814,0.28609875,0.34825253078051743,0.4260067660126735,0.22574070320680908,0.25610393032913004,0.4680575278969105,0.27583854177395944
8619,33395ad6a14d752b02a046f6f09da6fd6fe655fa5da35db71c46b11278f779b4,1,c5,c5,c234,c234,0.1415035,0.32607064,0.5324259,0.22748866411322685,0.4326138994606863,0.3398974364260869,0.24677214762334157,0.37791262330037584,0.3753152290762826
8621,c115f72e1f2783d70a8f39838a01ba66c67ba211f10ef4c3596fdfa7b7fa21b4,1,c234,c1,c5,c5,0.4766703,0.20861511,0.31471464,0.2958319097970243,0.2567556425893482,0.44741244761362764,0.2891024233848296,0.2675058054646998,0.4433917711504707
8626,09f4b82f6e2287940f7000f9d0e31d8118582ca1f2365202db95f4a06cd53e02,1,c234,c1,c1,c1,0.41906524,0.39341798,0.18751684,0.7684464681936601,0.15194359380208602,0.07960993800425384,0.5549997728675606,0.2813390426234382,0.16366118450900116
8630,c6131ed2014ad8493119a806850517b8cb0e0a6ab8819e7633594a1675308f54,1,c5,c5,c5,c5,0.21936528,0.36605865,0.41457608,0.1716837803137769,0.2267366311315112,0.6015795885547119,0.16355490979576295,0.27882182593773047,0.5576232642665065
8631,c8bf93820a6d0d11ba8e6e6f57cca272116556621babe2f2d04cdc645a000972,1,c234,c234,c5,c5,0.18221149,0.42856985,0.38921866,0.2574372948171503,0.15225276997374804,0.5903099352091016,0.28818751464215214,0.23110480980009793,0.4807076755577498
8640,508060fbd532e1cb6296a5d3347701c5bcc7d5394c564aabcedff86bb1891cbc,1,c1,c1,c1,c1,0.3827339,0.2707711,0.346495,0.5832233837260987,0.3214576328534996,0.09531898342040167,0.5022192597676935,0.2790804700266219,0.21870027020568455
8644,bfd39cee7d864df58bbef725201d6228d0b6d34507d7dc7712b9fb588b83105f,1,c5,c1,c234,c234,0.42062712,0.38454777,0.19482513,0.27553164995984575,0.5147758966313972,0.20969245340875708,0.3596576593958363,0.44821542099499684,0.19212691960916684
8649,978fc7a9d32dadb29e41df6c5dd77145b1dc92ba3b083437868c883b75d751f8,1,c1,c1,c1,c1,0.8377809,0.10211727,0.060101815,0.9197997590712531,0.04822071325895889,0.031979527669788003,0.8213933827720318,0.1034217055503506,0.07518491167761758
8652,7c9cb9d8feb9239e60dde3732d8333700e4cdc7280f40275be140103138ac4b6,1,c5,c234,c234,c5,0.39302552,0.4274245,0.17955004,0.16702700540913243,0.501766652288873,0.33120634230199464,0.2414585505900162,0.3540115182817685,0.4045299311282153
8665,ae1ccd3cf0fd8ee7aa89d2fa6a78c1f735679dded42cbe6c7bfc8538a48f37bf,1,c5,c5,c5,c234,0.18725042,0.39825925,0.41449034,0.18698223317974785,0.3731537135397319,0.4398640532805202,0.22127565841236552,0.4135137631967529,0.3652105783908815
8683,edcc942488501cfe1083a1eb9f8c14eb6c4c9e6f926c3a7c6c7827c3b5faa857,1,c234,c1,c234,c234,0.47941017,0.29755068,0.2230391,0.2779337164758063,0.4801468869246867,0.24191939659950698,0.3305606712126871,0.3540689053100007,0.31537042347731215
8693,a917a9ba798dd30ef14061c99b0bad0dff105d255ae2283bb668bc7b7a52e542,1,c5,c1,c234,c234,0.533279,0.29146227,0.17525879,0.34850953060882034,0.4620289446715816,0.18946152471959796,0.38185343324724164,0.4068185089166975,0.2113280578360608
8698,65b5daa49c24fbe192464897be5d5e81cdfed4da15d6e4cec5bd1e4a1a6a7b96,1,c1,c234,c234,c234,0.26839587,0.40042415,0.33118,0.2256115087366602,0.42247255671617495,0.35191593454716485,0.255232523402367,0.3778686387158598,0.36689883788177324
8707,001c26b1916f17fc69e6df1259e3e3128ac41275ca9e8bea3bc8c1544ee1f684,1,c1,c234,c234,c234,0.17353989,0.43045256,0.39600745,0.22996039116522862,0.4798150410990521,0.2902245677357194,0.21774859308025685,0.4361916568151184,0.3460597501046247
8725,a4eb3e86dc1d1761dffb053254403b2adf966e619c472eb42f8125a9d9cfa843,1,c1,c1,c1,c1,0.83778083,0.10211738,0.060101844,0.9290730346631827,0.042759742142865716,0.02816722319395158,0.829238162878016,0.10007290504980597,0.07068893207217804
8732,79eaa4ea2f7756807579f0f93c9f222466df5da2d234f83cf0e269e4f8118461,1,c1,c5,c234,c234,0.112062566,0.32877082,0.5591666,0.1241290669166646,0.46421998552949456,0.4116509475538408,0.15772975533290184,0.48984941661991005,0.35242082804718816
8733,d3e55fdb358999daf1c13c3f8b5da8e51c0b82127f92842ecc293201cf4a3a3d,1,c234,c5,c234,c234,0.15315121,0.29704607,0.5498027,0.22950680793198122,0.3952574470019519,0.3752357450660668,0.22496566454637126,0.41236208760194437,0.3626722478516843
8743,9af95733eb742e04d58013fc78f14a1e52fc4c949f2990d6e9e75898ddd29418,1,c234,c5,c5,c1,0.23012152,0.37724695,0.3926315,0.378777862400417,0.23810132678461546,0.38312081081496746,0.3661182448231322,0.34455024189566597,0.2893315132812018
8747,57449191e6bba6c26ac4c4b9af9b40ffd51d42a3b2c08149346b252f840a93fe,1,c234,c234,c5,c5,0.17269416,0.422426,0.40487987,0.06534902811311548,0.4248676460635521,0.5097833258233325,0.1466420089579017,0.39982840619048843,0.45352958485160993
8749,b275479f82a63891577fe96f3152e11eb6f11cc278060163808c367608321065,1,c5,c5,c5,c5,0.09429449,0.22356707,0.6821384,0.3188074180691975,0.19697498235874716,0.48421759957205535,0.2985366288241113,0.2804750502944769,0.42098832088141175
8750,4d7ac76d60009d2490b1806275c3c1753d1f361d401a1e8cf1e42fbe6a2f60e4,1,c234,c1,c1,c1,0.53860354,0.2759757,0.1854208,0.46223036289304703,0.39377482157246085,0.14399481553449223,0.4231253959569997,0.36039830199561,0.21647630204739032
8752,34f38242b933f5a80890de6a83142328c4ef71d168f0633633197c47ade851da,1,c5,c234,c1,c1,0.24135415,0.42761976,0.33102614,0.4318621437412744,0.2231872298618739,0.34495062639685176,0.34281852951452896,0.31952304470037746,0.33765842578509353
8754,194172496ae4eb3576465881bdfc13add100ab43a64b78ccc5fb0be738f51794,1,c234,c5,c234,c1,0.29997432,0.3186341,0.38139156,0.34202744935679924,0.3633896311626792,0.2945829194805216,0.3594677653076293,0.32687863189156513,0.31365360280080556
8761,ca7cc58ec2ea405ca2fa4d6a3cb4358b481dff193dfe3b8c6db79dc6701c5717,1,c5,c1,c234,c234,0.41094372,0.3932966,0.19575964,0.2706688139636716,0.672674400035183,0.05665678600114544,0.37973776925000774,0.5254410696128867,0.09482116113710552
8763,5c566081e4864227dcca169f7b61b4d6faedc3604a85de7ee6412eb5fd8fb5cb,1,c5,c5,c1,c5,0.35347903,0.2775535,0.3689675,0.5113964281611435,0.302502917106,0.18610065473285645,0.26612930718138506,0.28970100176886215,0.4441696910497528
8775,5281de0745c196a181b4f38cdb2f1ea6d37b58a9cf67c2e735fbf48fa7081cbd,1,c5,c234,c234,c5,0.3234569,0.4122369,0.2643062,0.15334286887007545,0.46716576517257485,0.3794913659573497,0.20143561457247977,0.3931281027449049,0.4054362826826154
8781,f69962bd905305dfe228f5280ae735047118341ec94740a496926ed8e460eb61,1,c1,c1,c1,c1,0.6510161,0.283983,0.06500083,0.7478017329075816,0.11775227049466903,0.1344459965977494,0.6277389603440788,0.19209901549233815,0.180162024163583
8791,b5eddb21d5607004c4da5d77828d5711a6050c192f2fffe083be61d510ee4800,1,c1,c1,c5,c5,0.36673388,0.29641291,0.33685318,0.25748282970753256,0.1732260169972824,0.569291153295185,0.299878555186331,0.2691592730549106,0.4309621717587585
8792,b8a3201c844e7bc2479eb13827197d4186dd933aa88b09817ca9a95e43852d2c,1,c1,c1,c5,c1,0.41927144,0.3599651,0.22076343,0.39438737929423046,0.17056281083046876,0.43504980987530084,0.4131236289667487,0.2537192695683896,0.3331571014648617
8794,9e678bb250f39d456d1585ae49bf4078023f9ec0cef01c39e6c5998c7c7c486d,1,c1,c234,c5,c5,0.19846238,0.42705157,0.37448603,0.3295297594604405,0.31337066706689065,0.35709957347266896,0.2886721108400749,0.31342593131876756,0.3979019578411576
8805,8f0b13c79c472b99b5a6b140faad9d3e4cbdb2c99b8450488de9253acad1cfc6,1,c234,c234,c5,c5,0.33737177,0.3644426,0.29818568,0.28273525173879893,0.1804711121098352,0.5367936361513659,0.34892334359352517,0.2682709265523018,0.3828057298541731
8808,4c619699611848e538b1a6b148e8c4fe79449b5d38e8eecf235e03b263cca977,1,c234,c234,c234,c234,0.2582444,0.43830395,0.30345163,0.24313974678840122,0.4866939549427209,0.2701662982688778,0.29412044562645423,0.44566565285978216,0.26021390151376356
8817,9e0a6de0d591ed81d05f1e6cf2c67ac5e7a2a55e8c52a042d2f7efc23891d973,1,c1,c5,c234,c234,0.17909983,0.34649572,0.47440442,0.19699570678901218,0.5143485711973782,0.28865572201360973,0.2521775806937488,0.40487598953667553,0.34294642976957573
8860,d02dc6d65ad322f5ca81045b2113ca323f3b84bc06835f0579e9f683ab113833,1,c234,c5,c1,c1,0.30261877,0.31670415,0.38067704,0.739839266382369,0.18116040566503364,0.07900032795259754,0.6111208148155906,0.2678979591152235,0.1209812260691859
8871,c7a2b1cddc5b457faa423c639b5d43e5033e5f8ea1b8bfbd58dc1024a8fe6b44,1,c234,c5,c5,c5,0.066236325,0.19237605,0.7413876,0.12289197187086384,0.1944059962977139,0.6827020318314223,0.19328457626481194,0.2065619247029959,0.6001534990321922
8882,0041253b1e4e5c1d2e2ce550894b7c89c9bae7ac88fb64041fc8163f758a3ef4,1,c234,c1,c5,c5,0.60838366,0.21736926,0.17424707,0.3342366746469721,0.19107311787130773,0.4746902074817203,0.36261655497887824,0.24579035765003598,0.3915930873710857
8896,ff98a25f6938ba9912f91085210b21529b92a9ec2b24bbda1cce0eada4ab67ec,1,c1,c5,c5,c5,0.18547419,0.23174028,0.58278555,0.35139621675323646,0.19091413804206372,0.4576896452046998,0.3198527030084972,0.22173721990245715,0.45841007708904574
8897,a621f499faa118dcc43a9c905e10358f9b5d1c2a89b03b12ebea882e2e6c734e,1,c234,c5,c234,c5,0.115523525,0.22966065,0.6548159,0.2595752636068297,0.402247537551875,0.3381771988412953,0.24168566623140075,0.29595692338416085,0.46235741038443845
8917,9290dd4cff2b189a88352514477ee2b0419693b945d26e37cfc9ad719fada2c0,1,c234,c234,c5,c5,0.31266418,0.42470652,0.26262927,0.197668031589363,0.29138312507577663,0.5109488433348603,0.2604459045420225,0.3256420113835507,0.4139120840744268
8948,e2fda4ebe8395fe3a97c6d4d1e29689c8e5977ef83239ef61bb3e2c18be21e00,1,c1,c1,c1,c1,0.43474385,0.2823212,0.28293493,0.6969313403467128,0.14205280331779008,0.1610158563354971,0.4749489715105404,0.21835023049323837,0.30670079799622124
8950,a9c3dd205735a2d79618edf566e386057af6d156b13be410a530d94861bd7b78,1,c1,c1,c1,c1,0.5228748,0.255982,0.22114319,0.6521523714621285,0.111192226096043,0.23665540244182867,0.5514592715943732,0.22107551890862698,0.2274652094969998
8957,b3b92a17097090c6ba817b2a234491e4179ed79197ccc6dcc1ac5dc6e2556a83,1,c5,c5,c234,c234,0.27412534,0.3512173,0.37465736,0.250119281589172,0.3860830853222228,0.3637976330886052,0.27831216616812837,0.39311316698408855,0.32857466684778297
8970,739f9c7c78d79d1723c604a29e85e942e68129e1d137c244dd07868fa098a8a1,1,c5,c5,c5,c5,0.13521445,0.19771738,0.6670682,0.10007370004107934,0.3118804869733086,0.5880458129856121,0.17175901486761605,0.26875540378032203,0.559485581352062
8977,425d9ddefd5dcf02c35623e03821ed011884718f31910089d446f6656bb33491,1,c234,c1,c1,c1,0.46109387,0.30783492,0.23107117,0.49459323735102384,0.24659920719742845,0.2588075554515477,0.4390044771242467,0.3348175447759409,0.2261779780998124
8987,e950be98518c0220a08be785468e507e161ef59a80b741216d75fbcff1716aca,1,c234,c1,c1,c1,0.40544587,0.37645137,0.21810275,0.5355234403422486,0.2594443165846843,0.20503224307306706,0.4136930767982248,0.31812352521796966,0.2681833979838056
8990,0f8ce50c855f86173b1de476c604ad1082ee762f1c40abe056e8a99a061826a6,1,c5,c5,c234,c5,0.2914112,0.31624296,0.39234588,0.10047856756260898,0.5989677010362815,0.3005537314011094,0.21277190981645308,0.3914791040222811,0.39574898616126586
8992,9d564ccc5a9c179d674aa03a5e4380bb438b0f1d8e90450889b61c8bda8b8bc8,1,c5,c1,c234,c1,0.5998402,0.27845815,0.12170171,0.2313922957173098,0.4399732827182268,0.3286344215644633,0.35615609705023893,0.35488654118182394,0.2889573617679372
8996,f57e02bfbbc143d03ae315f8af02239c411ce7bd12785a923ea88cf291aa2ac8,1,c1,c234,c1,c1,0.3501884,0.3576136,0.29219797,0.5583945100353348,0.29070985331246235,0.15089563665220282,0.40923640251992865,0.4001515606373614,0.19061203684270994
8999,3d5ecee9c8be7efc6c17542a14195aeec1b113f53258be7a88b8a8aa9d8c4b3c,1,c234,c1,c1,c1,0.43529743,0.33516335,0.22953926,0.3847548259154817,0.3664000824931379,0.2488450915913804,0.3674130598432902,0.342772492896791,0.2898144472599187
9003,2705d310118b4a7eb6b9e1191f2a571c1c1659c3073e82f750afa26e28d38380,1,c234,c5,c5,c234,0.13232768,0.36877072,0.49890158,0.1756429718545628,0.3611915039504798,0.4631655241949574,0.2963563980359669,0.372178398898395,0.3314652030656381
9014,bd8ca1b8230bfb354cb5859a0902ea6080c77ca2dedc484252e56fcae078ab4d,1,c5,c1,c1,c1,0.58217,0.30272365,0.115106285,0.4263651764960663,0.317555165532427,0.2560796579715068,0.4179588032594849,0.3790953212401852,0.20294587550033005
9020,7496a203b47633fe78a97d25a43049995ee11bc9bed1962ede10833b58b846e4,1,c5,c5,c5,c5,0.12348661,0.28818202,0.58833134,0.13253870421358946,0.26544054401434136,0.6020207517720693,0.20788773104531091,0.23303448528135917,0.5590777836733299
9021,6d618ebca8255e5d37259c4d7a9b8096a147c54e28a43b7ce99bb6e9299cd0a6,1,c1,c234,c234,c5,0.19497235,0.40559378,0.3994339,0.2199493495847856,0.4462013097619679,0.3338493406532464,0.31200257226198425,0.3214601966330918,0.366537231104924
9024,ab24a67c44f34d1cf65a68f4bdf302a00772ca00606e81150ecff357295e5aa1,1,c5,c234,c234,c234,0.2745078,0.42592102,0.2995712,0.28809365356533817,0.5100486510286986,0.20185769540596327,0.2772510891109157,0.4063867397471162,0.316362171141968
9035,894a79994289ecfd953d0b145aa83886ec748d37eaa6ca8b5d72ff9c925d2b1f,1,c1,c5,c1,c1,0.32255486,0.2847759,0.3926693,0.693739790634247,0.15310646716728882,0.15315374219846414,0.5597104519265153,0.26026436640296835,0.1800251816705163
9043,ee918f1ae52be1e1e3c6211e25886b47dafc530042ac6568e420514ed0159870,1,c1,c1,c1,c1,0.565893,0.2242891,0.2098179,0.6256054460507348,0.19949431646536867,0.1749002374838966,0.47673619312544907,0.25399505037950554,0.26926875649504545
9051,81bc18d6f151fba969522bcd8551d039d3bfaccfbfc4ca174bb311316b6397e9,1,c234,c234,c234,c234,0.29634148,0.3729374,0.3307211,0.1856794765324804,0.6582339118939943,0.15608661157352524,0.2987372119433155,0.48826527821937143,0.21299750983731316
9084,b867fcba101b143e2767d4c372453fc3d36dc714e121aad4a61e7548ff34f574,1,c234,c1,c234,c1,0.48413673,0.26553553,0.25032783,0.4245627766426906,0.4598683242630921,0.11556889909421741,0.44766846015510353,0.3979956590468456,0.154335880798051
9090,8ec97c6db2f811bf5a5967c168bc1587f50121e242b4d03e4e4c78ad8317a228,1,c234,c1,c234,c234,0.38781413,0.36436316,0.24782276,0.17874880301201337,0.6481759517409814,0.17307524524700516,0.2818146314993233,0.4807041061135685,0.2374812623871083
9091,89bc06637a1baea5a393c8147e0b910b31e75395f928b19c4e66f786ff10d711,1,c234,c234,c5,c234,0.28360006,0.3613213,0.3550787,0.3200071717871213,0.3289683445956809,0.3510244836171978,0.32852590671538695,0.3430409581031465,0.3284331351814666
9093,8b982769e76f48260f4d58f25e51d395fb30018e6d6783535f2d8020c9184659,1,c234,c5,c234,c234,0.25789842,0.363779,0.3783226,0.2605641584358269,0.4585145631452875,0.2809212784188856,0.2578743283886875,0.4482233351466613,0.2939023364646512
9105,0dd8fb7eb4d90f4b18bbfb787b1117a4db45e53bcbbbe015dc7d42c58a0367f7,1,c1,c1,c1,c1,0.48584175,0.28207815,0.23208018,0.563455489579813,0.20055861964465402,0.23598589077553297,0.4457599420298618,0.2727648669280282,0.2814751910421101
9108,f04967abdde27be0288613e51c6231793ffbe7f4aadb30d118137ddff6440a6a,1,c5,c5,c234,c5,0.11297455,0.30335176,0.5836737,0.3376464715622172,0.3649050140021378,0.2974485144356449,0.3059528580773805,0.29170468594462823,0.4023424559779914
9109,2c05dcfca56774fb51ab2b2efca8ae0104973f4e3a3157ccc522a03897a25826,1,c234,c5,c234,c234,0.13577221,0.326608,0.53761977,0.1416728813918028,0.6250678118477918,0.23325930676040532,0.1875490725261113,0.5598486454569775,0.2526022820169111
9110,295da4f016e249226f1a20829fb88c16a2f4df4da5bedd2b9beceafc941f589e,1,c234,c5,c234,c234,0.19172561,0.39583287,0.4124415,0.1842892457438971,0.690357160680833,0.12535359357527,0.20887671613557354,0.4466800641906409,0.3444432196737856
9112,fd84682021415218f0abc0ed2505c32df9428fb1b04923adc2175845b6539629,1,c234,c1,c5,c5,0.5429494,0.25345802,0.20359266,0.30962496932475664,0.31523221622952646,0.37514281444571684,0.3229594770703321,0.3237403335686442,0.35330018936102364
9123,221f4328b916c90a2a9c9a81f1d25c67b6b0378c873990fd32676a8b2d7d5ba2,1,c1,c5,c5,c234,0.21184789,0.31293097,0.4752212,0.3285778551341409,0.28625777445931044,0.3851643704065486,0.30272017023293984,0.3902145949883321,0.30706523477872805
9129,19ff3c75421c6269658e017a254a29e30c4d1a107803b9c9ae15589d20509e94,1,c234,c234,c1,c1,0.3803872,0.39701322,0.22259961,0.6653205474001072,0.2915343618714423,0.043145090728450484,0.5648965245735463,0.33375165745707086,0.10135181796938283
9137,535728eb6552c0b13396d7cd7c273b8e5a80a528feb0e997c6d1b29311ef0742,1,c5,c5,c5,c5,0.15513808,0.37233254,0.47252938,0.0504708955118605,0.2025040036536751,0.7470251008344643,0.12309650666642705,0.23633580930056697,0.6405676840330059
9151,9c51e31d408fbaeb3f86ac4e1ba8fc84335f21ca4fe689c2ff21ce165fee5f0f,1,c234,c5,c1,c234,0.23328939,0.34385428,0.4228563,0.44209909350066007,0.3623099185667191,0.1955909879326208,0.3740623862103282,0.39576694183376543,0.23017067195590638
9158,a2429d157633197189f735fa0a1dac1ad383601d0c3e8d1f62db5ed8c060f1ac,1,c234,c5,c5,c5,0.294086,0.333624,0.37228996,0.3182057535943488,0.25331776565158654,0.42847648075406464,0.29104528011073805,0.30677926349529333,0.4021754563939685
9164,b6a2d11727979bc1fe333c36a5e98b74fa13bc0b4559811f01de7e4a838adf6b,1,c1,c1,c1,c5,0.46363315,0.34397322,0.19239368,0.3732062518571827,0.2582860998010856,0.3685076483417317,0.3325826127168742,0.3300746416993681,0.33734274558375754
9165,e3ecf9a9ca33157a8ac40375cd254f9816b7583b7d799ab38297cedb55be1b4e,1,c234,c1,c5,c5,0.33860716,0.3339609,0.3274319,0.2134344659034859,0.28297107447099407,0.50359445962552,0.25053427568072484,0.2680743606707865,0.4813913636484887
9172,62bd7ee21995be8eeddf658944ae0cf17bd8849efabfb77473049892c81cd9f2,1,c234,c1,c1,c1,0.5214124,0.36859992,0.10998782,0.5904825802062422,0.2905375000637598,0.11897991972999795,0.44774815412569996,0.3830487710118902,0.1692030748624098
9205,90108eb392e36a879ad6432826c9fefc718e79a59eb80e12e75572dc1a82e9b4,1,c234,c234,c5,c5,0.21026768,0.44581285,0.3439195,0.2912755209988114,0.3490400176011444,0.35968446140004434,0.2359052822807368,0.381269806797267,0.3828249109219961
9216,e5430d085738fae19794589446f463a01235a7abd2ce58d3051602ce10d759a2,1,c1,c234,c234,c5,0.36848873,0.420655,0.21085621,0.23997304540376727,0.40967164704406195,0.3503553075521708,0.2728891032682074,0.3288155518094561,0.3982953449223364
9220,2eb33b072ca64e13e8c27648601835898626768b0986ea5a74b7214ede7f2b96,1,c5,c5,c1,c5,0.32111222,0.26737034,0.4115175,0.5184326931773148,0.32888327980458065,0.15268402701810468,0.25364572238935346,0.35485611366409076,0.39149816394655573
9232,5909e4cf4d955622a148a2f85db5ecab664a521b018d2d89b4584dc1eb636891,1,c5,c1,c1,c1,0.576345,0.27899462,0.14466037,0.5588692612603924,0.3458544207157667,0.09527631802384087,0.5953639894634284,0.26723546790167974,0.1374005426348919
9254,aa12d397104c8bcafc476de34879318c63b580b38eeefc12968ae561e254789d,1,c234,c1,c234,c234,0.40784022,0.31563526,0.27652454,0.3062272849922758,0.476558665396553,0.21721404961117108,0.30695698722479414,0.453287286791106,0.23975572598410003
9256,c245a115accf36d2765c678b05190570c811cd886f005bfede755e74a9ed9527,1,c5,c1,c5,c234,0.36559775,0.34711382,0.28728846,0.32650025931609544,0.27322984933120026,0.40026989135270435,0.297905104638403,0.3605466230213342,0.34154827234026286
9260,26e0949d561319afc66d1206c10a0141cffdb151a8512c7332f50bc3b66bd23d,1,c5,c1,c234,c234,0.38826498,0.35049087,0.2612441,0.28526712501223617,0.5263890799312118,0.1883437950565521,0.3218814788381998,0.4476010678278918,0.23051745333390833
9272,601bef7110d1cfa7270574e5503e97adf6e070d7a4d4ab8f7cf2cead4c930e33,1,c1,c1,c234,c234,0.47577262,0.36372218,0.16050522,0.3802112029877025,0.5894680279554991,0.0303207690567983,0.4067423917572964,0.5097495691989234,0.08350803904378018
9276,9a353f25b1c1b7c220acbd3cdb3260570af09cbfdaf8052d4db428d94b42e8f9,1,c234,c5,c1,c5,0.25166157,0.23820604,0.5101324,0.37252983645545507,0.32795605402553657,0.29951410951900836,0.30063134086767646,0.33307648411305635,0.3662921750192672
9288,83d91442c348e8645074aa88fd98b9d4efed969feda68b9a4194ffe6b07ee7cc,1,c234,c1,c1,c1,0.4274731,0.35859618,0.21393073,0.6850313935726259,0.12287285408162044,0.19209575234575385,0.5054969346882365,0.20264263757209086,0.2918604277396727
9289,42e4665b39fb8535f630ba5cdbeea916e1e94cd44c2f8e82293ae99173528afb,1,c1,c1,c234,c234,0.67367244,0.24779126,0.07853632,0.3543852430220124,0.3983410093889327,0.24727374758905507,0.37178208047078476,0.3755585603575963,0.2526593591716189
9293,7e3b8e34450fd7a918ae426d36f00a2ef284a5f69e27569776e2921d8eff037b,1,c1,c1,c234,c1,0.54242754,0.32995316,0.12761927,0.38624265365105076,0.4457418853918289,0.1680154609571204,0.4291173031628257,0.41931480369481683,0.15156789314235744
9305,edcc942488501cfe1083a1eb9f8c14eb6c4c9e6f926c3a7c6c7827c3b5faa857,1,c5,c1,c234,c234,0.47941038,0.29755065,0.22303893,0.2779337164758063,0.4801468869246867,0.24191939659950698,0.3305606712126871,0.3540689053100007,0.31537042347731215
9321,83980e1d663cd4040dad12431c46290226ed1f12056bb2e876fdbc206f0b12dd,1,c1,c234,c5,c5,0.22848321,0.45719916,0.31431767,0.10724480228428945,0.35222862682091544,0.540526570894795,0.17863241360068768,0.4094974672079897,0.41187011919132255
9324,f06fd34cf1808ea9f76ec47750b4c8d9ef2d80c09bf5105d5e8fb2b52ec2aea9,1,c5,c234,c5,c5,0.20301332,0.43355834,0.36342838,0.31959920669029335,0.18359192943865177,0.4968088638710549,0.25744355829713206,0.2805047023358014,0.4620517393670666
9335,ba846260bc72f2051ddfd5207ef3e0458b8cdfc9d1a6e47fa92457c708805549,1,c1,c234,c5,c5,0.16256563,0.4310074,0.40642694,0.19619856476250275,0.22623851901394118,0.5775629162235562,0.26527461663232227,0.2906859191443522,0.44403946422332546
9342,da9ad503ef8e1fb5d31da2a3daacdd7e6e13ef91834a69f9992163254b7f779a,1,c234,c1,c234,c234,0.5530202,0.27798235,0.16899748,0.17827170275861492,0.5431061669259217,0.2786221303154634,0.27941033322879133,0.42088690010483,0.29970276666637874
9345,931776037dba503cd38c6f602b6734518a8faede677bb554d7a7cfa0074209c0,1,c5,c1,c234,c234,0.50426805,0.19454241,0.30118957,0.17661666452954844,0.47334231221168394,0.35004102325876757,0.24883157968475292,0.38125989003755323,0.3699085302776939
9355,17bb4028731b68ea3fca1884304d26f445c0f89d46a23a1abf02cd6463351805,1,c234,c234,c5,c5,0.23570463,0.39854372,0.36575165,0.12006952252375556,0.26054631419886615,0.6193841632773783,0.19218413604369833,0.25837757170784204,0.5494382922484597
9356,1a824fa80d0789d172d25218209dc748e2c03f1ac3e8c00dd4cdaa98f99a7476,1,c234,c234,c1,c1,0.36856163,0.3967094,0.23472895,0.7441809113231878,0.18310302712550028,0.07271606155131194,0.540661486826166,0.3205439992404189,0.13879451393341505
9357,bd316abd3aee4f9916e07aff1289c8ed1739d7995a15d7367578d1b5be4d9069,1,c234,c5,c5,c5,0.27050355,0.30733913,0.4221573,0.2167408271995618,0.32289331239131014,0.4603658604091281,0.18165140826285686,0.33701878197041457,0.4813298097667286
9360,670668bbd1a2b08d90064f1c4ca1a7b8c953eeebb6a77c8bb02a2cdbc986c8e6,1,c234,c234,c234,c234,0.334686,0.39072195,0.27459204,0.30364851701701656,0.48467518779115903,0.21167629519182446,0.3287865612633205,0.37992622836400824,0.29128721037267125
9367,1c16686acac7e736d71cc13c1f2d51c0864d09faf65f85649213d5f74e82f7a5,1,c234,c5,c234,c5,0.11196029,0.22321036,0.6648294,0.12011402385650893,0.47031869414548527,0.40956728199800574,0.1852651366373641,0.3241210196275579,0.49061384373507794
9373,007ad884362188b2f863c5526a738dcc81c5bedda682c1d7452a7a4c9ed05a7c,1,c1,c5,c234,c234,0.2877934,0.3147001,0.39750648,0.2802483124799999,0.39308196400738643,0.32666972351261375,0.26677714406328046,0.3982400150040815,0.3349828409326381
9382,b6f672bfd8bf9a9ee3bfc3ae22d8612e2fdf25783e61907745923179528037d6,1,c234,c5,c234,c234,0.27013874,0.2702093,0.45965192,0.3773872258160607,0.5140788523164969,0.10853392186744233,0.35136835288137513,0.4236335969534393,0.22499805016518554
9395,ed6a57cd86293a61c3135c551c919e4ac22c69b3d7055a72078deba2bd43edaa,1,c1,c5,c234,c234,0.2221694,0.29028776,0.48754287,0.31197320968634473,0.4723637093623017,0.2156630809513535,0.26032541088698813,0.38220924579087756,0.3574653433221343
9404,b87e18463e06ebc50bfe728b88d09991b1797257c6890c70b0b1ed045ac70239,1,c1,c1,c1,c1,0.41637975,0.33690637,0.24671388,0.4122495443299964,0.3370909499453634,0.2506595057246403,0.3922057261643238,0.2961250498599783,0.31166922397569785
9405,4cb27445eba28ed75bff5460c9ccfd52f6b7b85e6ef604bbdb8d72b90fa659c0,1,c5,c5,c5,c5,0.17693563,0.32918116,0.4938832,0.08981204907679506,0.2545136281845493,0.6556743227386557,0.18167019141809915,0.32430388991921,0.49402591866269085
9407,29126572affdaa18a772cd976d4a247b0a407752e8d5810389b294e2408a69b1,1,c234,c1,c234,c234,0.4705248,0.39701217,0.13246304,0.2771990874762101,0.48684349676521177,0.23595741575857823,0.3381701608479513,0.4144773122650373,0.24735252688701137
9410,1dad80073f33297cff0c3c57cc41bac2a808e1af91c1e41982c1151d2980ba62,1,c234,c234,c234,c234,0.27530074,0.42069325,0.30400613,0.1405409539298928,0.5648124595391146,0.2946465865309925,0.19380661052714543,0.46165054873411876,0.34454284073873576
9412,2ccba96f9b4ca6a24e2d7324b8013df74170cbbc55176a2a1a357df688b475fd,1,c5,c5,c5,c5,0.336211,0.3251795,0.33860958,0.29581032954276804,0.2686761224023733,0.4355135480548586,0.2560914582090597,0.3332205573234211,0.41068798446751914
9416,e68eb509df9b0162e7fd5f972eb0667bb67a155c90c30e5cf10909b1b3a10b33,1,c1,c5,c234,c1,0.29617214,0.29049358,0.4133343,0.3332122338379901,0.3335394805357679,0.33324828562624204,0.37316205878128444,0.344753670161907,0.28208427105680856
9418,047316cc276a74c6922a159a1cdf9d5a00fdf37062192551041830138a0db663,1,c234,c5,c5,c5,0.27660453,0.32761818,0.3957773,0.1787106285989599,0.1952004798977375,0.6260888915033026,0.2598519730652874,0.26976607661382546,0.4703819503208872
9419,c0b5e3757019411ea50e8bfe74f8c7d60f34f8aa0b2aaf62cff625df2b215156,1,c1,c234,c1,c1,0.24341375,0.40399936,0.35258693,0.4308782519598303,0.3036974700316433,0.26542427800852625,0.41170692568478995,0.33672576765013174,0.25156730666507837
9422,39fee613779d03e8fc53757c746a4093a1f68a213a3701a76f14435a94a98df4,1,c5,c5,c5,c5,0.19341335,0.3491364,0.45745018,0.2783160661133275,0.36005376044135895,0.3616301734453135,0.31369351131647283,0.2929777107845733,0.39332877789895393
9423,7678ad2ca86d5cc2269319409010a6d934ce3b49c95e733038f43d1b852055f1,1,c5,c5,c5,c5,0.11393031,0.29132503,0.5947446,0.1675966109680827,0.35538496202447906,0.4770184270074382,0.24487843757279,0.3030260425287453,0.45209551989846475
9430,0971c5e70bcaa1f02c67dcf2ffd801fb092176b5ca21940a33884aeb0bbf7af6,1,c5,c5,c5,c5,0.29213458,0.30584192,0.4020235,0.09479314261384228,0.11102471160677509,0.7941821457793826,0.22762804677499984,0.21545051809385818,0.556921435131142
9438,f02a44a635d37f7f9b61715288ad7406f010787078e95f4910f89ec71c8b4ef8,1,c234,c5,c234,c234,0.29437995,0.31716144,0.38845864,0.28207731555389787,0.5210159525075067,0.19690673193859537,0.33135166825949386,0.4560199648266696,0.21262836691383658
9440,bcbdd98934f562c42b9198c47a4e34a5b5aca1aebe7fde10f36d4a76a7d1181d,1,c1,c5,c5,c5,0.20122643,0.36835247,0.43042102,0.23170081488149488,0.1855314254068116,0.5827677597116936,0.22268433058708736,0.3037930590953817,0.473522610317531
9445,4b78eec5e57e9eb6d4b1e577ab60915ad4fe39a9234289dbcd2d6fb0b02ae7e2,1,c5,c234,c5,c5,0.2282261,0.4159999,0.35577402,0.18330822336558475,0.38442035752086395,0.4322714191135513,0.2945670394935847,0.34276530032965014,0.36266766017676516
9447,9738ebfd6e7fbbfc1be59ce9dd5cf2e167a3011c71bdd9d44004fea5a0ffe5c9,1,c1,c1,c1,c5,0.41246825,0.22746563,0.36006606,0.4844446245090625,0.1797969321824062,0.3357584433085313,0.3359897177999561,0.255477679042954,0.4085326031570899
9457,4f77b438609f87bc960e2a44623fd40b2abec6ced13985a357b35bd805355d72,1,c1,c1,c1,c1,0.56809247,0.25767413,0.1742334,0.6421536811412375,0.2337137876037388,0.12413253125502362,0.5230049463099943,0.253927935951258,0.22306711773874768
9465,f14756ea3b2ef47534ce2ee57484af120a26a8fa7b882066a1e3340a7306dcdf,1,c5,c5,c5,c5,0.29760483,0.34066582,0.3617293,0.22736308097759125,0.33996922769200266,0.432667691330406,0.26052638203923023,0.31246271165588074,0.42701090630488897
9475,531a970911854034204f6346aa2981b9c6cdf71e2b05feee0f84c401ccf38568,1,c234,c234,c234,c234,0.28367656,0.38839746,0.32792598,0.2715202867742121,0.49468182577956304,0.23379788744622496,0.27063749691497313,0.4290701514214127,0.3002923516636143
9485,f3dd07220402447aac2d7ffa1a588662186c4c8fa1853d850bb4c0cd78da672a,1,c234,c5,c234,c5,0.12871012,0.35971102,0.51157886,0.22203063564736233,0.4022334915301455,0.37573587282249216,0.24745792090197669,0.36415533598856703,0.3883867431094562
9489,a079617a8cae873ca64d2874dfc66a220cb656128a4d888776e38ac4ac1e338b,1,c5,c5,c5,c5,0.08468856,0.22974448,0.68556696,0.16228821826853534,0.4068957373454025,0.43081604438606197,0.18375548562944263,0.36157538708900466,0.4546691272815526
9495,63307265748084a276941f6b020ba08786ed814361de2c92445ca858aaf5f9ae,1,c1,c1,c1,c1,0.35875192,0.33340004,0.30784807,0.48396759412343227,0.25785680600623356,0.25817559987033406,0.43949115698890145,0.30591063918099726,0.25459820383010123
9496,f466096bb4faf395ffbfc724bd0c89603c91e03292a530634cdf6d6e67143510,1,c1,c1,c5,c5,0.6768449,0.16086619,0.16228892,0.27419698165905115,0.297008790027245,0.42879422831370384,0.3604358415580626,0.27708285626248547,0.36248130217945196
9505,f43843cd99abf47c00d38964e8d82c26c4825fe7ebb4ec596b08920784a58530,1,c5,c5,c5,c5,0.15180859,0.31528726,0.5329042,0.24081811373027998,0.1272659765760787,0.6319159096936413,0.3130383283214856,0.20282795350278468,0.48413371817572975
9511,058e5ab29d5ae02bc9f3c3f4453d22b5e6d194a1cabc146789d93ff811c56b12,1,c5,c234,c234,c234,0.3034824,0.44038132,0.25613624,0.30464982049567696,0.558955157546437,0.13639502195788603,0.36271479065747914,0.4545301830444836,0.1827550262980372
9516,2aed8a3c18c7fc3758ebf2a47956cb3c45b51de1382b0052d35d2a26ad0182a7,1,c234,c1,c1,c1,0.43357524,0.33061972,0.23580506,0.5281025904599318,0.2901622902250782,0.18173511931498992,0.4543346013475698,0.32356176905558565,0.22210362959684468
9517,c3ad03b6ba1a86f39d171274959a0d0f1d1fd2c63f56706e71ad490a5ff18782,1,c1,c1,c1,c1,0.68743294,0.24847506,0.064091995,0.8020468328632785,0.10568772935682649,0.09226543777989507,0.711966386696585,0.1747909014326923,0.11324271187072281
9541,e6a9d42ac67cb7b706d49ade9fc500f30046fdc2fb9b9671e844317d89e091b7,1,c1,c234,c234,c234,0.24023987,0.47904631,0.2807138,0.3049468521268521,0.5468579279185897,0.14819521995455828,0.23658658768027455,0.5244082949142764,0.23900511740544902
9544,8bec912d01bfb4afe60a75f2b9df86144050e8bd7551144044cd9ee559321609,1,c234,c5,c5,c5,0.06672054,0.2918116,0.64146787,0.10433331671169331,0.2971878649389803,0.5984788183493265,0.19978403891365376,0.3117156236786826,0.48850033740766363
9545,1725cc5f96618792be772d8ab369c81817eb9f3b18c9904f6b05986f94e2001c,1,c234,c1,c1,c1,0.54748696,0.27297455,0.17953849,0.66247654328587,0.24543210592564205,0.09209135078848785,0.5186948418652751,0.30064922419535434,0.18065593393937063
9556,f757c8f7a56ee5fe629b9bda03bad4388a9df2e08372b1a2289d1bb18c9ccbd6,1,c1,c1,c1,c1,0.44370618,0.34379604,0.2124977,0.6279256384653114,0.1703041155426105,0.20177024599207813,0.5271310601245294,0.21679827546535846,0.25607066441011217
9567,455cbfb9abd9fc9dac27741f27143ba6f7825ef8bfe35c6da18b095dec0dcc39,1,c5,c234,c5,c5,0.2033343,0.4364079,0.36025783,0.1640540511284436,0.3239038404568329,0.5120421084147234,0.1854988990290717,0.37368255380595394,0.44081854716497426
9571,7cffafb7d5cd1014048c653079df60f94c5afea6b39421f74d6760745f601588,1,c5,c5,c234,c234,0.124551356,0.3460969,0.5293517,0.15896948319628113,0.45086792210466486,0.3901625946990539,0.18363995175546896,0.4377549661860212,0.37860508205850973
9580,23580a743a7c7236ab91734f4b676a23e5305aa0fe65e23140536196e224e6d9,1,c5,c5,c5,c5,0.34376895,0.26728296,0.3889481,0.28814648806732884,0.23774850648172957,0.4741050054509416,0.307018097490647,0.23368885942228995,0.4592930430870631
9582,10b73ac41947034f9cb3d88269b14affbf6e6256a0ee115d84ce2447d5698c15,1,c1,c234,c234,c234,0.21684627,0.43364313,0.3495106,0.11899900815583007,0.6875719915530882,0.19342900029108168,0.16716357664275663,0.5606650275234463,0.272171395833797
9583,08b0fbad294a0f59471065e8229d008b4ddab24f9e361b9722a5a431c80a30cd,1,c234,c5,c5,c5,0.05947344,0.24838166,0.69214493,0.1895189233201455,0.3500729510674046,0.46040812561244987,0.18954218951431934,0.3336005058898975,0.4768573045957831
9588,5712ed8a7ad44bd3794a497da9afd79a729d881b9958764525aad8acd44d47ca,1,c1,c5,c5,c5,0.1683025,0.34319505,0.4885025,0.1549831417249816,0.32283209346727126,0.5221847648077471,0.2412856526733053,0.34037189900531784,0.4183424483213769
9592,2d5306a49cb656aaf7709005f9c9a41bf8a730829204e6f3b8226a99821e81d0,1,c1,c5,c5,c5,0.23577166,0.37322253,0.39100575,0.1299128953060293,0.2211947193708703,0.6488923853231003,0.20716032266686643,0.30434778196063506,0.4884918953724986
9599,88b12a4d9d961a5d2ae04b8a56f90cf140bef5dc32212eafa6df652c2c9bad9a,1,c1,c1,c234,c5,0.5660546,0.25272125,0.18122415,0.23292104515662343,0.38678921201262545,0.38028974283075123,0.29771183346515917,0.31916203232386087,0.3831261342109801
9606,3317bf9862cde0cefef8419c74d5b161fb35eee732a79f7d75a7e94df89e3bbd,1,c234,c5,c234,c234,0.22905023,0.2540641,0.51688564,0.15984663337544341,0.7072633075830769,0.13289005904147974,0.30570378404297827,0.3842833194436279,0.31001289651339375
9615,56d8a31ec30596da614cb3a591ba1f1e59182de9329c392656faf29e05ab20ee,1,c1,c234,c5,c234,0.25487304,0.43671525,0.30841175,0.2346312473389225,0.34869117754571655,0.416677575115361,0.2706418023714643,0.38374451019882744,0.34561368742970827
9618,fd66efc1c8d8cfbfc4eaba72815f7e674a920d1be3ba36cd4c15a13f40e73131,1,c1,c1,c1,c1,0.71265113,0.22890754,0.05844133,0.8248987492074833,0.13511560320603663,0.03998564758648006,0.6816668426485557,0.2311867320310437,0.08714642532040051
9620,7335c09c5ab242e68dfe46cdb19f41f7054458e38600db6d8440f04c165226c2,1,c234,c234,c234,c234,0.30804515,0.38800746,0.30394736,0.1836097426919147,0.4142801959139842,0.40211006139410105,0.24997003621962915,0.41747174925249503,0.3325582145278759
9632,fe7dcbcf1084ffdad4cb3d2fdca1346066f9b2a49babaa7275b8c3cf5602a3bf,1,c234,c1,c1,c1,0.6823654,0.24406394,0.07357063,0.509557525992,0.42001755527706225,0.07042491873093783,0.48938789728213544,0.4053704453522468,0.1052416573656178
9635,b7e2e5a92090b399a59b9d76a48ff6ea767b6a462c6fe0e5327aa88f3965f5b5,1,c1,c1,c1,c234,0.4729849,0.38449228,0.14252278,0.5953516307475051,0.29167142964301224,0.1129769396094827,0.36346357894742426,0.388806252985593,0.24773016806698264
9637,50d6b20f6a57d017eab669f1b46bbc618df350360dd4331747a3c1480d649ef1,1,c5,c5,c5,c5,0.08225884,0.23101151,0.68672967,0.08836525816862156,0.16218834009604413,0.7494464017353343,0.09033304419102342,0.21079304971570229,0.6988739060932743
9645,aacc4b2afb2090cabaa13ad4d1884da13442732e753061d141fa072cf4bd1e90,1,c234,c1,c1,c1,0.4443804,0.28076184,0.2748577,0.5073630168617498,0.3426476652818404,0.14998931785640984,0.5278901949149727,0.3184446519650302,0.15366515311999715
9662,6531abb152dfe7d2f6c3ce0cdc8d344fded8d58b1eb0699f6111baa071339782,1,c5,c5,c5,c5,0.33675247,0.27116963,0.39207792,0.255226240549891,0.3224284653893336,0.4223452940607754,0.23327961240232403,0.35809178905700195,0.408628598540674
9670,7c472baf2a0274a427eb09b071c1cdab42c9c28dd5cc21f4746b16f1905a0f74,1,c1,c234,c234,c234,0.35107166,0.4259763,0.22295202,0.3078367588495906,0.42775108255027783,0.2644121586001315,0.3197166094178872,0.3839118710767975,0.29637151950531543
9675,68570260b70ff5530b8f97ee9c19a62650497ae27d6586319108c503e8584aa3,1,c1,c1,c1,c1,0.5356729,0.3166607,0.14766638,0.5850741734984833,0.1736934115398745,0.2412324149616421,0.42010142998496575,0.2775244523484698,0.30237411766656447
9680,03ef56d937f1c5ec5e58a37e684235ef2f22bd5c9b6750d0473fec35ae86da8b,1,c5,c1,c234,c234,0.4015317,0.32637477,0.27209353,0.4148942676142404,0.42520888103429877,0.1598968513514609,0.3415528254584952,0.41686868847306296,0.2415784860684418
9690,931776037dba503cd38c6f602b6734518a8faede677bb554d7a7cfa0074209c0,1,c1,c1,c234,c234,0.5042677,0.19454251,0.30118978,0.17661666452954844,0.47334231221168394,0.35004102325876757,0.24883157968475292,0.38125989003755323,0.3699085302776939
9715,8543cdf294c0ac8d2c431350e112bf9a6db952874a531f65a7076f2b3da58525,1,c234,c234,c234,c234,0.3740324,0.4317833,0.19418429,0.22870980344075997,0.5261642356447838,0.24512596091445624,0.28443588225987293,0.4326659564735545,0.28289816126657263
9716,fac7c26b374458e5860309b9cdd14a3bfa93133f06f525f45319f7246301224f,1,c5,c5,c5,c5,0.15465513,0.40156746,0.44377744,0.13935960157875577,0.3198166636828268,0.5408237347384175,0.19119080069789957,0.33361911714451464,0.47519008215758585
9739,edcc942488501cfe1083a1eb9f8c14eb6c4c9e6f926c3a7c6c7827c3b5faa857,1,c234,c1,c234,c234,0.47941044,0.29755062,0.22303888,0.2779337164758063,0.4801468869246867,0.24191939659950698,0.3305606712126871,0.3540689053100007,0.31537042347731215
9741,ec6f378c74d3dfffe0d0a15e91452e38ff8b70573f5ea162087d9be43f02f423,1,c234,c5,c234,c234,0.15159352,0.40136364,0.4470428,0.28140637805275137,0.5265709199289202,0.19202270201832844,0.3357276992037656,0.4083660464905934,0.25590625430564107
9742,d15c169a34c26d45e64adf8eb19eabf99d41c4d21565fda933e132d335fd36ab,1,c5,c5,c5,c5,0.25106412,0.23517989,0.513756,0.08085859727713042,0.11055559005125998,0.8085858126716097,0.18469758260970381,0.2676587366798003,0.5476436807104959
9744,070b2579a3db5d5b50e8a8468cedc8941bc789488795700778e46cdd8cd25bf0,1,c234,c5,c5,c5,0.097295836,0.30711886,0.59558535,0.30155572712128564,0.27249093014013737,0.425953342738577,0.26282732466715863,0.31012972241439024,0.4270429529184512
9746,aa39ca96edc7fdd0b77cc569324f1e403edfc395b1a5cee125f75eb2ee8a4e0e,1,c1,c234,c1,c1,0.23031953,0.40204552,0.36763498,0.3989695576730426,0.3371941213998396,0.26383632092711784,0.38637744662780826,0.3493530203719439,0.26426953300024786
9748,32ec1a9d16fa2944d5d84f75a5b6149826f1e4f356d6cef890ea8b11de69ff48,1,c5,c5,c1,c5,0.36520657,0.2524788,0.38231462,0.47122816047102684,0.23835233090982091,0.29041950861915217,0.3714564436100238,0.25680955849321824,0.37173399789675804
9749,6ef6b99b303332829a06b5e4fda6dc7fa7c804a7270a389ba63b4bf56f21ede5,1,c234,c234,c234,c234,0.21826069,0.42529073,0.3564485,0.1359564365342319,0.4839894238330981,0.38005413963267,0.19736406135966764,0.42206884144299806,0.3805670971973343
9763,a55fe6eb83323f8e02ee9560f9268cfee2298a555352e891014468b840cd708f,1,c234,c1,c1,c1,0.36315137,0.33009973,0.30674893,0.45831930485576594,0.22695651246974965,0.3147241826744844,0.3580744452393986,0.28831397760243277,0.35361157715816866
9765,811080b9166f08421696ab72097f6d8757dcc4a52d2bd0a4b2287c47a9b991eb,1,c5,c5,c5,c5,0.17615537,0.38200387,0.44184083,0.13993727937445555,0.32070670695431125,0.5393560136712332,0.20537008239124852,0.3085920055797331,0.48603791202901836
9781,731967c8fe44e6b3aa3a1d6d6e4f454dec483581664f3704e45d5b2158bed182,1,c1,c1,c5,c234,0.38978124,0.3659729,0.24424595,0.25655967070731445,0.355879148165208,0.3875611811274775,0.3202347474979554,0.352445320318222,0.32731993218382255
9787,b084744528c0cb537686b9a035af7f880ffa404f9b17abf5ae7a5810749fbd22,1,c5,c5,c5,c5,0.14119393,0.29214236,0.56666374,0.1332971979694877,0.1842007951027983,0.6825020069277139,0.1867165371051597,0.25069960763810756,0.5625838552567327
9790,166acb33b1e4d043e1a5d56e98e62cc806c3f5fca6bfe7f6dab5d021af1a2da6,1,c234,c1,c234,c234,0.47473988,0.3812786,0.14398159,0.4080099203472035,0.5677402592135798,0.024249820439216658,0.3920384307061225,0.5322943368307702,0.07566723246310728
9794,29d1e0ce69dc6353622bd307db8917fe407690bb7c6dc53534bd1d25c0698642,1,c5,c1,c1,c1,0.67195475,0.2133029,0.11474231,0.48807566203745417,0.23528517648199887,0.27663916148054685,0.45668172935109047,0.2828048821339864,0.2605133885149231
9795,051401588562b98a5e2e488a834377624bba8e7a313c2eff7748b6eca56ff946,1,c1,c234,c1,c234,0.20483257,0.4048578,0.39030954,0.5793345206039786,0.31650556652089584,0.10415991287512552,0.3784370716462744,0.39521529586777726,0.22634763248594833
9801,6c244a608fd16f5d6481c75f563c43839fb6754c590b00b1e49034ac47ab8b7a,1,c1,c1,c1,c1,0.5718065,0.3021167,0.12607677,0.42940785588680835,0.4271378441043962,0.14345430000879542,0.41527823800441327,0.40210829244029483,0.18261346955529192
9817,51bf811d2882653c575c2d06886aa13d1d218aa5e9230a545b36e4d0dd4897e2,1,c5,c5,c234,c234,0.13483903,0.26767814,0.59748286,0.17222145730894783,0.4523366429029949,0.3754418997880573,0.20261784231458507,0.42448692438494035,0.3728952333004747
9823,f3c032180a616835915e2623e44024a26115f21f75ca62a2d5a0e81035ba5ae0,1,c1,c234,c1,c234,0.34982798,0.37358174,0.27659032,0.4208825556463662,0.37836066291999,0.20075678143364392,0.3038289002730598,0.3566396345199922,0.33953146520694794
9824,9700406ca6ce0e3d84900f58d8df10b65fb4d216a0f173dff03823a0eaf9ee19,1,c5,c5,c5,c5,0.056818325,0.26389554,0.6792861,0.02102148170964257,0.05192424423488565,0.9270542740554718,0.07347616232705326,0.21569459544404757,0.7108292422288992
9841,6c51e7b862cf01407f8608626e84d0c9c1118204d16e294807f5b248944e4316,1,c1,c1,c1,c234,0.58160776,0.25866008,0.15973215,0.34693031566721916,0.31751658867493154,0.33555309565784935,0.3356171187514534,0.3932200153345258,0.2711628659140207
9843,5c566081e4864227dcca169f7b61b4d6faedc3604a85de7ee6412eb5fd8fb5cb,1,c234,c5,c1,c5,0.35347894,0.2775536,0.3689674,0.5113964281611435,0.302502917106,0.18610065473285645,0.26612930718138506,0.28970100176886215,0.4441696910497528
9859,3fbdf18c2ddd95201f295c3f8efce10eeaea2ef5d48e212242fd65e37b73f54a,1,c5,c5,c234,c234,0.18636543,0.3252059,0.48842865,0.23946545525071317,0.47802884303852616,0.28250570171076067,0.259818355892896,0.42116663798403736,0.31901500612306666
9863,72c8f33e33e46ba952871e7baffcc84ca3ab315eb7b9d36f1b355c3b006eda15,1,c5,c5,c5,c5,0.11915568,0.36235252,0.5184918,0.1655977326223407,0.3619110974829924,0.47249116989466683,0.22023704121443752,0.3335659817979161,0.4461969769876464
9889,a2b3780284d753fec165c4d5f92311450f9c04d39e71e35a1325f52749f16273,1,c234,c1,c234,c1,0.7132084,0.23136021,0.05543141,0.3193640778908144,0.4757136671692105,0.20492225493997523,0.41265492043433466,0.3510642964072474,0.23628078315841777
9902,d6ff2ce5d8c4942ec2dbb64c3651bad33a8454ee83fee19c8cb35393192ff0f2,1,c1,c5,c5,c5,0.12874968,0.31662983,0.55462044,0.22278313428001023,0.29077788934029886,0.4864389763796909,0.22052631456111396,0.31147304867625353,0.46800063676263254
9909,3e4fdf024e70f91ecc81ebd328e2c2d90bf5183d628651b2cd3879578b7f223f,1,c234,c234,c1,c1,0.35073572,0.37146792,0.2777964,0.5522165280722731,0.25521958952366053,0.19256388240406638,0.3966241067005399,0.3500779212925555,0.25329797200690457
9912,6f8497a3e35d6433a95fd1e59098d8c90b3c9b2bce9319681dcff6a28d2e1295,1,c1,c234,c234,c234,0.26812533,0.4060476,0.32582706,0.09013888580948078,0.8100670745300688,0.09979403966045051,0.23172483142721811,0.5773473890965938,0.19092777947618805
9924,b1e3eb4835ac7f5bceb4198550f84c805e1693e4c24afd28eb2a42a08aed59e1,1,c1,c5,c234,c5,0.23019548,0.330016,0.43978855,0.23376648104508102,0.40289273416683014,0.3633407847880888,0.24778942191622244,0.3565734090544726,0.39563716902930496
9925,e378be800cc8ad0b4ec6174038deb2adfa7e92a875a352cae4da0adfd5d8adc2,1,c1,c1,c234,c234,0.5695302,0.29567155,0.13479823,0.3835363427148764,0.5668714199915607,0.04959223729356298,0.44131795613377856,0.47527947502575596,0.08340256884046544
9932,db86dbbd5bdb68d3034279a42b05f8e1fd6bd94f53db7e080696df677174e577,1,c234,c1,c1,c1,0.35946617,0.31408608,0.32644776,0.40065350079019807,0.34255629570401513,0.25679020350578674,0.4006587990373396,0.31910493195798406,0.28023626900467646
9934,71dc1539868376d406e6e51543a8fa6017033be290c7ac58af1d2cd5e65decb7,1,c5,c1,c5,c5,0.43235263,0.27044332,0.297204,0.09822603468194879,0.12620198794776047,0.7755719773702908,0.21317890808696163,0.20823301773897018,0.5785880741740682
9939,74b4e4a6b1b7a1bb7234fc95b2076f0b2526201f4392e0f3610c733cff45986a,1,c5,c5,c5,c5,0.26794943,0.25524667,0.4768038,0.08214196187085936,0.23660889882292438,0.6812491393062163,0.19959097329328232,0.3325761347232718,0.4678328919834459
9951,b557ab9592ceb40ac1df19bafb3e67d901d524e16255b5c20f6b40d51792fc44,1,c5,c1,c1,c1,0.59456486,0.3287745,0.07666064,0.4316728739197213,0.4146296834214859,0.15369744265879273,0.4784885289654573,0.39204535606737717,0.1294661149671655
9954,e5ac8f66cc97daae82af8fe70e8974fe77a5efc24de2b41cf9cd6be86e5a3da9,1,c1,c5,c234,c5,0.17344704,0.36209658,0.46445644,0.30719214565250014,0.41794655311234197,0.2748613012351579,0.25466460943619224,0.3666756805018584,0.37865971006194943
9961,565aa981789d6f21d81f17f001d45a1dc53b33b752e3121eeb41e0d83a0be6ae,1,c234,c1,c1,c1,0.6711875,0.25985092,0.06896163,0.5497625519885372,0.378976558823654,0.0712608891878088,0.604102365608483,0.2968652256813257,0.09903240871019121
9964,631d7e26f41aca0ff270e42f0b3eb51e3e935962ce9c7c6ba1c505bed42a651e,1,c1,c1,c234,c1,0.70663553,0.17358693,0.119777605,0.37932653221246226,0.48571597405392536,0.13495749373361227,0.44046224504991266,0.36337126430445005,0.1961664906456374
9969,9d67aa0a57c4e5e9f325e2bfce907a5a3f48512a0e2b1df22b6f434e1f436573,1,c1,c5,c5,c5,0.2910978,0.25829518,0.450607,0.24884830909666616,0.18632667879737919,0.5648250121059547,0.2940893379970504,0.2431618816184945,0.4627487803844551
9976,03578d7180b5fbd9e74103087c587e008531cb814bdd63bc83d58ce0842e9468,1,c1,c234,c234,c234,0.27432054,0.4379539,0.28772557,0.31330357625412125,0.5021679513531322,0.18452847239274658,0.3083159497571591,0.39918739425756733,0.2924966559852736
9977,b05f2540c4147a76cf648a410c71239c03f867ae5dc429335bb03ad3885a7090,1,c5,c5,c5,c5,0.10995913,0.33249283,0.55754805,0.16170232876107227,0.3780969354581268,0.460200735780801,0.18746230983362355,0.36122040379902587,0.4513172863673507
9988,f9faf50ceeab5f7ace1781335eb41a6ec80319ca6f5da1e2fdc48da5dee300c1,1,c1,c1,c234,c234,0.53781354,0.33422658,0.12795989,0.3658944770399973,0.5199944343660099,0.11411108859399292,0.3797667209471437,0.45967609409058763,0.1605571849622688
9991,26939ea2d57a0bf5bde4aa6c8ab429983395ed943b3b76349212f84c60c223d9,1,c1,c5,c234,c5,0.29791793,0.30858412,0.39349797,0.22891732677656515,0.478603969615754,0.29247870360768086,0.24287622605018772,0.3664388881410155,0.39068488580879673
9994,92bca14d1c326d6f3b3aaeef49c62c35daf69ef9ced575529a85dfea8cce2c50,1,c1,c1,c1,c1,0.5923842,0.22006294,0.18755277,0.5318552802806865,0.2241927663236336,0.24395195339567985,0.4797216648107461,0.2535786737978705,0.2666996613913835
10013,c3039ca3d73753229c2edefaab2d3691b9749aff55a6c728fd884ae309863937,1,c234,c5,c5,c5,0.1363007,0.37237048,0.4913288,0.10507974929507805,0.4320395211674546,0.4628807295374674,0.16616156715352134,0.39536739334965765,0.43847103949682104
10018,d8515d3d37bc0658b09bc5bdbd9db3cc016f474b51a94149229a2f3c03d68d24,1,c234,c5,c1,c1,0.25403222,0.35030726,0.39566055,0.5422769013785671,0.23055891692100638,0.22716418170042643,0.4094328533589249,0.30998633065988807,0.28058081598118706
10025,8213fc295475a23b18993dc9b53eb4763a312d5dc9d1615ecb103afd0aea6cfd,1,c1,c234,c5,c5,0.3589488,0.38713512,0.25391608,0.2562312058640224,0.2899362570855714,0.45383253705040616,0.2629437220162065,0.3578455460151804,0.379210731968613
10035,4c447024cd6d8907989da8cc82fe138b3c9af16403f5065ee41c3f198860cf5c,1,c5,c234,c5,c5,0.32014978,0.37371817,0.306132,0.19211072290709752,0.33787518333298483,0.47001409375991776,0.25728108859138704,0.34952371682550265,0.3931951945831103
10044,289f60e497258163886a307a2d2e2aa766c688686977e232c563c4405745f3bc,1,c5,c1,c1,c1,0.42295986,0.3921134,0.18492673,0.6946658529921551,0.25143111968724946,0.05390302732059545,0.6440890743868705,0.2659055716053405,0.09000535400778907
10060,5b4004dbbd4d1be999c2c068477e66e357853e643378711367a35ddacda5e9e8,1,c234,c1,c1,c1,0.49948964,0.24192074,0.25858954,0.8166606473680386,0.07130849347473055,0.11203085915723093,0.6110924535625051,0.14598948726241762,0.24291805917507736
10066,381e95d4073ea8b95601d362e254db04af4317028295fa0a6b77df735b2d4bf3,1,c1,c5,c234,c5,0.1391246,0.23744494,0.62343043,0.33524014854781287,0.4080919180441875,0.25666793340799976,0.2544053931340951,0.3415843013981868,0.4040103054677182
10068,f24d774521fa01eb27bc6b5c7e0339e7a57acf194e5043c968d615419fd2455a,1,c234,c234,c234,c234,0.2695011,0.45210055,0.27839845,0.29258819170301137,0.43782285048159464,0.26958895781539394,0.2807885507223444,0.4765304528715194,0.24268099640613616
10110,af75fb4d5e80e473a87f4f0e7eaa9e9e8e8535d6536641fe1e0e09861fc26faf,1,c5,c234,c234,c234,0.22870456,0.43672556,0.33456987,0.2299806662617797,0.567522439886832,0.20249689385138822,0.24953539027112398,0.392875474695381,0.357589135033495
10111,0917fddf37fd2e1f77f412b9b921f2440db5230587a5eb3f81458167ef825828,1,c234,c1,c1,c234,0.53781396,0.3342264,0.12795965,0.5531243937648632,0.35574022459603744,0.09113538163909933,0.4156996015546349,0.43940973189794136,0.14489066654742372
10112,b86028d293a40d9b25fc46a47def5b603a52158252f772c4fdfbf9d1495f768e,1,c234,c5,c5,c5,0.17962645,0.2704665,0.549907,0.10073201409303183,0.378372445166565,0.5208955407404031,0.11543889732312375,0.31777372652189895,0.5667873761549774
10117,ef5a497d24085a5a3044203662c38648b7111c80774c70793436666af9639cd0,1,c5,c5,c1,c5,0.35321534,0.23670195,0.41008273,0.3623326867814626,0.30540175042222373,0.33226556279631375,0.33589508029744847,0.28212596729973954,0.381978952402812
10126,77faa3341855d3bd1f464e9592566afa7071bf6f1c33bfcca77a72b4297b32de,1,c5,c234,c5,c5,0.2988837,0.36226144,0.3388548,0.14964510417916307,0.3340085188249651,0.5163463769958718,0.1750201674419958,0.3347217866831208,0.4902580458748835
10131,87abbe29998368ac7fbe84c430587ffeb0fba44f3efad8e17c4ac6a0d8516e76,1,c5,c5,c234,c234,0.32026982,0.2872767,0.39245352,0.26873039574247365,0.416979831693954,0.31428977256357243,0.26343591791272475,0.3816085555401538,0.35495552654712137
10132,9bc4e519c1bb79739e290921f9a110f9e444ebe5fce5638d3b60b053f1dc7eda,1,c234,c234,c234,c234,0.21967874,0.39840195,0.38191935,0.09873241295610709,0.6481063330461986,0.2531612539976944,0.18489433111426343,0.4749905684952434,0.3401151003904931
10141,b1731c3be38d5d3e30249fe536d2663ba5494a4abbc27acb4c875cb30c6082f9,1,c234,c234,c5,c5,0.321669,0.42687857,0.25145245,0.3189542907202487,0.2268504312149955,0.45419527806475574,0.3460740466356602,0.2871026043955556,0.36682334896878416
10146,c9430027562c6aedc1d58e2bab937c478588ff183da51819c3c62e091d173a34,1,c234,c1,c1,c1,0.59419703,0.31647596,0.08932705,0.3869726928857322,0.3514687835527847,0.261558523561483,0.3964797560359145,0.3642528676837823,0.2392673762803031
10147,4897334cbc3ef5a281c1055a508577d8b4e775f4e14e0c53b2f95d3c09d94d03,1,c5,c1,c1,c1,0.55483645,0.2536131,0.19155048,0.48301741291761324,0.28643604592102784,0.23054654116135886,0.4085735104215073,0.33047996713824657,0.2609465224402462
10157,fceb1fdeb6907710cf49b847e7c393a456e68e1170c23092350423d054f4ad84,1,c234,c1,c234,c234,0.49508873,0.36455482,0.14035648,0.329829080823087,0.5690022454353137,0.10116867374159928,0.3550311982414491,0.49947848456944943,0.14549031718910155
10162,fc8cae0b368c1920355279dc1b5ff811728ef48ab52419172a24edd3e3f22c84,1,c234,c234,c234,c234,0.2709267,0.4480233,0.28105003,0.33748452691618946,0.452676432284508,0.20983904079930263,0.3579623689458233,0.3902687171096544,0.25176891394452233
10168,1fd86d6077c73e44397fa347d730f28a6db3056cec63b7b2bfb2bf1236ced7c0,1,c234,c234,c234,c234,0.29928657,0.46653342,0.23417994,0.1766093198534337,0.5127703050011512,0.31062037514541513,0.21641538388212575,0.4335221072744975,0.35006250884337664
10190,38c94c571123a89f216064bd0e946681c0f1f31bd1099006377ff32bb4bef3a6,1,c1,c5,c5,c5,0.33234233,0.292706,0.37495166,0.17594704016966242,0.31972748382876637,0.5043254760015712,0.25819026164923164,0.33514360742441474,0.40666613092635373
10193,f473d67260263ca683bab607834eade8d8d9a17dce6ecd0118c96178c12f025b,1,c1,c1,c1,c1,0.44767904,0.3403315,0.21198946,0.5657487463465347,0.20571486354097832,0.22853639011248705,0.4236172515058881,0.323806568590344,0.252576179903768
10208,55d1c0798497414bde5e9e47bb2855af2122b2f18101b5e0004a4d55e4935caa,1,c1,c1,c1,c1,0.42300415,0.32888407,0.2481118,0.5003843466404495,0.3362454933929077,0.1633701599666429,0.4016639159054493,0.3546676416073286,0.24366844248722194
10209,abea752c3b0e1ce2805646b6b3cb8295ee50c8402f6443005869fa909a2a6d55,1,c1,c5,c1,c5,0.19404592,0.37123892,0.43471515,0.46998870470074855,0.14975119620824665,0.3802600990910049,0.32921866988364284,0.17576650094015628,0.49501482917620093
10224,c232bf7ea390f89131a69fbace52b825725996e1a51db9a5e54db08ed5b5c43e,1,c1,c234,c234,c5,0.29442006,0.42681098,0.27876887,0.17947419311854013,0.4413330066325425,0.37919280024891727,0.22077119948916496,0.37126826585905975,0.40796053465177523
10236,aedfdbf7d223510beaae60014e75495bc2c5c91178fbf60e3ca7173c1ada83d6,1,c5,c1,c5,c5,0.3729487,0.35996357,0.26708767,0.18514856283624065,0.16747857835866806,0.6473728588050912,0.2620384597881448,0.2623060451961235,0.47565549501573173
10259,2575bcc5f683070691f7e3e5c8041e6b1a8968b98000345aa4d1d293495825ec,1,c5,c5,c234,c234,0.19525568,0.29232222,0.51242214,0.23941608058409167,0.38278956106729817,0.3777943583486101,0.2816428920220568,0.3843555548081065,0.33400155316983676
10263,da2e889900bbe84f05e1df797569ff875e039836d401b4f415e21d80b9612bbc,1,c5,c5,c1,c5,0.21398735,0.2507717,0.53524095,0.40084635724594603,0.3175950893145562,0.28155855343949765,0.2584864442406467,0.3129797567736653,0.42853379898568794
10268,fe7dcbcf1084ffdad4cb3d2fdca1346066f9b2a49babaa7275b8c3cf5602a3bf,1,c1,c1,c1,c1,0.68236536,0.24406399,0.073570706,0.509557525992,0.42001755527706225,0.07042491873093783,0.48938789728213544,0.4053704453522468,0.1052416573656178
10279,d806335a9a39a8ffa5370b7a6a2bc5427772708f5f22851b93d8955d24dc9139,1,c5,c234,c1,c1,0.331564,0.3572854,0.31115052,0.43066206357043296,0.19724865219107945,0.3720892842384875,0.3873651950005521,0.2580394009319996,0.3545954040674483
10287,4c1ef3dbdbeee8a42a3a1e153de63d81c9dd0ac6afa731c09026fbcdc2e0aec5,1,c1,c5,c234,c234,0.10688461,0.3979002,0.4952152,0.32479174947715955,0.43441789020932564,0.24079036031351492,0.2877068821485917,0.3890636951327644,0.32322942271864397
10304,6af2343625b2ef36a2231c8242e7ca061da6e2948377f0443991cea8519496dc,1,c1,c234,c1,c1,0.40061626,0.41836366,0.18102008,0.522532250712563,0.262741529753997,0.21472621953343995,0.46802196692483,0.34262688920337386,0.1893511438717962
10312,60c2768073e0dc3fe983262acedb4897f9ca3ee44f9c89aadf6b2a662440b67d,1,c234,c5,c234,c234,0.17371836,0.364364,0.46191758,0.279224933871135,0.37120635884437275,0.34956870728449224,0.27175448585749223,0.3667594186214787,0.36148609552102906
10322,06f3e68874e7de97075595efdec6b511e8fb6b3c5474b53f43d6b889b9223282,1,c1,c1,c1,c1,0.440984,0.28863612,0.27037987,0.43956306028647946,0.2822268351533358,0.2782101045601848,0.41661359766954503,0.32207871342062855,0.2613076889098265
10325,bdf226b602e0e9055303ce5409ca685745a4f65f835942363e1b49acee8048a9,1,c5,c5,c5,c5,0.12831324,0.3559203,0.51576644,0.056038657333398474,0.32664888070183973,0.6173124619647617,0.104810225487715,0.3769121801599533,0.5182775943523317
10332,17ca9e137b55971a68a1bd8b34ba4d70956eb0913f924071745be9d81b8ac0bf,1,c5,c5,c5,c5,0.21378253,0.38729897,0.39891845,0.19559962571856077,0.2511410252752207,0.5532593490062185,0.17607681852333157,0.35425884692566073,0.4696643345510076
10355,0e98eeb64dba68a4b115ab09feeae68f49ed52162f2839c2e2204e38bf3b8e68,1,c234,c5,c5,c5,0.2207488,0.3774625,0.4017887,0.3446872137853684,0.19370537541097377,0.46160741080365797,0.33768277218059517,0.24121282081603249,0.42110440700337237
10357,b9daf02c809e333b5c07cd646fa7e71e4d7290ed0c6aa3fbde2ba56e5b466d59,1,c5,c1,c1,c234,0.4562114,0.24768235,0.29610628,0.4781952197222707,0.3868932124119491,0.1349115678657802,0.3838076541318248,0.39665389414425134,0.21953845172392386
10360,1cb981c24fa723574c6c26c96bea976072a13779197e0425fd8c2dc9a29bf8b5,1,c234,c234,c234,c234,0.25860295,0.43270224,0.30869478,0.09712259526017297,0.6654133996620686,0.23746400507775833,0.1636848640434611,0.5569729454878045,0.2793421904687344
10361,7ec3f78cb5c6964411581ca345d18f6b1f28c0dfcd7240d6a2a0af552edaeadb,1,c5,c234,c5,c234,0.24619912,0.38540173,0.36839914,0.1847820144527933,0.3940148908350951,0.4212030947121115,0.28808443357696073,0.3605289810570836,0.3513865853659557
10372,153b45a78b7cad4e9279f2a241e5967ff20c63cbdeccfebf86dd336fac863647,1,c1,c5,c234,c234,0.22156806,0.37650827,0.4019237,0.32637025412229337,0.5451100020002838,0.1285197438774228,0.3396318240561694,0.4004760631309582,0.2598921128128725
10387,4ce15d41e6f413c69fb1c382865115a45f3793716e4e8c1245ad195a847260b1,1,c234,c234,c5,c234,0.22757816,0.4122799,0.36014202,0.3398201746885783,0.3121594937399568,0.3480203315714649,0.27087936324543543,0.40098260861185864,0.32813802814270593
10393,a70787840e41df98aeb435d7b5bd709b19a0195cf6de3a8415581e4bdea3109a,1,c1,c1,c1,c1,0.5128681,0.19341291,0.293719,0.417565019926264,0.3895670182492007,0.1928679618245353,0.3984694718424645,0.3433618840018561,0.25816864415567936
10395,3f157f8ba8559bdb257f77e58bee5137cc3071ec5781fdab784ea9b2eabac418,1,c1,c1,c1,c1,0.52145326,0.30102956,0.1775172,0.720554928456444,0.17281196985385816,0.10663310168969789,0.566384536724114,0.22577691408933523,0.20783854918655073
10403,c33bf129a7b02c915ca7dbb71d2e764303d571f14cf12d7099aaca6a83c837c4,1,c5,c5,c234,c5,0.10903646,0.37078097,0.5201826,0.11663263304093865,0.5527914661788674,0.33057590078019394,0.13959495844594125,0.3908142122364738,0.469590829317585
10404,142a3d740d28fed298cd558980a150382826f0a0c229fcb2776f4ac155ac2374,1,c1,c1,c1,c1,0.5897187,0.2142815,0.19599988,0.5238850186020519,0.32548991916769354,0.15062506223025451,0.5352472670054813,0.23517945709736832,0.22957327589715043
10406,f7bfd74ba50dc1eff9cfb8e382103cec3dc2095c8170688459565832248d8a56,1,c1,c1,c1,c1,0.45309523,0.35822928,0.18867551,0.4516574719226353,0.22270161166681832,0.32564091641054643,0.4770315781642696,0.2441351657038895,0.27883325613184085
10422,78066a7b2412884b3963c9ef6dd731d722837fbafc3bc935bf461ec7fe13176b,1,c1,c234,c1,c1,0.32543322,0.35250813,0.3220586,0.4767449000813094,0.3346157600681567,0.1886393398505338,0.3513617031464192,0.31782592081334377,0.330812376040237
10425,3ceab770f2c541945ddaaa5da059fe6a5efaba0b1384e056602b21cf0da7f7c5,1,c234,c234,c234,c234,0.32470378,0.3679582,0.307338,0.15970813361855676,0.521081113832145,0.31921075254929837,0.2072851609031696,0.40806890035819626,0.3846459387386343
10432,19dba3f4688dc857d02166842edfc2fd5a4fb8841222bc34254f8bd76215712d,1,c5,c5,c5,c5,0.09852992,0.2691177,0.63235235,0.13719732500467133,0.2818329784341079,0.5809696965612209,0.20122439074321027,0.3812588122560344,0.41751679700075534
10437,8163dcf2f5456ddbe7da56b6a2068d86030240871e17f2484e90848e307c3d68,1,c1,c5,c5,c5,0.1261785,0.28797713,0.5858444,0.1684020598932068,0.3416345104238705,0.4899634296829227,0.23012763362406383,0.3698701537470099,0.4000022126289262
10440,e35d5330955713f2fa89bf8a19c2e9d8de1c7cd1d61acbd97d5741e0b969b1dc,1,c234,c1,c1,c1,0.4467501,0.22744828,0.3258016,0.6815596067034989,0.15472281036057212,0.163717582935929,0.5579194084429058,0.19395023427368996,0.24813035728340424
10446,3c3ffb22fb3d7f1208644100368848e20526bc7616e52c0c974bc560bcf8e135,1,c1,c1,c234,c234,0.49291518,0.3493804,0.15770441,0.3648216767385204,0.48793540538353036,0.14724291787794935,0.37898738602374915,0.44855345790249945,0.1724591560737515
10450,dfd98556522e52dd7c5285acf871f1aed955e035a88f7d33ca22cb8ea4b935a6,1,c5,c5,c5,c5,0.13760012,0.31220824,0.5501917,0.06121847214783964,0.2586078353613149,0.6801736924908455,0.10702973630201222,0.3184021871199058,0.574568076578082
10460,39dce4b0829aeabf9b534f39a603582f5aa8a11e1bd5869be9a12b0d19c21323,1,c234,c1,c234,c1,0.43527022,0.42108935,0.14364035,0.3535544674909367,0.4293623393256041,0.21708319318345917,0.37848458538659835,0.3612593246125643,0.2602560900008374
10470,b240b8943c8745f9885ecfdde7c826d9b325197725e29f9228784e9f0b07dbbb,1,c1,c234,c1,c1,0.34548488,0.360353,0.2941621,0.668196791418302,0.1900082299694454,0.1417949786122526,0.4526876239514308,0.2801765180684774,0.2671358579800919
10474,4965784f79aff109c70d579d8fa0bb8bd7db1aac49b6816bc5e98b861dde9287,1,c234,c234,c234,c234,0.37319943,0.41726887,0.20953166,0.34472578681097077,0.5160325056973559,0.13924170749167325,0.34121708827000463,0.5087992675301277,0.14998364419986762
10478,7dc4a0142d81b18d32b0da4e53fe71de29e7523c0394d6624a7a80bc981a261a,1,c234,c1,c1,c1,0.4465386,0.2838721,0.2695893,0.554097698760653,0.2987749226392711,0.14712737860007596,0.435667219350221,0.2868104781969213,0.2775223024528577
10505,c1cf8a83579a247db8eeef940d5b449ba898833a56719039485e62a72dfff638,1,c5,c234,c5,c234,0.2874869,0.45996693,0.25254625,0.3062253368324951,0.30041713332979136,0.39335752983771355,0.30599636613235986,0.4087634306513044,0.2852402032163357
10520,ccd704493f09ef350028cec728a8b3f2fa762ed5d49866c7e9b5d6fec83fb4b7,1,c234,c1,c1,c1,0.5427332,0.31238398,0.1448828,0.6659011983051025,0.20956532572912714,0.12453347596577037,0.495616747975666,0.32766452935761076,0.17671872266672325
10521,d8497d6b7d5a955e14704e83759c0937c7c01ae39aff51791c3ee98ac632042e,1,c1,c1,c5,c5,0.4495927,0.25210875,0.2982985,0.21701942529842197,0.24374237260029932,0.5392382021012787,0.3149167756188135,0.25251284246841893,0.43257038191276753
10527,fb3b1d0abba2f7d2f690ec75c88eea2c0338af45290d520439efe15bb737cdf3,1,c5,c5,c5,c5,0.2621505,0.33695582,0.4008937,0.34684971074010523,0.19759564427945017,0.45555464498044457,0.32131914047248783,0.32266242439731047,0.35601843513020176
10528,48d936663f10e73ebca09062251225e95845aa2d213404c5af5a01ff5df810c6,1,c5,c234,c234,c234,0.26490694,0.403053,0.33204007,0.126067479483768,0.5871837907977768,0.2867487297184553,0.20336269262155923,0.4320091226772738,0.3646281847011668
10530,ef5a497d24085a5a3044203662c38648b7111c80774c70793436666af9639cd0,1,c234,c5,c1,c5,0.35321507,0.23670188,0.410083,0.3623326867814626,0.30540175042222373,0.33226556279631375,0.33589508029744847,0.28212596729973954,0.381978952402812
10536,bb4110fb3094c74bd35bb28b7da9cabeb3d51a4c3adda77e031745012fe6a8f1,1,c1,c234,c234,c234,0.39561492,0.41232488,0.19206011,0.2725918761541725,0.4888307996776538,0.2385773241681736,0.29443107021925297,0.3973757858130083,0.30819314396773867
10538,802fa6098661e9da37c6900a6ce5ded3e3248a9b3d66dd41d636b8e1a94486dd,1,c5,c5,c5,c5,0.24667895,0.3293514,0.4239697,0.19107753300613578,0.25691381904545846,0.5520086479484058,0.2523471113620206,0.35865277515375077,0.38900011348422864
10543,251c9962c9d12c07a24f8f4f40e133ed75b17c35006d0e9ea32fbb26e72d95ae,1,c234,c1,c1,c1,0.48847434,0.2751198,0.23640586,0.5567682606843658,0.29719200643880805,0.14603973287682614,0.4802532783928058,0.2778275433374076,0.24191917826978665
10544,5372be4785202cf1487d604749243ff4bebac21b6cc5fc03c66b434df45f6202,1,c1,c5,c5,c5,0.1529149,0.36650857,0.48057655,0.2486197096990954,0.1769630697708912,0.5744172205300134,0.22172048977102235,0.25022036494336414,0.5280591452856135
10548,343bbdbf2a3c6d179bbbd9753d2362c6eb5ef38a39ed7bdbdb5fa93e812789c8,1,c5,c5,c5,c5,0.10193943,0.27233303,0.6257275,0.05806496073718221,0.1840695186655274,0.7578655205972904,0.1413928216865881,0.24967805972221568,0.6089291185911963
10564,22540ff03ba3f3328a04d2802300a837a2555913fd35bd9c322837061b60a6a8,1,c234,c1,c234,c234,0.3849554,0.33049607,0.28454858,0.243489875816725,0.5866952965524903,0.16981482763078473,0.28548162672968885,0.453982585904713,0.2605357873655982
10583,d564c7b0ea6220923d9836b664b9ce4e80aeec800bd2006bc7676454dab80105,1,c5,c5,c5,c5,0.1350511,0.2548154,0.61013347,0.038660492142875494,0.19922697131961178,0.7621125365375128,0.11670587343703889,0.3108625721391263,0.5724315544238348
10586,df973267338dbb93e6b193098027d4867e02d70867321d1fe89403fe78f87c2a,1,c1,c5,c5,c5,0.24851389,0.31731582,0.43417022,0.2407391787833818,0.36788821528712085,0.3913726059294974,0.2765629806326638,0.35399230876889315,0.369444710598443
10593,721076731fe73212927d79087cc2774917b531ee9c17b2b6c2ad305f080726d0,1,c5,c5,c5,c5,0.29192483,0.29820853,0.4098666,0.4117654058637695,0.10956268915140455,0.4786719049848259,0.36850961029986673,0.19081657946926558,0.44067381023086777
10594,8223b3dd7fba0c5f5d19040a09f5e620547cda48eadf6089c34f0915dc1218a9,1,c234,c5,c234,c234,0.21952748,0.37608063,0.4043919,0.3378895789907337,0.4288919093891705,0.23321851162009574,0.2468736643704266,0.41406982344101384,0.3390565121885596
10601,d99df7fc02bd0b2e64ddad12f10589a1388f6d915cd5c65c791c2c4da5fe9c48,1,c5,c5,c5,c5,0.18332517,0.2911591,0.52551574,0.2551630657504403,0.3214719426223557,0.4233649916272039,0.273138527069473,0.22301677918047766,0.5038446937500493
10609,f8bfe59744d98a51b7f35852688426c4033e5a820eb86b59c05d3df9c1c52095,1,c5,c5,c5,c5,0.17666097,0.33915427,0.48418474,0.1744349669345073,0.2235700963180239,0.6019949367474688,0.21881461877592515,0.318223824758381,0.46296155646569376
10626,21512214f9a39b6f8b22beaffb7bd558b51c7f32982b09ae283d685452c63d01,1,c1,c234,c234,c234,0.24439134,0.4509345,0.3046742,0.21855735141852325,0.4280220734706654,0.3534205751108114,0.2873741070297085,0.3668051859922911,0.3458207069780005
10630,b9a98d815f2f1c61b38a814f91d3e9e11e633ec88195995ff7300c4f7740391c,1,c234,c1,c1,c1,0.5240336,0.3300721,0.14589433,0.4064501468307016,0.2658909340468469,0.32765891912245154,0.4078598017833924,0.26558780346440725,0.3265523947522003
10632,123226b7ed6eec29ec44a66d482a2a48cb7cd5357bb5482fcca8dbd4e8d3ddb0,1,c1,c5,c5,c5,0.33443537,0.3093764,0.3561882,0.2527060561812082,0.17513539048525534,0.5721585533335365,0.3022747625686121,0.2017284933030674,0.4959967441283205
10651,01239630e80879dface228a60ef5775b45e94b448dcfb8a8493a5c331266bec1,1,c1,c5,c1,c1,0.33315036,0.31217012,0.3546795,0.6090443728096467,0.2691451933710452,0.12181043381930806,0.41595375165420867,0.3470677827777124,0.23697846556807903
10664,754830eb37a4825174cd3583f6078cd9c6a9b9db3622826d3581a77e59a92f72,1,c5,c1,c5,c5,0.4981419,0.23308465,0.26877347,0.34703281499165434,0.1394603228527735,0.5135068621555722,0.3305675642290809,0.20482637486278443,0.46460606090813455
10670,1b4b35c4a7f441e83258058e511cc22a6c9492306db4336d945985ea73ed6b20,1,c1,c1,c1,c234,0.69826025,0.18458043,0.11715936,0.47595241100331376,0.3993542138493085,0.12469337514737777,0.35812484064538663,0.37836605931052053,0.26350910004409284
10703,c0f74ab637385d31263b346a6d59f5de60c85c7b741f5d3072f5da9620040dee,1,c1,c5,c5,c5,0.13493451,0.30466947,0.560396,0.18318692841556566,0.28377779049654794,0.5330352810878863,0.2307386626397571,0.2884503318018066,0.48081100555843626
10707,d75fdd172a2abc4faebcacc632aa90ad3b02b3e53f1c492812b7356310ba818f,1,c1,c5,c234,c234,0.19969529,0.36029798,0.4400067,0.18163751840860376,0.6181047429670732,0.20025773862432317,0.244248281345241,0.3874669612231305,0.3682847574316286
10714,2f70b0d7313bb647a6812a10bfe3797df732bd1fc814f66818befb8d7e177731,1,c1,c1,c234,c234,0.38933486,0.38275525,0.2279099,0.30830729134097234,0.42576649062111055,0.26592621803791716,0.3471260780262098,0.37636404466563705,0.27650987730815313
10715,6a0d1803e3036d5f1087540ff5c6052b780d9294079e1a179ab7f0e246825fd6,1,c5,c5,c234,c5,0.057345416,0.26047522,0.68217933,0.10828925881530084,0.44937590156798324,0.44233483961671605,0.14476341653688765,0.3595481143052535,0.4956884691578589
10738,07b685c8e5338a17de394a3bfbc7eb5d13ae68618fa19ba1882a7c46e694571d,1,c5,c5,c234,c5,0.084605284,0.26956075,0.645834,0.23178931909319767,0.43629559041880095,0.3319150904880012,0.2527797998798259,0.34660383088156704,0.40061636923860705
10747,edcc942488501cfe1083a1eb9f8c14eb6c4c9e6f926c3a7c6c7827c3b5faa857,1,c234,c1,c234,c234,0.47941017,0.29755068,0.2230391,0.2779337164758063,0.4801468869246867,0.24191939659950698,0.3305606712126871,0.3540689053100007,0.31537042347731215
10752,03db6acf048f47ed0f7c751e0e48fd13cc9aab047f6c97f23e04cbae5546d06b,1,c1,c1,c1,c234,0.5306692,0.33718297,0.13214782,0.4634658516066294,0.4578465153387017,0.07868763305466892,0.39270306884209555,0.4603337026527846,0.14696322850511978
10764,95a025dc497cb9cd32460e99c79ce0ce440689fc9ee518f59d6dfa154802877d,1,c1,c1,c1,c1,0.8406069,0.11898656,0.040406533,0.7725571705192051,0.17145942531350675,0.05598340416728812,0.6992246624227492,0.19156345744918427,0.10921188012806644
10773,a461cf6c656785d07799cf21239e9f080c794de960f3219f2f293f1948a0df66,1,c234,c5,c5,c5,0.15256444,0.40660053,0.44083506,0.2657334654028923,0.31674106384238304,0.41752547075472474,0.23638616572403962,0.31805773777080615,0.4455560965051544
10776,04cbe6af3a3cb6e7164e1b04c0a088b437f62806bde4e8aec3af2f22b0c7cd9b,1,c234,c5,c5,c5,0.2858446,0.3103836,0.40377185,0.24111227933356522,0.2215734761815229,0.5373142444849119,0.34126336689444686,0.248741981031791,0.40999465207376223
10778,ce4b17767ae48366b442d89addfd4601b09e3ca5228c0f73747b79d7eb879dcb,1,c234,c5,c1,c1,0.277049,0.31765753,0.40529343,0.4471750390437523,0.2056114431783662,0.34721351777788156,0.3717847709887275,0.2966260238060916,0.33158920520518076
10785,8790b9cf32466f268cf83a3f7a1ec4e463603773a9e804a6528c1d7d19700db7,1,c5,c5,c5,c5,0.26621032,0.28399625,0.44979343,0.19089735475474612,0.08796633221186471,0.7211363130333891,0.25727593569308216,0.17652934588345542,0.5661947184234625
10791,923242369ac923dad249fd37c70b674c45183fe600188a62a20a6faebf40fa1f,1,c1,c1,c1,c1,0.6575691,0.2544967,0.08793419,0.3903697818258335,0.3829294157467721,0.22670080242739438,0.40450670915226433,0.3688917250780766,0.2266015657696591
10795,43d23406d905bbf059e8351f6269141c6522d2169c292156a1db984044a7eaad,1,c234,c1,c1,c1,0.5641075,0.24078476,0.19510782,0.4644228347608582,0.32500436817782563,0.2105727970613162,0.39532723925721336,0.3791973796423303,0.22547538110045626
10813,edcc942488501cfe1083a1eb9f8c14eb6c4c9e6f926c3a7c6c7827c3b5faa857,1,c234,c1,c234,c234,0.47941056,0.2975506,0.22303887,0.2779337164758063,0.4801468869246867,0.24191939659950698,0.3305606712126871,0.3540689053100007,0.31537042347731215
10823,698dd06779cb590f3c85055dea4ca19ae2820ded92e568f2150fa0ea79bbeaef,1,c5,c5,c5,c5,0.16159585,0.34530133,0.49310282,0.23823480471198186,0.27528655730116636,0.4864786379868517,0.20277906148910568,0.30866026044719874,0.4885606780636957
10828,3f7423f7097bb234736fb9bdc63bff5287fc83fecb1abb594a61f18a58018f2c,1,c1,c1,c1,c1,0.4539359,0.3948012,0.15126285,0.44135546518904917,0.2928447359456571,0.26579979886529387,0.42234532581130035,0.34234086432203215,0.23531380986666744
10831,adf05fa75e2e2bfc16feb30003ec18e75e68723e590266a72ed31101407e5c05,1,c5,c5,c5,c5,0.25346494,0.2614102,0.48512486,0.229911516253771,0.3432910726879021,0.426797411058327,0.2045274076203257,0.38669050629936036,0.4087820860803139
10834,aef2ef266d7f800ed9ae30078275ba57d1a16d70ddc2a0da3f1ead1d0c815f39,1,c234,c234,c234,c234,0.16051741,0.4497751,0.3897075,0.30218306447265303,0.5307935161710886,0.16702341935625842,0.25157593443116727,0.41185308402482984,0.3365709815440028
10840,95405b4fe44462b7cc5a6c7b69d4c4067f2c90733a5ea05e4698806118360086,1,c234,c5,c5,c5,0.1649048,0.27608508,0.5590101,0.14152697936409575,0.21066951543181056,0.6478035052040936,0.1720720514580841,0.21335177261086408,0.6145761759310518
10857,cb003a62695b9c47e84774e68b7bb517b5265053af89529130a81caa3cccd106,1,c234,c1,c234,c234,0.44959027,0.32786363,0.22254606,0.2914006211989895,0.47640623607628657,0.23219314272472405,0.23376766662192391,0.4489709842586315,0.3172613491194447
10859,7ceb27ea0ad50882b688efb4b4343c5dea70047d37f465196987885476399701,1,c234,c1,c1,c1,0.5722603,0.2592343,0.16850546,0.7384942820340177,0.17273119483570762,0.0887745231302747,0.5762659630985183,0.25970891631506343,0.1640251205864183
10865,26c90153ac0d7b1e6f767d2e9761e053cacfcfb14be3ff88fc253b684851a396,1,c1,c5,c1,c1,0.36059842,0.2247414,0.4146602,0.418966292107933,0.21611546611100388,0.364918241781063,0.4123575968675393,0.21030738887590356,0.3773350142565571
10866,d0cc8820a38b14893ec93019a483713e2f28accf959fe12a124ae542d844c843,1,c234,c5,c5,c5,0.23696825,0.33605003,0.4269817,0.2740358830596691,0.27303857601183495,0.45292554092849596,0.3258536684211083,0.3051804082115759,0.3689659233673159
10875,a7edc293483ff767771e9da93a5e7bec686ebe07b39dff329b406e6896b501b6,1,c5,c234,c1,c1,0.31826895,0.42371595,0.25801516,0.39429417381773,0.3567667400443029,0.24893908613796706,0.42756911715589324,0.3002745101668556,0.2721563726772513
10885,36ad2451e66c99578421ab449c6fd0e4c0d40771b86cee2fc34b4b915e50e0f7,1,c1,c234,c1,c1,0.3905533,0.43290606,0.17654063,0.42680150486237134,0.41046170237892515,0.1627367927587035,0.384274074345754,0.3663981242213686,0.2493278014328775
10896,1a5a00028100d54b3a3c9ca730d01d4f31bc1c4f300841f1a603f409560d62bc,1,c1,c1,c234,c234,0.42850783,0.4197114,0.1517808,0.3438060088530456,0.5000990647504394,0.15609492639651515,0.3375945058724628,0.48361238840015613,0.17879310572738114
10902,ef9d03f4f8d809117a6ebb9de14fd5d68e778034a4c3ba4149333af17da9750e,1,c234,c234,c234,c234,0.26666474,0.4532539,0.28008142,0.2799382413657962,0.5178403702412101,0.2022213883929936,0.24913233150057668,0.5430658825402854,0.2078017859591379
10906,cb17759afaafc5ae6df6d2c82a3b4fc4b008c55f2d17d6d06f8544e4166df69d,1,c234,c5,c234,c234,0.2686255,0.35640758,0.3749669,0.2214324156820775,0.5144737998722521,0.26409378444567033,0.2336434722426469,0.39746742161346554,0.36888910614388754
10918,edcc942488501cfe1083a1eb9f8c14eb6c4c9e6f926c3a7c6c7827c3b5faa857,1,c234,c1,c234,c234,0.47941017,0.29755068,0.2230391,0.2779337164758063,0.4801468869246867,0.24191939659950698,0.3305606712126871,0.3540689053100007,0.31537042347731215
10929,e857c04cf29621a433c7a4c213531267a4f83c7e8c137928cee58ad26fb9a3a4,1,c234,c5,c1,c5,0.18735021,0.29961538,0.5130344,0.41509428512897156,0.31231705650065766,0.27258865837037066,0.30804273263893145,0.3108924696073312,0.38106479775373736
10938,b31daf0ff1bb7275c8f5f0301d91c1ed3df7146a196df19ff0ea642d80bd1c27,1,c234,c5,c5,c5,0.067789145,0.24699746,0.6852134,0.0772200468817799,0.22528364230671674,0.6974963108115034,0.16052983585922026,0.29248073072862263,0.5469894334121572
10943,d0700e4213ff453ef1c95092b63e77acfc13dc78f1c2066ecaa71fe83b231e4e,1,c5,c234,c1,c1,0.28473002,0.38242665,0.3328434,0.44381912027028564,0.3563239675155637,0.19985691221415067,0.36837389733894377,0.33116932056775394,0.3004567820933023
10958,de4556f3ffd0614d2526c3ee1617ceb0d5323355aa66ef8343a5e88e98bdd058,1,c234,c234,c5,c1,0.2976618,0.415129,0.28720918,0.4084677981122497,0.17420516248089193,0.41732703940685845,0.37239885059889527,0.269872022852063,0.35772912654904176
10960,19777bd0fb736946f54f29b38ecea626418beed46dbb1e432604c24d64706d41,1,c234,c5,c5,c5,0.29308674,0.34744462,0.3594687,0.23473870191197663,0.33364033696659456,0.43162096112142884,0.26284960219205455,0.3100778677050197,0.4270725301029257
10978,d6a582bf60fd62800b182fb08829f30d71eaea54256021e872690fef05b9684b,1,c1,c5,c5,c5,0.12603466,0.28758538,0.58638,0.13193080403617088,0.2308153450673484,0.6372538508964808,0.14934683977722307,0.35083202096176513,0.49982113926101174
10989,ea48e7100a18375eec775e4bc272dd82b37c8234b32568c8581802e9e84645b7,1,c5,c5,c5,c5,0.15336575,0.33055174,0.5160825,0.271151167378282,0.3179192404525587,0.41092959216915936,0.2639093319148627,0.3165574296945492,0.4195332383905881
10990,edcc942488501cfe1083a1eb9f8c14eb6c4c9e6f926c3a7c6c7827c3b5faa857,1,c5,c1,c234,c234,0.47941017,0.29755068,0.2230391,0.2779337164758063,0.4801468869246867,0.24191939659950698,0.3305606712126871,0.3540689053100007,0.31537042347731215
11001,11808da678afd3f018c57aae76bb35c03d2a8596611f51aaa578eb8feeb2d4fb,1,c5,c5,c234,c5,0.08526052,0.22916096,0.6855785,0.09028304228624585,0.5029239030796907,0.4067930546340635,0.1126085690314221,0.3871290264251352,0.5002624045434427
11002,994ecbcb94983d7a383e0ddaa12aaddbd1935a23ba8c4882674bae2b15cd0f2f,1,c1,c234,c234,c234,0.24436943,0.4092861,0.34634444,0.15648132678715682,0.6031285963372736,0.24039007687556965,0.22373671736025424,0.4614178704076745,0.31484541223207135
11011,c52448613955c55f052a0015649b9246dc229ae6409b649175d4c6f68103e0a6,1,c5,c234,c5,c5,0.3505131,0.4004053,0.2490816,0.31025002171479465,0.24968129852810536,0.4400686797571,0.285095388707542,0.3164712709351261,0.39843334035733186
11022,223e494df700b39cbf04c78337dbc14ac7a2fc2a8a017d2b35355d5955e01860,1,c5,c5,c5,c5,0.084234886,0.15871498,0.75705016,0.09255625343165315,0.13027545920668832,0.7771682873616584,0.20217841138941745,0.20367311000613042,0.5941484786044521
11026,b8308493b623f22502abee13087912ce0c0742856859eff2962e58e07a121b25,1,c1,c234,c234,c234,0.3282814,0.3783659,0.29335263,0.33254007322570556,0.5201209323112725,0.14733899446302196,0.3897199173545764,0.4163681812174076,0.19391190142801595
11035,cd23d0ca370f34c77f254ec632ddf53327a2c37c4f2b47e4049230ecafa19e0b,1,c1,c5,c1,c234,0.12939619,0.43382928,0.4367745,0.403293139863512,0.2844974681112808,0.31220939202520703,0.28834756915753335,0.3884286277051151,0.3232238031373515
11039,6dbcaaff961093779b22c9776ca359d58dea42cd878ace46ad17ca399e3f09b5,1,c5,c1,c1,c1,0.38113418,0.35020077,0.26866505,0.40515004885995026,0.36100474280174877,0.233845208338301,0.3485134746638651,0.33056719634557613,0.32091932899055864
11054,326b373f732ee9506cb33fc9bd49850f309d4390800dbbe4774477394e6cf6f8,1,c5,c5,c5,c5,0.21364969,0.30280045,0.4835499,0.26229502523468096,0.26436423473267096,0.4733407400326482,0.32178709439812764,0.2914849564638414,0.386727949138031
11067,d9e191cd9249a8534b478bde26b58a19557eb35d1aff0fae4802c68f66a54f12,1,c5,c234,c234,c234,0.3342983,0.3976401,0.2680615,0.21023710702526635,0.573974538260173,0.2157883547145607,0.28599690661480076,0.4321092276975351,0.28189386568766417
11073,79bc29b7da0ebb127681051ea1e3a932ad4c8a6cbdf20b51cd77e14b55fa72cf,1,c5,c5,c234,c5,0.15035436,0.2793854,0.5702602,0.25334335330232904,0.4669590470816013,0.27969759961606966,0.24257406476077334,0.3530159488991131,0.4044099863401136
11087,597d00a6a45f6b22ccae85972a6a3971cbdb06143b96694e47d74f1f41541438,1,c1,c1,c1,c1,0.3710304,0.25888184,0.37008783,0.40076459642134904,0.212736664569884,0.38649873900876697,0.39971587299849815,0.21001396623503507,0.39027016076646687
11096,2e9b96b15648b1e3e334da48770d1c996802ec7ae2588be300d8528510216eda,1,c1,c1,c1,c1,0.8336912,0.11205749,0.054251283,0.6962222974419713,0.21462879176099764,0.08914891079703105,0.701378612945819,0.19678799561171081,0.10183339144247021
11111,cac19b4af9d54b494905b1e8e218eebf7d54ca6101196b769420f96f5e15d272,1,c1,c234,c234,c234,0.37357426,0.43001443,0.19641127,0.33965955260451075,0.49613374702465846,0.1642067003708307,0.2899005342895598,0.4828061646948612,0.22729330101557885
11114,1e73c80c36116fce1545a5522f319bf1fc1157f1fd19cb422636bd5bd3ef7956,1,c234,c5,c1,c1,0.23675038,0.3205176,0.442732,0.37971582960642514,0.27003492422724,0.3502492461663347,0.35928269788906303,0.2843828610020157,0.3563344411089213
11121,265866b76351ccc5b87f2d3e0d3d653692be6ed5e0d91ebc2a211c80733550b3,1,c1,c5,c234,c5,0.2756291,0.30095625,0.42341465,0.15866914691468434,0.47104760425023473,0.3702832488350809,0.15014574686725293,0.2984252162171585,0.5514290369155884
11125,fedf9c6fddd7b456ef43af9f99425b7e1d571abe7ae1d09e4b95b3da820389a3,1,c1,c5,c5,c5,0.23028223,0.31948513,0.4502327,0.1719648159391597,0.15765493734990058,0.6703802467109397,0.23693078332373416,0.19391830875435767,0.5691509079219083
11127,539cf6bf5d9383dcccb9e6b53fe444645fd9b74351230676f154e879a062e5ea,1,c234,c1,c5,c5,0.44560176,0.2573689,0.29702938,0.28787181075642326,0.19139653787225583,0.5207316513713209,0.26114335356223595,0.27213879674727315,0.466717849690491
11128,0dd4a271718cc6c8fdd2e74351baf1edab741e09f05be69dd792460684c6e1d0,1,c234,c234,c234,c234,0.34741378,0.42462665,0.22795954,0.17891366321816207,0.5953870760905521,0.22569926069128585,0.23265057075540999,0.4951039588715924,0.27224547037299757
11135,3422b44ebf018ee24503d07f24a4f98bd093b2ca3ed7a42e7a7a17a45a46ba2d,1,c5,c1,c5,c5,0.4003388,0.33292568,0.2667355,0.39058107617318455,0.17332646357406817,0.4360924602527472,0.3610092562098599,0.26138863004864976,0.3776021137414904
11138,cf3c6dfe125f514aff08c9eefc36d9aa375cb8986bf84eb6d911d99913068e52,1,c1,c1,c5,c5,0.43444806,0.24546717,0.32008478,0.22573494094817156,0.1958826812127508,0.5783823778390776,0.27733030937173403,0.258326087159542,0.464343603468724
11150,f00a8f5c0ad160d155a35f5a2de6051a48e84b9ec8c9bf2b1501d3db9da3c4e1,1,c234,c5,c5,c5,0.17605703,0.3303966,0.49354637,0.05358551689317377,0.2628723022448902,0.6835421808619361,0.11858721167566623,0.30580865614045927,0.5756041321838744
11157,246fa1a79461c8fc2e940f28a8634c05ac086603d3750f2d5074fcf37de7d45d,1,c1,c234,c5,c234,0.26808345,0.36774468,0.3641718,0.3042148989921082,0.3400288424947519,0.3557562585131399,0.23831250425605302,0.39059684233451414,0.37109065340943287
11159,622e85765102c0a5746aafa68b314e9096df3e9cf5f330a0e013f7e84c19c860,1,c5,c234,c234,c234,0.36401498,0.40505862,0.23092636,0.19286568364356968,0.5459837404480086,0.2611505759084218,0.2618821749478766,0.45608425079167697,0.2820335742604465
11160,b3fa24faa15ad1733a49c44e0514845b9ef67e186a5e47e5ca58a2deb80fc562,1,c5,c234,c234,c234,0.27742815,0.4199744,0.30259746,0.13536110910073473,0.6828787869133961,0.18176010398586923,0.2299581501451445,0.5075583326278514,0.26248351722700397
11161,7ab0546991d50412ebf5b7d5cc78612cee81132f93ec562bb4fd829bf0656d15,1,c1,c1,c234,c234,0.40270653,0.36857995,0.22871356,0.24446800278581365,0.3811016563764332,0.37443034083775323,0.3582369056146154,0.3915243522438345,0.2502387421415501
11182,4f98ed34fad488c014b7e1f22cfc99572e8e414a309186c5fe8b9b09a09089fa,1,c234,c1,c234,c1,0.406139,0.39251748,0.20134358,0.2523682507575739,0.403927856740951,0.3437038925014751,0.35851372266598636,0.3374133119562078,0.30407296537780587
11196,a9050138d3570c6270f34f20e7b12878ab66e9d7592aad1ec689ff1acae982d2,1,c1,c234,c1,c234,0.39658746,0.41174638,0.19166608,0.3607704915266868,0.29941267250964293,0.33981683596367035,0.2820836154586854,0.37799009647230364,0.3399262880690109
11198,8aa09c26a60e8b64ac2ea8bc44411d55f09c2ef2f6488107e65cfd965239a479,1,c234,c1,c234,c1,0.49382186,0.36031607,0.1458621,0.42240247789752566,0.47507456462893194,0.10252295747354245,0.48978888114592367,0.3709235102998383,0.1392876085542381
11220,0770b59bf0e470ddf9f5b7d1c257648818402406b3215b44f6504514b7bb518b,1,c5,c5,c234,c5,0.24404088,0.27966356,0.4762955,0.1582567263775975,0.46579911228147963,0.37594416134092296,0.2153417939373963,0.343799319317788,0.44085888674481577
11223,569c79b2779ed58bda4e01b61bd79f11933d38d3851b9a79127f0223774ee826,1,c234,c5,c5,c5,0.20018648,0.2943225,0.505491,0.13326499957159302,0.17382309628297726,0.6929119041454297,0.20629642775228835,0.23040536498347416,0.5632982072642375
11239,297ca0b4d7d2ceb80e003945550bb94ae98932b034305fa364193917a6f4b43c,1,c5,c5,c5,c5,0.17554584,0.2837316,0.5407226,0.20417427784537814,0.3440101838979073,0.45181553825671456,0.23999236152219586,0.2738209567299937,0.4861866817478103
11241,0d7acc06e218b9f2a4c2691b7b504efc95bbdc28301fe12742956b1c65f41f73,1,c5,c5,c5,c5,0.14961475,0.38058388,0.46980137,0.19235692004641478,0.35485654031916675,0.45278653963441845,0.20542785204948835,0.39070312562934323,0.40386902232116845
11246,d1a022f6e51ab74d0c5b9bbd434695bb5c7739ff590654b0e679d467353ad686,1,c234,c1,c1,c1,0.62079567,0.26298004,0.11622425,0.6473752655581161,0.155236558249825,0.19738817619205892,0.5297080399005554,0.25215185113788624,0.21814010896155842
11267,ce1b39d8a079a40bcaf03b0ca0ae3a00d42b6d72d1629ae4f8192019f1cda823,1,c1,c1,c5,c1,0.42579985,0.28461543,0.28958476,0.36321626743562024,0.2281227507624283,0.4086609818019515,0.37792287714619677,0.28326200127287393,0.3388151215809293
11268,d574172fd9abe732dc5c50777207fbc67f47fe802c5b5b26d53e70188df8a762,1,c1,c234,c1,c5,0.19564039,0.41309047,0.39126918,0.3905200883458663,0.3087550598015211,0.3007248518526126,0.3199877553282151,0.30322171030192724,0.37679053436985777
11272,00db7e5b9aade23e09be57e12e6d783410483c834da7b5fc8d93752ae78486d9,1,c234,c234,c234,c234,0.26172838,0.490169,0.24810264,0.24759778784711026,0.5581135592219074,0.19428865293098233,0.2545321691465511,0.45973336641946716,0.2857344644339817
11275,451c04323ae2bdd5d63093442299eed9b45b805152a8ce9f33d5e1dcc4534b2c,1,c234,c234,c5,c5,0.25205255,0.4160579,0.33188948,0.24893324892470034,0.3246208181505877,0.4264459329247119,0.28978787656526,0.34565173285121364,0.36456039058352624
11278,482e42f657a7afeed082ebd667a6497a74efb86781e27e3324a5e06671504e20,1,c234,c5,c5,c5,0.087034255,0.2797419,0.63322383,0.10762804391164317,0.3565972748927546,0.5357746811956022,0.145674465420206,0.33536382679732574,0.5189617077824682
11321,c52448613955c55f052a0015649b9246dc229ae6409b649175d4c6f68103e0a6,1,c234,c234,c5,c5,0.35051295,0.4004053,0.24908178,0.31025002171479465,0.24968129852810536,0.4400686797571,0.285095388707542,0.3164712709351261,0.39843334035733186
11331,03960c7e8baf5d0277b4d16a9d7952fb356d34cf3d3880653e1f7a16401caccb,1,c5,c5,c234,c234,0.25564402,0.35675815,0.38759783,0.16367961302808176,0.6084444818380711,0.22787590513384712,0.31387073711938857,0.42396444166783714,0.26216482121277435
11339,df34ed7ca4f57064ec7be7e2eb917b25435283850c96329c92296593efb32ce9,1,c5,c234,c234,c234,0.33012968,0.41996127,0.24990898,0.298536784542446,0.5839917036545518,0.1174715118030022,0.3401963166084511,0.4407647730298961,0.21903891036165285
11353,96a85b96a996b86a67e6d9d598da9b67a8dd1ee1710cac5ae8f824db244ecef9,1,c234,c234,c234,c5,0.20413662,0.40146658,0.39439684,0.1583650918039032,0.4336413722313154,0.40799353596478144,0.18399856908893888,0.3880443657017776,0.4279570652092835
11355,76173ef2d18207a077b78c2b90ffda281975e2c43a0b7effd11eae891a23601b,1,c1,c1,c1,c234,0.45051542,0.39706615,0.1524184,0.47817809466220734,0.3714827957185019,0.15033910961929065,0.3576660814506573,0.37538823682389244,0.2669456817254503
11376,bfccdf6abd739d3559b497fe0fdf4c368f2769cc4914de31b87ba609e9041ad8,1,c1,c1,c5,c1,0.71305263,0.1885009,0.09844647,0.37215903021494173,0.16155221574489417,0.4662887540401642,0.4168404818309267,0.20196890461560693,0.38119061355346634
11385,c9962afae688ca1f221012559363628ac5b512b5714f7ed80aa34f878dfce385,1,c234,c5,c234,c234,0.21851195,0.36573875,0.4157493,0.26880153644249627,0.4049987936335444,0.3261996699239594,0.26936957446875265,0.3789387052536932,0.35169172027755413
11391,8011b0e444e1f9d6cf33b7644483d9562d9347bbc56a4c149fdf4eae7b0a44bc,1,c234,c234,c5,c5,0.20197998,0.4267705,0.37124947,0.12009262447944359,0.3556182142927836,0.5242891612277729,0.18250613937860377,0.3872045365928144,0.43028932402858183
11405,449082aea084a437f7cc15c79aa8f3b4d061818f55f155eb1b341b668a9017f0,1,c1,c1,c234,c1,0.47371998,0.32317394,0.20310605,0.37502075979875227,0.44818334208263233,0.17679589811861535,0.3649401542903394,0.36378640361379216,0.2712734420958685
11409,30c21588f1cf964e941a34b00e3ee9bc7af4c4a7ea26df1b16bcb2012fbd4cd4,1,c5,c5,c5,c5,0.20426525,0.26479465,0.53094006,0.28822775822718577,0.3536834504982256,0.35808879127458865,0.23842394684173765,0.2866482426801952,0.4749278104780672
11415,ccee22519340a9b3aa842925c36ee8af7d0cb45aca1046207090b06645b2e67e,1,c1,c1,c1,c1,0.41478956,0.24721359,0.33799684,0.6735455384057109,0.15577963187013602,0.17067482972415302,0.4705100544627511,0.2811753159513333,0.24831462958591546
11425,ab819f74e8f41fedaf0d46db304fa8342385234a8a564087dad96e75bba39d49,1,c5,c1,c5,c234,0.47260934,0.31944326,0.20794731,0.25609154315651095,0.29793537461633324,0.44597308222715576,0.2673857133335806,0.3836566866430023,0.3489576000234172
11431,b97c430cecc0a686b4723dcdf11fa51b9e3146173985817895b2e129339f89a8,1,c234,c234,c1,c5,0.3350608,0.39605424,0.26888496,0.47762992353492006,0.226021963177297,0.29634811328778277,0.3495951788293408,0.2830729576421665,0.3673318635284926
11433,b7ee4bc5c57766c2166e1171e4e967c6ad7672e5e577ef011b0c83ea0dd68c08,1,c5,c5,c5,c5,0.11212466,0.22492042,0.66295487,0.4107714802396403,0.17390687916300177,0.41532164059735804,0.3229233046149842,0.20624210457150746,0.4708345908135084
11438,02ea9fafb8322b78697ac91f0d171b1d83c0ca2e5f52109abc087a94be9151ac,1,c234,c5,c234,c234,0.12312987,0.27106208,0.605808,0.17868084230570033,0.4325131322941412,0.3888060254001585,0.18879688678542747,0.4456405571950996,0.36556255601947296
11441,7b85bbdf5110fa02bbff9b5e476c9b4e5ebd9776359ebd029724b64f34c30669,1,c5,c5,c234,c234,0.21479374,0.38334846,0.40185776,0.2908406677851034,0.46769112299184856,0.241468209223048,0.31764355183773746,0.3983242552331087,0.28403219292915394
11448,4de82d033cf336912e5308b54078e0409171f9cae0bd8fa39b2932eed652db18,1,c1,c1,c1,c1,0.43593535,0.33461335,0.2294513,0.49227530843126915,0.1817531022461099,0.32597158932262077,0.42971661041894826,0.2532870023893478,0.3169963871917039
11456,c40e3860192b9d6695ac6899ccb79a8c07ef6bc638a8af09eee2872c01ef5c23,1,c1,c1,c1,c1,0.4738577,0.29002768,0.2361146,0.46611731202227513,0.25565487214134447,0.2782278158363803,0.42243979730852244,0.2838204988623739,0.2937397038291035
11457,9902aa5d91d39d17a9d20485e8d1278fc189383219a1e527d450575db8bae790,1,c234,c5,c5,c5,0.106509596,0.22314039,0.67034996,0.13990326812299267,0.3117049805239303,0.5483917513530769,0.1750668620168661,0.2982165063117689,0.526716631671365
11460,963e707db2e6ac05f849c58957d65c520f347c5a7a094bc4632f34c69d3c0f7b,1,c234,c5,c5,c5,0.27892268,0.32982466,0.3912527,0.31070995113848354,0.14338089485390906,0.5459091540076073,0.3120864519472825,0.21501225127583068,0.47290129677688675
11464,ec69009b63f92e99a6951c6173c1f5be0965a9d027ee53b9d72f1f8c33da7d25,1,c5,c5,c5,c5,0.15988527,0.31655142,0.52356327,0.16767127060157289,0.20525971172284269,0.6270690176755843,0.19519039435021865,0.2714904443712044,0.5333191612785769
11469,ad495bba1a4c9e70803cdb0ba9dedd1bab9a67022447653af37a15330d364507,1,c234,c5,c234,c234,0.1625376,0.40977144,0.4276909,0.10843867716945317,0.6586983302100471,0.23286299262049975,0.16394345662877674,0.5612104279035262,0.274846115467697
11472,bdb10abcb3e953bc1e69a5ede3838498c70da69a7a93f1d989bdc54c2b1aada8,1,c5,c5,c234,c5,0.14186428,0.27964017,0.57849556,0.039025126296785596,0.568908105923765,0.3920667677794493,0.10918609468845597,0.42210901985091226,0.4687048854606317
11474,c81bd2b53fbe3ac9020d725e9cd735a879ad0c53b557bf43fe8d606c76ca282f,1,c234,c1,c234,c1,0.7086892,0.19183947,0.099471375,0.3332217092796795,0.4900617360077914,0.17671655471252926,0.41970791777139904,0.3316801243369491,0.24861195789165186
11486,a3ba2da8d3db9648dd6cd10bc1f3bcf8ad6765e3bb3cc094727d916e8937098e,1,c5,c1,c1,c1,0.34479308,0.34089273,0.3143142,0.5740006992711321,0.17185657222157688,0.2541427285072911,0.4492844655638616,0.2198291742781591,0.3308863601579793
11495,e8773fdd7a89804136f0758ca8be18b29bcf78ee917c653eceb45b725af09aae,1,c234,c1,c5,c5,0.4680396,0.23036683,0.30159363,0.06586411201842433,0.15704811038692282,0.7770877775946528,0.1786565627548458,0.2146600019224047,0.6066834353227495
11496,9c414de845cd6de09c42de6490505b73219537fe323a59d14d60bd7b5192fb09,1,c1,c1,c1,c1,0.6900609,0.23062454,0.079314575,0.6545868969342029,0.2978230381969623,0.047590064868834714,0.6458298871167814,0.27437012637178565,0.07979998651143298
11505,f205a3667b2d7052634ec3dec0ef15247b8ddc9afa3a61a7c115fe1e7e562b8a,1,c5,c5,c5,c5,0.11057695,0.33193535,0.5574877,0.06893786178597203,0.4185534142320236,0.5125087239820044,0.12122392805473084,0.28677001630086457,0.5920060556444046
11509,0cfdf7da18fa12db3638555fa8bed1f9c88a8ca5b7d06780a9b00837acf5cbd3,1,c1,c234,c234,c5,0.20351443,0.47608498,0.32040063,0.2692205902254909,0.37671274538577776,0.35406666438873147,0.27209390941527845,0.34942678931535676,0.3784793012693648
11515,16e81dee887e81862bcc7d796509c9f5bc38cc29f0e5dacfe6a77b3dcc57d5ca,1,c234,c5,c234,c234,0.12964691,0.39186916,0.47848392,0.1901522050972714,0.46841649262071244,0.3414313022820162,0.22619919994069781,0.4817298306991004,0.2920709693602019
11525,59723f3db80ae993cd822cd6e3b8127ad1487de60e8019f70a14e28a88c5c3ac,1,c1,c5,c5,c5,0.12955265,0.2921203,0.57832706,0.0925592422538127,0.05816881970901666,0.8492719380371707,0.201338263502174,0.17458426319165893,0.6240774733061671
11531,237b62923e27eef8483f36ed88e36aa0b54812253b85992d3f12a204310934f9,1,c1,c1,c1,c1,0.84166986,0.10097584,0.0573543,0.669150397778642,0.2406591240574985,0.09019047816385957,0.6629739493849732,0.2185065288323073,0.11851952178271949
11539,903c444919384764e14942b0e4747249de9e2cd63b6fd7e212d3d353abf479af,1,c5,c5,c5,c5,0.12234326,0.262895,0.61476177,0.11244088874506536,0.2747093623357432,0.6128497489191914,0.19244423330139562,0.2982507169607877,0.5093050497378167
11541,6668e666e854e8b8918bea2b81f581bbfc1fed713f874dae1af0086d28e5fb51,1,c1,c1,c234,c234,0.5683857,0.31414935,0.11746486,0.2353384063612468,0.5409566948979156,0.22370489874083752,0.3351478581255491,0.41096215494532196,0.25388998692912895
11543,848b04ea00d526e4daa4938285417073a7a1fab06918cca24bf6691a2725ec6e,1,c234,c1,c5,c1,0.56955695,0.26176143,0.16868158,0.3552001612432738,0.17732763302902627,0.46747220572769993,0.41381146731220253,0.18723440936368962,0.3989541233241078
11546,4f570e2c65f8f887aeea97e065903e47a8b03f7bb66a530ac32207f7ebac61ce,1,c234,c5,c5,c5,0.1830094,0.31699878,0.49999177,0.30386801318869056,0.333619145288423,0.36251284152288643,0.2790436580676012,0.32831743545418524,0.39263890647821365
11552,65168add0812a5c853218962198860c0111fa0cd283db5627fc1b320870e8fbf,1,c5,c5,c5,c5,0.18666597,0.35293,0.46040395,0.20135183801069417,0.17166838118247074,0.6269797808068351,0.24857364886990033,0.3098818157085518,0.441544535421548
11556,46b1d7be2a545ea05dc78705dab569eacacabccb4cb914272197bff57f47649b,1,c234,c234,c5,c234,0.36705607,0.44866785,0.18427607,0.23384499066853537,0.2913819979564926,0.47477301137497196,0.29483087202829805,0.35663877648769954,0.3485303514840024
11562,bd59116253e78e171e9bba82fc1fbe7c76795571115c29784c96e77f72d93241,1,c1,c5,c234,c5,0.21818312,0.32066074,0.46115613,0.25848995518694357,0.4246013932658579,0.3169086515471987,0.2739817481640704,0.32628077015612134,0.39973748167980816
11563,321dc9cf8952df6e6ea730babcea77c37475140f5f4c8a124fc69b65c8b39d68,1,c1,c234,c1,c1,0.29125315,0.36308366,0.34566316,0.4570548174202586,0.2984455763141288,0.2444996062656125,0.3972444339463136,0.35187380918436795,0.2508817568693184
11564,a87db3d5715cce46e48c174e1704cf92c14a92af393b7b0d02638e6f1f3b7cb1,1,c1,c1,c234,c1,0.50981265,0.34677696,0.14341046,0.264451471780614,0.5522146973756009,0.18333383084378513,0.41261724280766404,0.390633130861027,0.1967496263313089
11570,80c05b403972d896a6321fbcae134b66c74dadbc9c59dce2d489202143412c9a,1,c234,c234,c234,c234,0.2039868,0.40622586,0.3897873,0.29445145084047664,0.4681474279178188,0.2374011212417045,0.30061275694954676,0.43829890979180813,0.26108833325864506
11578,01e6b5502f65230ab97ed84db3963764917e2523110e18d908692e7fddbd21fd,1,c1,c1,c1,c1,0.5962204,0.31223822,0.0915415,0.6124239056012131,0.3332146406072182,0.05436145379156869,0.5924560788080584,0.3316233685543709,0.07592055263757067
11580,ee400f09e3f0ec83d4b650479863ee5c407adf88c9902cde1466e234a31b1494,1,c234,c1,c1,c1,0.8705092,0.10488383,0.024607046,0.8181199967382407,0.15626506916556776,0.025614934096191505,0.6939409903411996,0.23649146872694352,0.06956754093185696
11581,e3e58a7be0eca0a6c3a0212a267b20958338311f9bc127ceb6c98d2b6c770893,1,c1,c234,c1,c1,0.27293554,0.41573897,0.31132543,0.5542387270280589,0.18117728441147957,0.2645839885604615,0.39764412637781255,0.28188118738385287,0.3204746862383347
11584,b2ca968213e554c2464e2c3f966503791b344053f503569de27a6219176267e6,1,c234,c5,c1,c5,0.29408753,0.2623227,0.4435898,0.5232674015583292,0.2132147605163661,0.26351783792530475,0.33598680084118987,0.2738647788779317,0.39014842028087837
11595,8d5db680039ea435ab8d6ba6f8860d47dd5ef2008448db0d0b459ac96f6b4ebd,1,c5,c5,c234,c234,0.13199088,0.27879012,0.589219,0.13132138777555197,0.7408453806410761,0.12783323158337187,0.21663898561506187,0.5890802165122823,0.19428079787265587
11596,59331732f46c43cc05ee2bc6342052fdf11819a891c58e02df9f49eb2cf2a5ee,1,c5,c234,c5,c5,0.24256691,0.39550698,0.36192608,0.3270375226494138,0.3161995932189364,0.35676288413164975,0.22836488102711794,0.38501547176236117,0.3866196472105209
11599,4c4e72668d5263f3a6463de80d24c92eaa18f547a424c052e3ee0f8cfce01124,1,c5,c5,c5,c5,0.13302286,0.41747725,0.44949988,0.1049646702756186,0.22059077229192575,0.6744445574324556,0.16763220407897014,0.27519365465191237,0.5571741412691176
11605,d70f7bd52d1ed81eba52f3bbdd85a62296c4ac6c24c8df84216efdf110b4282e,1,c5,c234,c1,c234,0.29557484,0.4021349,0.30229023,0.4073167506148432,0.39869986425977627,0.19398338512538052,0.3203718938631115,0.357614236082287,0.3220138700546015
11609,39bd162f05098f29667042aad1d23a7a949bd7447bc1de006d6f6d90310b002f,1,c234,c5,c1,c1,0.2738901,0.29051307,0.4355968,0.463380868459036,0.38909777313706173,0.14752135840390224,0.43681927027216017,0.34321878805797507,0.21996194166986488
11611,d4e0375607a4c690c4f578b96d499eb0ad983b2feaa343dcfdeea6869c64f636,1,c1,c234,c234,c234,0.25040424,0.4910736,0.25852212,0.2476151513902591,0.4507067435382943,0.30167810507144666,0.2264226710077217,0.4920442822022566,0.2815330467900218
11618,1c4d96ee8222477e8acc7db484dcafdc410394175f76993ef491e061be450bb8,1,c5,c234,c234,c234,0.1530838,0.44336557,0.40355062,0.10758064820886601,0.6468800540467129,0.24553929774442104,0.14304786497358207,0.546699893672123,0.3102522413542948
11620,d1f5c0622b31b20469f15f7114ae44ea916e15eada3eea6f57cf0dae3ab9c800,1,c234,c1,c1,c1,0.6402246,0.27705127,0.08272414,0.6217818194743047,0.3251532052006743,0.05306497532502107,0.6299696653335823,0.28834268142525193,0.08168765324116578
11622,2f388d234415a03ad03b0fe6d95242b87c4c7fa851d13f79b76188228a7aaf50,1,c5,c5,c5,c234,0.32669127,0.29834566,0.37496305,0.125410670136004,0.39941534430535924,0.4751739855586367,0.20671374815234922,0.43208347351713405,0.3612027783305168
11630,88989eea9e799e35ee8dd72c45a72bf32b3e555744fd42caf474629082bc9441,1,c5,c5,c234,c234,0.1747029,0.25447816,0.57081896,0.21951491793943362,0.6054032488686593,0.17508183319190707,0.2544046180140254,0.4234910014074568,0.3221043805785177
11631,1d7a1ef1d408da633a63ba15f39123d05e4e2eca4e149dba2438927a06112c03,1,c1,c234,c234,c234,0.29467118,0.4633759,0.24195293,0.25877868123864367,0.5554626332627555,0.18575868549860075,0.29486766803125175,0.47115521034449204,0.23397712162425624
11635,e6585cc3cbef7eda22cfed4cdbfc71f680f7130ae807749bb0724c75318a7207,1,c1,c234,c234,c234,0.29192314,0.36555287,0.34252402,0.12072188038568933,0.6845764172530465,0.19470170236126416,0.21509827669164416,0.5054726471588797,0.27942907614947604
11652,f04ff135c6368460a55fd786371da1ed97e54e7765e4a77af1dcc70ab64c6531,1,c234,c234,c5,c5,0.24822278,0.3779843,0.373793,0.12430120385292837,0.31814105919027375,0.5575577369567979,0.212873377269394,0.3618010169930699,0.4253256057375361
11654,37585b4f9c35849f01e2fabe00f351f55d5efe628f53561e433127e552b582a3,1,c5,c1,c234,c234,0.44785738,0.33317554,0.21896707,0.28107649534941914,0.41467298683026727,0.30425051782031365,0.317283667126504,0.3732289390561456,0.3094873938173503
11655,7f958012c782f595897e8b32cea767e047eefe4fc1de4453c62214b00edc4fa4,1,c5,c5,c234,c234,0.1572233,0.41636124,0.4264155,0.3710697942899341,0.45384423242576105,0.17508597328430497,0.34134020174283924,0.42046205676507176,0.23819774149208886
11667,3aad7a4f7e9787cf05d013a6246808eb69df44f9cd3c9bbb22c9cf6cf9c9cf49,1,c234,c234,c1,c1,0.3110811,0.38705236,0.30186656,0.44320349873902154,0.16284911687656342,0.39394738438441496,0.42216524358438096,0.22143917340322444,0.35639558301239455
11670,877f234453383a981bfa4fb7a20b68c686b99d22bca4831a3b8d9658949e49d5,1,c1,c1,c5,c234,0.367842,0.34161064,0.29054737,0.27306114536092707,0.2539906912351549,0.47294816340391793,0.311819074233344,0.3662954576766317,0.3218854680900243
11692,66d214b9d1cd7b0e08172a9ef37367eca97b4bdb882385226b4a225d5f2932bf,1,c234,c1,c1,c1,0.5770032,0.2959208,0.127076,0.4861093155314187,0.3194269158218209,0.19446376864676024,0.44484220257233725,0.357897811519075,0.19725998590858784
11699,6e33937e293af0208a272d4f2a7fedd704fd9477438f34a0fe856ee63bd284e1,1,c1,c1,c1,c1,0.56386906,0.28046206,0.1556689,0.6125922059881392,0.3343208810763525,0.053086912935508344,0.5344118573215051,0.3643595806606128,0.10122856201788216
11724,ee7417b6dc6a3a1d864dfb9507c0bc7cbb245eb44f3e873431c290d1401ee934,1,c5,c5,c5,c5,0.17975065,0.32468075,0.49556863,0.22527796169891826,0.3855145973485531,0.38920744095252857,0.2526914717393872,0.29150799518711895,0.4558005330734937
11749,ae396150424efe8e1cc8fdde70a136e0885c271f90b4e4fd57c48056b8e8580a,1,c234,c234,c1,c234,0.35433856,0.38922784,0.2564336,0.4413053137299535,0.2484410995194275,0.310253586750619,0.3231943411099105,0.36410929117574475,0.3126963677143448
11754,464d2ec1d104103671516064f8d9cbefc8502885762868e9f1f0ae6104c7c97c,1,c1,c5,c5,c5,0.18797892,0.24120288,0.5708182,0.32222282546423847,0.2119512273489469,0.46582594718681447,0.2741918275131521,0.2524023731126211,0.4734057993742269
11760,37b532bf8f68649d9580c62e2bacc14e5b06dff62b1acf3cd7be907ec318832a,1,c234,c5,c5,c5,0.074274376,0.27928472,0.6464408,0.11634885352228701,0.3109664401751426,0.5726847063025704,0.12748121024394,0.3448911726581961,0.5276276170978639
11766,0f933c634378d654c0b7dbaf36043520b61b558719046ae628519f78972fbfc7,1,c5,c234,c5,c5,0.20120573,0.4183695,0.38042474,0.10042405522825557,0.370494379786749,0.5290815649849954,0.14972528983326763,0.34764142137814136,0.5026332887885909
11775,c8a298386aaebe762632c3b97a42906c9ae965a0b179c1d3470ff9a386527300,1,c1,c5,c5,c5,0.10494254,0.27011463,0.62494284,0.0830158199042027,0.16657861866498572,0.7504055614308117,0.13374486640008879,0.212935809180824,0.6533193244190872
11778,dae3edc644abf99d803159edc6c241d428de3b86652b2f76bf0121700fd454e1,1,c1,c1,c234,c234,0.6113275,0.2949801,0.093692325,0.26752300418761144,0.43635743321189396,0.2961195626004946,0.3599336539375441,0.40988700621021473,0.23017933985224107
11796,98840f52d752a96f1edfb05bf7d90fc1ebc4e6909e65683aa799b2534c93baee,1,c1,c1,c1,c1,0.61308753,0.23567298,0.15123956,0.46120578844555926,0.17932133345744125,0.3594728780969995,0.4396545962776488,0.20665957472055665,0.3536858290017945
11800,2920e2fdf9780aa41c83777f9ac867fa1246301abf03817072cb285de2df7d70,1,c234,c234,c5,c5,0.19999942,0.44902086,0.3509797,0.2005768692174638,0.33306940276984265,0.46635372801269365,0.22261519216863251,0.33412904920269104,0.44325575862867644
11807,e41fcd2c1e77221b2290ca1170ef972209ab0c0b7f8f4ee75b6674fd8061248a,1,c1,c1,c1,c1,0.4329293,0.40328875,0.16378197,0.44685767850995256,0.4277028182505178,0.12543950323952957,0.44353756994321347,0.40197324039620197,0.15448918966058445
11811,a27fc632fca3f9a73ada321b65a80a2ff596aafd912e1f1c378f5743fc432d26,1,c1,c1,c234,c234,0.42713192,0.35183907,0.22102903,0.3102018111501797,0.49492019014074656,0.19487799870907382,0.35513990795504896,0.4144243652503914,0.23043572679455968
11820,bb5292ce422627ff7d8f8d80a3047a6d2dfa9b69b2072601c149616b7afd69c4,1,c5,c5,c234,c234,0.12910286,0.31006894,0.5608282,0.1985129869109647,0.5158233233966759,0.2856636896923594,0.24579035570133917,0.42801621179211097,0.3261934325065499
11826,229d9239c3e7349c2aa322c36962348cee651ab0345e3eb0657a3a8fb2d6c919,1,c5,c234,c234,c234,0.29838723,0.37327406,0.32833874,0.22922755966643035,0.4227596687777416,0.34801277155582794,0.32200199273530056,0.3598777770327418,0.3181202302319577
11833,d214376a4a2dd42e624b4fc5a7a7e64c22f4c99fe9eaf98b644490515c985767,1,c1,c5,c1,c1,0.29919767,0.25363868,0.44716367,0.4304471742064077,0.3715781342920886,0.1979746915015037,0.37892296137159526,0.30688200304938823,0.31419503557901646
11836,25cf7cd0b47bbad67e8e31a6c1b2ff16b0843b147eebd7fd06615af6be6a646f,1,c1,c1,c5,c5,0.36123145,0.32358298,0.31518558,0.2931427666429485,0.3197386104254492,0.3871186229316023,0.26886831037605846,0.3651497106130781,0.36598197901086343
11837,c765f84aba232d52df4e7f8d696d3b7a48b25de65f40855bda2c858416c49377,1,c5,c234,c5,c5,0.3133426,0.35753527,0.3291221,0.28053749831317154,0.2801987786328948,0.4392637230539337,0.3079015061208917,0.34013407605267654,0.35196441782643173
11850,07b38db7277a622c178ad1d37a83c0015d29c3d068a709a251bfac97348afdc2,1,c234,c234,c1,c1,0.34229013,0.47148833,0.18622158,0.6930205416833262,0.2287514100469027,0.07822804826977123,0.4616396983309153,0.3532070616577526,0.1851532400113321
11860,899ee1435e0b4533dd81bd6c127e3f3996e2bc484c12d5e90663e71f6a810eb5,1,c5,c5,c234,c234,0.15348604,0.40214458,0.44436938,0.1078671846421722,0.5079509716541815,0.3841818437036462,0.1724130390872609,0.4178048588001394,0.4097821021125996
11882,5b1b54361621329823f14107a0abf2d2d4885a9185dc8f56deb649228afd9ef1,1,c5,c5,c5,c5,0.12127036,0.22313093,0.65559876,0.18655599404770215,0.14643706328509418,0.6670069426672036,0.2043479698195182,0.20621003594635873,0.589441994234123
11883,975d6e32ce530e64800169afd104212547b735839e7ac96b27671a4147c5a18a,1,c234,c5,c234,c5,0.3398643,0.26850814,0.39162758,0.2420914389073642,0.5613674213278105,0.19654113976482537,0.238580672588799,0.3791193260565624,0.3823000013546387
11895,7bd65058088aeab951898d710f369f85d442d0836173662f9e0ad1a8c6e03206,1,c1,c5,c1,c1,0.269664,0.31821153,0.41212445,0.9091733591705765,0.05675500103848305,0.034071639790940335,0.7387824916512231,0.14282387978731936,0.11839362856145746
11896,17eafd5e6d14e9c541a27c89af5c9d2214e1c1559ac3bec651270c579fb990b2,1,c234,c1,c234,c234,0.36700848,0.35152796,0.28146356,0.3312031799820508,0.4085429034494887,0.26025391656846053,0.36461054254137887,0.3676430282565404,0.2677464292020807
11898,4844ba5f90ecd3e6296d72b0e1f3a70198260bfb30522a133d54851e7b134b65,1,c1,c1,c1,c1,0.39200813,0.3913164,0.21667543,0.692346401994828,0.15388448720282424,0.15376911080234784,0.4746515471337879,0.2782435553708256,0.24710489749538647
11911,10ae8ede157ab68d4efcd6fd973c37b305103f2aeb26e2dc07e3affa777beb9e,1,c234,c5,c5,c5,0.2548731,0.3661144,0.37901258,0.2388057646901132,0.2929555738099677,0.46823866149991905,0.29054421195704216,0.2854555660705799,0.4240002219723779
11937,c146c59ece4422334f6e624477ee89d260643e74d6d4cbaa1c338894b45aac12,1,c5,c234,c234,c234,0.33689904,0.37328207,0.28981894,0.3039706341695356,0.6048245159446625,0.09120484988580199,0.3808796829521774,0.47875613212862433,0.14036418491919836
11943,a4b129f5d6d9aa78fae3db719e7091450fb0daa3eaf70f930f90ed15359e13c5,1,c5,c5,c234,c5,0.17835808,0.38505593,0.43658596,0.2198193722656096,0.4309410101209139,0.34923961761347644,0.2697590489388834,0.3413544434165263,0.3888865076445903
11958,dc2c51f2ac2fc3af3fb0be8d9bba587875e18d450da86a7b4ebebb7b98573dd1,1,c1,c234,c5,c5,0.24018943,0.39413342,0.3656772,0.2600607654964663,0.3139305755321311,0.42600865897140267,0.25984093857127155,0.31253907680508636,0.42761998462364215
11974,c2ac3d0562d917ef6e843c63188c6148029ec873e10ba18c609ebd93bf60533e,1,c1,c5,c5,c5,0.16112357,0.3526355,0.48624092,0.2774152134156177,0.225779543077396,0.49680524350698624,0.26090287046491695,0.3188784551774536,0.42021867435762944
11981,68c2cca5eff83339ea4be290ca7e515f191955508224234ae0999e0b130ce974,1,c234,c5,c5,c5,0.32890028,0.29613987,0.37495986,0.2411715140001533,0.23040357487198812,0.5284249111278586,0.2653910418517255,0.29362995399018815,0.44097900415808633
12009,6465ce3df64dcf7496daf55074cd3dc419f2c0a7eba7ec939ab29bf2fe9fea30,1,c5,c1,c5,c5,0.35216278,0.33983496,0.30800232,0.2888066653221781,0.2831154296533753,0.42807790502444654,0.32314124079870665,0.30217226354739923,0.37468649565389417
12019,d5dca1525916aa9972ce16fa91d1bd9cd5f5d6927bd6dc8c00f684ea4ac80554,1,c1,c234,c1,c1,0.19282849,0.49007136,0.31710014,0.4373137530420577,0.19986078806810545,0.36282545888983697,0.3645695648365159,0.2776893206708574,0.3577411144926267
12021,9f01a7d769a9cb585046b0f9e5530a9443c8de79e9ba4ea42e6d76fe4f76bf42,1,c1,c1,c1,c1,0.37214702,0.28785113,0.3400018,0.42280398157622057,0.27180185463093215,0.30539416379284734,0.4092197950293613,0.21971189003679106,0.37106831493384773
12030,ba3564dd7d2779067b27b3a7dd3f5924c54bdaa59687369a3f8d0c767c97212a,1,c234,c234,c234,c234,0.26502457,0.3912678,0.34370768,0.1590030912428989,0.44784957013455134,0.39314733862254975,0.20113554792061972,0.43293090765842807,0.3659335444209522
12031,9c8206515b14abb2e50c521f019e5c57ec4144ed936d784871944400897eb3d8,1,c234,c5,c1,c1,0.24140382,0.261556,0.49704024,0.509816654670115,0.16405347022314645,0.32612987510673835,0.45707402625592675,0.22913745964370869,0.3137885141003646
12065,045938b7823f7cfc90b2141f66c0bd977b84cf7cbefad120dcbfc64fc32fc434,1,c234,c234,c234,c234,0.3131519,0.47922635,0.20762171,0.219922282241507,0.5050504082056197,0.27502730955287313,0.3128823695706774,0.43624078963579843,0.2508768407935242
12071,bf7ea4b108b951137d454e21c39503980f8e34da469ab7630e74bbf5f39f7b73,1,c234,c1,c5,c5,0.49413595,0.32408467,0.18177931,0.19704221307778114,0.28443837331649924,0.5185194136057196,0.32788744042141,0.33014129333778525,0.3419712662408047
12076,ac29e3ba4507edb4c53b25654a525d6db9fdb8dc4473e5e84935acd4b901d8db,1,c1,c234,c234,c234,0.21203762,0.47845834,0.30950403,0.33780450978725857,0.34349875537832464,0.3186967348344168,0.2662220494988637,0.4023483913845564,0.33142955911658006
12079,6992a8101b29ed1d7cc87f6a7bb227f39f71206699ab88ffa7857861f656bdfd,1,c5,c1,c1,c1,0.4542178,0.29497582,0.25080633,0.5824768937904667,0.28468707854233594,0.13283602766719727,0.47980403171030367,0.282779572495505,0.2374163957941912
12092,a104587a798e3803ae4b959d43261cab054cd138d2358d5c2f54b720338b360d,1,c5,c5,c5,c5,0.1467251,0.40004978,0.4532252,0.10526023343314993,0.301346424231068,0.5933933423357821,0.14404476738703223,0.36504600718165503,0.49090922543131266
12094,55d1c0798497414bde5e9e47bb2855af2122b2f18101b5e0004a4d55e4935caa,1,c234,c1,c1,c1,0.42300415,0.32888407,0.2481118,0.5003843466404495,0.3362454933929077,0.1633701599666429,0.4016639159054493,0.3546676416073286,0.24366844248722194
12122,94b6fe09379a52bf4a99125a8bad3f3635470a992225b5061e4b3be1bfaa3101,1,c5,c5,c5,c5,0.14572833,0.32536396,0.52890766,0.1325306726442612,0.3595072516121142,0.5079620757436246,0.1941609627460954,0.3211244217997429,0.48471461545416167
12129,36ad2451e66c99578421ab449c6fd0e4c0d40771b86cee2fc34b4b915e50e0f7,1,c1,c234,c1,c1,0.39055347,0.43290603,0.17654054,0.42680150486237134,0.41046170237892515,0.1627367927587035,0.384274074345754,0.3663981242213686,0.2493278014328775
12133,96c9556346baf4f654e8eb2ab61d7166ec3ba896bf7011609029ce9eaf83a102,1,c234,c234,c1,c1,0.3708374,0.4060316,0.22313105,0.618207364178639,0.13857841360914422,0.24321422221221695,0.4807272991333941,0.2878124143627002,0.23146028650390568
12135,20277f8b1944d86c9b029f2af209a0b13724a4196d9f4240de33efb47caf5856,1,c234,c234,c1,c1,0.23194346,0.41775292,0.35030365,0.4786689353372252,0.14391063206670832,0.3774204325960665,0.41787678939490364,0.20196496582367557,0.38015824478142085
12140,d82a0a0f2a118ff5f137c71cd426d91c523fcfccd51198a76840f8eaa9ba2cdd,1,c5,c5,c5,c5,0.14813688,0.24245854,0.6094045,0.17157854280705442,0.1803328440325668,0.6480886131603788,0.19744937377840452,0.22451765369474172,0.5780329725268538
12144,ce86551739d6650b4a8839705ec63010ec2971ccc2570cd83163dde8aae2166e,1,c1,c1,c234,c234,0.40589786,0.37040687,0.22369528,0.292500663703047,0.48240519871502413,0.22509413758192892,0.33353610142797663,0.44595424675064027,0.22050965182138316
12145,50410fc351476ba1e6a11e236beb7c0ad932eb47aee41037dc07d8be1d1ab11e,1,c234,c1,c234,c234,0.39418805,0.37423232,0.23157959,0.3071860015220267,0.5459325784410719,0.14688142003690147,0.37584532285525263,0.4713711967307253,0.15278348041402218
12160,36367e2b45a55b9864d912a184d40da4ee6499bfb949bbece599e9b6ff6dd2ac,1,c1,c234,c5,c5,0.19765459,0.40916884,0.39317656,0.10387232525886053,0.3213197643061455,0.574807910434994,0.1287458143556497,0.38263688356671893,0.4886173020776314
12166,9d7c1b261df8edcc60601bf39633f7e3de29848b72051d679339afd3905acd05,1,c5,c5,c234,c5,0.18694656,0.3407731,0.47228035,0.2939978753372393,0.36207641949257935,0.3439257051701813,0.2654486407086022,0.3195433610543854,0.4150079982370124
12167,0661eb30e9d2637143e167f7bb1a5ca435b4cfd66cb7626d051553523c2b46d1,1,c234,c1,c1,c234,0.4111588,0.36301616,0.22582507,0.42056821892197244,0.31170152685909014,0.26773025421893737,0.3736936804233617,0.4168512548860242,0.20945506469061415
12178,25efdf44a105ae045a79dc583a0ec52d8a48f977ffc422541adc0e50129e4a5b,1,c1,c234,c5,c234,0.1999336,0.48807162,0.31199485,0.22763881137332762,0.33403179122979965,0.43832939739687266,0.23676411199833966,0.3871844834047523,0.376051404596908
12190,2ce259e8bf4e73b1c4ddf4349851c2b0cc7ae152ccfcc2da24f3eb09f9bf82a3,1,c5,c234,c5,c234,0.2938795,0.4458403,0.26028025,0.052874516706653045,0.4651631272653425,0.4819623560280045,0.14046385915905357,0.449596336474942,0.40993980436600447
12199,84c1c3e4194a04af855e42e7f329d612f407d8f34b2f4604d95314a8c7bb157c,1,c1,c234,c1,c1,0.26144707,0.41634548,0.32220736,0.45014635074353493,0.37886508308968375,0.17098856616678135,0.403351450976179,0.3656489209619306,0.23099962806189037
12201,6277bcbcbed5e42087a699f17c123c1023a8ab554ee2fdde8db5008b8a043efa,1,c1,c1,c5,c234,0.3574115,0.32296723,0.31962126,0.2931427666429485,0.3197386104254492,0.3871186229316023,0.2630429130264595,0.3715123373706563,0.3654447496028843
12209,748e66d8e42f8a8a821aa620c64b81fd37aa84cde705640045d97e4e76930440,1,c5,c234,c234,c234,0.3817872,0.4107651,0.20744766,0.302920696436134,0.3699505734434262,0.32712873012043975,0.27340305110514557,0.3938285930724456,0.3327683558224088
12211,07ce02d9114e164fe46adb6163b5123044da898b8f76d87cd7cfb3595ba088d2,1,c5,c5,c5,c5,0.16690563,0.36340675,0.46968764,0.13379486024835346,0.19538342748941567,0.6708217122622308,0.20050323118311722,0.3008050163772659,0.49869175243961683
12248,e7a0040b3e85604b1a27d9278a70510e2a14a3b7b28ccf14e02e8608fe837357,1,c5,c5,c5,c5,0.115879744,0.36564502,0.5184753,0.1618046573963232,0.2976812675850064,0.5405140750186704,0.24156824156136922,0.32986474087527695,0.42856701756335375
12258,7a2418dbf6dfabce7955c6ac3300cdd1c7d7e7413723665c7c2391bca9cb55d0,1,c1,c5,c5,c5,0.16985321,0.39818022,0.43196654,0.09861557411071445,0.30553279375142844,0.5958516321378571,0.15397758113173224,0.3820118889922319,0.4640105298760358
12275,63ebf7419a08ef2ecd74b352bec61454a481046e3240268be2e075ad86fac322,1,c5,c5,c5,c5,0.12240134,0.3487825,0.52881616,0.2652054380057359,0.20738217594525238,0.5274123860490117,0.23254063983946763,0.3519040195637845,0.415555340596748
12295,54140287bc4a022d44bfb62ae6113bc1785175831bb48f6d4568e9e6a354862c,1,c1,c1,c1,c1,0.5075556,0.28110245,0.21134198,0.5343013819109629,0.12435837673072543,0.3413402413583117,0.49636435881888524,0.1823944149019106,0.3212412262792042
12303,f0b2892533185562f8234a9ff2c1f5c71d80b4f63579368cc51f16446d158acd,1,c5,c5,c1,c234,0.09276133,0.32252166,0.584717,0.36236578113498347,0.30956664891455,0.3280675699504665,0.2442878412010864,0.4027887163405713,0.3529234424583423
12306,14f4aadf2e21d5b81d037934110dbaa8f96bd0886eae7c978a90a5922afc4a32,1,c5,c1,c5,c5,0.4841145,0.21074253,0.305143,0.1842500556692497,0.09806002006756982,0.7176899242631805,0.28947138507489306,0.2008472714305929,0.509681343494514
12311,2574031377f88acce5cab72ff14cf6886c2549a696d700f7b68f0a5f4c4cc13e,1,c234,c5,c5,c5,0.18558611,0.3547142,0.45969972,0.248367616064507,0.2380993675047623,0.5135330164307307,0.24230437171691263,0.2612337551544704,0.4964618731286169
12317,edcc942488501cfe1083a1eb9f8c14eb6c4c9e6f926c3a7c6c7827c3b5faa857,1,c234,c1,c234,c234,0.47941044,0.29755062,0.22303888,0.2779337164758063,0.4801468869246867,0.24191939659950698,0.3305606712126871,0.3540689053100007,0.31537042347731215
12322,edcc942488501cfe1083a1eb9f8c14eb6c4c9e6f926c3a7c6c7827c3b5faa857,1,c5,c1,c234,c234,0.47941017,0.29755068,0.2230391,0.2779337164758063,0.4801468869246867,0.24191939659950698,0.3305606712126871,0.3540689053100007,0.31537042347731215
12328,2d073dbb0728c3998a312418af652cba4ff892fc5a5ea48e92cef0b75cb2f4bb,1,c1,c1,c1,c1,0.5811334,0.25349638,0.16537024,0.8396884092931762,0.06134607577198732,0.09896551493483632,0.6796405042757736,0.12979999330871086,0.19055950241551556
12331,fef093631257b78f5ba3f778bdeb53728256339a4fd8a2ebc17f66b85a182f7c,1,c234,c5,c5,c5,0.14143305,0.37731397,0.4812529,0.092231095230856,0.3736390532170365,0.5341298515521075,0.1660531225022715,0.40822507910911177,0.4257217983886166
12346,162474220f5a819457bd7200befe078bec1a0d047febb8cd9505e84f6be8e8ed,1,c5,c5,c234,c234,0.10782813,0.27961206,0.6125598,0.17392040434520983,0.5015229127077648,0.32455668294702533,0.3150351114810678,0.39696313454722976,0.2880017539717025
12347,f6baa2fef20b86947d0443c6504013477116fb23d0d0e195808497d19c64e40e,1,c5,c5,c5,c5,0.15599361,0.3211524,0.52285403,0.15459379506342166,0.15174164657937197,0.6936645583572063,0.2186921086075263,0.1999716861220796,0.5813362052703941
12348,51e39e72e08dd5a055b02657ab83290a4b5ad2c83e3317b187a11e9979424181,1,c234,c5,c5,c234,0.14580718,0.40177864,0.4524142,0.21230975849547243,0.39198207258471673,0.39570816891981087,0.22645901725339432,0.3960754485958334,0.3774655341507723
12351,1159f17e3e3d809f2571d3e2fd611cd8b9590dc8ad6f2fe9344a696a76a85c1a,1,c1,c5,c234,c5,0.32399297,0.22032276,0.4556842,0.2373619873344424,0.44476073274572936,0.3178772799198283,0.247250022063972,0.34828908837662376,0.4044608895594043
12353,6baddffdffc1e8fb52769a857335f7283780ecdce5a8627d3572fb49b0305cd9,1,c5,c234,c5,c5,0.30165526,0.38659397,0.31175083,0.13779127386519624,0.27754019327266066,0.584668532862143,0.23015131216331103,0.2832429905993028,0.4866056972373861
12359,ec853cdabf59b950149f381ddb7bde6ee08d1cc39d73e491d98400582bae6f17,1,c5,c5,c5,c5,0.08826266,0.13978985,0.77194744,0.0551953962475774,0.08218806495642768,0.8626165387959949,0.11578881709471973,0.15767358913934434,0.7265375937659361
12367,692d2fb9b5df233dadb8f493a31acb6875a3fdce9934ac0b262377d3b1c50bda,1,c5,c1,c1,c1,0.37096292,0.29202917,0.337008,0.64531230525013,0.27950647292684155,0.07518122182302851,0.4568684657837873,0.347827846409349,0.19530368780686375
12372,e6e19a51611f7da554cbed0637db7e67c028323068e303ec5fbf8c440cbe148c,1,c5,c5,c1,c1,0.3510912,0.2956164,0.35329238,0.4308721308195487,0.37231562338926233,0.19681224579118897,0.41698604924505495,0.3124664041237677,0.2705475466311773
12389,df973267338dbb93e6b193098027d4867e02d70867321d1fe89403fe78f87c2a,1,c1,c5,c5,c5,0.2485139,0.31731588,0.43417028,0.2407391787833818,0.36788821528712085,0.3913726059294974,0.2765629806326638,0.35399230876889315,0.369444710598443
12393,e8dd3cbe7a53240a40074ce7ddfe569f7029b051c5813b7852abc463ee226e6e,1,c1,c5,c5,c5,0.31188902,0.31986576,0.36824515,0.35270003911444453,0.2593184513497369,0.38798150953581867,0.3444631446721361,0.3041666137090983,0.3513702416187656
12401,5dc790ac322cbb3ca51cba1bb3568ca7e4f8e0396db2174c753731014e7e4f04,1,c5,c1,c1,c1,0.5247171,0.32078272,0.1545002,0.5226570957240263,0.4017109307493651,0.07563197352660861,0.46731006122809526,0.40639241830540535,0.12629752046649953
12410,6d1aad1b352c35a99fcb24aa00aa5c17ff8c764f8e3f6b4d2fd155fd447b3713,1,c234,c5,c234,c234,0.2513038,0.36219963,0.3864966,0.13257510426277205,0.6582181800907719,0.2092067156464559,0.20585785742068233,0.4818767755775141,0.31226536700180346
12414,d42d79a08ccd5f29c40cfc1f6afb75d629cd8ac3169f43e4e53f0fc03847aaea,1,c1,c5,c234,c234,0.16837095,0.41548526,0.41614377,0.1482055643605193,0.46551309114718875,0.38628134449229207,0.19906195616960454,0.4819126041612129,0.3190254396691825
12430,d3ca271b94cbc434d5b15e52949c952237f9f6a362e2977545fad84f3a1f84ca,1,c1,c5,c5,c5,0.21101092,0.2907348,0.49825427,0.18786248328730087,0.13526066316102778,0.6768768535516713,0.21170336863559075,0.19256053094490466,0.5957361004195045
12439,15054e41533d7f2a95e02610076731e3709e8246c220963c5f2847d122e56ed2,1,c1,c234,c1,c1,0.36783203,0.36976448,0.26240346,0.47678822530398074,0.3137157599437111,0.20949601475230814,0.4302498848373794,0.3362061001724681,0.23354401499015243
12440,81cb33206bdc8c132ef24036f5bccc41c17ba12c53a2e4034bee67872506a37b,1,c5,c234,c234,c234,0.27622712,0.4696611,0.2541118,0.22137636323462984,0.42324970756268276,0.3553739292026874,0.29258157173226007,0.3647860079491574,0.34263242031858243
12442,4a52902dd0ebe5703865ec54e62e72e97457eca731238960507b67defe0c325c,1,c5,c234,c234,c234,0.19538593,0.45870885,0.34590513,0.09231195535608135,0.6609908812631784,0.2466971633807402,0.19481963253953957,0.5551173238636274,0.25006304359683296
12444,96bb6668ced705cf821b28c08ea4cd74298dc4163aa3afe9bd5b413ca2fa7e1b,1,c5,c5,c5,c5,0.12624739,0.3118623,0.5618903,0.10713212945025921,0.4433902648037182,0.4494776057460225,0.15034116508759388,0.3761417693369475,0.47351706557545875
12450,5db9e51ffbb7dd8006baba72b91f13fea768e81dd795a0687c05a1db08c0e5aa,1,c1,c1,c234,c234,0.45673576,0.37849942,0.1647649,0.34157542369205085,0.37393947983352743,0.2844850964744218,0.3153856089850223,0.35900482837663206,0.3256095626383457
12451,d092ddc54192f0375dabf37d4c130f6205822abdaeed5ff6796634ac9956efc9,1,c5,c234,c234,c234,0.27057996,0.411733,0.317687,0.2382770753316632,0.4008327789406899,0.36089014572764705,0.20655722670174742,0.43881060239262093,0.35463217090563165
12456,23162c6b35b1f9cc5d237c0fcf077644164120275024942d41a71fad25f877d0,1,c5,c5,c5,c5,0.12431383,0.36406788,0.5116183,0.2536126582882233,0.24414804889507724,0.5022392928166994,0.27195954982198833,0.3063533503666514,0.4216870998113602
12462,181755f35953e0e627af06dc10905b33fc76b74dc067095a693633cba1578c89,1,c1,c5,c234,c5,0.3157017,0.33684254,0.34745577,0.31635600284538584,0.3696253433015399,0.3140186538530743,0.2863970031833916,0.3500289637408284,0.3635740330757799
12468,345dac54f2941cae076f46e79c18509220337904ba08948628351b2ba926832d,1,c5,c5,c5,c5,0.099058464,0.2222649,0.67867655,0.1637726071988629,0.31626332425588477,0.5199640685452523,0.1737149174436637,0.2945076737004533,0.531777408855883
12469,6ab38b726b1d56281a5149f9bd9c05ed7e7efa0e26edc060f5dba036c2f4073c,1,c1,c234,c1,c1,0.2752823,0.4198878,0.30482993,0.4558597797277321,0.39953604846759083,0.14460417180467694,0.40619213662040116,0.3680301005548099,0.22577776282478892
12470,d2a1f9b37b05eed597b2cd405b6afce935465816c6b8a610fce0d2ed48811974,1,c1,c1,c5,c5,0.36949533,0.2614414,0.36906332,0.30474041957974735,0.3315841319253756,0.3636754484948771,0.3218193919520807,0.2669366264246671,0.4112439816232522
12482,edcc942488501cfe1083a1eb9f8c14eb6c4c9e6f926c3a7c6c7827c3b5faa857,1,c5,c1,c234,c234,0.47941038,0.29755065,0.22303893,0.2779337164758063,0.4801468869246867,0.24191939659950698,0.3305606712126871,0.3540689053100007,0.31537042347731215
12487,11145a662be80305d9865e176af1d20d2ba2469b54e017c718f18076d0bfbf78,1,c1,c1,c1,c234,0.5172861,0.2825099,0.200204,0.4157005015588104,0.28577299382747606,0.2985265046137136,0.32472939329781275,0.3713395290398939,0.30393107766229327
12488,047d72b7ed239a4beff728cc2ba8bfc35ff8e1383f76f3db8b1f68a1ab3bf6ac,1,c234,c5,c234,c1,0.2950896,0.2579466,0.44696382,0.393121341133569,0.4270028362981666,0.1798758225682643,0.3797781578610499,0.3268023391045971,0.293419503034353
12491,2753bd6782a254fb17a9ddf262b4c789a12ee7c5709eb2337c6cdd74487a0e0a,1,c234,c1,c1,c1,0.58642715,0.31304368,0.100529164,0.445831006552811,0.28803815953652145,0.26613083391066744,0.47392596745224724,0.3082054537872105,0.2178685787605424
12496,8f27bc08241219d74bd1f59338b579497e64d8f9b8f652a530e28cf40287af9d,1,c5,c1,c1,c1,0.5584236,0.26410142,0.17747496,0.5398271733019311,0.18709543181207342,0.2730773948859956,0.5025182121642071,0.20232393181489755,0.2951578560208954
12503,a31de5c17cfdf01232f0dc1d4830b0edffab3f3eec3c702f621a73ad8ac9e9e5,1,c234,c1,c234,c1,0.6655915,0.2433857,0.091022804,0.2702230231176271,0.5228760202212033,0.2069009566611696,0.4197510643561481,0.34350253584880847,0.23674639979504347
12509,02cff6c0e38a58b293eb70e82c315965d02a0925f279dd7cccba1a7c677b653d,1,c234,c5,c5,c5,0.10924172,0.25564617,0.6351121,0.16473468321654347,0.10501246496179982,0.7302528518216568,0.216031620861733,0.18360254243725457,0.6003658367010125
12518,b5f38593d92633055de273c5a0a57c5c77afd74b0ab0cbe716139a1a64752727,1,c5,c5,c234,c1,0.3324932,0.31828237,0.34922445,0.34236172762845646,0.37149630760817,0.2861419647633735,0.39610025012570427,0.3103939551693533,0.29350579470494237
12530,e982c2edad5e438ca66ba318e84d3e027236823e4a4a84b6a2a5728030abf9df,1,c234,c234,c1,c1,0.35281545,0.39036655,0.25681803,0.4219465417972819,0.25166205748264314,0.326391400720075,0.378955332897718,0.3117249188611839,0.30931974824109804
12544,13813d683a12af7690c3f8a6b4445f8f8a2da0f3a4f5c7f8f7448be8af51b52a,1,c1,c1,c1,c1,0.8389759,0.10564623,0.055377886,0.6213926444390703,0.2756011423613078,0.10300621319962211,0.6421687919136972,0.22857984776222584,0.129251360324077
12560,d5c727425aa30aa837fc4762482bd586a1df9957660c9926ee6d5e75c1d91336,1,c1,c1,c1,c234,0.50491506,0.31810918,0.17697574,0.4196636097441797,0.3697728144559367,0.21056357579988363,0.3972421948678027,0.40151162247896177,0.20124618265323557
12579,9be0e6cc5b77abe06c90765fbca57655ec07d5e78d15889061a9f40c27b190ab,1,c1,c1,c5,c5,0.5282784,0.24540222,0.22631937,0.22762311465500865,0.14805866916197533,0.6243182161830161,0.24254990441336083,0.18833435891841038,0.5691157366682288
12600,521996e09bf1cd85fa75a17c1c81b08af5e72c072e24131b78c252c2ff87cadd,1,c234,c5,c5,c234,0.17803985,0.3837067,0.43825346,0.0649693184763664,0.4470920997431935,0.4879385817804402,0.15300463913090637,0.42441565529532943,0.4225797055737643
12609,90c7dc706670319e36213b3ef443cb7524ea94b0528dd2e52a0c2f012d5c8c93,1,c234,c5,c234,c234,0.16381174,0.35061988,0.48556834,0.0728409132850326,0.5847104331193974,0.3424486535955701,0.1302939626033823,0.4357337618918831,0.4339722755047346
12613,5a2b02f44427fd8290eaacc51445c6a361748f059a872113bc9c5412fb7eff23,1,c5,c5,c234,c5,0.35660324,0.27120635,0.37219048,0.21368387310018927,0.41320710343321215,0.37310902346659863,0.23413353560002909,0.3674218528524332,0.3984446115475377
12635,606edc4f0980804b347b8dd950a4f73762b2bba073a022f18fbb77c04ac16283,1,c5,c5,c5,c5,0.29566324,0.34136924,0.3629675,0.34530603488178824,0.28306568264742116,0.37162828247079066,0.3075671131483284,0.28732340091526415,0.4051094859364075
12637,0c22f14171c9878e204bc32d2ad0fcc93e8e831fdecab3a2c3854ad2272bfc82,1,c234,c5,c5,c5,0.21619272,0.32662913,0.45717815,0.08721684550760966,0.2447122752904262,0.6680708792019642,0.12466829718646982,0.3237558731761152,0.5515758296374149
12642,30321b9f05c4b968a607b3cef96c95b5ad7b5a6647bd782edac8b4f1c6a3af39,1,c1,c5,c5,c5,0.20574816,0.37540334,0.41884848,0.20184026922802892,0.23178342086432968,0.5663763099076413,0.3108731224045919,0.25596963764026054,0.43315723995514765
12652,f32bd164b695eed4724909032dc8cbd50d5c863cc4ba71f8eacf0fd7a8119ee8,1,c234,c1,c1,c5,0.44418845,0.23366654,0.32214502,0.6500124633209342,0.08337845413407037,0.2666090825449953,0.3751623599431291,0.19867475797195117,0.42616288208491976
12655,6dc21783dcc42ab9ce003acc9df164dbec4a89aca96e02b1a71259dcaa5b7e4e,1,c5,c5,c5,c5,0.22832716,0.24533367,0.52633923,0.2802262649278524,0.2853924690658876,0.43438126600626,0.3290609805859055,0.319635856278543,0.35130316313555143
12658,ca06b561fb4c341875c87cc752ac7af6186ca7f532e13f1c88732776ad3ba555,1,c1,c5,c1,c1,0.11801569,0.39864182,0.4833425,0.49233347094673346,0.32017722725126674,0.18748930180199985,0.34830304048449795,0.3382155548458247,0.3134814046696774
12659,0755e3ecd58d29c73520b8006896ca4c55e18411a499edaa4e91036c2bd5115b,1,c5,c234,c5,c5,0.26481524,0.39722887,0.33795586,0.13396484046537696,0.30618550896315283,0.5598496505714703,0.168189382319403,0.31475365298552715,0.5170569646950698
12668,edcc942488501cfe1083a1eb9f8c14eb6c4c9e6f926c3a7c6c7827c3b5faa857,1,c234,c1,c234,c234,0.47941056,0.29755065,0.2230388,0.2779337164758063,0.4801468869246867,0.24191939659950698,0.3305606712126871,0.3540689053100007,0.31537042347731215
12680,1bc88042f73dcec38e6f61eaa39750aaf7752ff9387abee4b31bd584cd21cf77,1,c5,c1,c234,c234,0.45106882,0.39412588,0.15480524,0.3476843916036172,0.4186140057171995,0.2337016026791833,0.3378846350917985,0.4080383486177021,0.25407701629049934
12711,d87d3d650309f07aa2139b646f040a37ca8b3a9f92db7774027461d0f0d4644b,1,c1,c5,c5,c5,0.32334906,0.33032355,0.34632733,0.34596009662952926,0.2082758228427146,0.4457640805277561,0.336256759609412,0.29595049153608843,0.3677927488544996
12713,b4ef612b13ec3464cbb3ce5b33459737508713dadb92b385787b6fa77e55d490,1,c5,c5,c5,c5,0.111958146,0.25405312,0.63398874,0.10220909388693407,0.3479377174260277,0.5498531886870381,0.13260852944462825,0.35718822482436924,0.5102032457310025
12722,6a9d716a8b107df1109a89d02d0f736631550ec6fcd7f02ec8c7f652206f7e17,1,c234,c5,c1,c234,0.2382358,0.3295142,0.43225,0.37303982019892645,0.3711987490206933,0.2557614307803802,0.2902745717618736,0.3727879752729771,0.3369374529651493
12737,6c51e7b862cf01407f8608626e84d0c9c1118204d16e294807f5b248944e4316,1,c1,c1,c1,c234,0.5816075,0.25866017,0.15973231,0.34693031566721916,0.31751658867493154,0.33555309565784935,0.3356171187514534,0.3932200153345258,0.2711628659140207
12751,38b15961273573c5f700199506258e324785b24e6be49d578a6ed59e9fb7f88d,1,c5,c1,c234,c1,0.5945647,0.32877472,0.07666071,0.36542250015268035,0.4715929011911447,0.16298459865617493,0.4482948708754713,0.4070973324694711,0.14460779665505763
12764,671d7b5d6de23d00fc82f7a13b74c0c10bb7bb1390d61595bcd6ee1b38eb7074,1,c234,c1,c234,c234,0.52365893,0.25656337,0.21977767,0.1728099381626811,0.44905049006823233,0.3781395717690864,0.25273048746323384,0.41395384281604625,0.33331566972071996
12775,a60929f66bea9b8ea40cb7d041641f0a6ef241d8fddf734ba41f1cad6708774e,1,c1,c1,c1,c1,0.45618796,0.33261013,0.21120189,0.7135209726750997,0.13446310305397755,0.1520159242709227,0.5235356848081308,0.23149182623954018,0.24497248895232895
12793,4c5ccdc61961c9e6cb6c212d822eb040a35a4542d6c6cbab8daeafdb8ee94cb1,1,c1,c1,c5,c5,0.3674414,0.34185478,0.29070383,0.3336342604654488,0.29948072451154123,0.36688501502300985,0.3040079248608571,0.31991672449248315,0.37607535064665976
12807,9bcce2ba9b2d9aca407829f40ee10efdd8c3d6f2ec08fefffb89ea692ce016de,1,c5,c234,c234,c234,0.22783227,0.4166068,0.355561,0.3597233493723522,0.36371776861645333,0.2765588820111944,0.33807903614240803,0.35582021954474724,0.3061007443128447
12813,5aef3de1c9c741e3e4e128ec0683f2311e8814ab9198ebce4c0ee36313602547,1,c1,c234,c5,c5,0.19585742,0.4319141,0.37222844,0.11085845204292832,0.24083320398782512,0.6483083439692466,0.2256259437467933,0.3201149137564915,0.45425914249671523
12815,ea735a770d3fd6882fc36c70d7d56cfd48d7026a50eed2c73f869ef86147e255,1,c5,c5,c234,c234,0.21298344,0.3374631,0.4495534,0.3546198952679536,0.4520227132518718,0.19335739148017458,0.32335580419628895,0.3850147062580661,0.2916294895456449
12816,b9111f48e5c1acb605b551d225147a4cb8bdbb575daf2ae5d8b601ac45577c1e,1,c1,c234,c1,c234,0.26864377,0.41351807,0.31783816,0.5044257632616885,0.2768999601184113,0.2186742766199001,0.3559102010911814,0.4003704181815746,0.24371938072724403
12817,2f02b7c64192f6465ed5186a4672a3690eeb2ad98fc98a9ce0cc63a8859f5e79,1,c234,c1,c1,c5,0.3939121,0.2753573,0.33073062,0.3953810325476946,0.2991580800738664,0.305460887378439,0.33701087526408235,0.29796490082747434,0.36502422390844336
12818,8bfe1187842a2a4f93b4dd09aef065c7bae7c28acca957c88a34ff48b15064e4,1,c234,c234,c1,c1,0.3096019,0.35966614,0.33073193,0.4102283155319628,0.24980942206808088,0.33996226239995636,0.3638408947113749,0.27850219480228094,0.35765691048634424
12822,af87442057a5e5fcd898c9f27f70f7c80e529ab4d26c91022bf9f0e2d547b34c,1,c1,c5,c234,c234,0.13265942,0.41256174,0.45477882,0.33356800497308414,0.5483590531478016,0.11807294187911423,0.3238671795575029,0.4606239084460831,0.21550891199641412
12825,8c4076175b43e4764a80691dc11d4db266a44d6da06ed49c6683c754abb325c0,1,c234,c1,c1,c1,0.37668142,0.35915214,0.26416644,0.5154906691692571,0.39727486254080413,0.08723446828993872,0.4083435990263412,0.40762791747069177,0.18402848350296713
12828,8b257913fb0a7fa8a81f5964472a7f242f929500d776fe236ecfd1306af91d74,1,c1,c234,c234,c234,0.16193286,0.4556335,0.38243365,0.32275569551936434,0.6065887982895695,0.07065550619106609,0.3566625821235248,0.49408046083181784,0.14925695704465747
12844,2c2f8bafcd5d27cbccdb4991940635a5183648b8d3f235466a5ace04faeb4bbf,1,c234,c234,c5,c5,0.39882705,0.40754136,0.19363162,0.2849109177536406,0.34244360490291453,0.37264547734344483,0.31444026841721723,0.334473483382445,0.35108624820033785
12848,fde14e9da84f5954cfd4238dd950bf094bf06600f605a2ea8a61d1c3d3262fa3,1,c5,c5,c234,c234,0.26160887,0.28492364,0.4534675,0.3015081476537575,0.43317717216348806,0.26531468018275434,0.23544491435575784,0.45607010262085756,0.3084849830233846
12863,495a7ea2c26ca07305f7e3ef86a8470be9811b41f16caca6a4dfc5146c277f05,1,c234,c1,c234,c234,0.4156892,0.37243778,0.21187302,0.20499411747129517,0.504914889341277,0.2900909931874278,0.3165997567848013,0.3923793817146072,0.2910208615005915
12872,abbee35b677a05ac2735fe06c205551a2e6627d7d974c779571523b1b9b3570f,1,c5,c5,c234,c234,0.20764679,0.38088375,0.41146955,0.23405687578409487,0.5597429676051675,0.2062001566107375,0.27433624073002216,0.46375199580171633,0.2619117634682614
12882,edcc942488501cfe1083a1eb9f8c14eb6c4c9e6f926c3a7c6c7827c3b5faa857,1,c234,c1,c234,c234,0.47941056,0.2975506,0.22303887,0.2779337164758063,0.4801468869246867,0.24191939659950698,0.3305606712126871,0.3540689053100007,0.31537042347731215
12896,ff7d230b8bc0333dc356d4478bc3f750dd082f4c3bcb14e4b25514ec25e10784,1,c5,c234,c5,c5,0.3073852,0.4217174,0.27089742,0.14716142048998535,0.41873673721000987,0.4341018423000048,0.21736857049871927,0.38995644219629716,0.3926749873049835
12897,8e12540ae1976ab177a01b8439fa4824151326b7646979b4b141a714a556791b,1,c234,c1,c1,c1,0.5591747,0.33503497,0.105790384,0.5472756384790788,0.32798793256561887,0.12473642895530221,0.512555614563032,0.33615225010927446,0.15129213532769345
12906,ff7d230b8bc0333dc356d4478bc3f750dd082f4c3bcb14e4b25514ec25e10784,1,c5,c234,c5,c5,0.30738518,0.42171746,0.2708974,0.14716142048998535,0.41873673721000987,0.4341018423000048,0.21736857049871927,0.38995644219629716,0.3926749873049835
12907,f835f8b3d062a3f1220cc4c5d8b3fb67d138491c516eee47f195f258cdb90d5a,1,c5,c5,c234,c5,0.16103587,0.27514687,0.5638173,0.2400458456538205,0.4170659703440408,0.34288818400213855,0.20906297501108176,0.25408216276715406,0.5368548622217642
12908,7eb817ba99c2537f8a3a1fcccbf0a09910b70791fadf6c6420ce58c61e96c863,1,c5,c5,c234,c5,0.19605239,0.3652015,0.438746,0.2630227579208351,0.377855616827395,0.35912162525177,0.2176341916304662,0.36831330396087353,0.4140525044086602
12909,55d1c0798497414bde5e9e47bb2855af2122b2f18101b5e0004a4d55e4935caa,1,c234,c1,c1,c1,0.42300415,0.32888407,0.2481118,0.5003843466404495,0.3362454933929077,0.1633701599666429,0.4016639159054493,0.3546676416073286,0.24366844248722194
12913,0a8eb7e47905a703ca8ae88c957a1df3ea2b11a31c685c108ace15665435d4bb,1,c234,c234,c234,c234,0.320083,0.4127065,0.26721048,0.19370897234649115,0.536294654107417,0.26999637354609196,0.26676100774790085,0.45218700727142636,0.2810519849806728
12914,54140287bc4a022d44bfb62ae6113bc1785175831bb48f6d4568e9e6a354862c,1,c1,c1,c1,c1,0.50755584,0.28110254,0.21134168,0.5343013819109629,0.12435837673072543,0.3413402413583117,0.49636435881888524,0.1823944149019106,0.3212412262792042
12927,1cf80ffc183327bf7070f493bd7e5cd1abf9ba0fa3fc07e23f460cae45f0dd11,1,c234,c5,c5,c5,0.09184963,0.27866334,0.629487,0.030653497195067658,0.127984049603356,0.8413624532015764,0.13486477354510418,0.22914246355030463,0.6359927629045912
12928,f1ed991a9455230bf28a39651fdcb323a54549291272e07aaf41064f07409b93,1,c1,c5,c5,c5,0.14446633,0.4227151,0.4328185,0.08750647044853592,0.22662317322821254,0.6858703563232516,0.18156883002086163,0.3766279893805286,0.4418031805986098
12933,8652f75f4c1280a10e91bba12696d9f6ca2198c2db85c4c5b7f0206c105362bf,1,c1,c1,c1,c1,0.6523512,0.23164687,0.11600194,0.6585163949693457,0.23601623167633043,0.1054673733543239,0.48198624408597573,0.3170514934676932,0.20096226244633117
12954,bed9c5059c70cd7771a053b52a1794b21ebc0cf64c613bf3935d13b7663f55a5,1,c234,c1,c1,c1,0.8153389,0.12714548,0.057515603,0.40049477451507287,0.31599604655524843,0.28350917892967864,0.49007578432897264,0.29735330492015566,0.21257091075087173
12956,641fbca51e36fdb8069697fb1673e918b18d3dce15d8282500dc5d1591aae984,1,c1,c234,c1,c1,0.3234593,0.41364422,0.2628965,0.5515379348560648,0.18177499422436466,0.2666870709195705,0.44020457887320924,0.3166515976540238,0.2431438234727671
12977,8b752c3bbd7ce478c9334fb8c43a1ccb3380e7bd653838304c9bfc76e01f6445,1,c1,c1,c1,c1,0.43698648,0.42094088,0.14207263,0.4723084565876128,0.2958907477796475,0.23180079563273967,0.3395912391791789,0.3341622215314449,0.32624653928937614
12980,ae67245b225dbfbd37131648a2d85064f7deafea3b4f3f712802f126954d9ea5,1,c234,c5,c5,c5,0.26527694,0.3137303,0.4209928,0.24406966004205866,0.14203034836504086,0.6138999915929005,0.30275710053719823,0.21545133690625476,0.48179156255654715
12981,6c244a608fd16f5d6481c75f563c43839fb6754c590b00b1e49034ac47ab8b7a,1,c1,c1,c1,c1,0.5718065,0.30211675,0.12607677,0.42940785588680835,0.4271378441043962,0.14345430000879542,0.41527823800441327,0.40210829244029483,0.18261346955529192
12988,e58c0a9eccd6255fd23636b664009ef30d26814dd7997ee6b2c53d379a15a6dd,1,c234,c234,c1,c1,0.3713415,0.38936844,0.23929012,0.6344689732857858,0.2197981180991775,0.1457329086150369,0.5409671102891587,0.26600224394952815,0.19303064576131324
12995,8913ded78297828c99f5cd9ab13bfb519f9e75ef8116136e53a27d1a200e425a,1,c1,c234,c234,c1,0.3472085,0.42607722,0.22671436,0.4249367968623038,0.46756690221300923,0.10749630092468693,0.4657036651591891,0.34789491398843164,0.18640142085237926
13003,baccded1d87e49923292c2693791adea1c99d6071a50e358cd56cdd5b709e768,1,c234,c1,c1,c1,0.38237315,0.2857858,0.33184102,0.35437657048531385,0.30406689100286377,0.34155653851182244,0.38154540143320764,0.2993021228341444,0.3191524757326481
13023,aaa2c057ae4a1a07ade25e2ea42e57654941256325fc2a20946b2b127ba2bec1,1,c234,c1,c1,c1,0.5308187,0.34569797,0.12348326,0.4566789107643134,0.4445851064046158,0.09873598283107082,0.5005791536571373,0.37476990305018365,0.12465094329267913
13024,0c7754ea542ed8a9fe11df16a9793da51aa31a70ec469199568d7d1d422cbf81,1,c1,c234,c1,c1,0.29897773,0.3993036,0.30171868,0.41313973692032446,0.37891119639001275,0.2079490666896628,0.3999056296687791,0.38599131764864514,0.21410305268257576
13028,19ca74b4bad7c077bd12e6bc58a69d77ab53cc5dde14c63cb18e7b15da797f09,1,c5,c5,c5,c5,0.104480855,0.28742722,0.60809195,0.0967701254821594,0.41400058739887335,0.4892292871189673,0.1656215344638106,0.3657100946911425,0.4686683708450469
13042,b0c80c6464c17432bc0e8a51db374cbaa12878f198fe11b5f4de86d34be3e12f,1,c5,c5,c5,c5,0.18953009,0.2765625,0.5339075,0.22017866301586755,0.2828397220218943,0.4969816149622382,0.22677639186822557,0.3129857759125489,0.46023783221922543
13045,3448786f5306750d68e71621b8cb69212c4518b4531fbd72a8299b5ca8c48538,1,c1,c1,c234,c1,0.5684577,0.24073936,0.19080295,0.3123295381799264,0.6063628134765936,0.08130764834347992,0.4278016416486283,0.4243194810760859,0.14787887727528576
13059,de8ff6d22c102d114a41db0ba2ba59e67b17f7c790a556ffde5dd487594c29c0,1,c5,c1,c1,c1,0.5302382,0.2521555,0.21760634,0.47753895372010985,0.2144112954327928,0.30804975084709724,0.4105747087035019,0.24032649137375187,0.34909879992274634
13060,8d1c433070875f7344f6daf6cfac2013d1abb5ee51052fde97ea765cdbe40607,1,c1,c5,c5,c5,0.14828062,0.39867416,0.45304522,0.13831963746047715,0.36253982555966097,0.49914053697986194,0.19551538565605536,0.3161752688612447,0.4883093454827
13065,498b40eb5a2c34396b32f792984b2330b15f8ac9abc7363511d3d733840ad69d,1,c234,c5,c5,c5,0.19122918,0.33245006,0.4763207,0.17956220370254525,0.3957222863284233,0.42471550996903135,0.2585068300808054,0.31260299194833147,0.4288901779708631
13077,744faf92f2fd28f7c57724e616330344792b999f9072002b1d883b8d21a23c60,1,c234,c234,c234,c234,0.37319943,0.417269,0.20953158,0.34472578681097077,0.5160325056973559,0.13924170749167325,0.3684440843924431,0.4726755316975836,0.15888038390997336
13082,29a7ef1d0df624cf42f02eac9f06f99e0f2b2acca961b75522067f88e5bf2f01,1,c234,c5,c5,c5,0.119141065,0.20444636,0.6764126,0.10037422450252054,0.1876038552147966,0.7120219202826829,0.19226390601877963,0.28024540027314043,0.52749069370808
13084,59b72298ea043049bc853e1b60c560cd5e7fe2172a715074ec06db661a5a9561,1,c5,c5,c5,c234,0.16445057,0.3555237,0.48002574,0.18747051418493552,0.3948152710292751,0.4177142147857894,0.2547512630167773,0.3821964957036155,0.36305224127960717
13085,6277bcbcbed5e42087a699f17c123c1023a8ab554ee2fdde8db5008b8a043efa,1,c234,c1,c5,c234,0.35741168,0.32296723,0.3196211,0.2931427666429485,0.3197386104254492,0.3871186229316023,0.2630429130264595,0.3715123373706563,0.3654447496028843
13091,7931bf7e99d08b5f87c3922596bfddfd55da1358f9ff7ae36aafacbf8608232f,1,c1,c5,c234,c234,0.36643317,0.25330728,0.38025948,0.1855963360445208,0.5169405712723166,0.29746309268316257,0.2760871567589822,0.5135973588391621,0.21031548440185563
13095,645640449f983710f95b9e67534edc0ec017b97d0855b0cbbe22cb1b1ab57a5a,1,c1,c5,c234,c5,0.21994397,0.38019913,0.39985684,0.27705612784265016,0.4498456959243164,0.2730981762330335,0.3042580382701934,0.3211117248585472,0.3746302368712594
13098,80260a42d55261c7d5fb0182d4df286fdbc6ca169cc6d51033818ea8e4cb98b9,1,c234,c5,c234,c5,0.15251827,0.2832091,0.5642726,0.28720358370535093,0.3602861702755323,0.3525102460191168,0.2825901980414213,0.35739841239277076,0.36001138956580786
13105,dbb214def4048f550e4810ae4ae29c0a81408bb5d959caab6851727e4731320b,1,c1,c234,c1,c1,0.33052883,0.40138403,0.26808718,0.599304913741551,0.26018752525556144,0.14050756100288744,0.6228827429051746,0.25788301953398296,0.11923423756084243
13110,04e97e6b292be4c6f68f9a565da863c4fe512eae926d0bd938ef22ec23532f84,1,c5,c234,c234,c234,0.2087065,0.4524899,0.33880365,0.2717768499733288,0.45566932367914403,0.2725538263475271,0.2500377170812006,0.44042645843930456,0.30953582447949485
13126,9a17ce42c52a8d5b80e5736d0127a2df0fde84602aecfaaa551f21988e1f6591,1,c5,c5,c5,c1,0.23698238,0.30465475,0.4583629,0.32730134371447384,0.2693432554644638,0.4033554008210624,0.37241694004106946,0.29125255446707937,0.3363305054918513
13129,4224ddcaa82162b368c23b44318e4b083fde4dbb6e8ac77e3caeefb20cd6d172,1,c234,c5,c234,c1,0.34620947,0.30549243,0.34829807,0.25002395818668116,0.4346494831374043,0.31532655867591436,0.34034192935679597,0.33383303562242317,0.32582503502078086
13139,fbd85f0dd7be55ecd4d8bff32c122a0d5e8f4188523c9be7cf170bdd873bdf8a,1,c5,c234,c234,c234,0.2641175,0.41236818,0.32351425,0.2659056847085923,0.4506816385203286,0.28341267677107906,0.27314816833254185,0.40137646763385604,0.32547536403360217
13146,5e362ecffd4adcf73050b8600534c07c4f9c4feb43e93485a2e3eb720da2b68a,1,c1,c1,c1,c1,0.49493548,0.40073648,0.10432805,0.49591520141277684,0.26347086772977685,0.2406139308574463,0.524633407978469,0.3259333213854379,0.14943327063609305
13152,39802c91ec778b495ee5b7df9643b9c184c72a6127432cc02ce0b21747fd067e,1,c1,c1,c1,c1,0.4645603,0.38600558,0.1494341,0.6315484307159884,0.2641518590909948,0.1042997101930168,0.5594580565737183,0.2703772505543535,0.17016469287192823
13154,a35c1987f5780f041b79cdaf8c8470de996eeef945433e048d73b797007f2328,1,c1,c1,c1,c5,0.5056571,0.19899203,0.2953509,0.34594472658014036,0.31024767723436564,0.34380759618549406,0.32486892460863626,0.2729994918751698,0.402131583516194
13162,a63ad09adbc08a2190ac524b7f91f9265247c4db7c22de66c82fe5300c107d25,1,c1,c5,c234,c234,0.22239216,0.3341236,0.4434842,0.16744112334572356,0.47848917959912035,0.3540696970551561,0.22700803022004046,0.4416588236576441,0.3313331461223154
13167,4ffe1849ebae86b973cf9008c3c07603de9d2d09e08a0bfcef78cde061ea48ab,1,c234,c1,c234,c1,0.37450936,0.3350819,0.29040873,0.3867521607001035,0.43099928290111883,0.18224855639877766,0.4399382013753841,0.3521397001721146,0.2079220984525014
13168,7ae8d234c18ddf89daa2c73d8ea30a8a79ec93613e1bc9e56c2ad5ded6028aa6,1,c5,c5,c234,c234,0.27815756,0.35340187,0.3684405,0.3093201999258381,0.5595583531708439,0.13112144690331792,0.33473069653788,0.44364627518490646,0.22162302827721364
13174,ad37ea9d9c13e724499790c0d1e541be6e6b9a964b7ca64c6f711463984aeefa,1,c1,c1,c1,c1,0.4156546,0.33449772,0.24984767,0.46026501426859834,0.3603187369750035,0.17941624875639803,0.40835323455668165,0.350154373116011,0.24149239232730732
13190,e345d060092e6779ff8fb99fe8d24e3fb0a418dec3cc97df1f63c256e50eb2a9,1,c5,c5,c5,c5,0.11316038,0.2661592,0.6206804,0.0490158314908167,0.17586820637515005,0.7751159621340332,0.1269560256008325,0.23594305586105713,0.6371009185381104
13195,edcc942488501cfe1083a1eb9f8c14eb6c4c9e6f926c3a7c6c7827c3b5faa857,1,c234,c1,c234,c234,0.47941056,0.2975506,0.22303887,0.2779337164758063,0.4801468869246867,0.24191939659950698,0.3305606712126871,0.3540689053100007,0.31537042347731215
13209,2d073dbb0728c3998a312418af652cba4ff892fc5a5ea48e92cef0b75cb2f4bb,1,c1,c1,c1,c1,0.58113337,0.2534964,0.16537021,0.8396884092931762,0.06134607577198732,0.09896551493483632,0.6796405042757736,0.12979999330871086,0.19055950241551556
13215,13b17067004ddc6bdfd8d5385521f3debc2cd1280bff07617922f9de931a93fe,1,c234,c5,c5,c5,0.09507001,0.28918266,0.6157473,0.08132016752035265,0.3927307346707701,0.5259490978088772,0.13737539737690482,0.394157687013537,0.46846691560955817
13224,49052cc14c93c39a9e38ca94b9d21a72621c13cdf42a9a01447d01010e26b992,1,c1,c234,c1,c234,0.34786367,0.4875227,0.16461362,0.4386749117388684,0.2892992113192997,0.2720258769418319,0.3027214109112362,0.3499636422951137,0.34731494679365016
13237,eab9677dbd52b9d4415fe4c6bde5ad7d68d2ce9f926b1f2c784cb4afa955136e,1,c5,c5,c234,c234,0.22872049,0.341141,0.43013853,0.21220128309218272,0.5410021364026563,0.24679658050516096,0.27636684078045437,0.49279307630175134,0.23084008291779431
13239,bc7d113bc709a95497ca3d01f8e01b648dc6f8fecdad4c4a2c035dc2a7c89475,1,c1,c1,c1,c1,0.67814255,0.25696838,0.06488906,0.5903443902918566,0.33650478293817787,0.07315082676996539,0.564557416684092,0.3347867971156389,0.10065578620026906
13240,1442801b3929cbd2182f84b42b333a2417a04f9ced83bd8e5f310c6c00661a78,1,c1,c1,c234,c234,0.45567912,0.34358424,0.20073669,0.3118880423776164,0.5210284612826257,0.16708349633975778,0.3869342158112451,0.45003872279233414,0.16302706139642073
13259,a80dca2d7cb0ddd90439a8da3518707625576ca50a2448a9660c8ecb6a422496,1,c5,c5,c234,c5,0.2986158,0.30883345,0.39255077,0.2984867584435641,0.4069770018529617,0.29453623970347426,0.27955449594621024,0.3130449320601147,0.407400571993675
13269,0ea13933d713abf452a9c037a564d01c27044503a13538fe27e2554e36fedb95,1,c5,c5,c5,c5,0.188093,0.25509807,0.556809,0.07434968526053405,0.27352522644785054,0.6521250882916154,0.12309949963181054,0.24400409718529065,0.6328964031828989
13273,9aa643fcb33bc9738dbb8549bdba638da4599276ce4951fcc5220c8262f316f3,1,c5,c5,c5,c5,0.13706405,0.21369316,0.64924276,0.11279418838695396,0.1752574842617231,0.711948327351323,0.1525888205767148,0.23514178478255182,0.6122693946407334
13282,4fa797412284758f5aeca5b7aa9518a47fda3efbfeda308c1bf3da0015e0d90b,1,c1,c5,c5,c5,0.34707648,0.24355757,0.40936598,0.36005747157477386,0.14696050346484862,0.4929820249603776,0.22189634459756585,0.21419677926029235,0.5639068761421417
13286,9e98b96e7130e8d8e2c50602c9a4dfced287565428fcddb1e10986cc78760606,1,c5,c1,c1,c5,0.40974513,0.2734635,0.31679142,0.4916200871736018,0.2338609463055269,0.27451896652087127,0.33200050727333075,0.2402828024330388,0.4277166902936305
13311,d537ec3fb4fbfc78e91b025f019f98006e9de15e5b990a61be63a8a9044ef49a,1,c5,c234,c5,c5,0.35232392,0.3523455,0.2953306,0.14600504971043624,0.3359787976812492,0.5180161526083146,0.20170106820870576,0.29530396383585017,0.5029949679554441
13317,591c05fde753f4ed9f51cfa351669a821af173aed3cf0df6f5e18f90253e28e9,1,c234,c234,c1,c5,0.33755788,0.44847465,0.2139675,0.37069086080320324,0.3136662322067551,0.31564290699004177,0.29390550280311256,0.3374305915716235,0.368663905625264
13326,fecc46314db3dca373e6ebe26819d328fd51c5f795897a27720327cc08cb9ecd,1,c5,c5,c5,c5,0.20604226,0.3466018,0.44735593,0.192747130614312,0.22647850280331278,0.5807743665823752,0.2676872041302614,0.2643984561901387,0.4679143396795999
13327,66ac281f0cff15b1f4eb2567d288077661e7be7bde8dc30482ceadaeca1f6527,1,c5,c5,c5,c5,0.050393224,0.22335115,0.7262556,0.0648550230288735,0.27277213209143397,0.6623728448796925,0.11156194146601675,0.28593611587765105,0.6025019426563322
13328,1cd32bb125e8f45f13e072e528720d3c2964a9157a8cecc0612ec586d31282ea,1,c234,c5,c234,c5,0.13041078,0.33401945,0.5355697,0.16790727373199232,0.47178692095099256,0.36030580531701506,0.17796152378150087,0.37989490411396026,0.44214357210453875
13334,4937cbb40bc33b461b431fe12f500977a219d36e0ad41f3be33ff50dc3c65058,1,c234,c5,c234,c234,0.14328809,0.31882522,0.5378867,0.3316686182641794,0.38220879226099397,0.28612258947482666,0.28998200590180173,0.41842514853815965,0.2915928455600386
13337,6c8df95e54f93c76774c356029a29b993884b695314032f814df1493741eb07c,1,c234,c234,c5,c1,0.36939064,0.41075683,0.21985258,0.3198010899910922,0.25908179004051,0.42111711996839785,0.37518832076362735,0.3299454763376207,0.2948662028987519
13341,2122dd604905ff9f22dafb4787b7eeeff96d550b0fb611aa69668fe1be2e1563,1,c1,c5,c5,c5,0.13900396,0.20642649,0.6545695,0.18493608291337088,0.19477043054997017,0.6202934865366591,0.2618783359477082,0.2439973890312771,0.4941242750210146
13345,5893533b373efd029c5d094baf02d4d510a4c8865062401a8618dbc110ae8cf2,1,c5,c1,c234,c234,0.4670556,0.3041654,0.22877905,0.32611992175310445,0.3659501736154383,0.30792990463145714,0.3184052069279039,0.3567147456948722,0.3248800473772238
13358,01c1c6ed9d5211edcbb472a4e29e7c4077e5f93feeac91b812d79fac0d8e9f08,1,c5,c1,c5,c5,0.35698482,0.30666357,0.33635163,0.37625014004803053,0.21062732433952674,0.4131225356124427,0.314906721525378,0.32818346466760523,0.35690981380701675
13364,a33fe40ecc092bc3c1b5b12fd27d663e809919349e08a858a3ab68a5d67b082a,1,c234,c234,c1,c1,0.379079,0.42638156,0.19453937,0.5108270762864671,0.2254055747478628,0.26376734896567017,0.3855706619543272,0.34087495280935376,0.2735543852363192
13366,99b20588da78fafa78cb0438282a183cad99b3e4e1713a994cf0b581cbc3a4c4,1,c1,c234,c234,c234,0.29191485,0.36875984,0.33932525,0.23290793593708445,0.5239868553890882,0.24310520867382737,0.29557384210698434,0.4175977647466704,0.2868283931463452
13368,9101e98b4519428d6e03452a108f5458164f896d214e3ad1aa7c7df0d2fbfb0e,1,c1,c234,c234,c234,0.27568966,0.36222416,0.3620862,0.2682216133166726,0.5343130687894014,0.1974653178939259,0.28033244441427196,0.42147139440795983,0.29819616117776826
13370,72ff92e229a8a86c85a924ed188e5794e1edb08b1cc6a420629cf7a80b164f5c,1,c5,c5,c5,c5,0.24720491,0.34098607,0.41180906,0.26599083253411293,0.2735831036718581,0.4604260637940289,0.2750468401006406,0.29168901940940456,0.4332641404899548
13373,eed2f29cb864ea90bb6c8db2d74f9b623315c5a29a40b093500823e554771e3a,1,c1,c234,c234,c234,0.2885325,0.42483124,0.2866363,0.3099391718757659,0.5230612591154706,0.1669995690087636,0.2736472979744824,0.4902719476690326,0.23608075435648507
13389,93ee996b6f2073a8dd9fa563f08ca699bbf5c82d5cf59f32967dce3dc73a4af1,1,c234,c1,c234,c234,0.50632674,0.3243775,0.16929579,0.3704871688289414,0.47299756755971456,0.156515263611344,0.3903545223556478,0.42013372164680785,0.18951175599754444
13390,c775acb28630e4daed50a6ee95033a584ddd5ba552c0a3248ac054f02abd3c56,1,c234,c5,c1,c1,0.3055821,0.34042358,0.35399434,0.36124883462468027,0.3240713257537144,0.3146798396216053,0.3699886668571985,0.3106966463589496,0.31931468678385183
13393,458d2d9e9abafe04abc5775d9c21b940504661da4f2533639d65b082a89710a5,1,c1,c234,c234,c234,0.40440294,0.4266838,0.16891326,0.31899284486162105,0.4932255083959107,0.1877816467424683,0.3581992761399088,0.448939101396335,0.1928616224637563
13398,4ca563de9ae4d9797ea38db812c71eda56939ef33803e6087f42cf8300b858b4,1,c5,c234,c234,c234,0.39104939,0.408401,0.20054957,0.2995502965898746,0.4277123882516707,0.27273731515845473,0.311432768881986,0.37912855585285726,0.3094386752651568
13404,9e888ce9750360fafde0333ca243cda030e9cf61d3136caf841457d1f6bf25ad,1,c234,c1,c234,c234,0.5442611,0.2592061,0.19653279,0.2522640527680302,0.5084064496160697,0.23932949761590014,0.24010055252039805,0.4002128375270701,0.35968660995253193
13414,d564c7b0ea6220923d9836b664b9ce4e80aeec800bd2006bc7676454dab80105,1,c234,c5,c5,c5,0.13505107,0.2548154,0.6101336,0.038660492142875494,0.19922697131961178,0.7621125365375128,0.11670587343703889,0.3108625721391263,0.5724315544238348
13418,ea83843b07093e65862c227b83567f0fb79baf048f6183224c24d8b95204a752,1,c5,c1,c1,c1,0.60531574,0.29336146,0.10132277,0.6345820680575789,0.3018116634693272,0.06360626847309386,0.5343991872580598,0.34490446703976296,0.12069634570217722
13423,7632c2a70df9394eb74cd1511e25c8b54279ee90b0968a41277afe27bc3b55a6,1,c234,c5,c234,c5,0.09036652,0.25507003,0.6545635,0.16563027167359007,0.4276185442917845,0.40675118403462557,0.2111281635471704,0.3318780246826075,0.456993811770222
13428,25bfee0ee0021056cb3526770b4447da6d8502c3901a75eb28e8dd5de9bdacea,1,c1,c1,c5,c5,0.5185488,0.3625077,0.11894351,0.2277078256299636,0.15189485164422686,0.6203973227258095,0.314226454697419,0.32446142978484216,0.36131211551773884
13429,531a4784d1cdcc3fd62e51276c309dac909a20ac4c0e6fb8d47982ba6fd37ed1,1,c5,c5,c5,c5,0.15666592,0.36224213,0.4810919,0.1313300932284417,0.3778456692207223,0.49082423755083593,0.18539746983531832,0.3953794119061613,0.41922311825852043
13447,e836d7537bc34e1a051f87a5d44d02d6d645103b2397be69f558dac5bfd16275,1,c234,c5,c5,c5,0.12650266,0.2770498,0.59644747,0.08763054208684239,0.33525121584689793,0.5771182420662597,0.161752279255995,0.3540287539212186,0.4842189668227864
13453,6cfa994ebe37bff2e09393fb088d0c518a780a6b8ad7906cd489ceaa11a8b145,1,c234,c1,c5,c234,0.49242467,0.31811276,0.18946257,0.2655352080389871,0.3264392218017077,0.40802557015930513,0.33543980708322024,0.3984357950467537,0.26612439787002606
13456,7b29867853f04911380769aa144fb0b052cf3167ce4e3e84f7cd76cc7d6f3b93,1,c234,c5,c234,c234,0.15232515,0.40286702,0.44480786,0.24684970945271598,0.38561018670995023,0.3675401038373337,0.2909623270963529,0.3726131171930936,0.3364245557105536
13458,059c0a700e3e98ea73552c702c3b3a2fff30d42ce0424c0640b39d81fb32e91e,1,c234,c234,c5,c5,0.21390344,0.42843014,0.35766646,0.2685230689060408,0.27425573510739,0.45722119598656913,0.2309868439715893,0.3378968487024337,0.43111630732597694
13460,0b83fb14bd3fbf01429cf25d13ac8c4ccb8c6ed393bfb1cf1e40642315d6d428,1,c5,c1,c1,c1,0.3824453,0.35536593,0.26218882,0.40549720481602525,0.3728919526459529,0.2216108425380218,0.3800990324587377,0.30822592776936103,0.3116750397719012
13471,89f4da77f24d63eb0be342c371aa6fe47e86f926c6b71578e3e584c9269b881e,1,c234,c234,c5,c234,0.24795352,0.468109,0.2839375,0.32767045747841844,0.320877162574055,0.35145237994752654,0.2945264665069305,0.40892810762962756,0.296545425863442
13477,61b5ab91387d9ac63c59d7c6a09606a394563fd78c78a4687fe7ee7f7bc01e00,1,c5,c1,c234,c234,0.43774167,0.29133332,0.27092507,0.21263940488262803,0.6709261176540939,0.11643447746327797,0.3317645604950327,0.43815524785822474,0.23008019164674268
13483,e74496a507ca2b5b755c4b6370a6b0aae6b71bab85da6dc35001883650b2746f,1,c5,c5,c5,c5,0.20413703,0.36181507,0.43404782,0.20436637652480352,0.28442334106887546,0.511210282406321,0.2223978592609925,0.30040913992738255,0.477193000811625
13489,3b21ae65ae6aeee4bcca00782def1d5c2a6d440b5f53361f69f3640ea6a985a2,1,c1,c1,c1,c1,0.58116984,0.24736953,0.1714606,0.5351627349524882,0.29412823719806375,0.17070902784944805,0.44633899107382713,0.2914029831235281,0.26225802580264473
13500,76ace83f98b34758d482fa339fa2d6c94cb8d478b42a375baf12fc22ab2e078e,1,c234,c234,c5,c5,0.3647625,0.38356292,0.25167453,0.2187263391710886,0.3457707956561309,0.4355028651727804,0.23711555947117122,0.3442370621165057,0.4186473784123231
13509,6435815c422b3d7bd17b40468d76ff72d860b714482f19dfadf6782e020d5c66,1,c5,c5,c5,c5,0.13791703,0.27562812,0.58645487,0.1178978876827241,0.24979477521300522,0.6323073371042707,0.15349341200261143,0.2820622501255817,0.5644443378718069
13512,9ca899bd5fed9d3fce1f650a53a4ac688262cee31af2b7c76a939bfa43d3e67b,1,c234,c1,c5,c234,0.49705917,0.24024579,0.26269507,0.2596022136055656,0.3261360054522781,0.4142617809421563,0.23967605727409325,0.3947644324144393,0.3655595103114675
13515,75ee1cdba0e036761ab9f90beb0b773750f70903af53a1d0f21cc508c375a7f6,1,c1,c1,c1,c1,0.46157598,0.3120439,0.22638012,0.4049684974050179,0.37806529902048286,0.21696620357449925,0.4003793464292062,0.3295801865879113,0.2700404669828826
13517,7682af60819dc4601cf960d127cd2ff328e2cc125e4e4fc27cbba284052303eb,1,c1,c5,c1,c1,0.2660291,0.29539904,0.43857193,0.4662508748681591,0.14058351931042617,0.39316560582141474,0.4148294273717064,0.22946262740943502,0.3557079452188585
13520,6b3509736ec287a53bd540bc97616c09decf06bf1f4bbe66971b634d420d427e,1,c234,c234,c5,c234,0.3221291,0.37338698,0.3044839,0.1364985268304952,0.4278743029887896,0.4356271701807152,0.16823905477081055,0.4902597200958023,0.34150122513338715
13533,0a371eb93192517cdf0d1a1e1c5fa6afb1e717eaf737689d3fd096a2e30f31c6,1,c234,c1,c1,c1,0.42865533,0.32971317,0.24163151,0.4350448653625371,0.2762230825038473,0.2887320521336155,0.46118123240887143,0.313823701392346,0.2249950661987826
13537,cdae0a77e15657af89ce8cc5232b64b831cabffa2fbccb61294a8d4a147c7d1f,1,c5,c5,c234,c234,0.19284423,0.39662063,0.4105351,0.2703526343254744,0.5211186173803669,0.20852874829415888,0.23057917596935068,0.4939087468679275,0.27551207716272186
13542,24e75db34b7a6c5d6d567a3f6eb051d5bddb5312f966f49a0414d1e4c0e33c21,1,c5,c234,c1,c234,0.33534852,0.46909127,0.1955602,0.43147782816420105,0.43044567423683333,0.13807649759896568,0.40833937051455127,0.40892009374651983,0.18274053573892876
13560,ddb309267106084aae64ed196347b8d3b26d99fc68f7fd9b4b31234969e03718,1,c5,c5,c5,c5,0.13191396,0.3344312,0.53365475,0.08504852271651103,0.33491845255884767,0.5800330247246412,0.1192783805786513,0.33460146098719556,0.5461201584341532
13562,fc781a10985f80a501cd17e8a7cf5727d9582bf86dddd45d88e499d172b9b9c6,1,c234,c234,c5,c5,0.31119755,0.34474838,0.34405407,0.2617872378772561,0.3061037631552152,0.43210899896752875,0.27455714224480865,0.32165873094211717,0.40378412681307424
13579,26a3e7a1b4bb7ef7290b20236d6812bb78c338ea9522e2f6f5a82bfe4b6588ab,1,c234,c1,c234,c234,0.43540484,0.40831915,0.15627605,0.3845860916737949,0.4631537222561198,0.1522601860700853,0.35768160369629565,0.44287554635628107,0.19944284994742323
13589,c1ace9d3e764412cc0ac101a388a2df8c5a9d1560e3ec9f7b04d14f1f4f013c8,1,c5,c1,c5,c5,0.38011345,0.31869704,0.30118957,0.24208691219401987,0.34127104216198073,0.4166420456439993,0.27643533990935554,0.26744229503222317,0.4561223650584213
13594,a51fb748bba6ac2e191fb1eb81ce463d174ff219793cf25facfa84c1bed044de,1,c5,c5,c5,c5,0.18006241,0.31030628,0.50963134,0.1114504074937659,0.42496876433558617,0.4635808281706479,0.15875605128340978,0.38177394470902687,0.4594700040075633
13596,3dfb023c236739acaf589f1d6e5e3c8d4db48fb1646123187bbdb331bb42c1fb,1,c5,c5,c1,c234,0.34682626,0.24786705,0.40530667,0.44456357468750957,0.3944621777033476,0.16097424760914283,0.3845546590041607,0.39472292462313474,0.22072241637270468
13618,af96e6c9dd3870fa9039f4609ff4ba1eb24da30489f51284e9efa99038643a49,1,c234,c1,c1,c1,0.5350937,0.33830106,0.12660521,0.42324016685928956,0.3972785279741463,0.17948130516656421,0.3955915379028702,0.38809772318683805,0.21631073891029173
13626,4057deb995e35dfddf6950238af46b84fae238e3859262f0125333c870ad9f81,1,c1,c5,c5,c5,0.32159242,0.28985503,0.38855255,0.3568360713382667,0.27548608364856375,0.3676778450131696,0.3356637692313455,0.2933414575275083,0.3709947732411461
13633,03ef56d937f1c5ec5e58a37e684235ef2f22bd5c9b6750d0473fec35ae86da8b,1,c5,c1,c234,c234,0.4015319,0.32637474,0.27209333,0.4148942676142404,0.42520888103429877,0.1598968513514609,0.3415528254584952,0.41686868847306296,0.2415784860684418
13646,7fd78c82eecaf5424550489b216c2fedfc0575a365d3a6f1ca150a81bfa1cdba,1,c1,c5,c5,c5,0.3014918,0.32064188,0.3778664,0.3973046928225733,0.1359751311464212,0.4667201760310055,0.3528777872340134,0.1848424014094327,0.46227981135655394
13647,37c5d833dcd917e63f4be85b1dfde0939403b0e6d6514a03d661b315ef868ce5,1,c1,c1,c1,c1,0.4738002,0.3868276,0.13937229,0.6221801096517502,0.33186116083114314,0.04595872951710665,0.5854764769844493,0.3345152640696782,0.08000825894587257
13659,f3f14b7a767fb39a75c3abbde94c345d1bfa3e9f181e09e63f9fea4c6a5f4c41,1,c234,c1,c1,c234,0.38071206,0.3603696,0.25891832,0.389457676434554,0.3159915792494559,0.2945507443159901,0.2949849500675898,0.3836653056544184,0.32134974427799184
13679,5b964146ee57100dd12020a5b24086ce02e6ad66b5c56ecfd90347490c6f2e6c,1,c1,c1,c1,c1,0.44531837,0.38798892,0.16669278,0.5422087261170109,0.31791057126028066,0.13988070262270852,0.4280203194611355,0.39479862530114157,0.17718105523772282
13685,78e2d09b416370be101412420acc8aa5abb0adb33ca4aee04931d6f0a7d99a53,1,c234,c1,c5,c5,0.369329,0.3031643,0.32750675,0.20551356395668216,0.3624563093409464,0.43203012670237134,0.26973351520309163,0.32801725023496764,0.40224923456194067
13686,0fdc2f855f0e02b60e5b0fa1b57a669a0727a50316dd23703338be6a744cd7c7,1,c1,c1,c1,c1,0.4863917,0.3634468,0.15016147,0.6192239416489866,0.16385496326992893,0.2169210950810844,0.5017447195432199,0.2838345969561886,0.21442068350059157
13688,85bcb5eec2043b9e20bc77e3ca3e69fe684c7a598c50b74b91b95683cbc7f081,1,c1,c1,c1,c1,0.4978842,0.2668129,0.23530288,0.8293918489873434,0.1321216559280072,0.03848649508464955,0.6871425548770501,0.22066122592535223,0.09219621919759774
13692,d86f34880697f7dd9d23ba92a76c58ed08fe615a257306806f9281b5dd9f9405,1,c5,c5,c5,c5,0.1758498,0.30695668,0.5171935,0.13898294891151,0.33308189892958634,0.5279351521589037,0.16245441417462142,0.2743561587307545,0.5631894270946242
13698,aeb997e4d2a389a668eb8a77a28a7d8ce5fe9a2ef6e3e5b5baaa2faac1c352ad,1,c5,c1,c1,c1,0.43301773,0.36000997,0.20697235,0.5004180269450423,0.32574876756890825,0.1738332054860494,0.4707692652263826,0.34088423662019024,0.18834649815342713
13704,beb973465a7bf56626cb91872551c13c86763a4332aefeb4ec952dea9129511f,1,c1,c1,c1,c1,0.53807765,0.32334796,0.13857439,0.7196441955183586,0.14418531085208916,0.1361704936295522,0.5423814160122368,0.27186066817759613,0.18575791581016712
13709,7ae8d234c18ddf89daa2c73d8ea30a8a79ec93613e1bc9e56c2ad5ded6028aa6,1,c5,c5,c234,c234,0.2781575,0.35340178,0.36844078,0.3093201999258381,0.5595583531708439,0.13112144690331792,0.33473069653788,0.44364627518490646,0.22162302827721364
13710,85bcb5eec2043b9e20bc77e3ca3e69fe684c7a598c50b74b91b95683cbc7f081,1,c1,c1,c1,c1,0.49788427,0.2668129,0.23530287,0.8293918489873434,0.1321216559280072,0.03848649508464955,0.6871425548770501,0.22066122592535223,0.09219621919759774
13720,f682e116bb35837da9e6c6ab2d140b9ad6d3fb0bfec9e9568e3bacbdf19716d3,1,c1,c5,c5,c5,0.09292137,0.27221218,0.63486654,0.11747982549946154,0.14484202748546413,0.7376781470150743,0.15728880153681873,0.1998736045861626,0.6428375938770188
13722,8c8e334c844baddab3f60611fc03d4b3408fd7ad8db91ff27ba21cdea3336dbc,1,c5,c5,c5,c5,0.21502519,0.2697509,0.5152239,0.1138743925656236,0.1718902343293566,0.7142353731050198,0.19631145235058967,0.2053168213066719,0.5983717263427385
13728,b7ba96ab0cd91e632951a064e5b1b19b00bd46c1524d35c79fe5f4fcd9e1ee95,1,c5,c234,c234,c234,0.3036219,0.4126112,0.28376698,0.15904568004069466,0.5011004986730688,0.3398538212862366,0.18835930285872537,0.47804217163123647,0.3335985255100382
13730,25cf7cd0b47bbad67e8e31a6c1b2ff16b0843b147eebd7fd06615af6be6a646f,1,c234,c1,c5,c5,0.3612317,0.32358292,0.31518546,0.2931427666429485,0.3197386104254492,0.3871186229316023,0.26886831037605846,0.3651497106130781,0.36598197901086343
13732,611e299250b58a721eaa23010a24e63e05d3d0371f550a69e6f682a7443c0a73,1,c1,c234,c1,c5,0.253711,0.38032177,0.3659673,0.3822105916073825,0.25133642798888456,0.3664529804037329,0.30112458842562256,0.31212646239832226,0.3867489491760552
13739,082aecb61bd756aa42c83ed3b50ccca16a312b7c7d883c4b92b19b37e8b583cf,1,c5,c5,c234,c5,0.27834994,0.3519168,0.3697333,0.3269670263176114,0.339564331352887,0.33346864232950146,0.276264267822253,0.3491738165638694,0.3745619156138775
13743,9c29cc76f1cc23ad0c0aac14d9fa101bc949ca79b505537f6ce36399937a7c74,1,c234,c234,c234,c234,0.1898845,0.43190485,0.37821066,0.17616642475426214,0.4603752754386531,0.3634582998070847,0.2666695760591011,0.4621472481889481,0.27118317575195083
13749,cd34297ff649ff412f6651de3ce63824d70eccc69700c663db3247dd6bc2a13b,1,c5,c5,c234,c234,0.08923059,0.26858333,0.64218605,0.12323602713153992,0.48963688916611703,0.38712708370234306,0.16069462057220826,0.42811663752053447,0.4111887419072571
13754,c02a586a465ee2dc942a9740c973792f45140b8be448005e3e54d84f34bf6486,1,c234,c234,c234,c234,0.2412591,0.473608,0.2851329,0.13081614271828246,0.5175331436671311,0.35165071361458655,0.18631326076231783,0.4430285980243203,0.3706581412133618
13767,94677de38acfc346b0eaf196a04da6b2c73d33516265380c3bb46b7e3f212811,1,c1,c1,c5,c234,0.55378443,0.2876265,0.15858914,0.13705830767177318,0.3643153449132809,0.498626347414946,0.27190925387225673,0.37225442611105725,0.35583632001668614
13768,cd2c827e775be3afd057a0bb5ff5ae606cf0a74121bc7e6165bf384607e7e2a4,1,c1,c5,c1,c1,0.14047343,0.37826148,0.48126507,0.37144322780149835,0.292804589910103,0.3357521822883987,0.4263317558756055,0.25313081080560024,0.32053743331879425
13775,a37b307bae21149f34d264893fe385c40afc6a3d9b236e389d6e8f1dda337a26,1,c234,c234,c1,c5,0.26101077,0.3882361,0.35075316,0.4482493103753376,0.2979773828953481,0.2537733067293142,0.3139206125741085,0.33511306012612835,0.3509663272997631
13782,eafe35027f67915743b9760b9da8f768f365a94539fd937d1ee4f3328aa1d6ee,1,c1,c234,c5,c5,0.26809093,0.38574493,0.34616414,0.1894836749577617,0.38442087679421316,0.4260954482480251,0.22074283791771906,0.2983787059573624,0.4808784561249187
13786,00436d0f770a9cc31b1ca3b2989997a08259750d1220a7424df5a82d48c1e5a8,1,c1,c1,c5,c5,0.4616958,0.28981215,0.24849203,0.2009985890784983,0.33342185918365824,0.4655795517378434,0.2757633741565256,0.3330637565087395,0.3911728693347349
13793,2eb33b072ca64e13e8c27648601835898626768b0986ea5a74b7214ede7f2b96,1,c5,c5,c1,c5,0.32111207,0.26737034,0.41151762,0.5184326931773148,0.32888327980458065,0.15268402701810468,0.25364572238935346,0.35485611366409076,0.39149816394655573
13801,9dc6569a0a98df969a7e6753e2ec53c0cf14a142dfd6a2b9be14b14d8ae742ae,1,c5,c234,c5,c5,0.2659319,0.40115637,0.33291173,0.07970010139970869,0.15771180308922078,0.7625880955110707,0.16979133770221896,0.27711946589436254,0.5530891964034185
13805,f3a01d09b15c9f47be213398ce2d993044d62cd21f2a18fc1716ed515b227a9d,1,c1,c5,c1,c1,0.16880591,0.2897785,0.54141563,0.565776596301384,0.34393183519742887,0.09029156850118725,0.49365044676510433,0.33174396653423766,0.17460558670065796
13808,6c244a608fd16f5d6481c75f563c43839fb6754c590b00b1e49034ac47ab8b7a,1,c1,c1,c1,c1,0.57180625,0.30211684,0.12607688,0.42940785588680835,0.4271378441043962,0.14345430000879542,0.41527823800441327,0.40210829244029483,0.18261346955529192
13816,a054f7706240279b2a43b3d446950a04c3fb5b0de7aaae554b197097fa3149e4,1,c5,c5,c234,c234,0.30862233,0.300689,0.3906887,0.2863570692248001,0.4396756760166068,0.2739672547585931,0.31417067782931607,0.3824820763185858,0.3033472458520982
13845,0f037726867a70039542d6b1503f6427516a75e3a77ab8f3cf6cae2ff341e638,1,c5,c1,c234,c234,0.59444034,0.27173403,0.13382566,0.14186831333668504,0.4383550947398759,0.419776591923439,0.1831672754820126,0.4603739353213554,0.35645878919663204
13852,02684ed392a0d6e6d5c7b432ea2d34f7d3b19f0134b458c9b376111fa8769ebb,1,c5,c5,c5,c5,0.16218753,0.16999744,0.6678151,0.2005340191351225,0.28951637424156834,0.5099496066233091,0.196499301938706,0.2597631800598752,0.5437375180014188
13858,6c77bd3e2fda0eac4d1e859b08827dfad95d56c9addfc28edc15a4b85bc1e539,1,c1,c1,c1,c1,0.53195614,0.3231116,0.14493226,0.5297283353128323,0.35830398185191314,0.11196768283525457,0.5268609557198517,0.3120179611453506,0.16112108313479767
13868,8002c05d9b8f75066cd344c458cb55f0d0d050af248fbac64a895c1b7d644823,1,c5,c234,c234,c234,0.29087555,0.39893982,0.31018463,0.19320658873203017,0.5805021981665385,0.22629121310143135,0.19421684738012274,0.49507981147313795,0.31070334114673925
13871,c3ff3aa8d0df96f9f0e7763100ce122c41e27e1153b35a1095be6b399730c5ce,1,c5,c5,c5,c5,0.23441502,0.37305403,0.39253095,0.10509638331949256,0.1465828585386841,0.7483207581418233,0.19123722272240706,0.31362680858305914,0.4951359686945337
13873,912e2a0ffee4b9de6db1bb27af04dfbd556d5fc6a98b32816b9d14631ea39b54,1,c234,c234,c234,c234,0.35160732,0.45457056,0.19382206,0.42275650107651586,0.448235191529153,0.12900830739433108,0.4044827168737211,0.4204213755827245,0.17509590754355434
13890,4f36ac9fd7918734486aae2733d8b6b3232ed0f515d0e749d21ccd3f1aaf1a86,1,c5,c5,c5,c5,0.07442402,0.19229864,0.7332774,0.0351412995385338,0.12785543503631616,0.83700326542515,0.12331660336798816,0.21084262089476025,0.6658407757372515
13891,0695bac5f35cd753ee6d40649d89e6d1108f629374b4de197db1e23d4523ea57,1,c5,c5,c5,c5,0.253327,0.29488814,0.4517848,0.22753286300801948,0.275064728168066,0.49740240882391445,0.2536720766813205,0.2650220159059554,0.481305907412724
13894,c8e5947e83d5068bc958f705a1ad026884b0946b0088ca0f00415f6db462e4c0,1,c234,c1,c234,c234,0.38217387,0.37278903,0.24503706,0.2700839021500556,0.41795114699344454,0.3119649508564998,0.29556093883987317,0.42342129168363835,0.2810177694764884
13896,bc1e18f4cc2ad4528a87b8dfba077e8cad0478ac604af5bad4b3c06f90687568,1,c1,c5,c234,c234,0.20039813,0.36987737,0.42972448,0.2221220441450134,0.3969082352663085,0.3809697205886781,0.1870565820838291,0.4134909949576691,0.3994524229585018
13905,af5d51788269870ee67e79af17279bfe7c26a0c0bd6f6174ec39350f2d290966,1,c1,c234,c234,c234,0.2800477,0.40263915,0.31731325,0.3162199590628281,0.450641580150524,0.2331384607866478,0.3138830046977089,0.3577790757317236,0.3283379195705675
13907,174c3e42889392f3fb2c2b9f7e86ade2baabcb81645a40c6765e252bf0c83b70,1,c234,c234,c5,c5,0.32703555,0.38701257,0.28595188,0.3416857976018905,0.25164827804556295,0.40666592435254656,0.2945404697918847,0.29179914916885463,0.41366038103926056
13917,3894e47b9117fa0fbfecc24b5876eee9a0fd17b13a017d18668c3d31af0db3bb,1,c1,c1,c1,c1,0.4776274,0.271715,0.25065765,0.6599646093825483,0.14643823832347086,0.19359715229398083,0.5554761719907445,0.21793408444911816,0.22658974356013722
13920,e88905443341f5fdc2c8a460f325b26d801d589f96989df63fb8e49f776f4f28,1,c1,c1,c1,c1,0.8333395,0.105338156,0.06132227,0.6341875504865392,0.24474464265687046,0.12106780685659022,0.6378165476437738,0.2197691809087263,0.14241427144749985
13934,1c7e50e61119c123ba3133ef0812ebfee74f6efe407ef32b2fd50f1d202add4b,1,c1,c1,c1,c1,0.49069738,0.2687941,0.24050857,0.6426428889807995,0.1414744305122403,0.21588268050696033,0.5341354809381258,0.2058457184455588,0.26001880061631555
13941,e2d30ec683bd4858153768999fbd1111d295e7dd0aa5754771e8655deee591f5,1,c5,c5,c5,c5,0.30350035,0.29627925,0.40022042,0.15557425741440847,0.3574960276451317,0.48692971494045983,0.20495355348323865,0.30141294596273743,0.49363350055402394
13942,ec946d295a7d3c83dc2bae5e981f55d18d97861a3879ccbb04c95cd7d2dbaa9c,1,c1,c5,c5,c5,0.17160442,0.3029127,0.5254829,0.16878124694779628,0.3091294761612439,0.5220892768909599,0.2327173732191112,0.2680278466255439,0.49925478015534475
13943,674e011b6d180a3c56fe365ea6b4102a5fff0755c8aba7b902666913c3b5fd89,1,c234,c234,c5,c5,0.21332134,0.39503828,0.39164034,0.18237060996603172,0.2798792621501834,0.537750127883785,0.21479777929396562,0.3632937604991501,0.4219084602068843
13964,abcd09f6a024428cb21d11d03083bbe6e31ead819921921468f8e72047e2695a,1,c1,c1,c1,c1,0.45755517,0.296636,0.2458088,0.4509923689722924,0.44770961652979036,0.10129801449791712,0.4337961652510019,0.41006116116082914,0.15614267358816897
13982,ab104ad11ccc70c80a0af2f1c70ced2634f513f03470b79841cbc201e0b7a522,1,c234,c5,c5,c5,0.1275963,0.25451913,0.6178846,0.09840859186193865,0.3265744626177423,0.5750169455203191,0.175089494986685,0.3193037111935134,0.5056067938198016
13986,8e60d37613a3c3641d95aa071fc1c391f654dfdb365b423645a108680efeb618,1,c5,c1,c234,c1,0.49139753,0.37451267,0.1340898,0.3303471525587613,0.5696468282254157,0.10000601921582311,0.46195808820647966,0.39245306206298625,0.14558884973053407
13988,4ad1b0c9668716b77d1daf4876528b00a5e279b34598de11b860f7ba93f428c1,1,c234,c1,c5,c5,0.37837404,0.2686295,0.3529964,0.23745573592066,0.28458209486428526,0.4779621692150548,0.2995185464241497,0.27499036934734045,0.42549108422850973
13991,55b9d91135596452c2962be1bdbe7e1c124e473ab59b3aadd8f3466a54165440,1,c5,c5,c234,c5,0.17947643,0.31377903,0.5067445,0.24756494949607405,0.47760121171429454,0.2748338387896313,0.22591404468253146,0.3808891816469862,0.3931967736704823
13993,fc3ae7960449a32c335b608fc04645d5c3148e6dac018ae27c0c68182ccb1073,1,c234,c5,c5,c5,0.10137158,0.2291004,0.66952807,0.20938446710239844,0.2965935648062664,0.4940219680913351,0.23915469270020503,0.2498018566517953,0.5110434506479996
13995,5e14af00a20084ecdd66ad4b9daefab28e67a60dc460a909746906c1912dba6f,1,c1,c5,c5,c5,0.048644017,0.2772,0.674156,0.1671546306535084,0.23149842286401515,0.6013469464824764,0.19128451929355986,0.2916907710501618,0.5170247096562783
13997,a8b12b6b28e98c339173f3d15b521bcf9edce020040ccf531a42c5c4f5ca5464,1,c5,c5,c5,c5,0.09733157,0.26931712,0.63335127,0.05606246528691546,0.15193327939296963,0.792004255320115,0.13313662963244216,0.23421038945457415,0.6326529809129836
14006,9c790bd6b508a12dd84632d6dccd30e6a026e90cbd33b52c4b65638037a6ed7c,1,c234,c5,c234,c234,0.1804524,0.40958983,0.4099578,0.08974862807112778,0.5551350770244282,0.355116294904444,0.16269199603237094,0.5315297564834017,0.3057782474842275
14023,12e7d4434951e791311b93467f1533e333179cb569b0ec4070054e5e2866e77b,1,c1,c1,c1,c1,0.5093104,0.33914033,0.15154926,0.5778562530723733,0.2505668393582102,0.17157690756941646,0.5674904118758772,0.2702002695555599,0.1623093185685629
14049,e386b923ab00af588fca4f9c9e9ae49cf47c58daf0f2db9238854eba448d10da,1,c234,c5,c234,c5,0.10099905,0.2408421,0.6581589,0.33902805851330575,0.342704429528227,0.3182675119584672,0.2260127361760619,0.35693659282245427,0.4170506710014838
14056,ec3408343f0b69a86ed92a6e8a9f97d3f53e9a41a41ae93154c9d0efa5d40351,1,c5,c234,c234,c1,0.25683704,0.37874803,0.36441493,0.36151995223152333,0.36251546076831737,0.27596458700015924,0.37028109459779784,0.31972504891386455,0.3099938564883377
14060,2eb8d2fe83780954f04f652e7da19462806684e53bafe0825f1c4f12385c517f,1,c1,c1,c1,c5,0.44759706,0.37907058,0.17333233,0.45300303131907027,0.35403481207862275,0.192962156602307,0.33565925646784783,0.3069826696079134,0.35735807392423874
14080,b1626b087666cbabd8e6b0e6a359c942dbca9e203ae14a149baf2adbb135dcc4,1,c5,c234,c234,c234,0.31946293,0.3942518,0.2862853,0.21185415118312903,0.4581841575795117,0.3299616912373593,0.30507630894501175,0.4066014856790803,0.2883222053759081
14085,0ec0aceda8401ffd6b8d4c96d3fae7c0e0090694d82209072e4779a41ff731ca,1,c5,c5,c234,c5,0.15611368,0.3288819,0.51500446,0.11122021429753572,0.5244119134414239,0.36436787226104034,0.12326573487610139,0.4355652274148502,0.44116903770904836
14086,e2984ab32395524b3b8abca194f8b123a8cb7b83366e1fef990595fe5628b62d,1,c5,c5,c5,c5,0.1806952,0.36173698,0.45756775,0.09389387609502702,0.3674191025032641,0.5386870214017089,0.16764669353087744,0.3330750273415605,0.4992782791275622
14092,282f596221e0003259c36e8ab3193b8dd109d17896e05bb4d963c5e8bf17d4ca,1,c5,c234,c5,c234,0.3747242,0.42220986,0.20306595,0.3560198615667272,0.251798206220619,0.39218193221265385,0.31410507397837056,0.406219116896254,0.2796758091253755
14093,44d47c868ea0e33b7969ff29f9436add2a9992a9019f33420916e651a17f9484,1,c1,c234,c1,c234,0.31271037,0.43144608,0.2558435,0.43034261956662007,0.3258573681314245,0.2438000123019553,0.3460961956844206,0.4039107318916372,0.24999307242394214
14094,16d0c314f748c722190d2863f85bdc78bae8ba01339de5480de72f8d06383b04,1,c5,c5,c234,c234,0.16276805,0.3725444,0.4646876,0.14029888531232002,0.5320087284398533,0.32769238624782665,0.22047971661977425,0.44511440087628135,0.3344058825039445
14098,c83bf1676a27f2484b8da3e0a1c0a91b0d5361c6f4630ed45ac6f465fcace53d,1,c1,c1,c234,c1,0.43969718,0.36077803,0.1995247,0.353183182645311,0.3565863999584148,0.2902304173962742,0.41380715985529737,0.31065313144179946,0.2755397087029033
14120,e241e0c69e656e959b1817a17c2aec8d64038ab8de2da67d7ec92e02989667d0,1,c5,c234,c5,c5,0.24895047,0.42365032,0.3273992,0.22058335048989233,0.2560912393089118,0.5233254102011958,0.2607760006450822,0.3464723255936866,0.3927516737612312
14123,db7bf65f3573e33d8905851ac6c6f94633ce8cbbded68caddc626424bcaee84d,1,c234,c5,c234,c5,0.2794178,0.31027517,0.410307,0.19572074183559665,0.40262420047628583,0.4016550576881175,0.2192043945843671,0.36680056873111894,0.4139950366845139
14151,931776037dba503cd38c6f602b6734518a8faede677bb554d7a7cfa0074209c0,1,c1,c1,c234,c234,0.50426763,0.19454256,0.30118984,0.17661666452954844,0.47334231221168394,0.35004102325876757,0.24883157968475292,0.38125989003755323,0.3699085302776939
14159,56808ee683c0f0e79688aba6cb6f407f2f6fcf023c05e6907b3b33e54eec9a12,1,c234,c234,c5,c5,0.28920817,0.40677837,0.3040134,0.2845426993998366,0.19539196519879318,0.5200653354013702,0.33174655808763376,0.3038084750228826,0.3644449668894836
14161,a489dcd8f828364e4712ad41b3037f0cfde05e33f1950b5a55ab7cb399e635c4,1,c1,c5,c5,c5,0.117170684,0.28139168,0.6014376,0.2147367389333609,0.271194696776982,0.5140685642896571,0.2398555640929052,0.2882483152664479,0.4718961206406468
14163,d891e7a26da78e29d49ce616ae95efaa516cd6266adde762b44fc284ba38ec6b,1,c234,c1,c1,c1,0.41714403,0.27969337,0.30316252,0.5777928037907974,0.20771746457739473,0.21448973163180787,0.42321782859176454,0.2910051926392171,0.2857769787690184
14170,eae4f5de8cb16fbc5e338873a1abe6aab1e933ef6060fc08fa55225d4bb176d0,1,c1,c234,c234,c234,0.19775125,0.4597285,0.34252024,0.22022327206697995,0.4471929707128547,0.33258375722016537,0.2696005326879893,0.4196860497125377,0.3107134175994731
14171,e49546491459dcf4de39dbcb2a69adf628e7a7d5c216413d455848ad50f4e8ba,1,c234,c1,c5,c5,0.39304483,0.37252983,0.23442535,0.09949674959699971,0.26289760200594636,0.637605648397054,0.196436972995295,0.3299338387837552,0.47362918822094985
14176,867ab7fac908d09b3f03132478c99a8efc769388dac0dd531305351b0cfbd4b6,1,c1,c5,c5,c5,0.15432099,0.31562543,0.5300536,0.20307062649454952,0.1906049935968311,0.6063243799086193,0.21418306692056738,0.26732765026893957,0.5184892828104931
14190,6c0042a2a6aa7504515c0fd83cf86bceb1def05ce217936b6162ded8689a12d7,1,c1,c1,c1,c1,0.57645774,0.30582875,0.11771348,0.48631967852583535,0.4155749564530374,0.09810536502112732,0.4487050718668864,0.406726905816192,0.14456802231692156
14193,bb801116eb543f4974b653b3162826be931c6fbabf09a625b69d68b53478a0a3,1,c234,c234,c234,c234,0.24530487,0.38762185,0.36707327,0.3066259744326125,0.47193421830244503,0.22143980726494242,0.26393533555794624,0.3930450650846309,0.34301959935742293
14198,5a062fb908bf83a0bb36373edf57de47dad0a51457e0cba56b3a42e462d89aaa,1,c234,c1,c1,c1,0.48140648,0.34356332,0.17503022,0.6350850364732301,0.2641075134867057,0.10080745004006413,0.4642120137863159,0.34569129245728114,0.1900966937564029
14203,e91b3ea4b31cc2b7968bfda7c3d49968eada9325dbeeeae898c5bebe69749a9d,1,c234,c1,c5,c5,0.37101036,0.29791555,0.33107415,0.24019850008027213,0.2833145692485511,0.4764869306711768,0.2680030925621642,0.3344859493132107,0.3975109581246252
14207,1e36cfe5a5d4906120833104d85c3e91b14c7620d98cd065f6e7f42621ea5d3b,1,c1,c5,c5,c5,0.19364205,0.30626827,0.50008965,0.1450054674423674,0.2724362559322065,0.5825582766254261,0.19409866726748706,0.29136454586886396,0.514536786863649
14208,a5bf6fc67a781c5fde55a1ab9483b2c6ddddbc23393b98f78dcd92ba8da11e40,1,c5,c1,c1,c5,0.67944354,0.18719393,0.13336247,0.5005675845853935,0.08116651370186262,0.41826590171274375,0.38602332253563465,0.15876012602723746,0.45521655143712775
14209,d1d9aba7effdb67c4f83e0d0b454f20caa9575dd4141347fc93d0993579fb25a,1,c1,c5,c5,c5,0.31791696,0.3302244,0.3518586,0.25670103675997513,0.23933541453359497,0.5039635487064299,0.34261310158385655,0.26791059032918524,0.3894763080869583
14210,2a3d178256fb10092b910282758de0e4c32b3db96356b1162d58c43509275aa6,1,c5,c5,c234,c234,0.21058215,0.38664404,0.4027738,0.2615126447584639,0.4670909193672169,0.27139643587431916,0.25327647312746987,0.403304838454318,0.34341868841821216
14219,a8f321ab594a55908115e8f222fb2afb3d880156badc7fec0362e2087dd2b264,1,c5,c5,c5,c5,0.24718095,0.3425659,0.4102531,0.3022940831471463,0.23704981607636855,0.46065610077648506,0.23132547806833723,0.2739299652248096,0.4947445567068533
14220,62e2f66b1bcc675e57126ba4043579b6cfd46a8131453be00fa5dceac2fd9f48,1,c5,c5,c5,c5,0.16976184,0.38963345,0.44060466,0.1780335048270317,0.3969041300059409,0.4250623651670274,0.30156174816310477,0.3408595158471039,0.3575787359897913
14223,3bb4f5a93850ded3cb9f7e0091e9074eac88e8f6f4f0ee66fcb8c69fadfa4196,1,c1,c5,c5,c5,0.12544158,0.38171235,0.492846,0.19623857374334294,0.264931570441744,0.5388298558149132,0.21078826101975645,0.34014853990952326,0.4490631990707202
14227,a3d8992f1418554d62445bcffbc478e84ad99df60df920e0d4a10956b791b451,1,c1,c5,c1,c1,0.3070414,0.3307423,0.36221638,0.4425973433032825,0.37873983821845936,0.17866281847825818,0.38665606089607585,0.32626702467066726,0.28707691443325684
14250,ce00d4f046be61e96795e981c6e5181c2e91bfa4567b4d90764664fbe438eb9c,1,c5,c5,c234,c5,0.13344258,0.2970283,0.5695292,0.07640914450883228,0.6599194142992778,0.26367144119188995,0.16979253154708698,0.40402125030408476,0.42618621814882834
14253,042d9481c95d61a316b8324dd171667674458aa47123497bcfd456cebc689f19,1,c234,c1,c1,c1,0.46117488,0.34154847,0.19727667,0.5038308130273151,0.38788861371532896,0.10828057325735592,0.46707468749043485,0.3295441060682664,0.2033812064412987
14256,7a4a1f4ca6fa4acf0b2fa6ffa395245b4c4d7bc1926eb12fe271aed8a0df295c,1,c5,c5,c5,c5,0.11469809,0.3962032,0.4890987,0.1155608741394303,0.2159098409162794,0.6685292849442903,0.15580959537827255,0.29349840013322787,0.5506920044884996
14263,9d8d92c10b6bb14bc775bc2ab4920556400e20fd14d65406a82b9269f52afc59,1,c1,c5,c234,c234,0.19250152,0.32714984,0.4803487,0.07721312689493402,0.6561705377233943,0.26661633538167157,0.14467437474487846,0.4665851861243128,0.38874043913080875
14272,add7a22960f2edca6669d54fed6bd3b14e8e625d8d2fe7baad5809fb3c9d8159,1,c5,c5,c5,c5,0.17843038,0.2316929,0.5898768,0.08080174031801622,0.04237618365867207,0.8768220760233117,0.13565752390990457,0.12097400926649002,0.7433684668236055
14273,3e6eca5a2a16bfec1d50bcfb9f9b947956db26957897785f2ff33f5452a9fa73,1,c1,c5,c5,c5,0.35038266,0.2690036,0.38061365,0.3035862801449476,0.15038254348613067,0.5460311763689216,0.224256790712368,0.22338840647401195,0.5523548028136201
14276,1d443931f2f07d2177c091dff17c3dd5651d99d00ecf97f6a0bb8c3242c25333,1,c5,c5,c5,c1,0.24722403,0.24376446,0.5090115,0.27852177009321993,0.35234775244592925,0.36913047746085076,0.3528468440516829,0.3038993280031257,0.3432538279451915
14284,32844194e7be7f75f7c2478e68c0305d3727a6f7b8156e22b95a347c9d1e404c,1,c234,c5,c5,c234,0.16614024,0.34679338,0.4870664,0.10334232214809556,0.37563873486241134,0.5210189429894931,0.21139152054492757,0.4164857295404246,0.3721227499146477
14285,8e7f98c2b278ffac374b03095fbcae05f1e6bf71a8364b28f2576d96b5da2c89,1,c234,c1,c1,c1,0.43937495,0.36380565,0.19681947,0.5078073791482609,0.33491808010340685,0.15727454074833233,0.4734469803610484,0.3747977652175668,0.1517552544213848
14318,cb550a1977f129510997f6bd3a74e26ea44eb0680a05afc5d11d3a38ac0e981a,1,c1,c1,c234,c234,0.46458843,0.31852725,0.21688423,0.25476012724515557,0.5654606929096765,0.17977917984516795,0.3174781880090378,0.4113869902746791,0.27113482171628306
14319,1703da6480e1dd6cd5b697eacfa78d6b0243d6f906386a661e99752333fb612d,1,c5,c5,c5,c5,0.0376487,0.20085335,0.7614979,0.08788350611593998,0.21444954551063602,0.6976669483734239,0.09440005136403964,0.19906343513531397,0.7065365135006464
14330,1a0d7442e9de8f1c11ceb6633368f714f7f04954cbf32e1120ccc0643958281b,1,c1,c1,c1,c1,0.5488492,0.2667272,0.18442363,0.35588331154496616,0.3036832332140468,0.340433455240987,0.41159573107718284,0.2663132680270741,0.32209100089574305
14349,4d9b91f046094826b4808e4a47da60c7813f7134da58f57344effc4e4198a61c,1,c234,c1,c1,c1,0.59671456,0.31210017,0.0911852,0.6272183475165714,0.24668426855738998,0.12609738392603873,0.5204664853554846,0.2800890625875955,0.1994444520569199
14359,a1267dcee9e87d47180ac563a4b95bdeea46378aef55283cb73475dbd468d78b,1,c234,c234,c234,c234,0.38490173,0.39495265,0.2201456,0.41721578373240253,0.4359454293565773,0.14683878691102017,0.37202340966057446,0.4283464592533934,0.19963013108603211
14361,75832cf63d833f1b885fd99c5b24f634b68e24da76c79861f0617eb6c6ca4fbb,1,c234,c5,c5,c5,0.1356018,0.25195056,0.6124476,0.34285051850732956,0.21567287808979818,0.4414766034028722,0.2984100337280203,0.25460107465474374,0.446988891617236
14377,606edc4f0980804b347b8dd950a4f73762b2bba073a022f18fbb77c04ac16283,1,c234,c5,c5,c5,0.2956635,0.3413692,0.3629673,0.34530603488178824,0.28306568264742116,0.37162828247079066,0.3075671131483284,0.28732340091526415,0.4051094859364075
14380,9a86098f7f55ef755bbcd1efea77295ecd8e1f05c79e91d6af47f6dd8aa1f05b,1,c5,c5,c234,c234,0.3036259,0.29244244,0.40393162,0.29414196573542906,0.44417664739094165,0.26168138687362924,0.31484588784813794,0.3612133974961762,0.32394071465568597
14406,daa3cbf45f3d33a94581e8c813666eedb4c7365823b71ad61b8066e4450bb9ba,1,c234,c5,c234,c5,0.3260985,0.30953515,0.36436635,0.2875158498101083,0.39811578016906957,0.3143683700208222,0.3044251490285659,0.3370888651263685,0.35848598584506564
14415,2cf4723344b2c09d4e61e7cf60b66ade618a3b271d35b4ca327f6d8a77e4a63a,1,c1,c5,c5,c5,0.1533678,0.38578615,0.4608461,0.29663276836913016,0.13641202283096812,0.5669552087999018,0.2655121085378989,0.23638645597267485,0.49810143548942626
14416,dcf7d82a80aad72010e76cbc9617a06c0d1ae513e6f253c7640c484cecf26e16,1,c1,c5,c234,c234,0.22549257,0.37583965,0.39866778,0.14410769050198796,0.632167776887711,0.22372453261030112,0.2521675472546805,0.43956933711471696,0.30826311563060244
14427,6b6cc0b82d2e07e18a610db0ef2ca1734a8ccfc0ada8f095a07fe2a9a6ebdf47,1,c234,c5,c234,c5,0.17708416,0.27290896,0.5500068,0.26982036272782284,0.38086645539700303,0.3493131818751742,0.27949544474400556,0.3547584616637276,0.36574609359226695
14428,3704dec5fd155cf7d940d37220177da31995ea3d1a42300e465eddb92e2ed4aa,1,c1,c5,c234,c5,0.13731818,0.24200915,0.6206727,0.14533268956590834,0.4407442476519309,0.4139230627821608,0.1897745014117113,0.33115661992223216,0.47906887866605646
14459,3c15161dc6f76529e13e51ea72b02b8dbd04da430c625914056f27f63dde4643,1,c1,c5,c234,c5,0.13608772,0.23247036,0.63144195,0.0784257603565175,0.523039658182652,0.3985345814608306,0.15437085265252068,0.3674832849376065,0.4781458624098727
14460,d606b0c0ed6cf1824398c41fc79415f4c8205726097c398d9a5eec5c070932c8,1,c234,c5,c5,c5,0.2126442,0.175574,0.61178184,0.12212972756456124,0.22910032567239258,0.6487699467630461,0.202395758391578,0.21702685708036065,0.5805773845280613
14472,d98fe6bad9a510a726bea27bcf1242180d7861e3b2131412ff588ac831b6630e,1,c234,c5,c234,c234,0.3620413,0.24720694,0.39075172,0.09057324387460924,0.5330584742651665,0.37636828186022425,0.17809444577857012,0.43982911155911786,0.38207644266231194
14488,13435729330c121791b3e8f1d622bff76511d2203e91df14264ef75f49223a1f,1,c1,c5,c234,c234,0.2316743,0.35881695,0.40950873,0.22831407577238869,0.4446032283542282,0.32708269587338323,0.20828079869430158,0.41384124328759103,0.3778779580181075
14505,601bef7110d1cfa7270574e5503e97adf6e070d7a4d4ab8f7cf2cead4c930e33,1,c1,c1,c234,c234,0.47577268,0.3637221,0.16050524,0.3802112029877025,0.5894680279554991,0.0303207690567983,0.4067423917572964,0.5097495691989234,0.08350803904378018
14525,ef83becdf21368af66257687fdbd1886f4d61e644a718e94f3847462bf6ca018,1,c234,c1,c234,c1,0.58077544,0.2742636,0.14496101,0.4152651468313238,0.4772193352017489,0.10751551796692713,0.4981715764425505,0.38257191965575654,0.11925650390169279
14532,e259feb565d97b6714f186a258e9242e500f8518c8cee8dd6e9cc4b614c1af82,1,c234,c1,c1,c1,0.7672111,0.15860656,0.07418233,0.6350805780442759,0.23348354928346612,0.13143587267225812,0.4744579269413598,0.3140059124893645,0.21153616056927577
14539,ced067075a39706533ffced6bdd349860ee7be9fa344b8852e71fe6f1ed2505d,1,c234,c5,c5,c5,0.15557933,0.34542057,0.4990001,0.18006036861141098,0.3160043079410307,0.5039353234475583,0.1946226056553764,0.3519397741517682,0.4534376201928554
14561,b882af84a2dbb23f9dafccc79c941069bb4c3cf8926c582127911dffceacf5b0,1,c234,c5,c1,c234,0.19100685,0.27629182,0.5327014,0.4384760616555931,0.28142780644241744,0.28009613190198945,0.3220344217698836,0.38378754978676766,0.2941780284433487
14568,4b1650b793bf8ee03d7ed6996c6257b54c5da6e0fcc983e4b9f2968dbe6c4b27,1,c1,c234,c1,c234,0.20411196,0.42779818,0.36808988,0.4123196389701619,0.33033197010794435,0.2573483909218937,0.35969516755628556,0.36848415638050386,0.27182067606321064
14572,67693b68f3559b8a8022730432a40bc44f0478e3f3fe8364a36ac70e04f65e44,1,c1,c234,c234,c5,0.2845636,0.38897413,0.3264623,0.12976519006670717,0.44643930822051037,0.42379550171278235,0.20923178154355623,0.3873489328404835,0.4034192856159603
14584,78694f4eea9efda3eca310289dd73f4ae10db1580cddc3e1ec35db11188670cb,1,c5,c234,c234,c234,0.3545641,0.39195803,0.25347793,0.32138657723361863,0.4916727138472981,0.18694070891908326,0.31708492638171365,0.45551097004345015,0.22740410357483629
14592,1e12b9fb55696c3e3e59e8d3695048c6d9da0d604e903ee63b5ee54208cffbf6,1,c1,c1,c1,c1,0.5387738,0.24519107,0.21603511,0.7451461039339389,0.13097677647903277,0.12387711958702835,0.5827913272170572,0.21340003627565865,0.20380863650728426
14625,996dd54acbeb2f64a5537cc3298f4bdd6252c86d14bf4437e507bca3e8c45f97,1,c234,c5,c234,c234,0.18103373,0.3466747,0.47229153,0.17926017130332839,0.479609882483835,0.3411299462128366,0.25033622893477275,0.4141098221013365,0.33555394896389074
14646,36516d90e2aa2a9a4b4ebad61b7fe89a48689047c7f8362f99fcf0c29ef991ff,1,c1,c1,c1,c1,0.4885156,0.2169237,0.2945607,0.5941673217762747,0.12577501854333928,0.28005765968038593,0.4522707587764536,0.19746673450765073,0.35026250671589554
14651,0db5f7c27865777e92e9e4c957124832215a5c957908c80d6317c6933674f1ee,1,c1,c1,c1,c1,0.69896376,0.22286138,0.07817488,0.5328688401757842,0.35417534388710425,0.11295581593711167,0.49989862903542504,0.3166490703381565,0.18345230062641849
14656,dffe93e6ada114f3ebc1c71e8a914519c860771843110414e5024dee56bc4125,1,c234,c5,c5,c234,0.15580112,0.38935652,0.45484233,0.19853432094616066,0.3718894579355704,0.429576221118269,0.21446777504212775,0.4212276886984802,0.3643045362593919
14664,752bb56a1be781e3e01466e7f73f9dae74ddd61ce02cb19a98d474f1b0ee8f0d,1,c1,c5,c1,c1,0.2828903,0.3526047,0.36450502,0.6333240813681289,0.17882536074187932,0.18785055788999172,0.4177466439265799,0.26797788420215973,0.3142754718712603
14666,0623e941a1c95e85eae3615fe5b10bb4d3a1d1f686e6088e51556cb0b0ccba24,1,c234,c1,c1,c1,0.5965885,0.28427213,0.11913935,0.6171348242197873,0.2202647755175605,0.16260040026265224,0.5625722432578119,0.25005821163241787,0.18736954510977036
14669,5507cfda838333773f987012f71eddf9c42d85e07a671f7071a0dd766afce8b4,1,c1,c234,c234,c234,0.33695722,0.37440178,0.288641,0.1286259173631761,0.5232903806080413,0.3480837020287827,0.2140087512000784,0.43485990863765006,0.35113134016227143
14709,0b0fcb75ff130848a5175c8e64ba32024a6af2cd58190a312d1cd7b4af34a95d,1,c1,c1,c1,c1,0.50131565,0.34393322,0.15475114,0.6730631280975745,0.25062924311324775,0.07630762878917771,0.5560655843680811,0.30826548103844054,0.13566893459347842
14728,29d1e0ce69dc6353622bd307db8917fe407690bb7c6dc53534bd1d25c0698642,1,c5,c1,c1,c1,0.6719547,0.21330296,0.11474237,0.48807566203745417,0.23528517648199887,0.27663916148054685,0.45668172935109047,0.2828048821339864,0.2605133885149231
14731,b788e71d0cf60147496a0e678f6949b21256ac45da69ba503b29974c32bc4b5e,1,c5,c5,c5,c234,0.11182819,0.30679744,0.5813744,0.1693069323328963,0.411129708405937,0.4195633592611667,0.185826627279773,0.4071267388747645,0.4070466338454625
14732,1d83e860066eeae732afe8b2ddd85ceb281d5b7a16777e936fd136e26eafcba9,1,c234,c5,c5,c5,0.09180272,0.25294226,0.6552551,0.07189164662416998,0.31187604515361506,0.6162323082222151,0.11658660515837989,0.3207109763327082,0.562702418508912
14746,8f9e6f55aed0f393b37aa4972fe7402dc70c8dd1e68583499f66e4b9eef0f600,1,c5,c5,c5,c5,0.21655652,0.20415176,0.57929176,0.06841248839464475,0.18516175750881117,0.746425754096544,0.13370158702210297,0.24352744289078032,0.6227709700871167
14750,249ff1f228de99898f0d692a76605d59199b4b7b0174c6c06b73c612f615baa5,1,c234,c5,c234,c234,0.11535738,0.4119137,0.47272894,0.28888349791942863,0.5392124271541723,0.17190407492639911,0.2496754559058387,0.432593669134989,0.3177308749591723
14762,7d7efe106c0e3d8284b0702b402a17db05b3230178ba5f41ba3add5da74e1ffe,1,c1,c5,c5,c5,0.30688384,0.3283192,0.36479703,0.0947346747716244,0.36420900643244675,0.541056318795929,0.14786378858396246,0.418822447947946,0.4333137634680916
14763,7ac7379caa6e336c8f8c3c1216807dab1e453e7c67d8a35fc215c8bd2026ca76,1,c5,c5,c5,c5,0.08882233,0.32005474,0.5911229,0.3254760483743776,0.17715637855815783,0.4973675730674645,0.2416142595446553,0.26112358912964606,0.49726215132569856
14765,176451fe13e41d55161ab980b1630d133338f89ff0bdae798e2a7336f6099cd2,1,c234,c5,c5,c5,0.15158533,0.29909128,0.5493233,0.23243581560253807,0.13817953546011333,0.6293846489373486,0.24365000056719838,0.22512845315960886,0.5312215462731927
14777,74f63a1b87b8b15ca1784ac73111dbacc1f27317cc532ba3817f4ea43eef99e8,1,c1,c1,c234,c5,0.38799274,0.31664577,0.29536146,0.20029620754383745,0.45873872061201804,0.3409650718441447,0.23096657035671989,0.37714442608590226,0.3918890035573778
14780,8a12f1444f6f4669b02c3aa9af69908c40ee7a0bf2d5addc0a928470fcad370a,1,c1,c234,c1,c234,0.35290706,0.37122512,0.27586785,0.45376093861131106,0.4267078896258418,0.11953117176284717,0.4169180622239373,0.42599580411095384,0.1570861336651089
14784,d7e17895dfc7551620c66c6ef4217f86f91b598e6c8027f47069939d1e653304,1,c5,c5,c5,c5,0.092332035,0.26956296,0.638105,0.17512808292729,0.31075065084625153,0.5141212662264585,0.16103396890903815,0.291508186260829,0.5474578448301328
14792,7a8bae54d50edf89b1921dda1f02d719763141e98fc02e791648f42640647321,1,c1,c234,c234,c234,0.3511715,0.38514367,0.26368487,0.2910237939502936,0.38883120095428786,0.3201450050954186,0.3465725700614399,0.4071433100519656,0.24628411988659457
14797,b93210d0028d2ababd441cda0f593dec734540315b0e2cd378487b041b54859a,1,c1,c5,c5,c5,0.3120523,0.3072448,0.38070294,0.22282245616812968,0.2669189972780334,0.5102585465538368,0.25334655176072396,0.2668889384042876,0.47976450983498836
14830,3f9ff13e6e9a2c8ed95cee7f4d3ab61559e7ad9833518c14c7caaa55abaaeff0,1,c234,c234,c1,c1,0.2854151,0.4096065,0.30497837,0.6663102956489909,0.10561873808784547,0.22807096626316353,0.46557032579280677,0.20357062564305814,0.3308590485641351
14837,c82ecafc4f20308fa567c60bd412c6e970f6b8c6180baefbb6193009d1c78361,1,c234,c234,c234,c5,0.19655225,0.43732378,0.36612394,0.08984655188681334,0.46245588824005635,0.44769755987313026,0.1469599003574784,0.37988089718152096,0.47315920246100057
14845,0403212623559866c0eddbdecdc52718e630abddcb4eef5b13396df34d62e2fc,1,c1,c1,c1,c1,0.69653267,0.22863643,0.0748309,0.6400970183051806,0.3120965171942149,0.047806464500604565,0.6326713578388091,0.28562989907019565,0.08169874309099524
14853,d9040b8032c56897eb1c07df92d52cd450e0c046b2b3bd7bf6da9164aa73182d,1,c234,c234,c1,c1,0.31623524,0.36161217,0.32215258,0.7867998939501167,0.09803826421922246,0.11516184183066082,0.5982707120986023,0.20219670040630258,0.19953258749509512
14860,b5b358e422329a6309eb5ba3bdca9a8fd0f6d4691e2599562545493d6b34541c,1,c1,c234,c1,c1,0.41091233,0.4162686,0.17281902,0.41035526582815907,0.27027510294342677,0.31936963122841405,0.36407145254868933,0.35438231947801024,0.28154622797330037
14861,1f062e4ec43c678f1af993a7fa1689e5f9608ceec77eadc4a24b36b906a6789f,1,c234,c1,c1,c1,0.54946893,0.3283655,0.122165546,0.5325094512785901,0.275421314463649,0.1920692342577608,0.4578101295105446,0.33173100842709385,0.21045886206236158
14863,b43fa59f5a9122832b19697ae6357841bd07c0dbd4231949d52b3a41f490ccc6,1,c5,c5,c5,c5,0.23666501,0.35304058,0.4102944,0.17634288865460868,0.35105747613486943,0.4725996352105218,0.24307531763703177,0.288511235558338,0.4684134468046302
14865,f98fd52a8df2371935ee6113660f9835e38549f6d9d7c89fc0c2d3736e0475dc,1,c5,c5,c1,c234,0.12800431,0.31536156,0.55663407,0.4288075165405251,0.2671648651046539,0.30402761835482095,0.2569043057672921,0.38686647860482043,0.35622921562788745
14866,1c2b8a4128b97469001e93bb55db25d1b8b750257cc024d2360ce19a22de7245,1,c1,c5,c5,c5,0.14826384,0.3767157,0.47502053,0.241393347109251,0.25969504920878533,0.49891160368196363,0.28011467906312754,0.33784854396011244,0.38203677697676
14877,be86b66292bb82d1f14c400e9288d95706fa84ba48b8ef9cce250dd615ccbc21,1,c1,c234,c1,c1,0.34852314,0.38470924,0.26676765,0.47742735190193714,0.1781392698667337,0.3444333782313292,0.4616823441053852,0.22313183726618932,0.31518581862842543
14883,6b8e0fca0f9f99316e9158afe90c7102123017fc4b8a06501392f843cf9919c9,1,c1,c234,c1,c1,0.3553691,0.41039142,0.23423953,0.5490189946476309,0.3120067802213068,0.13897422513106228,0.36507444572226994,0.3395642371512369,0.2953613171264932
14896,bf4af06f17929d95f68a81a8417e0411d05be3ae784060a0177f8bf3e5d8c4ce,1,c234,c234,c1,c234,0.30699274,0.42460802,0.26839927,0.38532343576634875,0.31375351438655363,0.3009230498470976,0.355137439162178,0.3979496258739128,0.2469129349639093
14899,6672a17c8b9fe050731d192512a24c77573bbbec72ed9d46cf26c60f775d7ead,1,c234,c234,c5,c5,0.1573139,0.42685273,0.41583338,0.1299447310927962,0.19720055724823676,0.672854711658967,0.16164701608463594,0.28393876598302953,0.5544142179323345
14901,4c90f0403c1c2f98675fc01a49044413865d9698057d1714dc3621fc42282381,1,c234,c5,c1,c1,0.17502823,0.31347394,0.5114978,0.4240923866754935,0.3009329012101168,0.2749747121143897,0.3599658796858139,0.2885286332619591,0.35150548705222706
14907,4e1100b4a77f5ad192efc03fdcfa99c1e98c83c8f968f5652b59cb1ebcdd1f1b,1,c5,c5,c5,c5,0.36238286,0.2684169,0.3692002,0.27871575462623793,0.13996519635175433,0.5813190490220078,0.2925022317033181,0.20439237197542107,0.5031053963212608
14909,6c244a608fd16f5d6481c75f563c43839fb6754c590b00b1e49034ac47ab8b7a,1,c1,c1,c1,c1,0.5718067,0.30211657,0.12607662,0.42940785588680835,0.4271378441043962,0.14345430000879542,0.41527823800441327,0.40210829244029483,0.18261346955529192
14918,edcc942488501cfe1083a1eb9f8c14eb6c4c9e6f926c3a7c6c7827c3b5faa857,1,c1,c1,c234,c234,0.47941044,0.29755068,0.22303888,0.2779337164758063,0.4801468869246867,0.24191939659950698,0.3305606712126871,0.3540689053100007,0.31537042347731215
14923,edcc942488501cfe1083a1eb9f8c14eb6c4c9e6f926c3a7c6c7827c3b5faa857,1,c5,c1,c234,c234,0.47941038,0.29755065,0.22303893,0.2779337164758063,0.4801468869246867,0.24191939659950698,0.3305606712126871,0.3540689053100007,0.31537042347731215
14929,edcc942488501cfe1083a1eb9f8c14eb6c4c9e6f926c3a7c6c7827c3b5faa857,1,c5,c1,c234,c234,0.47941023,0.29755083,0.22303896,0.2779337164758063,0.4801468869246867,0.24191939659950698,0.3305606712126871,0.3540689053100007,0.31537042347731215
14969,3dd752a8bd6c5dce3a2c2a9f066a3d2077dacd039bedb11d41754bc48be53114,1,c234,c1,c234,c234,0.4034465,0.28935227,0.30720118,0.17556824161209056,0.5735325504740953,0.25089920791381415,0.2775456890492776,0.4001016947952271,0.3223526161554952
14980,e069716d9e0869e8e412c0475a7f54742687c6982585d38919dc261aadbdc4d1,1,c234,c5,c5,c5,0.16077688,0.3389125,0.5003106,0.23381482734560385,0.24751723792163643,0.5186679347327596,0.2978225546322849,0.2991890590653648,0.4029883863023503
14982,4653fc3e86d80c73d01818a92ff06a21e7a500b6450e3dbe1136a3034ad3e307,1,c234,c1,c234,c234,0.4349688,0.41233075,0.15270045,0.2769697517901379,0.6874583537940345,0.035571894415827573,0.3347018331406297,0.5609001022289369,0.10439806463043337
14990,a8505af3d571c128a9d948b52a0936fb462ec4ea27d7eafb4b580ed90703495e,1,c5,c1,c5,c5,0.57730025,0.21690166,0.20579806,0.40088611947231906,0.16527405747432589,0.43383982305335506,0.3743979585027707,0.1782810197034404,0.4473210217937889
14991,14cd0de13e062d468b81958e7a6cb46acc9a65854824f6f51767787c5070d034,1,c5,c5,c234,c234,0.26790756,0.27952373,0.45256865,0.161751995395786,0.5247208683764696,0.31352713622774436,0.2629600544506332,0.38960761602555033,0.34743232952381653
14993,c801caa9a0db62cdcfdc94cce5c931ffb3091b78b9025490c052ad2b3d083fc4,1,c234,c1,c1,c1,0.63005126,0.26603806,0.10391066,0.7330357079343369,0.16053289243347688,0.10643139963218605,0.6553004243748612,0.19106303804896305,0.15363653757617562
14994,6356e9302917ce66075e04c688a566f8739c69f40897c693e71c7f04a0e0a11e,1,c234,c1,c5,c1,0.45928997,0.25468084,0.28602916,0.25627880794673824,0.28885569135947764,0.45486550069378423,0.34334867208493564,0.3409552042637365,0.3156961236513279
15000,90030b0b5efe9b5a769a66e973edc675e6796ef5658c4c0c4a20b9488fd07b3e,1,c5,c1,c1,c1,0.4680721,0.35155737,0.18037054,0.508604066013391,0.3076949412546009,0.18370099273200802,0.44424609450044567,0.3654590211999137,0.19029488429964053
15002,d4f64d6665b1f7da246c0d44ea4ee5ed42aa45e502e20ad990a9544ce595e0d9,1,c1,c1,c1,c1,0.70835036,0.19745232,0.09419734,0.5066811569910246,0.29920311613648837,0.194115726872487,0.5026378076734735,0.2772198513555691,0.2201423409709574
15010,e6be29f018c69f30a63732fdd609fbdb4430534931ce198de2cf685aee8143b4,1,c234,c234,c234,c234,0.20996553,0.40670288,0.38333157,0.1552135926387554,0.5676930815345907,0.27709332582665397,0.20882500021261585,0.4965051581215591,0.29466984166582505
15025,b0097ef091dcaeddcc4e096a352ad2eae1f6a3772047119b84d4f9ca491aeb48,1,c234,c1,c5,c5,0.38659212,0.3105729,0.302835,0.39533608192347286,0.16536524682587012,0.43929867125065714,0.36102796345354243,0.24301742655894143,0.3959546099875162
15032,8ab94484dab0fb9b84450e897553a9c0e64e92aeb303c52eebd6cb811c1a59e6,1,c5,c5,c5,c5,0.1476138,0.3959715,0.4564147,0.21150587580550112,0.27735597627300096,0.5111381479214979,0.21752602419184616,0.30179363365603334,0.4806803421521205
15043,c8d16056bb63cfc0158147ca0a5aff208a18d19c36bab436bd1660c999dd1414,1,c234,c234,c1,c234,0.29147792,0.37205297,0.33646917,0.356620107893636,0.3076391406682067,0.33574075143815724,0.34183945784746217,0.3830693728249257,0.2750911693276121
15057,cbea13eb868a3c660a0803b7e76bbe09dd82c84c114f21dac1afd7581d879031,1,c234,c1,c1,c1,0.64572024,0.26498997,0.089289755,0.5250760978828888,0.31365283169332675,0.16127107042378458,0.5244630832917716,0.30078353726102325,0.17475337944720515
15060,94da87ac9896b0ab6faf7e8ef922eb8f32c9359eb0093eeaf76083cf27a2c6c3,1,c234,c234,c234,c234,0.15982924,0.486194,0.35397667,0.19318260729966166,0.5290756908237394,0.2777417018765989,0.23232208857114225,0.5049280643679859,0.2627498470608719
15074,8a211de64f8a48becb972bffa10f1c5b08d4d8b0058871f0faa1cc6533d96350,1,c234,c234,c1,c1,0.30364242,0.37778848,0.31856912,0.4209833272987796,0.2750279508025808,0.3039887218986395,0.4391218867008178,0.3035305600249574,0.25734755327422487
15080,ac145c1791d6f6dc738d9b69e5468691b4e5f7dcba5a50b432a82f87df6bc4e4,1,c234,c1,c1,c1,0.48124933,0.30743006,0.21132061,0.8120973052613999,0.09686950056473798,0.09103319417386213,0.6679821499459117,0.17116193655986667,0.16085591349422165
15099,937cf86d2428de78a8a70da42075961559a003d4fccf7e8b4b6dbc2f21adbff6,1,c1,c1,c234,c234,0.3998836,0.38185692,0.21825951,0.11159885867612061,0.625130565616976,0.26327057570690326,0.28236923179036344,0.4356863793388494,0.2819443888707872
15115,b1e93602163b371973ef9b489e2995d5e1c5f8686a631cbbb09839e604afda9a,1,c234,c5,c234,c234,0.19216347,0.39961308,0.40822345,0.2292895870926414,0.40657568461473725,0.3641347282926215,0.2582603693662137,0.4119681478482251,0.3297714827855612
15118,fa369900f8a994fd518c82de51f4e7c6d22008fcfe83083cb641e9caf0d24643,1,c1,c5,c234,c234,0.17381151,0.35869956,0.4674889,0.16215412494479173,0.4204279945140262,0.41741788054118206,0.2827312378192548,0.36970367412183724,0.34756508805890796
15128,5baa8f4fc0289281c1f882bba1780687a78de97b6fb0050c636a4b28c54bcae2,1,c234,c1,c1,c1,0.5252233,0.33139175,0.14338495,0.4019833049451743,0.3715014753550586,0.22651521969976693,0.3820007507608583,0.3624789728275449,0.2555202764115967
15137,95c91994f7ba48d15f9c1033e76f8ec19b22526f3345e0958e1aba5fd2922926,1,c5,c234,c5,c1,0.22431915,0.44674912,0.32893184,0.3357318523000163,0.2830267180771357,0.38124142962284807,0.3622194012883351,0.31301840945554055,0.3247621892561243
15156,e3f46652e2d9873ce5556098142da6bf257eff863132b8922fc94b527f7f5f75,1,c5,c5,c5,c5,0.24588205,0.24973355,0.50438434,0.07918206118440857,0.29609845768939286,0.6247194811261985,0.13366804840896998,0.3370469933096961,0.5292849582813339
15182,e760f84f86bcc157d8922e1b2e62fddb9dcc019648acde54ac318a69e5f0d5ae,1,c1,c234,c5,c234,0.19916154,0.46035513,0.34048325,0.20447923997922174,0.3765259380733957,0.4189948219473826,0.26834558616507304,0.39578244413088265,0.3358719697040443
15211,4e6ed55999e5a2b3ef642698be02723d8139a3fd92d43733eb098c57dc5c812c,1,c5,c234,c1,c1,0.3156494,0.3869445,0.2974061,0.6811326070359051,0.16673494232385058,0.15213245064024436,0.5255133890984526,0.24881888129104768,0.22566772961049975
15214,c635f19434fddc8b98b563f4bc3d2a804bec9bc8e30090bc10db7f3bf98fb95f,1,c5,c1,c1,c234,0.37495336,0.27120653,0.35384017,0.3713413112310208,0.34399976460555737,0.28465892416342187,0.3355254620726662,0.3788750667967266,0.2855994711306071
15257,0d02cbd6933e41cff5eecb11ba361c4d6898b9db643d27dc4ebeda047e7006fd,1,c1,c1,c234,c234,0.5278575,0.33806586,0.13407663,0.2860062099263794,0.5764035470508367,0.137590243022784,0.2682083562143706,0.48449866702151156,0.24729297676411793
15267,616995e27b66b44eb1ce3711624baf411b05ba570e1c1ec0f264dcc8098dfeaf,1,c1,c234,c234,c234,0.29726097,0.38470906,0.31802997,0.35906531048704105,0.47807706445163173,0.16285762506132728,0.32000688511900993,0.4817651342598532,0.19822798062113678
15274,3ebfbefc8e6034658c6cd3f3c671423fddb6a33b40e3ecf49df152c56d5d3d76,1,c1,c5,c1,c5,0.09333399,0.24801464,0.65865135,0.4178273253520395,0.18830342597648794,0.3938692486714727,0.3119107846155396,0.28108630348092256,0.4070029119035379
15292,7612973d04ade1e8b5c5ad0da3fa335547004c3050841f051a8947ff4a516edc,1,c1,c1,c5,c5,0.3676912,0.29093096,0.34137785,0.2934575884607509,0.12297005342584777,0.5835723581134014,0.2836698573435902,0.2337593040560811,0.48257083860032873
15306,4a81479e53a453c9d82f09c0d9c328979b5c8a0fd6e5f7f198f6ca52f48ed775,1,c5,c5,c5,c5,0.14982879,0.3275732,0.522598,0.22058277626162712,0.17844100624261197,0.6009762174957609,0.21948551132739524,0.19367041560903295,0.5868440730635718
15324,b96e1849a44381ebb538700f7a3fd00c9744e1e944dcf3d03e2f996ccc0098ca,1,c5,c5,c234,c234,0.3538925,0.26140496,0.38470256,0.16984171854114014,0.5053694864504013,0.32478879500845864,0.23851793337752206,0.40545974788397526,0.3560223187385027
15342,e8bb9cf8a1f6ab1cf0798eecb21c57ac1f20e31a3f3b39bf44939c5151714265,1,c234,c1,c234,c234,0.4220765,0.308046,0.26987758,0.07701397831904785,0.6927091065423266,0.2302769151386255,0.17824323615294363,0.5623631118683416,0.25939365197871467
15348,59af44cfe402a6635e110fd41ea0db97c9daa2271c6be922cbc7a04650298f35,1,c5,c5,c5,c5,0.10925867,0.23334432,0.65739703,0.06859907387906442,0.0769238641310677,0.8544770619898678,0.1265735403959318,0.18827471230040713,0.685151747303661
15352,beeca0cc7ecacac0bca855eae53171f0ab119e6b22e6168a337a2cd6d0904c30,1,c234,c1,c1,c1,0.63535935,0.26130268,0.10333804,0.4249221050591063,0.3438704414237261,0.23120745351716765,0.35469368464355555,0.33798806990458485,0.30731824545185965
15353,baff0664ede43fc0d9b348bbfe630770d9a484379e213dab77c3d7a294ff4f76,1,c5,c5,c5,c234,0.13696575,0.3901274,0.47290686,0.1493252408649576,0.3909460048939836,0.4597287542410588,0.20025463140820915,0.4062189852362604,0.39352638335553036
15359,51274d6ec86dfea65f8e7f635c8a808fb0de7e0c772a8c27c8dd1f173360b15a,1,c234,c5,c1,c5,0.18630327,0.2422102,0.57148653,0.5596575698961547,0.18818228033714232,0.25216014976670315,0.37619594579721904,0.20252680344621946,0.4212772507565614
15362,b0a175d4a7a073e5a900792722f5cf09cc2806f419a735259fb9b51cc3d4e938,1,c1,c1,c234,c234,0.5972279,0.2929006,0.10987148,0.3483588374834047,0.48038298353912295,0.17125817897747242,0.28751479263886504,0.524299165950156,0.18818604141097892
15370,41d7e976d4846e7e17490129b6598e08e639edfc3132e71f945b187a33cfe843,1,c1,c1,c1,c1,0.54887235,0.33667895,0.114448644,0.6204140365864121,0.25400882895467547,0.12557713445891233,0.4268317857556879,0.3563461682194344,0.21682204602487773
15371,96286cdaa967417b96bd37b5935d0bcc90bb7bed12608a56b9ce01feb847fb1c,1,c1,c5,c5,c5,0.2550587,0.2981925,0.44674876,0.23588992446929283,0.16318694269077944,0.6009231328399277,0.2845876293363089,0.19855585896207603,0.5168565117016152
15385,24932ccf8d686012523582be1b02d00bd5fa1c2c7db2837d477f7f5d6adb6311,1,c1,c5,c234,c234,0.23466863,0.34650227,0.41882908,0.15016561189881844,0.6874526491294992,0.1623817389716824,0.16507314747971394,0.6000371525548883,0.23488969996539774
15387,454671260c996dd03f02a5ce9d313b3c375026c9c359c7c1c79eaf0bb5f5fcb1,1,c1,c1,c5,c5,0.4881966,0.29770115,0.21410228,0.19669602683989096,0.33893968515546924,0.46436428800463975,0.2222725191338477,0.36462580285900476,0.4131016780071475
15393,06103f1cebb69717c8965f02522712d51a3b0eed5cca4fc49710a43530e98eee,1,c5,c234,c234,c5,0.3036771,0.4507468,0.24557611,0.26927247832483797,0.4385280242080466,0.2921994974671154,0.2599384594666658,0.3493316617860004,0.39072987874733384
15396,90b3a3b569f2000896f8374c709c3315d2aacd67dd0b424c6935c2a5f66730d5,1,c5,c234,c5,c5,0.25174615,0.43564677,0.31260708,0.21682601012196123,0.38154543577246447,0.4016285541055743,0.2267257370297183,0.37934488150411044,0.3939293814661713
15398,c6a3b15da8510a5bfd4ea5405b3e5853dd85be15fa8c7e5c73e886bfd9ffb71a,1,c1,c234,c234,c234,0.18561509,0.43336838,0.38101643,0.23380219451281295,0.45363503600296706,0.31256276948422,0.21501576109392095,0.43348813448925,0.35149610441682905
15407,fa7b95c5a10869679234408e3c245558f6b86ba80da027380e37105c78b19316,1,c234,c5,c234,c234,0.09925903,0.39732388,0.5034171,0.12329731666687072,0.6463219726906838,0.23038071064244542,0.15311335844579008,0.5581264742744374,0.2887601672797726
15410,69612c4c977754e237e4a1166f7b440e3c70467f8e8ccc59955bbe6b2683b9a2,1,c5,c5,c234,c234,0.08486029,0.31671166,0.5984281,0.12024543189277456,0.4896159598627,0.3901386082445255,0.17739522914948275,0.41318064592256876,0.4094241249279485
15413,931776037dba503cd38c6f602b6734518a8faede677bb554d7a7cfa0074209c0,1,c1,c1,c234,c234,0.5042678,0.19454256,0.30118963,0.17661666452954844,0.47334231221168394,0.35004102325876757,0.24883157968475292,0.38125989003755323,0.3699085302776939
15420,4e977cacbcac6959484db63ac2854f937ce38d4aea74eef5bf219275fe9f792a,1,c1,c5,c5,c5,0.18689103,0.4003559,0.41275313,0.21125300888112647,0.320177377620261,0.4685696134986125,0.2502748148798267,0.3491595192716141,0.4005656658485593
15422,42ae0e135ab1c5d0b7979c55f83c5db0046b7d3e821c46474725e1c85ee5b566,1,c5,c234,c5,c234,0.39979628,0.42165396,0.17854975,0.27413680917701827,0.2839472469868386,0.4419159438361432,0.2849485697737904,0.40447178629115593,0.31057964393505355
15436,bf645226ac06076a11409459a6ff0e12f5722f5fe9b0d48193854a859297a0e2,1,c234,c1,c234,c234,0.56463045,0.2616064,0.17376313,0.3106015571736444,0.4799724122588389,0.20942603056751657,0.3649062170742904,0.40647384029478123,0.22861994263092833
15442,ad64fdbd21d3aa2329b9e69a8c0c939f1bf20678ba444ed015f7a28780f48deb,1,c5,c234,c234,c234,0.29167375,0.45632884,0.2519974,0.18380567074692641,0.6632533038910535,0.1529410253620201,0.24147046749048598,0.5206208268951932,0.23790870561432087
15446,72a6d21af5d29e95c8c97d7961aa526b7b9d3d47af204154630ddb57052ed1ae,1,c1,c5,c5,c5,0.070202336,0.25894913,0.67084855,0.10626687504500298,0.3453766129256371,0.5483565120293599,0.13573364841209823,0.37015653278761335,0.49410981880028837
15448,d8d16916391f05edf1861f1b84deb560c2bea7c8d4e7e33aadaada3a7ca4e7af,1,c5,c5,c5,c5,0.13606504,0.21382765,0.65010726,0.12006385321638068,0.1488636520320503,0.7310724947515691,0.1513614461045641,0.22933881313349322,0.6192997407619427
15468,42fca549bd165beb62225623ffd4824c7b16bc60a87205c6f7528e7b4af00917,1,c1,c5,c234,c234,0.087971315,0.28359035,0.6284384,0.16940147436627415,0.49942344836311037,0.3311750772706155,0.2520007308150258,0.42440571756705503,0.32359355161791925
15470,5df074e2e908cb11309a656ab25bda6032cf430df79f10f4872cb9807ca503c1,1,c5,c5,c5,c5,0.09649384,0.27687603,0.6266301,0.031157352895512764,0.11893741254760576,0.8499052345568814,0.10376974609304816,0.20750691884231176,0.6887233350646401
15472,a2b3e5d8c57a897dfe1d116dc08f166aefac3442b800714cc348b00ae80b65b6,1,c234,c234,c234,c234,0.19110699,0.50325763,0.3056354,0.10627963797470408,0.5918013372570922,0.3019190247682037,0.1451671654426933,0.5055993260273747,0.3492335085299319
15474,2064cc2eb5753eecf6340bb08c771b6c935a92cd92e37f83054a806b1f5fbd02,1,c5,c5,c5,c5,0.23824765,0.36542884,0.39632347,0.21082648735493045,0.18899223317655714,0.6001812794685124,0.22708232805532483,0.23929068586769678,0.5336269860769784
15475,7d68ec87afe47bb7a7409a241c9f1d5146b15f0015d777516f140ab8e5ba3448,1,c234,c1,c234,c234,0.39139453,0.28552237,0.32308304,0.40618879496572213,0.47667381843862044,0.11713738659565748,0.401936181965045,0.42132402203979585,0.17673979599515907
15481,eb7663ce8809961aa02b389bc1a335a892ee01051ee228ea7d2764fea7a3c6d3,1,c1,c5,c5,c5,0.3303348,0.26920366,0.40046152,0.27561195851588227,0.17340773551575334,0.5509803059683643,0.28377678308287707,0.24228067700279748,0.4739425399143255
15482,20aef404e09a18a5deb0f427569833a017f73865689658b011530e8184543dfc,1,c234,c1,c1,c1,0.40583947,0.3451949,0.2489656,0.6054953515856284,0.1843132862482913,0.21019136216608028,0.4645083542992005,0.24196244381333148,0.29352920188746806
15483,58323a0d32a033cd936a3fcb64d3238f3fba0ed6cce2bbb1ab2f4cbccdcc91ce,1,c234,c1,c234,c1,0.35881674,0.30811095,0.33307233,0.38808288804482416,0.5009407968542131,0.11097631510096273,0.420065078069473,0.33480902718136235,0.24512589474916469
15489,00b9fba65cf8fdea45731d2c42fae03b7faaebf9f2e38514ba410ff70f9ab59d,1,c5,c234,c234,c234,0.21247251,0.4137131,0.37381434,0.30421023555425114,0.4778057806128296,0.21798398383291928,0.24046139589325272,0.4475302058776297,0.3120083982291175
15490,690a5ae21452a85571fb86d43303ce2a962ed029556592e092171a68a20cb0cc,1,c1,c5,c234,c234,0.2289421,0.36783114,0.40322682,0.36301956341486447,0.4317504535519445,0.20522998303319098,0.3116285171009235,0.3805031539262149,0.30786832897286154
15491,f97bed9b0a5eebfe6fb58b38047f6835fa54f1d68b22967a6e0a21829a3d1b62,1,c1,c5,c5,c5,0.12046901,0.34300885,0.53652215,0.16705637820607924,0.3671730137442521,0.4657706080496687,0.20885392207981368,0.39266661829913857,0.39847945962104775
15497,da69f2ff9c2cc7a6cda3da1e7997368a7076543d72182b96d8164552b4c8d91a,1,c1,c1,c1,c234,0.42897537,0.36010224,0.2109224,0.5361980230221141,0.39687772034440977,0.06692425663347625,0.4167061335084621,0.4406972275626737,0.14259663892886418
15503,47320c9afbb2eb6552730d6de05109432f73b9369ae6f13b193da4fac8eec72e,1,c1,c234,c5,c5,0.26154187,0.400877,0.33758107,0.2036765909669203,0.29104226607057987,0.5052811429624998,0.28859804745167145,0.3007220653678538,0.4106798871804747
15519,d564c7b0ea6220923d9836b664b9ce4e80aeec800bd2006bc7676454dab80105,1,c234,c5,c5,c5,0.13505107,0.2548154,0.6101336,0.038660492142875494,0.19922697131961178,0.7621125365375128,0.11670587343703889,0.3108625721391263,0.5724315544238348
15541,5c4e19a12b197388315b558f5e5dbf606fe28802b22836ac00caa365047a5d18,1,c234,c5,c5,c5,0.06943735,0.2603662,0.6701965,0.14883222791815515,0.21379034965314395,0.6373774224287009,0.15555270662395446,0.31892041009802263,0.5255268832780229
15559,d412fb1a4e0c8da41a92d56b4fba4a8829ccba71e16f49a830c822629fd6d3b8,1,c1,c1,c1,c1,0.47200468,0.36034286,0.16765238,0.5579313701020607,0.2745373658432475,0.16753126405469185,0.4281656660448513,0.34783197501691054,0.2240023589382381
15560,d915f445cddb75e52c8c7eecc4e4d903bd74fc12c8fa297a86fca6876ee782db,1,c1,c1,c1,c1,0.4982973,0.3464494,0.15525332,0.5797458707806695,0.27330767154734203,0.14694645767198852,0.512916038756183,0.3607324888795224,0.12635147236429453
15567,5fcdc44c48552c93f68814c272307206e170e7bfb16ae08fd6d4115c75f28fea,1,c5,c5,c5,c5,0.095885105,0.28168112,0.6224337,0.09133832226206652,0.11193103193722041,0.7967306458007131,0.16130025218408015,0.20715479511906507,0.6315449526968547
15576,c38de4a1f43eb4eb67ede9dc71ef33911064be0b0d542bbaa491aba732250e2f,1,c1,c1,c1,c1,0.4549891,0.37975484,0.16525601,0.5267436192335091,0.23315230011517366,0.2401040806513171,0.3799115723976516,0.33082493724212064,0.2892634903602277
15578,32d3fbc8d5e313ed0da80fada3d8d0ad6e98a204a6fe693c9c2921214e860c2c,1,c234,c5,c234,c234,0.19516325,0.39018276,0.41465396,0.21267577696504275,0.4919430553689927,0.2953811676659645,0.2544864990799497,0.4023223135499896,0.34319118737006066
15581,dbd72317d4cb2a5bcb9e297de42dc79adda211c4c116a294502328b3aa87692f,1,c1,c234,c234,c234,0.24086109,0.43986872,0.31927016,0.18088857395559893,0.5911106924235496,0.2280007336208514,0.24071412241296947,0.45045187687672794,0.30883400071030254
15582,841564f323320f7b563b51c9a52ebaeec32f04c86757cce467a9f1181cf69b61,1,c1,c5,c234,c234,0.35225114,0.27747092,0.37027797,0.33695568141143556,0.42242583057954064,0.2406184880090238,0.3694820664950896,0.42331945822641814,0.20719847527849217
15590,8bb1cb3dfc080edc1e588cab60f52be5897d40fecd080989c1098e91fd6b075f,1,c5,c5,c5,c5,0.1450741,0.29014313,0.5647827,0.15188627366384488,0.25057271796273406,0.5975410083734211,0.15056513349152886,0.3347031314872609,0.5147317350212103
15593,2db8c0de359c7b6715ffe33d8957e5b8ca061b91d34eda66b5373882d4e2c88f,1,c234,c5,c234,c234,0.32358906,0.3142451,0.3621659,0.19213579910105086,0.7321340577062776,0.07573014319267153,0.3574971751260993,0.5134075077509671,0.12909531712293368
15597,c1d30e601678b7b0591a99992172291c541796abbd0bca633fd09a0337223549,1,c5,c234,c234,c234,0.32087508,0.34119684,0.33792806,0.3005667576493851,0.5104547757084552,0.18897846664215964,0.3829202333372071,0.42858381145328756,0.18849595520950535
15641,9cd0f4bc9892b2ad84eb563ddb88990c3be287f97093e416e5199a04e60dac2e,1,c1,c5,c5,c234,0.103139274,0.3914906,0.5053701,0.12250876773765532,0.3577330735433031,0.5197581587190416,0.16155384144314106,0.4463267028693709,0.39211945568748796
15645,99cd5c801edbb166bba7f65457a1a4e6887a2a6941a62be6f032ce7ae6e759ce,1,c5,c5,c5,c5,0.13667884,0.33387282,0.52944833,0.1355866742823639,0.24217254759803816,0.622240778119598,0.19663366611444752,0.26678909744502094,0.5365772364405316
15649,664ea531cd3e0a203b3f9f48428eedc14a38acea1221418f3aec1beb8d3941e6,1,c1,c1,c1,c1,0.5390848,0.2808247,0.18009055,0.4879414813521295,0.4146756260097543,0.09738289263811621,0.49290203645268266,0.3436148592662768,0.1634831042810405
15654,0cd6f682e2b367f7b9bd059be6126cbf50bbba375753ca13a9b1712b54a7af8e,1,c5,c234,c234,c234,0.3520952,0.44961727,0.1982876,0.3164651798866032,0.4255538253369665,0.25798099477643033,0.3425920184694593,0.4216709221925131,0.2357370593380275
15658,8717d69d684d39acade956a613bc67dfe240323effd618c9bed2fc72a6adee9a,1,c234,c1,c234,c1,0.43511337,0.29386652,0.27102014,0.3461090787841358,0.5532991984406219,0.1005917227752422,0.4282493366589737,0.38560521981865287,0.18614544352237336
15669,f4eb0ca4d1871d8cae41e302206dc87a9a263921bd9d2cba3516a91b91ef82f1,1,c234,c5,c5,c5,0.23997073,0.37146595,0.38856336,0.2817576403583685,0.16006292683976556,0.558179432801866,0.31249747885300666,0.20889381715689284,0.47860870399010036
15683,931776037dba503cd38c6f602b6734518a8faede677bb554d7a7cfa0074209c0,1,c1,c1,c234,c234,0.50426775,0.19454254,0.3011897,0.17661666452954844,0.47334231221168394,0.35004102325876757,0.24883157968475292,0.38125989003755323,0.3699085302776939
15684,68b886f3d13a373431e9f37ddd2cb5cf49ddcd42e0899bfe950c9b9addcec665,1,c1,c1,c1,c1,0.45294586,0.34638256,0.20067155,0.7587115715780282,0.12608099248528262,0.11520743593668914,0.5215739780363027,0.25411504680751196,0.2243109751561853
15690,e1e9f5e7eb8e5ec5218ae889ca5c13d36e38493e10aa45499f8cea975bfb2da0,1,c1,c234,c234,c234,0.32337156,0.42499387,0.25163457,0.17713000053751912,0.4774879150420465,0.3453820844204344,0.22618699734475253,0.5059234332869723,0.2678895693682751
15692,7efe4a36e5e59c2ba3f3306ec6a91516e4c1dff3e0ac701eb85e32586cde9862,1,c1,c1,c1,c1,0.51387054,0.32969755,0.15643188,0.612866681011736,0.25744880597752645,0.12968451301073766,0.5218982773162384,0.3305084669152468,0.14759325576851479
15695,9d3014e2bd57b8b6bd565ecc8fe2c4e6c7ce661c50813e1a8e8bf9a73af10fbd,1,c5,c5,c5,c5,0.1440823,0.18343465,0.6724831,0.30120076186232697,0.31646041759403726,0.38233882054363577,0.27235904160600655,0.3454738856856567,0.3821670727083368
15711,af49d753e68219cba31c248245250b827cbd037fbbe03f95e872e783a7808905,1,c234,c234,c1,c1,0.27993298,0.4543887,0.26567826,0.4688151571916266,0.33840638152691627,0.19277846128145712,0.41945803964840733,0.345366133370024,0.23517582698156864
15714,d656b08328dbe8ef4012fcf18fedcfbdc237f4e8e96a171386122bd648e2720f,1,c5,c5,c1,c234,0.25352445,0.36816493,0.37831065,0.37815645365464545,0.3240396837923459,0.2978038625530086,0.3327171608618617,0.3412114367328923,0.32607140240524607
15718,baaf0f8e752ab8bd4496923a8fa2a49252a184c23ccd2aa45844b36e960f730c,1,c5,c234,c5,c234,0.2914817,0.42795247,0.28056583,0.17577221295870324,0.3571723023160733,0.4670554847252234,0.20902228688079977,0.4051189293474754,0.3858587837717247
15720,3fefd2b014f15c869565f93d4c1ca421808b5a4d8805bce6138343c72d9ec51c,1,c1,c5,c234,c234,0.32864213,0.31046194,0.3608959,0.2780030746650865,0.5536221531041638,0.16837477223074968,0.31787638334902424,0.3734262255013661,0.30869739114960965
15750,0995d09195ee14c18e6b7a7d7a5c3bd55bd72243bf7699cd0021cece8426b2e3,1,c1,c234,c234,c234,0.21472114,0.40505272,0.38022608,0.2631770822827986,0.3996554962816634,0.33716742143553796,0.2637471068245317,0.45164266063038905,0.2846102325450793
15778,067fd4681f2e1b7bf775fe7d173f214be2ebc8fd85761729a5a988b9a01db5d2,1,c234,c234,c234,c234,0.23158228,0.4839429,0.2844748,0.2529524253814091,0.6080353697676759,0.13901220485091498,0.30083821666775556,0.5340819205119064,0.16507986282033793
15782,ec22eb1ee88f2d3fb1b715168a6a10671f5b932aeec52a5b8e2e2fc7d4638449,1,c234,c234,c5,c5,0.3252291,0.3672761,0.3074948,0.2755586412387199,0.2264423403087076,0.49799901845257255,0.33582980846237936,0.2792285882638969,0.38494160327372373
15792,31145c4c22dc1dd6b580e809ddcdd5012be20eacbb0c7fd941fa06ec23fb63b2,1,c1,c1,c5,c5,0.41948643,0.25068408,0.32982945,0.30938309083003823,0.20826232869213854,0.4823545804778233,0.2827820440152648,0.200869291035198,0.5163486649495372
15798,8f85c2c0ac22d5780899d6871949229764cbcd1f1703ad21f7876b34e92c5493,1,c234,c5,c234,c234,0.18604133,0.40094385,0.41301483,0.25260256188170427,0.4559096576638742,0.2914877804544216,0.27859754198818887,0.37155489452804713,0.34984756348376406
15802,e01fdbed73761b2d3f900fb36036ccd6e0b7bd3def39efa983e9a0f93e3a65bd,1,c5,c234,c1,c5,0.29703307,0.37135854,0.33160833,0.37124897343106905,0.36422777899601516,0.2645232475729157,0.3188793107187497,0.3349186871219388,0.3462020021593115
15803,e73640658851805c6981536e7edc09208873572b62fda655a7b1f1e888586f9a,1,c1,c1,c1,c1,0.73721606,0.16757055,0.0952134,0.46854205038446856,0.2851320630952945,0.24632588652023707,0.3934736630289885,0.30565167972734875,0.30087465724366275
15806,2edeb746cee209f891f3a081d585cd8a0af381191e10c62db87a3499c65c9d60,1,c5,c234,c234,c234,0.328626,0.39640158,0.2749725,0.26096094496335454,0.39345476901348725,0.3455842860231581,0.3060674479723351,0.3989448649639903,0.2949876870636747
15824,8f5593e0e258ac36ab01e22145ec3c3626fb0255ca9d301d2eb042106c8218a4,1,c5,c5,c234,c5,0.14356412,0.33994693,0.51648897,0.25665933787186646,0.37918459050940695,0.36415607161872665,0.22010368732598676,0.37303717365259154,0.40685913902142173
15838,8ae41b2cc774f984e4ca894a371c01c7fe1ef0dac9ad1e53a661db4d8e95347d,1,c234,c234,c1,c5,0.25628152,0.3814162,0.36230227,0.4075686802177696,0.27280246155975885,0.31962885822247156,0.34365402019063923,0.28686321267339593,0.36948276713596484
15865,3e7cb68f1c8910b809603c4160e5e942f42a81cd5cf8043360bb880f3ffbf6af,1,c1,c1,c234,c1,0.40377733,0.27022058,0.32600212,0.18718466631340652,0.46916437345186746,0.3436509602347261,0.34981966270068376,0.3422320129274267,0.30794832437188935
15885,4a6157472746556f7c31918acfec1ecaab80b6ab84dcfbbeeea9cb7c6583ddd8,1,c234,c1,c1,c1,0.68765926,0.25352246,0.058818333,0.5574037908248679,0.38735002429462684,0.055246184880505325,0.5820076648256638,0.3258191025929571,0.0921732325813791
15891,b424e6a53501ea5069d53e577e9548e4278f0db4945d81d6580c00a4b7ef90d7,1,c5,c234,c234,c234,0.18342209,0.4898963,0.32668167,0.25624611873216585,0.42613119862082294,0.3176226826470112,0.2378347231925934,0.45347430442155906,0.3086909723858475
15894,24e75db34b7a6c5d6d567a3f6eb051d5bddb5312f966f49a0414d1e4c0e33c21,1,c1,c234,c1,c234,0.3353487,0.46909112,0.19556022,0.43147782816420105,0.43044567423683333,0.13807649759896568,0.40833937051455127,0.40892009374651983,0.18274053573892876
15899,cca6c5a9b175baa083eb84841c43b5e3823847b878a809498051df3e9ffea092,1,c5,c5,c5,c5,0.2105621,0.3686671,0.42077085,0.11322061073978044,0.31131938073083915,0.5754600085293805,0.18514365229563848,0.3198965352539203,0.4949598124504412
15901,394e2ad9b87ce7bba06942d0549f67c6f85461ff4623c0fa4d20379b711826cf,1,c1,c1,c234,c234,0.39717898,0.36919254,0.23362848,0.14795489312752882,0.5553331265159462,0.29671198035652485,0.26582565530930563,0.44582870325427004,0.2883456414364242
15908,093186764e996fbfbe17aa54d933c4f8ff7663f5d8ef6b825ce32a2b7d8a326c,1,c5,c1,c1,c1,0.39558896,0.32191092,0.2825001,0.5022766553906785,0.28219801253970656,0.21552533206961497,0.46500109707571785,0.3280558185310525,0.2069430843932298
15912,a0573db3b61091e780a2c9b7413caf58c9d69a846b8ec28303f2525ad59ae320,1,c5,c234,c234,c234,0.2521808,0.4435916,0.3042276,0.2603701343696126,0.4094330892464409,0.33019677638394646,0.2963497733767088,0.44259496794360503,0.2610552586796861
15939,e11cc5736c609e8d7c53f66871c8080221d912b426a441e4fb0093a644bdabe6,1,c234,c5,c5,c5,0.259059,0.31295493,0.4279861,0.1462254366029424,0.27445835303550997,0.5793162103615476,0.2292520229336796,0.2812723294621433,0.4894756476041771
15940,9eaf06eea74bc3eb992d8ee5d0c7c3e72e8794018896529b5f3f16ae3d705712,1,c234,c5,c5,c5,0.16391413,0.32280415,0.5132817,0.32369252811848637,0.28916360937177177,0.3871438625097419,0.3712399369073734,0.23901661130384677,0.38974345178877984
15941,40259c4b2fe1ae3229ab17c52e46c16ea757f4c8538735a3367ef37d380f13bf,1,c1,c234,c1,c234,0.20232356,0.4160077,0.38166875,0.5720680398657194,0.32022508000348265,0.1077068801307979,0.37721207733954804,0.39709652144588226,0.22569140121456965
15942,e54f6cc04b43764ac26cbe2df5e20da330012587d5e76be18a5160791fa9bea0,1,c234,c1,c234,c234,0.3472692,0.34002987,0.3127009,0.25456496584837224,0.5306919461620685,0.21474308798955935,0.31985320903524683,0.38663475384419554,0.29351203712055757
15944,f298af8c11480fbb70f3c1449964c36e666cf4c90c4a7129e4d7229726acd39b,1,c5,c234,c5,c234,0.16013055,0.45153213,0.38833734,0.25610406355188875,0.29499505054795006,0.4489008859001612,0.26609424422921474,0.4372598667353766,0.2966458890354086
15948,12d8a10c650195464de30fcdde492d9cd9174bfb62456adc9f94a9e7221c2799,1,c234,c234,c5,c5,0.3182277,0.3587849,0.32298738,0.16399979767985626,0.19305224536123147,0.6429479569589123,0.30221946875244715,0.27679764459038325,0.42098288665716965
15955,c73ed1d9240b36729ed302e9fea59dc4d526b8e5d2d26e5c9fc9db3ba62c5f26,1,c234,c1,c1,c1,0.52422845,0.25540817,0.22036341,0.5224167464591832,0.3253068526766025,0.15227640086421437,0.43218150704959807,0.33557338109243734,0.23224511185796468
15957,a1afac1ece35646cf0679e29f06291f9ef44031fa2521bab70e4258937c6b4c8,1,c1,c234,c5,c5,0.20896302,0.4504132,0.3406238,0.2971511708417486,0.19119694320856534,0.5116518859496861,0.24988682725687011,0.34715230297569966,0.40296086976743023
15965,373d43c53440aeb8a658e3990b028b5a38c4b8608ac52b4699b2f33e9ee46241,1,c1,c1,c1,c5,0.4031022,0.34384912,0.25304866,0.36964177136370374,0.3342109279249575,0.29614730071133866,0.3311197396157057,0.3296460341762257,0.33923422620806865
15972,0e6ecded179855495c327aad4a3f57125160518562bdf2886c515293ed0be8ca,1,c5,c234,c5,c5,0.27253905,0.38240048,0.34506044,0.33376569169941,0.2659577695957461,0.40027653870484403,0.2827046451018066,0.3086363400094207,0.40865901488877276
15984,34a40971d869ca7ca349e5eba08daa6069b132cc5d4a83feb6522769f00bff57,1,c234,c1,c5,c5,0.39305055,0.343179,0.26377046,0.2765203860593385,0.2564606884204012,0.46701892552026036,0.2736669214020571,0.2617499564869235,0.4645831221110195
15985,5932be3c768ad9f950902b0aea52985b999781d60c7dd9317156dd82fd482e6c,1,c5,c1,c1,c1,0.42970446,0.27697995,0.29331562,0.4060851374663424,0.3131726778812389,0.2807421846524185,0.38748931088023336,0.33374197730805644,0.2787687118117102
15987,3dfb023c236739acaf589f1d6e5e3c8d4db48fb1646123187bbdb331bb42c1fb,1,c1,c5,c1,c234,0.34682646,0.24786699,0.4053066,0.44456357468750957,0.3944621777033476,0.16097424760914283,0.3845546590041607,0.39472292462313474,0.22072241637270468
15991,dd97cd708d4e5bae30d6515062ed3918f330224f70d1d1e518030add328e3d21,1,c234,c1,c234,c234,0.43805996,0.29021445,0.27172562,0.10076387996952745,0.6337097116518345,0.2655264083786381,0.18161367820914692,0.4840523716851213,0.33433395010573175
15993,073cf7c0fd0824fb2c92a92f269b5d8bb7c41ec679f7f514d12b4ebeed17a5d8,1,c234,c5,c5,c5,0.11222239,0.33250374,0.5552739,0.176783349534923,0.16298871716552873,0.6602279332995483,0.15441350421223757,0.22561795543552413,0.6199685403522384
15996,a6ac6e9fc78696cac8e8c0d6b5240c07c7821057ad1c15f179d02b8134ac3f1e,1,c1,c1,c1,c1,0.43782753,0.28852028,0.27365223,0.811123463670772,0.09563232123067424,0.09324421509855373,0.6833066166390186,0.18075711023553906,0.13593627312544243
16002,ff2f674fbf53a7dd466a24226d79b51a197bcbda9a4a7c6bf4c166e873bacdd2,1,c1,c5,c5,c5,0.105508775,0.26347613,0.6310151,0.19520961903758716,0.2841172535921685,0.5206731273702444,0.1521683138337252,0.31487515427186596,0.5329565318944088
16013,2dadde34f8d5da326fbc96186c096629e2305f25bd42bbac8dff5e04d82b2e2d,1,c1,c234,c1,c1,0.33337396,0.45920166,0.20742431,0.46254667455356124,0.39719785822101134,0.14025546722542737,0.42681430682480476,0.38723384793057763,0.18595184524461755
16014,4317233dfde2abbb12b3bf4973280809a81d49781b556878faa2abb3b03a4f2f,1,c1,c1,c1,c1,0.8613259,0.09672571,0.041948438,0.6947569581889665,0.1874429511400003,0.11780009067103302,0.6997047398189687,0.17200909847813786,0.1282861617028936
16015,b45f74608889193d3c8b7f509846cde943fc257595a5ea634576235ecac949ee,1,c234,c5,c234,c234,0.18732789,0.39783388,0.4148383,0.12080336066270114,0.5442072057159716,0.33498943362132716,0.18643774931783813,0.4739770806710774,0.3395851700110844
16018,5ed663339a74c386122f9ae654754b18ffba64784db9867d8032c973478ed9a4,1,c1,c5,c234,c234,0.22542883,0.35105452,0.42351666,0.2452107914064533,0.4097758059102099,0.34501340268333686,0.23242732247290704,0.3877223369941959,0.37985034053289707
16049,e649234f79cb3b78e1e163e793a6ca38b30d53c9a04d31274532ba0dbb012f92,1,c1,c234,c234,c234,0.30551884,0.4225716,0.27190956,0.3179968592564286,0.4448735599785996,0.23712958076497173,0.32278558978717553,0.3840709071174024,0.2931435030954221
16060,716d5bd8f3340c4de34e88310389c48109ca6332cb8cbfc247533f5265aa08dc,1,c5,c5,c5,c5,0.09827973,0.1591718,0.7425484,0.08922858382778082,0.11837360898973552,0.7923978071824836,0.17029529824612408,0.2135589083401146,0.6161457934137613
16065,c9f40d0ce08cbcf7502566b77645f08c66ab100b485e48be808c609b406984d9,1,c234,c5,c5,c5,0.18681748,0.3013892,0.5117934,0.1369395124042367,0.2888513563387287,0.5742091312570345,0.28242992147803503,0.2746719258258153,0.44289815269614974
16073,3aa1bb2fe13e3db1c248d07ecad80b50399888d117d270ccc5c7347132932e90,1,c5,c234,c5,c234,0.23072526,0.46588546,0.30338922,0.20284383653886895,0.3518320555859754,0.44532410787515564,0.25490491908965585,0.374865404476903,0.37022967643344123
16075,b1510e6e6abf2c28f02a72be83f7dfbc28df1808eac2c5b4659126581e22e051,1,c234,c5,c5,c5,0.35134536,0.22674055,0.42191413,0.2507517466450359,0.34639590971625783,0.40285234363870637,0.3296884383700385,0.2576697570008955,0.41264180462906597
16086,16903c4767beb7e11d8558142371cdbfeb34409a6af6fc32c401f78031e58709,1,c1,c1,c234,c5,0.70276314,0.19662806,0.10060884,0.17422220452741904,0.47994460868534555,0.34583318678723535,0.24018929673894246,0.36424661385232626,0.3955640894087312
16112,caa1b21979525673dd5148a4b14f9130b027b5e710360fd3b5c4a6435c34788f,1,c234,c1,c234,c234,0.43202087,0.34423134,0.2237478,0.11062831366365156,0.49657063653890593,0.39280104979744257,0.24230861485310046,0.430519930078112,0.3271714550687877
16113,c157824fb6b64be26f923c004b918e5d5a81f2c96652be0619de4aa6e1340c7f,1,c234,c5,c234,c5,0.23622048,0.2801368,0.48364267,0.13219836849829253,0.48386768505604144,0.38393394644566603,0.25144778201347373,0.3513823136893685,0.3971699042971578
16119,014b58bb09eb2afeff2183cfca321d7a296512b7471c0a73ae16eb59015cdb60,1,c234,c1,c1,c1,0.4403405,0.33423936,0.22542016,0.5402750597518943,0.21772435166728712,0.24200058858081858,0.4810445762921073,0.3107854715862836,0.208169952121609
16120,d121bd1602424f78f20910f561baef365bef8a9da9c08ea2d998278eb3117c1f,1,c1,c1,c1,c1,0.37168705,0.35912263,0.26919034,0.729676387462269,0.16276138070622348,0.10756223183150758,0.5404459245429848,0.29897549837084914,0.16057857708616596
16131,c12e244855445972d0e7de53ce71472a88a9c0d7324ca0542c469a2f216a1aa2,1,c5,c5,c234,c234,0.15363015,0.34313276,0.5032371,0.27859115549143365,0.4756216239228179,0.24578722058574837,0.2841475418903452,0.42004371266272544,0.2958087454469295
16153,3b9212c551faa631fe200d5305f5c069b86c378c2780b3cfaf8f382f746b68de,1,c234,c5,c5,c5,0.22397336,0.36231446,0.4137122,0.2913524324368535,0.14993188629707505,0.5587156812660715,0.31247701327463967,0.2617000936889195,0.42582289303644094
16158,094473593572fa370f43bdac85c18c707f0639867841f9e88dac77dfbad63967,1,c5,c5,c5,c5,0.11479818,0.29889575,0.58630604,0.13137857078675222,0.249936179947727,0.6186852492655208,0.14370860678416839,0.2886945827137469,0.5675968105020849
16167,5e822e6e4fa86d64533acd4f5a055e39b1a5fca0ec118a932cd9fb24c82e81c3,1,c234,c5,c1,c1,0.26648518,0.36070716,0.37280768,0.6118792278794362,0.2587346531748053,0.12938611894575855,0.6033449245717059,0.24940302842833995,0.14725204699995417
16185,1c072b6f4b40ad45b80d68360c6ffe3d823cb430c718b8edaa0753140712a86b,1,c234,c1,c1,c1,0.57310385,0.273467,0.1534292,0.5916910554835901,0.2341885943355923,0.17412035018081765,0.5269088967832426,0.2261715585416867,0.2469195446750707
16200,931776037dba503cd38c6f602b6734518a8faede677bb554d7a7cfa0074209c0,1,c1,c1,c234,c234,0.50426763,0.19454253,0.3011898,0.17661666452954844,0.47334231221168394,0.35004102325876757,0.24883157968475292,0.38125989003755323,0.3699085302776939
16202,f8973360363d0f99afb8894ca2c6a059c03e145a96d7935888814689a62ca38f,1,c5,c234,c234,c234,0.29973698,0.3693696,0.33089346,0.22577186445885344,0.435012140198752,0.3392159953423946,0.33454547459291256,0.382682302653448,0.28277222275363945
16225,d682c1a4898def6dc7cb0ed8b309412b1c0340ce79e58bf9f702ec1bcdfc63b5,1,c234,c5,c5,c5,0.13337398,0.3912122,0.4754138,0.1564698310182102,0.2597606034403676,0.5837695655414222,0.18306820704598428,0.30685763088210566,0.5100741620719101
16226,819b0d8c7ae58ba1b73effa08d30ba384895b9104a14ab642c3a9bf6176134b0,1,c234,c5,c5,c5,0.23108013,0.24125628,0.52766365,0.032366581648496304,0.04908973381984008,0.9185436845316636,0.1210073840069109,0.11996678921504002,0.7590258267780491
16243,4e4dd18f87609d6cfbb49178741b3811379094253c8675486d63add5b267603c,1,c1,c1,c1,c1,0.41601253,0.37765944,0.20632806,0.42541382347639695,0.4122628717783075,0.1623233047452954,0.4481732127556035,0.3745382631186981,0.17728852412569832
16244,d38756f2969858caa0ef7c261ccc7e5c5b209750cd2d4d5d3e09805f44b8e920,1,c234,c1,c234,c234,0.6021195,0.2876216,0.1102589,0.3997243756017762,0.5540075293432225,0.046268095055001394,0.45150714319561747,0.47005638793692456,0.07843646886745785
16250,75ce40b3c0b33258329418507f2ce63bb1b6a6b27338b95c83a94c12d75e3307,1,c5,c5,c5,c5,0.10947065,0.41595602,0.47457334,0.18285873374313816,0.35395069860729605,0.46319056764956573,0.21963233501741794,0.37535256124855865,0.4050151037340234
16255,be20018561eeca18bbd4d74fe62efded8d43440adff4b145b6999a44868e2e1e,1,c234,c5,c5,c5,0.19821076,0.35283867,0.44895056,0.13578441957072368,0.4027697433714981,0.46144583705777814,0.15605731520669522,0.3514143893573188,0.492528295435986
16257,8dfeb8eae5ada5c80aa81357dd757e427f770ef66f69df51f0914b0f78dec209,1,c5,c1,c1,c1,0.54242754,0.32995307,0.12761937,0.4792508288782028,0.3794778933099939,0.14127127781180332,0.4706290280610478,0.3635997221880174,0.1657712497509348
16258,2aedd4f7429dcf359f99d5fbb400c2bd0a28520599e3e4330919b3aa7698f9e2,1,c234,c5,c234,c234,0.10217379,0.2748913,0.62293494,0.13575411482804717,0.4631162333065602,0.4011296518653926,0.20374185747268744,0.4156877116287463,0.38057043089856635
16266,4fe71bf4e26510450021596aba6d2072d255bba8291b9c5379a83bc1f0b1c89c,1,c5,c5,c5,c5,0.15778849,0.37064582,0.47156578,0.11367006785880648,0.2975446701632942,0.5887852619778993,0.18024116474674792,0.3165091084979484,0.5032497267553038
16293,57d21c4780602eb1373d2e36d4aac12d8f43448dad4621f75bc6d300c73cf52f,1,c1,c1,c234,c234,0.4364008,0.34503084,0.21856828,0.11536447994387004,0.6287560159844674,0.2558795040716626,0.1834527768128179,0.4303177514767629,0.38622947171041927
16295,61f46e13a71e10092d092aef47f6f979e24ed8baee132f61e1b8166c3be7aeb8,1,c5,c5,c5,c5,0.28674883,0.3289837,0.3842675,0.08404002486572885,0.36950697319683556,0.5464530019374356,0.14634542318376054,0.3447399247045931,0.5089146521116464
16315,7757041ac74fe5d1f0cb28b62eb6ca5771b3229ca62c140d35306def2217fca9,1,c1,c5,c234,c234,0.14926021,0.40647522,0.44426453,0.23213594487803088,0.40819711791047825,0.3596669372114909,0.2506827896442799,0.3783252377016588,0.37099197265406136
16336,0b697def3e66c2ba06769edf938b4ed918ef72c9527e3bd018c03c66fa4da6fa,1,c234,c5,c234,c234,0.17818344,0.34013557,0.48168102,0.32789498469860795,0.5461647826130871,0.12594023268830493,0.3385188919578706,0.4906672582799647,0.17081384976216457
16338,65f0109557c7b848063542f3cc0ff8c558fa9838b2d41a3797644d1b916ee03c,1,c1,c234,c234,c234,0.23900272,0.43170026,0.329297,0.1377359782103309,0.5356737037419371,0.3265903180477318,0.25621017490140036,0.44930368027640527,0.2944861448221943
16348,85ecbe0573fc64b72a2a8413441fbe8d1e5c020763f4e11a37c37ae233ccfd76,1,c234,c5,c5,c5,0.10118673,0.32807347,0.57073987,0.15563434711488563,0.292416860847133,0.5519487920379814,0.25673751868379074,0.27795662378185015,0.4653058575343591
16350,1f46dafce46796f648fcd1389e7dc53ee4c44118f06c12a34a794be99672aeb5,1,c1,c1,c234,c1,0.56319696,0.34774715,0.08905586,0.39450251119588653,0.4990530898962263,0.10644439890788705,0.4668293376901189,0.40584274575558044,0.1273279165543007
16361,21374a2b2f57407e4c69d06afbbf35ef8df8857f625ae0889b499ade6f67c671,1,c1,c234,c1,c1,0.27569833,0.4518516,0.27245003,0.5959041833049868,0.254627042581426,0.14946877411358717,0.48848313225151246,0.3082512347521702,0.2032656329963174
16363,6c244a608fd16f5d6481c75f563c43839fb6754c590b00b1e49034ac47ab8b7a,1,c1,c1,c1,c1,0.5718065,0.3021167,0.12607677,0.42940785588680835,0.4271378441043962,0.14345430000879542,0.41527823800441327,0.40210829244029483,0.18261346955529192
16375,ef5a497d24085a5a3044203662c38648b7111c80774c70793436666af9639cd0,1,c234,c5,c1,c5,0.35321534,0.23670192,0.41008282,0.3623326867814626,0.30540175042222373,0.33226556279631375,0.33589508029744847,0.28212596729973954,0.381978952402812
16378,7289ad36602d6b629b1f089784bf2caf8a1ae0ac58d7360fd36add0a1e17cc4e,1,c5,c5,c5,c5,0.25803486,0.3596862,0.38227895,0.08059626786753188,0.06955083358136933,0.8498528985510988,0.20538038688561938,0.14546964699362794,0.6491499661207527
16382,8fae50f8007642a0d5fe069d6b19e81b1f48802225f69e78709aeba06557c034,1,c234,c5,c5,c5,0.07312444,0.34429336,0.5825822,0.07556060608610086,0.38333154569162853,0.5411078482222705,0.09975763426476607,0.4016260575322633,0.49861630820297065
16385,2f4b1a0ef0058fb7474dcd9e8bc4e464af87d9401c9545b4cfc56cda51d2f5fd,1,c234,c234,c234,c234,0.16502887,0.4610917,0.37387946,0.11816844828083978,0.6748264305939689,0.20700512112519132,0.1896723034096412,0.45465242129471506,0.35567527529564374
16400,6577bdc8584e5e4b805acc1c244ace4731a4663f9524bcbbfe4a490fe63cee16,1,c5,c234,c234,c234,0.25347844,0.39481986,0.3517017,0.16838633813288434,0.6050029232589111,0.22661073860820455,0.27570780803500783,0.4939584409704302,0.23033375099456183
16401,ac73dab15ba0fb51205736a8449415e95a56376fd42acdd439fabba15c73a836,1,c5,c5,c1,c234,0.19265561,0.39459366,0.41275078,0.3656816225701295,0.32640373944666506,0.3079146379832055,0.2746994751488039,0.37556141778774843,0.34973910706344763
16415,713c0aeefb1b94069f84c7c8d4f309984fc692efc451b2ac4ef417c2165ee4ea,1,c234,c234,c5,c5,0.16357853,0.45324594,0.38317552,0.09434204059806826,0.4444989056602922,0.46115905374163957,0.1547534421537915,0.3827186201225837,0.4625279377236249
16426,8ef9e287f545e4693612e6c538cd35891acf2ccc7f99fb6c1632731b3b59d6bc,1,c5,c5,c5,c5,0.30123502,0.33977613,0.35898882,0.22874106540288464,0.32392452848074293,0.44733440611637243,0.2702720373617154,0.29432257874560225,0.4354053838926824
16441,eaa8d27e8b1ad1eb59cdcf876da299df7eee70790c3ce7b20dff74b243862d0b,1,c234,c5,c234,c234,0.22297941,0.30616838,0.47085223,0.29361745903792497,0.4966220258987489,0.20976051506332616,0.28363761002972926,0.42169611639481086,0.2946662735754599
16443,c5557541bf02a65527d0bd308f4689a33b5765eac844b512c5e7043955c6b416,1,c1,c1,c1,c1,0.43176973,0.36474743,0.20348282,0.6088548639660555,0.2708854635686435,0.12025967246530099,0.5462882186391822,0.2770232397134937,0.17668854164732412
16455,449082aea084a437f7cc15c79aa8f3b4d061818f55f155eb1b341b668a9017f0,1,c1,c1,c234,c1,0.47372004,0.323174,0.20310594,0.37502075979875227,0.44818334208263233,0.17679589811861535,0.3649401542903394,0.36378640361379216,0.2712734420958685
16467,585b73289ec5dba19b331aaf559320e3f9562f264867673efd1c8d12af90606a,1,c5,c1,c5,c5,0.46515927,0.27150032,0.2633404,0.11630907061995494,0.192109411763399,0.6915815176166461,0.24657838565161094,0.2854395035765785,0.4679821107718106
16473,d8d16916391f05edf1861f1b84deb560c2bea7c8d4e7e33aadaada3a7ca4e7af,1,c5,c5,c5,c5,0.13606517,0.2138277,0.65010715,0.12006385321638068,0.1488636520320503,0.7310724947515691,0.1513614461045641,0.22933881313349322,0.6192997407619427
16489,7ba007021070f5be4719cbdce37218ef2097bb7a04d24ed6ce6ae8f17373a888,1,c5,c234,c5,c1,0.30955997,0.34945464,0.34098545,0.31161806286737503,0.3111113796071647,0.3772705575254603,0.36294909235538814,0.2991688371662046,0.33788207047840724
16492,84f6cce84ee63ec2486e74faeb97b5cb303edf143d62aa6413a2700b388aa3c7,1,c234,c1,c1,c1,0.40245757,0.4010598,0.19648266,0.5435638108853611,0.13873185465559287,0.317704334459046,0.45331588709838905,0.24463174434413723,0.30205236855747375
16493,c372e43fbd0dd3c798f38531aa59be194600922b461eb1d7a92626f058deb75d,1,c1,c234,c234,c234,0.32680345,0.4061529,0.26704368,0.24757313774103906,0.5469783668692323,0.20544849538972862,0.2846252065550219,0.39105811851761485,0.32431667492736327
16495,d037f41f3d238dfee1a0ad31c1ad7204bdc09fd15aa3666dee964ee4d1a223b3,1,c234,c1,c1,c1,0.55435616,0.2332705,0.21237332,0.4813325263452389,0.29917613361179285,0.21949134004296836,0.473533385937046,0.20765950207595119,0.3188071119870029
16496,05d5bf3b9cad47ea7547c28aa4fa80cde30881d08f2eca7610424e42219372ef,1,c1,c1,c5,c5,0.46583483,0.3176448,0.2165204,0.16420159188439074,0.23979956970581492,0.5959988384097944,0.2760139786008413,0.28019179066736194,0.4437942307317968
16510,1129948998809dcfdffe404b5988dc7b1d7b2a3f23e05a5e3925d8ff6478ca65,1,c5,c5,c234,c234,0.112662695,0.3897034,0.49763387,0.1004244101544568,0.6007347117632822,0.29884087808226106,0.21871186943283089,0.4191468327822308,0.3621412977849382
16511,79fe081f7ab04f4e168024074288ccf03fba5dff2f88f4ac9fa5517bcd4c5d62,1,c234,c5,c5,c5,0.07288242,0.20935799,0.7177596,0.17926917963251798,0.21915286138527829,0.6015779589822037,0.2626898450861059,0.2804039418478478,0.45690621306604634
16513,653fe662fe90c4dcf3bb4fd52c6565a79b5bf0520f87f6fd16d2c9860f9d3599,1,c1,c5,c5,c5,0.13076708,0.27861893,0.590614,0.21509497871580266,0.15431088243667376,0.6305941388475236,0.22127623663731227,0.1902898309593216,0.5884339324033661
16519,65c7957ccd29be29dc6db0bfb16e4b6e46751679b62dd375a3c480f23c349915,1,c234,c5,c234,c234,0.17919901,0.37823328,0.4425677,0.22102168117344448,0.39193678920477176,0.38704152962178384,0.29927255798679003,0.39665371880544587,0.30407372320776405
16526,ad1ab01be235ffbebef42ffc6b35db87891123429c704724d65fd64bb8c9154a,1,c234,c1,c1,c1,0.5790759,0.3178432,0.103080906,0.45454733014481463,0.34112458739928814,0.2043280824558973,0.5383951430691095,0.27467541943457824,0.1869294374963123
16536,4679b3ffcfec8b831c37acfbe6b522b318438d5c729cfb9c09b42d6144ee6852,1,c1,c234,c5,c234,0.30615053,0.45544717,0.23840228,0.2319275954453905,0.35869816517301023,0.40937423938159934,0.2562930208882983,0.4481037441878073,0.2956032349238943
16541,1b753504b566674e7818a18cb489f431533a05c89b004851c71c72c8be2e9c29,1,c234,c1,c1,c1,0.55944234,0.26208097,0.17847672,0.4711488001303846,0.15014514711556215,0.37870605275405317,0.41916212611943965,0.24472002173729177,0.3361178521432686
16544,76bf124315d30862ee279e521e1a9bf1c6efda5f61fd90a3e1fa673304c58eb9,1,c234,c234,c234,c234,0.31095156,0.37197033,0.3170781,0.16406147569067092,0.4525004415375917,0.3834380827717374,0.2183038306251369,0.4532034286030637,0.32849274077179935
16549,84766f10906cf8a1f9aa979e4fe7aeb2f76273555ce3909e0ecf5e6a63a38c6f,1,c1,c1,c1,c1,0.70449644,0.23878217,0.056721415,0.6362797021211686,0.27807097162267697,0.08564932625615444,0.5897281842333815,0.3138604577466453,0.09641135801997322
16564,c0462512adadfe0d5d4f2f8722c4889d5017a8bcfd5b18d196954110f57f7f46,1,c1,c1,c1,c234,0.40543088,0.3686509,0.2259182,0.5302996393255276,0.4011483946901674,0.06855196598430516,0.39456815775972326,0.40541860981460115,0.20001323242567556
16567,0e03705c562e6e6644919eb3265f255cc4fef86e73c99e02904f8a8db277b43f,1,c1,c234,c234,c234,0.28816834,0.44400615,0.2678255,0.11634286206393522,0.6476698966768705,0.23598724125919437,0.23414225144488504,0.549691715477192,0.21616603307792295
16575,86a0bd5407a4b19149fa3deb9954c9f79e5f6d03eb83e3c052a09728caaa4f31,1,c1,c234,c1,c234,0.30907285,0.4466653,0.2442619,0.38447101659190513,0.319881144292819,0.29564783911527587,0.31674284600280334,0.3873089020967559,0.2959482519004409
16583,0fe23a1d47f08d337bc85daa693284c7bbd59dfb0cee3f6d950e0063785a0835,1,c5,c5,c5,c5,0.07801426,0.25249258,0.6694931,0.10024571885808585,0.30832250121557436,0.5914317799263398,0.1477007875035449,0.3582299711425646,0.4940692413538905
16590,43bf1e2b4242c7cc11dba066ad848e3644bda3dd00c5ee363092c240c1296276,1,c234,c1,c1,c1,0.6320283,0.27543318,0.09253855,0.6019923061635254,0.2923507275601269,0.10565696627634774,0.5745847238465583,0.283792202538164,0.1416230736152776
16591,cc8349f277e22a04e2b3eb10327749549bc088c75f32c9612d6a99bf3f69771d,1,c5,c5,c234,c5,0.14970236,0.35604727,0.49425042,0.054062744835276365,0.5375033523040172,0.40843390286070635,0.14047451488646862,0.42516541503233096,0.43436007008120037
16595,6fe75cdbbfcca2a7c194f5c5a4586863f441cecde0e235324266b5415bbc7d5b,1,c5,c1,c1,c1,0.40137464,0.3633998,0.23522557,0.40670266122546983,0.28890148055038667,0.3043958582241435,0.3661972021587389,0.35671843998395747,0.2770843578573037
16606,45286e6556ba4f0c7f983f9c306075451b3e15f45051e1ba98efb47a5f2d864d,1,c5,c1,c1,c5,0.58556694,0.28844002,0.12599294,0.45801252114404517,0.23728187460936218,0.3047056042465925,0.35466443715844015,0.2733511024198607,0.3719844604216992
16607,d295db9717dbcee839f27f3ed61dc6c10091bbdecf94569a5b7c4a450d1cda7b,1,c1,c1,c1,c1,0.83267486,0.1353134,0.032011755,0.5322349005758528,0.3058326965994589,0.16193240282468843,0.5463041234422417,0.24012898190674517,0.21356689465101325
16613,e8bfd672b7c5719a3e6438ab0f91c946500c2838ba6ac0b1249bb40318e49584,1,c5,c234,c234,c234,0.2902014,0.3656047,0.34419394,0.30665998230388847,0.41571313954734657,0.2776268781487651,0.35194683255179093,0.3902910614805712,0.2577621059676379
16619,f2f4d201b0b17ace8805abf3a40533bedb02170ed68c8a29632a68236e74d1b6,1,c234,c5,c5,c5,0.16708371,0.26299143,0.56992483,0.17420126036309128,0.25173237876182225,0.5740663608750864,0.20465113895317502,0.32640004827268576,0.46894881277413925
16623,189288c0003f305b00e9b9e21e36628ba2f3c3191132a98b4ddf89447b72e27a,1,c234,c1,c5,c5,0.63512474,0.22667632,0.13819894,0.22082946115741914,0.1763396139685369,0.6028309248740439,0.3333894259139085,0.24190133016703272,0.4247092439190587
16629,30de28823d890ab5634f33f791316ae567b3b9b4c4c627ac4b9dab30b02cf4df,1,c1,c1,c1,c1,0.7043784,0.23265429,0.06296738,0.898436915513586,0.05150560048598187,0.05005748400043236,0.7361983419105885,0.11796919513957237,0.14583246294983915
16635,608c066e9f9a8439f7d90f84c583862c1fb14537849f04ca53a56069ea553891,1,c5,c5,c5,c5,0.22168243,0.33158448,0.44673303,0.1811148191180868,0.2461459290812245,0.5727392518006886,0.24976049034515233,0.2558529904721777,0.4943865191826699
16641,45e1b08b30173a93e4a0354602a7d30043fb78112a63f0a7a4dfd596d70c896c,1,c5,c5,c5,c5,0.22516422,0.32691398,0.4479218,0.09789010663119722,0.3540763588885927,0.5480335344802101,0.125925069250793,0.3701078916017726,0.5039670391474345
16645,40b86065e7dd09a02f1ecc990100b31b8357c0b19432038b2670762a751e1d15,1,c5,c234,c5,c5,0.34809846,0.38018787,0.27171373,0.18537482032563113,0.15688487511852933,0.6577403045558396,0.28979999634136855,0.2437003116521552,0.46649969200647623
16653,b2e393462ef50b811904a1a0fd7d746e959ae2298839889fcbe879961e3f2022,1,c234,c1,c1,c1,0.69653267,0.22863643,0.07483091,0.7143102243567845,0.24567613018829498,0.0400136454549206,0.647513285582454,0.27261704299242595,0.07986967142512007
16664,772ecc964a92047221282ad4b471373fb307d7aa17ecd5f17a71df84cb245c5f,1,c234,c5,c234,c5,0.18784119,0.34641293,0.4657459,0.17329605082059674,0.48763044971220765,0.3390734994671956,0.1808335830057819,0.3713789948312196,0.4477874221629984
16691,d2d9d72231e3aa337859ff01765d316bfbbae2fbdd18bbfc237ecb6f7c873755,1,c5,c5,c5,c5,0.27775195,0.3597174,0.36253056,0.058863634793499216,0.42743251808370003,0.5137038471228008,0.11474575174627055,0.4243214092814227,0.46093283897230675
16702,1e903302f0cb06acb16b6faf25087e259f9e9ecabe058b73041074cad14eeb30,1,c5,c234,c234,c234,0.25793898,0.44612804,0.295933,0.18053284742902698,0.5758594370709726,0.24360771550000024,0.22166546289660968,0.5495475923761405,0.22878694472724975
16703,16439f8c41533a9f0cf6c8ebbcaff3a328662d51752fb62fa10bf492f9bbba32,1,c1,c5,c234,c234,0.27729988,0.31184196,0.41085812,0.16892657741695585,0.5831679912397181,0.24790543134332607,0.28173494155185524,0.388275654856686,0.32998940359145873
16705,2021af59eb064887f8d55e107d8938b023e0a33a496514bf2f7543df6966efa6,1,c5,c5,c5,c5,0.13811514,0.36881962,0.49306527,0.16972806416584696,0.33074248779946624,0.4995294480346868,0.16243828844697955,0.31663118239530097,0.5209305291577194
16711,7c07f514203d8dfeac0810b00046e5587544a0808325121fd5fc36aa5169e01d,1,c5,c1,c1,c1,0.72413105,0.23752736,0.03834156,0.6476829723438853,0.24877916800735234,0.10353785964876237,0.6390478114889816,0.23540071202362403,0.12555147648739445
16714,5c566081e4864227dcca169f7b61b4d6faedc3604a85de7ee6412eb5fd8fb5cb,1,c5,c5,c1,c5,0.353479,0.27755356,0.3689675,0.5113964281611435,0.302502917106,0.18610065473285645,0.26612930718138506,0.28970100176886215,0.4441696910497528
16717,021fc080380260715778fc2d358f29b4c86a5db347d718ee4261d91f277e78a9,1,c234,c5,c5,c5,0.118575245,0.24314606,0.6382787,0.12489577919428031,0.36949476973051143,0.5056094510752083,0.17479589324337422,0.4024335476260726,0.4227705591305532
16723,cb6b32735da1ecbafe98bb8e7dfec61179695419d377cde11c920bbf6c3ff626,1,c1,c1,c1,c1,0.7578751,0.15859294,0.08353195,0.6551889312523992,0.2652139864088993,0.07959708233870146,0.6229606708437099,0.24809363132025708,0.128945697836033
16732,2034ef251dcbc7f53bcd2c10c34cf57f960d175f2852a02fbeb0d0986596c9a1,1,c5,c1,c5,c234,0.50492495,0.350248,0.144827,0.13643135657341315,0.4292215894608892,0.4343470539656977,0.24003098150040775,0.4154036658474293,0.3445653526521629
16735,c710fcca60a0ade6fd58ebb3cc806dc365ee13c934282647224a3d24694f8e8d,1,c1,c5,c5,c5,0.18548582,0.3610176,0.45349652,0.23423044795713707,0.1412141047386367,0.6245554473042262,0.2258198684087728,0.24511791059615987,0.5290622209950673
16753,d3dc932e3825dc08ca492617e4f0e8f6801390191e5f08f7d4fd4c97facfbfd1,1,c234,c5,c5,c5,0.11308076,0.32263616,0.56428313,0.09783405532002623,0.37935739505196364,0.52280854962801,0.14640301604357872,0.33573401300000744,0.5178629709564138
16758,dcc759fe0b76911ab99dcf28ad338d014993dee39f2c64bcb4cfcdca543926a4,1,c234,c5,c5,c5,0.23783946,0.29863462,0.463526,0.25596453986698997,0.37137802749247145,0.37265743264053863,0.24346067520306874,0.3096892645496645,0.44685006024726676
16769,8e334c7bd9d675dde07b92dabf54c17f49497b89b185cd625c5a361d9f9bd682,1,c5,c234,c5,c5,0.23801231,0.38668352,0.37530416,0.16792461487789695,0.2397347048936923,0.5923406802284108,0.19351090185252395,0.27425418452983724,0.5322349136176389
16773,b8173d39783f1f3655bcf13714df52b8ba664af0da4dbba802563ca45fd0b2af,1,c5,c5,c5,c5,0.10433079,0.37251663,0.5231526,0.06468695383673878,0.43477443567340135,0.5005386104898598,0.12805777163455365,0.4167087551131482,0.4552334732522982
16777,9f75af17f987831c3c980033fc14de9151481f4035d393e7f0ae4f95662e847a,1,c5,c5,c5,c5,0.0810368,0.29274297,0.6262203,0.0624792298668356,0.26168471768975643,0.6758360524434079,0.09786747118645614,0.2770470612313144,0.6250854675822295
16788,2b939f9e44c87e6d8d978cd8e7d989c56b9c9c283dbf9a54a55860a7be753f99,1,c5,c5,c5,c5,0.15764368,0.3181442,0.5242121,0.15670544951314302,0.16234178879082203,0.680952761696035,0.19285002859963402,0.2494810179416006,0.5576689534587654
16789,15a47fac4565330d6e0aad8e627dce2e5311f35a4e6e572dc0bc88c94f33c261,1,c234,c5,c1,c5,0.29738727,0.33046004,0.3721527,0.3836493927573668,0.3317137827469537,0.2846368244956794,0.32380531656605727,0.33318982947476794,0.3430048539591748
16794,fa54dfcd6dd80ae99ade923b16fa44922a821dcb5fe118709c30ec3a3218e425,1,c1,c5,c1,c5,0.27881506,0.34724703,0.37393793,0.4206466345438796,0.19736961016150184,0.3819837552946186,0.3788644711972989,0.2267827247280976,0.3943528040746036
16819,e67d7453929d81b72726547cd40fe6f3e839271a3c0199394e1e948f344f4113,1,c5,c5,c5,c5,0.19978255,0.27715838,0.523059,0.23526650600867732,0.2876840116748563,0.4770494823164665,0.2997233385854636,0.26101323399270737,0.4392634274218291
16826,9ba39828cec2f787130dfbbb0c94807908fe80ada9a0a9e31a7f1598a9239b36,1,c1,c234,c1,c1,0.21463086,0.4269661,0.35840306,0.6835881397073694,0.16698525385574922,0.14942660643688127,0.47553970507063276,0.23625175890706032,0.28820853602230706
16837,7cca985f168a7d2f816cd88bd01ea6ff742be677d80a350431b91d0b49129994,1,c5,c5,c5,c5,0.14147258,0.23918597,0.61934143,0.13118882793984377,0.19161346292991835,0.6771977091302379,0.209767711637167,0.26186123755304663,0.5283710508097864
16840,3a3e94a24bcdadbae0c9acd3c33f52f063f36a53ddf3e00070bf0b2df53b7822,1,c1,c5,c234,c234,0.15460658,0.33345988,0.51193357,0.16789900768203078,0.6237906146769456,0.20831037764102364,0.1924751091838442,0.5703551235451377,0.23716976727101813
16843,a3c8ce66774f875c979183cce11486a40882c9fd2a43c725aceba385f9d78068,1,c234,c5,c1,c234,0.13051918,0.23933789,0.6301429,0.3714294258306892,0.34955770903533884,0.2790128651339719,0.305235139046872,0.36065826060021167,0.33410660035291634
16854,934ebe56533f0f440ce4c2635421a5656c630240f8fc56861d82cf5eae771fbd,1,c5,c5,c5,c5,0.2234463,0.22565128,0.5509024,0.19121636646080917,0.28183040165592244,0.5269532318832684,0.24318173756734932,0.2795198210651084,0.47729844136754235
16862,db14ab243c534c703757fa1d115734878eb2669fcfa4e7c765eac09f4ccb8a92,1,c234,c1,c5,c5,0.34400135,0.3211208,0.33487785,0.22353803849973855,0.37882281748547897,0.3976391440147824,0.24197264993517115,0.37174668211074674,0.38628066795408217
16865,678381c23120f74a26ed1d0ba64ed62c02e1bae748ae1752f3c2e0badb834e7d,1,c234,c1,c5,c5,0.40457857,0.37355965,0.22186173,0.346076568548158,0.24026429852883663,0.41365913292300543,0.3342302579305478,0.22219292925068682,0.4435768128187653
16867,8e9d25fa90c18a09c640a3d3cdd2ff167ea65cdfe6012f292ab1c1f56a8bbd2e,1,c234,c234,c5,c234,0.17566283,0.48729432,0.33704278,0.1405308833111228,0.3680162117167485,0.4914529049721287,0.20960624937280892,0.4077081841713037,0.38268556645588736
16873,e036b41418ec96021cd26aafa44b45d4b794dff687f1fb3ffd4d3e5985d47519,1,c5,c5,c5,c5,0.14527091,0.22884871,0.62588036,0.08805521168690426,0.04349487373050539,0.8684499145825902,0.1308599728022503,0.12959057561007353,0.7395494515876762
16876,04bac0e773f68aa0b9c92a866d21d9a66c7c6dc6937b1ee5a9b426b9dde64e26,1,c234,c234,c234,c234,0.23974581,0.4611854,0.29906875,0.13743329621669095,0.5074325594634265,0.35513414431988266,0.22317753184209604,0.418659687218048,0.35816278093985593
16885,53ccac3c8889bad655e66d4e2826330be501c276d9165dd5885f52e499f5a095,1,c5,c5,c5,c5,0.20560639,0.36313406,0.4312595,0.3454373856044916,0.23211110840164223,0.42245150599386627,0.2612063536379319,0.34441770029262664,0.3943759460694415
16888,6897d87817be8c76d64fe5959fc8ce2536cd035782cc43925611a419f4e53244,1,c1,c5,c5,c5,0.20126088,0.3433232,0.4554159,0.1936496576152338,0.355849523528989,0.4505008188557773,0.24983421407470652,0.27390608741000844,0.47625969851528516
16892,7f50dfcdf9acf87c92e7e3de93f5032706840a1d7ad2229d50c5f896e591a79f,1,c1,c5,c5,c5,0.11648239,0.38470843,0.49880913,0.2566124472528578,0.24474540616171547,0.49864214658542666,0.3128135150210764,0.3122990167039259,0.3748874682749978
16896,61557b60275d9c15b0c3bbbcf574afa32af48821246fd4a2d6e8640fac287675,1,c234,c5,c5,c5,0.25243944,0.30642766,0.44113284,0.13300608527541213,0.27368832499107926,0.5933055897335087,0.20822933744111827,0.3178429691421154,0.4739276934167663
16899,02fd4be73d471e57aa3701bf50a878f2f5c429fba9e0aa65dd17453f6a267f49,1,c5,c5,c5,c5,0.07612782,0.23057054,0.6933016,0.018922953643177726,0.11167265299533731,0.8694043933614849,0.07267536625176584,0.20717145702852685,0.7201531767197074
16922,08ca67ce3673cddbfea9acfac6dd25052317856dc9427fb03de476150f36523e,1,c234,c5,c5,c5,0.115747206,0.26689115,0.6173616,0.3558704582903637,0.27422498743207735,0.3699045542775589,0.2993776220258496,0.2869401193130019,0.4136822586611485
16930,af148ae0e5b48001f5edc96f86aa5fa81b667a917596de9dc2e8aea6007aaf67,1,c1,c1,c1,c1,0.6266737,0.20377457,0.16955163,0.5315988981692061,0.22383144057381624,0.24456966125697763,0.4418799508084883,0.23912910627971343,0.3189909429117982
16934,24932ccf8d686012523582be1b02d00bd5fa1c2c7db2837d477f7f5d6adb6311,1,c1,c5,c234,c234,0.23466876,0.3465022,0.418829,0.15016561189881844,0.6874526491294992,0.1623817389716824,0.16507314747971394,0.6000371525548883,0.23488969996539774
16935,09f24aab0761f6de5601d8111f31f76f1f3bfd9ed097d3a0b7a450f0a2ea18c0,1,c1,c5,c1,c1,0.13336417,0.35132658,0.5153092,0.5632325270786037,0.2414697317518113,0.195297741169585,0.3875091135693051,0.3111156842058386,0.30137520222485625
16942,4861c4b2ec419c03681fdb9c3ae9e91158b48b9cf8c257f83f9f9e3324292444,1,c234,c234,c234,c234,0.37302303,0.39092463,0.23605229,0.2876317257666075,0.6148978072598477,0.09747046697354488,0.37644750447359926,0.46905613697944776,0.15449635854695293
16949,4097c8770b2a41c6d7567da4da2ba8a30e9a8197578cbf0db5b74cabb2ca2727,1,c1,c5,c234,c1,0.26454785,0.23866028,0.49679187,0.3670217063961152,0.48212499583114465,0.15085329777274006,0.4043979149172723,0.3582135503119426,0.23738853477078525
16957,36573daace1103f00387b8c715ffaefa30a842382d5bbe311ed798efecb844d2,1,c234,c1,c1,c1,0.5029927,0.2560157,0.24099159,0.5599169205291453,0.2770840860382044,0.1629989934326504,0.5041799293325506,0.3018378244655521,0.19398224620189736
16970,0e1c68e651b409960fff2162d61045d7a9cff98429011c0bbdecfe196984260e,1,c5,c1,c1,c1,0.44154736,0.27172354,0.28672907,0.4016297143224331,0.27296455676139325,0.3254057289161736,0.3574942146778451,0.34016357551065596,0.3023422098114989
16971,f54fe0527416b046ff53e58df6c606732cb7f86a73788bb5684015d1088f0b33,1,c5,c5,c1,c1,0.14565721,0.40817142,0.44617137,0.7779766671410829,0.07585890942382503,0.14616442343509214,0.6276225805047303,0.152363538824483,0.22001388067078667
16975,41ac9c2eb66859c4eca342e7071bdbce7716773d4ce6b5b07b6d547d03b8df31,1,c5,c5,c5,c5,0.14277652,0.23175642,0.625467,0.13615695471633948,0.07964885730657766,0.7841941879770828,0.1544275535630431,0.1576848005471861,0.6878876458897708
16983,ece8f8c7f093a3fca1be2363a194ce0d43fa015f7e8abc5a308ffb4104f3780f,1,c5,c1,c1,c1,0.4170843,0.3349773,0.24793842,0.5049081634010134,0.1981758224821526,0.29691601411683394,0.4304101663954613,0.2767541072058237,0.2928357263987149
16991,58221b2c8ed18b11a3869d85f7986e27c896e54819e78a9cde000226973f1975,1,c234,c234,c234,c234,0.187798,0.40632698,0.40587503,0.1464840308959933,0.5143213635845657,0.3391946055194409,0.19799345288988904,0.4085078409251161,0.3934987061849949
16998,a389e1f41ca73bfae088853d5e61e8afe3027b35ac3c4e1b17a68d149fdaaade,1,c5,c5,c5,c5,0.21209382,0.18605553,0.6018507,0.25599965529460633,0.17277080895823183,0.5712295357471618,0.29202249474948827,0.21458890073256592,0.4933886045179457
17003,c4457b8f5e80a29a98d73195d2c087bd6a7a8aeb9aff3b9542c4365384c9debd,1,c1,c234,c5,c5,0.30691975,0.44051096,0.2525692,0.18435844730064424,0.3127115112684431,0.5029300414309127,0.2835394954024204,0.3422221112498673,0.3742383933477123
17013,98b2696423a3d417b41d4ce39c3d64aacc510a43115eef624268bcf08430bba1,1,c1,c5,c234,c5,0.16340116,0.4111746,0.42542425,0.19623366226609704,0.4125754512418269,0.3911908864920762,0.23665355138366093,0.36777026377007954,0.3955761848462595
17016,0b2984b75826dad43157841215d0536b3810d07fc7b4b8df9e23a6c9f470efed,1,c5,c5,c234,c5,0.2363171,0.37415567,0.38952717,0.19534907336844143,0.47558406782503815,0.32906685880652053,0.23826979230483003,0.37739052555298935,0.38433968214218067
17026,1911d4fd92df3087d06a80a4d4f84b347991ccd3dd541d4182d5d50660480b72,1,c234,c5,c5,c5,0.19242796,0.38375282,0.4238192,0.23077481109483539,0.34681689516620845,0.42240829373895616,0.2525632119287322,0.32999265861811244,0.41744412945315523
17045,716d5bd8f3340c4de34e88310389c48109ca6332cb8cbfc247533f5265aa08dc,1,c1,c5,c5,c5,0.098279834,0.1591718,0.7425484,0.08922858382778082,0.11837360898973552,0.7923978071824836,0.17029529824612408,0.2135589083401146,0.6161457934137613
17048,5d8fbe856f8951c09f69f81b25c488f750d02df5c6728e4c21fa8f630a629e12,1,c1,c234,c234,c234,0.21627198,0.42743868,0.35628936,0.330731886377937,0.4472517745226725,0.22201633909939048,0.26244911598014586,0.4115542923492494,0.3259965916706047
17049,5a01f1ef23f2f46ab83b3d009dc2c4149bf862ff71962a984a05747675cfa292,1,c5,c1,c1,c5,0.3980568,0.30242845,0.29951474,0.43038533148575475,0.16733196587397,0.4022827026402752,0.3657938091659428,0.24497251010338694,0.38923368073067016
17051,5c9d5c0b0bed6339106ec9f6125c04e24e9609e34ba4e3c3b64f521117a99702,1,c5,c5,c5,c5,0.11835476,0.2542696,0.6273756,0.17196435855403686,0.32018631341655845,0.5078493280294046,0.17784468836609038,0.33526415484038674,0.48689115679352285
17053,2ca85eeb3eddae830daa933038c9d77c46cabc4e357b02ad4ad625c7df3dccf9,1,c5,c1,c1,c234,0.50689393,0.3091862,0.18391994,0.3460086794757863,0.32437833982038067,0.3296129807038331,0.3071766136026304,0.3670455862301402,0.32577780016722935
17055,5f9d9d3954f6f60883fccc69a927414db23fb904282256d7606615d41d8849a9,1,c234,c234,c234,c234,0.36303252,0.3919257,0.24504186,0.26402845540489805,0.6545397542806104,0.08143179031449146,0.3136401867261573,0.537215171217623,0.14914464205621975
17060,37a80ebd931e1b623cd2c528987594cb48877555a506286280eef60d268c9c95,1,c5,c1,c1,c1,0.37903175,0.2971963,0.32377198,0.4070652297855086,0.2752670982376157,0.31766767197687573,0.4046988783477982,0.29806811274228356,0.29723300890991833
17063,3b369687ca78c1e9ff0d27d1a05f08d974a441b14f0e30f5baa41c164ace2cff,1,c234,c5,c5,c5,0.1073421,0.38095763,0.5117002,0.1894726569289642,0.2975963866434328,0.512930956427603,0.2354471628978214,0.3443150779043237,0.4202377591978549
17067,4e5656d4617da913e1756535db7839b67eba1f6ae065f93c336505224199813c,1,c5,c5,c5,c5,0.092446946,0.33630198,0.5712511,0.10888219426292378,0.252535449433354,0.6385823563037223,0.15522030126880754,0.25204222094652784,0.5927374777846647
17084,60180e99523cd4c214d6c2f13503f580770a9729ab36622a8e3664cded3e352f,1,c234,c234,c5,c234,0.2515697,0.38335976,0.36507046,0.314703697621667,0.325734837372237,0.35956146500609587,0.2542391276630792,0.39376782273528227,0.3519930496016385
17106,cf56880baaefaad0720e0d8437e9a6655d146457cf92efde996a9f4a6e0732f8,1,c234,c234,c1,c234,0.2480713,0.44019404,0.31173465,0.5046399267163157,0.336445694280768,0.1589143790029164,0.3297950692662811,0.4168633635251415,0.2533415672085774
17130,6ad6d3246f3c9b615d14311d3153bc43761a07db94ef1c6eb0a6fd331d1572c3,1,c234,c1,c1,c1,0.61105007,0.26225683,0.12669314,0.5125129574493419,0.21664478699978756,0.27084225555087044,0.4507939504662621,0.2822813819288483,0.2669246676048897
17134,6a44e407dd3d58c509a29913583bb2577906f03e2bc7d96a338b6b3d67e61f21,1,c234,c5,c5,c5,0.16529825,0.32773522,0.5069666,0.09586729639641643,0.1468421880570306,0.7572905155465529,0.16276198835984784,0.22718524954297378,0.6100527620971784
17142,5f4849b20085cf174a1363d7296f74da66d211e5f6aec8c4f94a37e30d9483e3,1,c5,c5,c234,c5,0.14102556,0.22593538,0.63303906,0.20216781379446394,0.4051797517426562,0.3926524344628798,0.21084065530965096,0.30005763789553325,0.4891017067948158
17156,21f5c3646d936b388e189eda3bf10899d8c591d5c01ceccc15c0c68cfc39f0bd,1,c5,c5,c234,c5,0.16657135,0.345267,0.48816165,0.08553570713536737,0.4678025298078862,0.44666176305674643,0.16447631053241166,0.41301200521472053,0.4225116842528679
17158,a4d6fac4231b23970b83febd24743a3aeb2035def8f59667a0fa4414b5e25fe2,1,c5,c234,c1,c1,0.33087644,0.40819842,0.26092517,0.4440541277546519,0.39953486372023583,0.1564110085251121,0.40004844270275475,0.39124986155720975,0.20870169574003547
17169,47afcc7b237cbcbd7608aecc759748aba9f4184130dbdd25fca855600b635f01,1,c234,c234,c234,c234,0.20859356,0.41703424,0.37437218,0.22475608113169357,0.41269460403861413,0.36254931482969227,0.23430397039594425,0.4084187802450886,0.3572772493589672
17176,4063134d776bb6e97add1ff1185a91fbd17518306d959494d3efd53b69b22f05,1,c234,c1,c1,c1,0.4968005,0.3672992,0.13590024,0.3478143851220197,0.3250812524878008,0.3271043623901795,0.4265448952140219,0.27835982182384705,0.29509528296213106
17210,b19379a9f1de07f97156ecdf8e20b22f0bc1d21ec9ef11077e0e4ffad6a12101,1,c234,c5,c5,c5,0.06384245,0.293094,0.64306355,0.11756696079189942,0.34677526789636676,0.5356577713117339,0.1631549623723444,0.32116151153431816,0.5156835260933375
17217,462fb812b13cca54a2cf0caab23df160ae8657092d144e67f79877b7ca0f2f55,1,c5,c5,c5,c5,0.20208089,0.3744039,0.42351526,0.3448327290940039,0.21526145633998595,0.4399058145660102,0.2977914767762783,0.30579581342200174,0.3964127098017199
17219,93bac267e21d35b93607ffe4a0627836e19e639462c755bf379d4c76357fd57a,1,c5,c1,c5,c5,0.63036305,0.2713075,0.09832942,0.29748010938220837,0.14935976812071203,0.5531601224970797,0.29086939006156803,0.2878807639634985,0.4212498459749335
17231,31f81f0eb563bd89449f9c585e8637d92793cea78a6fc1a1c33ee0b3592ca295,1,c5,c5,c5,c5,0.22447772,0.2935945,0.48192775,0.23768661552302253,0.1595623481721455,0.602751036304832,0.26732876343027856,0.23664990930535076,0.49602132726437054
17235,52b5294b551ec347ccc60b63e38b0aa805b8e0e5885899cb0790ffe29f7d2baf,1,c5,c5,c234,c234,0.33034453,0.316431,0.35322452,0.18652991970387742,0.5030472771872374,0.31042280310888515,0.23319081606261607,0.3965235699937332,0.3702856139436508
17237,3006e0d7752b20d80d32b9d6ff8bec3e3e6f9335b77b59fb8149661ed3b36a5a,1,c5,c234,c1,c1,0.31664768,0.40222332,0.28112897,0.5267180648718013,0.21021221925426553,0.2630697158739331,0.44333514418271636,0.27332258185991104,0.28334227395737255
17240,9e443ee5031effc820ecde9ffb438e927e14dca7a43a39eb3ab33b91753f1d74,1,c1,c234,c234,c234,0.21408951,0.42983973,0.3560707,0.21978970890037708,0.4579881590993154,0.3222221320003075,0.2255300628532043,0.3963960549549126,0.37807388219188304
17243,2c95f406d337e328e8e1ba3f911336d4cfd416e8cd9150272796441f862e1736,1,c234,c1,c1,c5,0.3398912,0.32772595,0.33238286,0.3726659793340653,0.30262626535207265,0.3247077553138621,0.32614983239072615,0.3132971265193374,0.36055304108993647
17244,e3cefbb790ac7fc50d081893cc3f7d3913470b6e520f75364392980495cdaca7,1,c234,c1,c1,c1,0.45157185,0.3653519,0.18307626,0.4509640514697461,0.3966140581780542,0.15242189035219972,0.4363420304962771,0.3348727642992794,0.22878520520444343
17251,ddce6aaeee2cec021852f031842bc28c0e2d93a40791c49f219c879b20c14eda,1,c5,c5,c234,c234,0.17724209,0.34157142,0.4811865,0.17483172775095485,0.5383849178689915,0.28678335438005365,0.20837614743582383,0.4332133744780323,0.3584104780861438
17257,ee9dbe384aee5723628a3a6735e737e4e7516025c1eb0852215434f6cf509bea,1,c5,c234,c5,c5,0.33446616,0.44478086,0.22075301,0.3063154274120745,0.29082891674290395,0.4028556558450216,0.25638963410975163,0.36456952618312716,0.3790408397071212
17260,f9d1513d7a9ca375d96bfb6ac0787a82dfc5f9031c2360c84fcd0b24279f4a63,1,c5,c234,c234,c234,0.31828427,0.3651482,0.3165675,0.2801873003293824,0.4038206099849439,0.3159920896856738,0.2694681625971486,0.4232880667220113,0.30724377068084013
17263,d2496ec150b61b8d5649bf60a96134467903ee5aa1ff99a05d8688915d7dd36e,1,c5,c5,c5,c234,0.18597281,0.39773527,0.41629198,0.17157930080547992,0.4101515679874875,0.4182691312070325,0.18248604069647892,0.42315250416779193,0.39436145513572923
17264,47ecdd3ef8c692c2b80a798ec995fa34c86d5e5700dd562701e96574edb84712,1,c5,c1,c234,c1,0.72997695,0.18746482,0.08255828,0.33294457485861667,0.3556981671896557,0.31135725795172764,0.48261886833602097,0.2190598046087361,0.29832132705524306
17268,42e4665b39fb8535f630ba5cdbeea916e1e94cd44c2f8e82293ae99173528afb,1,c5,c1,c234,c234,0.6736725,0.24779125,0.07853631,0.3543852430220124,0.3983410093889327,0.24727374758905507,0.37178208047078476,0.3755585603575963,0.2526593591716189
17279,49cab04eb1a8e2ab891981101211e0e2a8502a71bc3a633f6a64c3288bd2a127,1,c5,c5,c1,c1,0.12451555,0.24943739,0.626047,0.4465933429243845,0.3023145560282681,0.25109210104734736,0.36657879968294205,0.3139523278161402,0.31946887250091766
17281,e0f164c9f6f7f9f8817474cc4d6802753a09d6e3fd662d79254262aa1bbf1fd9,1,c234,c1,c1,c1,0.5861095,0.3149329,0.098957546,0.42316623989562907,0.3925864833506465,0.18424727675372463,0.48488454410495,0.3723195826225022,0.14279587327254767
17291,06304e0817fe5d0cb4f079c01913e61d73a1b045a65c7af00c343886c51d6f51,1,c1,c1,c1,c1,0.5241253,0.3318021,0.14407265,0.6341920168333794,0.2762148184740012,0.08959316469261928,0.5337396916237473,0.29929745260199997,0.16696285577425274
17292,5796f0949163afb2d983a94c40cd0a28d0b2852c4ea96654233e3a22b45a7bde,1,c1,c1,c1,c1,0.7309506,0.17386948,0.09517995,0.8416739960315217,0.1016794197884637,0.056646584180014496,0.7259457747802133,0.16599456516853223,0.10805966005125456
17293,f87b5a6ebd5dce6e6ad6d1ee4539a61a086b4d4d89ab0fe6e60c70ec6c95b770,1,c5,c5,c1,c1,0.10570734,0.35820106,0.5360916,0.4935553034803397,0.35594151489402137,0.15050318162563886,0.41669031295425646,0.39051812031581323,0.19279156672993017
17300,da1199bd8e3c55dc9659689acbe7e117537a98b063b1e7120deb9151906852e9,1,c234,c1,c1,c1,0.6919981,0.24682225,0.06117964,0.4907130102112905,0.42775552268419376,0.08153146710451575,0.4465446568425861,0.43308867735591505,0.12036666580149878
17301,59e483e46897360089af7afccdc35bb12e5b27c4e0ceed130d58d20e8f7ad09f,1,c1,c1,c1,c1,0.4390608,0.37014347,0.19079572,0.48716024864363844,0.17950892473121074,0.33333082662515084,0.42070264162153354,0.23422642006604144,0.34507093831242514
17302,2096ad54764c5c234468bf41602f0a814c7764a1ee13c6e3104a6e9e80f97929,1,c5,c234,c234,c234,0.32337165,0.4249939,0.25163448,0.20062301375313024,0.4500732113025497,0.3493037749443201,0.20261444678536975,0.5092650101953529,0.2881205430192773
17305,82c33b39cb77cd344f759b5febf077933836450837fc7b560d2c14a9099e83a0,1,c5,c5,c5,c5,0.11784442,0.3529093,0.52924633,0.06361277201086475,0.41505379170175816,0.521333436287377,0.09845399967937282,0.33175761826993333,0.5697883820506938
17309,27443c664fd013b38d6b3bfcd1c769a91907a450c60f5768a3d96c55193e5927,1,c234,c5,c5,c5,0.20994519,0.31058204,0.47947276,0.20788536611523858,0.24719717483667047,0.544917459048091,0.25451935404824205,0.24874628960483935,0.4967343563469186
17319,a0d4b7842111b5f3a8c59fd80b500daf5faea583096ea93e4e39e2e9573b2212,1,c5,c234,c234,c234,0.20718473,0.40773976,0.38507545,0.08651864485820651,0.4819844853169894,0.4314968698248042,0.15787488368755323,0.45158847750954517,0.39053663880290157
17329,138df72ce3572cbb4feeab872e88fb8b8db457fef4906f8835fc1089464d7d98,1,c234,c5,c234,c234,0.08448837,0.27976418,0.63574743,0.1413797297555862,0.6437804407873626,0.21483982945705102,0.1567629893778856,0.5776231258332655,0.2656138847888489
17333,cea9a66bc530906837156b8bf7f79cfd66a8cd0fa291cfa055f2254b33b99b69,1,c234,c5,c1,c1,0.22716907,0.38080555,0.39202535,0.35712130410724185,0.32035351650809063,0.32252517938466757,0.36012840895449416,0.3432909044046775,0.29658068664082826
17336,a1852a8a5f213ba8c49f9734402d5d3fb312f4c2b525c231c5afadacd9188807,1,c5,c5,c234,c234,0.10712525,0.42913088,0.46374393,0.09622355638989845,0.5874080367911755,0.3163684068189261,0.12663223095957712,0.46188861487802246,0.4114791541624004
17353,71885c8dbaa8884a5721eae3b22d60f0a08c4cc89496b44ba9bccac91bf43de2,1,c1,c234,c5,c234,0.32320017,0.34967577,0.32712406,0.178050524710809,0.38108199694095474,0.44086747834823614,0.19736749395925857,0.4160317909781183,0.38660071506262317
17356,6010f391e30c8038748c630905c6a6ebc43e877e01b955e543f283d8f92c2d73,1,c234,c5,c5,c5,0.14183962,0.3695675,0.48859286,0.17710417175050347,0.3157338932368712,0.5071619350126253,0.21945811160922968,0.35444814115857415,0.4260937472321962
17370,7a57f79332ec5d375efd5741d7b024236ccce81f805ea0b7083e329ed649483b,1,c1,c1,c1,c1,0.5602029,0.30830997,0.13148707,0.5545405519196523,0.3273705496858006,0.1180888983945471,0.5173697641744381,0.32844079809217197,0.15418943773338992
17373,77e057a3a0f361abf4d819a0143c13606e7e129647236704cb62b4f4ef95d72c,1,c5,c1,c234,c234,0.36416855,0.33510724,0.30072424,0.24844133293977885,0.44949210091034475,0.30206656614987637,0.29987257037869985,0.4237465790844853,0.2763808505368149
17374,fcd8b799260a052dab7583b1d01107849c513db59bdbace93dc7b9f000b6d3fa,1,c234,c1,c1,c1,0.530982,0.31871095,0.15030704,0.6217962903603711,0.23673179820304596,0.14147191143658291,0.48893443921032165,0.2822596070931422,0.22880595369653622
17376,e4cd4bf16cd838b12f32be04d226d3690ceda1d4bf2b23952c2036efb8603803,1,c5,c5,c5,c5,0.07126388,0.21145673,0.7172794,0.06700906577729633,0.16350495908695348,0.7694859751357502,0.1103742830951849,0.21134121883497664,0.6782844980698385
17379,109d25df13cc6652f29ea2a2a191bc2f54c160e458e5baeda09aa09e5fa33419,1,c5,c5,c5,c5,0.15198326,0.27835602,0.56966066,0.11814527344065098,0.1473952423254888,0.7344594842338601,0.20119128261670075,0.26631248847445244,0.532496228908847
17387,5c0ca9588286d79f8d1608aa6d852159f9cba5748ff6ecee9df96c2b41d947c0,1,c5,c1,c1,c1,0.41727495,0.33753797,0.24518707,0.4268920773549037,0.20293871157884866,0.3701692110662476,0.3690325346089651,0.2884783701610575,0.34248909522997745
17403,6dbcaaff961093779b22c9776ca359d58dea42cd878ace46ad17ca399e3f09b5,1,c1,c1,c1,c1,0.38113412,0.3502009,0.26866505,0.40515004885995026,0.36100474280174877,0.233845208338301,0.3485134746638651,0.33056719634557613,0.32091932899055864
17410,b475d13dfcecab9d22a578e7e39abf4b9d15214fe812dc1b51947beeaca8f7e3,1,c234,c5,c5,c5,0.113788106,0.42559686,0.460615,0.11685652067232523,0.36050967633421527,0.5226338029934595,0.1642956774586788,0.3764957411107803,0.459208581430541
17412,14b0ecc30a702ed7c7fd59233e8c729fe101a23ace2e2d1de042635ade1be3be,1,c234,c234,c5,c5,0.20720334,0.517314,0.27548265,0.16284724697703612,0.27456151476560786,0.562591238257356,0.19655095105955298,0.37446049964249223,0.4289885492979548
17437,a73c17a8f318f3a79edcd8f214bae98adee26f763297983bb39e252c4a866119,1,c1,c234,c1,c234,0.2443321,0.4089186,0.34674934,0.39114703614836177,0.3650567803100153,0.24379618354162294,0.3482374077228042,0.36669009921770757,0.2850724930594882
17440,27a1220e9440477008162c4729c5ab24e7edcc86740f674aba6b60a37cb7bf96,1,c234,c5,c5,c5,0.22412623,0.35180736,0.42406636,0.19407628175849057,0.30643802151253907,0.49948569672897036,0.29777174077120244,0.2866289308341554,0.4155993283946421
17442,391f81322f5d83dab3a3d04d21d3baf934b63ca3839854a1ad3f1a14ea0c3b24,1,c234,c5,c5,c5,0.10416519,0.33285594,0.5629788,0.09769320252343056,0.3743512274485492,0.5279555700280202,0.1274255786863768,0.31285277185839666,0.5597216494552266
17448,d6d718a7699bdca88d387315dd0a248c5ddd13bdd3e094e079e7378f83dec11b,1,c234,c234,c1,c1,0.29067087,0.36922607,0.34010303,0.3657846964444649,0.3406893922165675,0.29352591133896766,0.430635247689986,0.3415056217360875,0.22785913057392643
17461,0baa2a4cb3d9d2aef20ecc272120aaf0cd8163a35d661db5eb0df1537c1d57f7,1,c234,c234,c1,c1,0.32063222,0.34447113,0.33489665,0.5228549837346828,0.26026708078327954,0.2168779354820378,0.3653962785733131,0.3350057537321549,0.29959796769453195
17468,52a51c8f2712921df5c0153fa6dd0d5439583b3dece24e0f5ad5ca96180d70ee,1,c234,c5,c5,c5,0.14508575,0.4116513,0.44326288,0.10654967594917057,0.294218694769106,0.5992316292817234,0.15443775376440486,0.31698672509573306,0.5285755211398622
17480,18b03d0159cb814d93d44d8d1d61b690661afc925e2e2a04318c00f6446a36d0,1,c5,c5,c234,c5,0.12265035,0.38285762,0.49449202,0.09359923562921421,0.5939651782907968,0.31243558607998895,0.12155023023033322,0.39197453535790805,0.4864752344117588
17488,01266a1d0ebb8815d3c301b80e893696d8556c128da4dd51d7cbaa3051c09257,1,c5,c5,c5,c5,0.08341893,0.21647297,0.70010805,0.1911727464941025,0.27716096545444524,0.5316662880514522,0.19695821810921232,0.25129530577509945,0.5517464761156882
17489,b678a2e730c8c0f7435f98c2984cfbd29cd3abf3dec3769a45fdf81c6bb9fe46,1,c1,c5,c1,c1,0.13265163,0.27363372,0.5937147,0.610848533441741,0.1275625568116509,0.26158890974660814,0.48840887734190513,0.15421157535595215,0.3573795473021428
17491,d7e631bea558947f6a1e6aae172e62f2b394a8150dab40e79df0401675257fb7,1,c1,c5,c234,c5,0.11507321,0.25549933,0.6294275,0.3132315993272695,0.4192297018251856,0.267538698847545,0.26293865338664807,0.317642045414479,0.4194193011988729
17502,5197ad771c35976aa2e7d75f055301012e121d71ca3c22248b2a4cac5cca11c1,1,c5,c5,c5,c5,0.18051636,0.34009552,0.4793881,0.3642831530249378,0.23353195295994778,0.4021848940151143,0.2915699556118122,0.2593990713696599,0.44903097301852785
17517,ccb8738c36265a498ece092603400322d75f1e4ec5db41152b4828ae081b9344,1,c5,c5,c5,c5,0.13724196,0.40623203,0.45652607,0.2517422934643726,0.3353105027286456,0.4129472038069818,0.19735880790418317,0.3977676722071485,0.40487351988866843
17520,a40474c73602069a643c563615a63d0c4024bd1ab3debb0366a16c51d6ff906f,1,c234,c5,c234,c234,0.14573646,0.30680844,0.54745513,0.3133614956449392,0.39815847263875115,0.2884800317163097,0.24091165180945814,0.38288969723029564,0.37619865096024624
17521,9d00764080d4450842177c01c905f100a4604457c79611e78aba1821f2310ca2,1,c234,c234,c234,c234,0.25594345,0.42319283,0.32086372,0.1930440208959736,0.4814409350330342,0.32551504407099224,0.2300685732733108,0.4158393537448795,0.3540920729818096
17522,b5e60925253733b1b7ad275265b8e0d2f3264961bb6cb76e3dbdbb6be2face9c,1,c5,c5,c5,c5,0.06940411,0.141414,0.7891819,0.04468221392704908,0.06522551094143775,0.8900922751315132,0.1061325693198213,0.1409439929435699,0.7529234377366087
17536,a0ce12b666bd9542729b2db22c59a6e51df128a0a472815d63120475db581b45,1,c1,c5,c5,c234,0.13955303,0.21913308,0.64131385,0.26772692473180115,0.35846777599029767,0.3738052992779012,0.28303325698311466,0.3745372631248628,0.3424294798920226
17545,6239ecd2b28bbb5e0e8d26cb66f92bb8fcd0b01c0cc4cc5557c0ef37d1a68368,1,c234,c234,c1,c1,0.32020006,0.43590367,0.24389628,0.5251752673011166,0.327390160352584,0.14743457234629936,0.4597579486651294,0.36201338703881336,0.17822866429605724
17546,5e5288bbc02c2640cbce405eb02fb9bb76b5a8be50e8202efeaa8e5651beec56,1,c1,c234,c1,c1,0.27874276,0.3996135,0.32164377,0.5163590687734435,0.2566780794925774,0.22696285173397904,0.3569155904722596,0.3226980909582215,0.3203863185695188
17548,defb72088377b3f1b461c733ed7df1a0b2e7e1ab5cf935c97c5e1dd878f0cdaa,1,c5,c5,c5,c5,0.14086662,0.32772836,0.531405,0.2862738320519177,0.23981769322763996,0.47390847472044223,0.2867269099042898,0.2703416853945535,0.4429314047011567
17553,580699026002d89399380693b4b0b5551d69e3eb894bb2ce52a7d57d1e1b35df,1,c5,c1,c5,c5,0.46884498,0.19167545,0.33947957,0.19865343844455988,0.36132561457783724,0.44002094697760297,0.20654308542615726,0.3131102872831018,0.4803466272907409
17554,73fa56603dbd7af095e7f76338209b9897fc38acecb8968d786c51ebbc21dc4b,1,c5,c5,c234,c234,0.14217514,0.38130313,0.47652176,0.255369992861864,0.4937720330170716,0.25085797412106436,0.25106986442532914,0.3974035687662754,0.3515265668083955
17567,36c4e523a2798f97dfe67faa50429c7fd7f1f398825dd3e541aaeafdf930d71d,1,c1,c1,c1,c1,0.6301197,0.2660357,0.10384462,0.5365434079418457,0.2754095958485676,0.1880469962095868,0.5365617627488352,0.2979265060026717,0.16551173124849305
17569,05029e7136f887fbc0f2eb81ae23c343c0859ca48bd77442109e2cadeb2a89b2,1,c1,c1,c1,c1,0.62116385,0.22504543,0.1537907,0.5732185796599825,0.13761048983185722,0.2891709305081603,0.484885368218661,0.20856322697991023,0.3065514048014287
17575,4e46b59a3aa3c554fefe73af837a3b61fbbed05d85f9321d896020a1c341ca5c,1,c5,c1,c5,c234,0.49487847,0.31561103,0.18951038,0.195316097887554,0.30447543208808364,0.5002084700243624,0.3040520955240368,0.3989682797539468,0.29697962472201644
17587,de86c9a96afe2c558b46ecc88ce70ba529c9ab2443396db68255db2db339e5f1,1,c1,c1,c234,c234,0.37984565,0.37468973,0.24546464,0.20689753969590519,0.640710935175812,0.1523915251282828,0.288184209554447,0.53932305117732,0.17249273926823294
17591,a77ea9e258dc0bf7e1d0e81c1eec0ac3179bd15b651eba59170be9210d04f9f8,1,c1,c1,c1,c1,0.49446198,0.38215083,0.123387195,0.46721975716336456,0.3216154647219127,0.21116477811472276,0.40879143913824806,0.37939304557163245,0.21181551529011958
17592,6a8dd9fa8c70cc92a65b6146ef78f4809c66fb81d91623d09b55226304c50c8c,1,c234,c1,c1,c1,0.4003411,0.37688407,0.22277479,0.49148452452714975,0.3198046983482179,0.18871077712463222,0.4953188072365412,0.3525237423231835,0.1521574504402753
17594,a96e52cda4d7bb06796ef08ad943a6ec604773d425778495da290157e9752b5e,1,c5,c1,c1,c1,0.49507737,0.35335386,0.15156871,0.7074340335215242,0.21697183808797021,0.0755941283905055,0.4869326310040603,0.35366376900230617,0.15940359999363354
17605,aa3c282718010eaf5dd6735c7f77a780b28b0ccdf56cf1d33d0bb7ac86682160,1,c234,c1,c1,c1,0.39830017,0.345897,0.25580284,0.6060338396724477,0.15491336073107226,0.23905279959648007,0.4853705968016246,0.21509814329723603,0.29953125990113943
17607,53f0f708e5fff41dbfe4e4c612231f319aa5520ca556bce554d894f9967568d1,1,c234,c5,c5,c5,0.24969749,0.329082,0.4212205,0.209518403164784,0.3568751287015406,0.43360646813367554,0.2817235544754643,0.357970407368447,0.3603060381560887
17627,5a96b5635c83e8a7b999791a230bf6fad1049111c6c8a3a754f6c81861bb1086,1,c5,c5,c5,c5,0.22768724,0.22193588,0.5503769,0.25312679356927664,0.15090770740097753,0.5959654990297458,0.26704765802091474,0.2859694587703036,0.4469828832087816
17629,5c566081e4864227dcca169f7b61b4d6faedc3604a85de7ee6412eb5fd8fb5cb,1,c5,c5,c1,c5,0.3534787,0.27755365,0.36896765,0.5113964281611435,0.302502917106,0.18610065473285645,0.26612930718138506,0.28970100176886215,0.4441696910497528
17635,fb6da615c771d2a8604b8b12648852b6138e38e31ba0a61a73125d4edca8212c,1,c5,c5,c234,c234,0.11698508,0.37412164,0.50889325,0.20349719145745998,0.5161382329464546,0.2803645755960853,0.24336036386025828,0.4513039263138145,0.3053357098259273
17643,ab4876456efc7842f186171e84c15bbc169a3ee1ed0777585c5e53d5c79f77ba,1,c5,c1,c234,c234,0.44897386,0.35387766,0.19714856,0.4220989881377252,0.4246846483144041,0.15321636354787058,0.3790684722872624,0.41710718231088156,0.20382434540185598
17653,efd7dd5a7b614e0e874e0e8a7799161c7d93e7ff5e9b4f469250e1d111c0b2fb,1,c5,c5,c5,c5,0.2694191,0.35643196,0.3741489,0.28872652971512736,0.272312749056438,0.43896072122843477,0.3063527357995143,0.311124248747039,0.38252301545344675
17666,c71d67957c743e79cfb458ec983563f2cbf224befac21cafd3c6d8d5ce533649,1,c1,c234,c234,c5,0.31496465,0.3779314,0.30710402,0.1427487084264812,0.44029467295940455,0.41695661861411437,0.19942289861052717,0.365048175516616,0.43552892587285685
17667,4d0549991917388abb6c82f3e3aa0b5b6e74bdfbffd2a913f4c31e542d2ce7af,1,c234,c5,c5,c5,0.30067188,0.26974398,0.4295841,0.1910575776152317,0.21555304988558405,0.5933893724991842,0.23992202449946784,0.29419214407368416,0.4658858314268481
17672,28071a7dfd741a6f5f75ea95417a7389f0ed9452b53b8367de8e05f2bf82e9fc,1,c234,c1,c1,c1,0.35510814,0.32340375,0.32148814,0.5462625399020608,0.19247337001130047,0.26126409008663876,0.516487341836979,0.28644019830281714,0.19707245986020389
17686,db5dae57a52f9180dcfa0c6b1675f38d0aaff4058e9672de344c0719ac69519d,1,c234,c5,c5,c5,0.29280767,0.27307373,0.43411863,0.1915444307540606,0.2060436961649968,0.6024118730809426,0.2104034365061022,0.25236967042394964,0.5372268930699482
17694,18a27c470420a61ecb73372f7807a575de5ca9ac00901611e87e072f4196d431,1,c234,c1,c1,c1,0.37473464,0.37454304,0.25072235,0.6726592357708437,0.12169713317260547,0.20564363105655065,0.4697893766237455,0.20656059567325985,0.3236500277029947
17703,1d3956d3270b056148cb0149b65f163511af81c76538500b2a65d65afcc4fa8f,1,c234,c234,c1,c1,0.28383973,0.4261533,0.29000697,0.6035094922621556,0.168097270826627,0.22839323691121738,0.388462716452674,0.3256597757342671,0.28587750781305893
17705,38deb362563963d78620441a26f5df3ba9c6a05a3bc9328ef3bbb9c615d40f77,1,c5,c1,c234,c234,0.37731248,0.36406845,0.2586191,0.2371158512240369,0.5131251594559774,0.24975898931998577,0.22473486811684118,0.4932518721205999,0.28201325976255887
17707,57d06533d98b2102570a6670fd2d7b22942d55acb5d7920b884b6e4e32234aed,1,c1,c1,c1,c1,0.8377807,0.10211739,0.060101923,0.9355874499583862,0.03846652964743996,0.025946020394173853,0.8344857089248597,0.09711059617191208,0.06840369490322816
17719,001e345bdfdb26b52e2442771335f9efc1ee628903f042f68676d67199d1d1d9,1,c234,c5,c5,c5,0.20183147,0.37571582,0.42245266,0.13219783002688812,0.2262412547890308,0.6415609151840811,0.1566531281452982,0.2748064730657226,0.5685403987889792
17722,aecb067018db86489dddfd5dc51494b6dddcad079eb4c0ebc23f7a91aaffdc80,1,c5,c5,c1,c1,0.31919608,0.31119907,0.36960483,0.4812076721189152,0.06750286133235113,0.45128946654873375,0.4392709690343269,0.16027550256669573,0.4004535283989774
17728,b485035047dbc3fa7f4b8c103ad134b1ebe262809d3ef294ca4dda66c2835f4f,1,c234,c234,c1,c1,0.3617647,0.40726626,0.23096909,0.6000810628646738,0.23071758887463906,0.16920134826068714,0.4863781769519525,0.268380562936402,0.24524126011164538
17744,a9c6a37070175fa5474a99c538b15196ca904e949371ef83fcda74dddd7e1481,1,c5,c1,c234,c234,0.49938735,0.33347863,0.167134,0.38571466383446346,0.5668017877803729,0.04748354838516361,0.4451330681374957,0.47404543207742184,0.08082149978508259
17747,8c7b8dd83e2acd8268e7b99f2c0411065a0ed73df012c68fbedcc2003026e598,1,c5,c234,c5,c5,0.20194212,0.50466955,0.2933883,0.36082252943679954,0.22829099580779277,0.4108864747554077,0.23000783049106271,0.3356164850241834,0.4343756844847539
17752,56723fadee244e8f006dbc0e1bc037113392b95cf257cdd878f7788ff0ef97a4,1,c1,c234,c1,c1,0.29033569,0.3702412,0.33942315,0.34968855771647406,0.34613050316429367,0.3041809391192324,0.3671194023227424,0.3180174991323406,0.314863098544917
17764,9b4d3ac890499c0a66553d62ae3c7c7aedddaa60352ada2021b8f7bd0258b8c7,1,c1,c234,c234,c234,0.36982232,0.43627915,0.19389845,0.3517736884724461,0.48626525717696334,0.16196105435059052,0.3424440775688635,0.4522766275096103,0.20527929492152627
17765,2eb33b072ca64e13e8c27648601835898626768b0986ea5a74b7214ede7f2b96,1,c1,c5,c1,c5,0.32111222,0.26737034,0.4115175,0.5184326931773148,0.32888327980458065,0.15268402701810468,0.25364572238935346,0.35485611366409076,0.39149816394655573
17802,688fb95981873892bebe761efc3395c1ebb7493992a7cfa3cc734150425e1323,1,c234,c1,c5,c5,0.40822977,0.28854525,0.30322498,0.24964957503610746,0.3606540388948135,0.389696386069079,0.31900238344432985,0.28380934707768424,0.3971882694779859
17816,23c7d38c8ecc21316a79cb65d575b20ae759357bcf0bdcb47be9c3454050dd9d,1,c5,c234,c234,c234,0.2573016,0.4166184,0.32607996,0.16282735799000486,0.6538397255596762,0.18333291645031913,0.24260169421649713,0.4975537961521157,0.25984450963138717
17821,915b68066ba84971d3e66461f0840b5e700a3c30b0875134d83a3ba242670f29,1,c234,c234,c1,c1,0.27633134,0.41807443,0.30559424,0.45178850665171394,0.3441008686993571,0.20411062464892912,0.3516678143774051,0.342824775453423,0.3055074101691719
17832,5d1f94d59b5be2c18061864a127898f1148339f16bf17ae8e00c98c9d3fdee66,1,c234,c5,c5,c5,0.16688402,0.34819344,0.48492247,0.15143471992036267,0.2650509191067732,0.583514360972864,0.22836837282089956,0.3500745109766512,0.4215571162024492
17834,47f2135d4e2a73abdd70843ecb308721e97b729ceb6fa618bf96f881178e6673,1,c1,c1,c234,c1,0.51803505,0.330606,0.15135887,0.31069415502653114,0.46690155700855085,0.2224042879649179,0.40870230356002984,0.34197440939240475,0.24932328704756548
17837,7c6f84197362b65cc4d5aacfd1e27d9d6dbbc3528ba64664e6e18b72ebd76366,1,c1,c1,c1,c5,0.56169,0.22404896,0.21426111,0.49792480252604293,0.1561053832249536,0.3459698142490034,0.37240268451942504,0.21538366190178806,0.4122136535787869
17860,f34c86a81d0e43384e43ed957c5a672a854e1a7b0e9d2ed3984810e56371591d,1,c1,c234,c234,c234,0.3232051,0.43583605,0.24095877,0.3381345238881917,0.41758297047176857,0.24428250564003964,0.3314835096001568,0.3775075754823281,0.291008914917515
17864,356ff12d242d678dd99647eefecda45abe4fbfd48913ed1bbb0d7be48a51ad7a,1,c1,c234,c234,c234,0.2633341,0.43166676,0.3049991,0.24651702673247633,0.463241573463885,0.2902413998036387,0.2669914362555639,0.4340139868648397,0.2989945768795964
17873,15c8ae2e662546122cae25c3515838248326fa07199ff0787376ea305aa547df,1,c1,c1,c1,c1,0.3884165,0.3171677,0.29441574,0.7244163514312559,0.10155620069973241,0.17402744786901175,0.6867758497936555,0.16391307461635907,0.14931107558998555
17882,194a36568f0b18ef92144131b55890cabbf4585cd2abeafe74a2877d5137e102,1,c5,c1,c234,c1,0.5315489,0.32827646,0.14017467,0.40038605049488546,0.40902785574823636,0.19058609375687818,0.37102660077882743,0.3538961146922843,0.27507728452888824
17885,4a0cde0770804f9f95e7d8a77332759870d3c84f914e4dba4ff7e2c9968be0bf,1,c5,c5,c5,c5,0.26385754,0.32069018,0.41545233,0.1742904264048258,0.2419094804492944,0.5838000931458798,0.22920283397931016,0.2706118766355738,0.5001852893851161
17889,112eb74fe753cdf0409bdae7e1458ea174fc87d6e800ea78e4f666b98cf081ac,1,c5,c234,c234,c234,0.21364267,0.44625828,0.34009907,0.22900395907263693,0.6520044862349123,0.11899155469245092,0.3095007729807133,0.4954742148007481,0.19502501221853846
17897,37a80ebd931e1b623cd2c528987594cb48877555a506286280eef60d268c9c95,1,c234,c1,c1,c1,0.37903184,0.2971963,0.32377192,0.4070652297855086,0.2752670982376157,0.31766767197687573,0.4046988783477982,0.29806811274228356,0.29723300890991833
17900,8ce6b5525fc19ed17ca4845cbca28684a4eabb6b7bb0aa38a0b5d04944f61a31,1,c1,c1,c234,c234,0.5317549,0.2923969,0.17584814,0.27191281919506755,0.6017099165340114,0.12637726427092108,0.2558933821348488,0.4744186953158858,0.2696879225492653
17904,57af2f99da397e3cbb6497bcdc95615e49d61056c2423d7bce0b5581b129933c,1,c234,c5,c5,c5,0.297362,0.34467587,0.35796207,0.22645760889993824,0.3496407326934369,0.4239016584066249,0.22828456154686286,0.2942565374657952,0.4774589009873419
17905,0886d453701dd9ca22963bf6c98b2c7ebeb86e122f476f98676540dde7be22d7,1,c5,c1,c1,c1,0.8025025,0.16701795,0.03047945,0.5613169913586494,0.23996729325248878,0.1987157153888618,0.5651272232294917,0.24410169872530527,0.19077107804520302
17913,9514e644ef9418d11738074cf639031b81c934659290d8834d1edd602f2e74e4,1,c1,c234,c1,c1,0.2987037,0.45583755,0.24545877,0.3685945088286954,0.3375356176456502,0.2938698735256545,0.40148758094707815,0.36732987363722336,0.23118254541569844
17916,9495963287be7b89751b50aefd02c596eec62c070cdc2a3821e7b034dab5288d,1,c234,c1,c234,c234,0.41151008,0.29692858,0.29156137,0.08579253205875043,0.6961120672200949,0.21809540072115471,0.1829328082259484,0.5577361206344388,0.25933107113961273
17924,55f806a5397c50b5a1bdb747eb9fbcbf45b96a8b5004094cd47c93ad639e2ac1,1,c234,c1,c234,c234,0.4950169,0.27137586,0.23360722,0.23378619798205583,0.572586088865816,0.1936277131521281,0.3124375477244136,0.3877672664249323,0.299795185850654
17937,f9c6383d80415a5d433b061edf62bfb6b6ee2ad13a8a25bb53b18e76af2a91eb,1,c1,c234,c234,c234,0.17392476,0.48259705,0.3434783,0.28060434128830647,0.4483484634215014,0.2710471952901921,0.25919559117823354,0.4111033233045694,0.3297010855171972
17938,9fd8671713ecf7fd0f92b10d844260ed7ec123e00eef13bffb8e0f331e7ed912,1,c234,c234,c234,c234,0.27413252,0.43013853,0.295729,0.3268523918647545,0.4379718496937644,0.235175758441481,0.2394930581727202,0.4886329285245764,0.27187401330270333
17945,4b8a6df68abcde37e04cd5fcc3ae479aa0cf77c3032ee8544f7b67b0ed03067b,1,c234,c234,c5,c5,0.30336305,0.4047766,0.29186028,0.09039214379034577,0.225523761699389,0.6840840945102652,0.1997048058479806,0.3454477068451236,0.45484748730689584
17953,880fad4d4a00ca19eeea6eaaf685a434831072d7207ac021447bd12d3e71a1c7,1,c1,c5,c5,c5,0.2018737,0.22302201,0.57510436,0.12478534084550044,0.1078824328595918,0.7673322262949078,0.21295508378004524,0.20618623895769397,0.5808586772622608
17955,329ddf7251cd222707aefdcf1c1c9a8edceca8d962dd2c0b6130f994ebab620d,1,c1,c1,c1,c1,0.41687003,0.34173626,0.24139369,0.550200708847134,0.25127009477447465,0.19852919637839134,0.45081015329018376,0.3257997844838463,0.22339006222596994
17969,eab62d0a50569f8c3439b9b7017b5264ca7916266ce62ff86c028a797a4ccd44,1,c1,c5,c5,c5,0.090273395,0.20364305,0.70608354,0.20611140207655618,0.2977531535548879,0.4961354443685559,0.22371138765757279,0.3133410164189488,0.46294759592347856
17984,c52448613955c55f052a0015649b9246dc229ae6409b649175d4c6f68103e0a6,1,c1,c234,c5,c5,0.35051313,0.40040514,0.24908163,0.31025002171479465,0.24968129852810536,0.4400686797571,0.285095388707542,0.3164712709351261,0.39843334035733186
17995,86c41441678d19494c9677d67aed6451f29165b36453c725f24b099218d93734,1,c5,c5,c1,c1,0.27471638,0.332247,0.39303666,0.4443226854691201,0.3795610060574274,0.17611630847345258,0.45012464561790555,0.33395282147499206,0.21592253290710242
18004,bfa89628dd956ebeda7db6f689647ddfc3e5c85a69f0228f83379252f506f3aa,1,c5,c5,c234,c234,0.3342606,0.32019505,0.3455443,0.16268330097640257,0.653458578099475,0.18385812092412232,0.17405048634217393,0.46677049020875244,0.35917902344907354
18007,831180f05aecbfaa5df867d3fb5e93067e0d2dfd93987d2632d570a6d115ad51,1,c5,c5,c5,c5,0.14317535,0.2867059,0.5701187,0.191909903864588,0.272607343013344,0.535482753122068,0.21058436761463492,0.2866260189617819,0.5027896134235832
18015,46a6b76c3e2368fc4e9daae7be069de5c666e4decd700e7c5044858ef54efee8,1,c1,c5,c234,c5,0.22067793,0.30999652,0.46932557,0.31296925248221485,0.4105389097214261,0.27649183779635916,0.29746199079913316,0.31193717908302326,0.39060083011784363
18017,0c7754ea542ed8a9fe11df16a9793da51aa31a70ec469199568d7d1d422cbf81,1,c234,c234,c1,c1,0.29897782,0.3993036,0.30171868,0.41313973692032446,0.37891119639001275,0.2079490666896628,0.3999056296687791,0.38599131764864514,0.21410305268257576
18022,1affc9c227283ae36850140886706d8d6ab5e706cc6bcd2d850ccbb9d2196f54,1,c1,c234,c234,c234,0.15291741,0.43543127,0.41165128,0.10743308550076462,0.5534088182818542,0.3391580962173812,0.16547997430920036,0.5212960038584491,0.31322402183235054
18028,9f01a7d769a9cb585046b0f9e5530a9443c8de79e9ba4ea42e6d76fe4f76bf42,1,c234,c1,c1,c1,0.37214723,0.28785115,0.34000158,0.42280398157622057,0.27180185463093215,0.30539416379284734,0.4092197950293613,0.21971189003679106,0.37106831493384773
18051,bea2885731def21a78f309d5765ccfd03329d5d0db68df490d56b20d76e75fb2,1,c1,c1,c1,c1,0.7264606,0.19073735,0.082802124,0.5245110179386623,0.3443907466523606,0.13109823540897708,0.4551635780653191,0.3276643330068729,0.21717208892780793
18052,cdced8320deab07698512b970d5000afc79617f5007f94d96ebf6b4421e12635,1,c5,c234,c1,c1,0.3613083,0.38084558,0.2578462,0.5416558806968641,0.1080718226498321,0.35027229665330384,0.496719049179594,0.18959078030130627,0.3136901705190998
18054,18789d2585d84d67b8cd8433c6b32e4c6b2c54926fe2198e04ac0df262643b47,1,c5,c5,c5,c5,0.16024333,0.4069634,0.43279323,0.17932343130599027,0.2885807652741764,0.5320958034198333,0.19911321616507124,0.34923754902923,0.45164923480569874
18061,8527a457e51b6592860efbdedc7e7e6b5c14c81895406393a6378ea77089507b,1,c234,c1,c234,c1,0.49446538,0.26825315,0.23728147,0.2797225543035149,0.39828798243590036,0.32198946326058475,0.34346880637509025,0.3313646837296025,0.32516650989530727
18062,b50bdb9a471b91783cc529834ca8b9def50288fc05ad18797ac2bc12f503cf2c,1,c5,c5,c5,c5,0.10772301,0.31278765,0.57948935,0.05431599710443597,0.1528599920875714,0.7928240108079927,0.12585796331926985,0.2089060660596685,0.6652359706210615
18064,f3668f0226c10c1216c776fe40d314f52dfb2e3e76ddca68043044c22dbbefcf,1,c1,c5,c5,c5,0.2784119,0.31306842,0.40851966,0.202591627499373,0.31365506813876337,0.4837533043618636,0.2762314058081142,0.32346939848788137,0.40029919570400446
18077,de23612cab28d1c631737ce4eb23a11d035b60ecce14fe7753565742fb8846c0,1,c5,c5,c5,c5,0.08792919,0.22978698,0.6822838,0.12969095928436752,0.4297400904552355,0.44056895026039705,0.14894127804002225,0.31584569965719406,0.5352130223027837
18104,e634932b1b8b2ca02b3c154cb51a20158775d9c77751ae1b3d83109c86c295cf,1,c1,c1,c1,c1,0.66512626,0.21376759,0.12110621,0.586888394582742,0.22517084336635873,0.1879407620508993,0.47557300392601987,0.28531933091907746,0.2391076651549026
18109,ca2d82c5d0536168085ff8fb41cad636824c0fcb9c1b99cd39aab8272547de50,1,c1,c5,c234,c234,0.13485768,0.3931904,0.47195196,0.2695398415708513,0.5000077696376884,0.23045238879146027,0.26596645673867264,0.4252806713662623,0.30875287189506495
18114,3a082e12df237647d6bd4b63ddafc9c0305173f50209234e4d9bc877e99acc65,1,c1,c5,c234,c234,0.11097022,0.32533887,0.5636909,0.1430170472251052,0.6948831553536282,0.16209979742126648,0.21851444188133762,0.47128846666672075,0.3101970914519417
18124,520d533926a0ff00e365d8f90ae23a6d87c7e194436585e0c23f32b456c79c95,1,c1,c1,c234,c5,0.42758584,0.30666372,0.26575044,0.1473498629718557,0.4858408341365529,0.3668093028915916,0.2323098003388663,0.3657992041071503,0.4018909955539834
18128,7e9b21a0bd4370c1ee8eea3f9c6980d9ab28e76fcefcc48dd884410b095c6668,1,c234,c5,c234,c234,0.11376624,0.28791243,0.5983214,0.15260732768569774,0.4734783017620759,0.37391437055222637,0.21249377588729873,0.4393020252729083,0.3482041988397929
18132,4132541260a031e1499e9c22ec5a9e92301fd4948fe4554f6857cedcb2d25c9a,1,c234,c234,c234,c234,0.36025867,0.46062982,0.17911148,0.42275650107651586,0.448235191529153,0.12900830739433108,0.4035664008855044,0.42068755464714563,0.17574604446734993
18134,4e89eb39bab0f3b2f25237c06ac8a84bc5e65a459a585f76f46f8e55adf916fe,1,c5,c5,c5,c5,0.102750696,0.28330243,0.61394686,0.1376353955139788,0.39958574675575104,0.4627788577302703,0.13957301391916546,0.36473774626720373,0.49568923981363083
18140,5067df0e5ceca8db64c056a8b3e4567fcb795d19f2ee73ec0fd942055b874fd3,1,c1,c5,c5,c5,0.09317059,0.24360389,0.6632255,0.279712481022228,0.3327107508104649,0.38757676816730713,0.2438459556482805,0.321367979231712,0.43478606512000756
18176,8c7cf8f4694f23275b9a76e8f3fd590a21491aa54cfaaf41ab31a884696a526f,1,c1,c5,c5,c5,0.32047972,0.305419,0.37410137,0.16852441467288629,0.26840156806256443,0.5630740172645493,0.3191986286230517,0.3327471783552722,0.3480541930216762
18180,5cea93462f5944882d24a44cf698906888cc9d1c4ae1affe75203c2b373aa690,1,c5,c5,c5,c5,0.17140405,0.29723725,0.5313587,0.15396449004059404,0.3181049977966709,0.5279305121627351,0.2510390831194229,0.2577822235986805,0.49117869328189667
18181,d35ad26e8e128f89083e9526ea1d42a8949d73e2c1fa95a4db29ccf3a331720d,1,c234,c5,c234,c234,0.20657444,0.3404016,0.453024,0.17731530278908267,0.6238803032235563,0.19880439398736127,0.17839389137521497,0.5153138094057743,0.3062922992190108
18205,f6c6490407e02fbb35c172728e1c925a740c3f4fedeffbaea4099eab50f62ad5,1,c5,c5,c5,c1,0.28008965,0.27854297,0.4413674,0.3540499683367291,0.254776656682385,0.39117337498088595,0.3658148179400983,0.30860857033332306,0.3255766117265786
18217,b261d90b8082955bd7702bee1f51f7df032d6d3e7518b913037ca4bd4495b514,1,c1,c5,c234,c234,0.17573768,0.31432313,0.5099392,0.24311864031242128,0.6236483067263552,0.1332330529612236,0.25733365542235576,0.5155788619682362,0.227087482609408
18220,a874d2ed45d9f938b715a9685922bac43e7b6b7215b4e0bb67d92ee5dc6ec95f,1,c5,c1,c1,c1,0.54721564,0.36206478,0.090719596,0.41928047376987565,0.3668444126230942,0.21387511360703002,0.40367540159284704,0.34952321477984505,0.24680138362730777
18230,04416b2791425af113163af07e64dd30f79f161a999748de41c8243315c412c7,1,c1,c1,c1,c1,0.56360084,0.3329818,0.103417434,0.4597864760791949,0.4474192548532298,0.09279426906757526,0.4636243832031699,0.38556374305190105,0.1508118737449292
18234,34df5275fe68b1380d8b6d315cc0eb202e3d16d62f6551fed2df750663ec9858,1,c5,c5,c5,c5,0.09744248,0.2358099,0.6667476,0.04173821430884018,0.37599097001946946,0.5822708156716904,0.10606567531358305,0.3922541805678091,0.5016801441186078
18235,2b9bce16c164df404c8a4329f05b8de3d19747568fb74d9bf71bcbd4b7f7b94a,1,c234,c234,c234,c234,0.21619558,0.4139572,0.36984718,0.23961582007832075,0.4138520778109619,0.3465321021107174,0.23582220558361597,0.4132304428209445,0.35094735159543955
18238,a4baa3019c9cc0f906b929e3c27d8ec453db6f21fb8951298648efdee7ad7a48,1,c1,c5,c234,c234,0.29371065,0.28825343,0.41803586,0.3316224135188247,0.404307752943937,0.26406983353723834,0.27643034518269916,0.42998264665086144,0.29358700816643946
18245,316e6ab8cbdd63d033a11fd851b39a749105174c08468720f41e40043268f924,1,c234,c1,c234,c234,0.5548747,0.3134423,0.13168292,0.3351889022679684,0.49475703139784566,0.17005406633418593,0.3863165038302838,0.43646685878409947,0.17721663738561666
18255,ce86551739d6650b4a8839705ec63010ec2971ccc2570cd83163dde8aae2166e,1,c1,c1,c234,c234,0.405898,0.37040687,0.22369508,0.292500663703047,0.48240519871502413,0.22509413758192892,0.33353610142797663,0.44595424675064027,0.22050965182138316
18276,866570ea2f912298680d41d13fd79b9ef2667827873d6998c6170d2c5e162488,1,c234,c1,c234,c1,0.42929333,0.3872155,0.18349117,0.3419147975993316,0.3546350129462812,0.3034501894543871,0.3912247783596968,0.38448294577409153,0.22429227586621153
18282,c688e4ec83c43720fcf47d1cbdeb7769ea624cbb790bff9e2a30303aa01a6911,1,c5,c5,c234,c234,0.16058214,0.4188339,0.42058396,0.07281641532659607,0.753952474150932,0.1732311105224719,0.20413486603002343,0.49227306276457405,0.3035920712054024
18293,c1ff9d3e4ee5575cc71a12a0fb943709afdffcc7a673aec487d8dbc1e3872281,1,c234,c5,c1,c1,0.10555979,0.26914614,0.6252941,0.45510910654464815,0.2437887662529779,0.30110212720237384,0.3431551210784555,0.3227546822513702,0.33409019667017426
18295,acb8dc734de05890522657a79e587850cb3dbcdac5db6a6ef0a62a04b0e5bbe8,1,c5,c234,c5,c5,0.33831117,0.35147628,0.31021252,0.1312562650734927,0.2603527572418088,0.6083909776846985,0.19126993567676817,0.34798278288372636,0.4607472814395055
18297,58a852552138d6c2b3a0999a07f2c5563dc7f625f6674afb7367decfe1edc023,1,c234,c5,c234,c5,0.184725,0.34199646,0.47327852,0.08781945743335606,0.6615058549651439,0.2506746876014999,0.1155752416125189,0.4331061672870197,0.45131859110046135
18307,d1a022f6e51ab74d0c5b9bbd434695bb5c7739ff590654b0e679d467353ad686,1,c234,c1,c1,c1,0.6207956,0.26298013,0.11622428,0.6473752655581161,0.155236558249825,0.19738817619205892,0.5297080399005554,0.25215185113788624,0.21814010896155842
18313,f6153dbcad58b4674df5f4064139e6ac9692da07767bce848fd7b19e9a76ad83,1,c234,c5,c5,c5,0.1628888,0.4146716,0.4224396,0.15279839060681863,0.27288794162537844,0.5743136677678029,0.17957395301359053,0.3239600190868074,0.4964660278996021
18315,dd60171bd61f989eaa31df4cc98c872675b313196ed56c7f1535ed3b81a9a962,1,c234,c5,c5,c5,0.13342015,0.38306817,0.48351166,0.13447542017766317,0.3820537011484684,0.4834708786738684,0.14546445608704928,0.389025106920926,0.46551043699202477
18323,918a67869b177c04d00368938a0a1d3ee5b74ec38e17a48d258c30aa6366c97e,1,c234,c5,c5,c5,0.15605158,0.3294156,0.5145328,0.14846330897926624,0.3087235266513903,0.5428131643693435,0.2247352422469155,0.2801318175706881,0.4951329401823963
18329,54b3a612c61f2dcba08dd10b64733b892f9bfdd97fe453629e2c68bfa68bc907,1,c1,c234,c5,c234,0.26377726,0.41181228,0.32441044,0.31684995945142724,0.2795701885585619,0.40357985199001084,0.282320814571899,0.3855959400784955,0.3320832453496056
18332,7ddce3e9b5c0f0bcf5614d4404449115f84201be46f80e1ba86b66fc78b7b881,1,c1,c1,c1,c1,0.5478403,0.2463537,0.20580603,0.4604925763018794,0.22193451033411596,0.3175729133640046,0.4575482819067734,0.28827679254048905,0.2541749255527376
18333,ce2daa34e95f288ea0525af9a7e18bcd3db45e15f7fcbc132c732ab3b8236afd,1,c1,c234,c234,c234,0.15715168,0.42634442,0.41650394,0.10697598250201006,0.6590695527382192,0.23395446475977083,0.20920041038643222,0.45549406598247566,0.3353055236310923
18365,06ace5be5a93ee32c586ab635dd4f31d2edbc76fad1a3c33f23066712380a557,1,c234,c1,c234,c5,0.35710257,0.331776,0.31112143,0.36975332553039586,0.3854029517611954,0.2448437227084087,0.29887350744276636,0.33675566105127497,0.3643708315059586
18375,f93893c793a9a0f364f70e8b14f8fa6d01e60d4a6b606ef524f95c72bac87072,1,c1,c5,c234,c234,0.31999832,0.2854205,0.39458123,0.22620512483387614,0.47975436649182635,0.2940405086742975,0.249238761335654,0.4383159396006874,0.3124452990636586
18379,ca438f4bb3c48dd69eb5ae0567b1d1a7624a1a33a9a257012fa4aa912c36b3e3,1,c234,c1,c1,c1,0.42476434,0.3717877,0.20344801,0.40718900947691694,0.35993099824617597,0.23287999227690695,0.3845311228910741,0.3683336553520689,0.24713522175685704
18394,c6cdb885fa59af89bff1d9a311163d0d0035dfe60be750a1c264967d865247e2,1,c234,c1,c234,c234,0.37410516,0.34846398,0.27743086,0.1354048317313359,0.757892547717987,0.10670262055067713,0.22140964157732487,0.588914976693435,0.18967538172924023
18399,dedfbf63ddbd5c0dfda9b03c86419cf503fb44f03965d3d1aebccce012012cc8,1,c5,c5,c5,c5,0.13429914,0.33779636,0.52790457,0.09893324619634021,0.3762283429393223,0.5248384108643375,0.1789338707357563,0.3374974208640146,0.48356870840022914
18407,e667a8f0131b86730227a73c02d89bb07fb3336117d6d832ec39bda3728ced89,1,c1,c1,c1,c1,0.4941509,0.3364773,0.16937175,0.408662186837881,0.21285849120777064,0.3784793219543484,0.44654120180048845,0.24262341691377395,0.3108353812857377
18416,68466565c6ca7172eedb24358b3567beb028931a0f93bcb59b21bc9567980831,1,c1,c5,c234,c234,0.21883966,0.33183464,0.44932565,0.2798097350111825,0.5171669280023332,0.20302333698648425,0.31326481274025303,0.4013897301350951,0.28534545712465187
18419,c7ccf56850742bc12a13a62a26f6bf5f49529587f62c53d446889116a2c49fa1,1,c234,c234,c234,c234,0.15985177,0.4305052,0.40964296,0.15022830528770054,0.5536036828422316,0.2961680118700678,0.21371908165909922,0.4186216027513577,0.367659315589543
18426,f769bca63f2564c523d5dcea384a3a174fa7cd8aa17a62dac0ce4af02d2243f6,1,c5,c234,c5,c1,0.2887552,0.45879596,0.25244883,0.41128910998094564,0.17463243992549585,0.4140784500935584,0.40191610083225193,0.25091492271800536,0.3471689764497427
18433,5130a963be29463ca3623c9531b590bf31d160005577be6e34f93bcbca01742c,1,c1,c234,c234,c234,0.22193182,0.44860056,0.32946762,0.2652837628067635,0.5546518135495417,0.18006442364369485,0.3320979654485591,0.4762173261074827,0.19168470844395838
18434,6fc0f8d02849e5f813bd28f42c6c4ca93257f09583dd20e8d5f87a1fa8f858b5,1,c1,c1,c1,c1,0.5923144,0.21333416,0.19435138,0.40978874334883486,0.3843695117438425,0.20584174490732277,0.40567612844654144,0.34834890334120117,0.2459749682122573
18438,0fb07021d8537d48884120c05483446c9b7f62369873d8f362005be4802d3084,1,c1,c5,c234,c234,0.11497333,0.2558471,0.6291796,0.25243025843044525,0.562008085349176,0.18556165622037876,0.2678977900227294,0.4247222123212019,0.3073799976560687
18447,006315acbfad58c0bede9e1a63469978499c86853d49f03249b5fd7a34af33f3,1,c234,c234,c5,c5,0.26300076,0.40520853,0.33179075,0.32502658888934566,0.14098668490738833,0.533986726203266,0.2747605983242619,0.21543225164828075,0.5098071500274574
18458,89e52caff7dbd12fee5a77990574e0fbf88cae2f998c13bdb60d20d7e28fc525,1,c5,c5,c234,c234,0.17599474,0.37922087,0.4447844,0.13662289731020402,0.5634188203819159,0.2999582823078801,0.17737507338098474,0.4593938088160072,0.36323111780300804
18460,f86b9ac497451e1bdb4fd88d3bc7630b127127b431fdfa8ae2db2c44c49a9715,1,c5,c5,c5,c5,0.1452791,0.36890054,0.48582038,0.2230241551092454,0.31759852401128574,0.45937732087946875,0.22887474310706177,0.3340063442861966,0.4371189126067416
18462,1a98592ca211727e8e9e2b2d376108efde48d5ead87b1b568e6e6ce0ca857f5e,1,c234,c1,c1,c5,0.46708608,0.23000462,0.3029093,0.4485507545409807,0.24424168063815938,0.3072075648208599,0.3401892056875499,0.26540770989265067,0.3944030844197994
18464,6f68934b9753d679b39765a19c039ed8dd59bccc9409dc7c24cbf4663a6b85b6,1,c1,c5,c5,c5,0.2960259,0.35142246,0.35255167,0.1686440253789566,0.277940886884305,0.5534150877367384,0.2581007080503343,0.3358729152470319,0.4060263767026338
18465,e5dd4be9390946fac6450a3dfaf63a99328a60aee9db4e069ebfb58e8a8dc190,1,c234,c5,c5,c5,0.20181826,0.3985792,0.39960256,0.24332267687319523,0.19287100260699264,0.563806320519812,0.3255730014301192,0.24923125397984489,0.42519574459003584
18475,ea1c15aeb374501d9ee109cf398355ae1641809fd40e97823ef0169d6b3de1f0,1,c234,c1,c234,c234,0.51397073,0.2803892,0.20564008,0.1756541161846969,0.6323400700665015,0.19200581374880152,0.240665917728702,0.4832610067555994,0.2760730755156986
18477,27286d1fe0c8e66061945bcc34a21947ffe8d4f09dd810fa9eeaec3ba8b78806,1,c5,c5,c5,c5,0.22178978,0.37848696,0.3997233,0.2606360409346825,0.2683405610575338,0.47102339800778376,0.25981043848486995,0.2948992133051689,0.4452903482099613
18486,bbb416e78d572554a0a54a1862fb29f6188da6d78607f8a7dd2b1df7959e6d20,1,c5,c234,c234,c234,0.2621225,0.41704172,0.32083577,0.12600727235950332,0.5135487297613939,0.36044399787910275,0.2137031862351293,0.4036092026087579,0.38268761115611283
18489,b123c1a3fbafd1a9799e24dec98047a4e21c6f7a97a46a22e68fefd26da9d000,1,c5,c1,c5,c5,0.45264524,0.32380882,0.22354594,0.2446879994711563,0.3442495836821197,0.41106241684672395,0.3143420429006245,0.32165858430636335,0.36399937279301214
18498,3105c2733014ef1c840bc6df62ff9a00438fdc1eaa523c8aa0019856817e8a82,1,c234,c5,c5,c5,0.15644263,0.25527325,0.58828413,0.2714372995553117,0.12440624619710058,0.6041564542475878,0.3116798288036353,0.17615621893401426,0.5121639522623505
18511,034972f53fc14c7ecc9c9be2171ca0bb1320b50134a611080c82a83feeec25e6,1,c234,c5,c234,c234,0.3239605,0.28198305,0.39405647,0.29392739117814815,0.3860208576179001,0.3200517512039518,0.3117829644773309,0.3526672974073065,0.3355497381153626
18529,e19e3c7f273d3d6a4f609f744842759e3dbd813b98c4634385aff89c29d3316a,1,c5,c5,c234,c234,0.17620037,0.3721569,0.45164272,0.15783030689315403,0.5316770177943979,0.3104926753124481,0.2521426134191392,0.41627759865172953,0.33157978792913134
18530,b5a688b3fb7a090f9bb52baa92af021b42d27e56c253dbac57f30cd37413466e,1,c234,c234,c234,c234,0.18520641,0.46690652,0.34788704,0.1821512440948242,0.5055365519547367,0.312312203950439,0.18756606011068208,0.45403199126940963,0.35840194861990843
18539,646e159f56f6f27ea0a3e771bb8ac587f34746bf264a06d9e660c12fea9063e8,1,c234,c1,c1,c1,0.40184212,0.33451828,0.26363954,0.4065037727884957,0.24869051645838192,0.34480571075312233,0.40281461393257384,0.2786431243093225,0.3185422617581038
18548,e3be89c903dd2327981b0d7fb61636f1bf0d12cc1cfa69244e11af40c7375fe5,1,c5,c234,c234,c234,0.34687135,0.43467814,0.21845053,0.41306642141379457,0.4329484014045881,0.1539851771816173,0.4015539814584012,0.4081433723583471,0.19030264618325174
18556,edcc942488501cfe1083a1eb9f8c14eb6c4c9e6f926c3a7c6c7827c3b5faa857,1,c1,c1,c234,c234,0.47941044,0.29755062,0.22303888,0.2779337164758063,0.4801468869246867,0.24191939659950698,0.3305606712126871,0.3540689053100007,0.31537042347731215
18557,61cf0022711860774f84fd88e60f4f8ccfe600ac06f166730bc13e4f33dfec85,1,c1,c1,c5,c1,0.364649,0.298214,0.337137,0.3573894341699121,0.24288698625669905,0.39972357957338883,0.3858951250100273,0.2826819621805783,0.3314229128093944
18559,1c6133c86348dba99766b0e36308e35f34a55180b29e8c361b46948c2fc6a3c0,1,c5,c234,c234,c1,0.28303105,0.43961996,0.27734903,0.35833145998891336,0.4088761249436349,0.23279241506745185,0.3822695044646201,0.3484984098317296,0.26923208570365026
18562,659f96d27649e91f34add8a4c5596b60d75deefc7ee2725dbef80d0c910ef92b,1,c234,c5,c5,c5,0.1493526,0.30375203,0.5468954,0.12919247876729312,0.27830296670292953,0.5925045545297773,0.15472928155130708,0.2738700231019571,0.5714006953467358
18565,bdc65e206fd48d08f38a701ae98daa1527f759a206bf5a055fe50ab61f526c1b,1,c234,c1,c1,c1,0.4451397,0.30062345,0.25423676,0.4996176778964485,0.29185755930588864,0.20852476279766288,0.44930192195839214,0.34369447190179014,0.20700360613981778
18567,0023207df89e93d01c9e1a372b80c4179586574a18f797169f9a6dd874d3d40d,1,c1,c1,c1,c1,0.59688264,0.30837688,0.094740525,0.6960800645966261,0.2602056936557565,0.043714241747617344,0.6548427740689445,0.2657569522984099,0.0794002736326456
18585,62f86e9cbbb2f1aa5220d7ec74fb1cfb13a2d0098aea3cf64b04fcacca3a2f63,1,c1,c5,c234,c234,0.15246703,0.32674864,0.5207844,0.22894231835830495,0.561428091936603,0.209629589705092,0.23731096347738712,0.45022696905393284,0.31246206746868005
18588,02a8b6ed1e1626b53887a5671062e3e212619d2101099e8e3766ce109e1bc2aa,1,c234,c5,c5,c5,0.05969831,0.24026172,0.70004,0.17270154367443416,0.30240573297589907,0.5248927233496669,0.1659689551936286,0.30926018747616735,0.5247708573302041
18594,a8ca8e1805c194c7b1f91c4577e5cbd26556dda53800e4b1dff295076c4097ae,1,c1,c234,c234,c234,0.14642984,0.45259702,0.4009731,0.17533640539267786,0.5338966916368962,0.29076690297042596,0.18465873441240005,0.4743218913549045,0.34101937423269535
18602,1fc4a05b456d4bb0b9d788ae20dba8d65a9c6efd4468a2f579e07effc817b447,1,c234,c234,c1,c1,0.3929214,0.41238293,0.19469562,0.4945343939825966,0.28003006216502463,0.22543554385237882,0.45654679447004964,0.3129251149012441,0.23052809062870622
18623,3f3ce0a593f3c26db6f754c36824abad6e2b55d7ad0e6b801a326f38b8a5b0e1,1,c5,c5,c5,c5,0.105678305,0.10822043,0.7861013,0.026057708347778846,0.01267376985461994,0.9612685217976012,0.09371085397679592,0.0641408921823451,0.842148253840859
18628,d07cbf89efae9bb257624bf7be6097d03d90076282058aede2bfef1a32b2172f,1,c5,c5,c5,c234,0.15734658,0.38564584,0.45700768,0.1634645978743625,0.3144444951608537,0.5220909069647839,0.2552805546904235,0.37339782730021787,0.3713216180093587
18634,4338dd619174f66700f2870a7d0eb05889d743c74403d98f72ec7e1719f87fc3,1,c234,c5,c5,c5,0.23899248,0.37553436,0.3854732,0.2251208653302438,0.2309065159109192,0.5439726187588371,0.2800931434753495,0.31751224822703716,0.4023946082976133
18638,9179995abbfe2bd396aabf08bcaf0176d07505fdf9751c94a52e76c6564fc0cd,1,c5,c234,c1,c234,0.30341133,0.41364542,0.28294325,0.4056542608902763,0.3785461199239234,0.21579961918580043,0.3274630448930002,0.3765888036100072,0.2959481514969925
18643,efa384409f52bb3581036a2148c8127413faf67bd3aa500685adf38881712eb8,1,c5,c1,c5,c5,0.43403825,0.29105535,0.2749064,0.1227726387944072,0.1923082405717284,0.6849191206338644,0.2237800315176338,0.25246816950704487,0.5237517989753213
18644,c846d64448d6524dfb12fe430be577bdb596ac701f056b82d91f3f1c90fb52c4,1,c5,c234,c5,c5,0.33220196,0.44564995,0.22214809,0.10133185316784403,0.31124663802568653,0.5874215088064695,0.17667496089847817,0.3556428430843734,0.46768219601714844
18665,158f97a4d4289692fddb4468b25221559b0af3a2ddb6d9b6b1c3ca9f03ccda79,1,c5,c234,c5,c5,0.2435599,0.4924534,0.26398665,0.32291997558487495,0.14022671726468253,0.5368533071504425,0.32570519673984366,0.2224577480917835,0.45183705516837275
18669,d723c49cdd102ca83fd8cc0a23aa669ae880cda7396d0d73d7825d131845ab24,1,c234,c1,c234,c234,0.41578245,0.35458955,0.22962798,0.1687611894335108,0.6454902851238746,0.18574852544261464,0.25776806238311306,0.4808840246152177,0.2613479130016692
18680,91f1506ecdb01b87e86e52c2edd21330cb2a84231314275be8870044dcaf8204,1,c1,c5,c5,c5,0.27600423,0.2873312,0.43666455,0.2514659295247846,0.14660383503533392,0.6019302354398814,0.30997529862319007,0.2151794619651578,0.47484523941165213
18688,21908e0983b34748abdb7291719f748fe114f875a8c08ffdcbb5cb8dbdeb4024,1,c1,c5,c1,c1,0.34097102,0.29243398,0.366595,0.6743572131986162,0.13374717742324224,0.19189560937814154,0.4903663711468313,0.2703217335648205,0.23931189528834818
18699,2eb33b072ca64e13e8c27648601835898626768b0986ea5a74b7214ede7f2b96,1,c234,c5,c1,c5,0.32111207,0.26737034,0.41151762,0.5184326931773148,0.32888327980458065,0.15268402701810468,0.25364572238935346,0.35485611366409076,0.39149816394655573
18701,d16fafe7d6437d36f386feb07a849e84af8aee760b4bddb0d3d91dd5b02c9f19,1,c5,c5,c5,c5,0.08516014,0.31771794,0.5971219,0.056323680747394904,0.18646265157770983,0.7572136676748954,0.09751012553100903,0.2628107915363867,0.6396790829326042
18711,e337cecc3cc527ad9f99dcc108ba1f8cb832634b571a78e2ebeb50c34e215f3f,1,c234,c5,c234,c5,0.22385004,0.26958048,0.5065695,0.2776937639125206,0.38623210155961923,0.33607413452786017,0.19439164334428552,0.367453818142319,0.43815453851339564
18718,33bd06cd8f3980bde38879bbd3c1f4ed33e340546cb6cbf5265cede2e2b5a32f,1,c234,c234,c5,c5,0.25034732,0.45769787,0.2919548,0.12407948406803655,0.3721396540287245,0.5037808619032389,0.17801887054070942,0.3566930998624391,0.46528802959685156
18723,e52365c37d88d7beecb97d9547d7816e43ef9b3a1e6caf1b4b9acc5e7b02a6a8,1,c1,c1,c1,c1,0.526702,0.31578612,0.1575119,0.6938113517501273,0.1750228843453171,0.13116576390455562,0.5949945541654549,0.22815376080738647,0.17685168502715873
18727,bc5432ea4680f7183beed6f3b26991c9fdea1324a5dbf1028d2f803d4bfa7359,1,c5,c5,c1,c234,0.18311907,0.40772343,0.40915743,0.3819620543574042,0.3293773695710902,0.28866057607150564,0.313867286962778,0.3549625138995245,0.3311701991376975
18737,6a8ac49eb4f342468b52013e1ad6f23bcd2bc30f258023c64857aee7c5534244,1,c234,c1,c1,c1,0.47973907,0.30516574,0.21509527,0.6740305528902265,0.23399572684149042,0.09197372026828313,0.6335549943247953,0.244414118520554,0.12203088715465063
18740,5733dd24b9d5d91d77ad8c3ac10f288b0462ee3da93016e0bf4ad9561a522c57,1,c1,c1,c5,c5,0.44113922,0.29944837,0.25941235,0.24978770621907032,0.26453236626087384,0.48567992752005584,0.26859193156105376,0.2979354808725756,0.43347258756637064
18757,40278d974c5e795a69aa08b9eeecf8602c962cb65d026993cfebd956b1ebb3d1,1,c1,c1,c1,c1,0.5404517,0.2887038,0.17084448,0.5711213071380364,0.2407803628344931,0.18809833002747045,0.45274029558013706,0.30305894368982833,0.2442007607300346
18760,8bd31799477a012daee3fa1a9416396b694287e1dbd74349236930cdbc3ae246,1,c1,c234,c234,c5,0.1550593,0.4317396,0.41320112,0.28908007632446736,0.4970224241166601,0.21389749955887255,0.28183846246981425,0.3523355705874046,0.36582596694278113
18761,e0778601ce0e2327e306817a7daf363a1925998731010578189431f72b6bcd29,1,c1,c234,c5,c1,0.3713379,0.38010535,0.24855675,0.3463930383729843,0.30658663927607016,0.3470203223509455,0.3652568913090348,0.300568485512681,0.3341746231782842
18763,db4e2e8a6f1a583a5c5c5b73c313e82220676c2585fddb4b30e8dc5b9bbd9050,1,c5,c234,c5,c5,0.18783508,0.42997792,0.38218698,0.11024222355833385,0.2405764050787714,0.6491813713628948,0.18512295536511708,0.3502083507506562,0.46466869388422666
18768,fcc8642b7eb732fe6041338650096f2d8de27c45d17c20aaf701a4bd07c22b15,1,c5,c5,c5,c5,0.14489219,0.26657784,0.58853,0.10804730966827034,0.272688281603552,0.6192644087281777,0.13363979411042637,0.308053034532464,0.5583071713571096
18801,a9fb0ea1a6d456d1d78fc9c6a4b0b5e647a4df77a5293b6f83b3d0b5ffe441ec,1,c234,c234,c234,c234,0.34992802,0.35085285,0.29921916,0.2677002793542604,0.397208708942349,0.33509101170339056,0.3034568108487498,0.3741571283459064,0.32238606080534365
18805,9dcda3894f54c7529f2d067fa03ea5fff64cd6719a04e8e10c4d591bc5394e6d,1,c234,c5,c234,c234,0.21222007,0.3701139,0.41766596,0.058417147385101086,0.7394814393320424,0.20210141328285652,0.113942164603777,0.5277110829359151,0.35834675246030795
18821,38814f09703023fa6afb7d49c5b55a51c82e3b98c8d1964b5b940da973f38cb7,1,c5,c5,c5,c5,0.21318156,0.3268017,0.46001676,0.15189580213339682,0.10890781349052196,0.7391963843760812,0.2154795256590935,0.20251918453949666,0.5820012898014099
18823,3ba9d37b16de3211fd22e926b04e24beb90119596686d18d58b3a6f2c79b6105,1,c1,c1,c5,c5,0.55214614,0.32281652,0.12503734,0.30732580825143946,0.19669471865329405,0.4959794730952666,0.36043754691259744,0.2502808354368033,0.3892816176505992
18835,ace877c2b136c93974501faf16c27d286c476daa28282813efa208e84d343fcd,1,c5,c5,c5,c5,0.1462569,0.34695226,0.5067908,0.25203705020714867,0.23513364074247547,0.5128293090503758,0.22076746918809462,0.3149644056492948,0.46426812516261057
18838,2bd8e693c33f2fbc1a7c375bc1f4e49fcd028524c377bb3ffd589eaef4438c6e,1,c1,c1,c1,c5,0.45108008,0.3229977,0.22592221,0.4110544079871232,0.20663421288474518,0.38231137912813157,0.31245180255163035,0.2750706156097898,0.41247758183857997
18855,022b528a3e5665c09fd23c5f2bc03e221696120563932bde5c4b36a7e936777e,1,c234,c234,c234,c234,0.2337651,0.3885719,0.37766305,0.2376203608305159,0.42553930396372197,0.3368403352057621,0.25691153810423534,0.3726778527731014,0.37041060912266327
18858,1f9f035f9abd1fb5bf2840ae884596934c5ad3ba0708ae5ffa740253b9fa3ebc,1,c5,c5,c234,c5,0.10488671,0.34461075,0.5505026,0.1485917106776569,0.5054038329660353,0.3460044563563078,0.1952719005144745,0.3580554728375379,0.4466726266479876
18863,49c33b517863174e367f8ccd6dff9dc98fad5d470c2dd33da1e2a4018d8f045a,1,c1,c5,c234,c234,0.17876105,0.25983173,0.56140727,0.1856557909055353,0.5163700293228561,0.2979741797716086,0.23988256176784478,0.4505328675383242,0.30958457069383105
18877,fe7dcbcf1084ffdad4cb3d2fdca1346066f9b2a49babaa7275b8c3cf5602a3bf,1,c1,c1,c1,c1,0.6823652,0.24406405,0.07357074,0.509557525992,0.42001755527706225,0.07042491873093783,0.48938789728213544,0.4053704453522468,0.1052416573656178
18893,fc03c4867f6a4a09911f48d62d9793ec414db8647a06f7248d510687dca23189,1,c5,c5,c234,c234,0.22350042,0.38013345,0.3963661,0.17923951963847445,0.45562779818476545,0.3651326821767601,0.21350650916646324,0.42090903718206846,0.3655844536514683
18894,ab62ac0261835b219b23bba78aef51c9e0a6d8ea52900af80c76c5d8cb6606b4,1,c1,c234,c234,c5,0.29610837,0.35444522,0.34944645,0.15559596538796036,0.534075620149146,0.31032841446289366,0.2050263275208948,0.39386579973246216,0.40110787274664295
18927,edcc942488501cfe1083a1eb9f8c14eb6c4c9e6f926c3a7c6c7827c3b5faa857,1,c234,c1,c234,c234,0.47941038,0.29755065,0.22303893,0.2779337164758063,0.4801468869246867,0.24191939659950698,0.3305606712126871,0.3540689053100007,0.31537042347731215
18930,60dd1a8afefdd41016d7a279ff9f6b19582aa4f3a9c1d866f1e707d24754294f,1,c234,c5,c5,c5,0.17367342,0.26824543,0.55808115,0.35593501484231077,0.28477528439217253,0.35928970076551675,0.2894639018215943,0.2910035962075191,0.41953250197088654
18933,fe6ddd7b95bdc5f21c0656469647c5d1cf4f95504b3a0a4d2eb50203511a7f6c,1,c234,c1,c1,c1,0.34323016,0.31864417,0.33812565,0.42027384101777615,0.3734670166014767,0.20625914238074713,0.40020145235795385,0.29600303412241047,0.3037955135196357
18937,86f069e95eb4265d478ced9c3165a26690a0787d5295f95f8ec47e0eea0be12e,1,c234,c234,c5,c5,0.2910802,0.39916533,0.30975446,0.21897888875632973,0.16891947725481002,0.6121016339888603,0.2425973451421504,0.2730620926240921,0.48434056223375754
18941,e5e5ead2ff16a169fa0e29092ed7b20619db3ce92a16c34f34f782b7cf764b51,1,c5,c5,c5,c5,0.1570447,0.35290477,0.4900505,0.22734520409757844,0.2359164795832315,0.5367383163191901,0.25716751044315006,0.312432995364899,0.430399494191951
18953,7959a40fa528a935a5126bfded8c34595e94cee5ea1f0982b4509384084fa037,1,c1,c234,c5,c5,0.18877144,0.50833756,0.30289102,0.16675614572417102,0.30201275567154223,0.5312310986042867,0.21226833067815534,0.38398377236394987,0.4037478969578948
18957,3ee2bf37aad37d6a505ca3ccdb61e3d6d599cc699ca1abe73ce5aa55006461fd,1,c234,c5,c234,c234,0.24990949,0.32985184,0.42023867,0.30431597417349554,0.5082667732351566,0.18741725259134787,0.27310325482352094,0.4244070082094071,0.30248973696707204
18959,dd3cb68aae62f5b0b16244c749ba2bed96c5a2dc9275b011177e3abf50bb2f7d,1,c1,c234,c234,c234,0.34850916,0.41447756,0.23701328,0.24394038157389353,0.4022854062687606,0.3537742121573459,0.3072594229946831,0.37460761341410503,0.31813296359121185
18961,965c31728936350d872eafa9482f85e56aa13a112b839d0473e797531e59f83d,1,c5,c234,c5,c5,0.15447116,0.46519995,0.38032898,0.2210718616797696,0.28616137515156653,0.49276676316866386,0.2227834547631719,0.3749666633667852,0.4022498818700428
18971,e84866935a7a8240703799b5fd70e525f9d7bc55bec3abcd949c22dfb55cbf7e,1,c234,c5,c5,c5,0.25676757,0.26549628,0.4777362,0.20438882589068533,0.3459750961080157,0.449636078001299,0.2619075412445586,0.29261744036463194,0.4454750183908094
18983,5524c94ce99661316ff888dfeb696ac19beeccab4fbdf1f0432492142a970bac,1,c5,c1,c1,c1,0.5208621,0.31084087,0.16829705,0.4225956895874249,0.4045930150416655,0.17281129537090956,0.4921459294347478,0.33338637999934595,0.1744676905659063
18998,e15c059db830d876cbb1575eae35b4c6438814c9cdec4c1ad2e3a0a0c7b29e0e,1,c5,c1,c234,c234,0.5600048,0.30794498,0.13205029,0.4031460870050705,0.41164358085011693,0.18521033214481264,0.36383335617849577,0.3912104595795238,0.24495618424198054
19002,ee6e39e1df541c4ea471745d0d2736adbc3e7cbf5b7e7bea9b9fbf7e8def6d6d,1,c5,c234,c1,c1,0.33705494,0.38974229,0.27320278,0.41871951345889213,0.41739028316449883,0.16389020337660895,0.40053652991221117,0.3599201451325838,0.239543324955205
19007,d8e3596aed106d10e91cf460a9406771f370e65b0e9917292c598d3085e3ef63,1,c1,c234,c234,c234,0.34927833,0.40470174,0.24602,0.2601846746994483,0.47849296438600947,0.26132236091454214,0.25677573007587484,0.4206617094867026,0.32256256043742265
19014,36f7b790df696e8bd43810c7bc010678dd4e6b9667fc9d007df0e541fc9f9708,1,c1,c1,c234,c1,0.48719636,0.3572465,0.15555719,0.3897466734336702,0.41712371363116085,0.1931296129351689,0.424957666270052,0.3854470801037419,0.18959525362620616
19024,4834344fd2cb332bf04d01b57893be6cdc74340c95322bf1a7b1e539638af4d8,1,c234,c234,c234,c234,0.27604884,0.40006295,0.32388815,0.35655547425978323,0.5682249207657486,0.07521960497446814,0.3504961219459368,0.46759880314662583,0.18190507490743724
19053,93caa96e262872ae3dbfa080a851c8f94eebb344c7620ba8c9a53592254a059d,1,c234,c234,c5,c234,0.2578494,0.41716653,0.3249841,0.10856344837710939,0.40999753820749707,0.4814390134153935,0.21038081801735123,0.4639181426411059,0.3257010393415429
19059,0d71ed829a2c1a9aea8e01818e08f6afe190592a5ced61b3efa7106e7e1e9743,1,c234,c1,c234,c1,0.5932825,0.24423958,0.16247787,0.3337274427911207,0.37223264669703043,0.2940399105118488,0.39701076051389766,0.30706833375950554,0.2959209057265968
19064,ee77dd72d885445108e61a0ad9d3074fcb630bdbcbea01f1389e02e3ceed5109,1,c5,c5,c5,c5,0.10683213,0.2366687,0.65649915,0.0910825765115781,0.14919275920814482,0.7597246642802771,0.15646740247982208,0.22024355140200103,0.6232890461181769
19067,b034b62d551d9813bce9d8dab546ae909122acf54e33bdabe9924017eef6e5f3,1,c1,c234,c234,c234,0.22888623,0.4038284,0.36728537,0.2588468858928214,0.3824290267058718,0.3587240874013068,0.26129249824411854,0.3791559600805289,0.35955154167535264
19085,edcc942488501cfe1083a1eb9f8c14eb6c4c9e6f926c3a7c6c7827c3b5faa857,1,c234,c1,c234,c234,0.47941017,0.29755068,0.2230391,0.2779337164758063,0.4801468869246867,0.24191939659950698,0.3305606712126871,0.3540689053100007,0.31537042347731215
19091,7c815b988626428c15d112f2e19c0b05dd535d5ae7741ca8673196b8732938b9,1,c234,c5,c5,c234,0.19828124,0.38741648,0.4143023,0.1027838996051169,0.3246385127195527,0.5725775876753304,0.18095422306665507,0.4248903451771522,0.3941554317561927
19105,d26ea12bbd0fa78d958177910c3c5a2735581269ff3d75d6f2c1879b7bef68ec,1,c234,c5,c5,c5,0.15557729,0.35891268,0.48551008,0.10874004712832241,0.21412568997179093,0.6771342628998867,0.18431428717616297,0.26781169751293754,0.5478740153108995
19115,f3197b83d5ddf2351655c2716dab6d2e61f4189f229806930c34cc46c768da84,1,c5,c5,c1,c5,0.10679033,0.24537268,0.647837,0.41874874316897387,0.212933807932215,0.36831744889881113,0.25962334080648425,0.3013084252820272,0.4390682339114885
19127,45a09ebbde2fafa550f4dfdf0b5e6aa5aa462767e0cd1e1998b09cd67d8b0a3c,1,c1,c234,c234,c234,0.22157939,0.4235935,0.35482717,0.14178780047962192,0.5748772384809879,0.2833349610393902,0.18264873020836814,0.453356760909261,0.36399450888237084
19129,bf0a6d1623b189f2c0bf14ff8bdad6d903221d537d488d70806431709210b0ed,1,c234,c5,c5,c5,0.17111823,0.36484975,0.464032,0.1021324032777756,0.44620493681288176,0.4516626599093428,0.12785096896714923,0.4215668508570468,0.45058218017580387
19132,a7e1253185d07a5f281b9a4d78e9fcbc71f5e3b1c7a6cba0914e33e6021b869d,1,c5,c234,c5,c5,0.34699738,0.39531377,0.25768885,0.172122867459949,0.3789844757687344,0.4488926567713167,0.1936289369378656,0.3898224046527944,0.41654865840934013
19133,265866b76351ccc5b87f2d3e0d3d653692be6ed5e0d91ebc2a211c80733550b3,1,c1,c5,c234,c5,0.2756291,0.30095625,0.42341465,0.15866914691468434,0.47104760425023473,0.3702832488350809,0.15014574686725293,0.2984252162171585,0.5514290369155884
19136,33d29ac962f2b1108d236e63539c2f20808b1df8a237f40c785cb58223b3090b,1,c5,c234,c5,c5,0.28905952,0.35820848,0.35273197,0.22319871014146242,0.15231146140521454,0.624489828453323,0.26708864051030085,0.27078997185482917,0.46212138763487
19148,9f15b636bf90424ab6b5f4ad8072c395d85748c535d5ef111fab375689bdbe70,1,c1,c234,c5,c234,0.2442881,0.4137254,0.34198648,0.2442217514021251,0.3650809242056173,0.39069732439225763,0.2918714929887098,0.3626007901987159,0.3455277168125743
19177,23684451e41f84f7101f264c1287ae7b47d6a8e16379d68b0418f14e714c8ff5,1,c234,c234,c5,c5,0.2680714,0.42476383,0.30716476,0.12142955991576912,0.35788121573745724,0.5206892243467737,0.20592377260094594,0.37259247665854567,0.42148375074050837
19182,ec13f1fb0c1c8f5dbf68bc852637571d4a6672abe171abb231301ea9ae7c5edb,1,c1,c5,c234,c234,0.16532893,0.38428792,0.45038313,0.21201117327056854,0.44788019803278045,0.3401086286966509,0.23955104016533457,0.3930532059098616,0.3673957539248038
19185,084933bd58834189f9e808594c3a204f24e863cc1139d6c735b77125941eceb8,1,c234,c234,c234,c234,0.16087894,0.48251683,0.35660422,0.16311056929360485,0.5870121639106378,0.24987726679575722,0.21573935167941288,0.4100692261910373,0.3741914221295499
19192,5b7b0edba60d45b29db274553446ef5b48ee2899804b5bdbd0f197ccf7dd46b4,1,c5,c5,c234,c234,0.14101024,0.26869106,0.59029865,0.1494822271017906,0.4763028319086686,0.37421494098954095,0.1842611964397879,0.43098861093250085,0.38475019262771115
19199,a6d6e2620651b7ec274b1840f4f1815f2e335de63ab920dd92f7f773e25ad8c9,1,c234,c5,c5,c5,0.17667948,0.3379136,0.4854069,0.11036460928470684,0.34122550574399946,0.5484098849712937,0.20271784294948766,0.32231503445052934,0.47496712259998297
19203,7c2aa0fda82aeceb0a86421079a76072684976d6d03bea2c01360d5a986456ed,1,c234,c5,c234,c234,0.23211047,0.3351232,0.43276635,0.09309535190740793,0.4656490833367232,0.44125556475586875,0.2006449153731454,0.4167417232386222,0.3826133613882324
19205,d34d90ba866db924baeada622b41ae5e068d791e2c98c6662451999084f89c85,1,c234,c234,c5,c234,0.1853073,0.41258854,0.4021042,0.1607852813573831,0.3153073522548915,0.5239073663877255,0.18143351243276268,0.4111360794358827,0.40743040813135456
19206,25275e5595113c2be7836a871bdb6dd073f593fb3323fccfc5ba38fd8a2cfe3d,1,c1,c234,c5,c5,0.2611387,0.38682738,0.35203388,0.37525719635114585,0.24578936501050008,0.3789534386383541,0.34850983372627065,0.2991090661456292,0.3523811001281002
19210,418b1e6108743ca2632156cd730dd04b486be91b9d728ca35434e1cd6b4475d4,1,c5,c1,c1,c1,0.5884284,0.28748834,0.124083325,0.6277433665875649,0.30905456355730704,0.06320206985512812,0.5750855652979986,0.3195738788013558,0.1053405559006456
19214,2857f4aba357338419231e3343c1e274db0997b156e8889ddf794230ddc3ffc1,1,c1,c5,c5,c5,0.26600292,0.27767852,0.45631862,0.2597008398776568,0.2628151449769551,0.47748401514538796,0.21305124279895005,0.3053735978593384,0.4815751593417115
19219,5f1df806de0e3f9ba5c6c11b31b0705422beea0fde0644a3acb455febe0ff36a,1,c1,c5,c5,c5,0.14141962,0.41709778,0.44148263,0.16937302105663038,0.3057201859405773,0.5249067930027923,0.23814358293244145,0.3564094180880563,0.40544699897950226
19223,f089b6b1547acc2d8c023ac2d5cc760a0c7973c1bb2eb0c88b36d1c39b7e4263,1,c1,c5,c234,c5,0.09893996,0.20045121,0.70060885,0.2180035903661052,0.418693122421457,0.36330328721243776,0.2845613543300233,0.34061994432676873,0.37481870134320794
19227,b53c3a0095121e0d23dcc2361780eee596c5816b65f21e061ea756847360e4c1,1,c1,c5,c1,c1,0.2988678,0.34110948,0.36002275,0.5689473860155655,0.09310469554302046,0.337947918441414,0.45909114918373545,0.13934126624381396,0.4015675845724505
19230,aae6ad2d11c6148f04fd8f0af4bbcf9cfce147dbc26aa6de204e1362fd7c223e,1,c1,c5,c1,c1,0.3399096,0.3167435,0.3433469,0.44788889790309677,0.26278255391374755,0.28932854818315573,0.361363021965666,0.3297123430662869,0.3089246349680472
19233,718d57e8d3898d5f4a72fb61acf9cc6048eab6bfadd19207361a6b8488d996b0,1,c1,c5,c234,c234,0.29444987,0.3455024,0.36004767,0.2765808270794206,0.45833236901470925,0.2650868039058702,0.321078644718636,0.34913355443182376,0.3297878008495403
19237,18cb70d42d599e8fd46e0b198831ee5edb183b91214464759d72f0b5044bf4f3,1,c5,c5,c234,c234,0.29418445,0.28831837,0.41749722,0.11705848340292674,0.583521361672909,0.2994201549241642,0.18755070231855858,0.4323843093264388,0.3800649883550025
19244,83687292da882ba33492208f976f665ec5a07672c5cf8d3f28f4d253f169f950,1,c234,c5,c5,c5,0.06365922,0.2965734,0.63976735,0.22355472300103035,0.2123406330683849,0.5641046439305848,0.21299957148973378,0.29786703645699264,0.4891333920532736
19266,631d7e26f41aca0ff270e42f0b3eb51e3e935962ce9c7c6ba1c505bed42a651e,1,c1,c1,c234,c1,0.70663553,0.17358686,0.11977755,0.37932653221246226,0.48571597405392536,0.13495749373361227,0.44046224504991266,0.36337126430445005,0.1961664906456374
19267,0f36610d56df5d8dfbf126545c35bbba21fee488cf019d2163f2421f7ab9e67b,1,c234,c5,c5,c5,0.17623295,0.32171202,0.5020551,0.27093916257045936,0.28327963806866685,0.44578119936087385,0.2695506115241593,0.27608027377564426,0.4543691147001964
19268,1077929265f60103cfe171c75adf3e0e2dc783febbc194afa380334edb0c84e4,1,c1,c234,c234,c234,0.36538205,0.4185603,0.2160577,0.33536000104888847,0.51244189293786,0.15219810601325154,0.3410051889486942,0.4942284562261565,0.16476635482514934
19269,782070059710ab4986b86d448e5cc88c656b68719f78ee4e852bef330b297eda,1,c1,c1,c1,c1,0.5167298,0.24170178,0.24156849,0.5289542316706055,0.1901066619881719,0.2809391063412226,0.5050263620071359,0.20971780807835552,0.28525582991450865
19291,ed2b9720deae05a6c509c64b43488dc63da27474101d824b1344263b2a9ade1e,1,c5,c5,c5,c5,0.2543907,0.36014506,0.38546425,0.30323144517524925,0.10340065829232913,0.5933678965324216,0.28518668866795227,0.2115846818341432,0.5032286294979045
19305,1f86189dd009aab8adcdfe3c421d94763e2443f7a3585f0d6cdf00719a29382c,1,c1,c5,c5,c5,0.12027602,0.41211137,0.46761253,0.09646961794883241,0.40520980866593886,0.49832057338522867,0.19740595156322985,0.37043402864074393,0.4321600197960263
19307,f79bea0a76a872cd7bd08d98b1e5b419c94ddb3b56ab76be448ca3130d66401e,1,c234,c5,c234,c234,0.23021704,0.37394732,0.39583558,0.22801949874935093,0.49277260906436426,0.2792078921862849,0.248328587883522,0.41688472106005886,0.3347866910564192
19310,3c9a92d8ff04eee7e8297fb479d016c98cfdafd3c10b5d83d82799e8d39277ec,1,c5,c5,c5,c5,0.33883935,0.264044,0.3971166,0.28814648806732884,0.23774850648172957,0.4741050054509416,0.3001554502206366,0.2679757184328757,0.43186883134648774
19311,5c566081e4864227dcca169f7b61b4d6faedc3604a85de7ee6412eb5fd8fb5cb,1,c5,c5,c1,c5,0.35347894,0.27755356,0.36896756,0.5113964281611435,0.302502917106,0.18610065473285645,0.26612930718138506,0.28970100176886215,0.4441696910497528
19316,cee7f5f10c011c1b529d624ed74bb973c0fd102083e0f472110d202df002ffa6,1,c234,c5,c5,c5,0.13693924,0.3421435,0.5209173,0.19296890287098642,0.13427493470538984,0.6727561624236238,0.21871797565756007,0.2551361818853343,0.5261458424571056
19322,6d7e35fc5d2767b6a752f4e3f2247acd92bf05f85ca390b22b50bdda70bcd00f,1,c234,c5,c5,c5,0.22830115,0.35098845,0.42071044,0.20039819205569168,0.2772230454585031,0.5223787624858053,0.2478898801783162,0.30077821596673376,0.4513319038549501
19326,474bdbf50edf79cf95d2fd9d9236551d2ac2406cc3b0fb50e40af54c8e3324d4,1,c234,c5,c234,c234,0.17972209,0.30193546,0.5183425,0.10840157574995718,0.5555274113995096,0.33607101285053337,0.1763055032267012,0.44355641071759105,0.3801380860557077
19340,35c5bc8654bb63665786dc190c9a50d3a48ee6051bc8d00d481929e523b2d97c,1,c1,c1,c1,c1,0.52875584,0.35416648,0.11707764,0.6247033684764945,0.26562174941892214,0.10967488210458333,0.470548722700361,0.3374598697694688,0.19199140753017033
19349,db6a1ae2c2cd506a935dcf1cfcc0ea65092c65f6c08999b3ea4d92984298b4f4,1,c5,c234,c5,c5,0.258816,0.3797478,0.3614362,0.22589325680918376,0.28506805142367725,0.48903869176713904,0.2765931362823971,0.3109582056214681,0.41244865809613485
19350,b4aa79e40ed1dab064eb3819872ce57addb55f98df4b450a524b7d9e494377be,1,c5,c1,c5,c5,0.386604,0.3284652,0.28493083,0.11127399362450706,0.4236033959281686,0.4651226104473245,0.18735271073487428,0.34704870054656395,0.46559858871856186
19359,15e22046643c8d7567da6de498a9991f3e80846ff47b3153c5143fbc97391e48,1,c234,c5,c5,c5,0.119970635,0.35913926,0.5208901,0.34074201320434083,0.2656466105776563,0.39361137621800285,0.25027168406209294,0.3212391161417963,0.4284891997961107
19373,69d702819f0ab0dfe8567350a864b56ae83a04f68908a8a9bae95e96362785f6,1,c1,c5,c1,c1,0.29884684,0.2765082,0.424645,0.5168001713693724,0.22357830169336687,0.2596215269372608,0.49439739760046486,0.23003546791374438,0.2755671344857909
19379,b57e5c2606fae5912b0762f9bb711c563ba8d38582dd93f53c12226a599a078d,1,c5,c1,c234,c234,0.39324257,0.31705603,0.28970134,0.27778376268599764,0.48031156494365346,0.24190467237034902,0.2880728178343297,0.4281049968549381,0.2838221853107323
19390,b8d27a1484dc5af064b1a246d36ffc496da9954645281ba96e89cf3d90aa3c37,1,c234,c234,c234,c234,0.240135,0.40298095,0.356884,0.19328407592343946,0.6142301098187734,0.1924858142577872,0.21258568824439733,0.5021311559163053,0.2852831558392973
19391,47840ec14dade259eb64c6bebe56d18c0822a710c313c0b07af0711f7903b43e,1,c1,c1,c1,c1,0.8143355,0.11517791,0.07048652,0.5883895240033998,0.23082901111722165,0.18078146487937863,0.5987812965741289,0.2181289802165115,0.1830897232093596
19400,293b555fb209873fe5754127cc2e4173bc772c402df9b0e3e92fca1737c7a97b,1,c1,c234,c1,c1,0.3336008,0.33854786,0.32785133,0.4391625176112219,0.41411930099372124,0.14671818139505685,0.4069854063397131,0.36866978453532856,0.22434480912495833
19404,663a8c263f0eb22f39d8ab19bde388d550f36f4d7c91096bc3930243d414832e,1,c1,c5,c1,c1,0.3346294,0.3268999,0.33847076,0.4331437729340574,0.32287366450925664,0.2439825625566858,0.3849312053051846,0.3241040732668749,0.29096472142794044
19410,355af694d7b6a2f77e4a0a89c93db71f1a3dc20acadbb96353b844236bfa8471,1,c1,c5,c1,c1,0.30879414,0.30450115,0.38670465,0.47822817420729585,0.34448381248700627,0.17728801330569785,0.45545892005138144,0.32224747611424254,0.2222936038343761
19412,ba5a7f608233e43ffbbd66ec435390e9ddea2c83a5b4ad7a78d1f7b0982d3969,1,c234,c1,c1,c1,0.4365276,0.29169998,0.27177244,0.6278888297699828,0.14842873789166303,0.22368243233835414,0.49660628092042536,0.18742456807109636,0.3159691510084782
19419,efc471e9b4d3d9ba21681c82caf141f445e95460f1c4870aab80669ee4398c12,1,c5,c5,c1,c1,0.28071508,0.23020388,0.48908108,0.4656025391592154,0.19750412645920515,0.33689333438157937,0.4283397364753386,0.21030159411686303,0.36135866940779837
19425,85d33d6bffdec7d3255f19525b1a4a2c73e813076f4fd1edbefbc78cf437f38c,1,c234,c5,c5,c5,0.17575207,0.38835508,0.43589285,0.2285409947374678,0.19860583385431801,0.5728531714082142,0.28514088907542323,0.2601498215211484,0.4547092894034284
19426,b3afc105e12c3922912908f6b067ac7c9824c48d62b07699230a03ae3f061fce,1,c5,c5,c234,c234,0.28827724,0.35137296,0.36034983,0.335968032758429,0.4043520365693007,0.2596799306722704,0.2857357093435607,0.3879486184060205,0.32631567225041874
19431,774e5eaf38661955b7189ced140564bae6fd32bb661e1d026cb64e3dfcadd720,1,c234,c234,c234,c234,0.19650039,0.41865107,0.38484848,0.27351956020890283,0.5099433890349419,0.21653705075615534,0.2447417284633944,0.41921342165846215,0.33604484987814354
19435,b768f11fe0fc4b011ed078182a7a9989eedb51a94caa996ddd05edcd3b88e50f,1,c234,c5,c5,c5,0.051318746,0.22413976,0.7245415,0.056361853553589934,0.16446293606641177,0.7791752103799984,0.07903844289129935,0.2693165551900745,0.6516450019186262
19440,0989faf59ddeeb0036770eaa608119011148fcaf3aa2fb2a6e314b6ba15f200b,1,c5,c234,c234,c234,0.25642675,0.47273943,0.2708338,0.2975518593847294,0.512297318204317,0.19015082241095357,0.31292981788821217,0.43638633772331953,0.25068384438846825
19455,1cfb5a0dabac0d695f9c39ba0e9d813d0736e3a710bd6e02c2bf62b70d10ac29,1,c5,c5,c5,c5,0.21183935,0.29170972,0.49645087,0.1774773777488618,0.3651390894760205,0.45738353277511773,0.2163299212266057,0.3484398505258607,0.43523022824753366
19460,69be78b82fb3b9c057b1dc6c87cd73eb412a0c2e45eb78083c0f95915ccc28dc,1,c5,c5,c234,c5,0.09772437,0.26997748,0.6322981,0.0679663113359971,0.4834197727419183,0.44861391592208455,0.13495372189614915,0.4286408617179111,0.43640541638593977
19479,eff4d7bb53fef6bcd56a4671488b508716de0e2b8652d2d1d70a56f2b8bbd32b,1,c1,c1,c1,c1,0.614956,0.22457221,0.16047183,0.5459426999851473,0.2809650518699681,0.17309224814488444,0.5182270593962572,0.24729312974751597,0.2344798108562268
19485,71e6a22dc468765270db8dd8ba72baaf3c3ccbdcec3bc5f8578c8affefb9a7f5,1,c234,c234,c1,c234,0.16907205,0.47106665,0.35986137,0.4465196945652174,0.2940973138681035,0.25938299156667916,0.29158840259729407,0.4035895029649852,0.30482209443772074
19488,2f0009ad3519ff289654b6905139942805eee0bbcfbd45e3d71c03697f4636cd,1,c234,c1,c1,c1,0.521983,0.24065006,0.23736691,0.5269987868838836,0.18715948249596595,0.2858417306201505,0.492004042577704,0.2107782946865647,0.2972176627357313
19537,e104a144489cfbd35c1ec9896d58bdb023777bc25e6be7aef65daebc2d4ff54d,1,c1,c234,c234,c1,0.22905274,0.38606885,0.38487843,0.44298509881823567,0.4613661907607162,0.09564871042104806,0.447689007667484,0.41597663746746333,0.13633435486505263
19547,e04d8959c5948977bdce30ab812cacb45935d164b7152e3bb9cdb1e6e1f17759,1,c1,c5,c234,c5,0.2840674,0.30401427,0.41191837,0.11814992414290457,0.5342369034176867,0.34761317243940865,0.2532152874918457,0.3437029784620567,0.40308173404609765
19558,03b6b8ab23d3e5a5ad00f7fa558c8704d0b75c89b9ba54e955644eeb6cbf863a,1,c1,c234,c234,c234,0.368596,0.44140851,0.18999547,0.21290137744033036,0.5203989759012486,0.266699646658421,0.2671078431304707,0.4428409950804595,0.2900511617890698
19562,3f5286fe8034fed9dc7df31e769e53303aa1ffbce90df8f6c56b2892e16d3354,1,c234,c5,c1,c234,0.25360745,0.27325842,0.4731341,0.5297664029458123,0.300208286495119,0.17002531055906867,0.3639562304470036,0.3908272745132429,0.2452164950397534
19566,1a6e04b98456932ebe8184026471306a4826535f0ca5de5b7101c501d51bc669,1,c234,c5,c234,c234,0.11848422,0.3411394,0.54037637,0.11178429867555235,0.6176901215759654,0.2705255797484824,0.14092474509261374,0.48186692660843633,0.37720832829895
19568,8eba49b46bf03660ecc1283ff8f049c60d792a81b26ef853a0725f7505528084,1,c1,c1,c1,c1,0.5075119,0.2872985,0.20518957,0.6876213527984772,0.19369835031867463,0.11868029688284805,0.5097346735074985,0.2968597290983853,0.19340559739411622
19570,5e894d797517a4d01fcdd575cdb9a55dcd6448256abbe2a616324ff264d67cb7,1,c5,c5,c5,c5,0.1357145,0.35330263,0.5109829,0.08237468832503357,0.274277101324964,0.6433482103500024,0.13041318564751897,0.23286003274711783,0.6367267816053633
19578,4b00f12d9e00e90b52760076f935af910c24a0ffa9256c7fbb9d550ff8d181f1,1,c5,c5,c5,c5,0.2307809,0.32442355,0.4447955,0.32742582340081644,0.26006794487225154,0.412506231726932,0.36058495530293083,0.24566924478102442,0.3937457999160447
19580,fdef692572896f63777f7d47683ac54db0be00cc09bfad2a64c1b63500a465a7,1,c5,c5,c234,c5,0.081330135,0.35987878,0.55879104,0.07285784062993435,0.48807946785557305,0.4390626915144926,0.10018337287090029,0.44783359015738905,0.45198303697171066
19584,5e5a73d166ee5591b41f95e29f768b08562ea4d0e490480ee45cf2e0a87d9400,1,c5,c1,c5,c5,0.3625774,0.34435344,0.29306918,0.18884538483501404,0.40555933027200575,0.4055952848929803,0.308732718481935,0.3231473934982069,0.36811988801985807
19588,4f20f2a37ef1b77d0b48a175736a404b77ed027c6d3d0df4bf2c437bfcc93a15,1,c234,c234,c5,c5,0.25791058,0.3907875,0.3513019,0.11090546729012159,0.2918983501612372,0.5971961825486413,0.19112833780964136,0.37109288006545016,0.4377787821249085
19593,edcc942488501cfe1083a1eb9f8c14eb6c4c9e6f926c3a7c6c7827c3b5faa857,1,c5,c1,c234,c234,0.47941056,0.2975506,0.22303887,0.2779337164758063,0.4801468869246867,0.24191939659950698,0.3305606712126871,0.3540689053100007,0.31537042347731215
19607,359ffbc1bed52607d7a5c7b37eceae7f41ca5bb5783a5ecea7397191c1359d87,1,c1,c1,c234,c234,0.48812643,0.3439519,0.16792162,0.2286240093963607,0.4800419217738971,0.2913340688297421,0.28347067820358457,0.4631560395250615,0.25337328227135403
19611,198dc5b484265bec45e6a5f7a3cefa177896932cba8879e9218e71aebe3a7939,1,c5,c234,c234,c234,0.32394236,0.35510322,0.32095444,0.38553026787225525,0.4105533567130873,0.20391637541465749,0.3509431197721131,0.3551876404492632,0.2938692397786237
19625,9f8c53e1362d89f2d71fa35f39655ab711261451499460cc35dae9f45a67217f,1,c1,c5,c5,c5,0.12791568,0.38945186,0.4826325,0.2578166957291902,0.3293456167715565,0.4128376874992533,0.314132463177234,0.311366882293153,0.37450065452961306
19629,af515beff90bac1ad0985b483e94dad14972e5c0474b54e7cdcbadc499313560,1,c234,c234,c5,c5,0.30897027,0.4004322,0.2905975,0.2052908977421507,0.29960556630732466,0.49510353595052453,0.2529142793973593,0.2969250167763956,0.4501607038262451
19633,c5bd38253187a212995cb0fd7675b7766cb5479687191d8e441bb4a60eb8ebb4,1,c5,c1,c234,c234,0.38317218,0.3605317,0.25629616,0.38173232225670645,0.41545047081491837,0.20281720692837515,0.3261242426366327,0.4536902325535529,0.22018552480981438
19634,2d85819cf90dcae9fa2d06dd0dba7a06583af68da6da8b140d37f834569d8aeb,1,c5,c1,c1,c1,0.5941971,0.31647584,0.08932704,0.3869726928857322,0.3514687835527847,0.261558523561483,0.39879900558066533,0.35890204795167285,0.24229894646766179
19647,526486e074570c058058dd7cbda9c27acc37f4a4e7944c4bfa9872e45b745135,1,c5,c5,c5,c5,0.15769294,0.32888752,0.51341957,0.18025574869278577,0.2517986545180589,0.5679455967891553,0.229676131946396,0.26886204635687627,0.5014618216967277
19660,723672af15655ddd1cbacd1646847413a41267de5362bfb0bb4291438cf3adff,1,c234,c5,c5,c5,0.18719728,0.35177806,0.4610247,0.13917067127191368,0.3715387603475441,0.4892905683805423,0.16550502723929433,0.397329468784242,0.43716550397646375
19669,8366ebc48a09e4eb99e20f5c8aa12761225c1bb1e67da9ee07c3be2b57791118,1,c234,c234,c1,c234,0.275882,0.4382344,0.28588364,0.40974544595816453,0.3683432420510819,0.2219113119907537,0.3521516360607616,0.4025902334149909,0.24525813052424753
19683,d9617d1d99de97111bc2d6dc4b2145da3c8704be5dd9b66d245c9159c9bbcfc3,1,c1,c234,c1,c1,0.2696512,0.374506,0.35584274,0.8031219054539771,0.16690446804111567,0.029973626504907203,0.6388394741306835,0.2794919533718842,0.08166857249743238
19685,e9fdde0102538261474b8f9e828605bd4a7fbbb276499008b3586ae0effa6526,1,c5,c5,c234,c5,0.28234446,0.34025413,0.37740144,0.14252007019190507,0.4537873211895209,0.403692608618574,0.20306985295437424,0.3776145702626142,0.4193155767830117
19703,e1cca93c214afce4e63b9ceb3fee3bdea083f53c93faaffb3803b509ec1bba47,1,c234,c5,c5,c5,0.17131789,0.2946297,0.53405243,0.11861269342722315,0.3535907004343199,0.5277966061384569,0.20675321672465974,0.349147686937904,0.4440990963374362
19704,f4cb5cf8bba5617ecfea59fa48029d44fbbf3a825e55f9a6eedb7573392e550d,1,c5,c1,c1,c1,0.3664045,0.36258188,0.27101368,0.5245928340618367,0.2818865454807904,0.193520620457373,0.4283687226435111,0.25681691958740177,0.3148143577690872
19713,f633924386016e510ea1ea38f3d2bbb0b8cdeda41bad806c8d8b8235e1f49b8c,1,c1,c5,c5,c5,0.17144334,0.35156885,0.47698775,0.25792058872064394,0.3513173252728534,0.39076208600650253,0.28810221194813634,0.3132728871147495,0.39862490093711406
19717,a16a75057114a27be55160a5fe3edf5413d963c35d262444d28977d965c443cb,1,c234,c234,c234,c234,0.19946171,0.4318699,0.3686684,0.2209460412348532,0.45656378550215626,0.3224901732629904,0.2219519295894794,0.4034664863458208,0.3745815840647
19726,0ac231879bce2dd2e89b45c76354c43886e3143a20526505f6b4305c3f56289d,1,c5,c5,c5,c5,0.16400948,0.261151,0.57483953,0.07921132779838229,0.19406904702864294,0.7267196251729747,0.16728509774999906,0.313902875609384,0.518812026640617
19738,157df91056195e7099fca3f5c1d23f4efa8fd09577dfdd00d1c16a5ec84e0d1d,1,c234,c1,c1,c1,0.462359,0.32234013,0.21530084,0.5088299244054278,0.3073257735306378,0.1838443020639344,0.4238287546547754,0.3560869697028967,0.22008427564232794
19739,777c05e24195f5a83b90fbfcd6ca9390594d71c22f4d50611b79a3f0ef4a3d65,1,c234,c234,c1,c1,0.35049695,0.36940664,0.2800964,0.4160702660807074,0.40367610379798224,0.1802536301213104,0.396363452205185,0.374349383977296,0.229287163817519
19744,24170e0bcb050a47fbc7e8e94656c899272927bec8ab6d7578cb5dec068f2b9c,1,c1,c1,c234,c234,0.42515895,0.30168816,0.27315286,0.3038853795009104,0.5060863355908402,0.1900282849082495,0.3478895276932803,0.3940968463867695,0.2580136259199502
19753,e305b252ec8ee55ca203ad6fd322917e11bdbd66e703b1b805d769effbd1699a,1,c234,c234,c234,c234,0.22595827,0.39762637,0.3764154,0.19163411867609886,0.6111555737427288,0.1972103075811724,0.22706160849419438,0.5234154047807922,0.24952298672501327
19755,fb07662b64748c4ed452ff2183b35e484086aa9ce3a74cdb894fa2c287a8fbdd,1,c5,c5,c1,c234,0.1742144,0.26806167,0.5577239,0.4546443239412602,0.35611043779733764,0.18924523826140233,0.34453433999640565,0.3894939815564205,0.26597167844717384
19756,8996a6be0602d4cced5398341414b9c40f3798dcc6bf47fd76cbb288bc38c312,1,c5,c234,c5,c5,0.21787721,0.39709604,0.3850267,0.1282107587919961,0.3595791290652754,0.5122101121427286,0.19761881418564878,0.3838619591866434,0.41851922662770785
19763,606edc4f0980804b347b8dd950a4f73762b2bba073a022f18fbb77c04ac16283,1,c1,c5,c5,c5,0.2956634,0.3413693,0.3629673,0.34530603488178824,0.28306568264742116,0.37162828247079066,0.3075671131483284,0.28732340091526415,0.4051094859364075
19764,c073be83ce1402e592f2b358af57e25e913be84b9856c17bc6368a9a3eeae23b,1,c234,c1,c1,c1,0.7568302,0.14793544,0.09523434,0.5281565228983327,0.4041866872993317,0.06765678980233553,0.5877264370415776,0.30897494775623235,0.10329861520219001
19767,9f01a7d769a9cb585046b0f9e5530a9443c8de79e9ba4ea42e6d76fe4f76bf42,1,c5,c1,c1,c1,0.37214756,0.28785115,0.3400013,0.42280398157622057,0.27180185463093215,0.30539416379284734,0.4092197950293613,0.21971189003679106,0.37106831493384773
19770,045364f23eb88e190840e5c29f195f24e625dcd468198f7756545ed973e0a5cb,1,c234,c234,c5,c5,0.13496688,0.49434346,0.37068972,0.17544785707247965,0.36932061486599344,0.4552315280615269,0.24766179728380164,0.36004089580805476,0.39229730690814363
19773,50eec0247fd9497bbb952f82b4acf17384b879cea6a32c421614ee63af1363e3,1,c5,c5,c234,c5,0.19150004,0.2793074,0.52919257,0.28295294246332675,0.3662483696569837,0.35079868787968943,0.2769042184326852,0.36112437250998114,0.3619714090573337
19775,441474e27f4330b948098cc06303e10cd413adfe7bec470792d600f0efb73ad4,1,c1,c234,c234,c5,0.27424628,0.39421237,0.3315414,0.3049610572764046,0.45706105860824636,0.2379778841153491,0.3260768482649144,0.3251364127307356,0.34878673900435
19779,91af683d48a0e17ca56aafb20ed816b409419c801429dedca45290f8a4beaa3a,1,c234,c234,c1,c1,0.18686134,0.42932355,0.38381502,0.640886512838847,0.2500240009649517,0.10908948619620129,0.5777785511247288,0.30710525835053104,0.11511619052474012
19780,74ec8a2211f5e71b29a65fb6b8d4209512c8b4c3b75bc900ea2c1cbb1e228c7b,1,c5,c234,c5,c234,0.2502536,0.41816983,0.3315766,0.1807446910619217,0.3671287399874976,0.4521265689505806,0.3224928108438763,0.37982305793490223,0.29768413122122145
19786,8e12540ae1976ab177a01b8439fa4824151326b7646979b4b141a714a556791b,1,c1,c1,c1,c1,0.55917466,0.33503497,0.105790414,0.5472756384790788,0.32798793256561887,0.12473642895530221,0.512555614563032,0.33615225010927446,0.15129213532769345
19789,897692ed9e3bd736a12598502087fc80b4d760b60fa0eac66664f5d3d7f5d6a8,1,c234,c5,c5,c5,0.05759481,0.24204819,0.70035696,0.0930345856844431,0.12108949055783173,0.7858759237577251,0.10685198752779551,0.16502138320175364,0.7281266292704509
19796,f1d15a299637d7f478b90f3125710e160777fee7893df9487e0e2781b620fcbc,1,c5,c1,c234,c1,0.5369831,0.2710628,0.19195408,0.30852341640705777,0.3559918615396968,0.3354847220532454,0.3884801780485594,0.27938516943083214,0.3321346525206084
19815,2fbfb75ca29a1468ac744157efb90715dc25acc652ad83dd220330845c75161b,1,c234,c5,c1,c1,0.23145898,0.3656762,0.40286475,0.620761345430522,0.10367760554767996,0.27556104902179807,0.49056667258482306,0.2442635506573702,0.26516977675780673
19825,88ff2fde8658703d5271a6b4912b77a0e510cef7827fb6dc6608b4b846d33e14,1,c5,c1,c1,c1,0.76241124,0.19285817,0.04473062,0.6626039585786108,0.25053308808330355,0.08686295333808572,0.5823699515752493,0.2705212498592167,0.1471087985655339
19841,471283762a0a4412769c46957f18c737b6e53e16044f2d6f0e1ce8fac3d4b5e2,1,c1,c1,c1,c1,0.5305811,0.33474547,0.13467342,0.6016361557163232,0.3260377930116748,0.07232605127200195,0.5665112588887782,0.30747027223784706,0.12601846887337473
19844,c9f40d0ce08cbcf7502566b77645f08c66ab100b485e48be808c609b406984d9,1,c234,c5,c5,c5,0.18681748,0.30138928,0.51179326,0.1369395124042367,0.2888513563387287,0.5742091312570345,0.28242992147803503,0.2746719258258153,0.44289815269614974
19846,f59c5a446264ce3636a5d58b5a4dec186e0d5ef98817e03a5d89604f0ca6fe5d,1,c234,c1,c1,c1,0.3957971,0.2725093,0.33169356,0.5499177035912277,0.20415536866263204,0.2459269277461404,0.4425279005873541,0.30328020781263293,0.2541918916000131
19861,6811b24f985a449152f61fcdca80e0e05710a98fdd150627fba9b5eadab52172,1,c234,c5,c5,c5,0.11382126,0.24342874,0.64275,0.2991186170008116,0.1655887743158374,0.5352926086833509,0.2339787141174905,0.21333276783309008,0.5526885180494194
19871,adbfca72a066bbed9f47150e4964d36d71eb6a3d27317397039a8ed4ac49b8fd,1,c1,c5,c234,c234,0.14290781,0.32530037,0.53179187,0.2108929225722393,0.40037619129309043,0.3887308861346702,0.23833947702059416,0.38357751498455595,0.37808300799484984
19885,225bf741a8a020df587c35343a52ad15e8b6b17e4de3d1033a7d08dcc18b13c6,1,c5,c5,c5,c5,0.11340052,0.3025609,0.58403856,0.15035299771778715,0.26413329713610273,0.5855137051461102,0.2221490814024014,0.33383651009834203,0.44401440849925655
19887,d5b50b72117c3c37c1b2e6537d134121831dbe1cf917014eb9830e32654f70b5,1,c234,c1,c1,c1,0.41104227,0.37890348,0.21005431,0.5459271605848504,0.2920465049055483,0.16202633450960136,0.451632380249099,0.31978482810283904,0.22858279164806186
19888,3bdafbcd901cc12350aa14887732a3b7592ea9d4d08163ccce8cb74286a9a619,1,c234,c5,c5,c5,0.24849871,0.2534952,0.49800617,0.18266952170167775,0.2715737958010214,0.5457566824973009,0.20366086684218723,0.288659185222324,0.5076799479354888
19900,e2707caddda7df17044ba0bd988aa3f357ca887502e280a3119c9a1de82b8456,1,c1,c5,c234,c234,0.1936007,0.40245628,0.40394303,0.17852105307574756,0.5216910542277106,0.29978789269654194,0.22090126518981418,0.4948802393467877,0.28421849546339806
19905,4c260824835eb0a4999d6e25dae97b766cde6d05fc9377306c76d21366640cc5,1,c234,c234,c234,c234,0.34178942,0.4534667,0.20474392,0.32594789128930657,0.39865053998344646,0.27540156872724686,0.3405078427982941,0.3913048247799782,0.26818733242172765
19906,b95863bce08e326afbd1dea51925314555a7dab7ec25deba0ed568bb84f5f162,1,c234,c5,c5,c5,0.13680811,0.22961746,0.63357437,0.2411362778405715,0.331487282326767,0.4273764398326614,0.25228669207842785,0.29874643733679895,0.44896687058477325
19910,5028f6cb5cc6b0def346220239f930890d7d0abc1a58c0de4dd0efcf862be6c6,1,c5,c5,c5,c5,0.2129196,0.27099136,0.5160891,0.1422600695372982,0.1586788062336496,0.6990611242290521,0.19493468537182082,0.23029439762382414,0.574770917004355
19912,43834196004562dae6bd3e14e669682ab5dd6a173bb383772c935274ec502e0d,1,c1,c1,c1,c1,0.3425,0.32387826,0.3336217,0.41495171863752855,0.24398439434615338,0.34106388701631807,0.37239119766716594,0.29829408176989797,0.32931472056293604
19924,b539b5cb53072a314ce92acd8a87a074f08ca8f635a3334d99deae974ff11328,1,c234,c1,c1,c1,0.52520967,0.3157966,0.15899369,0.5513245573049779,0.28760725699680606,0.16106818569821604,0.49922894783994026,0.342211356800287,0.15855969535977263
19927,ddd29d37e46ad8f348a807394fbed488b0e9419bc153918a0998662aa1276c39,1,c5,c5,c234,c234,0.32196844,0.31083173,0.36719987,0.157594694332873,0.637213264982561,0.20519204068456606,0.24004142559002534,0.5042347677127212,0.2557238066972533
19929,82663489bd626f13bbb0549bb46f4a612569ad540c8a6df2340db94b864cddf5,1,c1,c1,c1,c234,0.3951654,0.32467285,0.28016168,0.39319612831133505,0.3354357279837181,0.2713681437049469,0.3464440942462504,0.36021784483374253,0.2933380609200071
19935,faa3e03cc3cad8d983469ba385d1e1d0a0db231defead63dac885813e995e6de,1,c234,c5,c234,c234,0.22682111,0.36189455,0.41128433,0.12671827851744746,0.7152109338480127,0.15807078763453977,0.24897710531104447,0.5838332365909743,0.16718965809798117
19938,4dfe64f24db8872ea0852076075e270e1169ee1ed35791462416da6d0dbacdf0,1,c5,c1,c1,c5,0.56704843,0.30782717,0.12512442,0.46253298446190017,0.27616949392946355,0.26129752160863634,0.3549187308097885,0.2738419265970453,0.37123934259316616
19940,9f2fbe4bfc63beefc219f852aa8eb580f806c4e4d4b96e7d1741826d811c4ec4,1,c234,c1,c1,c1,0.5172343,0.23551446,0.24725124,0.5291791453011737,0.2497444782446117,0.22107637645421457,0.6057042483108703,0.21102329398101763,0.18327245770811215
19942,c499baa2ca348bc63672e07e7f6481765cdbec25ae70ceef62603f7ecc047154,1,c5,c234,c234,c234,0.29281163,0.44562447,0.26156387,0.32815157712546406,0.44539539639336295,0.226453026481173,0.28837618598200826,0.44981409137869544,0.2618097226392963
19948,cb7cdcb1524aaa1a698042b44402a53dc48243b264b41922fa21969d87e8ab53,1,c234,c5,c1,c234,0.29497302,0.35207638,0.3529506,0.3390459014406383,0.3305107335885705,0.3304433649707911,0.30731446843771953,0.3597785776933378,0.3329069538689426
19967,4009be57849279647ddc45f1d8dae6026e5a97ee8d27ea49ac63fc46dc4303c1,1,c1,c234,c5,c5,0.2987949,0.37292743,0.3282777,0.21373468978543314,0.32429095391606627,0.46197435629850053,0.2869257181377659,0.3007696960114982,0.41230458585073587
19970,17e553875652f7b1f7a0c1f8c82a0f36d97b9534196039f58403f3a761fd4234,1,c5,c5,c5,c5,0.18145998,0.37864724,0.4398928,0.0795796549279608,0.34527496368941574,0.5751453813826235,0.161333533515332,0.35323480919860945,0.48543165728605864
19983,7439f168c02f7bafa14798907f53502524984858fe10c79dde7909e8e86ac538,1,c234,c5,c234,c1,0.2722088,0.2942489,0.43354234,0.360304132135992,0.3762060791611382,0.2634897887028698,0.35099399221557304,0.3084346125410166,0.34057139524341035
19993,b1731c3be38d5d3e30249fe536d2663ba5494a4abbc27acb4c875cb30c6082f9,1,c234,c234,c5,c5,0.32166904,0.42687848,0.25145245,0.3189542907202487,0.2268504312149955,0.45419527806475574,0.3460740466356602,0.2871026043955556,0.36682334896878416
20014,4a8af6c9bc4e018e77e8922e28110389466ca392953a4432ad8b2a77dc3d97c4,1,c1,c234,c234,c234,0.2187518,0.43585825,0.3453899,0.16731571146374447,0.4840663205878355,0.34861796794842004,0.19966498215741466,0.4167302591476562,0.383604758694929
20016,0fdc2f855f0e02b60e5b0fa1b57a669a0727a50316dd23703338be6a744cd7c7,1,c234,c1,c1,c1,0.4863917,0.36344668,0.15016152,0.6192239416489866,0.16385496326992893,0.2169210950810844,0.5017447195432199,0.2838345969561886,0.21442068350059157
20034,a4917f4c8ce464c9e678eb9e515e102fb11ff5afa54de37164a239e39ce1726f,1,c5,c5,c5,c5,0.15827526,0.23331405,0.6084107,0.19863469144358922,0.17171763460360928,0.6296476739528014,0.22647018320337495,0.22010899056626113,0.5534208262303639
20044,61cf0022711860774f84fd88e60f4f8ccfe600ac06f166730bc13e4f33dfec85,1,c234,c1,c5,c1,0.3646491,0.29821384,0.337137,0.3573894341699121,0.24288698625669905,0.39972357957338883,0.3858951250100273,0.2826819621805783,0.3314229128093944
20056,d17d2c7a9387e2945bf6a2a8d7e01eda4b84015b7f29a33d2f69037575dd4039,1,c5,c234,c234,c234,0.31745052,0.48273513,0.19981444,0.27206726960119126,0.48511750186981606,0.24281522852899257,0.2421893280711945,0.4493175392208827,0.30849313270792283
20083,d1b7b2ae33dcbbb3d6aedf1f4cf808a1df3d27e3a004fb9b7ad203426c9623c9,1,c234,c1,c1,c1,0.4546134,0.42816478,0.11722187,0.5983688080134802,0.23831100015797124,0.16332019182854854,0.4679995255876467,0.3406493862472832,0.19135108816507015
20085,43a3e69a3821a1691b60452a4e320acba4ac709387857f27e3f889401f871ea1,1,c1,c1,c234,c234,0.6410143,0.2209417,0.13804407,0.353550372849149,0.4323036657166646,0.21414596143418638,0.3574126992391751,0.4112732043954538,0.2313140963653712
