excel_row,group_id,fold,true_label,pred_raw,pred_majority,pred_normalized,pred_style,pred_ordinal,pred_consensus_filter,pred_combined_svc,pred_combined_ordinal
2,0,3,c5,c1,c1,c1,c1,c1,c1,c1,c1
3,1,3,c1,c234,c234,c234,c234,c234,c234,c234,c234
4,2,3,c1,c1,c1,c1,c1,c1,c1,c1,c1
5,3,3,c234,c1,c1,c1,c1,c1,c1,c1,c1
6,4,1,c234,c234,c234,c234,c234,c5,c234,c234,c234
7,5,1,c1,c234,c1,c1,c234,c234,c234,c234,c234
8,6,3,c234,c5,c5,c5,c5,c5,c5,c5,c5
9,7,3,c234,c5,c5,c5,c5,c5,c5,c5,c5
10,8,3,c1,c5,c5,c5,c5,c5,c5,c5,c5
11,9,1,c234,c234,c234,c234,c234,c234,c234,c234,c234
12,10,1,c234,c5,c5,c5,c5,c5,c5,c5,c234
13,11,3,c234,c234,c234,c234,c234,c234,c234,c234,c234
14,12,1,c1,c5,c5,c5,c5,c5,c5,c5,c5
15,13,3,c234,c1,c1,c1,c1,c1,c1,c1,c1
17,15,1,c5,c234,c1,c234,c234,c234,c234,c1,c1
18,16,1,c234,c1,c1,c1,c1,c1,c1,c1,c1
19,17,3,c1,c1,c1,c1,c1,c1,c1,c1,c1
20,18,3,c1,c5,c5,c5,c5,c5,c5,c5,c5
22,20,1,c1,c5,c5,c5,c5,c5,c5,c5,c5
23,21,2,c1,c1,c1,c1,c1,c1,c1,c1,c1
25,23,1,c5,c5,c5,c5,c5,c5,c5,c5,c5
26,24,3,c234,c234,c234,c234,c234,c5,c234,c234,c234
27,25,1,c1,c234,c234,c234,c234,c234,c234,c234,c234
29,27,3,c1,c1,c1,c1,c1,c1,c1,c1,c5
30,28,1,c1,c234,c234,c234,c234,c234,c234,c234,c234
31,29,2,c1,c5,c5,c1,c1,c5,c5,c1,c5
33,31,3,c5,c234,c5,c234,c5,c234,c234,c5,c234
34,32,1,c5,c5,c5,c234,c234,c5,c5,c234,c5
35,33,3,c1,c1,c1,c234,c1,c1,c1,c1,c1
37,35,1,c5,c5,c5,c234,c5,c234,c5,c234,c234
38,36,2,c5,c5,c5,c5,c5,c5,c5,c5,c5
39,37,3,c5,c234,c234,c234,c234,c234,c234,c234,c5
41,39,3,c5,c5,c5,c5,c5,c5,c5,c234,c5
42,40,1,c234,c5,c5,c5,c5,c5,c5,c5,c5
43,41,1,c5,c1,c1,c5,c1,c5,c5,c1,c1
44,42,2,c234,c5,c5,c5,c5,c5,c5,c5,c5
46,44,3,c234,c234,c234,c234,c234,c234,c234,c234,c234
47,45,1,c5,c5,c5,c5,c5,c5,c5,c5,c5
49,47,2,c5,c1,c1,c1,c5,c1,c1,c5,c5
50,48,3,c5,c5,c5,c5,c5,c5,c5,c1,c1
51,49,1,c234,c234,c234,c234,c234,c234,c234,c234,c234
52,50,3,c234,c234,c234,c234,c234,c5,c234,c234,c5
54,52,1,c5,c5,c5,c5,c5,c5,c5,c5,c5
55,53,3,c234,c1,c1,c1,c1,c1,c1,c1,c1
56,54,2,c5,c5,c5,c234,c5,c5,c5,c234,c5
57,55,1,c1,c234,c1,c234,c234,c234,c234,c1,c234
60,58,2,c234,c5,c5,c5,c5,c5,c5,c5,c5
61,59,3,c1,c1,c1,c1,c1,c1,c1,c1,c1
62,60,1,c5,c5,c5,c234,c5,c5,c5,c5,c5
63,61,2,c5,c5,c5,c5,c5,c5,c5,c5,c5
65,63,3,c234,c5,c5,c5,c5,c5,c5,c5,c5
66,64,1,c1,c1,c1,c1,c1,c1,c1,c1,c1
69,67,3,c1,c234,c234,c234,c234,c234,c234,c234,c234
70,68,2,c234,c234,c234,c5,c234,c5,c234,c5,c5
72,70,1,c5,c5,c5,c5,c5,c5,c5,c5,c5
73,71,3,c1,c234,c234,c234,c234,c5,c234,c234,c5
74,72,2,c234,c234,c234,c234,c234,c234,c234,c234,c234
76,74,3,c234,c234,c234,c5,c234,c5,c234,c234,c5
77,75,2,c234,c5,c5,c5,c5,c234,c5,c5,c234
78,76,1,c234,c1,c1,c1,c1,c234,c1,c1,c234
79,77,1,c234,c5,c5,c5,c5,c5,c5,c5,c5
81,79,2,c234,c234,c234,c234,c234,c234,c234,c234,c234
82,80,3,c1,c234,c234,c234,c234,c234,c234,c234,c234
83,81,1,c1,c234,c234,c234,c234,c234,c234,c234,c234
85,83,2,c234,c234,c234,c234,c234,c234,c234,c234,c234
86,84,3,c234,c5,c5,c5,c5,c5,c5,c5,c5
87,85,1,c5,c1,c5,c1,c1,c5,c1,c1,c5
89,16,1,c1,c1,c1,c1,c1,c1,c1,c1,c1
90,88,2,c5,c234,c234,c234,c234,c234,c234,c234,c1
91,89,1,c1,c5,c5,c5,c5,c5,c5,c5,c5
93,91,3,c1,c1,c1,c1,c1,c1,c1,c1,c1
94,92,2,c1,c5,c5,c5,c1,c5,c5,c5,c5
95,93,3,c1,c5,c5,c234,c5,c5,c5,c234,c234
96,94,1,c1,c234,c234,c5,c234,c234,c234,c5,c234
98,96,2,c234,c1,c1,c1,c1,c234,c1,c1,c5
99,97,3,c5,c5,c5,c5,c5,c234,c5,c5,c234
100,98,1,c5,c5,c5,c5,c5,c5,c5,c5,c5
101,99,2,c5,c234,c234,c234,c234,c234,c234,c234,c234
102,100,1,c234,c234,c234,c234,c234,c234,c234,c234,c234
104,102,3,c234,c234,c234,c234,c234,c234,c234,c234,c234
105,103,2,c5,c234,c234,c234,c234,c234,c234,c234,c234
106,104,3,c234,c1,c1,c1,c1,c1,c1,c1,c1
108,106,1,c1,c234,c234,c234,c234,c1,c234,c234,c234
109,107,1,c234,c1,c1,c1,c1,c5,c1,c1,c5
110,108,2,c5,c1,c1,c1,c1,c1,c1,c1,c5
112,110,3,c5,c5,c5,c5,c5,c5,c5,c5,c5
113,111,1,c5,c5,c5,c5,c5,c5,c5,c5,c5
114,112,2,c234,c5,c5,c5,c5,c5,c5,c5,c5
115,113,3,c5,c234,c234,c234,c234,c234,c234,c234,c234
117,115,2,c234,c1,c1,c5,c1,c5,c1,c234,c5
118,116,1,c5,c234,c234,c234,c234,c234,c234,c234,c234
119,117,3,c1,c1,c1,c1,c1,c1,c1,c1,c1
121,119,1,c234,c234,c234,c234,c234,c234,c234,c234,c1
122,120,2,c5,c5,c5,c5,c5,c5,c5,c5,c5
124,122,3,c234,c1,c1,c1,c1,c1,c1,c1,c1
125,16,1,c234,c1,c1,c1,c1,c1,c1,c1,c1
126,16,1,c1,c1,c1,c1,c1,c1,c1,c1,c1
127,125,2,c5,c5,c5,c5,c5,c5,c5,c5,c5
128,126,1,c234,c5,c5,c5,c5,c5,c5,c5,c5
129,127,1,c5,c5,c5,c5,c5,c5,c5,c5,c5
131,129,1,c1,c234,c234,c234,c234,c234,c234,c234,c234
132,130,2,c234,c234,c234,c234,c234,c234,c234,c234,c234
133,131,3,c5,c234,c5,c234,c234,c234,c234,c5,c5
134,132,3,c234,c234,c234,c234,c234,c5,c234,c234,c5
136,134,2,c1,c1,c1,c1,c1,c1,c1,c1,c1
138,136,1,c1,c1,c1,c1,c1,c1,c1,c1,c1
139,137,2,c234,c1,c1,c5,c1,c5,c5,c5,c5
140,138,3,c5,c5,c5,c5,c5,c5,c5,c5,c5
141,139,2,c234,c234,c234,c234,c234,c234,c234,c234,c234
142,140,1,c234,c5,c5,c5,c5,c5,c5,c5,c5
144,142,3,c234,c234,c234,c234,c234,c234,c234,c234,c234
146,3,3,c1,c1,c1,c1,c1,c1,c1,c1,c1
147,145,1,c1,c5,c5,c5,c5,c5,c5,c5,c5
148,146,3,c1,c234,c234,c234,c234,c234,c234,c234,c234
149,147,2,c5,c1,c1,c1,c5,c234,c1,c5,c234
150,148,3,c1,c5,c5,c5,c5,c5,c5,c5,c5
152,150,2,c234,c234,c234,c234,c234,c234,c234,c234,c234
153,151,2,c234,c5,c5,c5,c5,c5,c5,c5,c5
154,0,3,c1,c1,c1,c1,c1,c1,c1,c1,c1
155,153,1,c5,c5,c5,c5,c5,c5,c5,c5,c5
156,154,3,c5,c1,c234,c1,c1,c5,c1,c1,c5
158,156,1,c5,c234,c234,c234,c234,c234,c234,c234,c234
159,36,2,c5,c5,c5,c5,c5,c5,c5,c5,c5
160,16,1,c1,c1,c1,c1,c1,c1,c1,c1,c1
161,159,2,c5,c5,c5,c5,c5,c5,c5,c5,c5
162,160,3,c5,c5,c5,c5,c5,c5,c5,c5,c5
163,161,1,c234,c1,c1,c1,c1,c1,c1,c1,c1
164,162,1,c1,c1,c1,c1,c1,c5,c1,c1,c5
166,164,3,c1,c234,c234,c234,c234,c234,c234,c234,c234
168,166,2,c1,c1,c1,c1,c1,c1,c1,c1,c1
169,167,2,c1,c5,c5,c5,c5,c5,c5,c5,c5
171,169,1,c1,c5,c5,c5,c1,c5,c5,c1,c5
172,170,2,c5,c5,c234,c5,c5,c234,c5,c5,c1
173,171,2,c234,c234,c234,c234,c234,c234,c234,c234,c234
174,172,3,c5,c5,c5,c5,c5,c5,c5,c5,c5
176,174,1,c1,c234,c234,c234,c234,c234,c234,c234,c234
177,175,3,c1,c1,c1,c1,c1,c1,c1,c1,c1
178,176,3,c5,c1,c1,c1,c1,c1,c1,c1,c1
179,177,1,c5,c234,c234,c234,c234,c234,c234,c234,c234
180,178,2,c1,c1,c1,c1,c1,c1,c1,c1,c1
182,180,2,c234,c5,c5,c5,c5,c5,c5,c5,c5
183,181,1,c1,c1,c1,c1,c1,c5,c1,c1,c1
185,183,3,c234,c5,c1,c1,c5,c1,c1,c1,c1
186,184,1,c234,c1,c1,c1,c1,c1,c1,c5,c1
187,185,3,c5,c1,c1,c1,c1,c1,c1,c1,c1
188,186,2,c234,c234,c234,c234,c234,c234,c234,c5,c5
190,188,1,c234,c1,c1,c1,c1,c234,c1,c1,c234
191,189,2,c234,c5,c5,c5,c5,c5,c5,c5,c5
192,190,1,c1,c1,c1,c1,c1,c1,c1,c1,c1
193,171,2,c5,c234,c234,c234,c234,c234,c234,c234,c1
194,192,3,c234,c234,c1,c1,c234,c5,c1,c1,c5
196,194,1,c234,c5,c5,c5,c5,c5,c5,c5,c5
197,195,3,c234,c1,c1,c1,c1,c1,c1,c1,c1
198,36,2,c1,c5,c5,c5,c5,c5,c5,c5,c5
199,197,1,c1,c1,c1,c1,c1,c1,c1,c1,c1
201,199,1,c234,c5,c5,c5,c5,c5,c5,c5,c5
202,200,2,c234,c5,c234,c5,c234,c5,c234,c234,c234
203,201,2,c5,c1,c1,c1,c5,c1,c1,c1,c1
204,202,3,c5,c5,c5,c5,c5,c5,c5,c5,c234
205,203,1,c5,c234,c234,c234,c234,c234,c234,c234,c234
206,204,2,c1,c5,c5,c5,c5,c5,c5,c5,c5
208,16,1,c1,c1,c1,c1,c1,c1,c1,c1,c1
209,207,3,c5,c5,c5,c234,c5,c5,c5,c5,c5
210,208,3,c5,c5,c5,c5,c5,c5,c5,c5,c5
211,209,2,c5,c5,c5,c5,c5,c5,c5,c5,c5
212,210,2,c5,c5,c5,c5,c5,c5,c5,c5,c5
214,212,3,c1,c234,c234,c234,c234,c5,c234,c234,c5
215,213,2,c1,c234,c234,c234,c234,c234,c234,c234,c5
216,214,3,c1,c5,c1,c5,c5,c234,c5,c5,c234
217,215,2,c1,c1,c1,c1,c1,c1,c1,c1,c1
219,217,2,c234,c1,c1,c1,c1,c1,c1,c1,c1
220,218,1,c5,c1,c234,c1,c1,c234,c1,c1,c234
221,219,3,c234,c5,c5,c5,c5,c5,c5,c5,c5
222,220,1,c5,c5,c5,c5,c5,c5,c5,c5,c5
224,222,2,c5,c1,c5,c1,c1,c5,c5,c5,c5
225,223,1,c5,c234,c234,c234,c234,c234,c234,c234,c234
226,224,3,c5,c5,c5,c5,c5,c5,c5,c5,c5
227,225,2,c234,c5,c5,c5,c5,c234,c5,c5,c234
229,227,1,c1,c1,c1,c1,c1,c1,c1,c1,c1
230,228,3,c1,c234,c234,c234,c234,c234,c234,c234,c234
231,229,2,c1,c1,c234,c1,c1,c1,c1,c234,c1
232,230,1,c234,c5,c5,c5,c5,c5,c5,c5,c5
233,231,3,c1,c5,c5,c5,c5,c234,c5,c5,c5
234,36,2,c1,c5,c5,c5,c5,c5,c5,c5,c5
235,233,1,c234,c1,c1,c1,c1,c1,c1,c1,c5
237,235,2,c234,c234,c234,c234,c234,c5,c234,c234,c5
238,236,3,c234,c5,c5,c5,c5,c5,c5,c5,c5
239,237,2,c234,c5,c5,c234,c5,c234,c5,c5,c234
240,238,3,c234,c234,c234,c234,c234,c5,c234,c234,c234
242,240,1,c234,c234,c234,c234,c234,c1,c234,c1,c1
243,241,1,c1,c234,c234,c234,c234,c234,c234,c234,c234
244,242,2,c5,c5,c5,c234,c234,c5,c5,c234,c234
245,243,3,c5,c5,c5,c5,c5,c5,c5,c5,c5
247,245,1,c5,c5,c5,c5,c5,c5,c5,c5,c5
248,246,3,c1,c1,c1,c1,c1,c1,c1,c1,c1
249,247,2,c1,c5,c5,c5,c5,c5,c5,c5,c5
251,249,2,c5,c234,c234,c234,c234,c234,c234,c234,c5
252,250,3,c5,c5,c5,c5,c5,c5,c5,c5,c5
253,251,1,c5,c5,c5,c5,c5,c5,c5,c5,c5
254,252,1,c234,c1,c5,c1,c1,c234,c1,c234,c234
256,254,3,c234,c234,c5,c5,c234,c5,c234,c5,c5
257,255,1,c5,c5,c5,c5,c5,c5,c5,c5,c5
258,256,3,c5,c5,c5,c5,c5,c5,c5,c5,c5
259,257,2,c234,c1,c1,c1,c1,c1,c1,c1,c1
260,258,2,c5,c5,c5,c5,c5,c5,c5,c5,c5
262,260,2,c5,c5,c5,c5,c5,c5,c5,c5,c234
263,261,3,c1,c5,c5,c5,c5,c5,c5,c5,c5
264,262,2,c5,c1,c1,c1,c1,c1,c1,c1,c1
265,7,3,c5,c5,c5,c5,c5,c5,c5,c5,c5
266,264,1,c234,c234,c234,c234,c234,c234,c234,c234,c234
268,266,3,c234,c5,c5,c5,c5,c234,c5,c5,c234
269,267,1,c5,c234,c234,c234,c234,c234,c234,c234,c234
270,268,3,c5,c5,c5,c5,c5,c5,c5,c5,c234
271,269,2,c1,c1,c1,c1,c1,c1,c1,c1,c1
273,271,1,c1,c1,c1,c1,c1,c1,c1,c1,c1
274,272,2,c1,c234,c234,c234,c234,c234,c234,c234,c234
275,273,3,c5,c234,c234,c234,c234,c5,c234,c234,c234
276,274,3,c234,c5,c5,c1,c5,c234,c5,c1,c1
279,277,2,c5,c5,c5,c5,c5,c5,c5,c5,c5
280,278,1,c5,c234,c234,c234,c234,c5,c234,c234,c5
281,279,2,c234,c234,c234,c234,c234,c5,c234,c234,c5
282,280,1,c5,c234,c234,c1,c1,c234,c234,c1,c234
283,281,1,c5,c234,c234,c234,c234,c234,c234,c234,c234
285,283,3,c5,c234,c234,c234,c234,c5,c234,c234,c5
286,284,3,c5,c5,c1,c1,c5,c5,c5,c1,c5
288,286,2,c234,c1,c1,c1,c1,c1,c1,c1,c1
289,287,1,c1,c5,c5,c5,c5,c5,c5,c5,c5
290,288,2,c1,c5,c234,c1,c5,c5,c5,c234,c1
291,16,1,c234,c1,c1,c1,c1,c1,c1,c1,c1
292,290,3,c1,c234,c234,c234,c234,c234,c234,c234,c234
293,291,3,c234,c234,c234,c234,c234,c234,c234,c234,c234
295,293,2,c5,c5,c5,c5,c5,c5,c5,c5,c5
296,294,2,c5,c5,c5,c5,c5,c5,c5,c5,c5
297,295,1,c1,c5,c5,c5,c5,c5,c5,c5,c5
299,297,3,c5,c234,c234,c234,c234,c234,c234,c234,c234
300,298,1,c234,c234,c234,c234,c234,c5,c234,c234,c5
301,299,2,c1,c1,c1,c1,c1,c1,c1,c1,c1
302,300,3,c1,c1,c1,c1,c1,c1,c1,c1,c1
304,302,3,c234,c1,c1,c1,c1,c234,c1,c234,c5
305,303,1,c5,c5,c5,c5,c5,c5,c5,c5,c5
306,304,2,c5,c5,c5,c5,c5,c5,c5,c5,c5
307,305,1,c234,c5,c234,c5,c234,c5,c5,c234,c234
309,307,2,c5,c234,c234,c234,c234,c234,c234,c234,c234
310,308,2,c1,c5,c5,c5,c5,c5,c5,c5,c5
311,309,1,c1,c234,c234,c234,c234,c5,c234,c234,c5
312,310,1,c1,c234,c234,c234,c234,c234,c234,c234,c234
314,312,3,c234,c1,c1,c1,c1,c5,c1,c1,c5
315,313,2,c1,c1,c1,c1,c1,c1,c1,c1,c1
316,314,3,c234,c234,c234,c234,c234,c234,c234,c234,c234
317,315,1,c5,c5,c5,c5,c5,c5,c5,c5,c5
318,316,3,c5,c1,c1,c1,c1,c1,c1,c1,c1
319,317,1,c5,c5,c5,c5,c5,c5,c5,c5,c5
321,319,2,c234,c5,c5,c5,c5,c5,c5,c5,c5
323,321,3,c5,c5,c234,c5,c5,c234,c5,c5,c234
324,322,3,c5,c5,c5,c5,c5,c5,c5,c5,c5
325,323,1,c234,c1,c1,c1,c1,c5,c1,c1,c5
326,324,2,c5,c5,c5,c5,c5,c5,c5,c5,c5
327,240,1,c1,c234,c234,c234,c234,c1,c234,c1,c1
328,326,1,c1,c5,c5,c5,c5,c5,c5,c5,c5
329,327,2,c5,c5,c5,c5,c5,c5,c5,c5,c5
331,329,3,c5,c1,c1,c1,c1,c5,c1,c1,c5
332,330,1,c1,c5,c5,c5,c5,c5,c5,c5,c5
333,331,2,c1,c234,c234,c234,c234,c5,c234,c234,c5
335,319,2,c5,c5,c5,c5,c5,c5,c5,c5,c5
336,334,3,c234,c234,c234,c234,c234,c234,c234,c1,c234
337,335,1,c1,c1,c1,c1,c1,c1,c1,c1,c1
339,337,3,c5,c234,c234,c234,c234,c234,c234,c234,c5
340,338,2,c234,c5,c5,c5,c5,c5,c5,c5,c5
341,339,1,c1,c234,c234,c234,c234,c234,c234,c234,c234
342,340,1,c1,c1,c1,c1,c1,c1,c1,c1,c1
343,341,2,c5,c5,c5,c5,c5,c5,c5,c5,c5
344,342,3,c5,c5,c5,c5,c5,c5,c5,c5,c5
346,344,2,c5,c5,c5,c5,c5,c5,c5,c5,c5
347,345,2,c234,c5,c5,c5,c5,c5,c5,c5,c5
348,346,2,c5,c5,c5,c5,c5,c5,c5,c5,c5
349,347,3,c5,c5,c5,c5,c5,c5,c5,c5,c5
351,349,1,c5,c1,c1,c1,c1,c5,c1,c1,c5
352,350,3,c5,c5,c5,c5,c5,c5,c5,c5,c5
354,352,2,c1,c1,c1,c1,c1,c5,c1,c1,c5
356,354,1,c1,c1,c1,c1,c1,c234,c1,c1,c234
357,355,3,c5,c5,c5,c5,c5,c234,c5,c5,c234
358,356,1,c5,c1,c1,c1,c1,c1,c1,c1,c234
359,357,2,c1,c234,c234,c234,c234,c234,c234,c234,c234
361,359,1,c234,c1,c1,c1,c1,c1,c1,c1,c1
362,360,3,c5,c5,c234,c5,c5,c234,c234,c5,c5
363,361,2,c234,c234,c234,c234,c234,c234,c234,c234,c234
365,363,3,c234,c234,c234,c234,c234,c234,c234,c5,c5
366,364,1,c234,c5,c5,c5,c5,c5,c5,c5,c5
367,365,2,c1,c5,c5,c5,c5,c5,c5,c5,c5
368,366,1,c1,c1,c1,c1,c1,c1,c1,c1,c1
369,367,1,c1,c5,c5,c5,c5,c234,c5,c5,c234
370,368,3,c5,c5,c5,c5,c5,c5,c5,c5,c5
372,370,2,c5,c1,c1,c5,c1,c5,c5,c1,c5
374,372,3,c234,c234,c234,c234,c234,c234,c234,c234,c234
375,373,2,c5,c5,c5,c234,c234,c5,c234,c234,c5
376,374,1,c234,c5,c5,c5,c5,c5,c5,c1,c5
377,375,1,c1,c1,c1,c1,c1,c1,c1,c1,c1
378,376,3,c1,c5,c5,c5,c5,c234,c5,c5,c234
380,378,2,c5,c1,c1,c1,c1,c1,c1,c1,c1
381,379,3,c5,c5,c5,c5,c5,c5,c5,c5,c234
382,380,1,c5,c5,c5,c5,c5,c5,c5,c5,c234
383,381,3,c1,c1,c1,c1,c1,c1,c1,c1,c1
384,382,2,c5,c234,c234,c234,c234,c234,c234,c234,c234
385,383,1,c1,c234,c234,c234,c234,c234,c234,c234,c234
387,385,2,c234,c1,c1,c1,c1,c1,c1,c1,c1
388,386,3,c5,c5,c5,c5,c5,c5,c5,c5,c5
390,388,1,c5,c234,c234,c234,c234,c5,c234,c234,c5
391,389,3,c234,c234,c234,c234,c234,c234,c234,c234,c234
392,390,1,c5,c5,c5,c5,c5,c5,c5,c5,c5
393,391,2,c5,c1,c1,c234,c1,c1,c1,c1,c1
395,393,2,c234,c5,c5,c5,c5,c5,c5,c5,c5
396,394,3,c1,c1,c1,c1,c1,c1,c1,c1,c1
397,395,1,c5,c5,c5,c5,c5,c5,c5,c5,c5
398,396,2,c234,c234,c234,c234,c234,c234,c234,c234,c1
399,397,3,c1,c1,c1,c1,c1,c1,c1,c1,c234
400,398,3,c5,c5,c5,c5,c5,c5,c5,c234,c5
402,7,3,c1,c5,c5,c5,c5,c5,c5,c5,c5
403,401,1,c234,c5,c5,c5,c5,c5,c5,c234,c234
404,402,2,c234,c234,c234,c234,c234,c234,c234,c234,c234
405,403,3,c234,c1,c1,c234,c234,c234,c1,c234,c234
407,405,1,c234,c5,c5,c5,c5,c5,c5,c5,c5
408,406,2,c1,c1,c1,c1,c1,c1,c1,c1,c1
409,407,3,c1,c1,c1,c1,c1,c1,c1,c1,c1
410,408,1,c5,c234,c5,c234,c234,c5,c234,c234,c5
411,349,1,c1,c1,c1,c1,c1,c5,c1,c1,c5
413,411,1,c5,c5,c5,c5,c5,c5,c5,c5,c5
414,412,2,c1,c1,c1,c1,c1,c1,c1,c1,c1
415,413,3,c1,c1,c1,c1,c1,c1,c1,c1,c1
416,414,2,c234,c5,c5,c5,c5,c5,c5,c5,c5
418,416,3,c1,c1,c1,c1,c1,c1,c1,c1,c1
419,417,1,c234,c5,c5,c5,c5,c5,c5,c5,c5
420,418,3,c234,c234,c234,c234,c1,c234,c234,c1,c234
421,419,2,c1,c1,c1,c1,c1,c1,c1,c1,c1
422,420,1,c5,c5,c5,c5,c5,c5,c5,c5,c5
424,422,2,c1,c234,c1,c1,c1,c234,c1,c1,c234
425,423,3,c1,c1,c1,c1,c1,c1,c1,c1,c1
428,426,1,c1,c1,c1,c1,c1,c1,c1,c1,c1
429,427,2,c1,c5,c5,c5,c5,c5,c5,c5,c5
430,91,3,c1,c1,c1,c1,c1,c1,c1,c1,c1
431,429,3,c1,c234,c234,c234,c234,c5,c234,c234,c234
432,430,1,c234,c234,c234,c234,c234,c234,c234,c234,c234
434,432,2,c234,c234,c234,c234,c234,c234,c234,c234,c234
436,434,3,c5,c5,c5,c5,c5,c5,c5,c5,c5
437,435,2,c1,c5,c5,c5,c5,c5,c5,c5,c5
438,436,1,c1,c1,c1,c1,c1,c1,c1,c1,c1
439,437,3,c1,c1,c1,c1,c1,c1,c1,c1,c1
440,438,1,c234,c234,c1,c234,c234,c5,c234,c1,c5
441,439,2,c5,c5,c5,c5,c5,c5,c5,c5,c5
442,440,1,c1,c1,c1,c1,c1,c234,c1,c1,c1
443,441,3,c1,c5,c5,c234,c234,c5,c5,c234,c234
444,442,2,c1,c5,c5,c5,c5,c5,c5,c5,c5
445,443,3,c234,c234,c234,c234,c234,c5,c234,c234,c234
447,445,1,c5,c5,c5,c5,c5,c5,c5,c5,c5
448,446,2,c1,c234,c234,c234,c234,c234,c234,c234,c5
449,447,3,c234,c1,c1,c1,c1,c1,c1,c1,c1
451,449,2,c5,c234,c234,c234,c234,c234,c234,c234,c234
452,450,1,c5,c5,c5,c5,c234,c5,c5,c5,c5
453,451,3,c1,c1,c1,c1,c1,c234,c1,c1,c1
454,452,3,c5,c234,c234,c234,c234,c234,c234,c234,c234
456,454,1,c1,c1,c1,c1,c1,c1,c1,c1,c1
457,455,2,c5,c234,c234,c234,c234,c234,c234,c234,c234
458,456,2,c5,c1,c1,c5,c234,c234,c1,c5,c234
459,457,1,c234,c234,c234,c234,c234,c1,c234,c1,c1
461,459,3,c234,c234,c234,c234,c234,c234,c234,c234,c234
462,460,2,c1,c234,c234,c234,c234,c234,c234,c234,c234
463,166,2,c5,c1,c1,c1,c1,c1,c1,c1,c1
464,462,1,c234,c5,c5,c5,c5,c5,c5,c5,c5
465,463,3,c1,c5,c5,c5,c5,c5,c5,c5,c234
467,465,1,c5,c5,c234,c5,c5,c234,c5,c5,c5
468,466,3,c5,c5,c5,c5,c5,c5,c5,c5,c5
469,467,2,c234,c1,c1,c1,c1,c5,c1,c1,c5
470,468,1,c1,c5,c5,c5,c5,c234,c5,c5,c234
472,470,2,c234,c234,c5,c5,c234,c234,c234,c5,c234
473,471,3,c5,c5,c5,c5,c5,c5,c5,c5,c5
474,472,1,c1,c1,c1,c1,c1,c1,c1,c1,c1
475,473,2,c234,c234,c234,c234,c5,c5,c234,c234,c5
476,474,3,c5,c5,c5,c5,c5,c5,c5,c5,c5
478,476,3,c1,c1,c1,c1,c1,c1,c1,c1,c1
479,477,1,c234,c234,c234,c234,c234,c234,c234,c234,c234
480,478,2,c1,c1,c1,c1,c1,c1,c1,c1,c1
482,480,1,c234,c5,c5,c5,c5,c5,c5,c5,c5
483,481,2,c234,c5,c5,c5,c5,c5,c5,c5,c5
484,482,3,c5,c234,c234,c234,c234,c234,c234,c234,c234
485,483,1,c5,c234,c234,c234,c5,c234,c234,c234,c5
486,484,3,c1,c1,c1,c1,c1,c1,c1,c1,c1
487,383,1,c5,c234,c234,c234,c234,c234,c234,c234,c234
489,487,3,c234,c234,c1,c234,c1,c1,c234,c1,c1
490,488,2,c234,c5,c5,c5,c5,c5,c5,c5,c5
491,489,1,c5,c5,c5,c5,c5,c5,c5,c5,c5
493,491,2,c234,c1,c1,c1,c1,c5,c1,c1,c5
494,492,2,c234,c234,c234,c234,c234,c5,c234,c234,c234
495,493,1,c1,c5,c234,c234,c5,c5,c5,c5,c234
496,494,3,c234,c1,c1,c1,c1,c1,c1,c1,c1
497,495,2,c234,c5,c5,c5,c5,c5,c5,c234,c5
498,284,3,c234,c5,c5,c1,c5,c5,c5,c1,c5
500,274,3,c234,c5,c5,c1,c5,c234,c5,c1,c1
501,499,3,c1,c234,c234,c234,c234,c234,c234,c234,c234
502,500,1,c234,c5,c5,c5,c5,c5,c5,c5,c5
503,16,1,c1,c1,c1,c1,c1,c1,c1,c1,c1
504,502,3,c5,c5,c5,c5,c5,c5,c5,c5,c1
506,504,2,c1,c1,c1,c1,c1,c1,c1,c1,c1
507,505,2,c5,c234,c234,c234,c234,c234,c234,c234,c234
508,7,3,c5,c1,c5,c1,c1,c5,c1,c5,c5
509,507,1,c234,c5,c5,c5,c5,c5,c5,c5,c5
510,508,1,c234,c5,c5,c5,c5,c5,c5,c5,c5
511,284,3,c234,c5,c5,c1,c5,c5,c5,c1,c5
512,510,3,c5,c234,c234,c5,c234,c5,c234,c5,c5
514,512,1,c1,c1,c1,c1,c1,c1,c1,c1,c1
515,513,2,c5,c234,c5,c234,c234,c5,c234,c5,c5
516,514,3,c234,c234,c234,c234,c234,c234,c234,c234,c234
518,516,3,c234,c1,c234,c1,c1,c5,c1,c1,c5
519,517,3,c5,c1,c1,c1,c1,c1,c1,c1,c1
520,513,2,c234,c234,c5,c234,c234,c5,c234,c5,c5
521,519,1,c1,c1,c1,c1,c1,c1,c1,c1,c1
523,521,2,c1,c234,c234,c234,c1,c234,c234,c234,c5
524,522,3,c1,c1,c1,c1,c1,c1,c1,c1,c1
525,523,3,c5,c5,c5,c5,c5,c5,c5,c5,c5
526,524,1,c5,c234,c1,c1,c234,c234,c234,c1,c1
528,526,2,c5,c1,c1,c1,c1,c5,c1,c1,c5
529,527,2,c1,c234,c234,c234,c234,c234,c234,c234,c234
530,528,3,c1,c5,c5,c5,c5,c5,c5,c5,c5
532,530,1,c5,c234,c234,c234,c234,c234,c234,c234,c234
533,531,3,c5,c5,c5,c5,c5,c5,c5,c5,c5
535,533,2,c5,c234,c234,c234,c234,c5,c234,c234,c5
536,438,1,c1,c1,c1,c1,c1,c5,c1,c1,c5
537,535,1,c1,c234,c234,c234,c234,c234,c234,c234,c234
538,16,1,c234,c1,c1,c1,c1,c1,c1,c1,c1
539,537,2,c5,c1,c1,c1,c1,c5,c1,c1,c5
540,538,3,c5,c5,c5,c5,c5,c5,c5,c5,c5
541,539,1,c1,c5,c5,c5,c5,c5,c5,c5,c5
542,540,2,c5,c234,c234,c234,c234,c234,c234,c234,c234
544,542,3,c234,c234,c234,c234,c234,c234,c234,c234,c5
545,543,1,c234,c234,c234,c234,c234,c5,c234,c234,c5
547,545,2,c1,c5,c5,c5,c5,c5,c5,c5,c5
548,546,3,c1,c1,c1,c1,c1,c1,c1,c1,c1
549,547,3,c1,c1,c234,c5,c1,c5,c1,c234,c5
550,548,1,c234,c234,c234,c234,c234,c234,c234,c234,c234
552,550,2,c5,c234,c234,c234,c234,c234,c234,c234,c234
553,551,2,c234,c1,c1,c1,c1,c1,c1,c1,c1
554,552,1,c1,c5,c5,c5,c5,c5,c5,c234,c5
555,553,2,c234,c234,c1,c234,c234,c5,c234,c1,c5
557,555,3,c234,c234,c234,c234,c234,c234,c234,c5,c5
558,556,3,c234,c5,c1,c5,c5,c5,c5,c1,c1
559,557,1,c1,c1,c1,c1,c1,c1,c1,c1,c1
560,558,1,c5,c5,c5,c5,c5,c5,c5,c5,c5
561,559,2,c1,c5,c5,c5,c5,c5,c5,c5,c5
563,561,3,c234,c1,c1,c1,c1,c5,c1,c1,c5
564,562,1,c1,c1,c1,c1,c1,c1,c1,c1,c1
565,563,1,c5,c5,c5,c5,c5,c5,c5,c5,c5
566,107,1,c1,c1,c1,c1,c234,c5,c1,c1,c5
568,566,2,c234,c234,c1,c234,c234,c234,c234,c1,c1
570,568,3,c1,c1,c1,c1,c1,c1,c1,c1,c1
571,569,1,c5,c5,c5,c5,c5,c5,c5,c5,c5
572,570,3,c5,c5,c5,c5,c5,c5,c5,c5,c5
574,572,2,c5,c234,c234,c234,c234,c234,c234,c234,c234
575,573,1,c1,c1,c1,c1,c1,c1,c1,c1,c1
576,574,2,c234,c234,c234,c234,c234,c234,c234,c234,c234
577,575,3,c5,c1,c1,c1,c1,c5,c1,c1,c1
578,576,3,c234,c5,c5,c5,c5,c5,c5,c5,c5
580,578,2,c5,c5,c5,c5,c5,c5,c5,c5,c5
581,579,1,c1,c1,c1,c1,c1,c1,c1,c1,c1
583,581,3,c234,c1,c1,c1,c1,c1,c1,c1,c1
584,117,3,c1,c1,c1,c1,c1,c1,c1,c1,c1
585,583,2,c5,c5,c5,c5,c5,c5,c5,c5,c5
586,584,3,c1,c1,c1,c1,c1,c1,c1,c1,c1
587,585,3,c234,c234,c234,c234,c234,c234,c234,c234,c234
589,587,1,c1,c1,c1,c1,c1,c1,c1,c1,c1
590,588,2,c1,c1,c1,c1,c1,c1,c1,c1,c1
591,589,1,c1,c5,c5,c5,c234,c5,c5,c5,c5
592,474,3,c5,c5,c5,c5,c5,c5,c5,c5,c5
593,591,3,c234,c234,c234,c234,c234,c234,c234,c234,c234
594,592,1,c234,c1,c1,c1,c5,c1,c1,c1,c1
596,594,2,c1,c1,c1,c1,c1,c1,c1,c1,c1
597,595,3,c1,c234,c234,c234,c234,c234,c234,c234,c5
598,596,1,c1,c234,c234,c234,c234,c234,c234,c234,c5
599,597,3,c1,c234,c234,c1,c234,c234,c234,c234,c234
601,599,2,c1,c5,c5,c5,c5,c5,c5,c5,c1
602,600,1,c5,c234,c234,c234,c234,c5,c234,c234,c5
603,601,2,c234,c5,c5,c5,c5,c5,c5,c5,c5
604,602,3,c5,c234,c234,c5,c234,c5,c234,c5,c5
605,603,1,c5,c1,c1,c1,c1,c1,c1,c1,c1
606,604,3,c234,c1,c1,c1,c1,c1,c1,c1,c1
608,606,2,c1,c1,c234,c1,c1,c234,c1,c234,c234
609,607,3,c5,c1,c1,c1,c1,c1,c1,c1,c1
610,608,1,c1,c5,c5,c5,c5,c5,c5,c5,c5
612,610,2,c1,c1,c1,c1,c1,c1,c1,c1,c1
613,611,3,c5,c5,c5,c5,c5,c5,c5,c5,c5
614,612,1,c5,c234,c5,c234,c5,c5,c234,c5,c1
616,614,2,c234,c1,c1,c5,c1,c5,c1,c5,c5
617,615,3,c1,c1,c1,c1,c1,c1,c1,c1,c1
618,616,2,c5,c5,c5,c5,c5,c5,c5,c5,c5
619,617,1,c234,c5,c5,c5,c5,c5,c5,c5,c5
621,619,3,c5,c5,c5,c5,c5,c5,c5,c5,c5
622,620,2,c5,c5,c5,c5,c5,c5,c5,c5,c5
623,621,1,c234,c234,c234,c234,c234,c5,c234,c234,c234
624,622,1,c5,c5,c5,c5,c5,c5,c5,c5,c234
626,624,3,c1,c1,c1,c1,c1,c5,c1,c1,c5
627,625,3,c5,c5,c5,c5,c5,c5,c5,c5,c5
628,626,2,c5,c234,c234,c234,c234,c234,c234,c234,c234
629,627,1,c234,c1,c1,c1,c1,c1,c1,c1,c1
631,629,2,c234,c5,c5,c5,c5,c5,c5,c5,c5
632,630,1,c234,c5,c234,c5,c5,c234,c5,c5,c234
633,631,2,c234,c234,c234,c234,c234,c5,c234,c234,c5
634,632,3,c1,c5,c5,c5,c5,c5,c5,c5,c5
636,634,3,c234,c5,c5,c234,c5,c5,c5,c234,c5
637,635,1,c5,c1,c1,c1,c5,c5,c1,c5,c5
639,637,3,c1,c1,c234,c1,c1,c5,c1,c234,c1
640,638,2,c1,c1,c1,c1,c1,c1,c1,c1,c1
641,639,2,c1,c234,c234,c234,c234,c234,c234,c234,c234
642,640,1,c5,c234,c234,c5,c5,c234,c234,c5,c5
643,641,3,c1,c5,c5,c5,c5,c5,c5,c5,c5
645,643,2,c234,c5,c5,c5,c1,c5,c5,c5,c5
646,644,1,c5,c1,c1,c1,c1,c1,c1,c1,c1
647,645,1,c234,c1,c1,c234,c1,c1,c1,c234,c1
648,646,3,c234,c234,c234,c234,c234,c1,c234,c234,c234
649,647,2,c5,c5,c5,c5,c5,c5,c5,c5,c5
651,649,1,c234,c5,c5,c5,c5,c5,c5,c5,c5
652,650,2,c5,c1,c1,c1,c1,c5,c1,c1,c1
654,652,3,c1,c5,c1,c5,c5,c1,c1,c1,c1
655,653,3,c234,c234,c234,c234,c234,c234,c234,c234,c234
656,654,1,c234,c5,c5,c5,c5,c5,c5,c5,c5
658,656,1,c5,c5,c5,c5,c5,c5,c5,c5,c5
659,657,2,c234,c1,c1,c1,c1,c234,c1,c1,c234
660,658,3,c1,c234,c234,c234,c234,c234,c234,c234,c234
661,659,3,c234,c5,c5,c5,c5,c5,c5,c5,c5
662,660,1,c5,c5,c5,c5,c5,c5,c5,c5,c5
664,662,2,c1,c5,c5,c5,c5,c5,c5,c5,c5
665,663,2,c5,c5,c5,c5,c5,c5,c5,c5,c5
666,664,1,c1,c5,c5,c5,c5,c5,c5,c5,c5
667,665,3,c5,c234,c234,c234,c234,c5,c234,c234,c5
669,667,2,c5,c5,c5,c5,c5,c5,c5,c5,c5
670,668,1,c1,c234,c234,c234,c234,c234,c234,c234,c234
671,669,3,c5,c5,c5,c5,c5,c5,c5,c5,c5
673,671,1,c234,c5,c5,c5,c5,c5,c5,c5,c5
674,672,3,c234,c5,c5,c5,c5,c234,c5,c5,c234
675,673,2,c234,c234,c234,c234,c234,c234,c234,c234,c234
676,271,1,c1,c1,c1,c1,c1,c1,c1,c1,c1
677,675,1,c5,c5,c1,c5,c5,c5,c5,c1,c1
678,676,2,c1,c5,c5,c5,c5,c5,c5,c5,c5
679,677,2,c1,c1,c1,c1,c1,c1,c1,c1,c1
680,678,3,c5,c1,c1,c1,c1,c1,c1,c1,c1
682,680,1,c1,c1,c1,c1,c1,c5,c1,c1,c5
683,681,3,c1,c1,c1,c1,c1,c5,c1,c1,c5
684,682,2,c1,c234,c234,c234,c234,c234,c234,c234,c234
686,91,3,c234,c1,c1,c1,c1,c1,c1,c1,c1
687,685,1,c5,c234,c234,c234,c234,c234,c234,c234,c234
688,686,3,c5,c5,c5,c5,c5,c5,c5,c5,c5
690,688,1,c1,c5,c5,c5,c5,c5,c5,c5,c5
691,689,2,c234,c234,c234,c234,c234,c234,c234,c234,c234
692,690,3,c5,c1,c1,c1,c1,c1,c1,c1,c1
693,691,2,c234,c5,c5,c234,c5,c234,c5,c5,c5
695,693,1,c234,c234,c234,c234,c234,c234,c234,c234,c234
696,694,3,c5,c1,c1,c1,c1,c1,c1,c1,c1
697,695,1,c234,c234,c234,c234,c234,c234,c234,c234,c234
698,696,1,c234,c5,c5,c5,c5,c5,c5,c5,c5
699,697,2,c234,c5,c5,c5,c5,c5,c5,c5,c5
701,699,3,c5,c1,c1,c1,c1,c5,c1,c1,c5
702,700,3,c234,c5,c5,c5,c5,c5,c5,c5,c234
703,701,1,c5,c234,c234,c234,c234,c234,c234,c234,c234
705,703,2,c234,c5,c5,c5,c5,c5,c5,c5,c5
706,704,1,c1,c1,c1,c1,c1,c1,c1,c1,c1
707,705,2,c1,c234,c234,c234,c234,c5,c234,c5,c5
708,706,1,c234,c1,c1,c1,c1,c1,c1,c1,c1
709,707,2,c1,c1,c1,c1,c1,c5,c1,c1,c234
710,708,3,c5,c234,c234,c234,c234,c234,c234,c5,c5
711,709,3,c1,c234,c234,c234,c234,c234,c234,c234,c234
712,710,3,c1,c5,c5,c5,c5,c5,c5,c5,c234
714,712,1,c1,c1,c1,c1,c1,c234,c1,c1,c234
715,713,2,c234,c5,c5,c5,c5,c5,c5,c5,c5
716,714,1,c5,c5,c5,c5,c5,c5,c5,c5,c5
718,716,2,c234,c5,c5,c5,c5,c5,c5,c5,c5
719,717,3,c5,c1,c5,c234,c1,c5,c1,c5,c5
720,718,3,c5,c5,c5,c5,c5,c5,c5,c5,c5
722,720,1,c1,c1,c1,c1,c1,c234,c1,c1,c234
723,721,2,c5,c234,c234,c234,c5,c5,c234,c5,c5
724,722,1,c234,c5,c5,c5,c5,c5,c5,c5,c5
725,723,2,c234,c234,c234,c234,c234,c234,c234,c234,c234
726,724,3,c5,c1,c1,c1,c1,c1,c1,c1,c1
727,725,1,c234,c5,c5,c5,c5,c5,c5,c5,c5
728,724,3,c5,c1,c1,c1,c1,c1,c1,c1,c1
730,728,2,c1,c5,c1,c5,c1,c5,c1,c1,c5
731,729,1,c1,c234,c234,c234,c234,c5,c234,c234,c5
733,731,3,c5,c5,c5,c5,c5,c5,c5,c5,c5
734,732,2,c1,c1,c5,c1,c5,c1,c5,c1,c234
735,733,3,c1,c234,c234,c234,c234,c234,c234,c234,c1
736,734,2,c234,c5,c5,c234,c5,c5,c5,c234,c5
737,735,1,c234,c5,c5,c5,c5,c5,c5,c5,c5
739,737,3,c234,c5,c5,c5,c5,c5,c5,c5,c5
740,738,3,c5,c5,c5,c5,c5,c5,c5,c234,c234
741,739,1,c1,c1,c1,c1,c1,c1,c1,c1,c1
742,740,2,c234,c5,c5,c5,c5,c5,c5,c5,c5
744,742,1,c1,c234,c234,c234,c234,c5,c234,c234,c5
745,743,2,c234,c5,c5,c1,c5,c5,c5,c1,c5
746,744,3,c5,c1,c1,c1,c1,c1,c1,c1,c1
747,745,1,c1,c5,c5,c5,c5,c5,c5,c5,c5
748,746,3,c5,c234,c234,c234,c234,c234,c234,c234,c234
751,749,2,c234,c5,c5,c5,c5,c5,c5,c5,c5
752,750,1,c5,c5,c5,c5,c5,c5,c5,c5,c5
753,751,3,c5,c234,c234,c5,c234,c234,c5,c5,c5
754,271,1,c234,c1,c1,c1,c1,c1,c1,c1,c1
757,755,2,c1,c1,c1,c1,c1,c1,c1,c1,c1
758,756,2,c234,c5,c5,c5,c5,c5,c5,c5,c5
759,757,1,c234,c5,c5,c5,c5,c5,c5,c5,c5
760,680,1,c5,c1,c1,c1,c1,c5,c1,c1,c5
761,759,2,c1,c5,c5,c5,c5,c5,c5,c5,c234
762,16,1,c234,c1,c1,c1,c1,c1,c1,c1,c1
764,762,3,c1,c5,c5,c5,c5,c5,c5,c5,c5
765,7,3,c1,c5,c5,c5,c5,c5,c5,c5,c5
766,764,3,c234,c234,c234,c234,c234,c234,c234,c234,c5
767,271,1,c1,c1,c1,c1,c1,c1,c1,c1,c1
768,766,1,c234,c1,c5,c1,c1,c5,c1,c1,c5
769,91,3,c5,c1,c1,c1,c1,c1,c1,c1,c1
770,768,1,c1,c234,c234,c234,c234,c234,c234,c234,c234
772,770,2,c234,c234,c234,c234,c234,c234,c234,c234,c234
773,771,3,c5,c5,c5,c5,c5,c5,c5,c5,c5
774,772,2,c5,c234,c5,c234,c234,c5,c234,c5,c5
775,773,1,c5,c234,c1,c234,c234,c5,c234,c234,c5
776,774,3,c1,c5,c5,c234,c5,c5,c5,c5,c5
777,775,2,c234,c1,c1,c5,c1,c5,c1,c1,c1
778,271,1,c1,c1,c1,c1,c1,c1,c1,c1,c1
780,778,3,c5,c5,c5,c5,c5,c5,c5,c5,c5
781,779,1,c234,c1,c1,c1,c1,c1,c1,c1,c1
783,781,1,c1,c1,c1,c1,c1,c234,c1,c1,c234
785,783,3,c5,c234,c234,c234,c234,c234,c234,c234,c234
786,784,1,c234,c234,c234,c234,c234,c234,c234,c234,c234
787,785,1,c1,c234,c234,c234,c234,c1,c234,c234,c234
788,786,2,c234,c5,c5,c5,c5,c234,c5,c5,c234
789,787,3,c1,c234,c234,c1,c1,c5,c234,c1,c5
790,788,2,c234,c234,c234,c234,c5,c234,c234,c234,c5
791,789,3,c234,c234,c234,c5,c234,c5,c234,c5,c5
792,713,2,c234,c5,c5,c5,c5,c5,c5,c5,c5
794,792,2,c234,c234,c234,c234,c234,c234,c234,c234,c234
795,793,1,c1,c5,c5,c5,c5,c5,c5,c5,c5
796,794,3,c1,c234,c234,c234,c234,c234,c234,c234,c234
798,796,1,c5,c5,c5,c5,c5,c5,c5,c5,c5
800,798,2,c1,c1,c1,c1,c1,c1,c1,c1,c1
801,799,3,c234,c5,c5,c5,c5,c234,c5,c5,c234
802,800,1,c234,c5,c5,c234,c234,c5,c5,c234,c5
803,801,2,c234,c1,c1,c1,c1,c1,c1,c1,c1
804,802,3,c5,c5,c5,c5,c5,c5,c5,c5,c5
806,804,1,c5,c234,c234,c5,c234,c5,c234,c5,c5
807,805,3,c1,c234,c234,c1,c234,c234,c234,c234,c234
808,806,2,c1,c234,c234,c234,c234,c5,c234,c234,c5
810,808,1,c234,c5,c5,c5,c5,c5,c5,c5,c234
811,809,3,c5,c234,c234,c234,c5,c5,c234,c234,c5
812,810,2,c5,c5,c5,c5,c5,c5,c5,c5,c5
813,811,1,c1,c234,c234,c234,c234,c234,c234,c234,c234
814,812,2,c1,c5,c5,c5,c5,c234,c5,c5,c5
816,814,2,c5,c5,c5,c5,c5,c5,c5,c5,c5
818,816,3,c5,c234,c234,c234,c234,c234,c234,c234,c234
819,817,3,c5,c1,c5,c1,c1,c5,c1,c1,c5
820,818,1,c5,c5,c5,c1,c5,c234,c5,c1,c234
821,819,2,c5,c1,c1,c1,c1,c1,c1,c1,c1
822,820,2,c5,c1,c1,c5,c1,c5,c1,c1,c1
823,821,1,c234,c5,c5,c234,c5,c5,c5,c234,c234
824,822,3,c1,c234,c234,c234,c234,c234,c234,c234,c234
825,823,3,c5,c5,c5,c5,c5,c5,c5,c5,c5
827,825,1,c234,c1,c1,c5,c5,c5,c1,c5,c5
828,826,2,c5,c5,c5,c5,c5,c5,c5,c5,c5
830,828,2,c234,c1,c1,c1,c1,c5,c1,c1,c5
831,829,3,c1,c5,c5,c5,c5,c5,c5,c5,c5
832,830,1,c5,c1,c1,c1,c1,c1,c1,c1,c1
833,831,1,c234,c5,c5,c5,c5,c5,c5,c5,c5
834,832,2,c1,c1,c1,c1,c1,c5,c1,c1,c1
835,833,3,c234,c1,c1,c1,c1,c1,c1,c1,c1
837,835,3,c5,c234,c234,c234,c234,c5,c234,c5,c5
838,836,1,c234,c234,c1,c1,c1,c234,c234,c1,c1
839,7,3,c234,c1,c5,c1,c1,c5,c1,c5,c5
841,839,2,c5,c5,c5,c5,c5,c5,c5,c5,c5
842,840,1,c5,c5,c5,c5,c5,c5,c5,c5,c5
843,841,1,c234,c1,c1,c1,c1,c1,c1,c1,c1
844,842,2,c5,c5,c5,c5,c5,c5,c5,c5,c5
845,843,3,c5,c1,c1,c1,c1,c5,c1,c1,c5
846,844,2,c5,c5,c5,c5,c5,c5,c5,c5,c5
848,846,3,c234,c234,c234,c234,c1,c234,c234,c1,c1
849,847,1,c1,c234,c234,c234,c234,c5,c234,c234,c5
850,848,3,c234,c5,c5,c5,c5,c5,c5,c5,c5
852,271,1,c1,c1,c1,c1,c1,c1,c1,c1,c1
853,851,3,c5,c5,c5,c5,c5,c234,c5,c5,c234
855,853,2,c5,c5,c5,c5,c5,c234,c5,c5,c234
856,854,1,c234,c5,c5,c5,c5,c5,c5,c5,c5
857,855,2,c234,c234,c234,c234,c234,c234,c234,c234,c234
859,857,3,c234,c234,c234,c234,c234,c234,c234,c234,c234
860,858,3,c1,c1,c1,c1,c1,c5,c1,c1,c5
861,859,2,c5,c234,c234,c5,c5,c234,c234,c234,c234
863,861,1,c1,c234,c234,c234,c234,c234,c234,c1,c234
864,0,3,c234,c1,c1,c1,c1,c1,c1,c1,c1
865,863,1,c1,c5,c5,c5,c5,c5,c5,c5,c5
866,864,2,c1,c1,c1,c1,c1,c1,c1,c1,c1
867,865,3,c5,c5,c5,c5,c5,c5,c5,c5,c5
868,866,1,c5,c5,c5,c5,c5,c5,c5,c5,c5
869,194,1,c5,c5,c5,c5,c5,c5,c5,c5,c5
870,868,2,c1,c1,c1,c1,c1,c1,c1,c1,c1
872,870,3,c1,c5,c5,c5,c5,c5,c5,c5,c5
873,871,1,c5,c5,c5,c5,c5,c5,c5,c5,c5
874,872,2,c234,c5,c5,c5,c5,c5,c5,c5,c5
875,873,1,c5,c5,c5,c5,c5,c5,c5,c5,c5
877,875,2,c1,c1,c234,c234,c1,c1,c1,c234,c234
878,876,2,c5,c5,c5,c5,c5,c5,c5,c5,c5
879,877,3,c5,c5,c5,c5,c5,c5,c5,c5,c5
880,878,3,c5,c234,c234,c234,c234,c234,c234,c234,c234
882,880,1,c1,c234,c234,c5,c234,c5,c234,c5,c5
883,881,2,c234,c5,c5,c5,c5,c234,c5,c5,c234
884,882,3,c1,c5,c5,c5,c5,c5,c5,c5,c5
886,884,1,c234,c1,c1,c1,c1,c1,c1,c1,c1
887,24,3,c5,c5,c5,c5,c5,c5,c5,c5,c5
888,886,3,c5,c234,c234,c234,c234,c234,c234,c234,c234
889,887,2,c234,c5,c5,c5,c5,c5,c5,c5,c5
890,888,2,c1,c1,c1,c1,c1,c1,c1,c1,c1
891,889,1,c5,c5,c5,c5,c5,c5,c5,c5,c5
893,891,2,c5,c5,c5,c5,c5,c234,c5,c5,c234
894,892,3,c234,c5,c5,c5,c234,c5,c5,c234,c234
896,894,2,c1,c234,c234,c234,c234,c5,c234,c234,c5
898,896,3,c1,c1,c1,c1,c1,c1,c1,c1,c1
899,897,1,c1,c5,c5,c234,c5,c5,c5,c234,c5
900,898,1,c234,c5,c5,c5,c5,c5,c5,c5,c5
901,899,2,c5,c234,c234,c234,c234,c234,c234,c234,c234
903,901,3,c234,c234,c234,c234,c234,c234,c234,c234,c234
904,902,3,c1,c234,c234,c234,c234,c234,c234,c1,c5
905,903,1,c5,c5,c5,c5,c5,c5,c5,c5,c5
906,53,3,c1,c1,c1,c1,c1,c1,c1,c1,c1
908,906,2,c5,c5,c5,c5,c5,c5,c5,c5,c5
909,907,1,c234,c1,c1,c1,c1,c1,c1,c1,c1
910,908,2,c5,c5,c5,c5,c5,c5,c5,c5,c5
911,909,1,c5,c5,c5,c5,c5,c5,c5,c5,c5
912,910,3,c5,c5,c5,c5,c5,c5,c5,c5,c5
914,912,3,c5,c1,c1,c5,c5,c5,c5,c234,c234
915,913,2,c1,c5,c5,c5,c5,c5,c5,c5,c5
916,914,1,c5,c234,c234,c1,c234,c1,c234,c1,c1
919,917,2,c5,c5,c5,c5,c5,c5,c5,c5,c5
920,918,3,c1,c5,c5,c5,c5,c5,c5,c5,c5
921,919,1,c1,c5,c5,c5,c5,c5,c5,c1,c5
922,920,2,c234,c1,c1,c1,c1,c1,c1,c1,c234
923,921,2,c234,c1,c234,c234,c1,c234,c1,c5,c5
925,923,3,c234,c234,c234,c234,c234,c5,c234,c234,c234
926,924,1,c234,c5,c5,c5,c5,c5,c5,c5,c5
927,925,2,c1,c234,c234,c234,c234,c234,c234,c234,c1
929,927,3,c5,c1,c1,c1,c1,c1,c1,c1,c1
930,928,1,c234,c5,c5,c5,c5,c5,c5,c5,c234
931,929,3,c1,c1,c1,c1,c1,c1,c1,c1,c1
932,16,1,c1,c1,c1,c1,c1,c1,c1,c1,c1
933,931,2,c1,c1,c1,c1,c1,c5,c1,c1,c5
935,933,1,c234,c5,c5,c5,c5,c5,c5,c5,c5
936,934,2,c234,c234,c234,c234,c234,c234,c234,c234,c234
937,935,3,c5,c5,c5,c5,c5,c5,c5,c5,c5
938,936,2,c5,c5,c5,c5,c5,c5,c5,c5,c5
940,938,1,c234,c5,c5,c5,c5,c5,c5,c5,c5
941,939,3,c1,c234,c234,c1,c234,c1,c1,c1,c1
942,940,1,c1,c1,c1,c1,c1,c1,c1,c1,c1
943,941,2,c1,c1,c1,c1,c1,c1,c1,c1,c1
945,943,3,c5,c5,c5,c5,c5,c5,c5,c5,c5
946,944,2,c1,c234,c5,c234,c234,c5,c234,c5,c5
948,946,1,c1,c5,c1,c5,c1,c5,c5,c1,c5
949,947,3,c5,c5,c5,c5,c5,c5,c5,c5,c5
950,948,2,c234,c5,c5,c234,c5,c234,c5,c234,c234
951,949,1,c234,c234,c234,c234,c234,c234,c234,c234,c234
952,950,3,c234,c234,c234,c234,c234,c234,c234,c234,c234
953,951,2,c234,c5,c5,c5,c5,c5,c5,c5,c5
954,383,1,c234,c234,c234,c234,c234,c234,c234,c234,c234
956,954,3,c1,c1,c1,c1,c1,c1,c1,c1,c1
957,955,2,c234,c234,c234,c1,c234,c234,c234,c1,c234
958,956,1,c5,c5,c5,c5,c5,c5,c5,c5,c5
960,958,1,c1,c1,c1,c234,c1,c5,c1,c234,c5
961,959,3,c1,c5,c5,c5,c5,c5,c5,c5,c5
962,960,2,c5,c1,c1,c1,c1,c1,c1,c1,c234
964,107,1,c5,c1,c1,c1,c1,c5,c1,c1,c5
965,963,2,c234,c1,c1,c1,c5,c5,c1,c1,c5
966,964,3,c1,c234,c234,c234,c234,c5,c234,c234,c234
967,240,1,c234,c234,c1,c234,c234,c1,c234,c1,c1
968,966,3,c1,c1,c1,c1,c1,c1,c1,c1,c1
969,967,1,c1,c5,c5,c5,c5,c5,c5,c5,c5
971,969,2,c5,c234,c234,c234,c234,c234,c234,c234,c234
972,970,1,c1,c5,c5,c5,c5,c234,c5,c5,c234
973,971,3,c5,c234,c234,c234,c234,c234,c234,c234,c234
974,972,1,c1,c5,c5,c234,c5,c5,c5,c234,c5
976,974,2,c5,c5,c5,c5,c5,c5,c5,c5,c5
977,975,3,c1,c234,c1,c234,c1,c234,c234,c1,c5
978,976,3,c1,c1,c1,c1,c1,c1,c1,c1,c1
979,977,1,c5,c5,c5,c5,c5,c5,c5,c5,c5
981,319,2,c5,c5,c5,c5,c5,c5,c5,c5,c5
982,980,2,c5,c5,c5,c5,c5,c5,c5,c5,c5
983,694,3,c5,c1,c1,c1,c1,c1,c1,c1,c1
984,7,3,c1,c5,c5,c5,c5,c5,c5,c5,c5
985,983,1,c234,c5,c5,c5,c5,c5,c5,c5,c5
986,33,3,c1,c1,c1,c1,c1,c1,c1,c1,c1
987,16,1,c1,c1,c1,c1,c1,c1,c1,c1,c1
988,986,2,c234,c1,c1,c1,c1,c1,c1,c1,c1
989,987,3,c1,c5,c5,c5,c5,c5,c5,c5,c5
991,989,1,c234,c1,c1,c1,c234,c234,c1,c1,c1
992,990,2,c234,c1,c1,c1,c1,c1,c1,c5,c234
993,991,3,c1,c5,c5,c5,c5,c5,c5,c5,c5
994,992,1,c234,c1,c1,c1,c1,c1,c1,c1,c1
995,271,1,c234,c1,c1,c1,c1,c1,c1,c1,c1
997,995,2,c1,c5,c5,c5,c5,c5,c5,c5,c5
998,996,3,c234,c1,c1,c1,c1,c1,c1,c5,c1
999,997,1,c234,c234,c234,c234,c234,c234,c234,c234,c234
1000,16,1,c234,c1,c1,c1,c1,c1,c1,c1,c1
1001,999,2,c5,c5,c5,c5,c5,c5,c5,c5,c5
1002,1000,3,c234,c1,c1,c1,c1,c1,c1,c1,c1
1003,1001,1,c234,c234,c234,c234,c234,c234,c234,c234,c234
1005,1003,3,c234,c1,c1,c1,c1,c1,c1,c1,c1
1006,1004,1,c1,c1,c1,c1,c234,c5,c1,c1,c5
1008,1006,1,c1,c1,c1,c1,c1,c1,c1,c1,c1
1009,1007,2,c5,c5,c5,c5,c5,c234,c5,c5,c234
1010,16,1,c1,c1,c1,c1,c1,c1,c1,c1,c1
1011,1009,2,c234,c5,c5,c5,c5,c5,c5,c5,c5
1012,1010,3,c5,c5,c5,c5,c5,c5,c5,c5,c5
1014,1012,1,c234,c5,c5,c5,c5,c5,c5,c5,c234
1015,1013,2,c1,c5,c5,c5,c5,c5,c5,c5,c5
1016,1014,3,c5,c5,c5,c5,c5,c5,c5,c5,c5
1017,1015,1,c234,c234,c5,c234,c234,c5,c234,c5,c5
1018,1016,2,c1,c234,c5,c234,c234,c5,c234,c234,c5
1020,1018,3,c234,c1,c1,c1,c1,c1,c1,c1,c1
1021,1019,1,c1,c5,c5,c5,c5,c5,c5,c5,c5
1022,1020,2,c1,c1,c234,c1,c1,c5,c1,c1,c1
1023,7,3,c1,c5,c5,c5,c5,c5,c5,c5,c5
1025,271,1,c234,c1,c1,c1,c1,c1,c1,c1,c1
1026,1024,3,c234,c234,c234,c234,c234,c234,c234,c234,c234
1027,1025,1,c5,c5,c5,c5,c5,c5,c5,c5,c5
1028,1026,3,c5,c1,c1,c1,c234,c5,c1,c1,c5
1029,1027,2,c1,c5,c5,c5,c1,c5,c5,c5,c5
1030,1028,1,c1,c1,c1,c1,c1,c1,c1,c1,c1
1031,1029,3,c1,c1,c1,c1,c1,c1,c1,c1,c1
1032,1030,1,c5,c1,c1,c1,c1,c1,c1,c1,c1
1034,1032,2,c1,c234,c234,c234,c234,c1,c234,c234,c1
1035,1033,3,c1,c234,c234,c234,c234,c5,c234,c234,c5
1036,1034,2,c1,c234,c234,c234,c1,c234,c234,c234,c5
1037,1035,1,c234,c1,c1,c1,c1,c234,c1,c1,c1
1038,1036,2,c5,c5,c5,c5,c5,c5,c5,c5,c5
1040,1038,3,c1,c5,c5,c5,c5,c5,c5,c5,c5
1041,1039,3,c5,c234,c234,c234,c5,c234,c234,c234,c234
1043,1041,2,c5,c5,c5,c5,c5,c5,c5,c5,c5
1044,1042,1,c1,c234,c234,c234,c234,c234,c234,c234,c234
1046,1044,3,c1,c5,c5,c5,c5,c5,c5,c5,c5
1047,1045,1,c1,c234,c234,c234,c234,c234,c234,c234,c234
1048,33,3,c234,c1,c1,c1,c1,c1,c1,c1,c1
1049,1047,2,c234,c5,c5,c5,c5,c5,c5,c5,c5
1051,1049,3,c1,c234,c234,c234,c234,c234,c234,c234,c234
1052,1050,1,c1,c234,c234,c234,c234,c5,c234,c234,c1
1053,1051,1,c5,c234,c234,c234,c234,c234,c234,c234,c234
1054,7,3,c234,c5,c5,c5,c5,c5,c5,c5,c5
1055,1053,1,c1,c1,c1,c1,c1,c5,c1,c1,c5
1057,1055,2,c234,c1,c1,c1,c1,c1,c1,c1,c1
1059,1057,1,c234,c1,c1,c1,c1,c1,c1,c1,c1
1060,1058,3,c234,c5,c5,c5,c5,c5,c5,c5,c5
1061,1059,2,c5,c5,c5,c5,c5,c1,c5,c5,c5
1062,1060,3,c234,c1,c1,c234,c1,c5,c1,c1,c5
1063,1061,2,c5,c5,c5,c5,c5,c5,c5,c5,c5
1065,1063,3,c234,c5,c234,c1,c234,c234,c234,c234,c234
1066,1064,1,c1,c234,c234,c234,c234,c1,c234,c1,c1
1069,1067,2,c234,c234,c1,c234,c234,c5,c234,c234,c1
1070,1068,1,c5,c5,c5,c5,c5,c5,c5,c5,c5
1071,1069,1,c234,c1,c1,c1,c1,c1,c1,c1,c234
1072,1070,3,c1,c5,c5,c5,c5,c5,c5,c5,c5
1074,1072,3,c1,c5,c5,c5,c5,c5,c5,c5,c5
1075,1073,2,c1,c1,c1,c1,c1,c5,c1,c1,c5
1076,1074,1,c1,c234,c234,c234,c234,c234,c234,c1,c234
1077,1075,2,c234,c1,c1,c1,c1,c1,c1,c1,c1
1079,1077,3,c5,c234,c234,c234,c234,c234,c234,c234,c234
1080,1078,1,c1,c234,c234,c234,c234,c234,c234,c234,c234
1081,1079,2,c5,c1,c1,c1,c1,c1,c1,c1,c1
1082,1080,3,c5,c1,c1,c5,c1,c1,c1,c1,c1
1084,1082,1,c1,c1,c1,c1,c1,c1,c1,c1,c234
1085,1083,2,c1,c5,c5,c5,c5,c5,c5,c5,c5
1086,1084,3,c1,c5,c5,c5,c5,c5,c5,c5,c234
1087,1085,1,c234,c1,c1,c234,c234,c1,c1,c1,c1
1089,1087,2,c234,c234,c234,c234,c234,c234,c234,c234,c5
1090,1088,3,c234,c234,c234,c234,c234,c234,c234,c234,c234
1091,1089,1,c1,c1,c1,c1,c1,c1,c1,c1,c1
1092,1090,2,c1,c1,c1,c1,c1,c1,c1,c1,c1
1093,1091,3,c5,c1,c1,c1,c1,c1,c1,c1,c1
1095,675,1,c5,c1,c1,c5,c1,c1,c1,c1,c1
1096,7,3,c1,c5,c5,c5,c5,c5,c5,c5,c5
1097,194,1,c1,c1,c5,c5,c1,c5,c1,c5,c5
1098,1096,3,c5,c5,c5,c5,c5,c5,c5,c5,c5
1099,1097,1,c5,c234,c234,c234,c234,c5,c234,c234,c234
1100,1098,2,c234,c5,c5,c5,c5,c5,c5,c5,c5
1102,1100,1,c234,c234,c234,c234,c234,c234,c234,c234,c234
1103,1101,3,c5,c1,c1,c1,c1,c5,c1,c1,c5
1104,1102,1,c234,c234,c234,c234,c234,c5,c234,c234,c5
1105,1103,2,c1,c5,c234,c5,c5,c5,c234,c234,c234
1106,1104,2,c5,c5,c5,c5,c5,c5,c5,c5,c5
1108,1106,3,c234,c5,c5,c5,c5,c5,c5,c5,c5
1109,1107,2,c234,c5,c5,c5,c5,c5,c5,c5,c5
1110,1108,1,c234,c5,c5,c5,c5,c5,c5,c5,c5
1111,1109,3,c234,c5,c5,c5,c5,c5,c5,c5,c5
1113,1111,3,c234,c234,c234,c234,c234,c234,c234,c234,c234
1114,1112,2,c5,c1,c1,c1,c1,c234,c1,c1,c1
1116,1114,1,c1,c1,c1,c1,c1,c1,c1,c1,c1
1117,1115,1,c1,c5,c5,c5,c5,c5,c5,c5,c5
1118,16,1,c234,c1,c1,c1,c1,c1,c1,c1,c1
1119,1117,2,c5,c5,c5,c5,c5,c5,c5,c5,c5
1120,271,1,c1,c1,c1,c1,c1,c1,c1,c1,c1
1121,1119,3,c1,c1,c1,c1,c1,c234,c1,c1,c1
1122,1120,2,c234,c5,c5,c5,c5,c5,c5,c234,c5
1124,1122,3,c234,c1,c1,c1,c1,c1,c1,c1,c5
1125,7,3,c234,c5,c5,c5,c5,c5,c5,c5,c5
1126,430,1,c234,c234,c234,c234,c234,c234,c234,c234,c234
1127,1125,1,c1,c1,c1,c1,c1,c5,c1,c1,c5
1129,1127,2,c5,c234,c234,c234,c234,c234,c234,c234,c234
1130,1128,3,c234,c5,c5,c5,c5,c5,c5,c5,c5
1131,1129,1,c234,c234,c234,c234,c234,c234,c234,c234,c234
1132,107,1,c1,c1,c1,c1,c1,c5,c1,c1,c5
1133,1131,1,c1,c1,c1,c1,c1,c1,c1,c1,c1
1134,1132,3,c1,c1,c1,c1,c1,c1,c1,c1,c1
1135,1133,2,c234,c1,c1,c1,c1,c234,c1,c1,c234
1136,1134,3,c5,c5,c5,c5,c5,c5,c5,c5,c5
1137,349,1,c234,c1,c5,c1,c1,c5,c1,c5,c5
1139,1137,2,c234,c5,c5,c5,c5,c5,c5,c5,c5
1141,1139,1,c5,c5,c5,c5,c5,c5,c5,c5,c5
1142,1140,3,c5,c5,c5,c5,c5,c5,c5,c5,c5
1143,1141,1,c1,c5,c5,c5,c5,c5,c5,c5,c5
1144,1142,2,c5,c1,c1,c1,c1,c1,c1,c1,c1
1146,1144,3,c5,c5,c5,c5,c5,c5,c5,c5,c5
1147,1145,2,c234,c234,c1,c234,c234,c1,c1,c1,c1
1148,1146,1,c1,c234,c234,c234,c234,c234,c234,c234,c234
1149,1147,3,c234,c234,c234,c234,c234,c234,c234,c234,c234
1150,1148,1,c1,c234,c234,c234,c234,c234,c234,c234,c234
1152,1150,2,c1,c1,c1,c1,c1,c1,c1,c1,c1
1153,1151,3,c234,c5,c5,c5,c5,c234,c5,c1,c234
1155,1153,3,c5,c5,c5,c5,c5,c5,c5,c5,c5
1156,1154,1,c1,c234,c234,c234,c234,c1,c234,c234,c1
1157,1155,2,c5,c234,c234,c5,c234,c5,c234,c5,c5
1159,1157,1,c234,c5,c5,c5,c5,c5,c5,c5,c5
1160,504,2,c234,c1,c1,c1,c1,c1,c1,c1,c1
1161,1159,3,c234,c5,c5,c5,c5,c5,c5,c5,c5
1162,1160,1,c5,c5,c5,c5,c5,c5,c5,c5,c5
1164,1162,2,c5,c234,c234,c234,c234,c234,c234,c234,c234
1165,1163,3,c234,c234,c234,c234,c234,c234,c234,c234,c234
1166,1164,2,c5,c234,c234,c234,c234,c234,c234,c234,c234
1167,1165,1,c234,c5,c5,c5,c5,c5,c5,c5,c5
1168,1166,2,c5,c234,c234,c234,c234,c234,c234,c234,c234
1169,675,1,c1,c5,c1,c5,c5,c1,c5,c1,c1
1171,1169,3,c5,c1,c1,c234,c1,c234,c1,c1,c234
1174,1172,2,c5,c1,c1,c5,c1,c1,c1,c5,c1
1175,1173,1,c234,c234,c234,c234,c234,c234,c234,c234,c234
1176,1174,3,c1,c1,c1,c1,c1,c1,c1,c1,c1
1177,1175,2,c5,c5,c5,c5,c5,c5,c5,c5,c5
1178,1176,3,c234,c234,c234,c234,c234,c234,c234,c234,c234
1179,217,2,c1,c1,c1,c1,c1,c1,c1,c1,c1
1180,1178,1,c5,c1,c1,c1,c1,c1,c1,c1,c1
1181,1179,3,c5,c5,c5,c5,c5,c5,c5,c5,c5
1182,1180,2,c5,c5,c5,c5,c5,c5,c5,c5,c5
1184,1182,3,c234,c234,c234,c234,c234,c5,c234,c234,c234
1185,1183,1,c5,c234,c234,c234,c234,c234,c234,c234,c234
1186,1184,2,c234,c5,c5,c5,c234,c234,c5,c5,c234
1187,1185,1,c234,c234,c234,c234,c234,c234,c234,c234,c234
1188,1186,2,c5,c234,c234,c234,c234,c234,c234,c234,c5
1190,1188,1,c234,c5,c5,c5,c5,c5,c5,c5,c5
1191,1189,3,c1,c5,c1,c5,c5,c5,c5,c5,c5
1192,1190,2,c234,c1,c234,c1,c1,c5,c1,c234,c5
1194,1192,3,c1,c234,c234,c234,c234,c234,c234,c234,c234
1195,1193,2,c1,c234,c234,c234,c234,c234,c234,c234,c234
1196,1194,1,c234,c5,c5,c5,c5,c5,c5,c5,c5
1198,1196,3,c5,c1,c1,c1,c1,c1,c1,c1,c1
1199,1197,1,c5,c234,c234,c234,c234,c5,c234,c234,c5
1200,1198,2,c1,c1,c1,c1,c1,c1,c1,c1,c1
1202,1200,3,c5,c5,c5,c5,c5,c5,c5,c5,c5
1203,1201,1,c234,c5,c5,c5,c5,c5,c5,c5,c5
1204,1202,2,c234,c5,c5,c5,c5,c5,c5,c5,c5
1205,1203,2,c234,c5,c5,c5,c5,c5,c5,c5,c5
1206,1204,3,c234,c234,c234,c234,c234,c234,c234,c234,c234
1208,1206,1,c234,c5,c5,c5,c5,c5,c5,c5,c5
1209,1207,3,c5,c5,c5,c5,c5,c5,c5,c5,c5
1210,1208,2,c5,c5,c5,c5,c5,c234,c5,c5,c234
1211,1209,1,c5,c5,c5,c5,c1,c5,c5,c5,c5
1212,7,3,c5,c1,c5,c1,c1,c5,c1,c5,c5
1214,1212,3,c1,c1,c1,c1,c1,c1,c1,c1,c1
1215,1213,1,c234,c5,c5,c5,c5,c5,c5,c5,c5
1216,1214,2,c5,c5,c5,c5,c5,c5,c5,c5,c5
1217,1215,3,c1,c234,c234,c234,c234,c234,c234,c234,c234
1218,1216,2,c234,c1,c1,c1,c1,c1,c1,c1,c1
1220,1218,1,c5,c234,c234,c234,c234,c234,c234,c234,c234
1221,406,2,c234,c1,c1,c1,c1,c1,c1,c1,c1
1222,1220,1,c5,c234,c234,c234,c234,c234,c234,c234,c234
1223,1221,2,c1,c5,c5,c5,c5,c5,c5,c5,c5
1224,36,2,c1,c5,c5,c5,c5,c5,c5,c5,c5
1225,406,2,c234,c1,c1,c1,c1,c1,c1,c1,c1
1227,1225,3,c1,c1,c1,c1,c1,c1,c1,c1,c234
1228,1226,1,c5,c234,c234,c234,c234,c234,c234,c234,c234
1229,107,1,c5,c1,c1,c1,c1,c5,c1,c1,c5
1230,1228,2,c234,c234,c5,c234,c234,c5,c234,c234,c5
1231,1229,3,c234,c5,c5,c5,c5,c5,c5,c5,c5
1232,1230,1,c5,c234,c234,c234,c234,c234,c234,c234,c234
1234,1232,2,c5,c5,c5,c5,c5,c5,c5,c5,c5
1235,1233,2,c1,c234,c234,c234,c234,c234,c234,c234,c1
1236,1234,3,c5,c1,c234,c234,c1,c234,c1,c234,c234
1237,694,3,c5,c1,c1,c1,c1,c1,c1,c1,c1
1238,1236,1,c5,c5,c5,c5,c5,c5,c5,c5,c5
1240,1238,2,c1,c234,c234,c234,c234,c234,c234,c234,c234
1241,1239,3,c5,c5,c5,c5,c5,c5,c5,c5,c5
1242,1240,1,c1,c234,c234,c234,c234,c234,c234,c234,c234
1243,1241,2,c5,c5,c5,c5,c1,c5,c5,c5,c1
1244,1242,3,c5,c1,c1,c1,c234,c1,c1,c1,c1
1246,1244,3,c5,c234,c234,c5,c5,c234,c234,c5,c234
1247,1245,1,c5,c5,c5,c5,c5,c5,c5,c5,c5
1248,1246,2,c5,c5,c5,c5,c5,c5,c5,c5,c5
1249,1247,1,c5,c234,c5,c234,c234,c234,c234,c234,c234
1251,1249,2,c1,c234,c234,c234,c234,c5,c234,c234,c234
1252,1250,3,c234,c234,c234,c234,c234,c234,c234,c234,c234
1253,1251,1,c5,c1,c1,c1,c1,c1,c1,c1,c1
1254,1252,2,c234,c234,c234,c234,c234,c234,c234,c234,c234
1256,1254,3,c5,c5,c5,c5,c5,c234,c5,c5,c234
1257,1255,2,c234,c234,c234,c234,c234,c234,c234,c234,c234
1258,7,3,c234,c5,c5,c5,c5,c5,c5,c5,c5
1259,1257,3,c1,c1,c1,c1,c1,c1,c1,c1,c1
1260,1258,1,c234,c1,c1,c1,c1,c5,c1,c1,c5
1261,779,1,c234,c1,c1,c1,c1,c1,c1,c1,c1
1263,1261,1,c5,c234,c234,c234,c234,c234,c234,c234,c234
1264,271,1,c5,c1,c1,c1,c1,c1,c1,c1,c1
1265,24,3,c5,c234,c234,c234,c234,c5,c234,c234,c234
1266,1264,2,c1,c5,c5,c5,c5,c5,c5,c5,c5
1268,1266,3,c234,c1,c1,c1,c1,c5,c1,c1,c1
1269,1267,3,c5,c5,c5,c5,c5,c5,c5,c5,c5
1270,1268,2,c5,c234,c234,c234,c234,c5,c234,c234,c5
1271,1269,3,c5,c234,c234,c234,c234,c5,c234,c234,c5
1272,1270,1,c234,c234,c234,c234,c234,c234,c234,c234,c234
1273,1271,3,c5,c5,c5,c5,c5,c5,c5,c5,c5
1274,1272,1,c5,c5,c5,c5,c5,c5,c5,c5,c5
1276,1274,2,c5,c5,c5,c5,c5,c5,c5,c5,c5
1277,1275,3,c234,c234,c234,c234,c234,c234,c234,c234,c234
1278,1276,2,c1,c1,c1,c1,c1,c1,c1,c1,c1
1279,1277,1,c234,c5,c5,c5,c5,c5,c5,c5,c5
1280,1278,3,c5,c5,c5,c234,c1,c5,c5,c234,c5
1282,1280,1,c1,c234,c234,c234,c234,c234,c234,c234,c5
1283,1281,2,c1,c234,c234,c234,c234,c5,c234,c234,c5
1285,1283,2,c234,c234,c234,c234,c234,c234,c234,c5,c234
1286,1284,3,c1,c234,c234,c234,c234,c234,c234,c234,c234
1288,1286,3,c234,c234,c234,c1,c1,c234,c234,c1,c1
1289,1287,1,c1,c5,c5,c5,c5,c5,c5,c5,c5
1290,1288,2,c1,c5,c5,c5,c5,c5,c5,c5,c5
1291,1289,1,c234,c5,c5,c5,c5,c5,c5,c5,c5
1292,1290,3,c234,c5,c5,c5,c5,c5,c5,c5,c5
1293,1291,2,c5,c5,c5,c5,c5,c5,c5,c5,c5
1295,1293,1,c234,c234,c234,c234,c234,c234,c234,c234,c234
1296,1294,3,c234,c234,c234,c234,c234,c234,c234,c234,c234
1297,1295,2,c5,c5,c5,c5,c5,c5,c5,c5,c234
1299,1297,1,c234,c5,c5,c5,c5,c5,c5,c5,c5
1300,1298,2,c5,c234,c234,c234,c234,c234,c234,c234,c234
1301,1299,3,c1,c234,c234,c234,c234,c234,c234,c234,c234
1302,1300,1,c234,c5,c5,c5,c5,c5,c5,c5,c5
1304,1302,2,c5,c5,c5,c5,c5,c5,c5,c5,c5
1305,1303,3,c234,c5,c5,c5,c5,c5,c5,c5,c5
1306,1304,1,c1,c1,c1,c1,c1,c1,c1,c1,c1
1307,1305,2,c1,c234,c234,c234,c234,c234,c234,c234,c234
1309,1307,3,c1,c234,c234,c1,c234,c5,c234,c1,c5
1310,1308,1,c234,c1,c1,c1,c1,c1,c1,c1,c1
1311,1309,2,c234,c5,c5,c5,c5,c5,c5,c5,c5
1312,1310,3,c1,c234,c234,c234,c234,c234,c234,c234,c1
1313,1311,1,c1,c1,c1,c1,c1,c1,c1,c1,c1
1315,1313,2,c234,c5,c5,c5,c5,c5,c5,c5,c5
1316,1314,3,c5,c5,c5,c5,c5,c5,c5,c5,c5
1317,1315,3,c234,c5,c5,c5,c5,c5,c5,c5,c5
1318,36,2,c1,c5,c5,c5,c5,c5,c5,c5,c5
1319,1317,1,c1,c5,c5,c5,c5,c5,c1,c5,c5
1321,1319,2,c1,c5,c5,c5,c5,c5,c5,c5,c5
1322,1320,1,c234,c234,c234,c234,c1,c234,c234,c1,c234
1323,1321,3,c5,c234,c234,c234,c234,c234,c234,c234,c234
1324,1322,2,c5,c5,c5,c5,c5,c5,c5,c5,c5
1326,1324,1,c234,c5,c5,c5,c5,c5,c5,c5,c5
1327,1325,2,c1,c1,c1,c1,c1,c234,c1,c1,c1
1328,1326,3,c234,c234,c234,c234,c234,c234,c234,c234,c5
1329,1327,3,c1,c1,c1,c1,c1,c1,c1,c1,c1
1331,1329,1,c5,c1,c1,c1,c1,c5,c1,c1,c5
1332,1330,3,c5,c234,c5,c5,c234,c234,c234,c234,c234
1333,1331,3,c1,c1,c1,c1,c1,c1,c1,c1,c1
1334,1332,2,c234,c234,c234,c234,c234,c234,c234,c234,c234
1335,1333,1,c5,c5,c5,c5,c5,c5,c5,c5,c5
1337,1335,2,c1,c1,c1,c1,c1,c5,c1,c1,c5
1338,1336,3,c1,c1,c1,c5,c1,c5,c1,c1,c5
1339,1337,3,c5,c5,c5,c5,c5,c5,c5,c5,c5
1340,1338,1,c234,c234,c234,c234,c234,c5,c234,c234,c5
1342,1340,2,c5,c5,c5,c5,c5,c5,c5,c5,c5
1343,1341,3,c1,c1,c1,c1,c1,c1,c1,c1,c1
1344,1342,1,c234,c5,c5,c5,c5,c5,c5,c5,c5
1345,1343,2,c234,c1,c1,c1,c1,c1,c1,c1,c234
1347,1345,3,c5,c5,c5,c5,c5,c5,c5,c5,c5
1348,1346,1,c5,c1,c1,c1,c1,c1,c1,c1,c1
1349,1347,2,c234,c234,c234,c234,c234,c234,c234,c234,c234
1351,1349,3,c5,c234,c234,c234,c234,c234,c234,c234,c234
1352,1350,1,c5,c234,c5,c234,c234,c5,c5,c5,c1
1353,1351,2,c1,c1,c1,c1,c1,c1,c1,c1,c1
1354,1157,1,c5,c5,c5,c5,c5,c5,c5,c5,c5
1355,1353,1,c234,c234,c234,c234,c234,c5,c234,c234,c5
1356,1354,3,c5,c5,c5,c5,c5,c5,c5,c5,c5
1358,1356,1,c234,c5,c5,c5,c5,c5,c5,c5,c5
1359,1357,2,c234,c1,c1,c1,c1,c234,c1,c1,c1
1360,1358,2,c1,c234,c234,c234,c234,c234,c234,c234,c234
1362,474,3,c5,c5,c5,c5,c5,c5,c5,c5,c5
1363,1361,2,c5,c1,c1,c1,c1,c1,c1,c1,c1
1364,1362,3,c1,c1,c1,c1,c1,c1,c1,c1,c1
1365,1363,1,c1,c5,c5,c5,c5,c5,c5,c5,c5
1366,1364,2,c1,c5,c5,c5,c5,c5,c5,c5,c5
1368,1366,3,c5,c5,c5,c5,c5,c5,c5,c5,c5
1369,1367,2,c234,c5,c5,c5,c5,c5,c5,c5,c5
1370,1368,1,c1,c1,c1,c1,c1,c1,c1,c1,c1
1371,1369,3,c1,c234,c234,c5,c234,c234,c234,c234,c234
1373,1371,2,c5,c1,c1,c1,c1,c1,c1,c1,c1
1374,1372,1,c5,c5,c5,c5,c5,c5,c5,c5,c5
1375,1373,3,c5,c234,c5,c234,c5,c234,c234,c5,c234
1376,1374,1,c234,c1,c1,c1,c1,c1,c1,c1,c1
1378,1376,2,c1,c1,c1,c1,c1,c1,c1,c1,c1
1379,349,1,c234,c1,c5,c1,c1,c5,c1,c5,c5
1380,1378,3,c5,c5,c5,c5,c5,c5,c5,c5,c5
1381,1379,1,c1,c5,c5,c5,c5,c5,c5,c5,c5
1382,1380,2,c1,c234,c234,c234,c234,c234,c5,c234,c234
1384,1382,2,c1,c1,c1,c1,c1,c1,c1,c1,c1
1385,1383,3,c234,c1,c1,c1,c1,c1,c1,c1,c1
1386,1384,1,c1,c234,c234,c234,c234,c234,c234,c234,c234
1387,1385,2,c234,c1,c1,c1,c1,c1,c1,c1,c1
1388,1386,3,c5,c5,c5,c5,c5,c5,c5,c5,c5
1390,1388,3,c234,c234,c234,c234,c234,c234,c234,c234,c234
1391,1389,1,c234,c5,c5,c5,c5,c5,c5,c5,c5
1392,1145,2,c1,c234,c1,c234,c234,c1,c1,c1,c1
1393,1391,2,c1,c5,c5,c5,c5,c5,c5,c5,c5
1394,240,1,c234,c234,c1,c234,c234,c1,c234,c1,c1
1395,1393,2,c234,c1,c1,c1,c1,c1,c1,c1,c1
1397,1172,2,c1,c1,c1,c5,c1,c1,c1,c5,c1
1398,1396,1,c1,c234,c234,c1,c1,c5,c1,c1,c5
1399,16,1,c234,c1,c1,c1,c1,c1,c1,c1,c1
1400,349,1,c234,c1,c1,c1,c1,c5,c1,c1,c5
1401,1399,1,c5,c5,c5,c5,c5,c5,c5,c5,c5
1402,1400,2,c5,c5,c5,c5,c1,c5,c5,c5,c5
1403,1401,1,c234,c1,c1,c1,c234,c234,c1,c234,c234
1404,1402,2,c5,c5,c5,c5,c5,c5,c5,c5,c5
1405,1403,1,c5,c5,c234,c5,c5,c234,c5,c234,c234
1407,1405,2,c1,c234,c234,c234,c234,c234,c234,c234,c1
1408,587,1,c1,c1,c1,c1,c1,c1,c1,c1,c1
1409,1407,3,c1,c234,c234,c234,c1,c5,c234,c1,c5
1412,1410,1,c234,c5,c5,c5,c5,c234,c5,c5,c234
1413,1411,2,c234,c5,c5,c5,c5,c5,c5,c5,c5
1415,1413,3,c5,c5,c5,c5,c5,c5,c5,c5,c5
1416,1414,1,c5,c5,c5,c5,c5,c5,c5,c5,c5
1417,1415,2,c1,c5,c5,c5,c5,c5,c5,c5,c5
1418,1416,3,c5,c234,c234,c234,c5,c5,c5,c5,c5
1419,1417,1,c5,c234,c234,c234,c234,c5,c234,c234,c5
1420,1418,2,c234,c5,c5,c5,c5,c5,c5,c5,c5
1421,1419,3,c1,c1,c1,c234,c1,c1,c1,c1,c1
1423,171,2,c5,c234,c234,c234,c234,c234,c234,c234,c234
1424,1422,2,c1,c5,c5,c1,c5,c234,c5,c234,c234
1425,1423,1,c234,c5,c5,c5,c5,c5,c5,c5,c5
1426,1424,3,c5,c234,c234,c234,c234,c234,c234,c234,c234
1427,1425,2,c234,c5,c5,c5,c5,c5,c5,c5,c5
1428,1426,3,c5,c234,c234,c234,c234,c5,c234,c234,c5
1429,383,1,c5,c234,c234,c234,c234,c234,c234,c234,c234
1430,53,3,c1,c1,c1,c1,c1,c1,c1,c1,c1
1432,7,3,c5,c5,c5,c5,c5,c5,c5,c5,c5
1433,1431,1,c5,c5,c5,c5,c5,c5,c5,c5,c5
1434,1432,2,c234,c1,c1,c1,c1,c1,c1,c1,c1
1435,1433,1,c5,c5,c5,c5,c5,c5,c5,c5,c5
1436,1434,3,c1,c1,c1,c1,c1,c1,c1,c1,c1
1437,1435,1,c5,c5,c5,c5,c5,c234,c5,c5,c234
1439,1437,2,c1,c234,c234,c234,c234,c234,c234,c234,c234
1440,1438,3,c1,c234,c234,c234,c234,c234,c234,c234,c234
1441,194,1,c234,c5,c5,c5,c5,c5,c5,c5,c5
1444,1442,1,c5,c5,c5,c5,c5,c5,c5,c5,c5
1445,1443,2,c5,c1,c1,c1,c1,c1,c1,c1,c1
1446,1444,3,c234,c1,c1,c1,c1,c1,c1,c1,c1
1447,1445,1,c5,c5,c5,c5,c5,c5,c5,c5,c1
1448,1446,2,c5,c5,c1,c5,c5,c5,c5,c1,c1
1450,1448,3,c5,c1,c1,c1,c1,c1,c1,c1,c1
1451,1449,3,c5,c5,c5,c5,c5,c5,c5,c5,c5
1452,1450,2,c1,c1,c1,c1,c1,c5,c1,c1,c234
1453,1451,2,c1,c234,c234,c234,c234,c234,c234,c234,c234
1454,1452,3,c5,c5,c5,c5,c5,c5,c5,c5,c5
1455,1453,1,c234,c5,c1,c5,c1,c5,c5,c1,c5
1457,1455,2,c234,c234,c234,c234,c234,c234,c234,c234,c234
1458,1456,1,c1,c5,c5,c5,c5,c5,c5,c5,c1
1459,1457,3,c234,c5,c5,c5,c5,c5,c5,c5,c5
1460,1458,1,c234,c5,c1,c5,c5,c5,c5,c1,c1
1462,1460,2,c234,c5,c5,c5,c5,c5,c5,c5,c234
1463,658,3,c234,c234,c234,c234,c234,c234,c234,c234,c234
1464,274,3,c5,c5,c5,c1,c5,c234,c5,c1,c1
1465,1463,3,c234,c5,c5,c5,c5,c5,c5,c5,c5
1466,1464,3,c1,c234,c234,c234,c234,c234,c234,c234,c234
1467,1465,1,c234,c5,c5,c5,c5,c5,c5,c5,c5
1468,675,1,c1,c5,c1,c5,c5,c5,c5,c1,c1
1469,1467,2,c5,c5,c5,c5,c5,c5,c5,c5,c5
1471,1469,1,c5,c1,c234,c1,c1,c1,c1,c1,c1
1472,1470,2,c1,c1,c1,c1,c1,c1,c1,c1,c1
1473,1471,3,c1,c1,c1,c1,c1,c234,c1,c1,c234
1475,1473,1,c5,c234,c234,c234,c234,c234,c234,c234,c234
1476,1474,2,c234,c1,c1,c1,c1,c1,c1,c1,c1
1477,1475,3,c1,c234,c234,c234,c234,c234,c234,c234,c234
1478,1476,1,c1,c5,c5,c5,c5,c5,c5,c5,c5
1480,16,1,c234,c1,c1,c1,c1,c1,c1,c1,c1
1481,1479,2,c1,c1,c1,c1,c1,c1,c1,c1,c1
1483,1481,3,c234,c5,c5,c5,c5,c5,c5,c5,c5
1484,1482,1,c1,c1,c1,c1,c1,c1,c1,c1,c1
1485,1483,2,c1,c1,c1,c1,c1,c5,c1,c1,c1
1486,1484,2,c1,c5,c5,c5,c5,c5,c5,c5,c234
1487,1485,3,c234,c234,c234,c234,c234,c234,c234,c234,c234
1488,1486,1,c5,c5,c5,c5,c234,c5,c5,c5,c5
1489,1102,1,c5,c234,c234,c234,c234,c5,c234,c234,c5
1491,1489,1,c5,c234,c234,c234,c5,c5,c5,c234,c5
1492,1490,3,c1,c5,c5,c5,c5,c5,c5,c5,c5
1493,1491,3,c1,c1,c1,c1,c1,c1,c1,c1,c1
1494,1492,1,c234,c234,c234,c234,c234,c234,c234,c234,c234
1496,1494,2,c5,c5,c5,c5,c5,c5,c5,c5,c5
1497,1495,3,c1,c5,c5,c234,c5,c5,c234,c5,c5
1499,1497,1,c5,c5,c5,c5,c5,c5,c5,c5,c5
1500,1498,2,c5,c5,c5,c5,c5,c5,c5,c5,c5
1501,252,1,c234,c234,c5,c234,c234,c234,c234,c234,c234
1502,1500,3,c234,c5,c5,c234,c5,c234,c5,c234,c234
1504,1502,1,c234,c1,c1,c1,c1,c5,c1,c1,c5
1505,1503,3,c234,c5,c5,c234,c5,c5,c5,c5,c5
1506,1504,2,c234,c5,c5,c5,c5,c234,c5,c5,c5
1508,1506,1,c5,c234,c234,c234,c234,c5,c234,c234,c5
1510,1508,2,c5,c5,c5,c5,c5,c5,c5,c5,c5
1512,1510,3,c5,c234,c1,c234,c234,c234,c234,c234,c234
1513,1511,1,c234,c1,c1,c1,c1,c1,c1,c1,c1
1514,1512,1,c1,c5,c5,c5,c5,c5,c5,c5,c5
1515,1513,3,c1,c5,c5,c5,c5,c5,c5,c5,c5
1516,1514,2,c5,c5,c5,c5,c5,c5,c5,c5,c5
1517,1515,2,c1,c5,c1,c234,c5,c5,c1,c1,c5
1518,1516,3,c5,c234,c234,c234,c234,c234,c234,c234,c234
1519,1517,1,c5,c5,c5,c5,c5,c234,c5,c5,c5
1520,1518,3,c1,c234,c234,c234,c234,c5,c234,c234,c234
1522,1520,1,c5,c5,c1,c5,c5,c5,c5,c5,c1
1523,1521,2,c5,c1,c1,c1,c1,c1,c1,c1,c1
1524,1522,3,c234,c1,c1,c1,c1,c1,c1,c1,c1
1526,1524,1,c5,c5,c5,c5,c5,c5,c5,c5,c5
1527,1525,2,c5,c5,c5,c5,c5,c5,c5,c5,c5
1528,1526,3,c234,c234,c234,c234,c5,c234,c234,c5,c5
1529,587,1,c1,c1,c1,c1,c1,c1,c1,c1,c1
1531,1529,1,c5,c5,c5,c5,c5,c5,c5,c5,c5
1532,349,1,c5,c1,c1,c1,c1,c5,c1,c1,c5
1533,1531,2,c234,c234,c234,c234,c234,c234,c234,c234,c234
1534,7,3,c234,c5,c5,c5,c5,c5,c5,c5,c5
1535,1533,3,c5,c1,c1,c1,c1,c1,c1,c1,c5
1537,1535,2,c1,c1,c1,c1,c1,c1,c1,c1,c1
1538,1536,1,c5,c5,c5,c5,c5,c5,c5,c5,c5
1539,1336,3,c1,c1,c1,c5,c1,c5,c1,c1,c5
1540,33,3,c1,c1,c1,c1,c1,c1,c1,c1,c1
1541,1539,3,c1,c234,c234,c234,c234,c234,c234,c234,c234
1542,1540,1,c1,c1,c1,c1,c1,c1,c1,c1,c1
1543,1541,3,c1,c1,c1,c1,c1,c1,c1,c1,c234
1545,1543,2,c1,c234,c234,c234,c234,c234,c234,c234,c234
1547,755,2,c1,c1,c1,c1,c1,c1,c1,c1,c1
1548,1546,2,c5,c5,c5,c5,c5,c5,c5,c5,c5
1549,1547,1,c5,c234,c234,c234,c234,c5,c234,c234,c5
1550,7,3,c1,c5,c5,c5,c5,c5,c5,c5,c5
1551,1549,3,c5,c1,c1,c1,c1,c1,c1,c1,c1
1552,1550,1,c234,c5,c5,c5,c5,c5,c5,c5,c5
1554,1552,2,c1,c234,c234,c234,c234,c234,c234,c234,c234
1555,1553,3,c1,c234,c234,c234,c234,c234,c234,c234,c234
1556,1554,1,c234,c234,c234,c234,c234,c234,c234,c234,c1
1558,1556,2,c1,c234,c234,c5,c234,c5,c234,c5,c234
1559,1557,2,c5,c5,c5,c5,c5,c5,c5,c5,c5
1560,1558,3,c234,c1,c1,c1,c1,c1,c1,c1,c1
1562,1560,2,c234,c5,c5,c5,c5,c5,c5,c5,c5
1564,1562,3,c5,c234,c234,c1,c234,c234,c234,c234,c234
1565,1563,1,c1,c5,c5,c234,c5,c5,c5,c234,c5
1566,1564,1,c5,c5,c5,c5,c5,c5,c5,c5,c5
1567,1565,2,c5,c234,c234,c234,c234,c5,c234,c234,c5
1568,1566,3,c5,c5,c5,c5,c5,c5,c5,c5,c5
1570,1568,1,c234,c5,c5,c5,c5,c5,c5,c5,c5
1571,126,1,c5,c1,c1,c1,c1,c5,c1,c1,c1
1572,1570,2,c5,c5,c5,c5,c5,c5,c5,c5,c5
1574,1572,3,c5,c234,c234,c234,c234,c5,c234,c234,c5
1575,1573,2,c5,c234,c234,c234,c234,c234,c234,c234,c234
1576,1574,1,c5,c234,c234,c5,c1,c5,c234,c1,c5
1577,1575,3,c5,c234,c234,c234,c234,c234,c234,c234,c5
1579,1577,1,c5,c5,c5,c5,c5,c5,c5,c5,c5
1580,1578,2,c1,c5,c5,c5,c5,c5,c5,c5,c5
1581,1579,1,c1,c5,c234,c5,c5,c5,c5,c5,c5
1582,1580,3,c5,c5,c5,c5,c5,c5,c5,c5,c5
1583,1581,2,c5,c5,c5,c5,c5,c5,c5,c5,c5
1585,1583,3,c1,c5,c5,c5,c5,c5,c5,c5,c5
1586,1303,3,c234,c5,c5,c5,c5,c5,c5,c5,c5
1587,1585,1,c234,c5,c5,c5,c5,c5,c5,c5,c5
1589,1587,3,c234,c5,c5,c5,c5,c5,c5,c5,c5
1590,1588,2,c5,c5,c5,c5,c5,c5,c5,c5,c5
1591,1589,2,c1,c1,c1,c1,c1,c1,c1,c1,c1
1592,1590,1,c234,c234,c234,c234,c234,c234,c234,c234,c234
1593,1591,3,c5,c5,c5,c5,c5,c5,c5,c5,c5
1595,349,1,c234,c1,c5,c1,c1,c5,c1,c5,c5
1596,749,2,c234,c5,c5,c5,c5,c5,c5,c5,c5
1597,1595,1,c234,c1,c1,c1,c1,c234,c1,c1,c234
1598,1596,2,c234,c234,c234,c234,c234,c234,c234,c234,c234
1599,1597,1,c234,c5,c5,c5,c5,c5,c5,c5,c5
1600,1598,3,c5,c234,c234,c234,c234,c234,c234,c234,c234
1603,1601,1,c5,c1,c1,c1,c1,c1,c1,c1,c1
1604,1602,3,c234,c234,c234,c234,c234,c234,c234,c234,c234
1605,1603,2,c234,c234,c234,c234,c234,c1,c234,c234,c1
1607,1605,1,c5,c5,c5,c5,c5,c5,c5,c5,c5
1609,1607,2,c234,c5,c5,c5,c5,c5,c5,c5,c5
1610,1131,1,c1,c1,c1,c1,c1,c1,c1,c1,c1
1611,1609,3,c5,c5,c5,c5,c5,c5,c5,c5,c5
1612,36,2,c1,c5,c5,c5,c5,c5,c5,c5,c5
1614,1612,1,c1,c5,c5,c5,c5,c5,c5,c5,c5
1615,1613,2,c1,c234,c234,c234,c234,c234,c234,c1,c234
1616,1614,3,c234,c5,c5,c5,c5,c5,c5,c5,c5
1618,1157,1,c234,c5,c5,c5,c5,c5,c5,c5,c5
1619,1617,1,c1,c1,c1,c1,c1,c1,c1,c1,c1
1620,1618,2,c234,c234,c234,c234,c234,c234,c234,c234,c234
1622,1620,1,c234,c5,c5,c5,c5,c5,c5,c5,c5
1623,1621,3,c234,c234,c234,c234,c234,c234,c234,c234,c234
1624,1622,2,c5,c1,c5,c1,c1,c5,c1,c234,c5
1626,1624,3,c1,c5,c5,c5,c5,c5,c5,c5,c5
1627,1625,1,c5,c5,c5,c5,c5,c5,c5,c5,c5
1628,1626,3,c5,c5,c5,c5,c5,c5,c5,c5,c5
1629,1401,1,c5,c1,c1,c1,c234,c234,c1,c234,c234
1630,1628,2,c5,c5,c5,c5,c5,c5,c5,c5,c5
1631,1115,1,c234,c5,c5,c5,c5,c5,c5,c5,c5
1632,1630,1,c5,c5,c5,c5,c5,c5,c5,c5,c5
1634,1632,3,c234,c1,c1,c1,c1,c1,c1,c1,c1
1636,1634,2,c5,c234,c234,c234,c234,c234,c234,c234,c234
1637,1635,2,c234,c5,c5,c5,c5,c5,c5,c5,c5
1638,1636,3,c5,c1,c1,c1,c1,c5,c1,c1,c5
1639,1637,1,c5,c5,c5,c5,c5,c5,c5,c5,c234
1641,1639,1,c1,c1,c1,c1,c1,c5,c1,c1,c5
1642,1640,2,c234,c1,c1,c1,c1,c5,c1,c1,c5
1643,331,2,c5,c5,c5,c234,c234,c5,c5,c5,c5
1644,1642,2,c234,c234,c234,c1,c234,c234,c234,c1,c234
1646,1644,3,c1,c1,c1,c1,c1,c5,c1,c1,c5
1647,1645,1,c5,c234,c234,c234,c234,c234,c234,c234,c234
1648,1646,2,c5,c5,c5,c5,c5,c5,c5,c5,c5
1649,1647,3,c5,c5,c1,c5,c5,c5,c5,c1,c1
1650,1648,1,c1,c234,c234,c234,c234,c234,c234,c234,c5
1652,1650,2,c5,c5,c5,c5,c5,c5,c5,c5,c5
1654,1652,1,c234,c234,c234,c234,c234,c5,c234,c234,c5
1655,1653,2,c234,c5,c5,c5,c5,c5,c5,c5,c5
1656,1654,3,c5,c5,c5,c5,c5,c1,c5,c5,c1
1657,1458,1,c5,c5,c1,c5,c5,c5,c5,c1,c1
1658,1656,3,c5,c5,c5,c5,c5,c5,c5,c5,c5
1659,1657,3,c234,c1,c1,c1,c1,c5,c1,c1,c5
1660,1658,1,c234,c1,c1,c234,c1,c5,c234,c234,c5
1662,1660,2,c1,c1,c1,c1,c1,c1,c1,c1,c1
1663,1661,1,c234,c1,c1,c1,c1,c1,c1,c1,c5
1664,1662,2,c5,c234,c234,c234,c234,c234,c234,c234,c234
1665,1663,3,c234,c5,c5,c5,c5,c5,c5,c5,c5
1667,1665,1,c234,c5,c5,c5,c5,c5,c5,c5,c5
1668,1666,2,c5,c5,c5,c234,c234,c5,c5,c234,c5
1669,1667,3,c1,c5,c5,c5,c5,c234,c5,c5,c5
1670,1668,1,c234,c5,c5,c5,c5,c5,c5,c5,c5
1672,1670,2,c1,c5,c5,c5,c5,c5,c5,c1,c1
1673,1671,1,c1,c5,c5,c5,c5,c5,c5,c5,c5
1674,1672,3,c5,c5,c5,c5,c5,c5,c5,c5,c5
1676,1674,2,c1,c5,c5,c5,c5,c5,c5,c5,c5
1677,1675,3,c5,c5,c5,c5,c5,c5,c5,c5,c5
1678,1676,1,c1,c1,c1,c1,c5,c1,c1,c1,c1
1680,1678,1,c234,c5,c5,c5,c5,c5,c5,c5,c5
1681,1679,2,c234,c1,c1,c1,c1,c234,c1,c1,c234
1682,1680,3,c5,c234,c234,c234,c234,c234,c234,c234,c234
1684,1682,1,c5,c5,c5,c5,c5,c5,c5,c5,c5
1685,1683,2,c234,c5,c5,c5,c234,c234,c5,c5,c234
1687,1685,3,c1,c1,c1,c1,c1,c5,c1,c1,c5
1688,1686,3,c1,c234,c234,c234,c234,c234,c234,c234,c5
1689,1687,2,c234,c5,c234,c5,c5,c234,c5,c234,c234
1690,1688,1,c1,c234,c234,c234,c234,c234,c234,c234,c234
1691,1689,1,c1,c234,c234,c5,c5,c5,c5,c5,c5
1692,1690,3,c5,c5,c5,c234,c5,c5,c5,c5,c5
1694,1692,2,c5,c5,c5,c5,c5,c5,c5,c5,c5
1695,675,1,c234,c5,c1,c5,c1,c5,c5,c1,c1
1696,1239,3,c1,c5,c5,c5,c5,c5,c5,c5,c5
1697,1695,1,c234,c234,c234,c234,c234,c5,c234,c234,c5
1698,1696,2,c5,c234,c234,c234,c234,c234,c234,c234,c234
1699,1697,3,c5,c5,c5,c5,c5,c5,c5,c5,c5
1701,1157,1,c234,c5,c5,c5,c5,c5,c5,c5,c5
1702,1700,2,c1,c234,c234,c234,c234,c234,c234,c234,c234
1703,1701,1,c5,c5,c5,c5,c234,c5,c5,c234,c5
1704,1702,2,c234,c234,c234,c234,c234,c5,c234,c234,c5
1705,36,2,c234,c5,c5,c5,c5,c5,c5,c5,c5
1707,1705,2,c1,c234,c234,c234,c234,c234,c234,c234,c234
1708,1706,3,c234,c234,c234,c234,c234,c5,c234,c5,c5
1709,1707,3,c5,c234,c234,c234,c234,c234,c234,c234,c234
1711,1709,1,c1,c5,c234,c5,c5,c234,c234,c5,c234
1712,1710,1,c234,c5,c5,c5,c5,c5,c5,c5,c234
1713,1711,2,c5,c234,c234,c234,c234,c234,c234,c234,c234
1714,1712,1,c234,c5,c5,c5,c5,c5,c5,c5,c5
1716,504,2,c5,c1,c1,c1,c1,c1,c1,c1,c1
1717,1715,3,c1,c234,c234,c234,c234,c234,c234,c234,c234
1718,1716,2,c5,c5,c5,c5,c5,c5,c5,c5,c5
1719,1717,3,c5,c5,c5,c5,c5,c5,c5,c5,c5
1720,1718,3,c234,c5,c5,c5,c5,c5,c5,c5,c5
1722,1720,1,c1,c5,c5,c5,c5,c5,c5,c5,c5
1723,1721,2,c234,c234,c234,c234,c234,c234,c234,c234,c234
1724,1722,1,c1,c1,c1,c1,c1,c5,c1,c1,c1
1725,1723,2,c234,c5,c5,c5,c5,c5,c5,c5,c5
1726,1724,3,c5,c234,c234,c234,c234,c234,c234,c234,c234
1728,1726,1,c234,c5,c5,c5,c234,c5,c5,c234,c234
1729,1727,2,c234,c234,c234,c234,c234,c234,c234,c234,c234
1730,1728,3,c234,c234,c5,c234,c234,c5,c5,c5,c5
1731,1729,2,c5,c234,c234,c234,c5,c234,c234,c234,c5
1733,1731,1,c234,c5,c5,c5,c5,c5,c5,c1,c5
1734,1732,3,c5,c5,c234,c5,c5,c234,c5,c5,c234
1735,1733,1,c234,c234,c234,c234,c234,c234,c234,c234,c234
1736,33,3,c1,c1,c1,c1,c1,c1,c1,c1,c1
1737,3,3,c1,c1,c1,c1,c1,c1,c1,c1,c1
1738,1736,2,c1,c5,c5,c5,c5,c5,c5,c5,c234
1739,1737,3,c1,c1,c1,c1,c1,c1,c1,c1,c1
1741,36,2,c5,c5,c5,c5,c5,c5,c5,c5,c5
1742,1740,1,c1,c1,c1,c1,c1,c5,c1,c1,c5
1743,1741,2,c234,c5,c5,c5,c5,c5,c5,c1,c5
1745,1743,3,c234,c234,c234,c234,c234,c5,c234,c234,c5
1746,1744,2,c234,c5,c234,c5,c5,c234,c5,c5,c234
1747,1745,2,c234,c1,c1,c1,c1,c1,c1,c1,c1
1748,1746,1,c234,c1,c1,c1,c1,c1,c1,c1,c1
1750,1748,3,c234,c1,c234,c234,c1,c234,c1,c234,c5
1751,1749,2,c5,c5,c5,c5,c5,c5,c5,c5,c5
1752,1750,3,c5,c5,c5,c5,c5,c5,c5,c5,c234
1753,1751,1,c234,c234,c234,c234,c1,c5,c234,c234,c5
1755,1753,2,c1,c1,c234,c234,c1,c234,c1,c234,c1
1756,1754,1,c5,c5,c5,c234,c5,c5,c5,c5,c5
1757,1755,1,c234,c1,c1,c1,c1,c234,c1,c1,c1
1758,1756,2,c234,c234,c234,c234,c234,c234,c234,c234,c5
1759,1757,3,c1,c1,c1,c1,c1,c1,c1,c1,c1
1760,406,2,c1,c1,c1,c1,c1,c1,c1,c1,c1
1761,1759,1,c234,c234,c234,c234,c234,c234,c234,c234,c234
1762,1760,2,c234,c5,c234,c5,c5,c5,c5,c5,c5
1763,1761,3,c234,c5,c234,c234,c5,c234,c5,c234,c234
1766,178,2,c5,c1,c1,c1,c1,c1,c1,c1,c1
1767,1765,1,c5,c5,c5,c1,c5,c5,c5,c1,c5
1769,1767,2,c1,c1,c1,c1,c1,c234,c1,c1,c234
1770,1768,3,c1,c5,c5,c5,c5,c5,c5,c5,c5
1771,729,1,c5,c234,c234,c234,c234,c5,c234,c234,c5
1772,1770,1,c234,c1,c1,c1,c1,c234,c1,c1,c234
1773,1771,2,c5,c234,c234,c234,c1,c5,c234,c1,c5
1775,1773,3,c5,c5,c5,c5,c5,c5,c5,c5,c5
1776,1774,1,c234,c5,c5,c5,c5,c234,c5,c5,c234
1777,1609,3,c234,c5,c5,c5,c5,c5,c5,c5,c5
1778,1776,2,c5,c5,c5,c5,c5,c5,c5,c5,c5
1779,1777,3,c234,c1,c1,c234,c5,c5,c1,c234,c5
1780,1778,1,c5,c5,c5,c5,c5,c5,c5,c5,c5
1781,1779,2,c5,c5,c5,c5,c5,c5,c5,c5,c5
1782,16,1,c1,c1,c1,c1,c1,c1,c1,c1,c1
1784,1782,2,c5,c5,c5,c5,c5,c234,c5,c5,c234
1785,1783,3,c1,c1,c1,c1,c1,c1,c1,c1,c1
1786,1784,3,c5,c5,c5,c5,c5,c5,c5,c5,c5
1787,1785,1,c5,c5,c5,c5,c5,c5,c5,c5,c5
1789,1787,1,c1,c1,c1,c1,c1,c1,c1,c1,c1
1790,1788,1,c5,c5,c5,c5,c5,c5,c5,c5,c5
1791,1789,2,c5,c5,c5,c5,c5,c234,c5,c5,c234
1792,1790,3,c234,c234,c1,c234,c234,c1,c234,c1,c1
1793,1791,3,c5,c5,c5,c5,c5,c5,c5,c5,c5
1795,1793,2,c1,c1,c1,c1,c1,c1,c1,c1,c1
1796,1794,3,c1,c1,c1,c1,c1,c1,c1,c234,c1
1798,1796,1,c5,c1,c234,c234,c1,c234,c1,c5,c234
1799,1797,2,c234,c5,c5,c5,c1,c5,c5,c5,c5
1800,1798,1,c1,c1,c1,c1,c1,c1,c1,c1,c1
1801,1799,2,c5,c5,c234,c234,c234,c234,c5,c234,c234
1802,1800,3,c5,c5,c5,c5,c5,c1,c5,c5,c1
1803,1801,2,c234,c234,c1,c234,c234,c234,c234,c234,c5
1805,1803,1,c5,c5,c5,c5,c5,c5,c5,c5,c5
1806,1804,3,c234,c5,c5,c5,c5,c234,c5,c234,c234
1809,843,3,c5,c1,c1,c1,c1,c5,c1,c1,c5
1810,1808,1,c5,c5,c5,c5,c5,c5,c5,c5,c5
1811,1809,2,c5,c1,c1,c1,c1,c234,c1,c234,c234
1812,1810,3,c5,c234,c234,c234,c234,c234,c234,c234,c234
1813,1811,3,c5,c5,c5,c5,c5,c5,c5,c5,c5
1814,1812,1,c1,c1,c1,c1,c1,c1,c1,c1,c1
1816,1814,2,c5,c5,c5,c5,c5,c5,c5,c5,c5
1817,1815,1,c5,c1,c1,c1,c1,c5,c1,c1,c5
1818,603,1,c234,c1,c1,c1,c1,c1,c1,c1,c1
1820,1818,3,c234,c234,c5,c234,c234,c5,c234,c234,c234
1821,1819,2,c5,c5,c5,c1,c5,c1,c5,c1,c1
1822,1820,2,c5,c234,c234,c234,c234,c5,c234,c234,c5
1823,1821,1,c1,c1,c1,c1,c1,c234,c1,c1,c1
1825,1823,3,c5,c1,c1,c1,c1,c234,c1,c1,c5
1826,1824,1,c1,c1,c1,c1,c1,c1,c1,c1,c1
1828,1826,2,c234,c5,c5,c5,c5,c5,c5,c5,c5
1829,1827,3,c234,c5,c5,c5,c5,c5,c5,c5,c5
1830,1828,1,c1,c1,c1,c1,c234,c234,c1,c1,c1
1831,1829,2,c1,c1,c1,c1,c1,c1,c1,c1,c1
1832,1830,1,c234,c234,c234,c234,c234,c234,c234,c234,c234
1834,1832,3,c1,c234,c234,c234,c234,c5,c234,c234,c5
1836,1834,1,c234,c5,c5,c5,c5,c5,c5,c5,c234
1837,1835,2,c1,c1,c1,c1,c1,c1,c1,c1,c1
1838,194,1,c234,c5,c5,c5,c5,c5,c5,c5,c5
1839,1837,3,c234,c5,c5,c5,c5,c5,c5,c5,c234
1840,271,1,c234,c1,c1,c1,c1,c1,c1,c1,c1
1841,1839,1,c234,c1,c1,c1,c1,c1,c1,c1,c1
1842,271,1,c1,c1,c1,c1,c1,c1,c1,c1,c1
1844,1842,2,c234,c5,c5,c5,c5,c5,c5,c5,c5
1845,1843,3,c234,c234,c234,c234,c234,c234,c234,c234,c234
1846,1844,2,c1,c234,c234,c234,c234,c5,c234,c1,c5
1847,1845,1,c1,c234,c234,c234,c234,c234,c234,c234,c234
1848,1846,3,c5,c5,c5,c5,c5,c5,c5,c5,c5
1849,107,1,c1,c234,c234,c1,c234,c5,c234,c1,c5
1851,1849,1,c234,c5,c5,c5,c5,c5,c5,c5,c5
1852,1850,3,c1,c5,c5,c5,c5,c5,c5,c5,c5
1853,1851,2,c234,c5,c5,c5,c5,c5,c5,c5,c5
1854,117,3,c1,c1,c1,c1,c1,c1,c1,c1,c1
1856,1854,2,c1,c5,c5,c5,c5,c5,c5,c5,c5
1857,1855,1,c234,c234,c234,c234,c234,c234,c234,c234,c234
1858,1856,3,c234,c234,c234,c234,c234,c234,c234,c234,c234
1859,1857,3,c234,c5,c5,c5,c5,c234,c5,c5,c234
1861,1859,1,c1,c234,c234,c234,c234,c234,c234,c234,c234
1862,1860,2,c234,c234,c234,c234,c234,c234,c234,c234,c234
1863,295,1,c234,c5,c5,c5,c5,c5,c5,c5,c5
1864,1862,1,c1,c234,c234,c234,c234,c234,c234,c234,c234
1865,1863,3,c234,c234,c234,c234,c234,c234,c234,c234,c234
1866,1864,2,c5,c1,c1,c1,c1,c1,c1,c1,c1
1867,1865,2,c1,c1,c1,c1,c1,c234,c1,c1,c234
1868,1866,1,c234,c1,c1,c1,c1,c234,c1,c1,c234
1870,1868,3,c234,c5,c5,c5,c5,c5,c5,c5,c5
1871,1869,1,c1,c1,c1,c1,c1,c1,c1,c1,c1
1872,194,1,c1,c5,c5,c5,c5,c5,c5,c5,c5
1873,1871,3,c234,c1,c1,c1,c1,c1,c1,c1,c1
1875,513,2,c1,c5,c5,c5,c5,c5,c5,c5,c5
1876,1874,2,c234,c234,c234,c5,c234,c234,c234,c5,c5
1877,1875,1,c234,c234,c234,c234,c234,c5,c234,c234,c5
1878,1876,2,c5,c5,c5,c5,c5,c5,c5,c5,c5
1880,1878,3,c5,c1,c1,c1,c1,c1,c1,c1,c5
1881,1879,2,c5,c234,c234,c234,c234,c234,c234,c234,c234
1882,1880,1,c234,c5,c5,c5,c234,c5,c5,c5,c5
1883,1881,1,c234,c5,c5,c5,c5,c5,c5,c5,c5
1884,1882,3,c5,c234,c1,c1,c234,c1,c234,c1,c1
1885,1883,2,c5,c234,c234,c234,c234,c234,c234,c234,c234
1886,1884,3,c1,c1,c1,c1,c1,c1,c1,c1,c1
1888,1886,1,c1,c234,c234,c234,c234,c234,c234,c234,c234
1890,1888,2,c234,c5,c5,c5,c5,c5,c5,c5,c5
1891,1889,3,c1,c1,c1,c1,c1,c1,c1,c1,c1
1892,1890,1,c234,c234,c234,c234,c234,c234,c234,c234,c234
1894,1892,2,c1,c5,c5,c5,c5,c5,c5,c5,c5
1895,1893,3,c5,c1,c5,c1,c1,c5,c1,c5,c5
1896,7,3,c1,c5,c5,c5,c5,c5,c5,c5,c5
1897,1895,1,c5,c5,c5,c5,c5,c5,c5,c5,c234
1898,1896,3,c5,c234,c234,c234,c234,c234,c234,c234,c234
1899,0,3,c1,c1,c1,c1,c1,c1,c1,c1,c1
1901,1899,2,c5,c5,c5,c5,c5,c5,c5,c5,c5
1902,1900,1,c234,c5,c5,c5,c5,c234,c5,c5,c234
1904,1902,2,c234,c1,c1,c5,c1,c1,c1,c1,c1
1905,1903,3,c234,c5,c5,c5,c5,c5,c5,c5,c5
1906,1783,3,c1,c1,c1,c1,c1,c1,c1,c1,c1
1907,271,1,c1,c1,c1,c1,c1,c1,c1,c1,c1
1908,1906,3,c234,c234,c234,c234,c234,c234,c234,c234,c234
1909,452,3,c1,c1,c1,c234,c1,c234,c1,c234,c234
1910,1908,1,c234,c5,c5,c5,c5,c5,c5,c5,c5
1912,1910,3,c234,c5,c5,c5,c5,c5,c5,c5,c5
1913,1911,2,c234,c234,c234,c5,c234,c234,c234,c234,c234
1914,1912,2,c234,c234,c234,c234,c234,c234,c234,c234,c5
1915,1913,1,c5,c5,c1,c5,c5,c5,c5,c1,c5
1916,1914,3,c5,c234,c234,c234,c5,c5,c234,c234,c5
1918,1916,3,c234,c5,c5,c5,c5,c5,c5,c5,c5
1919,1917,1,c234,c5,c5,c5,c5,c5,c5,c5,c5
1921,452,3,c1,c234,c234,c234,c234,c234,c234,c234,c234
1922,1920,2,c1,c5,c5,c5,c5,c5,c5,c5,c5
1923,1921,1,c1,c5,c5,c5,c5,c5,c5,c5,c5
1924,1922,3,c5,c234,c234,c234,c234,c234,c5,c234,c234
1925,1172,2,c5,c1,c1,c5,c1,c1,c1,c5,c1
1926,1924,3,c1,c1,c1,c1,c1,c1,c1,c1,c1
1927,1925,2,c234,c1,c1,c1,c1,c5,c1,c1,c5
1928,1926,3,c234,c5,c5,c5,c5,c5,c5,c5,c5
1930,1928,2,c234,c1,c1,c1,c1,c1,c1,c1,c1
1931,25,1,c234,c234,c234,c234,c234,c234,c234,c234,c234
1932,1930,1,c234,c1,c1,c1,c1,c234,c1,c1,c234
1933,1931,1,c1,c234,c234,c5,c1,c5,c234,c234,c234
1935,1933,2,c1,c234,c234,c234,c234,c234,c234,c234,c234
1936,1934,3,c234,c5,c5,c5,c5,c5,c5,c5,c5
1937,1935,2,c5,c5,c5,c5,c5,c5,c5,c5,c5
1938,1936,1,c1,c1,c1,c1,c1,c5,c1,c1,c5
1939,1937,2,c234,c5,c5,c1,c5,c5,c5,c5,c5
1940,1938,3,c1,c234,c234,c234,c234,c5,c234,c234,c5
1942,1940,2,c1,c5,c5,c5,c5,c5,c5,c5,c5
1943,1336,3,c1,c5,c1,c5,c5,c5,c1,c5,c5
1944,1942,1,c5,c5,c5,c5,c5,c5,c5,c5,c5
1945,946,1,c1,c5,c1,c5,c1,c5,c5,c1,c5
1946,1944,3,c1,c234,c234,c234,c234,c234,c234,c234,c234
1947,1945,3,c5,c234,c234,c234,c1,c234,c234,c1,c234
1949,1033,3,c5,c234,c234,c234,c234,c5,c234,c234,c5
1950,1948,1,c5,c5,c5,c5,c5,c5,c5,c5,c5
1951,1949,3,c234,c234,c234,c234,c234,c234,c234,c234,c234
1952,1950,2,c5,c5,c5,c5,c5,c5,c5,c5,c5
1954,1952,2,c5,c5,c5,c5,c5,c5,c5,c5,c5
1955,1953,3,c234,c1,c1,c1,c1,c5,c1,c1,c1
1956,1954,1,c1,c234,c234,c234,c234,c234,c234,c234,c234
1957,1955,1,c1,c234,c234,c234,c234,c234,c234,c234,c234
1959,1957,2,c1,c1,c1,c1,c1,c1,c1,c1,c1
1960,1958,3,c234,c1,c1,c1,c1,c1,c1,c1,c1
1961,1959,2,c234,c1,c5,c1,c1,c5,c1,c5,c5
1962,1960,1,c234,c234,c234,c234,c234,c234,c234,c234,c234
1963,1961,3,c5,c234,c234,c234,c234,c234,c234,c234,c234
1964,1962,1,c234,c234,c5,c234,c234,c234,c234,c234,c234
1965,1963,3,c5,c5,c5,c5,c5,c5,c5,c5,c5
1966,1964,2,c5,c5,c5,c5,c5,c5,c5,c5,c5
1968,1966,1,c5,c234,c234,c234,c234,c5,c234,c234,c5
1969,1967,3,c1,c1,c1,c1,c1,c5,c1,c1,c5
1970,1968,2,c5,c5,c5,c5,c5,c5,c5,c5,c234
1973,271,1,c234,c1,c1,c1,c1,c1,c1,c1,c1
1974,1972,1,c1,c234,c234,c234,c234,c234,c234,c234,c234
1975,1973,2,c1,c5,c5,c234,c5,c5,c5,c234,c5
1976,1974,1,c1,c5,c5,c5,c5,c5,c5,c5,c5
1977,1975,3,c234,c234,c234,c234,c234,c234,c234,c234,c234
1978,1976,2,c234,c5,c5,c5,c5,c5,c5,c1,c5
1980,1978,3,c5,c234,c234,c234,c234,c5,c234,c234,c5
1981,1979,1,c234,c5,c5,c5,c5,c5,c5,c5,c234
1982,1980,2,c234,c5,c5,c5,c5,c5,c5,c5,c5
1984,1982,3,c5,c5,c5,c5,c5,c5,c5,c5,c5
1985,1983,1,c234,c234,c234,c234,c234,c234,c234,c234,c234
1986,1984,2,c234,c1,c1,c1,c1,c1,c1,c1,c1
1987,1985,3,c1,c1,c1,c1,c1,c1,c1,c1,c234
1988,1986,2,c234,c234,c1,c234,c1,c234,c234,c1,c234
1990,1988,1,c1,c234,c234,c234,c234,c5,c234,c234,c234
1991,1020,2,c1,c1,c234,c1,c1,c5,c1,c1,c1
1992,1990,3,c234,c1,c1,c1,c1,c1,c1,c1,c1
1993,1991,2,c5,c234,c234,c234,c234,c234,c234,c234,c234
1994,1992,1,c1,c5,c5,c5,c5,c5,c5,c5,c5
1995,1993,3,c1,c5,c5,c5,c5,c5,c5,c5,c5
1997,1995,1,c5,c5,c5,c5,c5,c5,c5,c5,c5
1998,1996,2,c5,c1,c1,c1,c1,c1,c1,c1,c1
1999,1997,3,c234,c5,c5,c5,c5,c5,c5,c5,c234
2000,1998,3,c5,c5,c5,c5,c5,c234,c5,c5,c234
2002,1212,3,c1,c1,c1,c1,c1,c1,c1,c1,c1
2003,2001,1,c5,c1,c5,c1,c5,c1,c1,c1,c234
2006,2004,1,c5,c1,c1,c1,c1,c1,c1,c1,c1
2007,2005,2,c5,c5,c5,c5,c5,c5,c5,c5,c5
2008,2006,2,c5,c234,c234,c234,c234,c234,c234,c234,c234
2011,2009,3,c234,c1,c1,c1,c1,c234,c1,c1,c1
2012,2010,3,c234,c5,c5,c5,c5,c5,c5,c5,c234
2013,2011,1,c5,c5,c5,c5,c5,c5,c5,c5,c5
2014,16,1,c1,c1,c1,c1,c1,c1,c1,c1,c1
2016,798,2,c1,c1,c1,c1,c1,c1,c1,c1,c1
2017,1331,3,c234,c1,c1,c1,c1,c1,c1,c1,c1
2019,2017,2,c5,c5,c5,c5,c5,c5,c5,c5,c5
2020,2018,2,c234,c1,c1,c1,c1,c1,c1,c1,c1
2021,2019,3,c1,c5,c5,c5,c5,c5,c5,c5,c5
2022,2020,1,c5,c234,c234,c234,c234,c234,c234,c234,c234
2023,349,1,c234,c1,c1,c1,c1,c5,c1,c1,c5
2024,2022,1,c5,c5,c5,c5,c5,c5,c5,c5,c5
2025,2023,2,c5,c5,c5,c5,c5,c234,c5,c5,c5
2027,2025,2,c234,c234,c234,c234,c234,c234,c234,c234,c234
2028,2026,3,c5,c5,c5,c5,c5,c5,c5,c5,c5
2029,2027,1,c1,c1,c1,c1,c1,c1,c1,c1,c1
2030,2028,3,c234,c234,c234,c234,c234,c1,c234,c234,c1
2031,2029,1,c234,c5,c5,c5,c5,c5,c5,c5,c234
2032,2030,2,c5,c5,c5,c5,c5,c5,c5,c5,c234
2033,611,3,c1,c5,c5,c5,c5,c5,c5,c5,c5
2034,2032,3,c1,c1,c1,c1,c1,c234,c1,c1,c1
2035,1892,2,c1,c5,c5,c5,c234,c5,c234,c5,c5
2037,2035,1,c5,c5,c5,c5,c5,c234,c5,c5,c5
2038,2036,1,c1,c1,c1,c1,c1,c234,c1,c1,c1
2039,2037,2,c5,c234,c234,c234,c234,c234,c234,c234,c5
2041,2039,1,c234,c234,c1,c234,c234,c5,c234,c1,c5
2042,2040,2,c5,c5,c5,c5,c5,c5,c5,c5,c5
2043,2041,3,c1,c1,c1,c1,c1,c1,c1,c1,c1
2044,2042,1,c1,c1,c1,c1,c1,c234,c1,c1,c1
2045,2043,2,c5,c1,c1,c1,c1,c1,c1,c1,c1
2047,2045,3,c234,c1,c1,c1,c1,c1,c1,c1,c1
2048,2046,1,c234,c234,c234,c234,c234,c234,c234,c234,c234
2049,2047,2,c234,c5,c5,c5,c5,c5,c5,c5,c5
2050,2048,3,c5,c5,c5,c5,c234,c5,c5,c5,c5
2051,2049,1,c234,c1,c1,c1,c1,c234,c1,c1,c234
2052,2050,2,c234,c5,c5,c5,c5,c5,c5,c5,c5
2054,257,2,c1,c1,c1,c1,c1,c1,c1,c1,c1
2055,2053,3,c5,c5,c5,c5,c5,c5,c5,c5,c5
2056,2054,2,c234,c234,c234,c234,c234,c234,c234,c234,c234
2058,2056,1,c1,c234,c234,c234,c234,c234,c234,c234,c234
2059,107,1,c1,c1,c1,c1,c234,c5,c1,c1,c5
2060,2058,3,c234,c5,c5,c5,c5,c5,c5,c5,c5
2061,2059,2,c234,c5,c5,c5,c5,c5,c5,c5,c5
2062,2060,1,c5,c1,c1,c1,c1,c5,c1,c1,c5
2063,36,2,c1,c5,c5,c5,c5,c5,c5,c5,c5
2064,2062,2,c5,c234,c234,c234,c234,c234,c234,c234,c234
2066,2064,3,c5,c5,c5,c5,c5,c5,c5,c5,c5
2067,2065,1,c234,c234,c234,c234,c234,c5,c234,c234,c5
2068,2066,2,c5,c5,c5,c5,c5,c5,c5,c5,c5
2069,612,1,c1,c5,c5,c234,c5,c5,c5,c5,c1
2070,166,2,c1,c1,c1,c1,c1,c1,c1,c1,c1
2072,2070,3,c5,c5,c5,c5,c5,c234,c5,c5,c234
2073,2071,2,c5,c5,c5,c5,c5,c5,c5,c5,c5
2074,1239,3,c1,c5,c5,c5,c5,c5,c5,c5,c5
2075,2073,1,c234,c5,c5,c5,c5,c5,c5,c5,c5
2076,2074,3,c234,c234,c234,c234,c234,c234,c234,c234,c234
2077,675,1,c5,c1,c1,c5,c1,c1,c1,c1,c1
2079,2077,1,c5,c5,c5,c5,c5,c5,c5,c5,c5
2080,2078,3,c1,c5,c5,c5,c5,c5,c5,c5,c5
2081,2079,2,c1,c234,c234,c234,c234,c5,c234,c234,c5
2082,2080,2,c5,c1,c1,c1,c1,c5,c1,c1,c5
2083,36,2,c1,c5,c5,c5,c5,c5,c5,c5,c5
2084,2082,1,c5,c234,c5,c5,c234,c5,c5,c5,c5
2085,2083,3,c5,c5,c5,c5,c5,c5,c5,c5,c1
2086,1035,1,c234,c1,c1,c1,c1,c234,c1,c1,c1
2088,2086,1,c5,c1,c1,c1,c1,c234,c1,c1,c234
2089,2087,2,c5,c5,c5,c5,c5,c5,c5,c5,c5
2090,2088,2,c5,c5,c5,c5,c5,c234,c5,c5,c234
2092,2090,3,c234,c234,c1,c1,c234,c234,c234,c1,c234
2093,2091,1,c234,c5,c5,c5,c5,c5,c5,c5,c5
2094,2092,3,c5,c234,c234,c234,c234,c5,c234,c234,c1
2095,2093,1,c1,c1,c1,c1,c1,c1,c1,c1,c1
2096,2094,3,c1,c234,c234,c234,c234,c5,c234,c234,c5
2097,2095,2,c1,c1,c1,c1,c1,c1,c1,c1,c1
2099,2097,1,c5,c1,c1,c1,c1,c5,c1,c1,c5
2101,2099,3,c1,c234,c1,c1,c234,c1,c1,c1,c1
2102,2100,2,c1,c1,c1,c1,c1,c1,c1,c1,c1
2103,2101,1,c5,c5,c5,c5,c5,c5,c5,c5,c5
2104,2102,2,c1,c1,c1,c1,c1,c1,c1,c1,c1
2106,2104,3,c5,c5,c5,c5,c5,c5,c5,c5,c5
2107,16,1,c1,c1,c1,c1,c1,c1,c1,c1,c1
2108,2106,1,c5,c5,c5,c5,c5,c5,c5,c5,c5
2109,2107,2,c1,c234,c1,c234,c234,c234,c234,c234,c234
2111,2109,1,c234,c234,c234,c234,c234,c5,c234,c234,c5
2113,2111,3,c234,c234,c234,c234,c234,c234,c234,c234,c1
2114,2112,2,c1,c1,c1,c1,c234,c234,c1,c1,c234
2115,2113,2,c1,c1,c1,c1,c1,c1,c1,c1,c1
2116,2114,3,c1,c234,c234,c1,c234,c1,c234,c1,c1
2119,271,1,c234,c1,c1,c1,c1,c1,c1,c1,c1
2120,2118,1,c5,c5,c5,c5,c5,c5,c5,c5,c5
2121,2119,1,c234,c234,c234,c234,c234,c234,c234,c234,c234
2122,2120,2,c5,c234,c234,c5,c234,c234,c234,c234,c234
2123,2121,1,c1,c234,c234,c1,c234,c234,c234,c1,c234
2124,2122,3,c5,c5,c5,c5,c5,c5,c5,c5,c5
2125,2123,3,c234,c1,c1,c1,c1,c234,c1,c1,c5
2127,2125,2,c1,c5,c5,c5,c5,c5,c5,c5,c234
2128,2126,1,c1,c1,c1,c1,c1,c1,c1,c1,c1
2129,2127,3,c5,c5,c5,c5,c5,c5,c5,c5,c5
2131,166,2,c234,c1,c1,c1,c1,c1,c1,c1,c1
2132,2130,2,c1,c1,c1,c1,c1,c1,c1,c1,c1
2133,2131,1,c1,c5,c5,c5,c5,c5,c5,c5,c5
2135,2133,2,c234,c234,c234,c234,c234,c234,c234,c234,c1
2136,2134,3,c1,c5,c5,c5,c5,c5,c5,c5,c5
2137,2135,1,c5,c5,c5,c5,c5,c5,c5,c5,c5
2138,2136,2,c1,c1,c1,c1,c1,c1,c1,c1,c1
2141,2139,2,c5,c5,c5,c5,c5,c5,c5,c5,c5
2142,103,2,c234,c234,c234,c234,c234,c234,c234,c234,c234
2143,0,3,c1,c1,c1,c1,c1,c1,c1,c1,c1
2145,2143,3,c5,c5,c5,c5,c5,c5,c5,c5,c5
2146,2144,1,c1,c1,c1,c1,c1,c5,c1,c1,c5
2147,2145,3,c234,c5,c5,c5,c5,c5,c5,c5,c5
2149,2147,1,c234,c1,c1,c1,c1,c1,c1,c1,c1
2150,2148,2,c5,c5,c5,c5,c5,c5,c5,c5,c5
2151,2149,3,c234,c234,c234,c234,c234,c234,c234,c234,c234
2152,2150,1,c234,c234,c234,c234,c234,c234,c234,c234,c234
2154,2152,2,c1,c234,c234,c234,c234,c234,c234,c234,c234
2155,1361,2,c1,c1,c1,c1,c1,c1,c1,c1,c1
2156,2154,3,c5,c5,c5,c5,c5,c5,c5,c5,c5
2157,2155,1,c1,c1,c1,c1,c1,c5,c1,c1,c234
2158,2156,2,c234,c234,c234,c234,c234,c234,c234,c234,c234
2160,2158,1,c234,c234,c234,c234,c234,c5,c234,c234,c5
2161,2159,3,c1,c1,c1,c1,c1,c1,c1,c1,c1
2162,2160,2,c234,c234,c234,c234,c1,c5,c234,c1,c5
2163,2161,3,c5,c5,c5,c5,c5,c5,c5,c5,c5
2165,2163,1,c234,c5,c5,c5,c5,c5,c5,c5,c5
2166,2164,3,c1,c5,c5,c5,c5,c5,c5,c5,c5
2167,2165,2,c1,c5,c5,c5,c5,c5,c5,c1,c5
2168,2166,1,c1,c5,c5,c234,c5,c234,c5,c234,c234
2169,2167,2,c5,c5,c5,c5,c5,c5,c5,c5,c5
2170,2168,3,c234,c1,c1,c1,c1,c1,c1,c1,c1
2172,2170,2,c5,c5,c5,c5,c5,c5,c5,c1,c5
2173,2171,1,c234,c5,c5,c5,c5,c234,c5,c5,c234
2175,2173,3,c234,c234,c234,c234,c234,c234,c234,c234,c234
2176,2174,1,c1,c234,c234,c234,c234,c234,c234,c234,c234
2177,2175,3,c5,c5,c1,c5,c5,c5,c5,c1,c5
2178,2176,1,c234,c234,c5,c234,c234,c5,c234,c5,c5
2179,2177,2,c5,c5,c5,c5,c5,c5,c5,c5,c5
2181,2179,3,c5,c5,c5,c5,c5,c5,c5,c5,c5
2182,2180,1,c234,c5,c5,c5,c5,c5,c5,c5,c5
2184,126,1,c234,c5,c5,c5,c5,c5,c5,c5,c5
2185,770,2,c234,c234,c234,c234,c234,c234,c234,c234,c234
2186,2184,2,c234,c234,c234,c234,c234,c234,c234,c234,c234
2188,2186,3,c5,c234,c234,c234,c234,c234,c234,c234,c234
2189,2187,1,c5,c234,c234,c234,c234,c234,c234,c234,c234
2190,2188,3,c234,c5,c5,c5,c5,c5,c5,c5,c5
2192,2190,2,c5,c5,c5,c5,c5,c5,c5,c5,c5
2193,2191,1,c234,c1,c1,c1,c1,c1,c1,c1,c1
2194,2192,2,c5,c5,c5,c5,c5,c234,c5,c5,c234
2195,2193,3,c5,c234,c234,c234,c234,c5,c234,c234,c234
2196,2194,1,c5,c5,c5,c5,c5,c1,c5,c5,c5
2198,2196,3,c1,c234,c234,c234,c234,c234,c234,c234,c234
2199,2197,2,c1,c5,c5,c5,c5,c5,c5,c5,c1
2200,2198,3,c5,c5,c5,c5,c5,c5,c5,c5,c5
2201,2199,1,c5,c5,c5,c5,c5,c5,c5,c5,c5
2202,2200,2,c5,c1,c1,c234,c1,c5,c1,c1,c5
2203,2201,2,c1,c1,c1,c1,c1,c5,c1,c1,c5
2204,2202,1,c1,c5,c5,c5,c5,c5,c5,c5,c5
2206,2204,2,c1,c234,c234,c234,c234,c5,c234,c234,c1
2207,2205,3,c234,c5,c5,c5,c5,c5,c5,c5,c5
2209,2207,2,c5,c5,c5,c5,c5,c5,c5,c5,c5
2210,2208,1,c5,c5,c5,c5,c5,c5,c5,c5,c234
2211,2209,3,c1,c5,c5,c5,c5,c5,c5,c5,c5
2212,2210,1,c234,c5,c5,c5,c5,c5,c5,c5,c5
2214,2212,2,c1,c234,c234,c234,c234,c5,c234,c234,c234
2215,2213,3,c5,c1,c1,c1,c1,c1,c1,c1,c1
2216,2214,1,c234,c1,c5,c234,c5,c234,c1,c5,c234
2217,2215,2,c5,c234,c234,c234,c234,c234,c234,c234,c5
2219,2217,2,c1,c1,c1,c1,c1,c5,c1,c1,c5
2220,2218,3,c1,c1,c1,c1,c1,c1,c1,c1,c1
2221,2219,1,c1,c5,c5,c5,c5,c5,c5,c5,c5
2222,2220,3,c5,c5,c5,c234,c5,c5,c5,c5,c5
2223,675,1,c5,c5,c1,c5,c5,c1,c5,c1,c1
2224,2222,1,c5,c234,c5,c234,c5,c234,c5,c234,c234
2225,2223,2,c234,c1,c1,c1,c1,c1,c1,c1,c1
2226,2224,1,c5,c5,c5,c5,c5,c5,c5,c5,c5
2227,2225,3,c234,c1,c1,c1,c1,c1,c1,c1,c234
2228,2226,2,c1,c1,c1,c1,c1,c1,c1,c1,c5
2229,2227,3,c234,c234,c1,c1,c1,c1,c234,c1,c1
2230,1154,1,c1,c234,c234,c234,c234,c1,c234,c234,c1
2231,737,3,c5,c5,c5,c5,c5,c5,c5,c5,c5
2233,2231,1,c1,c1,c1,c1,c1,c5,c1,c1,c5
2234,2232,2,c234,c5,c5,c5,c5,c5,c5,c5,c5
2235,107,1,c5,c1,c1,c1,c1,c5,c1,c1,c5
2236,2234,3,c5,c5,c5,c5,c5,c5,c5,c5,c5
2237,2235,3,c234,c5,c5,c5,c234,c5,c5,c5,c5
2239,271,1,c1,c1,c1,c1,c1,c1,c1,c1,c1
2240,2238,1,c5,c5,c5,c5,c5,c5,c5,c5,c5
2242,2240,1,c234,c1,c1,c1,c1,c234,c1,c234,c234
2243,2241,2,c5,c5,c5,c5,c5,c5,c5,c5,c5
2245,2243,1,c1,c234,c234,c234,c234,c234,c234,c234,c234
2246,2244,3,c1,c5,c5,c5,c5,c5,c5,c5,c5
2249,2247,2,c234,c234,c5,c234,c234,c5,c234,c5,c5
2250,2248,1,c1,c234,c234,c234,c234,c234,c234,c234,c234
2251,2249,3,c5,c5,c5,c5,c234,c234,c5,c5,c234
2252,2250,2,c1,c1,c1,c234,c1,c1,c1,c234,c1
2253,2251,1,c5,c5,c5,c5,c5,c5,c5,c5,c5
2254,2252,2,c234,c234,c5,c234,c234,c234,c234,c5,c5
2255,2253,3,c1,c1,c1,c1,c1,c1,c1,c1,c1
2256,2254,1,c234,c234,c234,c234,c234,c1,c234,c234,c1
2258,2256,2,c5,c234,c234,c234,c234,c1,c234,c234,c5
2259,2257,3,c1,c234,c234,c234,c234,c234,c234,c234,c234
2260,2258,1,c5,c5,c5,c5,c5,c5,c5,c5,c5
2261,2259,2,c5,c234,c234,c234,c234,c234,c234,c234,c234
2263,2261,3,c1,c1,c1,c5,c5,c5,c1,c1,c1
2264,2262,1,c234,c5,c5,c5,c1,c5,c5,c5,c5
2265,735,1,c1,c5,c5,c5,c5,c5,c5,c5,c5
2266,2264,2,c1,c1,c1,c1,c1,c1,c1,c1,c1
2268,2266,3,c234,c5,c5,c5,c5,c5,c5,c5,c5
2269,2267,1,c234,c1,c1,c1,c1,c1,c1,c1,c1
2270,2268,3,c1,c1,c1,c1,c1,c1,c1,c1,c234
2271,2269,2,c234,c234,c234,c234,c234,c5,c234,c234,c5
2272,2270,1,c1,c234,c234,c234,c234,c234,c234,c234,c234
2274,2272,2,c234,c234,c234,c234,c234,c234,c234,c234,c234
2275,36,2,c1,c5,c5,c5,c5,c5,c5,c5,c5
2276,2274,3,c5,c234,c234,c234,c234,c234,c234,c234,c234
2277,2275,1,c5,c5,c5,c5,c5,c5,c5,c5,c5
2279,2277,2,c234,c234,c234,c234,c234,c5,c234,c234,c5
2280,2278,3,c5,c234,c234,c234,c234,c1,c234,c234,c1
2281,2279,1,c1,c1,c1,c1,c5,c5,c1,c1,c1
2282,2280,2,c234,c5,c5,c234,c234,c5,c5,c5,c5
2284,735,1,c234,c5,c5,c5,c5,c5,c5,c5,c5
2285,2283,2,c1,c234,c234,c234,c1,c234,c234,c234,c234
2286,2284,1,c1,c234,c234,c234,c234,c234,c234,c234,c5
2287,16,1,c234,c1,c1,c1,c1,c1,c1,c1,c1
2288,2286,3,c1,c1,c1,c1,c1,c1,c1,c1,c1
2289,2287,2,c5,c1,c1,c1,c1,c234,c1,c1,c234
2291,2289,3,c234,c5,c5,c5,c5,c5,c5,c5,c5
2293,2291,1,c234,c5,c5,c5,c5,c5,c5,c5,c234
2294,2292,2,c5,c234,c234,c234,c234,c234,c234,c234,c234
2295,2293,1,c234,c5,c5,c5,c5,c5,c5,c5,c5
2297,2295,1,c234,c5,c5,c5,c5,c1,c5,c5,c1
2298,2296,3,c1,c5,c5,c5,c5,c5,c5,c5,c5
2299,2297,2,c5,c5,c5,c5,c5,c5,c5,c5,c5
2300,2298,2,c234,c1,c234,c1,c234,c1,c1,c234,c234
2302,2300,3,c5,c5,c5,c5,c5,c5,c5,c5,c5
2304,2302,1,c1,c234,c234,c234,c234,c234,c234,c234,c234
2305,2303,3,c1,c5,c5,c5,c5,c5,c5,c5,c5
2306,2304,1,c1,c5,c1,c1,c5,c5,c5,c1,c5
2307,2305,2,c5,c5,c5,c5,c5,c5,c5,c5,c5
2309,2307,3,c5,c1,c1,c1,c1,c1,c1,c1,c1
2310,2308,1,c234,c5,c5,c5,c5,c5,c5,c5,c5
2311,2309,2,c234,c5,c234,c234,c234,c234,c5,c234,c234
2312,2310,3,c1,c5,c5,c5,c5,c5,c5,c5,c5
2313,2311,1,c5,c5,c5,c5,c5,c5,c5,c5,c5
2315,2313,2,c5,c1,c1,c1,c1,c234,c1,c1,c5
2316,2314,3,c5,c234,c234,c234,c234,c234,c234,c234,c234
2317,2315,1,c5,c234,c234,c234,c234,c234,c234,c234,c234
2318,2316,2,c5,c5,c5,c5,c5,c5,c5,c5,c5
2319,2317,3,c234,c234,c234,c234,c234,c234,c234,c234,c234
2320,1859,1,c1,c234,c234,c234,c234,c234,c234,c234,c234
2322,2320,3,c234,c5,c5,c5,c5,c234,c5,c5,c1
2323,2321,1,c1,c234,c234,c234,c234,c234,c234,c234,c5
2324,1661,1,c234,c1,c1,c1,c1,c1,c1,c1,c5
2325,2323,2,c234,c1,c1,c234,c1,c234,c1,c234,c234
2328,2326,1,c234,c5,c5,c5,c5,c5,c5,c5,c5
2329,2327,2,c234,c5,c5,c5,c5,c5,c5,c5,c5
2330,2328,1,c234,c234,c234,c234,c234,c5,c234,c234,c5
2331,2329,2,c234,c5,c5,c5,c5,c5,c5,c5,c5
2333,2331,1,c234,c1,c1,c1,c234,c234,c1,c1,c234
2334,2332,2,c5,c5,c5,c5,c5,c5,c5,c5,c5
2335,2333,2,c1,c1,c1,c5,c1,c1,c1,c5,c234
2336,2334,1,c5,c234,c234,c234,c234,c234,c234,c234,c234
2338,2336,3,c234,c5,c234,c5,c5,c5,c5,c234,c5
2339,2337,2,c234,c5,c5,c5,c5,c1,c5,c5,c1
2340,2338,3,c5,c234,c234,c234,c234,c234,c234,c234,c234
2341,2339,2,c234,c234,c234,c234,c234,c5,c234,c5,c5
2342,2340,3,c5,c5,c5,c5,c5,c5,c5,c5,c5
2344,946,1,c234,c5,c1,c5,c1,c5,c5,c1,c5
2345,2343,3,c1,c5,c5,c5,c234,c5,c5,c5,c5
2346,2344,1,c1,c1,c1,c1,c1,c1,c1,c1,c1
2347,2345,1,c1,c1,c1,c1,c1,c5,c1,c1,c5
2348,2346,1,c234,c5,c5,c5,c5,c5,c5,c5,c234
2349,2347,2,c234,c234,c234,c234,c234,c234,c234,c234,c234
2350,2348,3,c1,c1,c1,c1,c234,c234,c1,c234,c234
2352,2350,1,c5,c5,c5,c5,c5,c5,c5,c5,c5
2354,2352,2,c5,c234,c234,c234,c5,c5,c234,c234,c5
2355,2353,3,c5,c234,c234,c1,c1,c234,c234,c1,c1
2356,2354,2,c5,c5,c5,c5,c234,c5,c5,c5,c5
2357,24,3,c5,c5,c5,c5,c5,c5,c5,c5,c5
2359,2357,1,c5,c5,c5,c5,c5,c5,c5,c5,c5
2360,2358,1,c1,c234,c234,c234,c234,c5,c234,c234,c5
2361,16,1,c234,c1,c1,c1,c1,c1,c1,c1,c1
2362,2360,3,c1,c5,c5,c5,c5,c5,c5,c5,c5
2363,271,1,c1,c1,c1,c1,c1,c1,c1,c1,c1
2365,2363,2,c1,c1,c1,c1,c1,c1,c1,c1,c1
2366,2364,1,c1,c5,c5,c5,c5,c5,c5,c5,c5
2367,2365,3,c234,c1,c234,c234,c1,c234,c1,c234,c234
2368,2366,3,c1,c1,c1,c1,c1,c1,c1,c1,c234
2369,2367,1,c234,c1,c1,c1,c1,c1,c1,c1,c1
2372,2370,2,c5,c234,c234,c234,c234,c234,c234,c234,c5
2373,2371,1,c234,c234,c234,c234,c234,c234,c234,c234,c234
2374,2372,2,c1,c1,c1,c1,c1,c1,c1,c1,c1
2376,513,2,c1,c5,c5,c5,c5,c5,c5,c5,c5
2377,2375,3,c1,c1,c1,c1,c1,c1,c1,c1,c1
2378,2376,2,c1,c1,c1,c1,c1,c234,c1,c1,c234
2379,2377,1,c5,c1,c1,c1,c1,c234,c1,c1,c234
2380,2378,3,c1,c5,c5,c234,c5,c5,c5,c5,c5
2381,2379,1,c234,c234,c234,c234,c234,c5,c234,c234,c5
2383,2381,2,c1,c5,c5,c5,c5,c5,c5,c5,c5
2384,2382,3,c234,c234,c234,c234,c234,c5,c234,c234,c5
2385,2383,1,c1,c234,c234,c234,c234,c5,c5,c234,c5
2387,2385,2,c5,c234,c234,c234,c234,c234,c234,c234,c234
2388,2386,3,c234,c5,c5,c5,c5,c234,c5,c5,c234
2389,2387,2,c5,c1,c1,c234,c234,c1,c234,c234,c1
2390,107,1,c5,c1,c1,c1,c1,c5,c1,c1,c5
2391,2389,3,c234,c5,c5,c5,c5,c5,c5,c5,c5
2393,2391,1,c1,c5,c5,c5,c5,c5,c5,c5,c5
2394,2392,2,c234,c5,c5,c5,c234,c5,c5,c5,c234
2395,2393,3,c1,c5,c5,c5,c5,c5,c5,c5,c5
2396,36,2,c234,c5,c5,c5,c5,c5,c5,c5,c5
2397,1621,3,c234,c234,c234,c234,c234,c234,c234,c234,c234
2399,2397,1,c5,c5,c5,c5,c5,c5,c5,c5,c5
2400,2398,2,c5,c1,c1,c234,c234,c234,c1,c234,c234
2401,2399,3,c234,c5,c5,c5,c5,c5,c5,c5,c5
2402,1598,3,c5,c234,c234,c234,c234,c234,c234,c234,c234
2403,2401,3,c5,c5,c5,c5,c5,c5,c5,c5,c5
2404,2402,1,c5,c234,c234,c234,c234,c234,c234,c234,c234
2405,2403,2,c5,c5,c5,c5,c5,c5,c5,c5,c5
2407,2405,2,c5,c234,c234,c234,c234,c234,c234,c234,c234
2408,2406,1,c1,c234,c234,c234,c234,c234,c234,c234,c234
2409,2407,3,c234,c5,c5,c5,c5,c5,c5,c5,c5
2410,2408,1,c5,c1,c1,c1,c1,c5,c1,c1,c5
2411,2409,2,c234,c1,c1,c1,c1,c1,c1,c1,c1
2412,2410,3,c1,c5,c5,c5,c5,c5,c5,c5,c5
2413,504,2,c1,c1,c1,c1,c1,c1,c1,c1,c1
2415,2413,1,c5,c5,c5,c5,c5,c5,c5,c5,c5
2416,2414,3,c5,c5,c5,c5,c5,c5,c5,c5,c5
2417,2415,2,c5,c5,c5,c5,c5,c5,c5,c5,c5
2418,2416,2,c1,c1,c1,c1,c1,c1,c1,c1,c1
2420,2418,1,c1,c234,c234,c234,c234,c234,c234,c5,c5
2422,2420,3,c5,c1,c1,c1,c1,c1,c1,c1,c1
2423,2421,3,c234,c1,c1,c5,c1,c1,c1,c5,c1
2424,2422,1,c5,c5,c5,c5,c5,c5,c5,c5,c5
2425,1198,2,c5,c1,c1,c1,c1,c1,c1,c1,c1
2426,2424,3,c5,c5,c5,c5,c5,c5,c5,c5,c5
2428,2426,3,c5,c234,c234,c234,c234,c234,c234,c234,c5
2429,2427,1,c1,c5,c5,c5,c5,c5,c5,c5,c234
2430,2428,2,c5,c5,c5,c5,c5,c5,c5,c5,c5
2431,2429,1,c5,c5,c5,c234,c234,c234,c5,c234,c234
2432,2430,2,c1,c234,c234,c234,c234,c234,c234,c234,c234
2434,2432,3,c1,c1,c1,c1,c1,c1,c1,c1,c1
2435,2433,1,c1,c1,c1,c1,c5,c234,c1,c1,c234
2436,2434,3,c5,c5,c5,c5,c5,c5,c5,c1,c5
2437,2435,2,c5,c5,c5,c5,c5,c234,c5,c5,c234
2439,2437,1,c1,c1,c1,c1,c1,c1,c1,c1,c1
2440,2438,1,c5,c5,c5,c5,c5,c5,c5,c5,c5
2441,2439,3,c234,c5,c5,c5,c5,c5,c5,c5,c234
2443,2441,1,c234,c234,c234,c234,c234,c234,c234,c234,c234
2444,2442,2,c234,c5,c5,c5,c5,c5,c5,c5,c5
2445,474,3,c234,c5,c5,c5,c5,c5,c5,c5,c5
2447,2445,3,c234,c234,c234,c234,c234,c5,c234,c234,c5
2448,2446,1,c1,c5,c234,c1,c5,c5,c5,c234,c5
2449,2447,2,c1,c1,c1,c1,c1,c1,c1,c1,c1
2450,2448,3,c234,c1,c234,c1,c1,c1,c1,c1,c1
2452,2450,1,c5,c234,c234,c234,c234,c234,c234,c234,c234
2453,2451,2,c1,c5,c5,c5,c234,c234,c5,c234,c234
2454,349,1,c234,c1,c5,c1,c1,c5,c1,c5,c5
2456,2454,3,c234,c5,c5,c5,c5,c5,c5,c5,c234
2457,2455,1,c5,c5,c5,c5,c5,c5,c5,c5,c5
2458,2456,3,c5,c5,c5,c5,c5,c5,c5,c5,c5
2459,1239,3,c5,c5,c5,c5,c5,c5,c5,c5,c5
2460,2458,1,c5,c1,c5,c1,c1,c5,c1,c1,c5
2462,2460,2,c234,c1,c1,c1,c1,c1,c1,c1,c1
2463,2461,3,c234,c5,c5,c5,c234,c5,c5,c234,c234
2464,2462,1,c234,c1,c1,c1,c1,c1,c1,c1,c1
2465,841,1,c234,c1,c1,c1,c1,c1,c1,c1,c1
2466,271,1,c5,c1,c1,c1,c1,c1,c1,c1,c1
2467,2465,3,c234,c5,c5,c5,c5,c234,c5,c5,c5
2468,2466,2,c5,c5,c5,c5,c5,c5,c5,c5,c5
2471,2469,3,c5,c234,c234,c234,c234,c234,c234,c234,c234
2472,2470,1,c1,c5,c5,c5,c5,c5,c5,c5,c5
2473,2471,2,c5,c234,c234,c234,c234,c234,c234,c234,c234
2474,2472,2,c5,c5,c5,c5,c5,c5,c5,c5,c5
2476,2474,3,c234,c234,c234,c234,c234,c234,c234,c234,c234
2477,2475,1,c234,c234,c234,c5,c234,c234,c234,c5,c234
2478,1540,1,c1,c1,c1,c1,c1,c1,c1,c1,c1
2479,2477,1,c234,c5,c5,c5,c5,c5,c5,c5,c5
2481,2479,2,c5,c5,c5,c5,c5,c5,c5,c5,c5
2482,2480,3,c5,c5,c5,c5,c5,c5,c5,c5,c5
2483,2481,1,c1,c1,c1,c234,c1,c5,c1,c1,c5
2484,2482,2,c5,c5,c5,c5,c5,c5,c5,c5,c5
2486,2484,3,c1,c1,c1,c1,c1,c1,c1,c1,c1
2488,2486,1,c1,c1,c1,c1,c1,c5,c1,c1,c1
2489,2487,3,c5,c1,c1,c1,c1,c1,c1,c1,c1
2490,2488,2,c1,c1,c1,c1,c1,c1,c1,c1,c1
2491,2489,2,c5,c234,c234,c234,c234,c5,c234,c234,c5
2492,36,2,c1,c5,c5,c5,c5,c5,c5,c5,c5
2494,194,1,c1,c5,c5,c1,c5,c5,c5,c1,c5
2495,2493,1,c234,c5,c5,c5,c5,c5,c5,c5,c5
2496,2494,3,c5,c234,c234,c234,c234,c5,c234,c5,c5
2497,2495,1,c5,c234,c234,c234,c234,c1,c234,c234,c1
2499,675,1,c1,c5,c1,c5,c5,c5,c5,c1,c1
2500,2498,2,c234,c1,c1,c1,c1,c1,c1,c1,c1
2501,2499,3,c1,c5,c5,c5,c5,c5,c5,c5,c5
2503,2501,1,c234,c234,c234,c234,c234,c234,c234,c234,c234
2504,2502,2,c234,c234,c234,c234,c234,c234,c234,c234,c234
2505,2503,3,c5,c234,c234,c234,c234,c234,c234,c234,c234
2506,2504,1,c234,c1,c1,c1,c1,c1,c1,c1,c1
2508,7,3,c1,c5,c5,c5,c5,c5,c5,c5,c5
2509,2507,2,c234,c1,c1,c1,c1,c1,c1,c1,c1
2510,2508,3,c5,c234,c234,c234,c234,c5,c234,c234,c5
2512,2510,1,c234,c234,c234,c234,c234,c234,c234,c234,c234
2513,2511,3,c1,c1,c1,c1,c1,c234,c1,c1,c1
2514,2512,2,c234,c5,c5,c5,c5,c5,c5,c5,c5
2515,2513,1,c1,c234,c234,c234,c234,c234,c234,c234,c234
2516,2514,2,c234,c1,c1,c1,c5,c5,c1,c5,c5
2517,2515,3,c5,c234,c234,c234,c234,c5,c234,c234,c5
2518,1583,3,c1,c5,c5,c5,c5,c5,c5,c5,c5
2520,2518,1,c5,c5,c5,c5,c5,c5,c5,c5,c5
2521,2519,2,c234,c5,c5,c5,c1,c5,c5,c5,c5
2523,2521,3,c234,c1,c1,c1,c1,c1,c1,c1,c1
2524,2522,2,c5,c5,c5,c5,c5,c5,c5,c5,c5
2525,2523,1,c1,c5,c5,c5,c5,c5,c5,c5,c5
2526,2524,3,c5,c1,c1,c1,c1,c1,c1,c1,c234
2527,2525,1,c1,c5,c5,c5,c5,c5,c5,c5,c5
2528,2526,2,c5,c5,c5,c5,c5,c5,c5,c5,c5
2530,2528,2,c5,c234,c234,c234,c234,c234,c234,c234,c5
2531,2529,3,c234,c1,c1,c1,c234,c234,c1,c1,c234
2532,2530,1,c1,c1,c1,c1,c1,c1,c1,c1,c1
2533,2531,3,c5,c5,c5,c5,c5,c234,c234,c5,c5
2534,2532,1,c1,c1,c1,c1,c1,c234,c1,c1,c1
2536,2534,2,c5,c234,c234,c234,c234,c234,c234,c234,c234
2537,2535,3,c234,c1,c1,c1,c234,c5,c1,c1,c1
2538,2536,2,c1,c1,c1,c1,c1,c1,c1,c1,c1
2540,2538,1,c234,c234,c234,c234,c234,c5,c234,c234,c5
2541,2539,3,c5,c234,c5,c234,c5,c5,c5,c5,c234
2542,2540,2,c1,c234,c5,c234,c234,c5,c234,c5,c5
2543,2541,1,c234,c5,c5,c5,c5,c5,c5,c5,c5
2545,2543,3,c5,c5,c5,c5,c5,c5,c5,c5,c5
2546,2544,1,c5,c1,c1,c1,c1,c1,c1,c1,c1
2547,2545,2,c5,c5,c5,c5,c5,c5,c5,c5,c5
2548,2546,3,c234,c5,c5,c5,c5,c5,c5,c5,c5
2550,2548,1,c5,c5,c5,c5,c5,c5,c5,c5,c5
2551,2549,3,c5,c5,c5,c5,c5,c5,c5,c5,c5
2552,2550,2,c1,c1,c1,c1,c1,c1,c1,c1,c1
2553,784,1,c1,c5,c5,c5,c5,c5,c5,c5,c5
2554,2552,1,c5,c5,c5,c5,c5,c5,c5,c5,c5
2557,2555,2,c234,c234,c234,c234,c234,c234,c234,c234,c234
2558,2556,3,c5,c5,c5,c5,c5,c5,c5,c5,c5
2559,2557,1,c234,c234,c5,c234,c234,c5,c234,c5,c1
2561,7,3,c1,c5,c5,c5,c5,c5,c5,c5,c5
2562,7,3,c5,c5,c5,c5,c5,c5,c5,c5,c5
2564,2562,2,c5,c1,c1,c234,c234,c234,c1,c234,c234
2565,2563,2,c234,c5,c5,c5,c5,c5,c5,c5,c5
2566,2564,3,c234,c5,c5,c5,c5,c5,c5,c5,c5
2568,2566,1,c5,c5,c5,c5,c5,c5,c5,c5,c5
2569,513,2,c1,c5,c5,c5,c5,c5,c5,c5,c5
2570,2568,2,c234,c1,c1,c1,c1,c1,c1,c1,c1
2572,2570,3,c5,c5,c5,c5,c5,c5,c5,c5,c5
2573,2571,3,c234,c5,c5,c5,c5,c5,c5,c5,c5
2574,2572,1,c5,c5,c5,c5,c5,c5,c5,c5,c5
2575,2573,2,c234,c234,c234,c234,c234,c234,c234,c234,c234
2576,2574,1,c5,c234,c234,c234,c234,c234,c234,c234,c234
2577,271,1,c234,c1,c1,c1,c1,c1,c1,c1,c1
2579,2577,2,c234,c5,c5,c5,c5,c5,c5,c5,c5
2580,2578,3,c234,c234,c234,c234,c234,c5,c234,c234,c234
2582,271,1,c5,c1,c1,c1,c1,c1,c1,c1,c1
2583,2581,1,c234,c5,c5,c5,c5,c5,c5,c5,c5
2584,2582,2,c5,c5,c5,c5,c5,c5,c5,c5,c5
2585,2583,3,c5,c234,c234,c234,c234,c234,c234,c1,c234
2587,2585,1,c234,c234,c1,c234,c234,c1,c234,c1,c1
2588,2586,2,c1,c1,c1,c1,c1,c1,c1,c1,c1
2589,2587,3,c234,c234,c234,c234,c234,c234,c234,c234,c234
2591,2589,1,c5,c5,c5,c5,c5,c5,c5,c5,c5
2592,2590,2,c5,c5,c5,c5,c5,c5,c5,c5,c5
2593,2591,3,c234,c1,c1,c1,c1,c5,c1,c1,c5
2594,2592,3,c5,c234,c5,c234,c234,c5,c234,c5,c5
2596,2594,2,c5,c1,c1,c1,c1,c234,c1,c1,c234
2597,2595,3,c1,c234,c234,c234,c234,c5,c234,c234,c5
2598,2596,1,c5,c234,c234,c234,c234,c234,c234,c234,c234
2599,2530,1,c234,c1,c1,c1,c1,c1,c1,c1,c1
2600,2598,1,c5,c5,c5,c5,c5,c234,c5,c5,c234
2602,166,2,c234,c1,c1,c1,c1,c1,c1,c1,c1
2603,2601,2,c234,c5,c5,c5,c5,c5,c5,c5,c5
2604,2602,2,c234,c234,c234,c234,c1,c234,c234,c234,c5
2605,2603,3,c5,c234,c234,c234,c5,c5,c234,c234,c5
2607,2605,1,c1,c1,c1,c5,c1,c5,c1,c5,c5
2608,2606,2,c5,c5,c5,c5,c5,c5,c5,c5,c5
2609,2607,3,c5,c5,c5,c5,c5,c5,c5,c5,c5
2612,2344,1,c1,c1,c1,c1,c1,c1,c1,c1,c1
2613,2611,3,c234,c234,c234,c1,c1,c234,c234,c1,c1
2614,91,3,c234,c1,c1,c1,c1,c1,c1,c1,c1
2615,2613,2,c234,c1,c1,c1,c1,c1,c1,c1,c1
2616,2614,3,c5,c5,c5,c5,c5,c5,c5,c5,c5
2617,16,1,c1,c1,c1,c1,c1,c1,c1,c1,c1
2618,2616,1,c5,c5,c5,c5,c5,c5,c5,c5,c5
2619,2617,1,c5,c5,c5,c5,c5,c5,c5,c5,c5
2621,2619,2,c234,c1,c1,c1,c1,c5,c1,c1,c1
2622,352,2,c1,c1,c1,c1,c1,c5,c1,c1,c5
2625,2623,3,c234,c234,c5,c1,c234,c234,c5,c5,c5
2626,2455,1,c5,c5,c5,c5,c5,c5,c5,c5,c5
2627,2625,2,c5,c5,c5,c5,c5,c5,c5,c5,c5
2628,2626,1,c1,c1,c1,c1,c1,c5,c1,c1,c5
2629,16,1,c1,c1,c1,c1,c1,c1,c1,c1,c1
2630,2628,3,c234,c1,c1,c5,c234,c5,c1,c5,c5
2631,2629,1,c234,c5,c5,c5,c5,c5,c5,c5,c5
2635,2633,2,c234,c5,c5,c5,c5,c5,c5,c5,c5
2637,2635,3,c1,c1,c1,c1,c1,c1,c1,c1,c1
2638,2636,3,c5,c5,c234,c5,c5,c234,c5,c5,c234
2639,2637,1,c5,c5,c5,c5,c5,c5,c5,c5,c5
2640,2638,2,c234,c5,c5,c5,c5,c5,c5,c5,c5
2642,53,3,c234,c1,c1,c1,c1,c1,c1,c1,c1
2643,2641,2,c5,c5,c5,c5,c5,c5,c5,c5,c5
2644,2642,1,c1,c5,c5,c5,c5,c5,c5,c5,c5
2645,36,2,c1,c5,c5,c5,c5,c5,c5,c5,c5
2646,2644,3,c1,c5,c5,c5,c5,c5,c5,c5,c5
2647,2645,1,c5,c5,c5,c5,c234,c234,c5,c5,c234
2649,2647,1,c1,c234,c234,c234,c234,c5,c234,c234,c5
2650,2648,2,c1,c1,c1,c1,c1,c1,c1,c1,c1
2652,2650,3,c234,c1,c1,c1,c1,c5,c1,c1,c5
2653,2651,3,c234,c1,c1,c1,c1,c234,c1,c1,c234
2654,2652,2,c234,c5,c5,c5,c5,c234,c5,c5,c234
2655,2653,1,c5,c5,c5,c5,c5,c5,c5,c5,c5
2656,2654,1,c5,c234,c234,c234,c234,c5,c234,c234,c5
2657,2655,2,c1,c234,c234,c234,c234,c234,c234,c234,c234
2659,2657,3,c5,c1,c234,c1,c234,c234,c1,c1,c1
2660,2658,1,c234,c234,c234,c234,c234,c5,c234,c234,c5
2661,2659,2,c1,c5,c5,c5,c234,c234,c5,c5,c234
2662,2660,3,c1,c234,c234,c1,c234,c234,c234,c1,c234
2663,737,3,c5,c5,c5,c5,c5,c5,c5,c5,c5
2665,2663,1,c1,c234,c234,c234,c234,c234,c234,c234,c234
2666,2664,2,c5,c5,c5,c5,c5,c5,c5,c5,c5
2669,2667,3,c5,c234,c234,c5,c234,c5,c234,c5,c5
2670,2668,3,c234,c234,c234,c1,c1,c5,c234,c1,c5
2671,2669,1,c1,c1,c1,c1,c1,c1,c1,c1,c1
2672,2670,2,c1,c5,c5,c5,c5,c5,c5,c5,c5
2673,2671,1,c234,c5,c234,c5,c5,c5,c5,c5,c5
2674,2672,2,c5,c5,c5,c5,c5,c5,c5,c5,c5
2675,2673,3,c234,c5,c5,c5,c5,c5,c5,c5,c234
2676,2674,1,c1,c1,c1,c1,c1,c1,c1,c1,c1
2677,2675,3,c234,c5,c5,c5,c5,c5,c5,c5,c5
2678,2676,2,c1,c234,c234,c234,c234,c234,c234,c234,c234
2679,2677,3,c1,c1,c1,c1,c1,c234,c1,c1,c234
2680,2678,1,c5,c5,c5,c5,c5,c5,c5,c5,c5
2682,2680,2,c5,c5,c5,c5,c5,c5,c5,c5,c5
2684,2682,3,c5,c234,c234,c234,c234,c234,c234,c234,c234
2685,1020,2,c234,c1,c234,c1,c1,c5,c1,c1,c1
2686,2684,2,c5,c234,c234,c234,c234,c5,c234,c234,c5
2687,2685,1,c5,c5,c5,c5,c5,c5,c5,c5,c5
2688,2686,3,c1,c5,c5,c5,c5,c5,c5,c5,c5
2690,2688,1,c1,c5,c5,c5,c5,c5,c5,c5,c5
2691,2689,2,c1,c234,c234,c234,c234,c5,c234,c234,c234
2692,2690,2,c234,c1,c1,c1,c1,c1,c1,c1,c5
2694,2692,3,c5,c5,c5,c5,c5,c5,c5,c5,c5
2695,2693,1,c1,c1,c1,c1,c1,c234,c1,c1,c1
2696,2694,1,c1,c1,c1,c1,c1,c1,c1,c1,c1
2697,2695,2,c5,c5,c5,c5,c5,c5,c5,c5,c5
2699,2697,3,c234,c5,c5,c5,c5,c5,c5,c5,c5
2700,2698,1,c5,c5,c5,c5,c5,c5,c5,c5,c5
2701,271,1,c1,c1,c1,c1,c1,c1,c1,c1,c1
2702,2700,3,c5,c5,c5,c5,c5,c5,c5,c5,c5
2703,2701,2,c234,c234,c234,c234,c234,c234,c234,c234,c5
2704,2702,1,c234,c1,c1,c1,c1,c1,c1,c1,c1
2706,2704,2,c1,c5,c5,c5,c5,c5,c5,c5,c5
2707,2705,3,c1,c234,c1,c234,c234,c234,c234,c234,c234
2708,2706,2,c234,c5,c5,c5,c5,c5,c5,c5,c5
2709,2707,3,c234,c5,c5,c5,c5,c5,c5,c5,c5
2710,2708,1,c1,c1,c1,c1,c1,c5,c1,c1,c5
2711,2709,1,c5,c5,c5,c5,c5,c5,c5,c5,c5
2713,2711,2,c1,c1,c1,c5,c234,c5,c1,c5,c5
2714,2712,3,c234,c5,c5,c5,c5,c5,c5,c5,c5
2715,2713,1,c234,c5,c5,c234,c5,c5,c5,c234,c5
2716,2714,3,c1,c234,c5,c234,c234,c5,c234,c234,c5
2717,271,1,c1,c1,c1,c1,c1,c1,c1,c1,c1
2719,2717,1,c1,c1,c1,c1,c1,c1,c1,c1,c1
2720,2718,2,c1,c5,c5,c234,c5,c5,c5,c234,c234
2722,946,1,c5,c5,c1,c5,c1,c5,c5,c1,c5
2723,2721,1,c5,c5,c5,c5,c5,c5,c5,c5,c5
2725,2723,3,c1,c1,c1,c1,c1,c1,c1,c1,c1
2726,117,3,c1,c1,c1,c1,c1,c1,c1,c1,c1
2727,2725,2,c5,c234,c234,c234,c234,c234,c234,c234,c234
2728,2726,3,c234,c234,c1,c5,c234,c234,c234,c234,c234
2729,2727,1,c5,c5,c5,c5,c5,c5,c5,c5,c5
2730,2728,2,c1,c1,c234,c234,c1,c5,c234,c234,c5
2731,47,2,c5,c1,c1,c1,c1,c1,c1,c1,c5
2732,2730,3,c1,c234,c234,c234,c234,c234,c234,c234,c1
2734,1293,1,c234,c234,c234,c234,c234,c234,c234,c234,c234
2735,2733,1,c234,c5,c5,c5,c5,c5,c5,c5,c5
2736,2734,2,c5,c1,c1,c1,c1,c1,c1,c1,c1
2738,2736,3,c5,c5,c5,c5,c5,c5,c5,c5,c5
2739,2737,2,c5,c5,c5,c5,c5,c5,c5,c5,c5
2741,1458,1,c1,c5,c1,c5,c5,c5,c5,c1,c1
2742,2740,1,c5,c5,c5,c5,c5,c5,c5,c5,c5
2743,2741,3,c1,c5,c234,c5,c5,c234,c5,c5,c234
2744,2742,1,c1,c1,c1,c1,c1,c234,c1,c1,c1
2746,2744,3,c5,c234,c234,c234,c234,c5,c234,c234,c5
2747,2745,2,c5,c5,c5,c5,c5,c5,c5,c5,c5
2748,2746,1,c1,c234,c234,c234,c234,c234,c234,c234,c234
2750,2748,1,c234,c5,c5,c5,c5,c5,c5,c5,c5
2751,2749,2,c5,c5,c5,c5,c5,c5,c5,c5,c5
2752,2750,3,c1,c5,c5,c5,c5,c5,c5,c1,c5
2753,2751,1,c234,c234,c234,c234,c234,c234,c234,c234,c234
2755,2753,2,c1,c234,c234,c234,c234,c234,c234,c234,c234
2756,2754,3,c5,c5,c5,c5,c5,c5,c5,c5,c234
2757,2755,2,c5,c5,c5,c5,c5,c5,c5,c5,c5
2758,2756,1,c1,c5,c5,c5,c5,c234,c5,c5,c5
2759,2757,3,c1,c5,c5,c5,c5,c5,c5,c5,c5
2761,2759,1,c1,c5,c5,c5,c5,c5,c5,c5,c5
2762,2760,2,c5,c1,c1,c1,c1,c234,c1,c1,c234
2763,2761,2,c5,c234,c234,c234,c234,c234,c234,c234,c234
2764,2762,3,c234,c1,c234,c234,c1,c1,c1,c234,c1
2766,2764,1,c5,c5,c5,c5,c5,c5,c5,c5,c5
2767,2765,2,c1,c1,c1,c1,c1,c1,c1,c1,c1
2769,2767,3,c5,c1,c1,c1,c1,c234,c1,c1,c1
2770,2768,2,c1,c1,c1,c1,c1,c1,c1,c1,c1
2771,16,1,c234,c1,c1,c1,c1,c1,c1,c1,c1
2772,2770,1,c5,c5,c5,c234,c5,c5,c5,c5,c5
2773,2771,3,c5,c5,c5,c5,c5,c5,c5,c5,c5
2774,2772,1,c234,c1,c1,c1,c1,c5,c1,c1,c5
2775,2773,2,c234,c234,c234,c234,c234,c234,c234,c234,c234
2777,1212,3,c5,c1,c1,c1,c1,c1,c1,c1,c1
2779,2777,3,c234,c1,c1,c1,c1,c1,c1,c1,c1
2780,2778,1,c234,c1,c1,c1,c234,c5,c1,c1,c5
2781,2779,2,c5,c1,c1,c1,c1,c1,c1,c1,c1
2783,2781,3,c234,c5,c5,c5,c5,c5,c5,c234,c5
2784,2782,1,c5,c5,c5,c5,c5,c1,c5,c5,c234
2785,2783,2,c234,c5,c5,c5,c5,c5,c5,c5,c5
2786,2784,3,c234,c234,c234,c234,c234,c234,c234,c234,c234
2787,2785,3,c5,c234,c234,c234,c234,c234,c234,c234,c5
2789,2787,1,c5,c234,c234,c234,c234,c234,c234,c234,c5
2791,2789,2,c5,c234,c234,c234,c234,c234,c234,c234,c234
2792,2790,2,c5,c5,c5,c5,c5,c5,c5,c5,c234
2794,2792,3,c234,c5,c5,c5,c5,c5,c5,c5,c5
2795,2793,1,c5,c234,c234,c234,c234,c5,c234,c1,c5
2796,2794,1,c234,c234,c234,c234,c234,c234,c234,c234,c234
2797,2795,2,c234,c1,c1,c1,c1,c1,c1,c1,c1
2798,2796,3,c5,c234,c234,c5,c234,c5,c234,c5,c5
2799,2797,2,c234,c234,c234,c234,c234,c234,c234,c234,c234
2801,2799,1,c234,c1,c1,c1,c1,c1,c1,c1,c234
2803,2801,3,c5,c1,c5,c1,c1,c5,c5,c5,c5
2804,2802,2,c5,c1,c1,c1,c1,c1,c1,c1,c1
2806,2804,1,c5,c5,c5,c5,c5,c5,c5,c5,c1
2807,2805,3,c5,c5,c5,c5,c5,c5,c5,c5,c5
2808,2806,1,c1,c5,c5,c5,c5,c5,c5,c5,c5
2810,2808,2,c5,c234,c234,c234,c234,c234,c234,c234,c234
2811,2809,3,c1,c5,c5,c5,c5,c5,c5,c5,c5
2812,2810,2,c5,c5,c5,c5,c5,c5,c5,c5,c5
2813,2811,1,c5,c5,c5,c5,c5,c5,c5,c5,c5
2814,2812,3,c1,c1,c1,c1,c1,c234,c1,c234,c234
2815,25,1,c234,c234,c234,c234,c234,c234,c234,c234,c234
2818,2816,2,c1,c1,c1,c1,c1,c5,c1,c1,c5
2819,2817,2,c5,c234,c234,c234,c234,c234,c234,c234,c234
2820,2818,1,c234,c5,c5,c5,c5,c5,c5,c5,c5
2821,2819,1,c234,c5,c5,c5,c234,c234,c5,c234,c234
2823,2821,3,c1,c234,c234,c234,c234,c234,c234,c234,c234
2825,2823,2,c234,c234,c1,c234,c234,c5,c234,c234,c5
2826,2824,3,c234,c5,c5,c5,c5,c234,c5,c5,c234
2827,2825,1,c1,c234,c234,c234,c234,c5,c234,c234,c5
2828,2826,2,c234,c234,c234,c234,c234,c234,c234,c234,c234
2829,2827,1,c234,c1,c1,c234,c1,c234,c1,c234,c5
2830,1952,2,c5,c5,c5,c5,c5,c5,c5,c5,c5
2831,2829,3,c5,c5,c5,c5,c5,c5,c5,c5,c5
2833,7,3,c234,c1,c5,c1,c1,c5,c1,c5,c5
2834,2832,3,c5,c5,c5,c5,c5,c5,c5,c5,c5
2835,2833,2,c5,c5,c5,c5,c5,c5,c5,c5,c5
2837,2835,1,c234,c234,c234,c234,c234,c5,c234,c5,c5
2838,2836,2,c5,c234,c234,c234,c234,c234,c234,c234,c234
2839,2837,3,c1,c1,c1,c1,c1,c1,c1,c1,c1
2841,2839,1,c234,c5,c5,c5,c5,c5,c5,c5,c5
2842,2840,3,c234,c234,c5,c5,c234,c5,c234,c5,c5
2844,2842,2,c1,c234,c234,c234,c234,c234,c234,c234,c234
2845,178,2,c1,c1,c234,c1,c1,c5,c1,c1,c5
2846,784,1,c1,c5,c5,c5,c5,c234,c5,c5,c234
2847,2845,2,c5,c5,c5,c234,c5,c5,c5,c5,c5
2848,2846,1,c5,c234,c234,c234,c234,c5,c234,c234,c234
2849,2847,3,c5,c5,c5,c5,c5,c5,c5,c5,c5
2850,2848,1,c1,c5,c5,c5,c1,c5,c5,c5,c5
2851,2849,3,c5,c5,c234,c234,c5,c5,c5,c234,c1
2852,2850,2,c5,c5,c5,c5,c5,c5,c5,c5,c234
2853,1239,3,c5,c5,c5,c5,c5,c5,c5,c5,c5
2856,2854,3,c5,c5,c5,c5,c5,c5,c5,c5,c5
2857,2855,1,c234,c5,c5,c5,c5,c5,c5,c5,c5
2858,2856,2,c234,c5,c5,c234,c5,c234,c5,c234,c234
2860,2858,1,c234,c5,c5,c5,c5,c5,c5,c5,c5
2862,2860,2,c234,c234,c234,c234,c234,c234,c234,c234,c234
2863,2861,3,c5,c234,c234,c234,c1,c5,c234,c1,c5
2864,16,1,c1,c1,c1,c1,c1,c1,c1,c1,c1
2866,2864,1,c234,c234,c234,c234,c234,c234,c234,c234,c234
2868,2866,2,c234,c1,c1,c1,c1,c1,c1,c1,c5
2869,271,1,c234,c1,c1,c1,c1,c1,c1,c1,c1
2870,1145,2,c234,c234,c1,c234,c234,c1,c1,c1,c1
2871,2869,2,c5,c5,c5,c5,c5,c5,c5,c5,c5
2872,2870,3,c1,c234,c234,c234,c234,c5,c234,c234,c5
2873,2871,1,c5,c5,c5,c5,c5,c5,c5,c5,c5
2875,2873,3,c5,c5,c5,c5,c5,c5,c5,c5,c5
2876,2874,1,c234,c1,c1,c1,c1,c1,c1,c1,c1
2878,2876,2,c5,c5,c5,c5,c5,c5,c5,c5,c5
2879,1458,1,c1,c5,c1,c5,c5,c5,c5,c1,c1
2880,1213,1,c5,c5,c5,c5,c5,c5,c5,c5,c5
2881,16,1,c234,c1,c1,c1,c1,c1,c1,c1,c1
2882,2880,3,c5,c5,c5,c5,c5,c5,c5,c5,c5
2883,2881,2,c234,c5,c5,c5,c5,c5,c5,c5,c5
2884,2882,1,c234,c5,c5,c5,c5,c5,c5,c234,c5
2885,2883,3,c1,c1,c1,c1,c1,c1,c1,c1,c1
2886,1783,3,c1,c1,c1,c1,c1,c1,c1,c1,c1
2887,2885,1,c5,c234,c234,c234,c234,c234,c234,c234,c234
2889,284,3,c1,c5,c1,c1,c1,c5,c5,c1,c5
2890,2888,2,c1,c1,c1,c1,c1,c1,c1,c1,c1
2891,2889,3,c1,c1,c1,c1,c1,c1,c1,c1,c234
2892,2890,1,c5,c1,c1,c1,c1,c5,c1,c1,c5
2893,2891,2,c5,c5,c5,c5,c5,c5,c5,c5,c5
2894,2892,3,c1,c1,c1,c5,c1,c5,c1,c1,c5
2896,2894,1,c5,c5,c5,c5,c5,c5,c5,c5,c5
2897,2895,2,c5,c5,c5,c5,c5,c5,c5,c5,c5
2898,2896,3,c5,c234,c234,c234,c1,c234,c234,c1,c234
2899,1020,2,c5,c1,c234,c1,c1,c5,c1,c1,c1
2900,2898,3,c5,c234,c234,c1,c234,c1,c234,c1,c1
2902,2900,1,c1,c5,c5,c5,c5,c5,c5,c5,c5
2903,2901,2,c5,c1,c234,c1,c1,c5,c1,c1,c1
2904,2902,1,c1,c1,c1,c1,c1,c1,c1,c1,c1
2905,406,2,c234,c1,c1,c1,c1,c1,c1,c1,c1
2906,2904,2,c5,c234,c234,c234,c234,c5,c234,c234,c5
2907,2905,3,c5,c234,c234,c234,c234,c5,c234,c234,c5
2908,2906,2,c1,c5,c5,c5,c5,c5,c5,c5,c5
2910,2908,1,c1,c234,c234,c234,c234,c1,c234,c234,c1
2911,2909,3,c5,c1,c1,c1,c1,c234,c1,c1,c234
2912,2910,1,c5,c1,c1,c1,c1,c1,c1,c1,c1
2914,2912,2,c1,c5,c5,c5,c5,c5,c5,c5,c5
2915,2913,1,c5,c5,c5,c5,c5,c5,c5,c5,c5
2916,2914,3,c1,c5,c5,c5,c5,c5,c5,c5,c5
2917,2915,1,c5,c5,c5,c234,c5,c5,c5,c234,c5
2918,452,3,c234,c234,c234,c234,c234,c234,c234,c234,c234
2921,2919,3,c1,c1,c1,c1,c1,c1,c1,c1,c1
2922,2920,2,c5,c234,c234,c234,c234,c5,c234,c234,c5
2924,2922,3,c234,c234,c234,c234,c234,c234,c234,c234,c234
2925,2923,1,c1,c5,c5,c5,c5,c5,c5,c5,c5
2926,2924,2,c5,c5,c5,c5,c5,c5,c5,c5,c5
2927,2925,1,c234,c5,c5,c5,c5,c5,c5,c5,c5
2929,2927,2,c1,c234,c234,c234,c234,c5,c234,c234,c234
2930,2928,3,c5,c5,c5,c1,c5,c234,c5,c1,c1
2931,2929,1,c5,c5,c5,c5,c5,c1,c5,c1,c1
2932,2930,2,c234,c234,c1,c234,c234,c234,c234,c1,c5
2933,2931,3,c5,c5,c5,c5,c5,c234,c5,c5,c234
2935,16,1,c1,c1,c1,c1,c1,c1,c1,c1,c1
2936,2934,1,c1,c1,c1,c1,c1,c5,c1,c1,c5
2938,2936,2,c234,c234,c234,c234,c234,c234,c234,c234,c234
2939,2937,3,c234,c5,c5,c5,c5,c234,c5,c5,c234
2940,2938,3,c234,c234,c1,c234,c234,c1,c234,c1,c1
2942,2940,1,c5,c5,c5,c5,c5,c5,c5,c5,c5
2944,2942,2,c234,c234,c234,c234,c5,c234,c234,c5,c5
2945,2943,2,c5,c234,c234,c234,c234,c234,c234,c234,c234
2946,2944,1,c234,c234,c234,c234,c234,c234,c234,c234,c234
2948,2946,3,c5,c5,c5,c234,c234,c5,c5,c234,c5
2949,2947,1,c234,c5,c5,c5,c5,c5,c5,c5,c234
2950,2948,2,c1,c5,c5,c5,c5,c5,c5,c5,c234
2951,2949,3,c5,c5,c5,c5,c5,c5,c5,c5,c5
2953,2951,1,c234,c234,c5,c234,c234,c5,c234,c1,c5
2954,2952,2,c234,c5,c5,c5,c5,c5,c5,c5,c234
2955,2953,3,c5,c234,c234,c234,c234,c234,c234,c234,c234
2956,2954,1,c5,c5,c5,c5,c5,c5,c5,c5,c5
2958,2956,2,c5,c5,c5,c5,c5,c5,c5,c5,c5
2959,2957,3,c234,c234,c234,c234,c234,c234,c234,c234,c1
2960,2958,1,c1,c1,c1,c1,c1,c5,c1,c1,c5
2961,2959,2,c5,c5,c5,c234,c5,c5,c5,c5,c5
2962,641,3,c5,c5,c5,c5,c5,c5,c5,c5,c5
2963,1145,2,c1,c234,c234,c234,c234,c1,c234,c1,c1
2964,2962,3,c5,c5,c5,c5,c5,c5,c5,c5,c5
2966,2964,1,c1,c5,c5,c5,c5,c5,c5,c5,c234
2967,2965,2,c5,c5,c5,c5,c5,c5,c5,c5,c5
2968,2966,3,c5,c1,c1,c234,c1,c234,c1,c1,c234
2969,2967,1,c234,c1,c1,c1,c1,c234,c1,c1,c234
2971,2969,2,c5,c5,c5,c5,c5,c5,c5,c5,c5
2972,2970,3,c5,c234,c234,c234,c234,c5,c5,c5,c5
2973,438,1,c5,c5,c1,c234,c5,c5,c5,c1,c5
2974,724,3,c234,c5,c1,c1,c1,c1,c5,c1,c1
2975,2973,1,c1,c234,c234,c234,c234,c1,c234,c234,c1
2976,2974,3,c1,c5,c5,c5,c5,c1,c5,c5,c1
2977,2975,3,c234,c1,c1,c1,c1,c5,c1,c1,c5
2978,2976,2,c1,c234,c234,c234,c234,c234,c234,c234,c5
2979,271,1,c1,c1,c1,c1,c1,c1,c1,c1,c1
2982,2980,1,c234,c1,c1,c5,c1,c5,c1,c1,c5
2983,2981,2,c1,c5,c5,c5,c5,c5,c5,c5,c5
2984,2982,3,c1,c1,c1,c1,c5,c5,c1,c1,c1
2986,2984,1,c1,c5,c5,c5,c5,c5,c5,c5,c5
2987,7,3,c234,c1,c5,c1,c1,c5,c1,c5,c5
2988,53,3,c5,c1,c1,c1,c1,c1,c1,c1,c1
2989,2987,2,c5,c5,c5,c5,c5,c5,c5,c5,c5
2990,16,1,c1,c1,c1,c1,c1,c1,c1,c1,c1
2991,2989,3,c234,c5,c5,c5,c5,c5,c5,c5,c5
2992,2990,3,c234,c5,c234,c5,c234,c5,c5,c234,c234
2994,2992,1,c5,c5,c5,c5,c5,c5,c5,c5,c5
2995,2993,2,c5,c5,c5,c5,c5,c234,c5,c5,c234
2996,2994,3,c234,c5,c5,c5,c5,c5,c5,c5,c234
2997,2995,1,c5,c234,c234,c234,c234,c234,c234,c234,c234
2998,2996,2,c234,c1,c1,c1,c1,c1,c1,c1,c1
2999,1145,2,c234,c234,c234,c234,c234,c1,c234,c1,c1
3000,2998,2,c234,c5,c5,c5,c5,c5,c5,c5,c5
3001,2999,3,c234,c1,c234,c1,c1,c1,c1,c234,c1
3002,3000,1,c1,c1,c1,c1,c1,c1,c1,c1,c1
3004,3002,2,c1,c5,c5,c5,c5,c5,c5,c5,c5
3006,3004,3,c234,c1,c1,c1,c1,c1,c1,c1,c1
3009,3007,1,c234,c234,c234,c234,c234,c5,c234,c234,c5
3010,3008,3,c5,c1,c1,c1,c1,c234,c1,c1,c1
3011,3009,2,c234,c5,c5,c5,c5,c5,c5,c5,c5
3012,3010,2,c5,c5,c5,c5,c5,c5,c5,c5,c5
3013,3011,1,c234,c1,c1,c1,c1,c1,c1,c1,c1
3014,319,2,c234,c5,c5,c5,c5,c5,c5,c5,c5
3015,3013,3,c5,c5,c5,c5,c5,c5,c5,c5,c5
3016,3014,1,c234,c234,c234,c234,c234,c234,c234,c234,c1
3018,3016,2,c5,c234,c234,c234,c234,c234,c234,c234,c234
3019,16,1,c5,c1,c1,c1,c1,c1,c1,c1,c1
3020,3018,3,c234,c5,c234,c5,c5,c5,c5,c234,c234
3021,3019,1,c234,c5,c5,c5,c5,c5,c5,c5,c5
3022,3020,2,c5,c5,c5,c5,c5,c5,c5,c5,c5
3023,3021,1,c1,c5,c5,c5,c5,c5,c5,c5,c5
3025,3023,3,c5,c5,c5,c5,c5,c5,c5,c5,c5
3026,3024,2,c1,c234,c234,c1,c1,c5,c234,c1,c5
3027,3025,1,c234,c1,c1,c1,c1,c234,c1,c1,c5
3029,3027,3,c234,c234,c234,c234,c234,c234,c234,c234,c234
3030,3028,1,c5,c5,c5,c5,c5,c5,c5,c5,c5
3031,3029,2,c234,c234,c234,c234,c234,c234,c234,c234,c234
3033,3031,3,c1,c234,c234,c234,c234,c5,c234,c234,c5
3034,3032,1,c234,c1,c1,c1,c1,c1,c1,c1,c1
3035,3033,2,c1,c5,c5,c234,c5,c5,c5,c234,c5
3036,3034,3,c234,c234,c234,c234,c234,c234,c234,c234,c234
3037,3035,2,c1,c5,c5,c5,c5,c5,c5,c5,c5
3039,3037,1,c234,c234,c234,c234,c234,c234,c234,c234,c234
3040,3038,3,c5,c5,c5,c5,c5,c5,c5,c5,c5
3041,3039,1,c5,c5,c5,c5,c5,c5,c5,c5,c5
3042,3040,2,c5,c5,c5,c5,c5,c5,c5,c5,c234
3043,1458,1,c234,c5,c1,c5,c5,c5,c5,c1,c1
3044,3042,3,c1,c5,c5,c5,c5,c5,c5,c5,c5
3046,3044,3,c1,c5,c5,c5,c5,c5,c5,c5,c5
3048,3046,1,c1,c5,c5,c5,c5,c5,c5,c5,c5
3049,3047,2,c1,c5,c5,c1,c5,c5,c5,c5,c5
3050,3048,1,c234,c1,c1,c1,c1,c1,c1,c1,c1
3051,3049,3,c234,c234,c5,c234,c5,c234,c234,c5,c5
3053,3051,2,c234,c234,c234,c234,c234,c234,c234,c234,c234
3054,1212,3,c1,c1,c1,c1,c1,c1,c1,c1,c1
3055,3053,1,c234,c234,c234,c234,c234,c234,c234,c234,c234
3056,3054,2,c234,c5,c5,c5,c5,c5,c5,c5,c5
3057,7,3,c1,c5,c5,c5,c5,c5,c5,c5,c5
3058,3056,3,c234,c1,c1,c1,c1,c234,c1,c1,c1
3059,3057,1,c234,c234,c234,c234,c234,c234,c234,c234,c234
3061,2442,2,c5,c5,c5,c5,c5,c5,c5,c5,c5
3062,3060,3,c5,c5,c5,c5,c5,c5,c5,c5,c5
3063,3061,1,c5,c5,c5,c5,c5,c5,c5,c5,c5
3064,3062,3,c1,c5,c5,c234,c5,c5,c5,c234,c5
3065,3063,2,c1,c1,c1,c1,c1,c234,c1,c1,c234
3067,3065,1,c1,c234,c234,c234,c234,c234,c234,c234,c234
3068,3066,2,c234,c5,c5,c5,c234,c5,c5,c5,c5
3069,3067,3,c5,c234,c5,c5,c234,c5,c234,c5,c5
3070,271,1,c1,c1,c1,c1,c1,c1,c1,c1,c1
3071,3069,1,c5,c234,c234,c234,c234,c234,c234,c234,c5
3072,3070,2,c234,c5,c5,c5,c5,c5,c5,c5,c5
3073,3071,2,c5,c5,c5,c5,c5,c5,c5,c5,c5
3075,3073,3,c5,c5,c5,c5,c5,c5,c5,c5,c5
3076,3074,1,c1,c5,c5,c5,c234,c5,c5,c5,c5
3077,3075,3,c1,c234,c234,c1,c234,c234,c234,c234,c234
3079,3077,1,c1,c234,c5,c234,c1,c5,c234,c1,c5
3080,3078,2,c234,c1,c1,c1,c1,c234,c1,c234,c234
3081,3079,1,c1,c5,c5,c5,c5,c234,c5,c5,c234
3082,3080,3,c5,c5,c5,c5,c5,c5,c5,c5,c5
3083,3081,2,c1,c1,c1,c1,c1,c1,c1,c1,c1
3084,3082,3,c5,c5,c5,c5,c5,c5,c5,c5,c5
3085,3083,1,c1,c1,c1,c1,c1,c1,c1,c1,c1
3087,3085,1,c5,c5,c5,c5,c5,c5,c5,c5,c5
3089,3087,2,c234,c234,c234,c234,c234,c234,c234,c234,c234
3090,3088,3,c5,c234,c234,c234,c234,c234,c234,c234,c234
3091,3089,1,c1,c1,c1,c1,c1,c1,c1,c1,c1
3092,3090,2,c1,c234,c234,c234,c234,c234,c234,c234,c1
3093,3091,2,c1,c1,c1,c1,c1,c5,c1,c1,c5
3095,3093,1,c1,c5,c5,c234,c5,c5,c5,c234,c5
3096,271,1,c1,c1,c1,c1,c1,c1,c1,c1,c1
3097,3095,3,c5,c5,c5,c5,c5,c5,c5,c5,c5
3098,3096,2,c1,c1,c234,c1,c234,c234,c1,c1,c5
3099,474,3,c5,c5,c5,c5,c5,c5,c5,c5,c5
3100,3098,3,c234,c5,c5,c5,c5,c5,c5,c5,c5
3103,3101,1,c234,c5,c5,c5,c5,c5,c5,c5,c5
3104,474,3,c234,c5,c5,c5,c5,c5,c5,c5,c5
3105,3103,2,c1,c5,c5,c5,c5,c5,c5,c5,c5
3106,36,2,c234,c5,c5,c5,c5,c5,c5,c5,c5
3107,3105,3,c5,c1,c1,c1,c1,c234,c1,c1,c234
3108,3106,1,c5,c234,c234,c234,c234,c234,c234,c234,c234
3109,24,3,c5,c5,c5,c5,c5,c5,c5,c5,c1
3111,3109,2,c234,c234,c234,c234,c234,c234,c234,c234,c234
3112,3110,3,c234,c1,c1,c1,c1,c1,c1,c1,c1
3113,3111,1,c5,c5,c5,c5,c5,c5,c5,c5,c5
3114,3112,2,c1,c1,c1,c1,c1,c1,c1,c1,c1
3116,3114,2,c1,c1,c1,c1,c234,c234,c1,c234,c234
3117,3115,2,c234,c234,c5,c5,c234,c5,c5,c5,c5
3118,3116,3,c1,c5,c5,c5,c5,c5,c5,c5,c234
3119,3117,1,c234,c234,c234,c234,c234,c234,c234,c234,c234
3121,3119,1,c234,c5,c5,c5,c5,c5,c5,c5,c5
3122,3120,3,c5,c5,c5,c5,c5,c5,c5,c5,c5
3123,3121,2,c234,c234,c234,c234,c234,c234,c234,c234,c234
3124,3122,3,c1,c1,c1,c1,c1,c1,c1,c1,c1
3125,3123,1,c1,c1,c1,c1,c1,c1,c1,c1,c1
3126,3124,2,c234,c234,c234,c5,c234,c5,c234,c234,c234
3127,3125,3,c5,c1,c1,c1,c1,c1,c1,c1,c5
3128,3126,1,c234,c234,c5,c234,c234,c5,c234,c5,c5
3129,3127,1,c234,c234,c234,c1,c234,c234,c234,c234,c234
3130,3128,2,c5,c234,c234,c234,c234,c234,c234,c234,c234
3131,3129,2,c5,c234,c234,c234,c234,c5,c234,c234,c5
3133,3131,3,c1,c5,c5,c5,c5,c5,c5,c5,c5
3134,3132,1,c5,c234,c234,c234,c234,c234,c234,c234,c234
3136,3134,3,c1,c1,c1,c1,c1,c1,c1,c1,c1
3137,3135,1,c1,c234,c234,c234,c234,c5,c234,c234,c5
3138,3,3,c234,c1,c1,c1,c1,c1,c1,c1,c1
3140,3138,2,c5,c5,c5,c5,c5,c5,c5,c5,c5
3141,271,1,c234,c1,c1,c1,c1,c1,c1,c1,c1
3142,3140,1,c5,c5,c5,c5,c5,c5,c5,c5,c234
3143,3141,3,c234,c234,c234,c5,c234,c5,c5,c5,c5
3145,2957,3,c234,c234,c234,c234,c234,c234,c234,c1,c1
3146,3144,2,c5,c234,c234,c234,c234,c5,c234,c234,c234
3147,3145,3,c234,c5,c1,c1,c5,c234,c5,c1,c1
3148,3146,1,c234,c234,c234,c234,c234,c234,c234,c234,c234
3149,107,1,c234,c1,c1,c1,c1,c5,c1,c1,c5
3150,3148,2,c1,c5,c5,c5,c5,c5,c5,c5,c5
3152,3150,3,c234,c234,c234,c234,c234,c5,c234,c234,c234
3153,3151,2,c234,c234,c234,c234,c234,c234,c234,c234,c234
3154,3152,1,c1,c5,c5,c5,c5,c5,c5,c5,c5
3156,2365,3,c1,c234,c234,c234,c234,c234,c234,c234,c234
3158,3156,3,c1,c1,c1,c1,c1,c1,c1,c1,c1
3159,3157,1,c5,c234,c234,c234,c234,c234,c234,c234,c234
3160,3158,2,c5,c5,c5,c5,c5,c5,c5,c5,c5
3161,3159,3,c234,c5,c5,c234,c5,c5,c5,c234,c5
3162,3160,2,c234,c1,c1,c1,c1,c234,c1,c1,c234
3164,3162,3,c5,c234,c234,c234,c234,c234,c234,c234,c234
3165,3163,1,c5,c234,c5,c234,c234,c5,c5,c5,c5
3166,3164,1,c234,c5,c5,c5,c5,c5,c5,c5,c5
3168,3166,2,c1,c234,c234,c234,c234,c234,c234,c234,c234
3169,3167,3,c234,c5,c5,c5,c5,c5,c5,c5,c1
3170,3168,3,c234,c1,c1,c1,c1,c1,c1,c1,c1
3171,7,3,c1,c5,c5,c5,c5,c5,c5,c5,c5
3172,3170,3,c5,c5,c5,c5,c5,c5,c5,c5,c5
3174,1774,1,c234,c5,c5,c5,c5,c234,c5,c5,c234
3175,3173,1,c5,c5,c5,c5,c5,c5,c5,c5,c5
3176,2455,1,c1,c5,c5,c5,c5,c5,c5,c5,c5
3177,3175,2,c234,c234,c234,c234,c234,c234,c234,c234,c234
3178,3176,1,c5,c5,c5,c234,c5,c5,c5,c234,c5
3180,3178,2,c1,c1,c1,c234,c1,c5,c1,c234,c5
3181,3179,3,c1,c234,c234,c234,c234,c234,c234,c234,c1
3182,3180,1,c1,c1,c1,c1,c1,c1,c1,c1,c1
3183,3181,2,c1,c5,c5,c5,c5,c1,c5,c5,c1
3184,3182,2,c234,c234,c234,c234,c234,c5,c234,c234,c5
3185,3183,3,c1,c5,c5,c5,c234,c5,c5,c5,c5
3186,53,3,c234,c1,c1,c1,c1,c1,c1,c1,c1
3188,3186,3,c1,c1,c1,c234,c234,c1,c1,c234,c1
3189,3187,1,c5,c5,c5,c5,c5,c5,c5,c5,c5
3190,3188,1,c5,c5,c5,c234,c5,c5,c5,c234,c5
3191,166,2,c234,c1,c1,c1,c1,c1,c1,c1,c1
3192,3190,2,c5,c5,c5,c5,c5,c5,c5,c5,c5
3193,383,1,c5,c234,c234,c234,c234,c234,c234,c234,c234
3194,3051,2,c234,c234,c234,c234,c234,c234,c234,c234,c234
3195,3193,3,c5,c234,c234,c234,c234,c234,c234,c234,c234
3196,724,3,c5,c1,c1,c1,c1,c1,c1,c1,c1
3199,3197,1,c1,c234,c234,c234,c234,c234,c234,c234,c234
3200,841,1,c1,c1,c1,c1,c1,c1,c1,c1,c1
3201,3199,3,c5,c5,c234,c5,c234,c234,c234,c234,c1
3202,2657,3,c1,c1,c234,c1,c234,c234,c1,c1,c1
3203,3201,2,c5,c5,c5,c5,c5,c5,c5,c5,c5
3204,3202,1,c1,c5,c5,c5,c5,c5,c5,c5,c5
3206,3204,2,c1,c5,c5,c5,c1,c5,c5,c5,c5
3207,3205,3,c5,c5,c1,c234,c5,c234,c5,c234,c234
3209,3207,2,c5,c5,c5,c5,c5,c5,c5,c5,c5
3210,3208,1,c234,c234,c234,c234,c234,c5,c234,c234,c5
3211,3209,3,c5,c1,c1,c1,c1,c1,c1,c1,c1
3213,3211,3,c234,c5,c5,c5,c5,c234,c5,c5,c234
3214,3212,1,c1,c5,c5,c5,c5,c5,c5,c5,c5
3215,3213,2,c234,c234,c234,c234,c234,c5,c234,c234,c5
3216,1293,1,c234,c234,c234,c234,c234,c234,c234,c234,c234
3217,3215,1,c234,c5,c5,c5,c5,c5,c5,c5,c5
3219,3217,2,c5,c5,c234,c5,c5,c234,c5,c5,c5
3220,3218,3,c5,c234,c234,c234,c234,c5,c234,c234,c5
3221,3219,1,c234,c1,c1,c5,c1,c234,c1,c5,c5
3222,3220,2,c5,c5,c5,c5,c5,c5,c5,c5,c5
3224,3222,3,c5,c5,c5,c5,c5,c5,c5,c5,c5
3225,3223,2,c234,c234,c234,c234,c234,c234,c234,c234,c234
3226,3224,3,c1,c5,c5,c5,c234,c234,c5,c5,c234
3227,3225,1,c1,c234,c234,c234,c234,c234,c234,c234,c234
3230,3228,1,c5,c5,c5,c5,c5,c5,c5,c5,c5
3231,3229,2,c234,c234,c234,c234,c234,c234,c234,c234,c1
3232,3230,1,c234,c234,c234,c234,c234,c234,c234,c234,c234
3233,3231,3,c234,c5,c5,c234,c5,c5,c5,c5,c5
3234,3232,2,c234,c5,c5,c5,c5,c234,c5,c5,c234
3235,24,3,c234,c5,c5,c5,c5,c234,c5,c5,c234
3236,3234,1,c234,c234,c234,c234,c234,c234,c234,c234,c1
3239,3237,1,c5,c5,c5,c5,c5,c5,c5,c5,c5
3241,3239,2,c234,c1,c1,c1,c1,c5,c1,c1,c5
3242,3240,3,c5,c234,c1,c234,c234,c1,c1,c1,c234
3243,3241,1,c5,c5,c5,c5,c5,c5,c5,c5,c5
3244,1198,2,c5,c1,c1,c1,c1,c1,c1,c1,c1
3245,3243,3,c234,c5,c5,c5,c5,c234,c5,c5,c234
3246,3244,2,c234,c5,c5,c5,c5,c5,c5,c5,c5
3248,3246,2,c1,c1,c1,c1,c1,c1,c1,c1,c1
3249,3247,1,c234,c234,c234,c234,c234,c5,c234,c234,c5
3250,3248,3,c234,c234,c234,c234,c234,c234,c234,c234,c234
3251,3249,1,c1,c1,c1,c1,c1,c5,c1,c1,c5
3252,3250,2,c234,c234,c234,c234,c234,c234,c234,c234,c234
3254,3252,3,c1,c5,c5,c5,c5,c5,c5,c5,c5
3256,3254,1,c5,c5,c5,c5,c5,c5,c5,c5,c5
3257,3255,2,c5,c5,c5,c5,c5,c5,c5,c5,c5
3258,3256,2,c1,c5,c5,c5,c5,c5,c5,c5,c5
3259,3257,3,c1,c5,c5,c5,c5,c5,c5,c5,c5
3260,3258,2,c234,c5,c5,c5,c5,c5,c5,c5,c5
3261,3259,2,c1,c1,c1,c1,c1,c234,c1,c1,c234
3262,3260,1,c1,c1,c1,c1,c1,c1,c1,c1,c1
3264,3262,2,c5,c1,c1,c1,c1,c1,c1,c1,c1
3265,126,1,c234,c1,c1,c1,c1,c5,c1,c1,c1
3266,1361,2,c1,c1,c1,c1,c1,c1,c1,c1,c1
3267,3265,3,c1,c234,c234,c234,c234,c234,c234,c234,c234
3269,3267,1,c5,c5,c5,c5,c5,c234,c5,c5,c234
3270,3268,2,c5,c234,c234,c1,c234,c234,c234,c234,c1
3271,966,3,c1,c1,c1,c1,c1,c1,c1,c1,c1
3272,3270,1,c5,c5,c5,c5,c5,c5,c5,c5,c5
3273,7,3,c5,c5,c5,c5,c5,c5,c5,c5,c5
3274,3272,3,c5,c5,c5,c5,c5,c5,c5,c5,c5
3276,7,3,c1,c1,c5,c1,c1,c5,c1,c5,c5
3277,513,2,c1,c234,c5,c234,c234,c5,c234,c5,c5
3278,3276,2,c1,c5,c5,c5,c5,c5,c5,c5,c5
3279,3277,3,c1,c234,c234,c234,c234,c234,c234,c234,c234
3280,3278,1,c5,c5,c5,c5,c5,c234,c5,c5,c234
3281,3279,2,c234,c5,c5,c5,c5,c5,c5,c5,c5
3282,3280,3,c234,c5,c5,c5,c5,c5,c5,c5,c5
3284,3282,3,c234,c234,c234,c234,c234,c234,c234,c234,c234
3285,3283,1,c5,c5,c5,c5,c5,c5,c5,c5,c5
3286,3284,2,c234,c5,c5,c5,c5,c5,c5,c5,c5
3288,3286,1,c5,c234,c234,c234,c234,c234,c234,c234,c234
3289,3287,2,c5,c5,c5,c5,c5,c5,c5,c5,c5
3290,3288,3,c1,c1,c1,c1,c1,c1,c1,c234,c1
3291,3289,1,c5,c234,c234,c234,c1,c234,c234,c234,c1
3292,3290,3,c5,c5,c5,c5,c5,c5,c5,c5,c5
3293,3291,2,c5,c5,c5,c5,c5,c5,c5,c5,c5
3294,3292,1,c234,c1,c1,c1,c1,c1,c1,c1,c1
3296,3294,2,c234,c1,c1,c1,c1,c1,c1,c1,c5
3297,3295,3,c234,c234,c234,c234,c234,c234,c234,c234,c234
3299,3297,1,c5,c234,c5,c234,c234,c5,c234,c5,c5
3300,3298,2,c1,c5,c5,c5,c5,c5,c5,c5,c5
3301,3299,3,c234,c234,c234,c234,c234,c234,c234,c234,c234
3303,3301,1,c5,c234,c234,c234,c234,c234,c234,c234,c234
3304,3302,2,c1,c234,c234,c234,c234,c234,c234,c234,c234
3306,3304,1,c1,c5,c5,c5,c5,c5,c5,c5,c1
3307,3305,2,c234,c5,c5,c5,c5,c5,c5,c5,c5
3308,3306,3,c5,c5,c5,c5,c5,c1,c5,c5,c1
3309,3307,1,c1,c234,c234,c234,c234,c234,c234,c234,c234
3311,3309,2,c5,c5,c5,c5,c5,c5,c5,c5,c5
3312,3310,3,c5,c234,c1,c234,c234,c1,c234,c234,c1
3313,3311,2,c234,c5,c5,c5,c5,c5,c5,c5,c5
3314,3312,1,c234,c5,c5,c5,c5,c5,c5,c5,c5
3315,3313,3,c5,c5,c5,c5,c5,c5,c5,c5,c5
3316,3314,2,c234,c5,c5,c5,c5,c5,c5,c5,c5
3317,3315,3,c5,c5,c5,c5,c5,c5,c5,c5,c5
3318,1133,2,c5,c1,c1,c1,c1,c234,c1,c1,c234
3321,3319,1,c5,c234,c5,c234,c234,c234,c5,c5,c234
3322,3320,3,c1,c5,c5,c5,c5,c5,c5,c5,c5
3323,7,3,c1,c5,c5,c5,c5,c5,c5,c5,c5
3325,3323,2,c1,c234,c234,c234,c234,c234,c234,c1,c5
3326,3324,1,c5,c5,c5,c5,c5,c5,c5,c5,c5
3327,3325,3,c234,c234,c234,c234,c234,c5,c234,c234,c5
3328,3326,2,c5,c234,c234,c234,c234,c234,c234,c234,c234
3329,271,1,c234,c1,c1,c1,c1,c1,c1,c1,c1
3330,3328,2,c5,c5,c5,c5,c5,c5,c5,c5,c5
3331,3329,1,c1,c1,c1,c1,c1,c1,c1,c1,c1
3333,3331,3,c234,c234,c234,c234,c234,c234,c234,c234,c234
3334,3332,2,c5,c5,c5,c5,c5,c5,c5,c5,c5
3335,3333,1,c1,c5,c5,c5,c5,c5,c5,c5,c234
3337,3335,2,c1,c1,c1,c1,c1,c1,c1,c1,c1
3338,3336,3,c234,c5,c5,c5,c5,c5,c5,c5,c5
3339,3337,1,c5,c1,c1,c1,c1,c5,c1,c1,c5
3341,3339,2,c234,c1,c1,c1,c1,c1,c1,c1,c1
3342,3340,3,c234,c234,c234,c234,c234,c234,c234,c234,c1
3343,3341,2,c1,c234,c234,c234,c234,c234,c234,c234,c234
3344,3342,1,c1,c5,c5,c5,c5,c5,c5,c5,c5
3345,3343,1,c234,c5,c5,c5,c5,c5,c5,c5,c5
3346,3344,3,c5,c1,c1,c1,c1,c1,c1,c1,c1
3349,3347,2,c234,c234,c234,c234,c234,c234,c234,c234,c234
3350,3348,3,c234,c1,c1,c1,c1,c1,c1,c1,c1
3352,3350,1,c5,c5,c5,c5,c5,c5,c5,c5,c5
3353,3351,3,c5,c1,c1,c1,c1,c1,c1,c1,c1
3354,274,3,c234,c5,c5,c1,c5,c1,c1,c1,c1
3355,3353,2,c234,c5,c5,c5,c5,c5,c5,c5,c5
3356,3354,2,c234,c1,c1,c1,c1,c1,c1,c1,c1
3357,3355,1,c234,c1,c1,c1,c1,c234,c1,c1,c5
3358,3356,3,c234,c234,c234,c234,c234,c234,c234,c234,c234
3359,3357,1,c1,c5,c5,c5,c5,c5,c5,c5,c5
3361,3359,2,c234,c5,c5,c5,c5,c5,c5,c5,c5
3362,3360,3,c5,c1,c1,c1,c1,c1,c1,c1,c1
3363,3361,1,c234,c5,c5,c5,c5,c5,c5,c5,c5
3365,3363,2,c1,c5,c5,c5,c5,c5,c5,c5,c5
3366,3364,1,c234,c5,c5,c5,c5,c5,c5,c5,c5
3367,3365,3,c234,c234,c234,c234,c234,c234,c234,c234,c5
3368,3366,2,c1,c234,c1,c234,c1,c234,c1,c1,c1
3369,3367,3,c234,c1,c1,c5,c1,c5,c1,c1,c5
3370,3368,2,c1,c1,c1,c1,c1,c234,c1,c1,c234
3372,3370,1,c234,c1,c1,c1,c1,c1,c1,c1,c1
3373,252,1,c234,c234,c234,c234,c234,c234,c234,c234,c234
3374,3372,2,c234,c5,c5,c5,c5,c5,c5,c5,c5
3376,3374,3,c234,c5,c5,c5,c5,c5,c5,c5,c5
3377,3375,1,c5,c234,c234,c234,c234,c234,c234,c234,c234
3378,3376,2,c5,c234,c234,c234,c234,c234,c234,c234,c234
3380,3378,2,c5,c5,c5,c5,c5,c5,c5,c5,c5
3381,3379,3,c5,c5,c5,c5,c5,c5,c5,c5,c5
3382,3380,1,c1,c234,c1,c234,c234,c234,c234,c1,c1
3383,3381,3,c5,c5,c5,c5,c5,c5,c5,c5,c5
3384,16,1,c1,c1,c1,c1,c1,c1,c1,c1,c1
3385,3383,2,c234,c5,c5,c5,c5,c5,c5,c5,c5
3387,3385,3,c234,c5,c5,c5,c5,c5,c5,c5,c1
3388,3386,1,c5,c5,c5,c5,c5,c234,c5,c5,c234
3389,3387,2,c234,c1,c1,c234,c1,c234,c1,c1,c234
3390,3388,3,c234,c1,c1,c1,c1,c1,c1,c1,c1
3392,3390,1,c1,c234,c234,c234,c234,c234,c234,c234,c234
3393,3391,1,c5,c5,c5,c5,c5,c5,c5,c5,c5
3394,107,1,c1,c1,c1,c1,c1,c5,c1,c1,c5
3395,3393,2,c234,c5,c234,c234,c5,c234,c5,c234,c234
3396,3394,3,c1,c234,c234,c234,c234,c234,c234,c234,c1
3397,0,3,c234,c1,c1,c1,c1,c1,c1,c1,c1
3398,7,3,c234,c5,c5,c5,c5,c5,c5,c5,c5
3399,3397,1,c234,c234,c234,c234,c234,c5,c234,c234,c5
3400,3398,2,c1,c1,c1,c1,c1,c234,c1,c1,c1
3401,3399,3,c5,c5,c5,c5,c5,c5,c5,c5,c5
3402,3400,1,c234,c234,c234,c234,c234,c234,c234,c234,c234
3404,3402,2,c5,c5,c5,c5,c5,c5,c5,c5,c5
3405,3403,3,c234,c1,c1,c1,c1,c5,c1,c1,c5
3407,3405,1,c1,c1,c1,c1,c1,c1,c1,c1,c1
3408,3406,3,c5,c5,c5,c5,c5,c5,c5,c5,c5
3409,3407,2,c5,c234,c234,c234,c234,c234,c234,c234,c234
3410,3408,1,c234,c1,c1,c1,c234,c234,c1,c1,c234
3411,3409,2,c5,c1,c1,c1,c1,c1,c1,c1,c1
3412,3410,3,c5,c234,c234,c234,c234,c234,c234,c234,c234
3414,3412,1,c1,c1,c1,c1,c1,c1,c1,c1,c1
3415,3413,2,c1,c1,c1,c1,c1,c5,c1,c1,c5
3416,3414,1,c1,c234,c234,c5,c234,c234,c234,c5,c234
3417,3415,1,c234,c1,c1,c1,c1,c1,c1,c1,c1
3418,3416,2,c5,c1,c1,c1,c1,c234,c1,c1,c234
3420,3418,1,c234,c1,c1,c1,c1,c1,c1,c1,c1
3421,3419,2,c234,c5,c5,c5,c5,c5,c5,c5,c5
3422,3420,3,c5,c234,c234,c5,c234,c5,c234,c234,c234
3423,3421,3,c234,c5,c5,c5,c234,c234,c5,c5,c234
3425,2366,3,c5,c5,c1,c5,c5,c234,c5,c1,c234
3426,3424,1,c5,c5,c5,c5,c5,c5,c5,c5,c5
3427,3425,1,c234,c1,c1,c1,c1,c1,c1,c1,c1
3428,2594,2,c1,c234,c234,c234,c1,c234,c234,c1,c234
3429,737,3,c5,c5,c5,c5,c5,c5,c5,c5,c5
3431,3429,2,c234,c234,c234,c5,c5,c5,c234,c5,c5
3432,3430,2,c234,c5,c5,c5,c5,c234,c5,c5,c234
3433,3431,1,c5,c5,c5,c5,c5,c5,c5,c5,c5
3434,3432,3,c234,c1,c1,c1,c1,c1,c1,c1,c1
3436,3434,1,c234,c5,c5,c5,c5,c5,c5,c5,c5
3437,3435,3,c1,c5,c5,c5,c5,c5,c5,c5,c1
3438,3436,2,c5,c5,c5,c234,c234,c5,c5,c234,c5
3439,3437,3,c1,c1,c1,c1,c1,c1,c1,c1,c1
3440,3438,1,c1,c1,c1,c1,c1,c1,c1,c1,c1
3441,3439,2,c234,c5,c234,c5,c5,c5,c5,c5,c5
3443,3441,1,c5,c234,c234,c234,c234,c234,c234,c234,c234
3444,271,1,c234,c1,c1,c1,c1,c1,c1,c1,c1
3445,3443,3,c5,c5,c5,c5,c5,c5,c5,c5,c5
3447,3445,1,c234,c5,c5,c5,c5,c5,c5,c5,c5
3448,3446,3,c5,c5,c5,c5,c5,c5,c5,c5,c5
3449,3447,2,c5,c234,c234,c5,c5,c234,c234,c5,c234
3451,3449,2,c234,c234,c234,c234,c234,c234,c234,c234,c5
3453,3451,1,c1,c1,c1,c1,c1,c1,c1,c1,c1
3455,3453,3,c234,c234,c234,c234,c234,c234,c234,c234,c234
3456,3454,3,c5,c5,c5,c5,c5,c5,c5,c5,c5
3457,3455,1,c234,c5,c5,c5,c5,c5,c5,c5,c5
3458,3456,2,c234,c234,c234,c234,c234,c234,c234,c234,c234
3460,3458,2,c234,c1,c1,c1,c1,c5,c1,c1,c1
3461,3459,1,c234,c234,c234,c234,c234,c5,c234,c5,c234
3463,3461,2,c1,c5,c5,c5,c5,c234,c5,c5,c234
3464,729,1,c234,c234,c234,c234,c234,c5,c234,c234,c5
3465,3463,2,c234,c5,c5,c5,c5,c5,c5,c5,c5
3466,581,3,c234,c1,c1,c1,c1,c1,c1,c1,c1
3467,3465,1,c1,c234,c234,c234,c234,c5,c234,c234,c5
3469,3467,1,c234,c234,c234,c234,c234,c5,c234,c234,c5
3470,2563,2,c234,c5,c5,c5,c5,c5,c5,c5,c5
3471,3469,2,c5,c5,c5,c5,c5,c5,c5,c5,c5
3473,3471,1,c234,c5,c5,c5,c5,c5,c5,c5,c5
3474,3472,3,c5,c234,c234,c234,c234,c5,c234,c234,c234
3475,36,2,c234,c5,c5,c5,c5,c5,c5,c5,c5
3476,3474,2,c5,c5,c5,c5,c5,c5,c5,c5,c5
3477,3475,2,c1,c1,c1,c1,c1,c1,c1,c1,c1
3478,3476,3,c5,c234,c234,c234,c234,c234,c234,c234,c234
3480,3478,1,c5,c5,c5,c5,c5,c5,c5,c5,c5
3481,3479,1,c234,c5,c5,c5,c5,c5,c5,c5,c5
3483,3481,2,c5,c5,c5,c5,c5,c5,c5,c5,c5
3484,3482,3,c234,c5,c5,c5,c5,c5,c5,c5,c5
3485,2753,2,c1,c234,c234,c234,c234,c234,c234,c234,c234
3486,3484,1,c234,c1,c1,c1,c1,c1,c1,c1,c1
3487,3485,2,c234,c5,c234,c5,c5,c5,c234,c5,c5
3488,3486,3,c234,c5,c5,c5,c5,c234,c5,c5,c5
3489,3487,1,c1,c5,c1,c5,c5,c5,c5,c1,c1
3490,3488,2,c5,c234,c234,c234,c234,c5,c234,c234,c5
3491,3489,3,c1,c234,c234,c234,c234,c234,c234,c234,c234
3494,3492,1,c1,c234,c234,c234,c234,c5,c234,c234,c5
3495,3493,3,c234,c5,c5,c5,c5,c234,c5,c5,c234
3496,3494,2,c5,c5,c5,c5,c5,c5,c5,c5,c5
3497,3495,1,c1,c5,c5,c5,c5,c5,c5,c5,c5
3499,3497,3,c1,c5,c5,c5,c1,c5,c5,c1,c5
3500,3498,2,c234,c5,c5,c5,c5,c5,c5,c5,c5
3501,3499,1,c1,c234,c234,c234,c234,c234,c234,c234,c234
3502,3500,2,c234,c1,c1,c1,c1,c1,c1,c1,c1
3504,3502,3,c5,c234,c234,c234,c234,c234,c234,c234,c1
3505,3503,3,c1,c234,c234,c234,c234,c234,c234,c234,c234
3506,3504,1,c234,c234,c234,c234,c234,c234,c234,c234,c234
3507,3505,2,c5,c5,c5,c5,c5,c5,c5,c5,c5
3508,3506,1,c1,c1,c1,c1,c1,c234,c1,c1,c234
3509,737,3,c234,c5,c5,c5,c5,c5,c5,c5,c5
3511,3509,2,c1,c5,c5,c5,c5,c5,c5,c5,c5
3512,3510,3,c234,c1,c1,c1,c1,c1,c1,c5,c5
3513,3511,1,c5,c5,c5,c5,c5,c5,c5,c5,c5
3514,3512,3,c5,c5,c5,c5,c5,c5,c5,c5,c5
3515,3513,2,c234,c1,c1,c1,c1,c1,c1,c234,c234
3516,271,1,c5,c1,c1,c1,c1,c1,c1,c1,c1
3517,36,2,c1,c5,c5,c5,c5,c5,c5,c5,c5
3518,3516,1,c234,c5,c5,c5,c5,c5,c5,c5,c5
3519,0,3,c234,c1,c1,c1,c1,c1,c1,c1,c1
3520,2898,3,c234,c234,c234,c5,c234,c1,c234,c234,c1
3523,3521,3,c5,c5,c5,c5,c5,c5,c5,c5,c5
3525,1790,3,c1,c234,c1,c234,c234,c1,c234,c1,c1
3526,3524,2,c234,c5,c5,c5,c5,c5,c5,c5,c5
3527,3525,1,c1,c5,c5,c5,c5,c5,c5,c5,c5
3528,3526,3,c1,c5,c5,c5,c5,c5,c5,c5,c5
3529,3527,2,c1,c234,c234,c234,c234,c234,c234,c234,c234
3530,3528,3,c1,c1,c1,c1,c1,c1,c1,c1,c1
3531,3529,1,c1,c1,c1,c1,c1,c5,c1,c1,c5
3532,3530,2,c234,c1,c1,c1,c1,c234,c1,c1,c1
3533,3531,1,c1,c234,c234,c234,c234,c5,c234,c234,c234
3535,3533,2,c234,c5,c5,c5,c5,c5,c5,c5,c5
3537,3535,3,c5,c1,c1,c1,c1,c234,c1,c1,c234
3538,3536,1,c1,c234,c234,c234,c234,c5,c234,c234,c5
3539,3537,2,c5,c5,c5,c5,c5,c5,c5,c5,c5
3540,923,3,c5,c234,c234,c234,c234,c5,c234,c234,c234
3541,3539,3,c234,c234,c234,c5,c234,c5,c234,c234,c5
3542,3540,2,c234,c234,c5,c234,c5,c234,c234,c5,c234
3543,0,3,c1,c1,c1,c1,c1,c1,c1,c1,c1
3544,3542,3,c1,c234,c234,c234,c234,c234,c234,c234,c234
3545,3543,1,c1,c5,c5,c5,c5,c5,c5,c5,c5
3547,2957,3,c5,c234,c234,c234,c234,c234,c234,c1,c1
3548,3546,1,c234,c5,c5,c5,c5,c5,c5,c5,c5
3550,3548,2,c234,c234,c234,c1,c1,c234,c234,c1,c1
3551,3549,3,c5,c5,c5,c5,c5,c5,c5,c5,c5
3552,3550,2,c234,c5,c5,c5,c5,c5,c5,c5,c5
3554,3552,3,c234,c5,c5,c5,c5,c5,c5,c5,c5
3555,3553,1,c5,c5,c5,c5,c5,c234,c5,c5,c234
3556,3554,3,c234,c1,c1,c1,c1,c1,c1,c1,c1
3558,3556,1,c234,c5,c5,c5,c5,c5,c5,c5,c5
3559,3557,2,c234,c5,c234,c5,c5,c5,c5,c5,c5
3560,3558,3,c5,c5,c5,c5,c5,c5,c5,c5,c5
3562,3560,1,c1,c234,c234,c234,c234,c234,c234,c234,c234
3563,3561,1,c5,c5,c5,c5,c5,c5,c5,c5,c5
3564,3562,2,c234,c5,c5,c5,c5,c5,c5,c5,c5
3565,3563,3,c1,c5,c5,c5,c5,c5,c5,c5,c5
3566,3564,1,c5,c234,c234,c234,c234,c234,c234,c234,c234
3567,3565,3,c5,c1,c1,c1,c1,c1,c1,c1,c1
3568,3566,2,c5,c5,c5,c5,c5,c5,c5,c5,c5
3570,3568,1,c234,c234,c234,c234,c234,c5,c234,c234,c5
3571,3569,3,c5,c5,c5,c5,c5,c5,c5,c5,c5
3572,16,1,c1,c1,c1,c1,c1,c1,c1,c1,c1
3573,3571,1,c1,c5,c5,c5,c5,c5,c5,c5,c5
3575,3573,2,c1,c234,c234,c234,c234,c5,c234,c5,c5
3576,3574,2,c234,c234,c234,c234,c234,c1,c234,c234,c1
3577,107,1,c1,c1,c1,c1,c1,c5,c1,c1,c5
3578,3576,2,c5,c5,c5,c5,c5,c5,c5,c5,c5
3579,3577,3,c234,c5,c5,c5,c5,c5,c5,c5,c5
3580,3578,1,c234,c5,c5,c5,c5,c5,c5,c5,c5
3581,3579,3,c234,c234,c5,c5,c234,c234,c234,c5,c5
3583,3581,3,c1,c5,c5,c5,c5,c5,c5,c5,c5
3585,1859,1,c1,c234,c234,c234,c234,c234,c234,c234,c234
3586,3584,1,c1,c234,c234,c234,c234,c1,c234,c234,c1
3587,3585,2,c5,c234,c234,c234,c234,c5,c234,c234,c5
3588,1579,1,c234,c234,c234,c234,c5,c5,c234,c234,c5
3590,3588,1,c5,c5,c1,c5,c5,c5,c5,c5,c5
3591,3589,2,c5,c234,c234,c234,c234,c234,c234,c234,c234
3592,3590,3,c234,c5,c5,c5,c5,c5,c5,c5,c1
3593,3591,1,c5,c234,c234,c234,c234,c234,c234,c234,c234
3594,675,1,c234,c5,c1,c5,c5,c5,c5,c1,c1
3596,3594,2,c234,c1,c1,c1,c1,c1,c1,c1,c1
3597,3595,3,c5,c234,c234,c234,c5,c234,c234,c234,c5
3598,3596,1,c1,c5,c5,c5,c5,c5,c5,c5,c5
3599,3597,2,c234,c5,c5,c5,c5,c5,c5,c5,c5
3601,3599,3,c1,c234,c234,c234,c234,c234,c234,c234,c234
3602,3600,1,c1,c1,c1,c1,c1,c5,c1,c1,c5
3603,7,3,c234,c5,c5,c5,c5,c5,c5,c5,c5
3604,3602,1,c234,c5,c1,c1,c5,c5,c5,c1,c1
3605,3603,3,c5,c234,c234,c234,c234,c5,c234,c234,c5
3607,3605,2,c234,c5,c5,c5,c5,c234,c5,c5,c5
3608,3606,3,c5,c5,c5,c5,c5,c5,c5,c5,c5
3609,3607,1,c5,c234,c234,c234,c234,c234,c234,c234,c234
3610,3608,3,c1,c234,c234,c234,c234,c5,c234,c234,c5
3612,3610,2,c5,c5,c5,c5,c5,c5,c5,c5,c5
3613,1145,2,c234,c1,c1,c1,c1,c1,c1,c1,c1
3614,3612,1,c5,c5,c5,c5,c5,c5,c5,c5,c5
3615,252,1,c5,c1,c5,c1,c1,c234,c1,c1,c234
3616,3614,2,c1,c234,c234,c234,c234,c234,c234,c234,c234
3617,3615,2,c234,c234,c234,c5,c234,c234,c234,c5,c5
3618,1249,2,c1,c234,c234,c234,c234,c5,c234,c234,c5
3619,3617,1,c1,c5,c5,c5,c5,c5,c5,c5,c5
3620,2741,3,c5,c234,c234,c234,c234,c234,c234,c234,c234
3621,3619,1,c1,c234,c234,c1,c1,c234,c234,c1,c5
3623,3621,3,c1,c1,c1,c1,c234,c234,c1,c1,c234
3624,3622,2,c5,c5,c5,c5,c5,c5,c5,c5,c5
3626,3624,3,c234,c234,c234,c234,c234,c234,c234,c234,c234
3627,3625,1,c5,c5,c5,c5,c5,c5,c5,c5,c5
3628,3626,1,c5,c234,c234,c234,c234,c234,c234,c234,c234
3629,3627,3,c234,c1,c1,c5,c1,c1,c1,c1,c1
3631,3629,2,c1,c1,c1,c1,c1,c1,c1,c1,c1
3632,178,2,c1,c1,c1,c1,c1,c1,c1,c1,c1
3633,3631,1,c5,c5,c1,c5,c5,c5,c5,c1,c5
3634,94,1,c1,c234,c234,c234,c234,c234,c234,c234,c234
3635,3633,2,c234,c1,c1,c1,c1,c1,c1,c1,c1
3636,581,3,c234,c1,c1,c1,c1,c1,c1,c1,c1
3637,3635,3,c5,c5,c5,c5,c5,c5,c5,c5,c5
3638,3636,1,c234,c234,c234,c234,c234,c5,c234,c234,c5
3640,3638,1,c234,c1,c1,c1,c1,c1,c1,c1,c1
3642,3640,2,c234,c1,c1,c1,c1,c1,c1,c1,c1
3643,3641,3,c234,c1,c1,c1,c1,c234,c1,c1,c234
3644,3642,1,c5,c5,c5,c5,c5,c5,c5,c5,c5
3645,3643,2,c1,c234,c234,c234,c234,c234,c234,c234,c1
3647,3645,3,c5,c5,c5,c5,c5,c5,c5,c5,c5
3648,3646,2,c1,c5,c5,c5,c5,c5,c5,c5,c5
3649,3647,1,c234,c5,c5,c5,c5,c5,c5,c5,c234
3650,3648,2,c5,c5,c5,c5,c5,c5,c5,c5,c5
3651,3649,3,c234,c5,c5,c234,c5,c5,c5,c234,c234
3652,2919,3,c1,c1,c1,c1,c1,c1,c1,c1,c1
3654,3652,1,c234,c234,c234,c234,c234,c5,c234,c234,c5
3655,3653,2,c234,c5,c5,c5,c5,c5,c5,c5,c5
3656,3654,3,c1,c1,c1,c1,c1,c1,c1,c1,c1
3658,3656,1,c5,c5,c5,c5,c5,c5,c5,c5,c5
3659,3657,2,c1,c1,c1,c1,c1,c1,c1,c1,c1
3660,3658,3,c234,c234,c234,c234,c234,c234,c234,c234,c234
3661,3659,2,c234,c234,c234,c234,c234,c234,c234,c234,c5
3662,3660,1,c1,c1,c1,c1,c1,c5,c1,c1,c1
3663,3661,3,c1,c1,c1,c1,c1,c1,c1,c1,c1
3664,3662,3,c5,c5,c5,c5,c5,c5,c5,c5,c5
3666,3103,2,c234,c5,c5,c5,c5,c5,c5,c5,c5
3667,240,1,c1,c234,c234,c234,c234,c1,c234,c1,c1
3668,7,3,c234,c1,c5,c1,c1,c5,c1,c5,c5
3669,3667,1,c1,c5,c5,c5,c5,c234,c5,c5,c234
3670,274,3,c5,c1,c1,c1,c1,c1,c1,c1,c1
3671,3669,2,c5,c1,c1,c234,c1,c234,c1,c234,c234
3672,3670,1,c5,c234,c234,c234,c234,c234,c234,c234,c5
3673,3671,2,c1,c5,c5,c5,c5,c5,c5,c5,c5
3675,3673,3,c234,c1,c1,c1,c1,c1,c1,c1,c1
3677,3675,2,c5,c234,c234,c234,c234,c234,c234,c234,c234
3678,3676,1,c5,c5,c5,c5,c5,c5,c5,c5,c5
3679,3677,3,c1,c234,c234,c234,c234,c234,c234,c234,c234
3680,3678,3,c234,c1,c1,c234,c234,c234,c1,c234,c234
3681,1020,2,c1,c1,c234,c1,c1,c5,c1,c1,c1
3683,3681,1,c234,c5,c5,c5,c5,c5,c5,c5,c5
3684,3682,2,c5,c234,c234,c234,c234,c234,c234,c234,c1
3686,3684,1,c234,c5,c5,c5,c5,c5,c5,c5,c5
3687,3685,3,c5,c5,c5,c5,c5,c5,c5,c5,c5
3688,3686,2,c5,c234,c234,c234,c234,c234,c234,c234,c234
3689,3687,1,c5,c5,c5,c5,c5,c5,c5,c5,c5
3691,3689,2,c234,c5,c5,c5,c5,c5,c5,c5,c5
3692,3690,1,c1,c234,c234,c234,c234,c234,c234,c234,c234
3694,3692,2,c234,c1,c1,c1,c1,c5,c1,c1,c234
3695,3693,1,c5,c1,c1,c1,c1,c1,c1,c1,c1
3696,3694,3,c234,c234,c5,c234,c5,c5,c5,c5,c5
3698,3696,2,c234,c5,c5,c5,c5,c5,c5,c5,c5
3699,3697,1,c1,c1,c1,c1,c1,c1,c1,c1,c1
3700,3698,3,c1,c234,c234,c234,c234,c234,c234,c234,c234
3701,3699,1,c234,c234,c234,c234,c234,c234,c234,c234,c234
3703,3701,2,c1,c234,c234,c234,c234,c234,c234,c234,c234
3704,3702,1,c1,c234,c234,c234,c5,c5,c234,c234,c5
3705,349,1,c234,c1,c1,c1,c1,c5,c1,c1,c5
3706,3704,3,c234,c234,c234,c234,c234,c234,c234,c234,c234
3707,3705,2,c234,c5,c5,c5,c5,c5,c5,c5,c5
3709,3707,1,c5,c5,c5,c5,c5,c5,c5,c5,c5
3710,3708,3,c234,c5,c5,c5,c5,c234,c5,c5,c234
3711,3709,2,c5,c5,c5,c5,c5,c5,c5,c5,c5
3712,3710,1,c1,c234,c234,c234,c1,c234,c234,c1,c5
3713,178,2,c234,c1,c1,c1,c1,c5,c1,c1,c1
3715,3713,1,c1,c234,c1,c1,c1,c1,c234,c1,c1
3716,438,1,c5,c5,c1,c234,c5,c5,c5,c1,c5
3717,3715,2,c5,c5,c5,c5,c5,c5,c5,c5,c5
3718,3716,3,c5,c5,c5,c5,c5,c5,c5,c5,c5
3720,3718,1,c5,c5,c234,c234,c5,c234,c234,c234,c234
3721,3719,2,c234,c1,c1,c1,c1,c5,c1,c1,c5
3722,3720,3,c1,c1,c1,c1,c1,c1,c1,c1,c1
3723,3721,2,c1,c1,c1,c1,c1,c1,c1,c1,c1
3725,3723,3,c234,c5,c5,c5,c5,c5,c5,c5,c5
3726,3724,2,c1,c5,c5,c5,c1,c5,c5,c1,c5
3727,3725,3,c234,c234,c234,c234,c234,c5,c234,c234,c5
3728,3726,1,c234,c1,c1,c1,c1,c5,c1,c1,c1
3729,3727,2,c234,c5,c5,c5,c5,c5,c5,c5,c5
3731,3123,1,c1,c1,c1,c1,c1,c1,c1,c1,c1
3732,3730,3,c234,c5,c234,c1,c234,c1,c5,c1,c1
3733,3731,1,c5,c234,c234,c234,c234,c234,c234,c234,c234
3734,3732,1,c1,c234,c234,c234,c234,c234,c234,c234,c234
3735,3733,2,c5,c1,c1,c1,c1,c5,c1,c1,c1
3738,3736,3,c1,c5,c5,c5,c5,c5,c5,c5,c5
3739,3737,1,c1,c1,c1,c1,c1,c1,c1,c1,c1
3740,1662,2,c234,c234,c234,c234,c234,c234,c234,c234,c234
3741,3739,2,c234,c1,c1,c1,c1,c1,c1,c1,c1
3743,3741,3,c5,c5,c5,c234,c5,c5,c5,c5,c234
3744,3742,1,c5,c234,c234,c234,c234,c234,c234,c234,c234
3745,7,3,c1,c5,c5,c5,c5,c5,c5,c5,c5
3746,3744,3,c5,c234,c234,c234,c234,c5,c234,c234,c5
3747,3745,3,c1,c5,c5,c5,c5,c5,c5,c5,c5
3749,3747,3,c5,c5,c5,c5,c5,c5,c5,c5,c5
3750,3748,2,c1,c234,c234,c234,c234,c234,c234,c234,c5
3751,3749,1,c234,c234,c234,c234,c234,c234,c234,c234,c234
3752,3750,2,c5,c5,c5,c5,c5,c5,c5,c5,c5
3753,3751,3,c1,c1,c1,c1,c1,c1,c1,c1,c1
3754,3752,1,c1,c234,c234,c234,c234,c234,c234,c234,c234
3755,3753,2,c5,c5,c5,c5,c5,c5,c5,c5,c5
3756,1020,2,c234,c1,c234,c1,c1,c5,c1,c1,c1
3757,3755,3,c5,c1,c1,c1,c1,c1,c1,c1,c5
3758,1688,1,c234,c234,c234,c234,c234,c234,c234,c234,c234
3759,24,3,c234,c234,c234,c234,c234,c234,c234,c5,c234
3761,3759,1,c5,c1,c1,c1,c1,c1,c1,c1,c1
3763,3761,2,c5,c234,c234,c234,c234,c5,c234,c234,c5
3765,3763,3,c1,c1,c1,c1,c1,c1,c1,c1,c1
3766,3764,3,c1,c1,c1,c1,c1,c1,c1,c1,c1
3768,3766,1,c234,c5,c234,c5,c5,c234,c5,c5,c234
3769,3767,2,c1,c5,c5,c5,c5,c5,c5,c5,c5
3770,3768,1,c5,c234,c234,c234,c234,c234,c234,c234,c234
3772,3770,2,c5,c1,c1,c1,c1,c234,c1,c1,c234
3773,611,3,c5,c5,c5,c5,c5,c5,c5,c5,c5
3774,3772,3,c234,c5,c1,c5,c1,c5,c5,c1,c1
3775,3773,2,c5,c5,c5,c5,c5,c5,c5,c5,c5
3777,3775,1,c234,c1,c1,c1,c1,c234,c1,c1,c5
3779,3777,3,c234,c234,c5,c234,c1,c5,c234,c5,c5
3780,3778,1,c5,c5,c5,c5,c5,c5,c5,c5,c5
3781,3779,2,c234,c1,c234,c1,c1,c234,c1,c1,c234
3782,3780,2,c5,c5,c5,c234,c1,c234,c5,c234,c234
3783,3781,3,c1,c5,c5,c5,c5,c5,c5,c234,c5
3785,3783,1,c234,c234,c234,c234,c234,c234,c234,c234,c234
3786,3784,3,c1,c234,c234,c234,c234,c234,c234,c1,c234
3787,3785,2,c5,c5,c5,c5,c5,c5,c5,c5,c5
3788,3786,1,c1,c234,c234,c234,c234,c234,c234,c234,c234
3789,3787,3,c5,c5,c5,c5,c5,c5,c5,c5,c5
3791,3789,1,c5,c5,c1,c5,c5,c1,c5,c1,c1
3792,3790,2,c1,c1,c1,c1,c1,c1,c1,c1,c1
3793,3791,2,c1,c5,c5,c5,c234,c5,c5,c5,c5
3794,3792,3,c5,c234,c234,c234,c234,c234,c234,c234,c234
3795,3793,1,c5,c234,c234,c234,c234,c1,c234,c234,c1
3797,3795,3,c234,c234,c234,c234,c234,c234,c234,c234,c234
3798,3796,1,c234,c234,c234,c234,c234,c234,c234,c234,c234
3799,3797,2,c234,c1,c1,c1,c1,c234,c1,c1,c234
3800,3798,3,c5,c5,c5,c5,c5,c5,c5,c5,c5
3802,3800,1,c234,c5,c5,c5,c5,c5,c5,c5,c5
3803,3801,2,c1,c1,c1,c1,c1,c1,c1,c1,c1
3804,3802,3,c5,c5,c5,c5,c5,c5,c5,c5,c5
3805,3803,1,c234,c5,c5,c5,c5,c5,c5,c5,c5
3806,3804,2,c5,c234,c234,c234,c234,c234,c234,c234,c234
3808,3806,3,c1,c234,c234,c234,c234,c234,c234,c234,c1
3809,3807,2,c234,c1,c1,c1,c1,c1,c1,c1,c1
3810,33,3,c1,c1,c1,c1,c1,c1,c1,c1,c1
3811,3809,3,c5,c234,c234,c1,c234,c234,c234,c1,c1
3813,3811,1,c5,c5,c234,c5,c5,c5,c5,c5,c5
3814,3812,2,c234,c1,c1,c1,c1,c1,c1,c1,c1
3815,3813,3,c5,c1,c1,c1,c1,c1,c1,c1,c1
3816,3814,1,c1,c1,c1,c1,c1,c1,c1,c1,c1
3818,3816,2,c234,c5,c5,c5,c5,c5,c5,c234,c5
3819,3817,3,c5,c5,c5,c5,c5,c5,c5,c5,c5
3820,91,3,c234,c1,c1,c1,c1,c1,c1,c1,c1
3822,1458,1,c1,c5,c1,c5,c5,c5,c5,c1,c1
3823,3821,1,c1,c234,c234,c234,c234,c234,c234,c234,c234
3824,3822,2,c234,c234,c234,c234,c234,c234,c234,c234,c234
3825,3823,3,c5,c5,c5,c5,c5,c5,c5,c5,c5
3826,723,2,c234,c234,c234,c234,c234,c234,c234,c234,c234
3827,3825,1,c1,c5,c5,c5,c5,c5,c5,c5,c5
3828,3826,2,c234,c234,c234,c234,c234,c234,c234,c234,c5
3829,3827,3,c234,c234,c234,c234,c234,c234,c234,c234,c234
3831,3829,2,c5,c234,c234,c234,c234,c234,c234,c234,c234
3833,3831,1,c1,c234,c234,c234,c234,c234,c234,c234,c1
3834,3832,2,c234,c234,c234,c5,c234,c5,c234,c234,c5
3836,1540,1,c1,c1,c1,c1,c1,c1,c1,c1,c1
3837,3835,3,c5,c234,c234,c234,c234,c234,c234,c234,c234
3838,3836,3,c234,c1,c1,c1,c1,c234,c1,c1,c234
3839,3837,2,c5,c234,c234,c234,c234,c5,c234,c234,c5
3840,3838,2,c1,c5,c5,c5,c5,c5,c5,c5,c5
3843,3841,3,c1,c1,c1,c1,c1,c5,c1,c1,c5
3844,3842,2,c1,c234,c234,c234,c234,c234,c234,c234,c234
3845,1020,2,c5,c1,c234,c1,c1,c5,c1,c1,c1
3846,3844,3,c234,c5,c5,c5,c5,c5,c5,c5,c5
3847,3845,2,c234,c5,c5,c5,c5,c5,c5,c5,c5
3850,3848,3,c234,c234,c234,c234,c234,c234,c234,c234,c1
3851,7,3,c234,c5,c5,c5,c5,c5,c5,c5,c5
3852,3850,2,c5,c5,c5,c5,c5,c5,c5,c5,c5
3853,3851,3,c5,c234,c234,c234,c234,c234,c234,c234,c5
3855,3853,3,c5,c1,c1,c1,c1,c5,c1,c1,c1
3856,3854,1,c234,c234,c234,c234,c234,c234,c234,c234,c1
3857,3855,2,c234,c5,c5,c5,c5,c5,c5,c5,c5
3858,3856,2,c5,c5,c5,c5,c5,c5,c5,c5,c5
3859,3857,1,c234,c5,c5,c5,c5,c234,c5,c1,c234
3861,3859,3,c234,c234,c234,c234,c234,c234,c234,c234,c234
3862,3860,1,c5,c234,c234,c234,c234,c234,c234,c234,c234
3864,3862,1,c234,c234,c234,c234,c234,c5,c234,c234,c5
3866,3864,3,c234,c1,c1,c1,c1,c1,c1,c1,c1
3867,3865,1,c1,c5,c5,c5,c1,c234,c5,c1,c234
3868,3866,2,c5,c1,c1,c1,c1,c1,c1,c1,c1
3869,3867,1,c5,c5,c5,c5,c5,c5,c5,c5,c5
3870,3868,2,c1,c1,c1,c1,c1,c1,c1,c1,c1
3872,3870,3,c1,c234,c234,c1,c1,c1,c234,c1,c1
3873,3871,1,c5,c5,c5,c5,c5,c5,c5,c5,c5
3874,3872,2,c234,c5,c5,c5,c5,c5,c5,c5,c5
3875,36,2,c1,c5,c5,c5,c5,c5,c5,c5,c5
3876,3874,3,c1,c234,c1,c1,c234,c5,c234,c1,c5
3877,3875,1,c5,c1,c1,c234,c1,c1,c1,c1,c1
3878,3876,2,c1,c1,c1,c234,c1,c234,c1,c1,c5
3880,3878,3,c234,c5,c5,c5,c5,c234,c5,c5,c234
3881,3879,1,c1,c234,c234,c234,c234,c5,c234,c234,c5
3883,33,3,c5,c1,c1,c1,c1,c1,c1,c1,c1
3884,3882,2,c234,c5,c5,c5,c5,c5,c5,c5,c5
3885,3883,3,c234,c5,c5,c5,c5,c5,c5,c5,c5
3886,3884,3,c1,c5,c5,c1,c5,c5,c5,c5,c5
3888,3886,2,c1,c5,c5,c5,c5,c5,c5,c5,c5
3889,3887,1,c1,c5,c5,c5,c5,c5,c5,c5,c5
3890,3888,2,c5,c5,c234,c234,c234,c234,c5,c234,c234
3891,504,2,c234,c1,c1,c1,c1,c1,c1,c1,c1
3892,3890,1,c1,c234,c234,c234,c234,c234,c234,c234,c234
3894,3892,2,c1,c1,c1,c1,c1,c1,c1,c1,c1
3895,3893,3,c1,c5,c5,c5,c5,c5,c5,c5,c5
3896,3894,2,c1,c234,c234,c234,c234,c234,c234,c234,c234
3897,2408,1,c1,c1,c1,c1,c1,c5,c1,c1,c5
3899,3897,1,c5,c5,c5,c5,c5,c5,c5,c5,c5
3901,3899,3,c5,c5,c5,c5,c5,c5,c5,c5,c5
3902,3900,1,c234,c234,c234,c234,c234,c234,c234,c234,c234
3904,2210,1,c234,c5,c5,c5,c5,c5,c5,c5,c5
3905,3903,2,c234,c5,c5,c5,c5,c5,c5,c5,c5
3906,36,2,c1,c5,c5,c5,c5,c5,c5,c5,c5
3907,3905,3,c234,c5,c5,c5,c5,c5,c5,c5,c5
3908,3906,1,c234,c234,c234,c234,c234,c234,c234,c234,c234
3910,3908,3,c234,c5,c5,c5,c5,c5,c5,c5,c5
3911,3909,2,c1,c1,c1,c5,c1,c5,c1,c1,c5
3912,3910,1,c234,c1,c234,c1,c1,c1,c1,c234,c1
3913,3911,2,c5,c234,c234,c234,c234,c5,c234,c234,c5
3914,3912,3,c1,c234,c234,c234,c234,c234,c234,c234,c234
3915,3913,1,c1,c234,c234,c234,c234,c234,c234,c234,c234
3918,3916,3,c234,c5,c5,c5,c5,c5,c5,c5,c5
3919,3917,1,c5,c5,c5,c5,c5,c5,c5,c5,c5
3920,3918,2,c5,c5,c5,c5,c5,c5,c5,c5,c5
3922,3920,2,c5,c1,c1,c1,c1,c1,c1,c1,c1
3923,3921,3,c5,c234,c234,c234,c234,c234,c234,c234,c5
3924,713,2,c1,c5,c5,c5,c5,c5,c5,c5,c5
3925,3923,1,c5,c5,c5,c5,c5,c5,c5,c5,c5
3926,271,1,c234,c1,c1,c1,c1,c1,c1,c1,c1
3927,3925,2,c5,c5,c5,c5,c5,c5,c5,c5,c5
3928,3926,3,c1,c234,c234,c234,c234,c234,c234,c234,c234
3929,3927,1,c234,c234,c234,c234,c234,c234,c234,c234,c234
3930,3928,2,c5,c234,c234,c234,c234,c5,c234,c234,c234
3931,3929,3,c234,c1,c1,c1,c1,c1,c1,c1,c1
3933,3931,2,c234,c5,c5,c5,c5,c5,c5,c5,c5
3934,3932,1,c5,c1,c1,c1,c1,c5,c1,c5,c5
3936,3934,3,c1,c5,c5,c5,c5,c5,c5,c5,c5
3937,3935,1,c234,c5,c5,c5,c234,c5,c5,c5,c5
3938,3936,2,c1,c5,c5,c5,c5,c5,c5,c1,c1
3939,3937,3,c5,c5,c5,c5,c5,c5,c5,c5,c5
3940,3938,1,c5,c5,c5,c5,c5,c5,c5,c5,c5
3941,3939,1,c234,c234,c234,c234,c234,c234,c234,c234,c234
3943,3941,2,c5,c5,c5,c234,c5,c5,c5,c5,c5
3944,3942,3,c5,c5,c5,c5,c5,c234,c5,c5,c234
3946,3944,2,c5,c5,c5,c5,c5,c5,c5,c5,c5
3947,3945,3,c5,c5,c5,c5,c5,c5,c5,c5,c5
3948,3946,3,c1,c5,c5,c5,c5,c5,c5,c5,c234
3950,3948,1,c5,c1,c1,c1,c1,c1,c1,c1,c1
3951,3949,2,c5,c234,c234,c234,c234,c234,c234,c234,c234
3952,3950,1,c234,c1,c1,c1,c1,c5,c1,c1,c5
3953,36,2,c1,c5,c5,c5,c5,c5,c5,c5,c5
3954,1239,3,c5,c5,c5,c5,c5,c5,c5,c5,c5
3955,3953,2,c5,c5,c5,c5,c5,c5,c5,c5,c5
3957,16,1,c1,c1,c1,c1,c1,c1,c1,c1,c1
3958,3643,2,c234,c234,c234,c234,c234,c234,c234,c234,c1
3959,3957,3,c1,c1,c1,c1,c1,c1,c1,c1,c1
3960,3958,1,c5,c5,c5,c5,c5,c5,c5,c5,c5
3961,3959,3,c5,c1,c1,c1,c1,c234,c1,c1,c234
3963,3961,1,c5,c5,c5,c5,c5,c5,c5,c5,c5
3964,166,2,c1,c1,c1,c1,c1,c1,c1,c1,c1
3965,3963,3,c1,c234,c1,c234,c234,c1,c234,c234,c1
3967,3965,2,c234,c5,c5,c5,c5,c5,c5,c5,c5
3968,3966,1,c234,c234,c234,c234,c234,c5,c234,c234,c5
3969,3967,2,c1,c234,c234,c234,c234,c5,c234,c1,c5
3970,3968,3,c5,c234,c234,c234,c234,c234,c234,c234,c234
3971,3969,1,c1,c234,c234,c1,c1,c1,c234,c1,c1
3973,3971,3,c234,c5,c5,c5,c5,c5,c5,c5,c5
3974,3972,2,c234,c1,c1,c1,c1,c1,c1,c1,c1
3975,3973,1,c5,c5,c1,c5,c5,c5,c5,c1,c5
3976,240,1,c234,c234,c1,c234,c234,c1,c234,c1,c1
3977,1790,3,c234,c234,c1,c234,c1,c1,c234,c1,c1
3979,3977,3,c1,c234,c234,c234,c234,c234,c234,c234,c5
3980,3978,3,c234,c234,c234,c234,c234,c234,c234,c234,c234
3981,3979,2,c234,c1,c1,c1,c1,c1,c1,c1,c1
3982,3980,2,c1,c234,c234,c234,c234,c5,c234,c5,c5
3984,3982,1,c234,c234,c234,c234,c234,c234,c234,c234,c5
3985,3983,3,c234,c1,c1,c1,c1,c1,c1,c1,c1
3986,53,3,c1,c1,c1,c1,c1,c1,c1,c1,c1
3987,3985,1,c234,c1,c1,c1,c1,c234,c1,c1,c234
3988,729,1,c234,c234,c234,c234,c234,c5,c234,c234,c5
3989,3987,2,c1,c1,c1,c1,c1,c234,c1,c1,c234
3990,3988,3,c5,c5,c5,c5,c5,c5,c5,c5,c5
3992,3990,2,c1,c1,c1,c1,c1,c1,c1,c1,c1
3993,349,1,c1,c1,c1,c1,c1,c5,c1,c1,c5
3995,3993,1,c5,c234,c234,c234,c234,c5,c234,c234,c234
3996,3994,3,c5,c234,c234,c234,c234,c234,c234,c234,c234
3998,3996,1,c1,c1,c1,c1,c1,c5,c1,c1,c5
3999,3997,2,c234,c234,c234,c234,c234,c234,c234,c234,c234
4000,3998,2,c1,c234,c234,c234,c234,c234,c234,c234,c1
4001,3999,3,c1,c5,c5,c5,c5,c5,c5,c5,c5
4002,4000,2,c234,c1,c1,c1,c1,c5,c1,c1,c5
4003,4001,3,c234,c234,c5,c234,c5,c5,c5,c1,c5
4004,4002,1,c1,c234,c234,c234,c234,c5,c234,c234,c234
4005,240,1,c1,c234,c234,c234,c234,c1,c234,c1,c1
4007,4005,1,c234,c1,c5,c1,c1,c5,c1,c1,c5
4009,4007,2,c234,c5,c5,c5,c5,c5,c5,c5,c5
4010,4008,3,c1,c234,c234,c234,c234,c5,c234,c234,c234
4011,4009,1,c5,c1,c1,c1,c1,c1,c1,c1,c1
4013,7,3,c1,c5,c5,c5,c5,c5,c5,c5,c5
4014,178,2,c1,c1,c1,c1,c1,c1,c1,c1,c1
4015,4013,3,c1,c1,c1,c1,c1,c1,c1,c1,c1
4017,4015,1,c234,c5,c5,c5,c5,c5,c5,c5,c5
4018,4016,2,c1,c5,c5,c5,c5,c5,c5,c5,c5
4019,4017,3,c5,c234,c234,c234,c234,c234,c234,c234,c234
4020,4018,2,c5,c1,c1,c1,c1,c234,c1,c1,c234
4021,4019,2,c1,c234,c234,c234,c234,c234,c234,c234,c234
4023,4021,1,c5,c5,c5,c5,c5,c5,c5,c5,c5
4024,4022,3,c234,c1,c1,c1,c1,c1,c1,c1,c1
4026,349,1,c1,c1,c1,c1,c1,c5,c1,c1,c5
4027,4025,1,c5,c5,c5,c5,c5,c5,c5,c5,c5
4028,4026,3,c5,c5,c5,c5,c5,c5,c5,c5,c234
4029,4027,2,c5,c5,c5,c5,c5,c5,c5,c5,c5
4032,4030,1,c5,c234,c234,c234,c234,c234,c234,c234,c234
4033,16,1,c1,c1,c1,c1,c1,c1,c1,c1,c1
4034,4032,2,c234,c234,c234,c234,c234,c234,c234,c234,c234
4035,4033,3,c1,c234,c234,c234,c234,c234,c234,c234,c234
4036,4034,2,c234,c1,c1,c1,c1,c1,c1,c1,c1
4037,4035,1,c5,c1,c1,c1,c1,c1,c1,c1,c1
4039,4037,3,c1,c5,c5,c5,c5,c1,c5,c5,c1
4040,4038,1,c234,c5,c5,c5,c5,c5,c5,c5,c5
4041,4039,2,c5,c5,c5,c5,c5,c5,c5,c5,c5
4043,4041,3,c1,c234,c234,c234,c234,c234,c234,c234,c1
4044,4042,3,c1,c234,c234,c234,c234,c5,c234,c234,c5
4045,4043,1,c1,c5,c5,c5,c5,c5,c5,c5,c5
4046,4044,2,c5,c5,c5,c5,c5,c5,c5,c5,c5
4047,4045,2,c1,c5,c5,c5,c5,c5,c5,c5,c5
4048,4046,3,c5,c1,c1,c1,c1,c1,c1,c1,c1
4050,4048,1,c5,c234,c234,c234,c234,c234,c234,c234,c234
4051,557,1,c234,c1,c1,c1,c1,c1,c1,c1,c1
4052,4050,2,c5,c5,c5,c5,c5,c5,c5,c5,c5
4053,4051,3,c234,c5,c5,c5,c5,c5,c5,c5,c5
4054,4052,1,c5,c5,c5,c5,c5,c5,c5,c5,c5
4055,4053,2,c234,c234,c234,c234,c234,c234,c234,c234,c234
4056,4054,3,c1,c5,c5,c5,c5,c5,c5,c5,c5
4057,7,3,c234,c5,c5,c5,c5,c5,c5,c5,c5
4059,2753,2,c5,c234,c234,c234,c234,c234,c234,c234,c234
4061,4059,1,c5,c5,c5,c5,c5,c5,c5,c5,c5
4062,4060,3,c1,c1,c1,c1,c1,c5,c1,c1,c1
4064,4062,2,c234,c5,c5,c5,c5,c5,c5,c5,c5
4065,4063,2,c1,c1,c1,c5,c234,c1,c1,c1,c1
4066,4064,1,c5,c234,c234,c234,c234,c234,c234,c234,c234
4067,4065,3,c1,c234,c5,c5,c234,c5,c234,c5,c5
4068,117,3,c1,c1,c1,c1,c1,c1,c1,c1,c1
4070,4068,1,c1,c1,c1,c1,c1,c1,c1,c1,c1
4071,4069,2,c1,c1,c1,c1,c1,c1,c1,c1,c1
4072,4070,3,c5,c1,c1,c1,c1,c1,c1,c1,c1
4073,257,2,c1,c1,c1,c1,c1,c1,c1,c1,c1
4074,4072,2,c5,c234,c234,c234,c234,c234,c234,c234,c234
4075,36,2,c234,c5,c5,c5,c5,c5,c5,c5,c5
4076,4074,1,c234,c5,c5,c5,c5,c5,c5,c5,c5
4077,4075,3,c5,c234,c234,c234,c234,c5,c234,c234,c5
4079,4077,1,c234,c234,c234,c234,c234,c234,c234,c234,c234
4080,4078,2,c5,c5,c5,c5,c5,c5,c5,c5,c5
4081,4079,3,c234,c5,c5,c5,c5,c5,c5,c5,c5
4083,4081,1,c234,c1,c1,c1,c1,c234,c1,c1,c1
4084,4082,3,c1,c5,c5,c5,c5,c5,c5,c5,c5
4085,4083,1,c1,c234,c234,c234,c234,c5,c234,c234,c1
4086,4084,2,c5,c5,c5,c5,c234,c5,c5,c5,c5
4088,4086,3,c5,c5,c5,c5,c5,c5,c5,c5,c5
4090,4088,2,c1,c5,c5,c5,c5,c5,c5,c5,c5
4091,4089,1,c5,c5,c5,c5,c5,c5,c5,c5,c5
4092,4090,3,c5,c5,c5,c234,c5,c234,c5,c234,c234
4093,4091,3,c5,c5,c5,c5,c5,c5,c5,c5,c5
4094,4092,1,c234,c1,c1,c1,c1,c5,c1,c1,c5
4095,4093,3,c5,c5,c5,c5,c5,c5,c5,c5,c5
4096,4094,2,c1,c1,c1,c1,c1,c234,c1,c1,c1
4098,4096,2,c1,c5,c5,c5,c5,c5,c5,c5,c5
4099,4097,3,c5,c1,c1,c1,c1,c234,c1,c1,c234
4101,4099,1,c5,c5,c5,c5,c5,c5,c5,c5,c5
4103,4101,2,c234,c5,c5,c5,c5,c5,c5,c5,c5
4104,839,2,c5,c5,c5,c5,c5,c5,c5,c5,c5
4107,4105,2,c1,c1,c1,c1,c1,c1,c1,c1,c1
4108,4106,3,c1,c5,c5,c5,c5,c5,c5,c5,c5
4109,4107,3,c234,c234,c5,c234,c234,c5,c234,c5,c5
4110,4108,1,c234,c1,c1,c1,c1,c1,c1,c1,c1
4111,4109,2,c5,c5,c5,c5,c5,c5,c5,c5,c5
4113,4111,3,c1,c1,c1,c1,c1,c1,c1,c1,c234
4114,4112,1,c5,c1,c1,c1,c1,c1,c1,c1,c1
4115,4113,1,c5,c234,c234,c234,c5,c5,c234,c5,c5
4117,4115,3,c234,c5,c5,c5,c5,c5,c5,c5,c5
4118,4116,2,c5,c234,c234,c234,c234,c234,c234,c234,c234
4119,4117,1,c5,c5,c5,c5,c5,c5,c5,c5,c5
4120,4118,3,c1,c1,c1,c1,c1,c1,c1,c1,c1
4122,4120,1,c5,c5,c5,c5,c5,c5,c5,c5,c5
4123,4121,2,c5,c5,c5,c5,c5,c5,c5,c5,c5
4124,4122,2,c234,c5,c5,c5,c5,c5,c5,c5,c5
4125,1336,3,c1,c1,c1,c5,c1,c5,c1,c1,c5
4126,4124,3,c234,c234,c234,c234,c234,c234,c234,c234,c234
4128,4126,1,c234,c1,c1,c1,c1,c1,c1,c1,c1
4129,117,3,c1,c1,c1,c1,c1,c1,c1,c1,c1
4130,4128,3,c1,c5,c5,c5,c5,c5,c5,c5,c5
4131,4129,2,c5,c1,c1,c1,c1,c1,c1,c1,c1
4132,4130,3,c234,c5,c5,c5,c5,c5,c5,c5,c5
4134,4132,2,c1,c1,c1,c1,c1,c1,c1,c1,c1
4135,4133,2,c1,c1,c1,c1,c1,c1,c1,c1,c5
4136,4134,1,c1,c1,c1,c1,c1,c1,c1,c1,c1
4137,4135,3,c1,c5,c5,c5,c5,c5,c5,c5,c5
4139,4137,1,c1,c1,c1,c1,c1,c5,c1,c1,c1
4140,4138,2,c1,c5,c5,c5,c5,c5,c5,c5,c5
4141,4139,3,c5,c5,c5,c5,c5,c5,c5,c5,c5
4142,594,2,c234,c1,c1,c1,c1,c1,c1,c1,c1
4143,4141,1,c234,c5,c5,c5,c5,c5,c5,c5,c5
4144,4142,2,c1,c5,c5,c5,c5,c5,c5,c5,c5
4146,4144,1,c5,c234,c234,c234,c234,c234,c234,c234,c234
4147,4145,3,c1,c234,c234,c234,c234,c234,c234,c5,c234
4148,4146,1,c5,c5,c5,c5,c5,c5,c5,c5,c5
4150,4148,3,c1,c1,c1,c1,c1,c1,c1,c1,c1
4151,4149,2,c234,c5,c5,c5,c5,c5,c5,c5,c5
4152,4150,1,c5,c5,c5,c5,c5,c5,c5,c5,c5
4153,4151,2,c234,c5,c5,c5,c5,c5,c5,c5,c5
4156,16,1,c1,c1,c1,c1,c1,c1,c1,c1,c1
4157,4155,3,c5,c5,c5,c5,c5,c5,c5,c5,c5
4158,4156,2,c1,c234,c234,c1,c234,c234,c234,c1,c234
4159,4157,3,c5,c5,c5,c5,c5,c5,c5,c5,c5
4160,1336,3,c1,c1,c1,c5,c1,c5,c1,c1,c5
4161,4159,2,c1,c1,c1,c1,c1,c234,c1,c1,c234
4162,36,2,c1,c5,c5,c5,c5,c5,c5,c5,c5
4163,4161,1,c5,c1,c1,c1,c1,c5,c1,c1,c5
4165,4163,3,c5,c5,c5,c5,c5,c5,c5,c5,c5
4166,271,1,c5,c1,c1,c1,c1,c1,c1,c1,c1
4167,194,1,c1,c1,c1,c1,c1,c5,c1,c1,c5
4168,4166,1,c234,c1,c1,c1,c1,c1,c1,c1,c1
4169,33,3,c1,c234,c234,c234,c234,c1,c234,c234,c1
4170,4168,2,c234,c5,c5,c5,c5,c5,c5,c5,c5
4171,4169,1,c5,c1,c1,c5,c1,c1,c1,c5,c5
4172,4170,3,c5,c234,c234,c5,c234,c5,c5,c234,c5
4173,4171,3,c234,c234,c234,c234,c1,c234,c234,c1,c1
4174,4172,2,c5,c5,c5,c5,c5,c5,c5,c5,c5
4175,4173,3,c5,c5,c5,c5,c5,c5,c5,c5,c5
4177,4175,1,c234,c234,c234,c234,c234,c5,c234,c234,c5
4178,4176,2,c234,c1,c1,c1,c1,c1,c1,c1,c1
4180,4178,3,c234,c234,c234,c234,c5,c234,c234,c5,c5
4181,4179,1,c5,c1,c1,c1,c1,c5,c1,c1,c5
4182,4180,2,c1,c5,c5,c5,c5,c5,c5,c5,c5
4184,4182,3,c234,c5,c5,c5,c5,c5,c5,c5,c5
4185,4183,1,c5,c5,c5,c5,c5,c5,c5,c5,c5
4186,4184,2,c5,c5,c5,c5,c5,c5,c5,c5,c5
4187,4009,1,c1,c1,c1,c1,c1,c1,c1,c1,c1
4188,1157,1,c234,c5,c5,c5,c5,c5,c5,c5,c5
4190,4188,1,c1,c1,c1,c1,c1,c1,c1,c1,c1
4191,4189,3,c234,c1,c1,c5,c1,c5,c1,c1,c1
4192,4190,2,c5,c5,c5,c5,c5,c1,c5,c5,c5
4193,4191,2,c5,c5,c5,c5,c5,c5,c5,c5,c5
4195,4193,3,c234,c5,c5,c5,c5,c5,c5,c5,c5
4196,4194,2,c1,c234,c234,c234,c234,c234,c234,c234,c5
4197,4195,3,c234,c234,c234,c234,c234,c234,c234,c234,c234
4198,1114,1,c1,c1,c1,c1,c1,c1,c1,c1,c1
4199,4197,1,c234,c1,c1,c1,c1,c1,c1,c1,c1
4201,4199,1,c234,c5,c5,c5,c5,c5,c5,c5,c5
4202,4200,3,c1,c5,c5,c5,c5,c5,c5,c5,c5
4203,16,1,c1,c1,c1,c1,c1,c1,c1,c1,c1
4204,4202,2,c234,c234,c234,c234,c234,c234,c234,c234,c234
4205,16,1,c234,c1,c1,c1,c1,c1,c1,c1,c1
4206,7,3,c234,c1,c5,c1,c1,c5,c1,c5,c5
4207,4205,1,c5,c5,c5,c5,c5,c5,c5,c5,c5
4208,4206,3,c234,c5,c5,c5,c5,c234,c5,c5,c1
4210,4208,2,c1,c1,c1,c1,c1,c1,c1,c1,c1
4211,4209,1,c5,c5,c5,c5,c5,c5,c5,c5,c5
4213,4211,3,c5,c234,c234,c234,c234,c234,c234,c234,c234
4214,4212,1,c1,c5,c5,c5,c5,c1,c5,c5,c5
4215,24,3,c5,c234,c234,c234,c234,c234,c234,c234,c234
4217,4215,2,c1,c5,c5,c5,c5,c5,c5,c5,c5
4218,4216,3,c1,c1,c1,c1,c1,c1,c1,c1,c1
4220,644,1,c234,c1,c1,c1,c1,c1,c1,c1,c1
4221,4219,1,c234,c5,c5,c5,c5,c5,c5,c5,c5
4222,4220,3,c5,c5,c5,c5,c5,c234,c5,c5,c234
4225,4223,2,c5,c5,c5,c5,c5,c5,c5,c5,c5
4226,4224,1,c1,c1,c1,c1,c1,c1,c1,c1,c1
4228,4226,2,c5,c5,c5,c5,c5,c5,c5,c5,c5
4229,4227,3,c5,c5,c5,c5,c5,c5,c5,c5,c5
4230,4228,1,c234,c1,c1,c234,c1,c234,c1,c1,c1
4231,4229,2,c1,c5,c5,c5,c5,c5,c5,c234,c234
4232,4230,3,c5,c234,c234,c234,c234,c234,c234,c234,c5
4233,4231,2,c1,c234,c234,c234,c234,c234,c234,c234,c1
4234,4232,3,c5,c5,c5,c5,c5,c5,c5,c5,c5
4236,4234,1,c5,c5,c5,c5,c5,c5,c5,c5,c5
4237,4235,2,c234,c1,c1,c1,c1,c1,c1,c1,c1
4238,4236,1,c5,c234,c234,c234,c234,c5,c234,c234,c5
4239,4237,3,c234,c234,c234,c234,c234,c234,c234,c234,c234
4240,4238,1,c234,c234,c234,c234,c234,c5,c234,c234,c5
4242,4240,3,c5,c5,c5,c5,c5,c5,c5,c5,c5
4243,4241,2,c1,c5,c5,c5,c5,c5,c5,c5,c5
4245,4243,1,c1,c1,c1,c1,c1,c5,c1,c1,c5
4247,4245,2,c5,c234,c234,c234,c234,c234,c234,c234,c234
4249,4247,3,c1,c1,c1,c1,c1,c1,c1,c1,c1
4250,4248,2,c234,c5,c5,c5,c5,c5,c5,c5,c5
4251,4249,1,c5,c5,c5,c5,c5,c5,c5,c5,c5
4253,1768,3,c1,c5,c5,c5,c5,c5,c5,c5,c5
4254,4252,3,c5,c5,c5,c5,c5,c5,c5,c5,c1
4255,16,1,c5,c1,c1,c1,c1,c1,c1,c1,c1
4256,194,1,c5,c5,c5,c5,c5,c5,c5,c5,c5
4257,4255,3,c1,c5,c5,c5,c5,c5,c5,c5,c5
4258,4256,1,c234,c5,c5,c5,c5,c5,c5,c5,c234
4259,4257,1,c5,c5,c1,c5,c5,c5,c5,c5,c5
4260,4258,2,c5,c234,c234,c234,c234,c234,c234,c234,c234
4262,4260,3,c5,c5,c5,c5,c5,c234,c5,c5,c234
4263,4261,2,c1,c5,c5,c5,c5,c5,c5,c5,c1
4265,4263,1,c5,c234,c234,c234,c234,c234,c234,c234,c234
4266,4264,1,c234,c234,c234,c234,c234,c234,c234,c234,c234
4268,4266,2,c234,c5,c5,c5,c5,c5,c5,c5,c5
4269,4267,3,c234,c5,c1,c1,c5,c5,c5,c1,c234
4270,4268,1,c234,c5,c5,c5,c5,c5,c5,c5,c5
4271,16,1,c1,c1,c1,c1,c1,c1,c1,c1,c1
4272,4270,2,c234,c1,c1,c1,c1,c1,c1,c5,c5
4273,36,2,c234,c5,c5,c5,c5,c5,c5,c5,c5
4274,4272,3,c1,c234,c234,c234,c5,c234,c234,c234,c5
4275,1020,2,c1,c1,c234,c1,c1,c5,c1,c1,c1
4276,4274,1,c234,c5,c5,c5,c5,c5,c5,c5,c234
4278,4276,2,c1,c5,c5,c5,c5,c5,c5,c5,c5
4279,4277,3,c1,c234,c234,c234,c234,c234,c234,c234,c5
4281,4279,2,c5,c5,c5,c5,c5,c234,c5,c5,c234
4282,4280,1,c1,c234,c234,c1,c234,c5,c234,c1,c5
4283,4281,3,c1,c234,c234,c234,c234,c234,c234,c234,c234
4284,1035,1,c234,c1,c1,c1,c1,c234,c1,c1,c1
4286,724,3,c5,c234,c1,c1,c1,c1,c1,c1,c1
4288,4286,1,c234,c234,c234,c234,c234,c234,c234,c234,c234
4289,4287,2,c5,c5,c5,c5,c5,c5,c5,c5,c5
4290,4288,1,c5,c5,c5,c5,c5,c5,c5,c5,c5
4291,4289,1,c5,c5,c5,c5,c5,c5,c5,c5,c5
4293,4291,3,c5,c5,c5,c5,c5,c5,c5,c5,c5
4294,4292,1,c234,c5,c5,c5,c5,c5,c5,c5,c234
4295,4293,3,c5,c5,c5,c5,c5,c5,c5,c5,c5
4296,4294,2,c5,c1,c1,c1,c1,c1,c1,c1,c1
4297,4295,2,c5,c234,c234,c234,c234,c234,c234,c234,c234
4298,4296,1,c234,c234,c234,c234,c234,c234,c234,c234,c234
4300,4298,3,c5,c5,c5,c5,c5,c5,c5,c5,c5
4301,4299,1,c234,c5,c5,c5,c5,c5,c5,c5,c5
4302,4300,1,c5,c5,c5,c5,c5,c5,c5,c5,c5
4303,4301,2,c234,c5,c5,c5,c5,c5,c5,c5,c5
4305,4303,3,c5,c234,c234,c234,c234,c234,c234,c234,c1
4306,4304,2,c5,c1,c1,c1,c1,c1,c1,c1,c234
4307,4305,2,c234,c234,c234,c234,c234,c234,c234,c234,c234
4308,4306,3,c5,c5,c5,c5,c5,c5,c5,c5,c5
4310,4308,1,c234,c5,c5,c5,c5,c5,c5,c5,c234
4311,4309,3,c234,c234,c234,c234,c234,c234,c234,c234,c234
4312,4310,2,c234,c5,c5,c5,c5,c5,c5,c5,c5
4313,4311,2,c234,c1,c1,c1,c1,c1,c1,c1,c1
4315,4313,1,c5,c5,c234,c5,c5,c5,c5,c5,c5
4316,4314,1,c1,c5,c5,c5,c5,c5,c5,c5,c5
4318,4316,3,c1,c234,c234,c234,c234,c1,c234,c234,c1
4319,4317,3,c1,c1,c1,c1,c1,c1,c1,c1,c1
4320,4318,2,c5,c5,c1,c5,c5,c1,c1,c1,c1
4322,4320,2,c1,c5,c5,c5,c5,c5,c5,c5,c5
4323,0,3,c1,c1,c1,c1,c1,c1,c1,c1,c1
4324,4322,1,c5,c5,c5,c5,c5,c5,c5,c5,c5
4325,4323,3,c5,c5,c5,c5,c5,c5,c5,c5,c5
4326,7,3,c1,c5,c5,c5,c5,c5,c5,c5,c5
4328,4326,1,c1,c234,c5,c234,c234,c5,c5,c5,c5
4329,4327,2,c5,c5,c5,c5,c5,c5,c5,c5,c5
4330,755,2,c1,c1,c1,c1,c1,c1,c1,c1,c1
4331,4329,3,c5,c234,c234,c234,c234,c234,c234,c234,c5
4332,4330,1,c234,c234,c234,c234,c234,c5,c234,c234,c234
4333,3394,3,c1,c234,c1,c234,c234,c1,c1,c234,c1
4334,7,3,c1,c5,c5,c5,c5,c5,c5,c5,c5
4336,4334,2,c1,c234,c234,c234,c234,c234,c234,c234,c234
4337,4335,3,c5,c5,c5,c5,c5,c5,c5,c5,c5
4338,4336,2,c234,c234,c234,c234,c234,c234,c234,c234,c234
4339,4337,1,c1,c1,c1,c1,c1,c1,c1,c1,c1
4341,4339,3,c234,c1,c1,c234,c1,c5,c1,c234,c5
4342,107,1,c1,c1,c1,c1,c1,c5,c1,c1,c5
4343,4341,3,c5,c234,c5,c5,c234,c234,c234,c234,c234
4345,4343,1,c5,c5,c5,c5,c5,c5,c5,c5,c5
4346,16,1,c234,c1,c1,c1,c1,c1,c1,c1,c1
4348,4346,2,c234,c234,c234,c234,c234,c5,c234,c234,c234
4349,4347,2,c234,c1,c1,c1,c1,c1,c1,c1,c1
4350,4348,3,c1,c234,c234,c234,c234,c234,c234,c234,c234
4351,4349,1,c1,c234,c234,c5,c234,c5,c234,c1,c5
4352,4350,1,c234,c234,c234,c234,c234,c5,c234,c234,c5
4353,671,1,c234,c5,c5,c5,c5,c5,c5,c5,c5
4354,4352,2,c5,c234,c234,c234,c234,c234,c234,c234,c234
4355,4353,3,c234,c234,c234,c234,c234,c234,c234,c234,c1
4356,4354,1,c5,c234,c234,c234,c234,c234,c234,c234,c234
4358,4356,2,c1,c5,c5,c5,c5,c5,c5,c5,c5
4359,4357,3,c5,c234,c234,c234,c234,c234,c234,c234,c1
4360,4358,2,c234,c5,c234,c5,c5,c234,c5,c234,c234
4362,4360,3,c5,c5,c5,c5,c5,c5,c5,c5,c5
4363,675,1,c234,c5,c1,c5,c5,c1,c5,c1,c1
4364,309,1,c234,c234,c234,c234,c234,c5,c234,c234,c5
4365,271,1,c234,c1,c1,c1,c1,c1,c1,c1,c1
4366,4364,1,c234,c1,c1,c1,c1,c1,c1,c1,c1
4367,4365,3,c234,c1,c1,c1,c1,c1,c1,c1,c1
4370,4368,2,c5,c1,c1,c1,c1,c1,c1,c1,c1
4371,4369,1,c5,c1,c1,c1,c1,c5,c1,c1,c1
4372,4370,3,c5,c5,c5,c5,c5,c5,c5,c5,c5
4373,4371,3,c1,c5,c5,c5,c234,c234,c234,c234,c234
4374,4372,2,c234,c234,c234,c234,c234,c5,c234,c234,c5
4375,4373,2,c1,c234,c234,c234,c234,c234,c234,c234,c234
4376,4374,1,c5,c5,c5,c5,c5,c5,c5,c5,c5
4378,4376,3,c234,c234,c234,c234,c234,c234,c234,c234,c234
4379,4377,1,c234,c5,c5,c5,c5,c5,c5,c5,c5
4380,4378,2,c5,c234,c234,c234,c234,c234,c234,c234,c234
4381,4379,1,c234,c234,c234,c5,c234,c5,c5,c5,c5
4382,4380,3,c234,c234,c234,c5,c234,c5,c5,c5,c5
4384,4382,2,c234,c5,c5,c5,c5,c5,c5,c5,c5
4385,4383,1,c5,c5,c5,c234,c5,c5,c5,c5,c5
4386,4384,2,c1,c1,c1,c1,c1,c1,c1,c1,c1
4387,4385,2,c234,c5,c5,c5,c5,c5,c5,c5,c5
4389,4387,3,c1,c1,c1,c1,c1,c1,c1,c1,c1
4391,4389,1,c1,c1,c1,c234,c1,c234,c1,c234,c234
4392,4390,1,c1,c234,c234,c234,c234,c234,c234,c234,c234
4393,4391,2,c234,c1,c234,c1,c1,c1,c1,c1,c1
4394,1145,2,c234,c234,c234,c234,c234,c1,c234,c1,c1
4396,4394,1,c5,c234,c234,c234,c5,c234,c234,c5,c234
4397,4395,3,c234,c5,c5,c5,c5,c234,c5,c5,c234
4398,4396,2,c5,c234,c234,c234,c234,c234,c234,c234,c234
4399,4397,3,c5,c5,c5,c5,c5,c5,c5,c5,c5
4400,4398,1,c234,c234,c234,c234,c234,c234,c234,c234,c234
4401,4399,3,c1,c1,c1,c1,c1,c234,c1,c1,c1
4404,4402,3,c1,c1,c1,c1,c1,c1,c1,c1,c1
4405,4403,2,c1,c5,c5,c5,c5,c5,c5,c5,c5
4406,1015,1,c1,c234,c5,c234,c234,c5,c234,c5,c5
4407,4405,1,c5,c234,c234,c234,c234,c234,c234,c234,c234
4408,4406,2,c1,c1,c1,c1,c1,c1,c1,c1,c1
4410,4408,3,c234,c5,c5,c5,c5,c5,c5,c5,c5
4411,4409,3,c1,c5,c5,c5,c5,c5,c5,c5,c5
4412,4410,1,c1,c234,c234,c234,c234,c234,c234,c234,c234
4413,4411,2,c234,c234,c234,c1,c1,c234,c234,c1,c5
4414,7,3,c234,c1,c5,c1,c1,c5,c1,c5,c5
4415,4413,1,c5,c5,c5,c5,c5,c5,c5,c5,c5
4417,4415,2,c1,c234,c1,c234,c1,c234,c234,c1,c234
4418,4416,3,c234,c5,c5,c5,c5,c5,c5,c234,c234
4419,4417,1,c5,c5,c5,c5,c5,c5,c5,c5,c5
4420,4418,2,c234,c1,c1,c1,c1,c234,c1,c1,c234
4422,4420,3,c1,c5,c234,c234,c234,c234,c5,c234,c234
4423,4421,1,c5,c5,c5,c5,c5,c5,c5,c5,c5
4424,4422,2,c1,c5,c5,c5,c5,c5,c5,c5,c234
4425,4423,1,c234,c5,c5,c5,c5,c5,c5,c5,c5
4427,1212,3,c1,c1,c1,c1,c1,c1,c1,c1,c1
4428,4426,3,c234,c1,c1,c1,c1,c5,c1,c1,c5
4429,4427,2,c5,c5,c5,c5,c5,c5,c5,c5,c5
4430,4428,3,c1,c1,c1,c1,c1,c1,c1,c1,c1
4431,4293,3,c5,c5,c5,c5,c5,c5,c5,c5,c5
4434,4432,2,c1,c5,c1,c1,c1,c5,c5,c1,c1
4435,4433,3,c1,c234,c234,c234,c234,c234,c234,c234,c5
4436,4434,1,c5,c5,c5,c5,c5,c5,c5,c5,c5
4437,36,2,c1,c5,c5,c5,c5,c5,c5,c5,c5
4438,4436,1,c1,c1,c1,c1,c1,c1,c1,c1,c1
4439,4437,2,c5,c234,c234,c5,c234,c5,c234,c5,c5
4441,4439,2,c1,c234,c234,c234,c234,c234,c234,c234,c234
4442,4440,3,c5,c5,c5,c5,c5,c5,c5,c5,c5
4443,4441,3,c5,c1,c1,c1,c1,c1,c1,c1,c1
4444,4442,1,c234,c1,c1,c1,c1,c1,c1,c1,c1
4445,4443,1,c5,c234,c5,c5,c5,c234,c234,c5,c1
4447,4445,2,c234,c234,c234,c234,c234,c234,c234,c234,c234
4448,4446,3,c234,c5,c5,c5,c5,c5,c5,c5,c5
4450,4448,3,c5,c5,c5,c5,c5,c5,c5,c5,c5
4451,4449,1,c5,c5,c5,c5,c5,c5,c5,c5,c5
4452,4450,2,c234,c5,c5,c5,c5,c5,c5,c5,c5
4453,4451,1,c234,c234,c234,c1,c1,c5,c234,c1,c5
4455,4453,3,c1,c1,c1,c1,c1,c5,c1,c1,c5
4456,36,2,c1,c5,c5,c5,c5,c5,c5,c5,c5
4457,4455,2,c234,c5,c5,c5,c5,c5,c5,c5,c5
4458,1458,1,c1,c5,c1,c5,c5,c5,c5,c1,c1
4459,4457,1,c5,c5,c5,c5,c5,c234,c5,c5,c5
4460,4458,3,c1,c1,c1,c1,c1,c1,c1,c1,c1
4462,16,1,c1,c1,c1,c1,c1,c1,c1,c1,c1
4463,4461,3,c234,c5,c5,c5,c5,c5,c5,c5,c5
4465,4463,1,c234,c234,c234,c234,c234,c234,c234,c234,c5
4466,7,3,c234,c5,c5,c5,c5,c5,c5,c5,c5
4467,4465,1,c5,c5,c1,c1,c5,c234,c1,c1,c234
4468,798,2,c234,c1,c1,c1,c1,c234,c1,c1,c1
4469,4467,2,c1,c5,c5,c5,c5,c5,c5,c5,c5
4470,16,1,c234,c1,c1,c1,c1,c1,c1,c1,c1
4471,4469,3,c5,c5,c5,c5,c5,c5,c5,c5,c5
4472,4470,1,c234,c234,c234,c234,c234,c234,c234,c234,c234
4474,4472,3,c234,c234,c234,c5,c5,c5,c5,c5,c5
4475,4473,3,c5,c5,c5,c5,c5,c5,c5,c5,c234
4476,4474,1,c1,c234,c234,c234,c234,c234,c234,c234,c1
4478,4476,3,c234,c5,c5,c5,c5,c5,c5,c5,c1
4479,4477,1,c234,c5,c5,c5,c5,c234,c5,c5,c234
4480,36,2,c5,c5,c5,c5,c5,c5,c5,c5,c5
4481,4479,2,c1,c5,c5,c5,c5,c5,c5,c5,c234
4482,4480,1,c234,c1,c1,c1,c1,c1,c1,c1,c1
4484,4482,2,c1,c5,c1,c5,c5,c1,c5,c1,c1
4485,4483,3,c5,c5,c5,c5,c234,c234,c5,c234,c234
4486,4484,1,c1,c5,c5,c5,c5,c5,c5,c5,c5
4487,4485,1,c234,c5,c5,c5,c5,c5,c5,c5,c5
4488,4179,1,c1,c1,c1,c1,c1,c5,c1,c1,c5
4491,4489,2,c234,c1,c1,c1,c1,c1,c1,c1,c1
4492,4490,3,c1,c234,c234,c234,c234,c234,c234,c234,c5
4493,4491,2,c234,c234,c234,c234,c234,c234,c234,c234,c1
4495,950,3,c5,c234,c234,c234,c234,c234,c234,c234,c234
4496,4494,3,c234,c234,c234,c234,c234,c234,c234,c234,c234
4497,217,2,c234,c1,c1,c1,c1,c1,c1,c1,c1
4498,4496,2,c5,c1,c1,c1,c1,c5,c1,c1,c1
4499,4497,1,c234,c234,c234,c234,c234,c234,c234,c234,c234
4500,4498,3,c5,c234,c234,c234,c234,c234,c234,c234,c234
4502,349,1,c5,c1,c1,c1,c1,c5,c1,c1,c5
4503,4501,2,c234,c234,c234,c234,c234,c234,c234,c234,c234
4505,4503,1,c5,c5,c5,c5,c5,c5,c5,c5,c5
4506,4504,3,c1,c234,c234,c234,c234,c234,c234,c234,c234
4507,4505,3,c234,c1,c1,c1,c1,c1,c1,c1,c1
4508,4506,2,c5,c5,c5,c5,c5,c5,c5,c5,c234
4510,4508,2,c1,c1,c1,c1,c1,c234,c1,c234,c234
4511,4509,1,c5,c5,c5,c5,c5,c5,c5,c5,c5
4512,4510,3,c1,c234,c234,c234,c234,c234,c234,c234,c5
4513,4511,2,c1,c5,c5,c5,c5,c5,c5,c5,c5
4515,4513,1,c234,c5,c1,c5,c1,c5,c5,c1,c1
4516,4514,3,c234,c1,c1,c1,c1,c5,c1,c1,c5
4517,4515,2,c234,c5,c5,c5,c5,c234,c5,c234,c234
4520,4518,1,c5,c1,c1,c1,c1,c5,c1,c1,c5
4521,4519,3,c1,c5,c5,c5,c5,c5,c5,c5,c5
4522,166,2,c234,c1,c1,c1,c1,c1,c1,c1,c1
4523,4521,1,c234,c234,c234,c234,c234,c234,c234,c234,c234
4524,4522,2,c5,c5,c5,c5,c5,c5,c5,c5,c5
4525,7,3,c1,c5,c5,c5,c5,c5,c5,c5,c5
4528,4526,3,c5,c5,c5,c5,c5,c5,c5,c5,c5
4529,4527,1,c5,c5,c5,c5,c5,c5,c5,c5,c5
4530,4528,2,c1,c1,c1,c1,c1,c1,c1,c1,c1
4531,4529,3,c234,c5,c5,c234,c5,c5,c234,c234,c5
4532,4530,1,c234,c5,c5,c5,c5,c5,c5,c5,c5
4533,4531,2,c1,c234,c234,c234,c234,c234,c234,c234,c234
4534,4532,3,c234,c234,c1,c1,c234,c234,c1,c1,c1
4535,779,1,c1,c1,c1,c1,c1,c1,c1,c1,c1
4537,1458,1,c234,c5,c1,c5,c5,c5,c5,c1,c1
4538,4536,1,c234,c1,c1,c1,c1,c234,c1,c1,c234
4539,4537,3,c1,c5,c5,c5,c5,c5,c5,c5,c5
4540,737,3,c5,c5,c5,c5,c5,c5,c5,c5,c5
4541,4539,2,c5,c234,c234,c234,c234,c234,c234,c234,c234
4542,4540,1,c234,c5,c5,c5,c5,c5,c5,c5,c5
4543,4541,2,c234,c1,c1,c1,c1,c1,c1,c1,c1
4544,4542,3,c234,c1,c1,c1,c1,c1,c1,c1,c1
4546,4544,1,c1,c1,c1,c1,c1,c5,c1,c1,c5
4547,4545,2,c1,c5,c5,c5,c5,c5,c5,c5,c5
4548,4546,3,c1,c5,c234,c5,c234,c234,c234,c234,c234
4549,349,1,c5,c1,c1,c1,c1,c5,c1,c1,c5
4551,4549,1,c5,c5,c5,c5,c5,c5,c5,c5,c5
4552,4550,2,c234,c5,c5,c5,c5,c5,c5,c5,c5
4553,4551,3,c1,c234,c234,c234,c234,c234,c234,c234,c234
4555,4553,1,c234,c234,c234,c234,c234,c1,c234,c234,c1
4556,4554,3,c234,c5,c5,c5,c5,c5,c5,c5,c5
4557,557,1,c234,c1,c1,c1,c1,c1,c1,c1,c1
4558,4556,2,c234,c5,c234,c5,c5,c5,c5,c5,c5
4559,1145,2,c1,c234,c234,c234,c234,c1,c234,c1,c1
4560,4558,1,c5,c234,c234,c234,c234,c234,c234,c234,c234
4561,4559,2,c234,c234,c234,c234,c234,c234,c234,c234,c234
4562,1239,3,c5,c5,c5,c5,c5,c5,c5,c5,c5
4563,36,2,c234,c5,c5,c5,c5,c5,c5,c5,c5
4564,4562,2,c234,c1,c1,c1,c1,c1,c1,c1,c1
4566,4564,3,c1,c234,c234,c234,c234,c234,c234,c234,c234
4567,4565,1,c234,c1,c1,c1,c1,c1,c1,c1,c1
4568,4566,3,c5,c5,c5,c5,c5,c5,c5,c5,c5
4569,4567,1,c1,c5,c5,c5,c5,c5,c5,c5,c5
4571,2957,3,c1,c234,c234,c234,c234,c234,c234,c1,c1
4572,1790,3,c5,c234,c234,c234,c234,c234,c234,c234,c234
4573,4571,3,c234,c234,c234,c234,c234,c5,c234,c234,c5
4574,4572,2,c1,c5,c5,c5,c5,c5,c5,c5,c5
4575,4573,1,c234,c5,c5,c5,c5,c5,c5,c5,c5
4576,1933,2,c1,c234,c234,c234,c234,c234,c234,c234,c234
4577,2908,1,c234,c234,c234,c234,c234,c1,c234,c234,c1
4579,4577,2,c1,c234,c234,c234,c234,c234,c234,c234,c1
4580,4578,3,c1,c5,c5,c5,c5,c5,c5,c5,c5
4581,4579,1,c1,c1,c1,c5,c1,c234,c1,c1,c234
4582,4580,3,c5,c1,c1,c1,c1,c5,c1,c1,c5
4583,4581,2,c5,c234,c234,c234,c234,c234,c234,c234,c234
4584,4582,1,c234,c234,c234,c234,c234,c234,c234,c234,c234
4586,4584,2,c5,c5,c5,c5,c5,c5,c5,c5,c5
4587,4585,3,c234,c1,c1,c1,c1,c1,c1,c1,c1
4588,4586,2,c5,c5,c5,c5,c5,c5,c5,c5,c5
4589,4587,1,c234,c5,c5,c5,c5,c5,c5,c5,c5
4591,4589,3,c234,c234,c234,c234,c234,c234,c234,c234,c5
4592,4590,1,c1,c234,c234,c234,c234,c234,c234,c234,c234
4593,4591,1,c1,c5,c5,c5,c5,c5,c5,c5,c234
4594,4592,3,c1,c5,c5,c5,c5,c5,c5,c5,c5
4595,4593,3,c234,c1,c1,c1,c1,c234,c1,c1,c234
4596,4594,1,c5,c5,c5,c5,c5,c5,c5,c5,c5
4599,4597,3,c234,c1,c1,c1,c1,c234,c1,c1,c234
4600,4598,1,c1,c1,c1,c1,c1,c1,c1,c1,c1
4601,4599,3,c234,c5,c5,c5,c5,c5,c5,c5,c5
4602,4600,3,c234,c234,c234,c234,c234,c234,c234,c234,c234
4604,4602,1,c234,c5,c5,c5,c5,c234,c5,c5,c234
4606,4604,1,c1,c234,c234,c234,c234,c234,c234,c234,c234
4607,4605,2,c234,c5,c5,c5,c5,c5,c5,c5,c5
4608,4606,1,c1,c5,c5,c5,c5,c5,c5,c5,c5
4609,4607,3,c234,c5,c5,c5,c5,c5,c5,c1,c1
4610,4608,2,c234,c5,c5,c5,c5,c5,c5,c5,c5
4611,2957,3,c1,c234,c234,c234,c234,c234,c234,c234,c1
4612,4610,2,c1,c234,c234,c234,c234,c234,c234,c234,c234
4614,4612,3,c1,c5,c5,c5,c1,c5,c5,c1,c5
4615,4613,1,c234,c5,c5,c5,c5,c5,c5,c5,c5
4616,4614,3,c234,c5,c5,c5,c5,c234,c5,c5,c1
4617,4615,1,c234,c5,c5,c5,c5,c5,c5,c5,c5
4619,4617,2,c5,c234,c234,c234,c234,c234,c234,c234,c234
4620,136,1,c1,c1,c1,c1,c1,c1,c1,c1,c1
4621,2317,3,c1,c234,c234,c234,c234,c234,c234,c234,c234
4622,4620,3,c234,c5,c5,c5,c5,c5,c5,c5,c5
4623,4621,1,c1,c234,c234,c234,c234,c234,c234,c234,c234
4625,4623,2,c1,c1,c1,c1,c1,c1,c1,c1,c1
4626,4624,3,c234,c234,c234,c1,c234,c234,c1,c1,c1
4627,4625,1,c1,c1,c1,c1,c1,c1,c1,c1,c1
4629,4627,2,c5,c1,c1,c1,c1,c5,c1,c1,c5
4630,4628,3,c5,c1,c1,c1,c1,c1,c1,c1,c1
4631,4629,1,c5,c5,c5,c5,c5,c5,c5,c5,c5
4632,4630,1,c5,c5,c5,c5,c5,c5,c5,c5,c5
4634,4632,2,c5,c234,c234,c234,c234,c234,c234,c234,c234
4635,4633,3,c234,c234,c234,c234,c234,c234,c234,c234,c234
4636,4634,2,c5,c5,c5,c5,c5,c234,c5,c5,c5
4637,166,2,c234,c1,c1,c1,c1,c1,c1,c1,c1
4638,4636,1,c1,c234,c234,c234,c234,c234,c234,c234,c234
4639,178,2,c1,c1,c1,c1,c1,c1,c1,c1,c1
4641,4639,3,c234,c234,c234,c234,c234,c234,c234,c234,c234
4643,4641,3,c234,c5,c5,c5,c5,c5,c5,c5,c5
4644,16,1,c1,c1,c1,c1,c1,c1,c1,c1,c1
4645,4643,2,c1,c1,c1,c234,c1,c5,c1,c1,c5
4646,4017,3,c1,c234,c234,c234,c234,c234,c234,c234,c234
4647,4645,2,c5,c234,c234,c234,c234,c234,c234,c234,c234
4649,1986,2,c234,c234,c1,c234,c1,c234,c234,c1,c234
4650,4648,1,c1,c5,c5,c5,c5,c5,c5,c5,c5
4651,36,2,c5,c5,c5,c5,c5,c5,c5,c5,c5
4652,4650,3,c1,c1,c1,c1,c1,c1,c1,c1,c1
4653,4651,1,c5,c5,c5,c5,c5,c5,c5,c5,c5
4654,4652,3,c5,c234,c234,c234,c234,c5,c234,c234,c5
4655,4653,2,c1,c1,c1,c1,c1,c1,c1,c1,c1
4656,7,3,c234,c5,c5,c5,c5,c5,c5,c5,c5
4657,4655,2,c5,c234,c234,c234,c234,c234,c234,c234,c234
4658,4550,2,c234,c5,c5,c5,c5,c5,c5,c5,c5
4660,4658,1,c1,c1,c1,c1,c1,c1,c1,c1,c1
4661,4659,3,c234,c5,c5,c5,c5,c5,c5,c5,c5
4662,4660,1,c5,c5,c5,c5,c5,c5,c5,c5,c5
4664,4662,3,c234,c234,c234,c234,c234,c234,c234,c1,c1
4665,4663,2,c5,c1,c1,c1,c1,c1,c1,c1,c1
4666,4664,1,c234,c5,c5,c5,c5,c5,c5,c5,c5
4667,798,2,c5,c1,c1,c1,c1,c1,c1,c1,c1
4668,4666,3,c234,c1,c1,c1,c1,c1,c1,c1,c1
4670,4668,2,c5,c234,c234,c5,c234,c5,c234,c234,c234
4671,4669,1,c1,c1,c5,c5,c5,c5,c1,c5,c5
4672,4670,2,c234,c5,c5,c5,c5,c5,c5,c5,c5
4673,4671,3,c5,c5,c5,c5,c5,c5,c5,c5,c5
4674,1020,2,c5,c1,c234,c1,c1,c5,c1,c1,c1
4675,4673,2,c1,c1,c1,c1,c1,c1,c1,c1,c1
4676,4674,1,c234,c234,c234,c234,c234,c234,c234,c234,c234
4678,272,2,c234,c234,c234,c234,c234,c234,c234,c234,c234
4679,4677,3,c1,c5,c5,c5,c5,c234,c5,c5,c5
4680,4678,1,c1,c1,c1,c1,c1,c1,c1,c1,c1
4683,4681,2,c1,c1,c1,c1,c1,c1,c1,c1,c1
4684,4682,3,c5,c234,c234,c234,c234,c234,c234,c234,c234
4685,4683,1,c1,c1,c1,c1,c1,c234,c1,c1,c1
4686,2106,1,c5,c5,c5,c5,c5,c5,c5,c5,c5
4687,4685,3,c234,c1,c1,c1,c1,c5,c1,c1,c5
4689,4687,2,c1,c5,c234,c5,c5,c234,c5,c234,c234
4690,4688,1,c5,c5,c5,c5,c5,c5,c5,c5,c5
4691,4689,2,c234,c5,c5,c5,c5,c5,c5,c5,c5
4692,4690,3,c5,c5,c5,c5,c5,c5,c5,c5,c5
4694,4692,2,c1,c234,c234,c1,c234,c234,c234,c5,c1
4695,4693,1,c1,c1,c1,c234,c1,c1,c1,c234,c1
4696,4694,1,c5,c1,c5,c1,c1,c5,c1,c1,c5
4697,4695,3,c234,c5,c5,c5,c5,c234,c5,c5,c5
4699,4697,2,c1,c5,c5,c5,c5,c5,c5,c5,c5
4700,4698,1,c234,c1,c1,c1,c1,c1,c1,c1,c1
4701,4699,3,c1,c1,c234,c1,c1,c1,c1,c1,c1
4702,4700,2,c5,c234,c234,c234,c234,c234,c234,c234,c234
4703,4701,3,c5,c234,c234,c234,c234,c234,c234,c234,c234
4704,2344,1,c1,c1,c1,c1,c1,c1,c1,c1,c1
4705,4703,1,c1,c234,c234,c234,c234,c5,c234,c234,c5
4707,4705,1,c5,c234,c234,c234,c234,c234,c234,c234,c5
4708,4706,2,c5,c1,c1,c1,c1,c5,c1,c5,c5
4709,4707,3,c234,c1,c1,c1,c234,c1,c1,c234,c234
4710,4708,2,c5,c5,c5,c5,c5,c5,c5,c5,c5
4712,4710,3,c234,c1,c1,c1,c1,c5,c1,c1,c5
4713,4711,1,c1,c1,c234,c1,c1,c1,c1,c234,c1
4714,4712,1,c234,c5,c5,c5,c5,c5,c5,c5,c5
4715,4713,2,c234,c1,c1,c1,c1,c1,c1,c1,c1
4716,7,3,c234,c5,c5,c5,c5,c5,c5,c5,c5
4717,4715,3,c5,c1,c1,c1,c1,c5,c1,c1,c5
4718,4716,3,c1,c5,c5,c5,c5,c5,c5,c5,c5
4720,4718,1,c1,c5,c5,c5,c5,c5,c5,c5,c5
4721,4719,3,c5,c5,c5,c5,c5,c5,c5,c5,c5
4722,4720,3,c1,c1,c1,c1,c1,c5,c1,c1,c234
4724,1239,3,c1,c5,c5,c5,c5,c5,c5,c5,c5
4725,1808,1,c234,c5,c5,c5,c5,c5,c5,c5,c5
4726,4724,1,c234,c5,c5,c5,c5,c5,c5,c5,c5
4727,4725,1,c234,c5,c5,c5,c5,c5,c5,c5,c5
4728,4726,3,c1,c234,c234,c234,c234,c5,c234,c234,c5
4729,117,3,c1,c1,c1,c1,c1,c1,c1,c1,c1
4731,4729,2,c5,c5,c5,c5,c5,c5,c5,c5,c5
4732,178,2,c1,c234,c234,c234,c234,c5,c234,c234,c234
4733,4731,1,c234,c234,c234,c234,c234,c234,c234,c234,c234
4734,4732,3,c234,c5,c5,c5,c5,c234,c5,c5,c234
4735,4733,3,c234,c5,c5,c5,c5,c5,c5,c5,c5
4736,4734,2,c5,c5,c5,c5,c5,c1,c5,c5,c1
4737,7,3,c1,c5,c5,c5,c5,c5,c5,c5,c5
4738,2365,3,c234,c1,c234,c234,c234,c234,c1,c234,c234
4740,4738,1,c1,c1,c1,c1,c1,c1,c1,c1,c1
4741,4739,2,c5,c5,c5,c5,c5,c5,c5,c5,c5
4742,4740,1,c1,c1,c1,c1,c1,c1,c1,c1,c1
4743,4741,2,c1,c5,c5,c5,c5,c5,c5,c5,c5
4745,4743,3,c5,c5,c5,c5,c5,c5,c5,c5,c5
4746,4744,3,c5,c5,c5,c5,c5,c5,c5,c5,c5
4747,4745,1,c1,c5,c5,c5,c5,c5,c5,c5,c5
4748,4746,2,c5,c234,c234,c234,c234,c234,c234,c1,c1
4749,25,1,c234,c234,c234,c234,c234,c234,c234,c234,c234
4750,4748,3,c5,c5,c5,c5,c5,c5,c5,c5,c5
4751,274,3,c234,c5,c5,c1,c5,c1,c1,c1,c1
4752,1145,2,c1,c234,c1,c234,c234,c1,c1,c1,c1
4754,4752,1,c5,c1,c1,c234,c1,c234,c1,c1,c5
4755,4753,2,c5,c5,c5,c5,c5,c5,c5,c5,c5
4756,4754,3,c234,c1,c1,c1,c1,c1,c1,c1,c1
4758,36,2,c1,c5,c5,c5,c5,c5,c5,c5,c5
4760,4758,1,c5,c234,c234,c234,c234,c5,c234,c234,c5
4761,4759,2,c5,c5,c5,c5,c5,c5,c5,c5,c5
4762,4760,3,c234,c5,c5,c5,c5,c5,c5,c5,c5
4763,4761,2,c234,c234,c234,c234,c234,c234,c234,c234,c234
4764,3035,2,c1,c5,c1,c5,c5,c5,c1,c1,c1
4765,4763,1,c5,c5,c5,c5,c5,c5,c5,c5,c5
4766,4764,3,c234,c234,c234,c234,c234,c234,c234,c234,c234
4768,4766,1,c1,c234,c234,c234,c234,c1,c234,c234,c1
4769,4767,2,c1,c1,c1,c1,c1,c5,c1,c234,c5
4770,4768,1,c1,c1,c1,c1,c1,c1,c1,c1,c1
4772,4770,3,c5,c1,c1,c1,c1,c1,c1,c1,c1
4773,4771,2,c234,c1,c1,c1,c1,c1,c1,c1,c1
4774,16,1,c1,c1,c1,c1,c1,c1,c1,c1,c1
4775,4773,3,c1,c5,c5,c5,c5,c5,c5,c5,c5
4776,4774,1,c5,c5,c5,c5,c5,c5,c5,c5,c5
4777,735,1,c1,c5,c5,c5,c5,c5,c5,c5,c5
4778,1579,1,c234,c5,c234,c5,c5,c5,c5,c5,c5
4779,4777,3,c1,c234,c234,c234,c234,c234,c234,c234,c234
4780,16,1,c1,c1,c1,c1,c1,c1,c1,c1,c1
4782,4780,1,c5,c5,c5,c5,c5,c5,c5,c5,c5
4783,4781,2,c1,c234,c234,c234,c234,c5,c234,c234,c5
4784,4782,1,c234,c5,c5,c5,c5,c5,c5,c5,c5
4785,91,3,c1,c1,c1,c1,c1,c1,c1,c1,c1
4786,4784,3,c234,c234,c234,c234,c234,c234,c234,c234,c234
4788,4786,2,c5,c234,c234,c234,c234,c234,c234,c234,c234
4789,4787,2,c234,c5,c1,c1,c1,c5,c5,c1,c1
4790,4788,1,c234,c234,c234,c234,c5,c234,c234,c5,c5
4791,4789,3,c1,c234,c234,c234,c234,c5,c234,c234,c1
4794,4792,2,c234,c5,c5,c234,c5,c5,c5,c234,c5
4795,4793,1,c234,c1,c1,c1,c1,c5,c1,c1,c5
4796,4794,3,c5,c5,c5,c5,c5,c5,c5,c5,c5
4797,4795,3,c5,c5,c1,c5,c5,c5,c5,c5,c5
4798,4796,1,c234,c5,c5,c5,c5,c5,c5,c5,c5
4800,4798,2,c234,c5,c5,c5,c5,c5,c5,c5,c234
4801,4799,1,c234,c1,c1,c1,c1,c1,c1,c1,c1
4802,4800,2,c5,c5,c5,c5,c5,c5,c5,c5,c5
4803,16,1,c1,c1,c1,c1,c1,c1,c1,c1,c1
4805,4803,2,c1,c1,c1,c1,c1,c1,c1,c1,c1
4806,4804,3,c5,c234,c1,c1,c1,c234,c234,c1,c234
4807,4805,1,c1,c1,c1,c1,c1,c234,c1,c1,c234
4808,349,1,c1,c1,c1,c1,c1,c5,c1,c1,c5
4809,4807,2,c5,c234,c234,c234,c234,c5,c234,c234,c5
4810,4808,3,c1,c5,c5,c5,c5,c234,c5,c5,c234
4812,4810,2,c5,c5,c5,c5,c234,c234,c5,c234,c234
4813,4811,3,c1,c5,c5,c5,c5,c5,c5,c5,c5
4814,4812,1,c1,c1,c1,c1,c1,c1,c1,c1,c1
4816,4814,1,c1,c234,c234,c234,c234,c234,c234,c234,c234
4817,4815,2,c5,c234,c234,c234,c234,c234,c234,c234,c234
4818,4816,3,c5,c5,c5,c5,c5,c5,c5,c5,c5
4819,4817,1,c5,c5,c1,c1,c5,c1,c5,c1,c1
4821,4819,2,c5,c234,c234,c234,c234,c234,c234,c234,c234
4822,271,1,c234,c1,c1,c1,c1,c1,c1,c1,c1
4823,4821,3,c1,c5,c1,c1,c5,c5,c5,c5,c5
4824,4822,2,c234,c5,c1,c5,c5,c5,c5,c1,c5
4825,4823,1,c234,c1,c1,c1,c1,c1,c1,c1,c234
4827,4825,3,c5,c5,c1,c5,c1,c5,c5,c1,c5
4829,4827,3,c1,c234,c234,c234,c234,c234,c234,c234,c234
4830,729,1,c234,c234,c234,c234,c234,c5,c234,c234,c5
4831,4829,1,c1,c234,c1,c234,c234,c234,c234,c1,c1
4832,504,2,c1,c1,c1,c1,c1,c1,c1,c1,c1
4833,4831,2,c1,c1,c1,c1,c1,c1,c1,c1,c1
4836,4834,1,c234,c5,c5,c1,c1,c234,c5,c5,c234
4837,4835,2,c5,c5,c5,c5,c5,c5,c5,c5,c5
4838,3258,2,c234,c5,c5,c1,c5,c5,c5,c5,c5
4839,4837,3,c5,c5,c5,c5,c5,c5,c5,c5,c5
4840,4838,1,c1,c234,c234,c234,c234,c5,c234,c234,c5
4841,4839,1,c5,c5,c5,c5,c5,c5,c5,c5,c5
4843,1283,2,c234,c234,c234,c5,c5,c234,c5,c5,c5
4844,4842,2,c5,c5,c5,c5,c5,c5,c5,c5,c5
4846,4844,3,c5,c5,c5,c5,c5,c5,c5,c5,c5
4847,4845,1,c5,c234,c234,c234,c234,c234,c234,c234,c234
4848,4846,2,c234,c234,c234,c234,c234,c234,c234,c234,c234
4849,4847,3,c5,c5,c5,c5,c5,c5,c5,c5,c5
4851,7,3,c234,c1,c5,c1,c1,c5,c1,c5,c5
4852,457,1,c234,c234,c234,c234,c234,c234,c234,c234,c234
4853,4851,1,c5,c5,c1,c5,c1,c5,c5,c1,c5
4854,4852,2,c5,c5,c5,c5,c5,c5,c5,c5,c5
4855,4853,3,c1,c234,c234,c1,c1,c234,c1,c1,c1
4857,4855,2,c5,c5,c5,c5,c5,c5,c5,c5,c5
4858,989,1,c5,c1,c234,c1,c234,c234,c1,c1,c234
4859,4857,1,c234,c5,c5,c5,c5,c5,c5,c5,c5
4860,4858,3,c5,c5,c5,c5,c5,c5,c5,c5,c5
4861,4859,3,c1,c1,c1,c1,c1,c1,c1,c1,c1
4862,4860,1,c1,c234,c234,c234,c234,c234,c234,c234,c234
4863,4861,2,c234,c234,c234,c234,c1,c5,c234,c1,c5
4864,4862,1,c234,c5,c5,c5,c5,c5,c5,c5,c1
4865,4863,2,c234,c1,c1,c1,c1,c1,c1,c1,c1
4867,4865,3,c1,c234,c234,c234,c234,c234,c234,c234,c5
4869,7,3,c5,c5,c5,c5,c5,c5,c5,c5,c5
4870,4868,1,c5,c5,c5,c5,c5,c5,c5,c5,c5
4871,4869,3,c5,c1,c1,c1,c1,c1,c1,c1,c1
4872,194,1,c1,c5,c5,c5,c5,c5,c5,c5,c5
4873,4871,2,c1,c234,c5,c234,c234,c5,c234,c5,c5
4874,4872,1,c234,c5,c5,c5,c5,c5,c5,c5,c234
4875,4873,2,c234,c1,c1,c1,c1,c5,c1,c1,c5
4877,4875,3,c1,c234,c234,c234,c234,c234,c234,c5,c5
4878,4876,1,c5,c5,c5,c5,c5,c5,c5,c5,c5
4879,36,2,c1,c5,c5,c5,c5,c5,c5,c5,c5
4882,4880,3,c5,c234,c234,c234,c234,c5,c234,c234,c5
4883,4881,2,c234,c234,c5,c234,c234,c5,c5,c5,c5
4884,4882,1,c1,c234,c234,c234,c234,c5,c234,c234,c5
4885,1145,2,c1,c1,c1,c1,c1,c1,c1,c1,c1
4886,2753,2,c1,c234,c234,c234,c234,c234,c234,c234,c234
4887,4885,1,c234,c5,c5,c5,c5,c234,c5,c5,c234
4889,4887,2,c5,c5,c5,c5,c5,c5,c5,c5,c5
4890,349,1,c234,c1,c1,c1,c1,c5,c1,c1,c5
4891,7,3,c234,c5,c5,c5,c5,c5,c5,c5,c5
4892,4890,3,c5,c5,c5,c5,c5,c5,c5,c5,c234
4893,4891,2,c234,c234,c234,c234,c234,c5,c234,c234,c5
4894,474,3,c1,c5,c5,c5,c5,c5,c5,c5,c5
4895,4893,3,c234,c234,c234,c234,c234,c234,c234,c234,c234
4897,4895,2,c1,c234,c234,c234,c234,c234,c234,c234,c5
4898,4896,1,c5,c5,c5,c5,c5,c5,c5,c5,c5
4899,4897,3,c234,c5,c5,c5,c5,c5,c5,c234,c5
4900,4898,3,c5,c1,c1,c1,c1,c1,c1,c1,c1
4901,4899,1,c1,c1,c1,c1,c1,c5,c1,c1,c5
4902,1020,2,c1,c1,c234,c1,c1,c5,c1,c1,c1
4904,4902,2,c5,c5,c5,c5,c5,c5,c5,c5,c5
4905,16,1,c1,c1,c1,c1,c1,c1,c1,c1,c1
4906,4904,1,c1,c5,c5,c5,c234,c234,c5,c234,c234
4907,94,1,c234,c234,c234,c234,c234,c234,c234,c5,c234
4908,349,1,c234,c1,c1,c1,c1,c5,c1,c1,c5
4909,2365,3,c1,c1,c234,c234,c1,c234,c1,c234,c234
4910,4908,2,c5,c5,c5,c5,c5,c5,c5,c5,c5
4911,4909,3,c5,c5,c5,c5,c5,c5,c5,c5,c5
4913,4911,3,c5,c5,c5,c5,c5,c5,c5,c5,c5
4914,4912,1,c234,c234,c234,c234,c234,c5,c234,c234,c5
4915,4913,2,c5,c5,c5,c5,c5,c5,c5,c5,c5
4916,4914,1,c5,c234,c234,c234,c234,c234,c234,c234,c5
4917,36,2,c5,c5,c5,c5,c5,c5,c5,c5,c5
4918,4916,3,c234,c234,c234,c234,c234,c234,c234,c234,c234
4920,4918,2,c234,c1,c1,c1,c1,c5,c1,c1,c5
4921,4919,2,c234,c5,c234,c5,c234,c234,c5,c5,c234
4922,4920,1,c1,c1,c1,c1,c234,c234,c1,c234,c234
4923,581,3,c1,c1,c1,c1,c1,c1,c1,c1,c1
4924,4922,3,c1,c234,c234,c1,c234,c1,c234,c1,c234
4925,36,2,c1,c5,c5,c5,c5,c5,c5,c5,c5
4927,4925,1,c5,c234,c234,c234,c234,c234,c234,c234,c234
4928,4926,2,c1,c5,c5,c1,c5,c1,c5,c1,c1
4929,4927,3,c234,c234,c234,c234,c234,c234,c234,c234,c1
4931,4929,2,c234,c234,c234,c234,c234,c234,c234,c234,c234
4932,4930,1,c1,c1,c1,c1,c1,c1,c1,c1,c1
4933,4931,3,c5,c1,c1,c1,c1,c1,c1,c1,c1
4935,7,3,c1,c5,c5,c5,c5,c5,c5,c5,c5
4936,4934,1,c5,c234,c234,c234,c234,c5,c234,c234,c5
4937,946,1,c5,c5,c1,c5,c1,c5,c5,c1,c5
4938,4936,2,c234,c5,c5,c5,c5,c5,c5,c5,c5
4939,284,3,c1,c5,c5,c1,c5,c5,c5,c1,c5
4940,126,1,c234,c1,c1,c1,c1,c5,c1,c1,c1
4941,4491,2,c5,c234,c234,c234,c234,c234,c234,c234,c1
4942,4940,3,c1,c234,c234,c234,c234,c5,c234,c234,c5
4943,4941,1,c234,c1,c1,c1,c1,c1,c1,c1,c1
4945,4943,2,c234,c234,c234,c234,c234,c234,c5,c234,c234
4946,4944,3,c1,c1,c1,c1,c1,c234,c1,c1,c1
4948,4946,1,c1,c5,c5,c5,c5,c5,c5,c5,c5
4949,4947,2,c5,c1,c1,c1,c1,c234,c1,c1,c1
4951,4949,3,c5,c5,c5,c5,c5,c5,c5,c5,c5
4952,4950,2,c234,c5,c5,c5,c5,c5,c5,c5,c5
4953,4951,1,c234,c1,c1,c1,c1,c1,c1,c1,c1
4954,4952,3,c1,c234,c234,c234,c234,c5,c5,c5,c5
4955,4953,1,c234,c5,c5,c5,c5,c5,c5,c5,c5
4958,4956,2,c5,c234,c234,c234,c234,c234,c234,c234,c234
4959,4957,3,c234,c5,c5,c5,c5,c5,c5,c5,c5
4960,4958,1,c234,c234,c5,c5,c234,c234,c234,c5,c234
4961,4959,3,c1,c1,c1,c1,c1,c1,c1,c1,c1
4962,4960,2,c234,c5,c5,c5,c5,c5,c5,c1,c5
4963,33,3,c1,c1,c1,c1,c1,c1,c1,c1,c1
4964,4962,3,c234,c1,c1,c1,c1,c1,c1,c1,c1
4966,4964,2,c5,c234,c234,c234,c234,c234,c234,c234,c234
4967,4965,1,c234,c5,c5,c5,c5,c5,c5,c5,c5
4970,4968,1,c1,c234,c1,c234,c234,c1,c234,c234,c1
4971,4969,2,c234,c5,c5,c5,c5,c5,c5,c5,c5
4972,4970,1,c1,c1,c1,c1,c1,c1,c1,c1,c1
4973,4971,3,c234,c234,c1,c234,c234,c234,c234,c1,c1
4974,4972,2,c1,c234,c234,c234,c234,c234,c234,c234,c234
4977,513,2,c5,c234,c5,c234,c234,c5,c234,c5,c5
4978,4976,3,c5,c1,c1,c234,c1,c5,c1,c234,c234
4979,4977,1,c5,c234,c5,c234,c5,c5,c5,c5,c5
4980,4978,2,c1,c1,c1,c1,c1,c1,c1,c1,c1
4981,4979,3,c1,c1,c1,c1,c1,c1,c1,c1,c234
4982,4980,1,c234,c1,c1,c1,c1,c234,c1,c234,c234
4984,4982,1,c234,c5,c5,c5,c5,c5,c5,c5,c5
4985,4983,3,c234,c234,c234,c234,c234,c234,c234,c234,c234
4986,4984,2,c234,c5,c5,c5,c5,c5,c5,c5,c5
4987,4985,1,c5,c1,c1,c1,c1,c5,c1,c1,c5
4989,4987,1,c5,c5,c5,c5,c5,c5,c5,c5,c5
4990,4988,2,c1,c234,c234,c234,c234,c234,c234,c5,c5
4991,4989,3,c5,c5,c5,c5,c5,c5,c5,c5,c5
4993,4991,3,c234,c1,c1,c1,c1,c234,c1,c1,c234
4994,4992,2,c234,c5,c5,c5,c5,c5,c5,c5,c5
4995,4993,1,c5,c234,c234,c234,c234,c234,c234,c234,c234
4996,770,2,c234,c234,c234,c234,c234,c234,c234,c234,c234
4997,4995,2,c1,c5,c5,c5,c5,c5,c5,c5,c5
4999,4997,3,c234,c1,c5,c1,c5,c5,c1,c5,c5
5000,4998,1,c5,c234,c234,c234,c234,c234,c234,c234,c234
5001,4999,3,c5,c234,c234,c234,c234,c234,c234,c234,c234
5003,557,1,c1,c1,c1,c1,c1,c1,c1,c1,c1
5004,5002,2,c5,c234,c234,c234,c234,c234,c234,c234,c234
5005,5003,2,c1,c1,c1,c1,c1,c234,c1,c1,c1
5006,755,2,c1,c1,c1,c1,c1,c1,c1,c1,c1
5008,5006,1,c1,c234,c5,c234,c234,c5,c234,c5,c5
5009,5007,3,c5,c5,c5,c5,c5,c5,c5,c5,c1
5010,5008,1,c234,c5,c5,c5,c5,c5,c5,c5,c5
5011,513,2,c1,c234,c5,c234,c234,c5,c234,c5,c5
5012,5010,2,c234,c5,c5,c5,c5,c5,c5,c5,c5
5014,5012,3,c5,c5,c5,c5,c5,c5,c5,c5,c5
5015,5013,1,c234,c234,c234,c234,c234,c234,c234,c234,c234
5017,16,1,c1,c1,c1,c1,c1,c1,c1,c1,c1
5018,5016,3,c234,c234,c234,c234,c234,c234,c234,c234,c234
5019,5017,2,c1,c234,c234,c234,c234,c1,c1,c1,c1
5020,5018,3,c1,c1,c1,c1,c1,c234,c1,c1,c5
5021,194,1,c5,c5,c5,c5,c5,c5,c5,c5,c5
5022,5020,1,c5,c5,c5,c5,c5,c5,c5,c5,c5
5023,5021,3,c5,c5,c5,c5,c5,c5,c5,c5,c5
5025,1926,3,c5,c5,c5,c5,c5,c5,c5,c5,c1
5026,5024,2,c5,c5,c5,c5,c5,c5,c5,c5,c5
5027,5025,1,c5,c5,c5,c5,c5,c5,c5,c5,c5
5028,5026,1,c1,c5,c5,c5,c1,c5,c5,c5,c5
5029,2366,3,c1,c5,c5,c5,c5,c234,c5,c5,c234
5030,16,1,c1,c1,c1,c1,c1,c1,c1,c1,c1
5031,5029,2,c1,c234,c234,c234,c234,c5,c234,c234,c5
5033,5031,3,c5,c1,c1,c1,c1,c234,c1,c1,c234
5034,5032,3,c1,c234,c234,c234,c1,c1,c1,c1,c1
5035,5033,2,c1,c5,c5,c1,c1,c5,c5,c1,c1
5037,5035,2,c5,c1,c1,c1,c1,c1,c1,c1,c1
5038,5036,1,c1,c1,c1,c1,c1,c1,c1,c1,c1
5039,5037,3,c1,c234,c234,c1,c234,c5,c234,c234,c5
5040,5038,2,c5,c5,c5,c5,c5,c5,c5,c5,c5
5041,5039,3,c5,c1,c1,c1,c234,c1,c1,c234,c234
5043,5041,1,c1,c1,c1,c1,c1,c1,c1,c1,c1
5044,271,1,c234,c1,c1,c1,c1,c1,c1,c1,c1
5045,5043,1,c234,c1,c1,c1,c1,c1,c1,c1,c1
5046,5044,2,c1,c5,c5,c5,c5,c5,c5,c5,c5
5047,5045,3,c234,c234,c5,c5,c234,c5,c234,c234,c5
5048,5046,1,c5,c5,c5,c5,c5,c5,c5,c5,c5
5050,5048,3,c1,c5,c5,c5,c5,c5,c5,c5,c5
5051,5049,2,c5,c234,c234,c234,c234,c234,c234,c234,c234
5052,5050,3,c5,c5,c5,c5,c5,c5,c5,c5,c5
5054,5052,1,c5,c5,c5,c5,c234,c234,c5,c5,c234
5055,5053,2,c5,c234,c234,c5,c5,c5,c234,c5,c5
5056,5054,3,c234,c234,c234,c234,c234,c234,c234,c234,c234
5058,5056,1,c1,c1,c1,c1,c1,c1,c1,c1,c1
5059,5057,2,c234,c5,c234,c5,c5,c5,c5,c234,c5
5060,5058,1,c1,c234,c234,c234,c234,c234,c234,c234,c234
5061,5059,3,c234,c234,c5,c1,c234,c234,c234,c1,c1
5063,16,1,c1,c1,c1,c1,c1,c1,c1,c1,c1
5064,5062,2,c234,c5,c234,c5,c5,c234,c5,c5,c234
5065,5063,3,c5,c5,c5,c5,c5,c5,c5,c5,c5
5066,5064,1,c234,c1,c1,c1,c1,c1,c1,c1,c1
5068,5066,3,c234,c5,c5,c5,c5,c5,c5,c5,c5
5069,5067,2,c1,c234,c234,c234,c234,c234,c234,c1,c1
5070,36,2,c1,c5,c5,c5,c5,c5,c5,c5,c5
5071,5069,3,c234,c1,c1,c1,c1,c1,c1,c1,c1
5072,5070,1,c234,c1,c1,c1,c1,c1,c1,c1,c234
5074,5072,2,c234,c5,c234,c234,c5,c5,c234,c5,c5
5076,5074,1,c1,c234,c234,c234,c234,c5,c234,c234,c5
5077,5075,3,c234,c5,c5,c5,c5,c5,c5,c5,c5
5078,5076,1,c5,c234,c234,c234,c234,c234,c234,c234,c234
5079,5077,1,c234,c234,c234,c234,c234,c234,c234,c234,c234
5081,5079,2,c234,c234,c234,c234,c234,c234,c234,c234,c234
5082,5080,3,c5,c234,c1,c234,c234,c234,c234,c234,c234
5084,4987,1,c5,c5,c5,c5,c5,c5,c5,c5,c5
5085,5083,1,c1,c1,c1,c1,c1,c5,c1,c1,c5
5086,5084,2,c1,c234,c234,c234,c234,c234,c234,c234,c1
5087,3074,1,c1,c5,c5,c5,c234,c5,c5,c5,c5
5089,5087,2,c1,c234,c234,c234,c234,c234,c234,c234,c234
5090,5088,3,c1,c5,c5,c5,c5,c5,c5,c5,c5
5091,5089,2,c234,c234,c234,c234,c234,c234,c234,c234,c234
5092,5090,1,c234,c5,c5,c5,c5,c5,c5,c5,c1
5093,5091,3,c5,c5,c5,c234,c5,c5,c5,c5,c5
5095,5093,2,c234,c234,c234,c234,c234,c234,c234,c234,c234
5096,408,1,c5,c234,c5,c234,c234,c5,c234,c234,c5
5097,5095,1,c1,c1,c1,c1,c1,c1,c1,c5,c234
5098,5096,3,c234,c5,c5,c5,c5,c5,c5,c5,c5
5099,5097,1,c5,c5,c5,c5,c5,c234,c5,c5,c234
5101,16,1,c234,c1,c1,c1,c1,c1,c1,c1,c1
5104,271,1,c234,c1,c1,c1,c1,c1,c1,c1,c1
5105,5103,1,c5,c1,c1,c1,c1,c5,c1,c1,c1
5106,5104,3,c1,c1,c1,c1,c1,c1,c1,c1,c1
5107,5105,2,c234,c5,c5,c5,c5,c5,c5,c5,c5
5108,5106,2,c234,c234,c5,c5,c5,c234,c234,c5,c234
5109,5107,3,c5,c234,c234,c234,c234,c234,c234,c234,c234
5110,16,1,c234,c1,c1,c1,c1,c1,c1,c1,c1
5111,2366,3,c1,c1,c1,c5,c1,c234,c5,c1,c234
5112,5110,1,c1,c234,c234,c234,c234,c234,c234,c234,c1
5113,4766,1,c1,c234,c234,c234,c234,c1,c234,c234,c1
5114,3202,1,c234,c5,c5,c5,c5,c5,c5,c5,c5
5115,5113,2,c5,c234,c234,c234,c234,c234,c234,c234,c234
5116,5114,3,c5,c1,c1,c234,c1,c1,c1,c1,c1
5117,5115,1,c1,c1,c1,c1,c1,c234,c1,c1,c234
5118,4009,1,c1,c1,c1,c1,c1,c1,c1,c1,c1
5120,5118,2,c5,c5,c5,c5,c5,c5,c5,c5,c5
5121,5119,2,c234,c5,c5,c5,c5,c5,c5,c5,c5
5122,5120,1,c5,c5,c5,c5,c5,c5,c5,c5,c5
5123,5121,3,c5,c1,c1,c1,c1,c5,c1,c1,c5
5124,5122,1,c234,c5,c5,c5,c5,c5,c5,c5,c5
5125,4744,3,c5,c5,c5,c5,c5,c5,c5,c5,c5
5126,5124,3,c1,c5,c5,c5,c5,c5,c5,c5,c234
5127,5125,1,c234,c1,c1,c234,c1,c234,c1,c234,c234
5128,5126,2,c5,c5,c5,c5,c5,c5,c5,c5,c5
5129,5127,3,c234,c5,c5,c5,c5,c5,c5,c5,c5
5131,5129,1,c5,c5,c5,c5,c5,c5,c5,c5,c5
5132,5130,2,c234,c5,c5,c5,c5,c5,c5,c5,c1
5133,5131,3,c234,c234,c234,c234,c234,c234,c234,c234,c234
5135,5133,3,c234,c234,c234,c234,c234,c234,c234,c234,c234
5136,5134,1,c5,c1,c1,c1,c1,c1,c1,c1,c1
5137,5135,2,c1,c1,c1,c1,c1,c5,c1,c1,c5
5138,5136,1,c5,c5,c234,c5,c5,c5,c5,c234,c5
5139,5137,3,c1,c1,c1,c1,c1,c1,c1,c1,c1
5140,5138,1,c1,c1,c1,c1,c1,c5,c1,c1,c5
5142,713,2,c5,c5,c5,c5,c5,c5,c5,c5,c5
5143,5141,2,c1,c1,c1,c1,c1,c234,c1,c1,c234
5145,5143,2,c5,c5,c5,c5,c5,c1,c5,c5,c234
5146,5144,2,c1,c5,c5,c5,c5,c5,c5,c5,c5
5148,5146,3,c1,c5,c5,c234,c5,c234,c5,c234,c234
5149,5147,1,c234,c1,c1,c1,c1,c1,c1,c1,c1
5150,5148,3,c234,c1,c1,c1,c1,c234,c1,c1,c234
5151,5149,2,c5,c234,c234,c234,c234,c234,c234,c234,c234
5152,2317,3,c234,c234,c234,c234,c234,c234,c234,c234,c234
5154,5152,1,c234,c234,c234,c5,c234,c234,c234,c5,c234
5155,5153,2,c234,c5,c1,c5,c5,c234,c5,c1,c234
5156,5154,3,c234,c234,c234,c234,c234,c5,c234,c234,c5
5157,5155,1,c234,c5,c5,c5,c5,c5,c5,c5,c5
5158,5156,2,c5,c5,c5,c5,c5,c5,c5,c5,c5
5160,5158,3,c5,c5,c5,c5,c5,c5,c5,c5,c5
5161,5159,1,c234,c5,c5,c5,c5,c5,c5,c5,c5
5162,5160,2,c234,c5,c234,c234,c5,c5,c5,c234,c5
5163,5161,3,c5,c5,c5,c5,c5,c5,c5,c5,c5
5165,5163,1,c234,c1,c1,c1,c1,c234,c1,c1,c234
5166,4491,2,c234,c234,c234,c234,c234,c234,c234,c234,c1
5167,5165,2,c5,c234,c234,c234,c234,c234,c234,c234,c234
5168,5166,3,c1,c1,c1,c1,c1,c1,c1,c1,c1
5170,5168,1,c234,c1,c1,c1,c1,c234,c1,c1,c234
5171,5169,2,c234,c234,c234,c234,c234,c234,c234,c234,c234
5172,5170,3,c1,c1,c1,c1,c1,c1,c1,c1,c1
5173,5171,2,c234,c234,c234,c234,c234,c234,c234,c234,c234
5174,5172,1,c5,c5,c5,c5,c5,c5,c5,c5,c5
5177,5175,3,c5,c234,c234,c234,c234,c234,c234,c234,c5
5178,5176,3,c234,c234,c234,c234,c234,c234,c234,c234,c234
5179,5177,1,c1,c234,c234,c234,c234,c234,c234,c5,c5
5180,5178,2,c1,c5,c5,c5,c5,c5,c5,c5,c5
5181,5179,2,c1,c1,c5,c1,c1,c5,c1,c1,c5
5183,5181,1,c234,c234,c234,c234,c234,c234,c234,c234,c5
5184,5182,3,c234,c5,c5,c5,c5,c5,c5,c5,c5
5185,194,1,c1,c5,c5,c5,c5,c5,c5,c5,c5
5186,5184,2,c1,c5,c5,c5,c5,c5,c5,c5,c5
5187,5185,1,c1,c234,c234,c234,c234,c234,c234,c234,c234
5189,5187,3,c234,c1,c1,c1,c1,c1,c1,c1,c1
5190,5188,3,c234,c234,c234,c234,c234,c234,c234,c234,c234
5191,5189,1,c5,c5,c5,c1,c5,c5,c5,c1,c5
5192,5190,2,c234,c234,c234,c234,c234,c234,c234,c234,c234
5194,5192,1,c1,c1,c1,c1,c1,c5,c1,c1,c5
5195,5193,2,c234,c1,c1,c234,c234,c234,c234,c234,c234
5196,5194,2,c1,c5,c5,c5,c5,c5,c5,c5,c5
5198,5196,3,c5,c5,c5,c5,c5,c234,c5,c5,c1
5199,5197,1,c1,c234,c234,c234,c234,c5,c234,c5,c5
5201,5199,3,c1,c1,c1,c1,c1,c1,c1,c1,c1
5202,5200,3,c234,c5,c5,c5,c5,c5,c5,c5,c5
5203,1020,2,c1,c1,c234,c1,c1,c5,c1,c1,c1
5204,5202,1,c5,c234,c234,c234,c234,c234,c234,c234,c234
5205,5203,2,c5,c234,c234,c234,c234,c234,c234,c234,c234
5206,5204,1,c1,c234,c1,c234,c234,c234,c234,c234,c234
5207,5205,2,c1,c5,c5,c5,c5,c5,c5,c5,c5
5208,2793,1,c234,c234,c234,c234,c234,c5,c234,c1,c5
5211,5209,2,c234,c5,c5,c234,c5,c234,c5,c234,c234
5212,5210,3,c1,c5,c5,c5,c234,c234,c5,c5,c234
5213,5211,1,c1,c5,c5,c5,c5,c234,c5,c5,c234
5214,5212,3,c234,c5,c5,c5,c5,c5,c5,c5,c5
5216,36,2,c1,c5,c5,c5,c5,c5,c5,c5,c5
5217,5215,1,c234,c1,c1,c1,c234,c1,c1,c234,c234
5218,5216,2,c5,c5,c5,c5,c5,c1,c5,c1,c1
5219,5217,3,c5,c1,c1,c1,c1,c5,c1,c1,c5
5221,5219,2,c234,c5,c5,c5,c5,c1,c5,c5,c1
5222,5220,1,c5,c5,c5,c5,c5,c5,c5,c5,c5
5223,2734,2,c5,c1,c1,c1,c1,c1,c1,c1,c1
5224,5222,3,c5,c5,c5,c5,c5,c5,c5,c5,c5
5225,1212,3,c5,c1,c1,c1,c1,c1,c1,c1,c1
5226,5224,1,c1,c5,c5,c5,c5,c5,c5,c5,c5
5228,5226,2,c5,c1,c1,c1,c1,c5,c1,c1,c234
5230,5228,3,c1,c1,c1,c1,c1,c1,c1,c1,c1
5231,5229,2,c5,c1,c1,c1,c1,c1,c1,c1,c1
5232,5230,1,c5,c5,c5,c5,c5,c5,c5,c5,c5
5234,5232,3,c234,c234,c5,c234,c234,c5,c234,c234,c5
5235,36,2,c5,c5,c5,c5,c5,c5,c5,c5,c5
5236,5234,1,c5,c1,c1,c1,c1,c1,c1,c1,c1
5238,5236,1,c1,c234,c234,c5,c234,c234,c234,c5,c234
5239,5237,2,c1,c5,c5,c234,c234,c5,c5,c234,c5
5240,5238,3,c234,c234,c234,c234,c5,c5,c234,c234,c5
5242,5240,1,c234,c234,c234,c234,c234,c5,c234,c234,c5
5243,36,2,c1,c5,c5,c5,c5,c5,c5,c5,c5
5244,5242,2,c1,c5,c5,c5,c5,c234,c5,c5,c234
5245,5243,3,c5,c1,c1,c5,c5,c5,c1,c1,c1
5246,5244,1,c1,c5,c5,c5,c5,c5,c5,c5,c1
5248,474,3,c1,c5,c5,c5,c5,c5,c5,c5,c5
5249,5247,3,c5,c5,c1,c5,c5,c234,c1,c5,c5
5250,2753,2,c1,c234,c234,c234,c234,c234,c234,c234,c234
5251,5249,2,c5,c5,c5,c5,c5,c5,c5,c5,c5
5253,5251,3,c234,c234,c234,c234,c234,c234,c234,c234,c234
5254,5252,1,c5,c5,c5,c5,c5,c5,c5,c5,c5
5255,5253,2,c234,c1,c1,c1,c1,c5,c1,c1,c5
5256,5254,3,c1,c5,c5,c5,c5,c5,c5,c5,c5
5258,3888,2,c1,c5,c234,c234,c5,c234,c5,c234,c234
5259,5257,2,c234,c234,c234,c234,c234,c5,c234,c234,c5
5260,3,3,c1,c1,c1,c1,c1,c1,c1,c1,c1
5261,5259,3,c5,c5,c5,c5,c5,c5,c5,c5,c5
5262,5260,1,c1,c5,c5,c5,c5,c5,c234,c234,c5
5263,5261,3,c5,c5,c5,c5,c5,c5,c5,c5,c5
5264,5262,1,c1,c5,c5,c5,c5,c5,c5,c5,c5
5265,675,1,c1,c1,c1,c5,c1,c1,c1,c1,c1
5266,5264,2,c5,c234,c234,c234,c234,c5,c234,c234,c5
5267,5265,1,c5,c5,c5,c5,c5,c5,c5,c5,c5
5268,16,1,c1,c1,c1,c1,c1,c1,c1,c1,c1
5269,5267,2,c234,c1,c1,c1,c1,c5,c1,c1,c5
5270,1172,2,c5,c1,c1,c5,c1,c1,c1,c5,c1
5272,240,1,c5,c234,c234,c234,c234,c1,c234,c1,c1
5274,5272,2,c1,c234,c234,c234,c234,c5,c234,c234,c5
5275,5273,3,c5,c1,c1,c1,c1,c5,c1,c5,c5
5276,5274,1,c5,c5,c5,c5,c5,c5,c5,c5,c5
5278,5276,3,c5,c5,c5,c5,c5,c5,c5,c5,c5
5279,5277,2,c1,c5,c5,c5,c5,c5,c5,c5,c5
5281,178,2,c234,c1,c1,c1,c1,c1,c1,c1,c1
5282,5280,1,c5,c1,c1,c1,c1,c1,c1,c1,c1
5283,5281,1,c234,c1,c1,c1,c1,c5,c1,c5,c5
5284,3978,3,c5,c234,c234,c234,c234,c234,c234,c234,c234
5285,5283,2,c5,c5,c5,c5,c5,c5,c5,c5,c234
5286,5284,3,c234,c5,c5,c5,c5,c5,c5,c5,c5
5287,5285,3,c234,c5,c5,c5,c5,c5,c5,c5,c5
5288,36,2,c1,c5,c5,c5,c5,c5,c5,c5,c5
5289,5287,2,c1,c5,c5,c5,c5,c5,c5,c5,c5
5291,5289,1,c1,c1,c1,c1,c1,c1,c1,c1,c1
5292,5290,2,c234,c5,c5,c5,c5,c5,c5,c5,c234
5293,5291,3,c5,c5,c5,c5,c5,c5,c5,c5,c5
5294,5292,1,c234,c5,c1,c5,c5,c5,c5,c1,c5
5297,5295,2,c234,c234,c234,c234,c234,c234,c234,c234,c234
5298,5296,3,c5,c5,c5,c5,c5,c5,c5,c5,c5
5299,5297,1,c5,c234,c5,c234,c5,c5,c234,c5,c5
5300,5298,2,c1,c5,c5,c5,c5,c5,c5,c5,c5
5302,5300,3,c5,c234,c234,c234,c5,c234,c234,c234,c5
5304,1336,3,c5,c5,c1,c5,c5,c5,c1,c5,c5
5305,5303,3,c234,c1,c1,c1,c1,c1,c1,c1,c1
5306,5304,1,c1,c1,c1,c1,c1,c1,c1,c1,c1
5308,5306,2,c5,c1,c1,c1,c1,c1,c1,c1,c1
5309,5307,1,c234,c1,c1,c1,c1,c1,c1,c1,c1
5310,5308,3,c1,c5,c5,c5,c5,c5,c5,c5,c5
5312,36,2,c1,c5,c5,c5,c5,c5,c5,c5,c5
5313,5311,1,c1,c1,c1,c1,c1,c5,c1,c1,c5
5314,5312,1,c234,c1,c1,c1,c1,c1,c1,c1,c1
5315,3887,1,c1,c5,c5,c5,c5,c5,c5,c5,c5
5316,5314,1,c5,c1,c1,c1,c1,c5,c1,c1,c5
5318,5316,3,c5,c5,c5,c5,c5,c5,c5,c5,c5
5319,5317,2,c1,c234,c234,c5,c5,c5,c234,c5,c5
5321,5319,3,c1,c5,c5,c5,c5,c5,c5,c5,c5
5322,5320,1,c5,c5,c5,c5,c5,c5,c5,c5,c5
5324,5322,3,c1,c234,c234,c234,c234,c234,c234,c234,c5
5325,5323,1,c234,c234,c234,c5,c234,c5,c234,c234,c5
5326,5324,2,c234,c1,c1,c1,c1,c234,c1,c1,c234
5327,5325,3,c234,c5,c5,c5,c5,c5,c5,c5,c5
5328,5326,2,c5,c234,c234,c234,c234,c234,c234,c234,c234
5330,7,3,c1,c5,c5,c5,c5,c5,c5,c5,c5
5331,5329,3,c234,c1,c1,c1,c1,c1,c1,c1,c1
5333,5331,1,c5,c5,c5,c5,c5,c5,c5,c5,c234
5334,2114,3,c234,c1,c1,c1,c234,c1,c1,c1,c1
5335,5333,3,c234,c234,c1,c234,c234,c234,c234,c234,c234
5336,650,2,c1,c1,c1,c1,c1,c1,c1,c1,c234
5338,3202,1,c5,c5,c5,c5,c5,c5,c5,c5,c5
5339,7,3,c1,c5,c5,c5,c5,c5,c5,c5,c5
5340,5338,3,c5,c5,c5,c5,c5,c5,c5,c5,c5
5341,271,1,c5,c1,c1,c1,c1,c1,c1,c1,c1
5342,5340,1,c1,c234,c1,c5,c234,c5,c234,c234,c5
5343,5341,2,c234,c5,c5,c5,c5,c5,c5,c5,c5
5344,5342,1,c234,c234,c234,c234,c234,c234,c234,c234,c234
5345,5343,2,c5,c5,c5,c5,c5,c5,c5,c5,c5
5346,1914,3,c234,c234,c234,c234,c5,c5,c234,c234,c5
5347,946,1,c1,c5,c1,c5,c1,c5,c5,c1,c5
5349,5347,3,c234,c1,c1,c1,c1,c5,c1,c1,c1
5350,724,3,c5,c1,c1,c1,c1,c1,c1,c1,c1
5351,5349,1,c234,c234,c234,c234,c234,c1,c234,c234,c1
5352,5350,3,c5,c1,c1,c1,c1,c1,c1,c1,c1
5353,5351,2,c1,c1,c1,c1,c1,c234,c1,c1,c1
5354,5352,2,c1,c5,c5,c5,c5,c5,c234,c5,c5
5356,126,1,c5,c1,c1,c1,c1,c5,c1,c1,c1
5357,5355,3,c1,c5,c5,c5,c5,c5,c5,c5,c5
5358,1385,2,c234,c1,c1,c1,c1,c1,c1,c1,c1
5359,5357,1,c234,c234,c234,c1,c234,c234,c234,c1,c234
5361,319,2,c1,c5,c5,c5,c5,c5,c5,c5,c5
5362,5360,2,c234,c5,c5,c5,c5,c5,c5,c5,c5
5364,5362,1,c5,c1,c1,c1,c1,c1,c1,c1,c1
5365,5363,3,c1,c234,c234,c5,c5,c234,c5,c5,c234
5366,5364,1,c5,c234,c234,c234,c234,c5,c234,c234,c5
5367,5365,2,c234,c5,c5,c5,c5,c5,c5,c5,c5
5369,5367,3,c1,c5,c5,c5,c5,c5,c5,c5,c5
5370,5368,1,c1,c1,c1,c1,c1,c1,c1,c1,c1
5371,5369,2,c5,c5,c5,c5,c5,c5,c5,c5,c5
5372,5141,2,c234,c1,c234,c1,c1,c234,c1,c234,c234
5374,5372,3,c1,c5,c5,c5,c5,c5,c5,c5,c5
5375,5373,1,c5,c5,c5,c5,c5,c5,c5,c5,c5
5376,5374,3,c1,c234,c234,c234,c234,c5,c234,c5,c5
5378,36,2,c5,c5,c5,c5,c5,c5,c5,c5,c5
5379,2951,1,c5,c234,c5,c234,c234,c5,c234,c1,c5
5380,5378,2,c234,c5,c5,c5,c5,c5,c5,c5,c5
5381,5379,2,c234,c1,c1,c1,c1,c1,c1,c1,c1
5382,5380,1,c234,c234,c234,c234,c234,c234,c234,c234,c234
5383,3077,1,c1,c5,c5,c5,c1,c5,c5,c5,c5
5384,5382,3,c234,c1,c1,c1,c1,c1,c1,c1,c1
5386,5384,1,c234,c234,c234,c1,c234,c1,c234,c1,c1
5387,5385,2,c1,c1,c1,c1,c1,c1,c1,c1,c1
5388,5386,3,c234,c5,c5,c5,c5,c5,c5,c5,c5
5389,5387,1,c234,c234,c234,c234,c234,c234,c234,c234,c234
5390,5388,2,c234,c234,c234,c234,c5,c234,c234,c234,c5
5391,5389,3,c5,c5,c5,c5,c5,c234,c5,c5,c234
5393,7,3,c234,c1,c5,c1,c1,c5,c1,c5,c5
5394,271,1,c1,c1,c1,c1,c1,c1,c1,c1,c1
5395,5393,1,c1,c5,c5,c5,c5,c5,c5,c5,c5
5396,5394,2,c234,c234,c234,c234,c234,c234,c234,c234,c234
5397,5395,3,c5,c234,c234,c234,c234,c234,c234,c234,c5
5399,5397,3,c5,c234,c234,c234,c234,c234,c234,c234,c234
5400,5398,2,c5,c234,c234,c234,c234,c234,c234,c234,c234
5401,5399,1,c5,c5,c5,c5,c5,c5,c5,c5,c5
5402,658,3,c234,c234,c234,c234,c234,c234,c234,c234,c234
5404,5402,2,c234,c1,c1,c1,c1,c1,c1,c1,c1
5405,5403,1,c1,c234,c234,c234,c234,c234,c234,c234,c234
5406,5404,1,c1,c1,c1,c1,c1,c5,c1,c1,c5
5407,5405,3,c1,c5,c5,c5,c5,c5,c5,c5,c5
5408,5406,3,c1,c234,c234,c234,c234,c5,c234,c234,c5
5409,16,1,c234,c1,c1,c1,c1,c1,c1,c1,c1
5410,4176,2,c1,c1,c1,c1,c1,c1,c1,c1,c1
5411,5409,2,c234,c234,c5,c234,c234,c5,c234,c1,c1
5413,5411,2,c5,c234,c234,c234,c234,c234,c234,c234,c234
5414,5412,1,c1,c1,c1,c1,c1,c5,c1,c1,c5
5416,383,1,c5,c234,c234,c234,c234,c234,c234,c234,c1
5418,5416,3,c1,c234,c234,c234,c234,c234,c234,c234,c234
5419,5417,1,c5,c234,c234,c234,c234,c234,c234,c5,c5
5420,5418,2,c1,c234,c234,c234,c234,c234,c234,c234,c234
5421,5419,3,c234,c5,c5,c5,c5,c5,c5,c5,c234
5422,5420,1,c234,c5,c5,c5,c5,c234,c5,c5,c234
5424,5422,2,c234,c5,c5,c5,c5,c5,c5,c5,c5
5425,5423,3,c234,c234,c234,c234,c234,c234,c234,c234,c234
5426,5424,3,c1,c1,c1,c1,c1,c1,c1,c1,c1
5427,5425,1,c1,c1,c1,c1,c1,c1,c1,c1,c1
5428,5426,2,c5,c234,c234,c234,c234,c234,c234,c234,c234
5429,5427,3,c5,c1,c1,c1,c1,c5,c1,c5,c5
5431,5429,1,c5,c5,c5,c5,c5,c5,c5,c5,c5
5432,5430,2,c234,c5,c5,c5,c5,c5,c5,c5,c5
5433,5431,3,c5,c5,c5,c5,c5,c5,c5,c5,c5
5435,5433,1,c5,c5,c5,c5,c5,c5,c5,c5,c5
5436,5434,2,c1,c1,c1,c1,c1,c1,c1,c1,c1
5438,5436,3,c234,c5,c5,c5,c5,c5,c5,c5,c234
5439,5437,1,c1,c5,c5,c5,c5,c5,c5,c1,c5
5440,5438,3,c1,c1,c1,c1,c1,c1,c1,c1,c1
5441,166,2,c5,c1,c1,c1,c1,c1,c1,c1,c1
5442,5440,2,c1,c234,c234,c234,c234,c234,c234,c1,c234
5444,5442,3,c234,c1,c1,c1,c1,c5,c1,c1,c5
5445,5443,1,c234,c1,c1,c1,c1,c5,c1,c1,c5
5446,5444,2,c5,c5,c5,c5,c5,c5,c5,c5,c5
5447,5445,2,c1,c234,c234,c234,c234,c234,c234,c234,c234
5448,5446,3,c5,c5,c5,c5,c5,c234,c5,c5,c234
5449,5447,1,c1,c1,c1,c1,c1,c5,c1,c1,c5
5451,16,1,c1,c1,c1,c1,c1,c1,c1,c1,c1
5452,5450,2,c5,c5,c5,c5,c5,c5,c5,c5,c5
5453,5451,3,c5,c5,c5,c5,c5,c234,c5,c5,c234
5454,5452,3,c1,c5,c5,c5,c5,c5,c5,c5,c5
5456,5454,1,c234,c5,c5,c5,c5,c5,c5,c5,c5
5457,5455,2,c5,c5,c5,c5,c5,c5,c5,c5,c5
5458,5456,1,c234,c1,c1,c1,c1,c5,c1,c1,c5
5459,5457,2,c234,c5,c5,c5,c5,c1,c5,c5,c1
5460,271,1,c1,c1,c1,c1,c1,c1,c1,c1,c1
5461,5459,3,c1,c1,c1,c1,c1,c5,c1,c1,c5
5462,5460,1,c1,c5,c5,c5,c5,c234,c5,c5,c234
5464,675,1,c1,c5,c1,c5,c5,c1,c5,c1,c1
5465,5463,2,c1,c1,c5,c1,c1,c5,c1,c1,c5
5466,5464,2,c1,c5,c5,c5,c5,c5,c5,c5,c5
5467,117,3,c1,c1,c1,c1,c1,c1,c1,c1,c1
5469,5467,3,c234,c5,c5,c5,c5,c5,c5,c5,c5
5470,3380,1,c1,c234,c1,c234,c234,c234,c234,c1,c1
5471,5469,1,c1,c1,c1,c1,c1,c1,c1,c1,c1
5472,5470,3,c1,c5,c5,c5,c5,c5,c5,c5,c5
5473,5471,1,c234,c5,c5,c5,c5,c5,c5,c5,c5
5475,5473,2,c1,c1,c1,c1,c1,c1,c1,c1,c1
5476,5474,3,c234,c234,c234,c234,c234,c234,c234,c234,c234
5477,5475,1,c1,c234,c234,c234,c234,c234,c234,c234,c234
5478,5476,2,c234,c234,c234,c234,c1,c234,c234,c1,c234
5479,5477,2,c234,c5,c5,c5,c1,c5,c5,c5,c5
5481,5479,3,c234,c234,c234,c234,c234,c234,c234,c234,c234
5482,5480,1,c5,c5,c5,c5,c5,c5,c5,c5,c5
5483,5481,2,c5,c5,c5,c5,c5,c5,c5,c5,c5
5485,126,1,c234,c5,c5,c5,c5,c5,c5,c5,c5
5486,5484,3,c234,c5,c5,c5,c5,c5,c5,c5,c5
5487,5485,1,c234,c5,c5,c5,c5,c5,c5,c5,c1
5488,5486,3,c1,c234,c234,c234,c234,c5,c234,c234,c5
5489,5487,2,c5,c5,c5,c5,c5,c5,c5,c5,c5
5491,5489,3,c1,c1,c1,c1,c1,c1,c1,c1,c1
5492,5490,1,c1,c1,c1,c234,c1,c1,c1,c234,c1
5493,5491,2,c1,c1,c1,c1,c1,c1,c1,c1,c1
5495,2810,2,c1,c5,c5,c5,c5,c5,c5,c5,c5
5496,5494,3,c5,c5,c5,c5,c5,c5,c5,c5,c5
5498,5496,3,c234,c234,c234,c234,c234,c234,c234,c234,c234
5499,5497,2,c5,c234,c234,c234,c234,c234,c234,c234,c234
5500,5498,1,c5,c1,c1,c1,c1,c5,c1,c1,c5
5502,5500,1,c5,c5,c5,c5,c5,c5,c5,c234,c5
5503,271,1,c234,c1,c1,c1,c1,c1,c1,c1,c1
5505,3560,1,c234,c234,c234,c234,c234,c234,c234,c234,c234
5506,5504,2,c5,c5,c5,c5,c5,c5,c5,c5,c5
5507,5505,3,c5,c1,c1,c1,c1,c1,c1,c1,c1
5509,5507,1,c5,c5,c5,c5,c5,c5,c5,c5,c5
5510,5508,2,c5,c5,c5,c5,c5,c5,c5,c5,c5
5511,5509,3,c234,c1,c1,c1,c1,c234,c1,c1,c234
5512,5510,3,c234,c1,c1,c1,c1,c1,c1,c1,c1
5514,36,2,c234,c5,c5,c5,c5,c5,c5,c5,c5
5515,5513,1,c234,c234,c234,c234,c234,c234,c234,c5,c234
5516,5514,2,c5,c1,c234,c1,c1,c234,c1,c234,c234
5517,5515,1,c5,c234,c234,c234,c234,c234,c234,c234,c234
5518,5516,2,c234,c234,c234,c234,c234,c5,c234,c234,c234
5519,5517,3,c234,c1,c1,c1,c1,c1,c1,c1,c1
5520,5518,2,c5,c234,c234,c234,c234,c234,c234,c234,c234
5522,1385,2,c234,c1,c1,c1,c1,c1,c1,c1,c1
5523,5521,1,c234,c1,c5,c5,c5,c5,c1,c5,c5
5524,5522,3,c234,c1,c1,c1,c1,c234,c1,c1,c234
5527,5525,3,c1,c5,c5,c5,c5,c5,c5,c5,c5
5528,5526,1,c1,c5,c234,c234,c234,c234,c234,c234,c234
5529,271,1,c1,c1,c1,c1,c1,c1,c1,c1,c1
5530,5528,2,c5,c234,c234,c5,c234,c5,c234,c1,c1
5531,5529,3,c5,c1,c1,c1,c1,c1,c1,c1,c1
5532,5530,1,c234,c234,c234,c234,c234,c234,c234,c234,c234
5534,5532,3,c5,c5,c5,c5,c5,c5,c5,c5,c5
5535,5533,1,c1,c234,c234,c234,c234,c234,c234,c234,c234
5536,5534,2,c5,c234,c234,c234,c234,c234,c234,c234,c234
5538,5536,3,c234,c1,c1,c1,c1,c1,c1,c1,c1
5539,5537,1,c1,c5,c234,c234,c5,c234,c5,c234,c234
5540,349,1,c5,c5,c5,c1,c5,c5,c5,c5,c5
5541,5539,2,c234,c234,c234,c234,c234,c234,c234,c234,c234
5542,5540,3,c234,c1,c1,c1,c1,c1,c1,c1,c1
5543,5541,1,c234,c5,c5,c5,c5,c5,c5,c5,c5
5545,5543,3,c234,c234,c234,c234,c234,c234,c234,c234,c234
5546,5544,2,c234,c234,c234,c234,c234,c234,c234,c234,c234
5548,5546,2,c5,c5,c5,c234,c5,c5,c5,c234,c234
5550,5548,1,c1,c1,c1,c1,c1,c1,c1,c1,c1
5551,5549,3,c5,c5,c5,c5,c5,c5,c5,c5,c5
5552,5550,1,c1,c234,c234,c234,c5,c234,c234,c234,c234
5553,5551,2,c5,c234,c234,c234,c234,c234,c234,c234,c234
5554,240,1,c234,c234,c234,c234,c234,c1,c234,c1,c1
5556,7,3,c1,c1,c5,c1,c1,c5,c1,c5,c5
5557,5555,3,c1,c1,c1,c1,c1,c5,c1,c1,c5
5558,5556,1,c1,c234,c234,c234,c234,c234,c234,c234,c234
5559,3478,1,c5,c5,c5,c5,c5,c5,c5,c5,c5
5560,5558,2,c1,c1,c1,c1,c1,c1,c1,c1,c1
5561,5559,1,c234,c1,c1,c1,c1,c1,c1,c1,c1
5563,5561,3,c5,c5,c5,c234,c234,c234,c5,c234,c5
5564,5562,2,c1,c234,c234,c234,c234,c234,c234,c234,c5
5565,5563,1,c234,c234,c234,c234,c234,c234,c234,c234,c234
5566,5564,2,c234,c5,c234,c5,c5,c5,c5,c5,c5
5568,5566,1,c1,c1,c1,c1,c1,c1,c1,c1,c1
5569,5567,3,c1,c5,c5,c5,c5,c5,c5,c5,c5
5570,5568,2,c1,c5,c5,c5,c5,c5,c5,c5,c5
5571,5569,2,c1,c1,c1,c1,c1,c5,c1,c1,c1
5572,4598,1,c1,c1,c1,c1,c1,c1,c1,c1,c1
5573,5571,3,c5,c5,c5,c5,c5,c5,c5,c5,c5
5574,5572,1,c5,c5,c5,c5,c5,c5,c5,c5,c5
5575,7,3,c5,c5,c5,c5,c5,c5,c5,c5,c5
5577,5575,3,c5,c234,c234,c234,c234,c234,c234,c234,c234
5578,5576,1,c5,c5,c5,c5,c5,c5,c5,c1,c1
5581,7,3,c234,c5,c5,c5,c5,c5,c5,c5,c5
5582,5580,1,c234,c5,c5,c5,c5,c5,c5,c5,c1
5583,5581,2,c5,c5,c5,c5,c5,c5,c5,c5,c5
5584,5582,3,c234,c5,c5,c5,c5,c5,c5,c5,c234
5585,5583,1,c234,c234,c234,c234,c234,c234,c234,c234,c234
5586,5584,2,c1,c234,c234,c234,c234,c234,c234,c234,c234
5587,7,3,c1,c5,c5,c5,c5,c5,c5,c5,c5
5588,5586,3,c5,c234,c234,c234,c234,c234,c234,c234,c234
5589,5587,2,c5,c5,c5,c5,c5,c5,c5,c5,c5
5590,91,3,c1,c1,c1,c1,c1,c1,c1,c1,c1
5591,24,3,c234,c234,c234,c234,c5,c234,c234,c5,c5
5592,5590,3,c234,c1,c1,c234,c234,c234,c1,c234,c234
5593,5591,1,c5,c5,c5,c5,c5,c5,c5,c5,c5
5595,5593,3,c5,c5,c5,c5,c5,c5,c5,c5,c5
5596,271,1,c234,c1,c1,c1,c1,c1,c1,c1,c1
5597,5595,1,c5,c234,c234,c234,c234,c5,c234,c5,c5
5598,5596,2,c1,c234,c234,c234,c234,c234,c234,c234,c234
5599,5597,3,c234,c234,c234,c234,c5,c234,c234,c234,c234
5601,5599,1,c234,c1,c1,c1,c1,c1,c1,c1,c1
5602,5600,2,c234,c1,c1,c1,c234,c234,c1,c234,c234
5603,271,1,c5,c1,c1,c1,c1,c1,c1,c1,c1
5604,5602,3,c234,c1,c1,c1,c1,c5,c1,c1,c5
5606,5604,1,c5,c234,c234,c234,c234,c234,c234,c234,c234
5607,5605,1,c1,c1,c1,c234,c1,c234,c1,c234,c234
5608,5606,2,c5,c234,c234,c234,c234,c5,c234,c234,c5
5609,5607,3,c5,c234,c234,c234,c234,c234,c234,c234,c234
5610,5608,2,c5,c5,c5,c5,c5,c5,c5,c5,c5
5612,5610,3,c234,c5,c5,c5,c5,c5,c5,c5,c5
5613,5611,1,c234,c5,c5,c5,c5,c5,c5,c5,c5
5614,5612,1,c1,c5,c5,c5,c5,c5,c5,c5,c5
5615,5613,2,c1,c1,c1,c1,c1,c5,c1,c1,c5
5616,5614,3,c1,c234,c234,c234,c234,c5,c234,c234,c5
5617,5615,1,c234,c234,c234,c234,c234,c234,c234,c234,c234
5618,5616,3,c1,c234,c234,c234,c234,c234,c234,c234,c234
5619,5617,2,c234,c234,c234,c234,c234,c234,c234,c234,c234
5621,5619,2,c5,c5,c5,c5,c5,c5,c5,c5,c5
5622,5620,3,c1,c1,c1,c1,c1,c1,c1,c1,c1
5624,5622,1,c5,c5,c5,c5,c5,c5,c5,c5,c5
5625,5623,1,c234,c1,c1,c1,c1,c1,c1,c1,c1
5626,5624,2,c234,c234,c234,c234,c5,c5,c234,c5,c5
5627,5625,3,c234,c1,c1,c1,c1,c1,c1,c1,c1
5628,7,3,c234,c1,c5,c1,c1,c5,c1,c5,c5
5629,5627,1,c5,c1,c1,c1,c1,c5,c1,c1,c5
5630,5628,2,c5,c5,c5,c5,c5,c5,c5,c5,c1
5632,5630,3,c5,c234,c1,c5,c234,c1,c234,c5,c1
5633,2998,2,c234,c5,c5,c5,c5,c5,c5,c5,c5
5634,5632,1,c234,c234,c234,c234,c234,c234,c234,c234,c234
5636,5634,1,c5,c234,c234,c234,c234,c5,c234,c234,c5
5637,5635,2,c1,c234,c234,c1,c234,c5,c234,c1,c5
5638,5636,3,c5,c5,c5,c5,c5,c5,c5,c5,c5
5639,5637,1,c1,c234,c234,c234,c234,c234,c234,c234,c5
5640,5638,2,c1,c1,c1,c1,c1,c5,c1,c1,c5
5641,7,3,c5,c5,c5,c5,c5,c5,c5,c5,c5
5642,271,1,c234,c1,c1,c1,c1,c1,c1,c1,c1
5643,2585,1,c234,c234,c1,c234,c234,c1,c234,c1,c1
5644,5642,3,c1,c1,c1,c1,c1,c1,c1,c1,c1
5645,3074,1,c1,c5,c5,c5,c234,c5,c5,c5,c5
5647,5645,1,c5,c5,c5,c5,c234,c5,c5,c5,c5
5648,5646,3,c234,c234,c5,c234,c5,c5,c234,c5,c5
5649,5647,2,c234,c5,c5,c5,c5,c5,c5,c5,c5
5650,5648,1,c5,c5,c5,c5,c5,c5,c5,c5,c5
5651,4009,1,c5,c1,c1,c1,c1,c1,c1,c1,c1
5653,713,2,c1,c5,c5,c5,c5,c5,c5,c5,c5
5654,5652,2,c1,c1,c1,c1,c1,c234,c1,c1,c1
5655,5653,3,c234,c234,c234,c234,c234,c1,c234,c234,c1
5656,5654,3,c1,c234,c234,c234,c234,c5,c234,c234,c5
5657,5655,1,c234,c5,c5,c5,c5,c5,c5,c5,c5
5658,5656,2,c234,c1,c1,c1,c1,c5,c1,c1,c5
5659,5657,2,c234,c5,c5,c5,c5,c5,c5,c5,c5
5661,3425,1,c1,c1,c1,c1,c1,c1,c1,c1,c1
5663,5661,1,c234,c5,c5,c5,c5,c5,c5,c5,c5
5664,5662,3,c234,c5,c5,c5,c5,c5,c5,c5,c5
5665,5663,1,c1,c1,c1,c1,c1,c1,c1,c1,c1
5666,5664,2,c5,c234,c234,c234,c234,c234,c234,c234,c234
5669,5667,2,c1,c1,c1,c1,c1,c1,c1,c1,c1
5670,5668,3,c234,c234,c234,c234,c234,c234,c234,c234,c234
5671,5669,3,c1,c5,c5,c5,c5,c5,c5,c5,c5
5673,5671,1,c1,c5,c5,c5,c5,c5,c5,c5,c5
5674,5672,1,c234,c5,c1,c1,c5,c234,c5,c1,c1
5675,375,1,c234,c1,c1,c1,c1,c1,c1,c1,c1
5676,5674,3,c1,c5,c5,c5,c5,c5,c5,c5,c234
5677,16,1,c1,c1,c1,c1,c1,c1,c1,c1,c1
5678,5676,2,c5,c5,c5,c234,c5,c5,c5,c5,c5
5679,5677,3,c234,c5,c5,c5,c5,c5,c5,c5,c5
5682,5680,1,c5,c5,c5,c5,c5,c5,c5,c5,c5
5683,5681,2,c234,c5,c5,c5,c5,c5,c5,c5,c5
5684,5682,3,c1,c5,c5,c5,c5,c5,c5,c5,c5
5685,5683,1,c5,c234,c5,c5,c5,c234,c234,c5,c5
5686,5684,2,c1,c5,c5,c5,c5,c5,c5,c5,c5
5687,16,1,c1,c1,c1,c1,c1,c1,c1,c1,c1
5688,5686,3,c5,c5,c5,c5,c5,c5,c5,c5,c5
5689,5687,1,c234,c5,c5,c5,c5,c5,c5,c5,c1
5691,5689,2,c5,c5,c5,c5,c5,c5,c5,c5,c5
5692,5690,3,c5,c5,c5,c234,c5,c5,c5,c234,c5
5693,5691,2,c234,c5,c5,c5,c5,c5,c5,c5,c5
5695,5693,1,c234,c234,c234,c234,c234,c234,c234,c234,c234
5696,5694,3,c234,c5,c5,c5,c5,c5,c5,c5,c5
5697,349,1,c5,c1,c1,c1,c1,c5,c1,c1,c5
5698,5696,3,c1,c5,c5,c5,c5,c5,c5,c5,c5
5699,16,1,c234,c1,c1,c1,c1,c1,c1,c1,c1
5700,5698,1,c5,c5,c5,c5,c5,c5,c5,c5,c5
5701,5699,2,c234,c1,c1,c1,c1,c234,c1,c1,c1
5702,5700,1,c5,c5,c5,c5,c5,c5,c5,c5,c5
5704,5702,3,c1,c234,c234,c234,c234,c5,c234,c5,c1
5705,5703,1,c234,c5,c5,c5,c5,c5,c5,c5,c5
5706,5704,3,c5,c5,c5,c5,c5,c5,c5,c5,c5
5708,7,3,c1,c1,c5,c1,c1,c5,c1,c5,c5
5709,5707,1,c5,c1,c1,c1,c1,c1,c1,c1,c1
5710,5708,3,c234,c5,c5,c5,c5,c234,c5,c5,c234
5711,5709,1,c5,c5,c5,c5,c5,c5,c5,c5,c5
5712,5710,2,c234,c234,c234,c5,c5,c5,c234,c5,c5
5713,5711,3,c234,c5,c5,c5,c5,c5,c5,c5,c5
5715,94,1,c5,c234,c234,c5,c5,c234,c234,c5,c234
5716,1020,2,c234,c1,c234,c1,c1,c5,c1,c1,c1
5717,5715,1,c1,c1,c1,c1,c1,c1,c1,c1,c1
5718,5716,3,c1,c5,c5,c1,c5,c5,c5,c1,c5
5719,5717,2,c1,c234,c234,c234,c234,c234,c234,c234,c234
5720,3024,2,c1,c5,c5,c1,c5,c5,c5,c1,c5
5721,5719,2,c234,c5,c5,c5,c5,c5,c5,c5,c5
5722,5720,1,c234,c5,c5,c5,c5,c5,c5,c5,c5
5723,5721,3,c5,c5,c5,c5,c5,c5,c5,c5,c5
5724,5722,2,c5,c5,c5,c5,c5,c5,c5,c5,c5
5725,5723,3,c1,c5,c5,c5,c5,c5,c5,c5,c5
5727,735,1,c234,c5,c5,c5,c5,c5,c5,c5,c5
5728,5726,1,c234,c234,c234,c1,c234,c234,c234,c1,c5
5729,5727,2,c234,c1,c234,c1,c1,c234,c1,c1,c234
5730,5728,1,c1,c1,c1,c1,c1,c1,c1,c1,c1
5731,36,2,c5,c5,c5,c5,c5,c5,c5,c5,c5
5732,94,1,c1,c234,c234,c5,c5,c234,c234,c5,c234
5733,5731,2,c234,c234,c234,c234,c234,c234,c234,c234,c234
5734,3425,1,c5,c1,c1,c1,c1,c1,c1,c1,c1
5735,5733,3,c234,c5,c5,c1,c5,c5,c5,c1,c1
5736,271,1,c1,c1,c1,c1,c1,c1,c1,c1,c1
5737,1212,3,c1,c1,c1,c1,c1,c1,c1,c1,c1
5739,5737,3,c1,c234,c234,c234,c234,c5,c234,c234,c234
5740,5738,1,c1,c1,c1,c1,c1,c1,c1,c1,c1
5741,1033,3,c234,c234,c234,c234,c234,c5,c234,c234,c5
5742,5740,2,c1,c234,c234,c234,c234,c234,c234,c234,c234
5743,5741,3,c5,c234,c234,c234,c234,c234,c234,c234,c234
5745,36,2,c5,c5,c5,c5,c5,c5,c5,c5,c5
5746,5744,3,c234,c5,c5,c5,c5,c5,c5,c5,c5
5747,5745,2,c234,c5,c5,c5,c5,c5,c5,c5,c5
5748,5746,1,c1,c1,c1,c1,c1,c1,c1,c1,c1
5749,91,3,c1,c1,c1,c1,c1,c1,c1,c1,c1
5750,5748,1,c234,c5,c5,c5,c5,c5,c5,c5,c5
5751,5749,2,c5,c234,c234,c234,c234,c234,c234,c234,c234
5752,5750,3,c5,c234,c234,c234,c234,c234,c234,c234,c234
5754,5752,3,c1,c234,c234,c234,c234,c234,c234,c234,c234
5755,5753,1,c5,c234,c234,c234,c234,c234,c234,c234,c234
5756,2765,2,c1,c1,c1,c1,c1,c1,c1,c1,c1
5757,5755,2,c234,c234,c5,c234,c234,c5,c234,c5,c5
5759,5757,3,c234,c234,c234,c234,c234,c5,c234,c234,c5
5760,5758,1,c234,c234,c234,c234,c234,c234,c234,c234,c234
5761,16,1,c234,c1,c1,c1,c1,c1,c1,c1,c1
5762,5760,2,c5,c234,c234,c234,c234,c234,c234,c234,c234
5763,1172,2,c234,c1,c1,c5,c1,c1,c1,c5,c1
5764,5762,3,c5,c5,c5,c5,c5,c5,c5,c5,c5
5765,5763,3,c5,c234,c234,c234,c234,c234,c234,c1,c234
5767,3011,1,c5,c1,c1,c1,c1,c1,c1,c1,c1
5768,5766,1,c5,c234,c234,c234,c234,c234,c234,c234,c234
5769,5767,2,c234,c234,c234,c234,c234,c234,c234,c234,c234
5770,5768,2,c234,c1,c1,c1,c1,c1,c1,c1,c1
5771,5769,1,c5,c5,c5,c5,c5,c5,c5,c5,c5
5773,5771,3,c1,c5,c5,c5,c5,c5,c5,c5,c5
5774,1683,2,c1,c5,c5,c5,c5,c234,c5,c5,c234
5775,117,3,c1,c1,c1,c1,c1,c1,c1,c1,c1
5776,5774,1,c5,c5,c5,c5,c5,c5,c5,c5,c5
5777,5775,2,c5,c234,c234,c234,c234,c5,c234,c234,c234
5780,5778,2,c234,c5,c5,c5,c5,c5,c5,c5,c5
5781,5779,3,c1,c5,c5,c5,c5,c5,c5,c5,c5
5782,5780,1,c5,c234,c234,c234,c234,c234,c234,c234,c234
5783,33,3,c1,c1,c1,c1,c1,c1,c1,c1,c1
5785,107,1,c5,c1,c1,c1,c1,c5,c1,c1,c5
5786,5784,3,c234,c5,c5,c5,c5,c234,c5,c5,c234
5787,5785,1,c5,c5,c5,c5,c5,c5,c5,c5,c5
5788,5786,2,c5,c5,c5,c5,c5,c5,c5,c5,c5
5790,5788,2,c1,c234,c234,c234,c234,c5,c234,c234,c5
5791,5789,3,c5,c234,c234,c234,c234,c234,c234,c234,c234
5792,5790,1,c234,c234,c234,c234,c234,c234,c234,c234,c234
5794,5792,1,c234,c234,c234,c234,c234,c234,c234,c234,c234
5795,5793,2,c1,c1,c234,c1,c1,c234,c1,c1,c1
5796,5794,1,c5,c5,c5,c5,c5,c5,c5,c5,c5
5797,5795,2,c1,c5,c5,c5,c5,c5,c5,c5,c5
5800,989,1,c5,c1,c1,c1,c234,c234,c1,c1,c1
5801,5799,1,c5,c5,c5,c5,c5,c5,c5,c5,c5
5802,5800,2,c234,c1,c1,c1,c1,c234,c1,c1,c234
5803,5801,1,c1,c5,c5,c5,c1,c5,c5,c1,c1
5804,5802,2,c5,c234,c234,c234,c234,c234,c234,c234,c234
5805,5803,3,c234,c234,c234,c234,c234,c234,c234,c234,c234
5807,5805,1,c234,c1,c1,c1,c1,c5,c1,c1,c5
5808,5806,2,c5,c5,c5,c5,c5,c5,c5,c5,c5
5809,5807,3,c1,c1,c1,c1,c1,c1,c1,c1,c1
5811,5809,1,c1,c5,c5,c5,c5,c5,c5,c5,c5
5812,5810,2,c1,c5,c5,c5,c5,c5,c5,c5,c5
5813,5811,2,c5,c1,c1,c1,c1,c5,c1,c1,c234
5814,0,3,c5,c1,c1,c1,c1,c1,c1,c1,c1
5815,5813,3,c1,c234,c234,c234,c234,c234,c234,c234,c234
5816,5814,3,c234,c5,c5,c5,c5,c5,c5,c5,c5
5817,5815,1,c234,c5,c5,c5,c5,c5,c5,c5,c5
5819,5817,1,c1,c5,c5,c5,c5,c5,c5,c5,c5
5820,5818,2,c5,c5,c5,c5,c5,c5,c5,c5,c234
5821,5819,3,c1,c234,c234,c1,c234,c234,c234,c1,c234
5824,5822,1,c1,c234,c234,c234,c234,c234,c234,c234,c5
5825,5823,2,c5,c5,c5,c5,c5,c5,c5,c5,c5
5826,5824,3,c234,c234,c234,c234,c234,c234,c234,c234,c234
5827,5825,1,c1,c234,c1,c234,c234,c1,c234,c234,c1
5828,107,1,c234,c234,c234,c1,c234,c5,c234,c1,c5
5829,5827,2,c5,c5,c5,c5,c5,c5,c5,c5,c5
5831,5829,1,c5,c5,c5,c5,c5,c5,c5,c5,c5
5832,5830,3,c1,c1,c1,c1,c1,c5,c1,c1,c5
5833,5831,2,c1,c234,c234,c234,c234,c234,c234,c234,c234
5834,5832,3,c1,c1,c1,c1,c234,c234,c1,c1,c234
5836,36,2,c234,c5,c5,c5,c5,c5,c5,c5,c5
5837,5835,3,c5,c234,c234,c1,c234,c234,c234,c1,c234
5838,5836,1,c1,c1,c1,c1,c1,c1,c1,c1,c1
5839,349,1,c234,c1,c5,c1,c1,c5,c1,c5,c5
5840,5838,2,c234,c5,c5,c5,c5,c234,c5,c5,c234
5841,5839,1,c234,c5,c5,c5,c5,c5,c5,c5,c5
5842,5840,3,c1,c1,c1,c1,c1,c5,c1,c1,c5
5843,2114,3,c1,c234,c234,c1,c234,c1,c234,c1,c1
5845,16,1,c234,c1,c1,c1,c1,c1,c1,c1,c1
5846,5844,2,c234,c1,c1,c1,c1,c234,c1,c1,c234
5847,5845,3,c1,c1,c1,c1,c1,c1,c1,c1,c1
5848,5846,2,c234,c5,c5,c5,c5,c5,c5,c5,c5
5849,5847,1,c5,c234,c234,c234,c234,c234,c234,c234,c234
5850,5848,2,c234,c5,c5,c5,c5,c5,c5,c5,c5
5852,737,3,c234,c5,c5,c5,c5,c5,c5,c5,c5
5853,5851,1,c5,c5,c5,c5,c5,c5,c5,c5,c5
5855,5853,2,c5,c5,c5,c5,c5,c5,c5,c5,c5
5856,3978,3,c234,c234,c234,c234,c234,c234,c234,c234,c234
5858,5856,3,c5,c5,c5,c5,c5,c5,c5,c5,c5
5859,5857,2,c5,c5,c5,c5,c5,c5,c5,c5,c5
5860,5858,1,c5,c5,c5,c5,c5,c5,c5,c5,c5
5861,3831,1,c1,c234,c234,c234,c234,c234,c234,c234,c1
5862,5860,3,c234,c5,c5,c5,c5,c234,c5,c5,c234
5864,5862,1,c5,c5,c5,c5,c5,c5,c5,c5,c5
5865,5863,2,c234,c1,c1,c1,c1,c234,c1,c1,c234
5866,5864,3,c1,c234,c1,c234,c234,c1,c234,c234,c1
5867,5865,1,c1,c5,c5,c5,c5,c5,c5,c5,c5
5868,5866,2,c1,c5,c5,c5,c5,c5,c5,c5,c5
5870,5868,3,c5,c5,c5,c5,c5,c5,c5,c5,c5
5871,5869,1,c5,c234,c234,c234,c234,c234,c234,c234,c234
5872,5870,2,c5,c234,c234,c234,c234,c234,c234,c234,c234
5874,5872,1,c1,c1,c1,c1,c1,c5,c1,c1,c5
5875,5873,3,c5,c5,c5,c5,c5,c5,c5,c5,c5
5876,5874,2,c5,c5,c5,c5,c5,c5,c5,c5,c5
5877,5875,3,c234,c5,c5,c5,c5,c5,c5,c5,c5
5878,675,1,c1,c1,c1,c5,c1,c1,c1,c1,c1
5879,5877,3,c234,c234,c234,c234,c234,c234,c234,c234,c234
5880,5878,1,c1,c5,c5,c5,c5,c5,c5,c5,c5
5882,3425,1,c5,c1,c1,c1,c1,c1,c1,c1,c1
5883,5881,2,c234,c1,c1,c1,c1,c5,c1,c1,c5
5884,7,3,c234,c5,c5,c5,c5,c5,c5,c5,c5
5886,5884,2,c5,c5,c5,c234,c5,c5,c5,c5,c5
5887,5885,1,c5,c5,c5,c5,c5,c5,c5,c5,c234
5888,5886,3,c5,c5,c5,c5,c5,c5,c5,c5,c5
5889,5887,3,c1,c1,c1,c1,c1,c1,c1,c1,c1
5890,5888,1,c1,c234,c234,c234,c234,c234,c234,c234,c234
5891,271,1,c5,c1,c1,c1,c1,c1,c1,c1,c1
5892,5890,2,c234,c5,c5,c5,c5,c5,c5,c5,c5
5894,5892,1,c5,c234,c234,c234,c234,c234,c234,c5,c234
5895,5893,3,c1,c234,c234,c234,c234,c234,c234,c234,c234
5896,5894,1,c234,c234,c234,c234,c234,c234,c234,c234,c234
5897,5895,2,c234,c234,c234,c234,c234,c234,c234,c234,c5
5898,5896,3,c234,c234,c234,c5,c234,c234,c234,c234,c234
5899,5897,1,c234,c234,c234,c234,c234,c1,c234,c234,c1
5900,5898,2,c1,c5,c234,c234,c234,c5,c234,c1,c234
5902,5900,3,c234,c5,c5,c5,c5,c5,c5,c5,c5
5903,5901,1,c1,c234,c234,c234,c234,c5,c234,c234,c5
5905,5903,1,c5,c5,c5,c5,c5,c5,c5,c5,c5
5906,5904,2,c234,c234,c234,c234,c234,c234,c234,c234,c234
5908,5906,3,c5,c5,c5,c5,c5,c5,c5,c5,c1
5909,5907,3,c1,c5,c5,c5,c5,c5,c5,c5,c5
5910,5908,2,c1,c5,c5,c5,c5,c5,c5,c5,c5
5912,5910,1,c1,c234,c234,c234,c234,c234,c234,c234,c234
5914,5912,2,c1,c1,c1,c1,c1,c234,c1,c234,c234
5915,5913,1,c234,c234,c234,c234,c234,c234,c234,c234,c234
5916,5914,2,c1,c234,c234,c234,c234,c1,c234,c234,c1
5918,5916,1,c5,c234,c234,c234,c234,c234,c234,c234,c234
5919,5917,2,c234,c1,c1,c1,c1,c1,c1,c1,c1
5920,5918,1,c234,c5,c5,c5,c5,c5,c5,c5,c5
5921,5919,2,c1,c5,c5,c5,c5,c5,c5,c5,c5
5922,5920,1,c5,c5,c5,c5,c5,c5,c5,c5,c5
5924,5922,1,c5,c5,c5,c5,c5,c5,c5,c5,c5
5925,5923,2,c1,c5,c234,c5,c5,c5,c234,c234,c234
5926,5924,2,c234,c1,c1,c1,c1,c1,c1,c1,c1
5927,5925,1,c5,c1,c1,c1,c1,c1,c1,c1,c1
5929,5927,1,c234,c234,c1,c234,c234,c1,c234,c1,c1
5930,5928,2,c1,c234,c234,c234,c234,c5,c5,c234,c234
5931,5929,2,c1,c1,c1,c1,c1,c5,c1,c1,c5
5932,5930,1,c5,c5,c5,c5,c5,c5,c5,c5,c5
5934,5932,1,c5,c5,c5,c5,c5,c5,c5,c5,c5
5935,5933,2,c1,c5,c5,c5,c5,c234,c5,c5,c5
5936,5934,1,c1,c1,c1,c1,c1,c1,c1,c234,c5
5938,5936,2,c5,c5,c5,c5,c5,c5,c5,c5,c5
5939,5937,2,c5,c5,c5,c5,c5,c5,c5,c5,c5
5940,5938,1,c1,c5,c5,c5,c5,c1,c5,c5,c5
5941,5939,1,c234,c5,c5,c5,c5,c5,c5,c5,c5
5942,5940,2,c1,c234,c234,c234,c234,c1,c234,c234,c1
5944,5942,2,c234,c5,c5,c5,c5,c1,c5,c5,c1
5945,5943,1,c234,c234,c5,c234,c234,c5,c234,c234,c5
5946,5944,1,c234,c1,c1,c234,c1,c234,c1,c1,c1
5948,5946,2,c234,c5,c5,c5,c5,c5,c5,c5,c5
5949,5947,2,c1,c5,c5,c1,c1,c5,c1,c1,c1
5950,5948,2,c234,c5,c5,c5,c5,c5,c5,c5,c234
5951,724,3,c1,c1,c1,c1,c1,c1,c1,c1,c1
5952,5950,1,c5,c234,c234,c234,c234,c234,c234,c234,c234
5953,5951,1,c234,c5,c5,c5,c5,c5,c5,c5,c5
5954,5952,1,c5,c5,c5,c5,c5,c5,c5,c5,c5
5956,5954,2,c5,c1,c234,c1,c1,c234,c234,c234,c234
5957,5955,2,c234,c234,c234,c234,c234,c234,c234,c234,c234
5958,5956,1,c234,c5,c5,c234,c5,c5,c5,c234,c5
5959,5957,2,c234,c5,c5,c5,c5,c234,c5,c5,c234
5961,5959,1,c1,c1,c1,c1,c1,c1,c1,c1,c1
5962,5960,1,c234,c1,c1,c1,c1,c1,c1,c1,c1
5963,5961,1,c5,c5,c5,c5,c5,c5,c5,c5,c1
5964,5962,2,c1,c5,c5,c234,c5,c234,c5,c234,c234
5966,5964,2,c5,c234,c234,c234,c234,c5,c234,c5,c5
5967,5965,1,c1,c1,c1,c1,c1,c5,c1,c1,c5
5968,5966,2,c5,c1,c1,c1,c1,c234,c1,c1,c234
5969,186,2,c234,c234,c1,c234,c234,c234,c234,c234,c234
5970,5968,1,c5,c5,c5,c5,c5,c5,c5,c5,c5
5971,36,2,c5,c5,c5,c5,c5,c5,c5,c5,c5
5972,5970,1,c1,c5,c5,c5,c5,c5,c5,c5,c5
5974,5972,2,c234,c5,c5,c5,c5,c5,c5,c5,c5
5976,5974,1,c5,c234,c5,c5,c5,c234,c234,c5,c234
5977,5975,2,c234,c234,c234,c234,c5,c234,c234,c234,c1
5978,5976,1,c234,c234,c234,c234,c234,c234,c234,c234,c234
5980,5978,2,c1,c234,c234,c234,c234,c234,c234,c234,c234
5981,5979,1,c234,c5,c5,c5,c5,c234,c5,c5,c234
5982,5980,2,c234,c1,c1,c1,c1,c1,c1,c1,c1
5983,5981,2,c234,c234,c234,c234,c234,c234,c234,c234,c234
5985,5983,1,c5,c234,c1,c234,c1,c234,c234,c1,c234
5986,5984,2,c1,c234,c234,c234,c234,c234,c234,c234,c234
5987,5985,1,c5,c1,c1,c1,c1,c234,c1,c234,c234
5988,36,2,c5,c5,c5,c5,c5,c5,c5,c5,c5
5989,5987,2,c5,c1,c1,c1,c1,c5,c1,c1,c1
5990,271,1,c234,c1,c1,c1,c1,c1,c1,c1,c1
5991,5989,1,c1,c1,c1,c1,c1,c1,c1,c1,c1
5993,5991,2,c234,c234,c234,c234,c234,c234,c234,c234,c234
5994,5992,1,c5,c5,c5,c5,c5,c5,c5,c5,c5
5995,5993,1,c5,c5,c5,c5,c5,c5,c5,c5,c5
5996,5994,2,c234,c234,c234,c234,c234,c234,c234,c234,c234
5997,5995,1,c234,c234,c234,c234,c234,c234,c234,c234,c234
5998,5996,2,c1,c234,c234,c234,c234,c234,c234,c234,c234
6000,5998,1,c5,c5,c5,c5,c5,c5,c5,c5,c5
6002,724,3,c1,c1,c1,c1,c1,c1,c1,c1,c1
6003,6001,2,c1,c1,c1,c1,c1,c234,c1,c1,c1
6004,6002,3,c5,c5,c5,c5,c5,c5,c5,c5,c5
6005,6003,1,c5,c5,c5,c5,c5,c5,c5,c5,c5
6008,6006,2,c234,c5,c5,c5,c5,c5,c5,c5,c5
6010,6008,2,c234,c234,c234,c234,c234,c234,c234,c234,c234
6011,6009,1,c5,c5,c5,c5,c5,c5,c5,c5,c5
6012,6010,2,c234,c5,c5,c5,c5,c5,c5,c5,c5
6013,6011,3,c1,c1,c1,c1,c1,c1,c1,c1,c1
6015,6013,1,c5,c234,c234,c234,c234,c234,c234,c234,c234
6016,6014,2,c5,c234,c234,c234,c5,c5,c234,c5,c5
6017,3231,3,c234,c5,c5,c5,c5,c5,c5,c5,c5
6018,6016,1,c234,c234,c234,c234,c234,c234,c234,c234,c234
6019,2753,2,c5,c234,c234,c234,c234,c234,c234,c234,c234
6020,6018,3,c5,c234,c234,c234,c234,c234,c234,c234,c234
6021,6019,1,c234,c5,c5,c5,c5,c5,c5,c5,c5
6023,6021,2,c5,c5,c5,c5,c5,c5,c5,c5,c234
6024,6022,3,c5,c234,c234,c234,c234,c234,c234,c234,c234
6025,6023,1,c5,c234,c234,c234,c234,c234,c234,c234,c234
6027,6025,2,c234,c234,c234,c234,c234,c234,c234,c234,c234
6028,6026,3,c234,c5,c5,c5,c5,c5,c5,c5,c234
6029,1239,3,c5,c5,c5,c5,c5,c5,c5,c5,c5
6030,6028,2,c1,c5,c5,c5,c5,c5,c5,c5,c5
6032,6030,1,c234,c234,c234,c234,c234,c5,c234,c234,c5
6033,749,2,c234,c5,c5,c5,c5,c5,c5,c5,c5
6034,1198,2,c1,c1,c1,c1,c1,c1,c1,c1,c1
6036,6034,3,c1,c234,c234,c1,c234,c234,c234,c1,c5
6037,6035,1,c1,c1,c1,c1,c1,c234,c1,c234,c234
6038,6036,2,c1,c5,c5,c5,c1,c5,c5,c5,c5
6040,6038,3,c234,c1,c1,c1,c234,c1,c1,c1,c1
6041,6039,1,c234,c234,c234,c234,c234,c234,c234,c234,c234
6042,6040,2,c5,c5,c5,c5,c5,c5,c5,c5,c5
6043,6041,3,c5,c234,c234,c234,c234,c5,c234,c5,c5
6044,6042,3,c5,c5,c5,c5,c5,c5,c5,c5,c5
6045,5568,2,c5,c5,c5,c5,c5,c5,c5,c5,c5
6046,6044,1,c5,c234,c234,c234,c234,c234,c234,c5,c5
6048,6046,1,c1,c5,c234,c5,c234,c234,c5,c234,c234
6049,6047,2,c234,c5,c5,c5,c5,c5,c5,c5,c5
6050,6048,2,c234,c234,c234,c234,c234,c234,c234,c234,c234
6052,6050,3,c5,c1,c1,c1,c1,c1,c1,c1,c5
6053,6051,1,c234,c234,c5,c234,c234,c234,c234,c234,c234
6054,6052,1,c234,c5,c5,c5,c5,c5,c5,c5,c5
6056,6054,2,c5,c5,c5,c5,c5,c5,c5,c5,c5
6058,6056,1,c1,c5,c5,c5,c5,c5,c5,c5,c5
6059,6057,3,c234,c234,c234,c234,c234,c234,c234,c234,c5
6060,6058,2,c234,c5,c5,c5,c5,c1,c5,c1,c1
6061,6059,3,c5,c1,c1,c1,c1,c1,c1,c1,c1
6062,6060,3,c1,c234,c234,c234,c234,c234,c234,c234,c234
6063,1845,1,c5,c234,c234,c234,c234,c234,c234,c234,c234
6065,2799,1,c234,c1,c1,c1,c1,c1,c1,c1,c234
6066,6064,2,c5,c5,c5,c5,c5,c5,c5,c5,c5
6067,6065,1,c5,c1,c1,c1,c1,c1,c1,c1,c1
6068,6066,1,c234,c1,c1,c1,c1,c234,c1,c1,c234
6069,474,3,c1,c5,c5,c5,c5,c5,c5,c5,c5
6070,6068,2,c1,c234,c234,c234,c234,c234,c234,c234,c234
6071,6069,3,c234,c234,c234,c234,c234,c234,c234,c234,c234
6072,6070,3,c5,c5,c5,c5,c5,c5,c5,c5,c5
6074,6072,1,c234,c5,c1,c1,c5,c234,c1,c5,c234
6075,694,3,c234,c1,c1,c1,c1,c1,c1,c1,c1
6076,6074,2,c5,c5,c5,c5,c5,c5,c5,c5,c234
6078,33,3,c234,c1,c1,c1,c1,c1,c1,c1,c1
6079,6077,3,c234,c234,c234,c1,c234,c234,c234,c1,c5
6080,6078,1,c5,c234,c234,c234,c234,c234,c234,c234,c234
6081,770,2,c1,c234,c234,c234,c234,c234,c234,c234,c234
6082,6080,2,c234,c1,c1,c1,c1,c1,c1,c1,c234
6083,6081,1,c234,c5,c5,c5,c5,c5,c5,c5,c5
6084,7,3,c234,c1,c5,c1,c1,c5,c1,c5,c5
6086,438,1,c5,c5,c1,c234,c5,c5,c5,c1,c5
6087,6085,2,c1,c5,c5,c5,c5,c5,c5,c5,c5
6088,6086,3,c5,c234,c234,c234,c234,c234,c234,c234,c234
6089,6087,1,c5,c5,c5,c5,c5,c5,c5,c5,c5
6090,6088,2,c234,c5,c5,c5,c5,c5,c5,c5,c5
6091,6089,3,c234,c5,c5,c5,c5,c5,c5,c5,c5
6094,6092,2,c5,c234,c234,c234,c234,c234,c234,c234,c234
6095,6093,1,c5,c5,c5,c5,c5,c5,c5,c5,c5
6096,6094,3,c5,c234,c234,c234,c1,c5,c234,c1,c5
6097,2742,1,c234,c234,c234,c1,c234,c234,c234,c1,c234
6098,6096,3,c234,c234,c234,c234,c5,c5,c234,c234,c5
6099,6097,3,c234,c1,c1,c1,c1,c5,c1,c1,c5
6101,6099,1,c5,c234,c234,c234,c234,c234,c234,c234,c234
6103,6101,2,c234,c1,c1,c1,c1,c1,c1,c1,c1
6104,513,2,c234,c234,c5,c234,c234,c5,c234,c5,c5
6105,6103,2,c5,c234,c5,c234,c234,c5,c234,c5,c5
6106,6104,1,c5,c234,c234,c234,c234,c234,c234,c234,c234
6107,6105,3,c5,c5,c5,c5,c5,c5,c5,c5,c5
6108,6106,3,c5,c5,c5,c5,c5,c5,c5,c5,c5
6109,6107,1,c1,c5,c5,c5,c5,c5,c5,c234,c234
6110,6108,2,c5,c5,c5,c5,c5,c5,c5,c5,c5
6112,6110,1,c5,c5,c5,c5,c5,c5,c5,c5,c5
6113,6111,2,c234,c5,c5,c5,c5,c5,c5,c5,c5
6115,3971,3,c5,c5,c5,c5,c5,c5,c5,c5,c5
6116,6114,3,c234,c5,c5,c5,c5,c5,c5,c5,c5
6118,6116,2,c234,c234,c234,c234,c234,c234,c234,c234,c234
6119,107,1,c1,c1,c1,c1,c1,c5,c1,c1,c5
6120,6118,1,c234,c1,c1,c1,c1,c1,c1,c1,c1
6122,6120,3,c234,c5,c5,c5,c5,c5,c5,c5,c5
6123,6121,1,c5,c1,c1,c1,c1,c1,c1,c1,c1
6124,6122,2,c234,c234,c234,c234,c234,c234,c234,c234,c5
6125,6123,3,c234,c1,c1,c1,c1,c1,c1,c1,c1
6126,6124,1,c1,c1,c1,c1,c1,c1,c1,c1,c234
6127,2833,2,c5,c5,c5,c5,c5,c5,c5,c5,c5
6129,6127,2,c234,c234,c1,c234,c234,c1,c234,c1,c1
6130,6128,3,c5,c234,c234,c234,c234,c234,c234,c234,c234
6132,6130,1,c1,c1,c1,c1,c1,c1,c1,c1,c1
6133,6131,1,c234,c234,c234,c5,c5,c5,c234,c5,c5
6134,6132,2,c1,c5,c5,c5,c5,c5,c5,c5,c5
6135,6133,3,c5,c1,c1,c1,c1,c1,c1,c1,c5
6136,6134,2,c5,c5,c5,c5,c5,c5,c5,c5,c5
6137,6135,3,c234,c234,c234,c234,c234,c1,c234,c234,c1
6140,6138,1,c234,c5,c5,c5,c5,c5,c5,c5,c5
6141,6139,2,c1,c1,c1,c234,c1,c234,c234,c234,c234
6142,6140,2,c5,c5,c5,c5,c5,c5,c5,c5,c5
6144,6142,3,c5,c5,c5,c234,c5,c5,c5,c234,c234
6145,6143,2,c234,c5,c5,c5,c5,c5,c5,c5,c5
6146,6144,1,c5,c5,c5,c5,c5,c234,c5,c5,c234
6147,6145,3,c1,c1,c1,c1,c1,c1,c1,c1,c1
6148,3394,3,c5,c234,c1,c234,c234,c1,c234,c234,c1
6149,6147,1,c234,c1,c1,c1,c1,c1,c1,c1,c1
6151,6149,2,c1,c1,c1,c1,c1,c1,c1,c1,c1
6153,319,2,c1,c5,c5,c5,c5,c5,c5,c5,c5
6154,6152,3,c234,c1,c1,c1,c1,c1,c1,c1,c1
6155,6153,3,c1,c234,c1,c1,c1,c5,c1,c1,c5
6157,6155,3,c5,c5,c5,c5,c5,c234,c5,c5,c234
6158,6156,1,c234,c5,c5,c5,c5,c5,c5,c5,c5
6159,6157,2,c1,c5,c5,c5,c5,c234,c5,c5,c234
6160,6158,1,c5,c5,c5,c5,c5,c5,c5,c5,c5
6161,6159,2,c234,c5,c5,c5,c5,c5,c5,c5,c5
6162,6160,3,c1,c1,c1,c1,c1,c5,c1,c1,c5
6164,6162,1,c5,c5,c5,c5,c5,c5,c5,c5,c5
6165,6163,2,c1,c234,c234,c234,c5,c234,c234,c234,c234
6166,6164,3,c5,c5,c5,c5,c5,c234,c5,c5,c234
6169,6167,1,c5,c5,c5,c5,c5,c5,c5,c5,c234
6170,6168,2,c1,c5,c5,c5,c5,c5,c5,c5,c5
6171,6169,3,c234,c234,c234,c234,c234,c234,c234,c234,c234
6173,737,3,c1,c5,c5,c5,c5,c5,c5,c5,c5
6174,6172,1,c5,c5,c5,c5,c5,c5,c5,c5,c5
6175,6173,2,c234,c234,c234,c234,c234,c5,c234,c234,c5
6176,6174,1,c5,c5,c5,c5,c5,c5,c5,c5,c5
6177,6175,2,c1,c1,c1,c1,c1,c1,c1,c1,c1
6178,6176,3,c1,c1,c1,c1,c1,c5,c1,c1,c5
6179,474,3,c5,c5,c5,c5,c5,c5,c5,c5,c5
6181,3202,1,c5,c5,c5,c5,c5,c5,c5,c5,c5
6182,6180,1,c1,c234,c234,c234,c234,c234,c234,c234,c5
6183,6181,2,c1,c5,c5,c5,c5,c5,c5,c5,c5
6184,6182,3,c234,c1,c1,c1,c1,c1,c1,c1,c234
6185,6183,1,c5,c5,c5,c5,c5,c5,c5,c5,c5
6186,6184,2,c234,c5,c5,c5,c234,c5,c5,c234,c5
6187,6185,3,c1,c234,c234,c234,c234,c234,c234,c234,c234
6188,6186,2,c5,c5,c5,c5,c5,c5,c5,c5,c5
6189,6187,3,c5,c5,c5,c5,c5,c5,c5,c5,c5
6193,6191,1,c1,c234,c234,c234,c234,c234,c234,c234,c234
6194,6192,2,c234,c234,c234,c234,c234,c5,c5,c234,c234
6195,6193,1,c1,c234,c234,c234,c234,c234,c234,c234,c234
6196,6194,3,c234,c5,c5,c5,c5,c5,c5,c5,c1
6198,6196,2,c1,c1,c1,c1,c1,c1,c1,c1,c1
6199,6197,1,c1,c1,c1,c1,c1,c1,c1,c1,c1
6200,1258,1,c234,c1,c1,c1,c1,c5,c1,c1,c5
6201,6199,3,c5,c5,c5,c5,c5,c5,c5,c5,c5
6202,6200,3,c5,c5,c5,c5,c5,c5,c5,c5,c5
6203,6201,1,c1,c5,c5,c5,c5,c5,c5,c5,c5
6204,6202,2,c5,c234,c234,c234,c234,c234,c234,c234,c234
6205,6203,1,c1,c234,c234,c234,c234,c234,c234,c234,c234
6207,6205,2,c5,c234,c234,c234,c234,c234,c234,c234,c234
6208,6206,1,c234,c5,c5,c5,c5,c5,c5,c5,c5
6210,3311,2,c234,c5,c5,c5,c5,c5,c5,c5,c5
6211,6209,3,c1,c1,c1,c1,c1,c234,c1,c1,c234
6212,6210,3,c234,c5,c5,c5,c5,c5,c5,c5,c5
6213,16,1,c1,c1,c1,c1,c1,c1,c1,c1,c1
6214,6212,2,c1,c234,c234,c234,c234,c234,c234,c234,c1
6215,6213,1,c5,c5,c5,c5,c5,c5,c5,c5,c5
6216,6214,2,c234,c1,c1,c1,c1,c1,c1,c1,c1
6217,6215,3,c234,c1,c1,c1,c234,c1,c1,c1,c1
6219,6217,3,c234,c234,c234,c234,c234,c5,c234,c234,c5
6220,6218,2,c234,c234,c234,c234,c234,c234,c234,c234,c234
6222,6220,1,c1,c5,c5,c5,c5,c5,c5,c5,c5
6223,6221,1,c5,c5,c5,c5,c5,c5,c5,c5,c234
6224,16,1,c234,c1,c1,c1,c1,c1,c1,c1,c1
6225,6223,1,c234,c1,c1,c234,c1,c5,c1,c1,c5
6226,257,2,c1,c1,c1,c1,c1,c1,c1,c1,c1
6227,6225,2,c1,c1,c1,c1,c1,c1,c1,c1,c1
6229,6227,3,c5,c234,c234,c234,c234,c234,c234,c234,c234
6230,6228,3,c1,c1,c1,c1,c1,c1,c1,c1,c1
6231,6229,2,c5,c1,c1,c1,c1,c5,c1,c1,c5
6232,6230,3,c5,c5,c5,c5,c234,c5,c5,c5,c5
6233,6231,2,c5,c5,c5,c5,c5,c5,c5,c5,c5
6234,6232,1,c5,c5,c5,c5,c5,c5,c5,c5,c1
6236,6234,1,c1,c234,c234,c234,c234,c5,c234,c234,c234
6237,6235,2,c234,c5,c5,c5,c5,c5,c5,c5,c5
6238,6236,3,c234,c234,c234,c234,c234,c5,c234,c234,c5
6239,6237,3,c5,c5,c5,c5,c5,c5,c5,c5,c5
6240,581,3,c5,c1,c1,c1,c1,c1,c1,c1,c1
6242,6240,1,c1,c1,c1,c1,c1,c5,c1,c1,c1
6243,91,3,c234,c1,c1,c1,c1,c1,c1,c1,c1
6244,6242,3,c1,c234,c234,c234,c234,c5,c234,c234,c234
6245,7,3,c1,c5,c5,c5,c5,c5,c5,c5,c5
6246,6244,2,c234,c1,c1,c1,c1,c234,c1,c1,c234
6247,6245,1,c234,c5,c5,c5,c5,c5,c5,c5,c5
6248,0,3,c234,c1,c1,c1,c1,c1,c1,c1,c1
6249,5342,1,c5,c234,c234,c234,c234,c234,c234,c234,c234
6251,6249,2,c1,c1,c5,c5,c5,c5,c1,c5,c5
6252,5896,3,c234,c234,c234,c5,c234,c234,c234,c234,c234
6253,6251,3,c5,c5,c5,c5,c5,c5,c5,c5,c5
6254,6252,1,c5,c5,c5,c5,c5,c5,c5,c5,c5
6256,6254,2,c1,c5,c5,c1,c5,c5,c5,c5,c5
6257,6255,3,c1,c1,c1,c1,c1,c1,c1,c1,c1
6258,2530,1,c234,c1,c1,c1,c1,c1,c1,c1,c1
6259,6257,2,c234,c1,c1,c1,c1,c1,c1,c1,c1
6261,6259,1,c234,c1,c1,c1,c1,c1,c1,c1,c1
6262,6260,3,c234,c234,c234,c234,c234,c1,c234,c234,c1
6263,7,3,c234,c5,c5,c5,c5,c5,c5,c5,c5
6264,6262,3,c5,c5,c5,c5,c5,c5,c5,c5,c5
6265,6263,1,c234,c234,c234,c234,c234,c234,c234,c234,c234
6267,6265,2,c1,c1,c1,c1,c1,c5,c1,c1,c5
6268,3837,2,c5,c234,c234,c234,c234,c5,c234,c234,c5
6269,406,2,c1,c1,c1,c1,c1,c1,c1,c1,c1
6270,6268,2,c1,c5,c5,c5,c1,c5,c5,c5,c5
6271,6269,1,c1,c5,c5,c234,c5,c5,c5,c234,c1
6272,6270,2,c234,c5,c5,c5,c5,c5,c5,c5,c5
6273,6271,3,c234,c5,c5,c5,c5,c5,c5,c5,c5
6275,6273,3,c5,c5,c234,c234,c5,c5,c5,c5,c5
6276,1327,3,c1,c1,c1,c1,c1,c1,c1,c1,c1
6278,6276,1,c1,c234,c234,c234,c234,c5,c234,c234,c5
6279,6277,2,c234,c234,c234,c234,c234,c234,c234,c234,c234
6280,6278,1,c1,c5,c5,c5,c5,c5,c5,c5,c5
6281,6279,2,c5,c234,c234,c234,c234,c234,c234,c234,c234
6283,6281,3,c234,c5,c5,c5,c5,c5,c5,c5,c5
6284,1020,2,c234,c1,c234,c1,c1,c5,c1,c1,c1
6285,1145,2,c1,c1,c1,c1,c1,c1,c1,c1,c1
6286,6284,1,c234,c5,c5,c5,c5,c5,c5,c5,c5
6287,6285,2,c5,c1,c1,c1,c1,c1,c1,c1,c1
6289,6287,3,c5,c5,c5,c5,c5,c5,c5,c5,c5
6290,6288,2,c234,c234,c234,c234,c234,c234,c234,c234,c1
6291,6289,1,c5,c1,c1,c1,c1,c5,c1,c1,c5
6292,6290,3,c5,c5,c5,c5,c5,c5,c5,c5,c5
6293,6291,1,c1,c1,c1,c1,c1,c1,c1,c1,c1
6294,6292,2,c234,c234,c234,c234,c234,c234,c234,c234,c234
6296,6294,3,c5,c5,c5,c5,c5,c5,c5,c5,c5
6297,6295,1,c5,c5,c5,c5,c5,c5,c5,c5,c5
6298,6296,2,c5,c1,c1,c1,c1,c1,c1,c1,c1
6299,6297,3,c5,c5,c5,c5,c5,c5,c5,c5,c5
6300,6298,1,c5,c5,c5,c5,c5,c5,c5,c5,c5
6301,6299,3,c234,c5,c5,c5,c5,c5,c5,c5,c1
6302,6300,2,c234,c234,c1,c234,c234,c234,c234,c1,c1
6303,7,3,c5,c5,c5,c5,c5,c5,c5,c5,c5
6304,6302,1,c1,c1,c1,c1,c1,c1,c1,c1,c1
6305,1157,1,c5,c5,c5,c5,c5,c5,c5,c5,c5
6306,6304,2,c5,c1,c1,c1,c1,c1,c1,c1,c1
6308,6306,2,c1,c1,c1,c1,c1,c5,c1,c1,c5
6309,6307,3,c1,c1,c1,c1,c1,c5,c1,c1,c234
6310,6308,1,c5,c5,c5,c5,c5,c5,c5,c5,c1
6311,36,2,c5,c5,c5,c5,c5,c5,c5,c5,c5
6313,6311,2,c1,c234,c1,c1,c234,c234,c234,c1,c1
6314,6312,3,c234,c1,c1,c1,c1,c5,c1,c1,c5
6315,6313,1,c234,c1,c1,c1,c1,c1,c1,c1,c1
6317,6315,2,c234,c1,c1,c1,c1,c1,c1,c1,c1
6318,6316,3,c234,c5,c5,c5,c1,c5,c5,c1,c5
6319,6317,3,c1,c1,c1,c1,c1,c1,c1,c1,c1
6321,6319,1,c1,c1,c1,c1,c1,c1,c1,c1,c1
6322,36,2,c1,c5,c5,c5,c5,c5,c5,c5,c5
6323,6321,2,c5,c5,c5,c5,c5,c5,c5,c5,c5
6324,6322,2,c234,c234,c234,c234,c234,c234,c234,c1,c5
6326,6324,1,c234,c234,c234,c234,c234,c234,c234,c234,c234
6327,6325,3,c234,c234,c1,c234,c1,c234,c234,c1,c1
6328,6326,1,c234,c234,c234,c234,c234,c234,c234,c234,c234
6329,6327,2,c5,c1,c1,c1,c1,c1,c1,c1,c234
6330,6328,3,c1,c234,c234,c234,c234,c234,c234,c234,c234
6331,6329,1,c234,c5,c5,c5,c5,c5,c5,c5,c234
6333,403,3,c1,c1,c234,c234,c234,c234,c234,c234,c234
6334,6332,2,c234,c234,c234,c234,c234,c5,c234,c234,c5
6335,6333,1,c234,c1,c1,c234,c234,c234,c1,c234,c234
6337,6335,3,c1,c5,c1,c5,c5,c1,c5,c1,c1
6338,6336,1,c5,c5,c5,c5,c5,c5,c5,c5,c5
6339,6337,2,c5,c234,c234,c234,c234,c234,c234,c234,c1
6340,6338,3,c234,c1,c1,c1,c1,c1,c1,c1,c1
6341,6339,1,c5,c5,c5,c5,c5,c5,c5,c5,c5
6343,1020,2,c5,c1,c234,c1,c1,c5,c1,c1,c1
6344,6342,2,c5,c5,c5,c5,c5,c5,c5,c5,c234
6345,6343,3,c5,c5,c5,c5,c5,c5,c5,c5,c5
6346,6344,1,c234,c5,c5,c5,c5,c5,c5,c5,c5
6347,6345,3,c5,c5,c5,c5,c5,c5,c5,c5,c5
6348,6346,1,c1,c5,c5,c5,c5,c5,c5,c5,c5
6351,6349,2,c5,c5,c5,c5,c5,c5,c5,c5,c234
6352,6350,2,c5,c234,c234,c234,c234,c5,c234,c234,c5
6353,3533,2,c234,c5,c5,c5,c5,c5,c5,c5,c5
6354,6352,3,c5,c5,c5,c5,c5,c5,c5,c5,c234
6355,6353,1,c1,c1,c1,c1,c1,c1,c1,c1,c1
6356,47,2,c5,c5,c1,c5,c5,c1,c5,c5,c5
6357,3010,2,c5,c5,c5,c5,c5,c5,c5,c5,c5
6358,714,1,c5,c5,c5,c5,c5,c5,c5,c5,c5
6360,6358,2,c234,c5,c5,c5,c5,c5,c5,c5,c5
6361,6359,2,c1,c1,c1,c1,c1,c1,c1,c1,c1
6362,6360,1,c1,c1,c1,c5,c1,c5,c1,c5,c5
6363,724,3,c234,c1,c1,c1,c1,c1,c1,c1,c1
6365,6363,2,c5,c5,c5,c5,c5,c5,c5,c5,c5
6366,6364,3,c5,c234,c234,c234,c234,c5,c234,c234,c5
6367,6365,3,c1,c5,c5,c5,c5,c5,c5,c5,c5
6368,6366,2,c234,c5,c5,c5,c5,c5,c5,c5,c5
6369,6367,1,c1,c1,c1,c1,c1,c5,c1,c1,c5
6371,6369,1,c1,c1,c1,c1,c1,c1,c1,c1,c1
6373,6371,2,c1,c5,c5,c5,c5,c5,c5,c5,c5
6374,6372,3,c234,c1,c1,c234,c234,c234,c1,c234,c234
6375,6373,1,c1,c1,c1,c1,c1,c5,c1,c1,c5
6377,6375,2,c5,c234,c234,c5,c5,c5,c234,c5,c5
6378,6376,3,c1,c234,c234,c234,c234,c234,c234,c234,c234
6379,6377,1,c234,c5,c5,c5,c5,c5,c5,c5,c5
6380,6378,2,c5,c5,c5,c5,c5,c5,c5,c5,c5
6381,6379,3,c234,c5,c234,c5,c5,c234,c5,c5,c234
6382,271,1,c234,c1,c1,c1,c1,c1,c1,c1,c1
6384,504,2,c5,c1,c1,c1,c1,c1,c1,c1,c1
6385,271,1,c1,c1,c1,c1,c1,c1,c1,c1,c1
6386,6384,2,c5,c5,c5,c5,c5,c5,c5,c5,c5
6387,6385,1,c1,c1,c1,c234,c1,c1,c1,c1,c1
6388,1133,2,c234,c1,c234,c234,c1,c234,c1,c234,c234
6390,6388,1,c234,c1,c1,c1,c1,c234,c1,c1,c234
6391,3394,3,c1,c234,c234,c234,c234,c234,c234,c234,c1
6392,7,3,c5,c5,c5,c5,c5,c5,c5,c5,c5
6393,6391,2,c234,c234,c234,c234,c234,c234,c234,c234,c234
6394,6392,3,c5,c5,c5,c5,c5,c5,c5,c5,c234
6395,6393,3,c5,c234,c234,c234,c234,c1,c234,c234,c1
6397,6395,3,c5,c5,c5,c5,c5,c5,c5,c5,c5
6398,3035,2,c1,c5,c1,c5,c5,c5,c5,c1,c1
6399,6397,1,c234,c5,c5,c5,c5,c234,c5,c5,c234
6400,6398,1,c5,c5,c5,c5,c234,c234,c5,c234,c234
6401,4491,2,c234,c234,c234,c234,c234,c234,c234,c234,c1
6402,6400,2,c5,c5,c5,c5,c5,c5,c5,c5,c5
6403,6401,3,c5,c1,c1,c5,c5,c5,c5,c5,c5
6404,6402,2,c5,c5,c5,c5,c5,c5,c5,c5,c5
6405,6403,1,c5,c5,c5,c5,c5,c5,c5,c5,c5
6408,6406,3,c234,c5,c1,c5,c5,c5,c5,c1,c1
6410,6408,1,c234,c1,c1,c1,c1,c234,c1,c1,c1
6411,6409,2,c5,c234,c234,c234,c234,c234,c234,c234,c234
6412,6410,1,c5,c5,c1,c5,c1,c1,c5,c1,c1
6413,6411,3,c234,c234,c234,c234,c234,c234,c234,c234,c234
6414,6412,2,c5,c234,c234,c234,c234,c234,c234,c234,c5
6416,6414,3,c5,c1,c1,c1,c1,c1,c1,c1,c1
6417,6415,1,c1,c234,c234,c234,c234,c234,c234,c234,c234
6418,6416,2,c234,c5,c5,c5,c5,c234,c5,c5,c5
6419,4754,3,c234,c1,c1,c1,c1,c1,c1,c1,c1
6420,6418,3,c234,c1,c1,c1,c1,c1,c1,c1,c1
6422,6420,1,c234,c5,c5,c5,c5,c5,c5,c5,c5
6423,6421,2,c234,c5,c5,c5,c5,c5,c5,c5,c5
6424,6422,3,c1,c1,c1,c1,c1,c1,c1,c1,c1
6425,6423,1,c1,c1,c1,c1,c1,c1,c1,c1,c1
6427,6425,2,c234,c234,c234,c234,c234,c234,c234,c234,c234
6428,6426,3,c5,c5,c5,c5,c5,c234,c5,c5,c5
6429,6427,1,c5,c5,c5,c5,c5,c5,c5,c5,c5
6430,6428,2,c1,c5,c5,c5,c234,c234,c5,c5,c1
6432,6430,2,c5,c234,c234,c234,c234,c234,c234,c234,c234
6433,36,2,c234,c5,c5,c5,c5,c5,c5,c5,c5
6434,6432,2,c1,c1,c1,c1,c1,c1,c1,c1,c1
6435,6433,3,c5,c5,c5,c5,c5,c5,c5,c5,c5
6436,1249,2,c234,c234,c234,c234,c234,c5,c234,c234,c234
6437,6435,1,c234,c1,c1,c1,c1,c234,c1,c1,c1
6439,6437,3,c5,c1,c1,c1,c1,c5,c1,c1,c1
6440,6438,2,c5,c5,c5,c5,c5,c5,c5,c5,c5
6441,6439,1,c234,c234,c234,c234,c234,c234,c234,c234,c234
6443,6441,2,c234,c1,c1,c1,c1,c1,c1,c1,c234
6444,6442,1,c5,c234,c234,c234,c234,c234,c234,c234,c234
6446,6444,2,c1,c5,c5,c5,c5,c5,c5,c5,c5
6448,6446,1,c5,c5,c5,c5,c5,c5,c5,c5,c5
6449,6447,2,c5,c1,c1,c234,c5,c234,c1,c1,c1
6450,6448,3,c234,c234,c234,c234,c234,c5,c234,c234,c5
6451,816,3,c234,c234,c234,c234,c234,c234,c234,c234,c234
6452,6450,1,c1,c234,c234,c234,c234,c234,c234,c234,c234
6453,6451,2,c234,c5,c5,c5,c234,c5,c5,c5,c234
6454,6452,3,c234,c234,c234,c234,c234,c5,c234,c234,c5
6456,6454,1,c5,c5,c5,c5,c5,c5,c5,c5,c5
6457,6455,3,c5,c5,c5,c5,c5,c5,c5,c5,c5
6458,6456,2,c234,c234,c234,c234,c234,c5,c234,c234,c5
6459,6457,2,c5,c1,c1,c1,c1,c1,c1,c1,c1
6460,6458,1,c234,c5,c5,c234,c234,c5,c5,c5,c5
6461,6459,3,c1,c5,c5,c5,c5,c5,c5,c5,c5
6462,6460,2,c5,c234,c234,c234,c234,c234,c234,c234,c234
6464,6462,3,c234,c1,c1,c1,c1,c1,c1,c1,c1
6465,6463,1,c5,c5,c5,c5,c5,c5,c5,c5,c5
6467,6465,2,c234,c234,c234,c234,c234,c234,c234,c234,c234
6468,6466,3,c5,c5,c234,c234,c5,c5,c5,c234,c234
6469,6467,1,c5,c5,c5,c5,c5,c234,c5,c5,c234
6470,6468,2,c5,c234,c234,c234,c234,c234,c234,c234,c234
6472,6470,3,c5,c5,c5,c5,c5,c5,c5,c5,c5
6473,6471,1,c5,c5,c5,c5,c5,c5,c5,c5,c5
6474,6472,3,c1,c1,c1,c1,c1,c5,c1,c1,c5
6475,6473,2,c1,c5,c5,c5,c5,c5,c5,c5,c5
6477,271,1,c1,c1,c1,c1,c1,c1,c1,c1,c1
6478,6476,1,c5,c5,c5,c5,c5,c5,c5,c5,c234
6479,6477,2,c5,c234,c234,c234,c234,c234,c234,c234,c234
6480,6478,3,c1,c1,c1,c1,c1,c1,c1,c1,c1
6481,406,2,c1,c1,c1,c1,c1,c1,c1,c1,c1
6482,6480,1,c5,c234,c234,c234,c234,c5,c234,c234,c234
6483,6481,3,c234,c234,c234,c234,c234,c234,c234,c1,c1
6484,6482,2,c5,c1,c1,c1,c1,c5,c1,c1,c1
6485,6483,1,c5,c234,c234,c234,c234,c234,c234,c234,c234
6487,7,3,c5,c5,c5,c5,c5,c5,c5,c5,c5
6488,6486,2,c1,c5,c5,c5,c5,c5,c5,c5,c5
6489,6487,3,c1,c234,c234,c234,c234,c5,c234,c234,c5
6490,6488,3,c5,c5,c5,c5,c5,c5,c5,c5,c5
6492,271,1,c5,c1,c1,c1,c1,c1,c1,c1,c1
6493,6491,1,c234,c234,c234,c234,c234,c5,c5,c234,c5
6494,6492,2,c234,c5,c5,c5,c5,c5,c5,c5,c5
6495,6493,1,c1,c234,c234,c234,c234,c1,c234,c234,c1
6497,6495,2,c1,c234,c234,c234,c234,c234,c234,c234,c234
6498,784,1,c1,c5,c5,c5,c5,c5,c5,c5,c234
6499,6497,3,c5,c5,c5,c5,c5,c5,c5,c5,c5
6500,6498,1,c1,c5,c5,c5,c5,c5,c5,c5,c234
6502,6500,2,c1,c234,c234,c234,c234,c5,c234,c234,c5
6505,6503,3,c5,c5,c5,c5,c5,c5,c5,c5,c5
6506,6504,1,c5,c5,c5,c5,c5,c5,c5,c5,c5
6507,6505,3,c234,c1,c1,c1,c1,c1,c1,c1,c1
6508,6506,1,c234,c234,c234,c234,c234,c5,c234,c234,c234
6509,6507,2,c5,c5,c5,c5,c5,c5,c5,c5,c5
6510,6508,3,c1,c5,c5,c234,c5,c5,c5,c234,c5
6512,6510,1,c234,c5,c5,c5,c5,c5,c5,c5,c1
6513,6511,2,c234,c1,c1,c1,c1,c5,c1,c1,c5
6514,6512,2,c5,c5,c5,c5,c5,c5,c5,c5,c5
6515,6513,3,c5,c5,c5,c5,c5,c5,c5,c5,c5
6517,6515,2,c5,c5,c5,c1,c234,c234,c5,c1,c234
6518,6516,1,c5,c5,c5,c5,c5,c5,c5,c5,c5
6519,6517,2,c1,c1,c1,c1,c1,c1,c1,c1,c1
6521,6519,3,c1,c5,c5,c5,c5,c5,c5,c5,c5
6522,6520,3,c1,c1,c1,c1,c1,c1,c1,c1,c1
6523,6521,1,c234,c5,c5,c5,c5,c5,c5,c5,c5
6524,6522,1,c1,c5,c5,c5,c5,c5,c5,c5,c5
6525,91,3,c5,c1,c1,c1,c1,c1,c1,c1,c1
6526,16,1,c1,c1,c1,c1,c1,c1,c1,c1,c1
6527,6525,2,c234,c5,c5,c5,c5,c5,c5,c5,c234
6529,7,3,c1,c5,c5,c5,c5,c5,c5,c5,c5
6530,6528,3,c1,c5,c5,c5,c5,c5,c5,c5,c5
6531,24,3,c1,c234,c234,c234,c234,c234,c234,c234,c234
6532,6530,3,c1,c5,c5,c5,c5,c5,c5,c5,c5
6533,0,3,c234,c1,c1,c1,c1,c1,c1,c1,c1
6534,6532,3,c234,c1,c1,c1,c1,c1,c1,c1,c1
6535,6533,1,c1,c234,c234,c234,c234,c5,c234,c234,c5
6536,6534,2,c234,c234,c234,c1,c234,c234,c234,c234,c234
6537,6535,1,c5,c5,c234,c5,c5,c5,c5,c5,c5
6539,107,1,c234,c1,c1,c1,c1,c5,c1,c1,c5
6540,6538,2,c5,c5,c5,c5,c5,c5,c5,c5,c234
6542,6540,3,c234,c234,c234,c234,c234,c1,c234,c234,c1
6544,6542,1,c1,c1,c1,c1,c5,c1,c1,c1,c1
6545,6169,3,c5,c234,c234,c234,c234,c234,c234,c234,c234
6546,6544,2,c1,c234,c234,c234,c5,c5,c234,c234,c5
6547,6545,3,c234,c1,c1,c1,c1,c234,c1,c1,c234
6548,6546,1,c234,c5,c5,c5,c5,c5,c5,c5,c5
6549,6547,2,c234,c234,c234,c234,c234,c234,c234,c234,c234
6552,6550,3,c234,c1,c1,c1,c1,c234,c1,c1,c1
6553,6551,1,c5,c5,c5,c5,c5,c234,c5,c5,c5
6554,6552,3,c1,c1,c1,c1,c1,c1,c1,c1,c1
6555,271,1,c234,c1,c1,c1,c1,c1,c1,c1,c1
6557,6555,2,c1,c1,c1,c1,c1,c234,c1,c1,c1
6558,6556,1,c1,c5,c5,c234,c5,c5,c5,c1,c5
6559,6557,2,c5,c5,c5,c234,c5,c234,c5,c5,c234
6561,6559,3,c234,c5,c5,c5,c5,c5,c5,c5,c5
6562,6560,3,c1,c5,c5,c5,c5,c5,c5,c5,c5
6563,6561,1,c1,c5,c5,c5,c5,c5,c5,c5,c5
6564,6562,2,c5,c5,c5,c5,c5,c5,c5,c5,c5
6565,939,3,c1,c234,c234,c1,c234,c1,c1,c1,c1
6566,6564,1,c5,c5,c5,c5,c5,c5,c5,c5,c5
6568,6566,1,c5,c5,c5,c5,c5,c5,c5,c5,c5
6569,6567,2,c1,c1,c1,c234,c1,c1,c1,c1,c1
6570,6568,3,c5,c234,c234,c234,c234,c234,c234,c234,c234
6571,6569,1,c5,c5,c5,c5,c5,c5,c5,c5,c5
6573,16,1,c5,c1,c1,c1,c1,c1,c1,c1,c1
6574,257,2,c1,c1,c1,c1,c1,c1,c1,c1,c1
6575,1025,1,c5,c5,c5,c5,c5,c5,c5,c5,c5
6576,166,2,c1,c1,c1,c1,c1,c1,c1,c1,c1
6577,6575,3,c5,c5,c5,c1,c234,c234,c1,c1,c5
6578,6576,1,c1,c1,c1,c1,c1,c234,c1,c1,c234
6579,4245,2,c1,c234,c234,c5,c234,c234,c234,c5,c234
6580,6578,2,c234,c5,c5,c5,c5,c5,c5,c5,c5
6581,6579,1,c5,c5,c5,c5,c5,c5,c5,c5,c5
6582,6580,1,c234,c5,c5,c5,c5,c5,c5,c5,c5
6584,6582,2,c5,c1,c1,c1,c1,c1,c1,c1,c1
6586,7,3,c1,c1,c5,c1,c1,c5,c1,c5,c5
6587,6585,3,c1,c5,c5,c5,c5,c234,c5,c5,c5
6588,6586,2,c234,c5,c1,c5,c5,c5,c5,c5,c5
6592,6590,2,c1,c5,c5,c5,c5,c5,c5,c5,c5
6594,6592,1,c234,c1,c1,c5,c1,c1,c1,c5,c1
6595,735,1,c1,c5,c5,c5,c5,c5,c5,c5,c5
6596,6594,2,c5,c5,c5,c5,c5,c5,c5,c5,c5
6597,6595,3,c234,c234,c234,c234,c234,c234,c234,c234,c234
6598,470,2,c1,c5,c5,c5,c5,c234,c5,c5,c234
6600,6598,1,c5,c5,c5,c5,c5,c5,c5,c5,c5
6601,6599,2,c1,c234,c234,c234,c234,c234,c234,c234,c234
6602,6600,3,c5,c1,c1,c1,c1,c1,c1,c1,c1
6604,6602,1,c1,c5,c5,c5,c5,c5,c5,c5,c5
6605,6603,1,c1,c1,c1,c1,c1,c5,c1,c5,c5
6606,349,1,c5,c1,c5,c1,c1,c5,c1,c5,c5
6607,6605,2,c1,c5,c5,c5,c5,c5,c5,c5,c5
6608,6606,3,c234,c5,c5,c5,c5,c5,c5,c5,c5
6609,271,1,c234,c1,c1,c1,c1,c1,c1,c1,c1
6610,6608,2,c1,c5,c5,c5,c5,c5,c5,c5,c5
6612,6610,1,c1,c1,c1,c1,c1,c5,c1,c1,c5
6613,6611,3,c234,c5,c5,c5,c5,c234,c5,c5,c234
6614,7,3,c234,c5,c5,c5,c5,c5,c5,c5,c5
6615,6613,2,c5,c5,c5,c5,c1,c5,c5,c1,c5
6618,6616,3,c5,c5,c5,c5,c5,c5,c5,c5,c5
6619,7,3,c1,c1,c5,c1,c1,c5,c1,c5,c5
6620,6618,2,c234,c234,c234,c234,c234,c234,c234,c234,c234
6621,6619,3,c1,c5,c1,c1,c1,c5,c5,c1,c1
6622,6620,1,c5,c1,c1,c1,c1,c1,c1,c1,c1
6623,6621,3,c5,c5,c5,c5,c1,c5,c5,c5,c5
6624,6622,2,c5,c5,c5,c5,c5,c5,c5,c5,c5
6625,6623,2,c5,c5,c5,c5,c5,c5,c5,c5,c5
6628,6626,3,c1,c1,c234,c1,c234,c234,c1,c1,c1
6629,6627,1,c5,c5,c5,c5,c5,c5,c5,c5,c5
6630,6628,1,c1,c1,c1,c1,c1,c5,c1,c1,c5
6631,406,2,c5,c1,c1,c1,c1,c1,c1,c1,c1
6633,713,2,c1,c5,c5,c5,c5,c5,c5,c5,c5
6634,6632,2,c234,c1,c1,c1,c1,c1,c1,c1,c1
6635,6633,3,c5,c5,c5,c5,c5,c5,c5,c5,c5
6637,6635,1,c5,c5,c5,c5,c5,c5,c5,c5,c5
6639,3010,2,c234,c5,c5,c5,c5,c5,c5,c5,c5
6640,6638,2,c5,c5,c5,c5,c5,c5,c5,c5,c5
6641,6639,3,c234,c1,c1,c1,c1,c1,c1,c1,c1
6642,6640,1,c234,c1,c1,c1,c5,c5,c1,c5,c5
6644,6642,3,c234,c5,c5,c234,c5,c234,c5,c234,c234
6645,6643,1,c234,c234,c234,c234,c234,c234,c234,c234,c234
6646,6644,2,c1,c1,c1,c1,c1,c1,c1,c1,c1
6647,7,3,c1,c5,c5,c5,c5,c5,c5,c5,c5
6648,6646,2,c234,c5,c5,c5,c5,c5,c5,c5,c5
6649,6647,3,c5,c1,c1,c1,c1,c1,c1,c1,c1
6651,6649,1,c1,c5,c5,c5,c5,c5,c5,c5,c5
6652,6650,3,c5,c234,c234,c234,c5,c234,c234,c5,c5
6653,6651,2,c1,c1,c1,c1,c1,c1,c1,c1,c1
6654,16,1,c5,c1,c1,c1,c1,c1,c1,c1,c1
6655,6653,1,c5,c5,c5,c5,c5,c5,c5,c5,c5
6656,6654,2,c5,c5,c5,c5,c5,c5,c5,c5,c5
6657,6655,3,c1,c1,c1,c1,c1,c1,c1,c1,c1
6658,6656,1,c234,c234,c1,c234,c234,c234,c234,c234,c234
6660,6658,2,c234,c234,c234,c234,c234,c234,c234,c234,c234
6661,6659,3,c5,c1,c1,c1,c1,c1,c1,c1,c1
6663,6661,1,c234,c234,c234,c234,c234,c234,c234,c234,c234
6664,6662,2,c234,c5,c5,c5,c1,c5,c234,c1,c5
6665,6663,3,c234,c1,c1,c1,c1,c1,c1,c234,c234
6666,6664,2,c234,c1,c1,c1,c1,c1,c1,c1,c1
6667,6665,1,c1,c5,c5,c5,c5,c5,c5,c5,c5
6669,6667,3,c1,c1,c1,c1,c1,c1,c1,c1,c5
6670,6668,2,c234,c5,c5,c5,c5,c234,c5,c5,c234
6671,271,1,c234,c1,c1,c1,c1,c1,c1,c1,c1
6672,7,3,c1,c5,c5,c5,c5,c5,c5,c5,c5
6673,6671,1,c234,c5,c5,c5,c5,c5,c5,c5,c5
6675,6673,3,c234,c1,c234,c234,c234,c5,c234,c234,c234
6676,6674,1,c5,c5,c5,c5,c5,c5,c5,c5,c5
6677,6675,2,c234,c234,c234,c234,c234,c234,c234,c234,c5
6678,6676,3,c5,c234,c234,c234,c234,c234,c234,c234,c234
6679,6677,3,c1,c1,c1,c1,c1,c1,c1,c1,c1
6680,6678,1,c1,c1,c1,c1,c1,c234,c1,c1,c234
6681,6679,2,c234,c234,c234,c234,c234,c234,c234,c234,c234
6683,6681,2,c1,c1,c1,c1,c1,c5,c1,c1,c5
6684,6682,3,c5,c5,c5,c5,c5,c5,c5,c5,c5
6685,6683,1,c234,c234,c234,c234,c234,c234,c234,c234,c234
6688,6686,1,c1,c5,c234,c5,c234,c5,c5,c5,c5
6689,6687,2,c234,c5,c5,c5,c5,c5,c5,c5,c5
6690,6688,3,c5,c5,c5,c5,c5,c5,c5,c5,c5
6691,6689,2,c5,c1,c1,c1,c1,c1,c1,c1,c1
6693,6691,3,c234,c234,c234,c234,c234,c234,c234,c234,c234
6694,6692,1,c234,c5,c1,c5,c5,c5,c5,c1,c5
6695,6693,1,c1,c5,c5,c5,c5,c5,c5,c5,c5
6696,6694,2,c5,c1,c1,c1,c1,c1,c1,c1,c1
6697,6695,3,c5,c5,c5,c5,c5,c5,c5,c5,c5
6698,6696,3,c1,c234,c234,c234,c234,c234,c234,c234,c234
6699,6697,1,c234,c5,c5,c5,c5,c5,c5,c5,c5
6701,6699,3,c1,c1,c1,c1,c1,c1,c1,c1,c1
6703,6701,1,c234,c1,c1,c1,c1,c1,c1,c1,c1
6704,6702,2,c1,c5,c5,c5,c5,c5,c5,c5,c234
6705,6703,2,c5,c5,c5,c5,c5,c5,c5,c5,c5
6706,6704,3,c5,c5,c5,c234,c5,c5,c5,c5,c5
6708,6706,3,c5,c1,c1,c1,c1,c234,c1,c1,c234
6709,6707,1,c5,c5,c5,c5,c1,c1,c5,c5,c1
6710,6708,2,c1,c234,c234,c234,c234,c234,c234,c234,c234
6712,6710,1,c234,c1,c1,c1,c1,c1,c1,c1,c1
6713,6711,2,c234,c5,c5,c5,c5,c5,c5,c5,c5
6714,6712,2,c234,c1,c1,c1,c1,c234,c1,c1,c1
6715,6713,3,c234,c234,c234,c234,c234,c234,c234,c234,c234
6716,1212,3,c1,c1,c1,c1,c1,c1,c1,c1,c1
6717,6715,1,c234,c1,c1,c1,c1,c1,c1,c1,c1
6719,6717,3,c234,c1,c1,c1,c1,c5,c1,c1,c5
6721,6719,3,c5,c234,c234,c234,c234,c234,c234,c234,c234
6722,284,3,c5,c1,c1,c1,c1,c5,c1,c1,c5
6723,6721,1,c5,c234,c234,c234,c234,c5,c234,c234,c5
6725,6723,2,c1,c5,c5,c5,c5,c5,c5,c5,c5
6726,6724,1,c234,c1,c1,c1,c1,c1,c1,c1,c1
6727,6725,2,c5,c234,c234,c234,c234,c234,c234,c234,c234
6728,6726,3,c1,c234,c234,c234,c234,c234,c234,c234,c234
6731,6729,1,c1,c1,c1,c1,c1,c5,c1,c1,c5
6732,6730,1,c5,c5,c5,c5,c5,c5,c5,c5,c5
6733,319,2,c234,c5,c5,c5,c5,c5,c5,c5,c5
6734,6732,2,c5,c5,c5,c5,c5,c5,c5,c5,c5
6735,6733,3,c1,c1,c1,c1,c1,c1,c1,c1,c1
6736,6734,2,c5,c5,c5,c5,c5,c234,c5,c5,c234
6737,6735,1,c234,c234,c234,c234,c234,c5,c234,c234,c5
6738,6736,3,c1,c1,c1,c1,c1,c1,c1,c1,c1
6739,6737,2,c1,c234,c234,c234,c234,c5,c234,c234,c234
6740,6738,3,c5,c234,c234,c234,c234,c234,c234,c234,c234
6742,6740,1,c1,c5,c5,c5,c5,c5,c5,c5,c5
6744,6742,3,c1,c1,c1,c1,c1,c1,c1,c1,c1
6745,6743,2,c234,c1,c1,c1,c1,c234,c1,c1,c234
6746,6744,1,c234,c5,c5,c5,c5,c5,c5,c5,c5
6747,6745,2,c5,c5,c5,c5,c5,c5,c5,c5,c5
6749,6747,3,c1,c1,c1,c1,c1,c234,c1,c1,c1
6750,6748,1,c1,c1,c1,c1,c234,c1,c1,c1,c1
6751,6749,1,c1,c5,c5,c5,c5,c5,c5,c5,c5
6753,6751,2,c1,c1,c1,c1,c1,c1,c1,c234,c234
6754,6752,2,c5,c5,c5,c5,c5,c5,c5,c5,c5
6755,6753,3,c1,c1,c1,c1,c1,c1,c1,c1,c1
6756,6754,2,c234,c5,c5,c5,c234,c234,c5,c5,c234
6757,6755,1,c5,c5,c5,c5,c5,c5,c5,c5,c5
6759,6757,3,c1,c5,c5,c5,c5,c5,c5,c1,c1
6760,6758,1,c234,c1,c1,c1,c1,c234,c1,c1,c1
6762,6760,2,c1,c1,c1,c1,c1,c5,c1,c1,c5
6764,6762,1,c5,c5,c5,c5,c5,c5,c5,c5,c234
6765,6763,3,c234,c234,c234,c234,c234,c234,c234,c234,c234
6766,6764,2,c5,c5,c5,c5,c5,c5,c5,c5,c234
6768,6766,3,c1,c234,c234,c234,c234,c234,c234,c234,c234
6769,1755,1,c234,c1,c1,c1,c1,c234,c1,c1,c1
6770,6768,1,c1,c1,c1,c234,c1,c1,c1,c234,c1
6773,6771,3,c5,c234,c234,c234,c234,c5,c234,c5,c5
6774,3258,2,c5,c5,c5,c1,c5,c5,c5,c5,c5
6775,6773,2,c234,c1,c1,c1,c1,c1,c1,c1,c1
6776,6774,1,c5,c5,c5,c5,c5,c5,c5,c5,c5
6777,6775,3,c234,c5,c5,c5,c5,c5,c5,c5,c5
6778,6776,2,c234,c5,c5,c5,c5,c234,c5,c5,c234
6779,713,2,c1,c5,c5,c5,c5,c5,c5,c5,c5
6780,2499,3,c1,c5,c1,c5,c5,c5,c5,c1,c1
6781,6779,1,c234,c5,c5,c5,c5,c5,c5,c5,c5
6782,6780,2,c5,c5,c5,c5,c5,c5,c5,c5,c5
6783,6781,3,c5,c5,c5,c5,c5,c5,c5,c5,c5
6785,6783,1,c234,c234,c234,c234,c234,c234,c234,c234,c5
6786,6784,3,c5,c234,c234,c234,c234,c234,c234,c234,c234
6787,6785,2,c1,c5,c5,c5,c5,c5,c5,c5,c5
6788,6786,2,c234,c1,c1,c1,c1,c1,c1,c1,c1
6790,6788,1,c234,c5,c5,c5,c5,c5,c5,c5,c5
6791,6789,3,c5,c234,c5,c234,c234,c5,c234,c5,c5
6792,6790,1,c1,c5,c5,c5,c5,c5,c5,c5,c5
6793,6791,2,c1,c5,c5,c5,c5,c5,c5,c5,c5
6795,6793,2,c1,c234,c234,c234,c234,c234,c234,c234,c234
6796,3888,2,c1,c5,c234,c234,c5,c234,c5,c234,c234
6797,6795,3,c234,c5,c5,c5,c5,c5,c5,c5,c5
6798,6796,1,c234,c234,c234,c234,c234,c5,c234,c234,c5
6800,6798,3,c234,c234,c234,c5,c234,c5,c5,c5,c234
6801,1172,2,c1,c1,c1,c5,c1,c1,c1,c5,c1
6802,6800,1,c5,c1,c1,c1,c1,c1,c1,c1,c1
6803,6801,2,c1,c234,c234,c234,c234,c234,c234,c234,c234
6804,6802,3,c1,c1,c1,c1,c1,c234,c1,c1,c234
6805,0,3,c1,c1,c1,c1,c1,c1,c1,c1,c1
6806,989,1,c5,c234,c234,c234,c234,c234,c234,c1,c234
6807,6805,2,c1,c1,c1,c1,c1,c1,c1,c1,c1
6809,6807,3,c5,c234,c234,c234,c234,c234,c234,c234,c234
6810,6808,1,c5,c5,c5,c5,c5,c5,c5,c5,c5
6811,6809,1,c5,c1,c1,c1,c1,c5,c1,c1,c5
6812,6810,3,c5,c5,c5,c5,c5,c5,c5,c5,c5
6813,6811,1,c1,c1,c1,c1,c1,c1,c1,c234,c5
6815,36,2,c1,c5,c5,c5,c5,c5,c5,c5,c5
6816,504,2,c5,c1,c1,c1,c1,c1,c1,c1,c1
6817,6815,2,c5,c5,c5,c5,c5,c5,c5,c5,c5
6818,6816,3,c234,c5,c5,c1,c1,c234,c5,c1,c234
6819,6817,1,c234,c234,c234,c234,c234,c234,c234,c234,c5
6820,6818,2,c234,c234,c234,c234,c234,c5,c234,c234,c234
6822,6820,1,c5,c5,c5,c5,c5,c5,c5,c5,c5
6823,6821,3,c1,c5,c5,c5,c5,c5,c5,c5,c5
6825,6823,1,c1,c1,c1,c1,c1,c5,c1,c1,c1
6826,6824,2,c1,c234,c234,c234,c234,c234,c234,c234,c234
6827,6825,3,c234,c1,c1,c1,c1,c1,c1,c1,c1
6828,6826,2,c1,c1,c1,c1,c1,c1,c1,c1,c1
6829,6827,1,c234,c5,c5,c5,c5,c5,c5,c5,c5
6830,6828,3,c1,c234,c234,c1,c234,c234,c234,c1,c1
6832,6830,2,c1,c234,c234,c234,c234,c234,c234,c234,c234
6833,6831,1,c1,c1,c1,c1,c1,c5,c1,c1,c5
6834,6832,3,c5,c234,c234,c234,c234,c5,c234,c5,c5
6835,6833,2,c1,c1,c1,c1,c1,c5,c1,c1,c1
6837,6835,1,c234,c5,c5,c5,c5,c5,c5,c5,c5
6838,6836,2,c234,c234,c234,c234,c234,c234,c234,c234,c234
6839,6837,3,c234,c5,c5,c234,c5,c234,c234,c5,c234
6840,166,2,c5,c1,c1,c1,c1,c1,c1,c1,c1
6841,735,1,c1,c5,c5,c5,c5,c5,c5,c5,c5
6842,6840,3,c1,c1,c1,c1,c1,c5,c1,c234,c234
6843,6841,2,c234,c5,c5,c5,c5,c5,c5,c5,c5
6844,6842,1,c234,c234,c234,c234,c234,c5,c234,c234,c5
6846,6844,1,c234,c234,c234,c234,c234,c5,c234,c234,c5
6848,6846,3,c234,c234,c5,c234,c234,c234,c234,c234,c234
6849,6847,2,c234,c234,c234,c234,c234,c234,c234,c234,c1
6850,6848,3,c234,c234,c234,c234,c234,c234,c234,c234,c234
6851,6849,1,c1,c1,c1,c1,c1,c234,c1,c1,c234
6852,6821,3,c1,c234,c5,c5,c234,c5,c234,c5,c5
6853,6851,3,c5,c5,c5,c5,c5,c5,c5,c5,c5
6854,1859,1,c1,c234,c234,c234,c234,c234,c234,c234,c234
6856,6854,2,c1,c1,c1,c1,c1,c1,c1,c1,c1
6857,6855,1,c5,c5,c5,c5,c5,c5,c5,c5,c5
6858,36,2,c5,c5,c5,c5,c5,c5,c5,c5,c5
6859,6857,2,c5,c5,c5,c5,c5,c5,c5,c5,c5
6860,6858,3,c1,c1,c1,c1,c1,c1,c1,c1,c1
6862,6860,1,c1,c5,c5,c5,c5,c5,c5,c5,c5
6863,4009,1,c1,c1,c1,c1,c1,c1,c1,c1,c1
6864,6862,3,c234,c234,c234,c234,c234,c5,c234,c234,c5
6865,6863,2,c234,c5,c5,c5,c5,c5,c5,c5,c5
6866,6864,1,c5,c5,c5,c5,c5,c5,c5,c5,c5
6867,6865,2,c5,c5,c5,c5,c5,c5,c5,c5,c5
6868,6866,3,c5,c5,c5,c5,c5,c5,c5,c5,c5
6869,271,1,c5,c1,c1,c1,c1,c1,c1,c1,c1
6870,6868,2,c234,c5,c5,c234,c5,c5,c5,c5,c5
6872,6870,1,c1,c5,c5,c5,c5,c5,c5,c5,c5
6873,6871,3,c5,c5,c5,c5,c5,c5,c5,c1,c1
6875,6873,2,c5,c5,c5,c5,c5,c5,c5,c5,c5
6876,6874,1,c5,c5,c5,c5,c234,c5,c5,c5,c5
6877,6875,3,c5,c5,c5,c5,c5,c5,c5,c5,c5
6878,6876,1,c5,c5,c5,c5,c5,c5,c5,c5,c5
6880,6878,2,c1,c5,c5,c5,c5,c5,c5,c5,c5
6881,6879,3,c1,c1,c1,c1,c1,c234,c1,c1,c234
6882,6880,1,c5,c5,c5,c5,c5,c5,c5,c5,c5
6883,6881,2,c5,c5,c5,c5,c5,c5,c5,c5,c5
6884,6882,3,c5,c5,c5,c5,c5,c234,c5,c234,c234
6885,6883,1,c234,c5,c5,c5,c5,c5,c5,c5,c5
6887,6885,2,c1,c5,c5,c5,c5,c5,c5,c5,c5
6888,6886,2,c234,c234,c234,c234,c234,c5,c234,c234,c5
6889,6887,3,c1,c5,c1,c5,c1,c5,c5,c1,c5
6891,6889,1,c1,c234,c1,c234,c234,c5,c234,c1,c5
6892,6890,3,c5,c234,c234,c234,c234,c5,c234,c234,c5
6893,6891,1,c5,c5,c5,c5,c5,c5,c5,c5,c5
6894,6892,2,c1,c1,c1,c1,c1,c1,c1,c1,c1
6896,6894,3,c1,c1,c1,c1,c1,c1,c1,c1,c1
6897,4176,2,c1,c1,c1,c1,c1,c1,c1,c1,c1
6898,6896,1,c234,c5,c5,c5,c5,c5,c5,c5,c5
6899,6897,3,c234,c1,c1,c1,c1,c1,c1,c1,c234
6900,36,2,c5,c5,c5,c5,c5,c5,c5,c5,c5
6901,3258,2,c1,c5,c5,c1,c5,c5,c5,c5,c5
6903,6901,2,c1,c234,c234,c234,c234,c5,c234,c234,c5
6905,3231,3,c5,c5,c5,c5,c5,c5,c5,c5,c5
6906,6904,1,c234,c234,c234,c234,c5,c234,c234,c234,c234
6907,735,1,c1,c5,c5,c5,c5,c5,c5,c5,c5
6909,6907,3,c5,c234,c234,c234,c234,c234,c234,c234,c234
6910,6908,2,c5,c1,c1,c1,c1,c1,c1,c1,c1
6911,6909,2,c234,c5,c234,c5,c5,c5,c5,c5,c5
6912,1020,2,c1,c1,c234,c1,c1,c5,c1,c1,c1
6914,6912,1,c1,c1,c1,c234,c234,c234,c1,c234,c234
6915,6913,3,c234,c234,c234,c234,c1,c234,c234,c5,c5
6918,6916,1,c1,c234,c234,c234,c234,c234,c234,c234,c234
6919,6917,2,c1,c5,c5,c5,c5,c5,c5,c5,c234
6920,6918,3,c1,c5,c5,c5,c5,c5,c5,c5,c5
6921,6919,1,c5,c5,c5,c5,c5,c5,c5,c5,c5
6922,6920,2,c234,c5,c5,c5,c5,c5,c5,c5,c234
6924,6800,1,c1,c1,c1,c1,c1,c1,c1,c1,c1
6925,6923,3,c1,c234,c234,c234,c234,c234,c234,c234,c234
6926,6924,3,c5,c234,c234,c234,c234,c234,c234,c234,c234
6927,457,1,c1,c1,c1,c1,c1,c1,c1,c1,c1
6928,6926,1,c5,c234,c234,c1,c234,c1,c234,c1,c1
6929,16,1,c1,c1,c1,c1,c1,c1,c1,c1,c1
6930,6928,2,c1,c1,c1,c1,c1,c1,c1,c1,c1
6931,6929,2,c234,c234,c234,c234,c234,c234,c234,c234,c234
6934,6932,1,c5,c5,c5,c5,c5,c5,c5,c5,c5
6935,6933,3,c5,c5,c5,c5,c5,c5,c5,c5,c5
6936,6425,2,c234,c234,c234,c234,c234,c234,c234,c234,c234
6937,6935,1,c5,c5,c5,c5,c5,c5,c5,c5,c5
6938,177,1,c234,c234,c234,c234,c234,c234,c234,c234,c234
6939,724,3,c234,c1,c1,c1,c1,c1,c1,c1,c1
6941,6939,2,c234,c1,c1,c1,c1,c1,c1,c1,c1
6942,6940,3,c5,c5,c5,c5,c5,c5,c5,c5,c234
6943,6941,1,c1,c234,c234,c234,c234,c5,c234,c234,c5
6944,6942,2,c234,c234,c234,c234,c234,c234,c234,c234,c234
6945,6943,3,c234,c5,c5,c5,c5,c5,c5,c5,c1
6946,6944,1,c1,c1,c1,c1,c1,c5,c1,c1,c5
6947,6945,2,c1,c5,c5,c5,c5,c5,c5,c5,c5
6948,6946,3,c1,c234,c234,c234,c234,c234,c234,c234,c5
6949,6947,2,c5,c234,c234,c234,c234,c5,c5,c5,c234
6950,6948,3,c5,c234,c234,c234,c234,c234,c234,c234,c234
6951,6949,1,c234,c234,c234,c234,c234,c5,c234,c234,c5
6953,6951,3,c5,c5,c5,c5,c5,c234,c5,c5,c234
6954,6952,2,c5,c1,c1,c234,c1,c5,c234,c234,c234
6955,5236,1,c1,c234,c234,c5,c234,c234,c234,c5,c234
6957,6955,2,c1,c1,c1,c1,c1,c1,c1,c1,c1
6958,6956,1,c234,c234,c234,c234,c234,c234,c234,c234,c234
6960,6958,3,c234,c1,c234,c1,c1,c5,c1,c1,c5
6961,6959,2,c1,c234,c5,c234,c5,c5,c234,c5,c5
6963,36,2,c1,c5,c5,c5,c5,c5,c5,c5,c5
6964,6962,1,c5,c234,c234,c234,c234,c234,c234,c234,c234
6965,6963,3,c5,c5,c5,c5,c5,c234,c5,c5,c1
6967,6965,1,c1,c5,c5,c5,c5,c5,c5,c5,c5
6969,6967,2,c234,c5,c5,c5,c5,c5,c5,c5,c5
6970,6968,3,c5,c5,c5,c5,c5,c5,c5,c5,c5
6971,6969,1,c1,c5,c5,c5,c5,c5,c5,c5,c5
6972,6970,3,c234,c5,c5,c5,c5,c234,c5,c5,c234
6973,6971,2,c1,c1,c1,c234,c1,c5,c1,c1,c5
6975,6973,2,c1,c234,c234,c234,c234,c5,c234,c234,c5
6976,6974,1,c234,c5,c5,c5,c5,c5,c5,c5,c5
6977,6975,1,c1,c1,c1,c1,c1,c1,c1,c1,c1
6978,6976,2,c1,c5,c5,c234,c5,c5,c5,c5,c5
6979,6977,3,c234,c5,c5,c5,c5,c5,c5,c5,c5
6980,931,2,c1,c1,c1,c1,c1,c5,c1,c1,c5
6983,6981,3,c1,c1,c1,c1,c1,c1,c1,c1,c1
6985,6983,1,c1,c234,c234,c234,c234,c5,c234,c234,c5
6986,6984,2,c234,c5,c234,c234,c5,c234,c5,c5,c234
6987,319,2,c234,c5,c5,c5,c5,c5,c5,c5,c5
6988,6986,3,c5,c5,c5,c5,c5,c5,c5,c5,c5
6990,6988,1,c1,c1,c1,c234,c234,c234,c234,c234,c234
6992,6990,2,c5,c1,c234,c234,c1,c234,c1,c234,c234
6993,6916,1,c1,c234,c5,c234,c234,c234,c234,c234,c234
6994,6992,3,c1,c5,c5,c5,c5,c5,c5,c5,c5
6996,6994,2,c234,c5,c5,c5,c5,c234,c5,c5,c234
6997,6995,1,c5,c234,c234,c234,c234,c234,c234,c234,c234
6998,6996,1,c234,c1,c1,c1,c1,c1,c1,c1,c1
7000,6998,1,c5,c5,c5,c5,c5,c234,c5,c5,c234
7001,3549,3,c1,c5,c5,c5,c5,c5,c5,c5,c5
7002,7000,2,c5,c5,c5,c5,c5,c5,c5,c5,c5
7003,7001,3,c5,c5,c5,c5,c5,c5,c5,c5,c5
7004,7002,2,c5,c5,c5,c5,c5,c5,c5,c5,c5
7006,7004,3,c1,c234,c234,c234,c234,c234,c234,c234,c234
7007,7005,3,c5,c234,c234,c234,c234,c234,c234,c234,c1
7008,7006,1,c1,c1,c1,c1,c1,c1,c1,c1,c1
7009,7007,2,c5,c5,c5,c5,c5,c234,c5,c5,c5
7010,7008,1,c234,c5,c5,c5,c5,c234,c5,c5,c234
7012,7010,2,c1,c5,c5,c5,c5,c5,c5,c5,c5
7013,7011,3,c5,c5,c5,c5,c5,c5,c5,c1,c5
7014,7012,1,c5,c234,c234,c234,c234,c234,c234,c234,c234
7016,652,3,c5,c5,c1,c5,c5,c1,c1,c1,c1
7019,7017,2,c5,c1,c1,c1,c1,c234,c1,c1,c1
7020,7018,3,c1,c5,c5,c5,c5,c5,c5,c1,c1
7021,7019,1,c5,c5,c5,c5,c5,c5,c5,c5,c5
7022,7020,2,c5,c1,c1,c1,c1,c234,c1,c1,c1
7023,7021,1,c234,c5,c5,c5,c5,c234,c5,c5,c234
7024,7022,3,c5,c234,c234,c234,c234,c234,c234,c234,c234
7025,7023,3,c5,c5,c5,c234,c5,c5,c5,c5,c5
7027,349,1,c234,c1,c1,c1,c1,c5,c1,c1,c5
7029,7027,2,c234,c5,c5,c5,c5,c5,c5,c5,c5
7030,7028,1,c1,c234,c234,c234,c234,c234,c234,c1,c1
7031,7000,2,c5,c5,c5,c5,c5,c5,c5,c5,c5
7032,7030,2,c1,c1,c1,c1,c1,c234,c1,c1,c5
7033,7031,3,c1,c234,c234,c234,c234,c5,c234,c234,c5
7034,7032,1,c234,c234,c234,c234,c234,c5,c234,c234,c234
7037,7035,1,c5,c234,c234,c234,c234,c5,c234,c234,c5
7038,7036,3,c1,c5,c5,c5,c5,c234,c234,c5,c234
7040,16,1,c234,c1,c1,c1,c1,c1,c1,c1,c1
7041,7039,2,c5,c5,c5,c5,c5,c5,c5,c5,c5
7042,7040,3,c1,c234,c234,c5,c234,c234,c234,c5,c234
7043,7041,1,c5,c234,c234,c234,c234,c234,c234,c234,c234
7044,7042,2,c1,c1,c1,c1,c1,c1,c1,c1,c1
7046,7044,3,c5,c234,c234,c234,c234,c234,c234,c234,c234
7047,1239,3,c1,c5,c5,c5,c5,c5,c5,c5,c5
7048,7046,3,c234,c5,c5,c5,c5,c5,c5,c5,c234
7049,7047,1,c1,c5,c5,c5,c5,c5,c5,c1,c5
7050,5627,1,c1,c1,c1,c1,c1,c234,c1,c1,c5
7052,7050,2,c234,c5,c5,c5,c5,c5,c5,c5,c5
7053,7051,1,c5,c5,c5,c5,c5,c5,c5,c5,c5
7054,7052,3,c5,c1,c234,c1,c1,c5,c1,c1,c5
7055,4491,2,c234,c234,c234,c234,c234,c234,c234,c234,c1
7056,7054,2,c234,c234,c234,c234,c234,c234,c234,c234,c234
7058,7056,1,c234,c1,c1,c1,c1,c5,c1,c1,c5
7060,7058,2,c1,c1,c1,c1,c1,c5,c1,c1,c5
7061,7059,3,c234,c5,c5,c5,c5,c5,c5,c5,c5
7062,7060,3,c234,c1,c1,c1,c1,c1,c1,c1,c234
7064,3870,3,c5,c234,c234,c1,c234,c1,c234,c1,c1
7065,7063,2,c1,c5,c5,c1,c1,c5,c5,c1,c5
7066,7064,1,c234,c1,c1,c1,c1,c1,c1,c1,c1
7067,7065,2,c5,c1,c1,c234,c1,c5,c1,c234,c5
7068,7066,3,c5,c1,c1,c1,c1,c234,c1,c234,c234
7069,7067,1,c5,c5,c5,c5,c5,c5,c5,c5,c5
7070,7068,2,c234,c1,c1,c5,c1,c1,c1,c5,c234
7071,3394,3,c1,c234,c1,c234,c234,c1,c234,c1,c1
7073,7071,3,c234,c1,c1,c1,c1,c1,c1,c1,c234
7074,7072,2,c234,c234,c234,c234,c234,c234,c234,c234,c234
7075,7073,1,c234,c5,c5,c5,c5,c5,c5,c5,c5
7076,7074,2,c1,c1,c1,c1,c1,c234,c1,c1,c234
7077,7075,3,c1,c1,c1,c1,c1,c1,c1,c1,c1
7079,7077,1,c234,c5,c5,c5,c5,c5,c5,c5,c5
7081,7079,2,c5,c5,c5,c5,c5,c5,c5,c5,c5
7083,3484,1,c234,c1,c1,c1,c1,c1,c1,c1,c1
7084,7082,3,c5,c234,c234,c234,c234,c234,c234,c234,c234
7085,7083,1,c5,c5,c5,c5,c5,c5,c5,c5,c5
7086,7084,2,c1,c5,c5,c5,c5,c5,c5,c5,c234
7087,7085,3,c234,c5,c5,c5,c5,c5,c5,c5,c5
7088,7086,1,c5,c1,c1,c1,c1,c1,c1,c1,c1
7089,7087,3,c234,c5,c5,c5,c5,c5,c5,c5,c5
7091,7089,2,c1,c234,c234,c234,c234,c234,c234,c234,c234
7092,7090,2,c5,c234,c234,c234,c234,c234,c234,c234,c234
7093,7091,1,c5,c5,c5,c5,c5,c5,c5,c5,c5
7094,7,3,c234,c5,c5,c5,c5,c5,c5,c5,c5
7096,7094,3,c234,c234,c234,c1,c1,c1,c234,c1,c1
7097,7095,2,c234,c1,c1,c1,c1,c5,c1,c1,c5
7099,7097,1,c1,c234,c234,c234,c234,c234,c234,c5,c1
7100,7098,3,c234,c5,c5,c5,c5,c5,c5,c5,c5
7101,7099,1,c5,c5,c5,c5,c5,c5,c5,c5,c5
7102,7100,2,c1,c5,c5,c1,c5,c234,c5,c5,c234
7104,7102,3,c1,c5,c5,c5,c5,c5,c5,c5,c5
7105,7103,2,c234,c234,c234,c234,c234,c234,c234,c234,c234
7106,7104,1,c5,c5,c5,c5,c5,c234,c5,c5,c234
7107,7105,2,c5,c234,c5,c234,c234,c5,c234,c5,c5
7108,7106,3,c234,c5,c5,c5,c5,c5,c5,c5,c5
7109,7107,1,c234,c1,c5,c1,c1,c5,c5,c234,c5
7111,7109,3,c5,c5,c5,c5,c5,c5,c5,c5,c5
7113,7111,2,c234,c234,c234,c234,c234,c234,c234,c234,c234
7114,7112,1,c234,c5,c5,c5,c5,c5,c5,c5,c5
7115,7113,3,c1,c234,c234,c234,c234,c234,c234,c234,c234
7117,7115,2,c234,c1,c1,c1,c1,c234,c1,c1,c234
7118,7116,3,c5,c5,c5,c5,c5,c5,c5,c5,c234
7119,1212,3,c234,c1,c1,c1,c1,c1,c1,c1,c1
7120,7118,1,c234,c5,c5,c5,c5,c5,c5,c5,c5
7121,7119,2,c5,c5,c234,c234,c5,c5,c5,c234,c5
7122,7120,2,c1,c1,c1,c1,c1,c1,c1,c1,c1
7124,7122,1,c5,c5,c5,c5,c5,c5,c5,c5,c5
7125,3887,1,c1,c5,c5,c5,c5,c5,c5,c5,c5
7126,7124,3,c5,c1,c1,c1,c1,c1,c1,c1,c1
7127,7,3,c5,c5,c5,c5,c5,c5,c5,c5,c5
7128,7126,2,c5,c5,c5,c5,c5,c5,c5,c5,c5
7129,6363,2,c5,c5,c5,c5,c5,c5,c5,c5,c5
7130,7128,3,c234,c5,c5,c5,c5,c5,c5,c5,c5
7131,7129,1,c1,c5,c5,c5,c5,c5,c5,c5,c5
7132,406,2,c234,c1,c1,c1,c1,c1,c1,c1,c1
7134,7132,2,c5,c5,c5,c5,c5,c5,c5,c5,c5
7135,7133,2,c1,c5,c5,c5,c5,c5,c5,c5,c5
7136,7134,3,c1,c5,c5,c5,c5,c5,c5,c5,c5
7137,7135,1,c234,c234,c234,c234,c234,c5,c234,c5,c5
7138,7136,1,c234,c234,c234,c5,c234,c234,c234,c5,c234
7140,7138,3,c1,c1,c1,c1,c1,c234,c1,c1,c5
7141,7139,3,c234,c1,c1,c1,c1,c1,c1,c1,c1
7142,7140,2,c5,c234,c234,c234,c234,c234,c234,c234,c234
7145,784,1,c1,c234,c234,c1,c234,c5,c234,c234,c234
7146,1385,2,c234,c1,c1,c1,c1,c1,c1,c1,c1
7147,7145,1,c5,c5,c5,c5,c5,c5,c5,c5,c5
7148,5866,2,c5,c5,c5,c5,c5,c5,c5,c5,c5
7149,7147,3,c1,c5,c5,c5,c5,c5,c5,c5,c5
7150,7148,2,c1,c5,c5,c5,c5,c5,c5,c5,c5
7151,7149,3,c234,c234,c234,c234,c234,c5,c234,c234,c5
7152,7150,1,c5,c1,c1,c5,c1,c5,c1,c5,c5
7154,614,2,c1,c1,c1,c5,c1,c5,c1,c5,c5
7155,7153,2,c1,c234,c234,c234,c234,c234,c234,c1,c5
7156,7154,1,c1,c1,c1,c1,c1,c5,c1,c1,c1
7157,7155,2,c234,c234,c234,c234,c234,c5,c234,c234,c5
7158,7156,3,c1,c234,c234,c234,c234,c234,c234,c234,c234
7160,7158,1,c1,c1,c1,c1,c1,c234,c1,c1,c234
7161,16,1,c1,c1,c1,c1,c1,c1,c1,c1,c1
7162,7160,3,c1,c5,c5,c5,c5,c5,c5,c5,c5
7163,7161,2,c5,c5,c5,c5,c5,c5,c5,c5,c5
7165,7163,2,c5,c1,c1,c1,c1,c234,c1,c1,c5
7166,7164,1,c234,c234,c234,c234,c234,c234,c234,c234,c234
7167,7165,1,c5,c234,c234,c234,c234,c234,c234,c234,c234
7168,6762,1,c234,c5,c5,c5,c5,c5,c5,c5,c234
7169,7,3,c1,c1,c5,c1,c1,c5,c1,c5,c5
7170,7168,3,c234,c234,c234,c234,c234,c5,c5,c234,c234
7171,7169,2,c1,c5,c5,c5,c5,c5,c5,c5,c5
7173,7171,3,c234,c1,c1,c1,c1,c1,c1,c1,c1
7174,3231,3,c234,c5,c5,c5,c5,c5,c5,c5,c5
7175,7173,1,c5,c1,c1,c1,c1,c5,c1,c1,c5
7176,7174,2,c234,c1,c1,c1,c1,c1,c1,c1,c1
7178,7176,3,c234,c5,c5,c5,c5,c5,c5,c5,c5
7179,7177,1,c234,c234,c234,c234,c234,c5,c234,c234,c234
7180,7178,3,c234,c234,c5,c234,c234,c5,c234,c234,c5
7181,7179,2,c5,c5,c5,c5,c5,c5,c5,c5,c5
7182,7180,1,c234,c234,c234,c234,c234,c234,c234,c234,c234
7184,7182,2,c234,c1,c1,c1,c1,c5,c1,c1,c5
7185,7183,3,c5,c234,c234,c234,c234,c234,c234,c234,c5
7187,194,1,c234,c5,c5,c5,c5,c5,c5,c5,c5
7188,7186,1,c5,c5,c5,c5,c5,c5,c5,c5,c5
7189,7187,2,c1,c234,c234,c1,c234,c234,c234,c234,c234
7190,7188,1,c1,c1,c1,c1,c1,c1,c1,c1,c1
7191,7189,3,c1,c1,c1,c1,c1,c1,c1,c1,c1
7192,7190,3,c1,c5,c5,c5,c5,c5,c5,c5,c5
7194,7192,1,c234,c234,c234,c234,c5,c234,c234,c234,c234
7195,7193,3,c1,c5,c5,c5,c5,c234,c5,c5,c234
7196,7194,2,c5,c234,c234,c234,c234,c234,c234,c234,c234
7197,7195,1,c234,c5,c5,c5,c5,c5,c5,c5,c5
7199,7197,3,c5,c5,c5,c5,c5,c5,c5,c5,c5
7200,7198,2,c1,c5,c5,c5,c5,c5,c5,c5,c5
7202,7200,1,c5,c234,c234,c234,c234,c234,c234,c234,c234
7203,7201,2,c234,c5,c5,c5,c5,c5,c5,c5,c5
7204,7202,2,c234,c5,c5,c5,c5,c5,c5,c5,c1
7206,7204,1,c5,c234,c234,c1,c234,c234,c234,c1,c234
7207,7205,3,c234,c1,c234,c234,c1,c234,c1,c234,c234
7208,7206,1,c5,c5,c5,c5,c5,c5,c5,c5,c5
7209,7207,3,c1,c1,c1,c1,c1,c1,c1,c1,c1
7211,7209,2,c1,c1,c1,c1,c1,c5,c1,c1,c5
7212,7210,2,c5,c1,c1,c1,c1,c234,c1,c1,c234
7213,7211,3,c5,c1,c234,c1,c1,c1,c1,c1,c234
7214,7212,1,c5,c234,c234,c234,c234,c234,c234,c234,c234
7215,36,2,c1,c5,c5,c5,c5,c5,c5,c5,c5
7216,7214,1,c234,c5,c5,c5,c5,c5,c5,c5,c5
7218,7216,2,c5,c5,c5,c5,c5,c5,c5,c5,c5
7219,7217,3,c234,c5,c234,c234,c234,c5,c5,c234,c234
7221,7219,1,c1,c5,c5,c5,c5,c5,c5,c5,c5
7222,7220,3,c234,c5,c5,c5,c5,c5,c5,c5,c5
7224,7222,2,c1,c1,c1,c1,c1,c1,c1,c1,c1
7225,7223,1,c5,c234,c234,c234,c234,c234,c234,c234,c234
7226,7224,2,c234,c234,c234,c234,c234,c1,c234,c234,c1
7227,7225,3,c234,c1,c1,c1,c1,c1,c1,c1,c1
7228,7226,2,c234,c1,c1,c1,c1,c1,c1,c1,c1
7229,7227,1,c234,c5,c5,c5,c5,c5,c5,c5,c5
7230,7228,3,c5,c1,c234,c1,c1,c5,c1,c234,c5
7232,7230,1,c5,c5,c5,c5,c5,c5,c5,c5,c234
7233,7231,2,c234,c234,c234,c234,c234,c5,c234,c234,c5
7234,7232,3,c234,c234,c234,c234,c234,c234,c234,c234,c5
7235,16,1,c1,c1,c1,c1,c1,c1,c1,c1,c1
7236,7234,1,c234,c1,c1,c1,c1,c5,c1,c5,c5
7238,7236,2,c234,c5,c5,c5,c5,c5,c5,c5,c5
7239,349,1,c5,c1,c1,c1,c1,c5,c1,c1,c5
7240,16,1,c1,c1,c1,c1,c1,c1,c1,c1,c1
7241,7239,3,c5,c1,c1,c1,c1,c1,c1,c1,c5
7243,7241,2,c5,c5,c5,c5,c5,c5,c5,c5,c5
7244,729,1,c5,c234,c234,c234,c234,c5,c234,c234,c5
7245,7243,1,c1,c234,c234,c234,c234,c234,c234,c234,c234
7246,7244,1,c5,c5,c5,c5,c5,c5,c5,c5,c5
7247,7245,3,c5,c5,c5,c5,c5,c5,c5,c5,c5
7249,7247,1,c234,c234,c234,c234,c234,c234,c234,c234,c5
7251,7249,2,c5,c234,c234,c234,c234,c234,c234,c234,c234
7252,7250,3,c234,c234,c234,c234,c234,c234,c234,c1,c1
7253,7251,1,c5,c5,c5,c5,c5,c5,c5,c5,c5
7254,7252,3,c234,c234,c234,c234,c234,c234,c234,c234,c234
7256,7254,2,c1,c5,c5,c5,c5,c5,c5,c5,c5
7257,7255,1,c5,c234,c234,c234,c234,c5,c234,c234,c5
7258,7256,2,c1,c1,c1,c1,c1,c1,c1,c1,c1
7260,7258,3,c234,c5,c5,c5,c5,c5,c5,c5,c5
7261,7259,1,c5,c5,c5,c1,c5,c5,c5,c5,c5
7262,7,3,c234,c1,c5,c1,c1,c5,c1,c5,c5
7263,7261,2,c234,c234,c234,c234,c234,c5,c234,c234,c5
7264,7262,1,c234,c234,c234,c5,c234,c5,c234,c234,c5
7266,7264,3,c234,c234,c234,c234,c234,c234,c234,c234,c234
7267,7265,1,c234,c5,c5,c5,c5,c5,c5,c5,c5
7268,7266,1,c1,c234,c234,c234,c234,c234,c234,c234,c234
7269,923,3,c5,c234,c234,c234,c234,c5,c234,c234,c234
7270,7268,2,c234,c5,c5,c5,c5,c5,c5,c5,c5
7272,7270,3,c5,c1,c1,c5,c1,c5,c1,c5,c5
7273,7271,3,c5,c5,c5,c5,c5,c5,c5,c5,c5
7274,798,2,c234,c1,c1,c1,c1,c234,c1,c1,c1
7275,3262,2,c1,c1,c1,c1,c1,c1,c1,c1,c1
7276,3035,2,c5,c5,c1,c5,c5,c5,c5,c1,c1
7278,7276,1,c1,c1,c1,c1,c1,c5,c1,c1,c5
7279,7277,2,c5,c1,c1,c1,c1,c1,c1,c1,c1
7280,7278,1,c5,c5,c5,c5,c5,c5,c5,c5,c5
7281,7279,2,c5,c5,c5,c5,c5,c234,c5,c234,c234
7282,7280,3,c5,c234,c234,c1,c1,c1,c234,c1,c1
7283,7281,1,c234,c5,c5,c5,c5,c5,c5,c5,c5
7284,7282,2,c234,c5,c5,c5,c5,c5,c5,c5,c1
7286,7284,3,c234,c234,c234,c234,c234,c234,c234,c234,c234
7287,7285,2,c5,c5,c5,c5,c5,c5,c5,c5,c5
7288,7286,1,c5,c5,c5,c5,c5,c5,c5,c5,c5
7290,7288,1,c234,c5,c5,c5,c5,c5,c5,c5,c5
7291,271,1,c234,c1,c1,c1,c1,c1,c1,c1,c1
7292,7290,3,c5,c234,c234,c234,c234,c234,c234,c234,c234
7293,7291,1,c234,c234,c234,c234,c234,c234,c234,c234,c234
7294,7292,3,c1,c234,c234,c234,c234,c234,c234,c234,c234
7296,7294,2,c234,c1,c1,c1,c1,c234,c1,c1,c234
7297,7295,1,c5,c5,c5,c234,c234,c5,c5,c234,c5
7298,3010,2,c5,c5,c5,c5,c5,c5,c5,c5,c5
7299,7297,2,c1,c234,c234,c234,c234,c234,c234,c234,c234
7301,7299,3,c1,c234,c234,c234,c234,c234,c234,c234,c234
7302,7300,1,c234,c1,c5,c234,c1,c234,c1,c5,c5
7303,7301,2,c1,c5,c5,c5,c5,c5,c5,c5,c5
7304,7302,1,c5,c1,c1,c1,c1,c1,c1,c1,c1
7305,7303,3,c1,c234,c234,c234,c234,c234,c234,c234,c234
7306,7304,2,c234,c234,c234,c234,c234,c234,c234,c234,c234
7308,7306,3,c5,c5,c5,c5,c5,c5,c5,c5,c5
7309,107,1,c1,c1,c1,c1,c1,c5,c1,c1,c5
7310,3973,1,c5,c5,c1,c5,c5,c5,c5,c1,c5
7311,7309,2,c5,c5,c5,c5,c5,c5,c5,c5,c5
7312,7310,1,c5,c5,c5,c5,c5,c5,c5,c5,c234
7313,7311,3,c1,c1,c1,c1,c1,c1,c1,c1,c1
7314,7312,3,c5,c5,c5,c5,c5,c5,c5,c5,c234
7316,7314,1,c234,c5,c5,c5,c5,c5,c5,c5,c5
7317,7315,2,c1,c1,c1,c1,c1,c1,c1,c1,c1
7319,7317,2,c1,c234,c234,c234,c234,c234,c234,c234,c234
7320,7318,1,c234,c5,c5,c5,c234,c5,c5,c5,c5
7322,7320,3,c1,c1,c1,c1,c1,c5,c1,c1,c5
7323,7321,1,c1,c5,c5,c5,c5,c234,c5,c5,c234
7324,7322,2,c1,c5,c5,c5,c5,c5,c5,c5,c5
7325,7323,3,c5,c1,c1,c1,c1,c1,c1,c1,c1
7326,1755,1,c234,c1,c1,c1,c1,c234,c1,c1,c1
7327,7325,2,c234,c1,c1,c1,c1,c234,c1,c1,c1
7328,7326,3,c234,c5,c5,c5,c5,c5,c5,c5,c5
7329,7327,3,c234,c5,c5,c5,c5,c5,c5,c5,c5
7331,7329,1,c1,c5,c5,c5,c5,c5,c5,c5,c5
7332,7330,1,c5,c5,c5,c5,c5,c5,c5,c5,c5
7333,7331,2,c1,c5,c5,c5,c5,c5,c5,c5,c5
7335,7333,3,c234,c5,c5,c5,c5,c5,c5,c5,c234
7336,7334,1,c5,c234,c234,c1,c234,c234,c234,c1,c1
7337,2536,2,c1,c1,c1,c1,c1,c1,c1,c1,c1
7338,7336,2,c234,c5,c5,c5,c5,c5,c5,c5,c234
7339,7337,2,c234,c234,c234,c234,c234,c234,c234,c234,c234
7340,7338,3,c5,c5,c5,c5,c5,c5,c5,c5,c5
7342,7000,2,c5,c5,c5,c5,c5,c5,c5,c5,c5
7343,7341,1,c5,c5,c5,c5,c5,c5,c5,c5,c234
7344,7342,1,c1,c234,c234,c234,c234,c234,c234,c234,c1
7345,7343,3,c5,c5,c5,c5,c5,c5,c5,c5,c5
7347,7345,2,c234,c234,c234,c234,c234,c234,c234,c234,c234
7348,7346,1,c234,c5,c5,c234,c5,c5,c5,c5,c5
7349,7347,2,c5,c5,c5,c5,c5,c5,c5,c5,c5
7350,7348,3,c5,c5,c5,c5,c5,c5,c5,c5,c5
7351,4491,2,c1,c234,c234,c234,c234,c234,c234,c234,c1
7352,7350,1,c5,c5,c5,c5,c5,c5,c5,c5,c5
7354,6675,2,c234,c234,c234,c234,c234,c234,c234,c234,c234
7355,2365,3,c234,c1,c1,c234,c1,c234,c1,c234,c234
7357,7355,3,c234,c1,c1,c5,c1,c5,c1,c5,c5
7358,7356,2,c5,c5,c5,c234,c5,c234,c5,c234,c234
7359,7357,1,c5,c5,c5,c5,c5,c5,c5,c5,c5
7360,7358,2,c5,c5,c5,c5,c5,c5,c5,c5,c5
7361,7359,2,c1,c1,c1,c1,c1,c1,c1,c1,c1
7362,7360,3,c1,c5,c5,c5,c5,c5,c5,c5,c5
7364,7362,1,c5,c1,c1,c1,c1,c5,c1,c1,c5
7365,7363,2,c1,c234,c234,c234,c234,c234,c234,c234,c234
7366,7364,2,c5,c234,c234,c234,c234,c234,c234,c5,c5
7367,7365,3,c234,c5,c5,c5,c5,c5,c5,c5,c5
7368,7366,3,c5,c5,c5,c5,c5,c5,c5,c5,c5
7369,7367,1,c1,c5,c5,c5,c5,c5,c5,c5,c5
7370,7368,2,c5,c5,c5,c5,c5,c5,c5,c5,c5
7372,7370,2,c5,c1,c1,c1,c1,c5,c1,c5,c5
7375,7373,1,c234,c1,c1,c1,c1,c1,c1,c1,c1
7376,7374,2,c5,c5,c5,c5,c5,c5,c5,c5,c5
7377,7375,3,c234,c234,c234,c234,c234,c234,c234,c1,c1
7378,7376,3,c1,c5,c1,c1,c1,c1,c1,c1,c1
7379,7377,1,c234,c5,c5,c5,c5,c5,c5,c5,c5
7380,271,1,c1,c1,c1,c1,c1,c1,c1,c1,c1
7381,0,3,c1,c1,c1,c1,c1,c1,c1,c1,c1
7382,7380,1,c1,c1,c1,c1,c1,c1,c1,c1,c1
7383,7381,2,c1,c1,c1,c1,c234,c234,c1,c234,c234
7384,7382,3,c234,c1,c1,c1,c1,c1,c1,c1,c234
7385,7383,1,c5,c5,c5,c5,c5,c5,c5,c5,c5
7387,7385,2,c5,c234,c234,c5,c234,c5,c234,c5,c5
7388,7386,3,c5,c1,c1,c1,c1,c1,c1,c1,c1
7389,7387,1,c1,c234,c234,c234,c234,c234,c234,c234,c1
7391,7389,3,c234,c5,c5,c5,c5,c5,c5,c5,c5
7392,7390,2,c1,c5,c5,c5,c5,c5,c5,c5,c1
7393,7391,2,c1,c5,c5,c5,c5,c5,c5,c5,c5
7394,7392,3,c1,c1,c1,c1,c1,c1,c1,c1,c1
7395,7393,3,c234,c1,c1,c5,c1,c5,c1,c5,c5
7397,0,3,c1,c1,c1,c1,c1,c1,c1,c1,c1
7398,271,1,c234,c1,c1,c1,c1,c1,c1,c1,c1
7399,7397,1,c234,c1,c1,c1,c1,c1,c1,c1,c1
7400,7398,1,c1,c5,c5,c5,c5,c5,c5,c5,c5
7401,7399,2,c234,c5,c5,c5,c5,c5,c5,c5,c5
7402,7400,3,c1,c1,c1,c1,c1,c1,c1,c1,c1
7404,7402,3,c5,c1,c1,c1,c1,c1,c1,c1,c1
7405,7403,1,c234,c234,c234,c234,c234,c234,c234,c234,c234
7406,7404,2,c1,c5,c5,c5,c5,c5,c5,c5,c1
7407,7405,3,c234,c5,c5,c234,c234,c5,c234,c234,c5
7409,7407,3,c5,c234,c234,c234,c234,c234,c234,c234,c234
7410,7408,2,c1,c234,c234,c234,c234,c234,c234,c234,c234
7411,7409,1,c1,c5,c5,c234,c5,c234,c5,c5,c5
7412,7410,3,c1,c234,c234,c234,c234,c234,c234,c234,c234
7413,1131,1,c1,c1,c1,c1,c1,c1,c1,c1,c1
7415,7413,1,c5,c5,c5,c5,c5,c5,c5,c5,c5
7416,7414,2,c5,c5,c5,c5,c5,c5,c5,c5,c5
7417,7415,3,c1,c5,c5,c5,c5,c5,c5,c5,c5
7418,7416,1,c234,c1,c1,c5,c1,c234,c1,c1,c234
7420,331,2,c5,c234,c234,c234,c234,c5,c234,c234,c5
7421,1085,1,c5,c1,c1,c234,c234,c1,c1,c1,c1
7422,7420,2,c1,c1,c1,c1,c1,c1,c1,c1,c1
7423,7421,3,c5,c5,c5,c5,c5,c5,c5,c5,c5
7424,7422,2,c234,c5,c5,c5,c5,c5,c5,c5,c5
7425,7423,1,c1,c1,c1,c234,c234,c1,c1,c234,c1
7427,7425,3,c234,c1,c1,c1,c1,c1,c1,c1,c1
7428,7426,1,c1,c234,c234,c234,c234,c234,c234,c1,c234
7429,7427,2,c234,c5,c5,c5,c5,c5,c5,c5,c5
7430,7428,3,c5,c234,c234,c5,c234,c5,c234,c234,c234
7431,7429,1,c5,c5,c5,c5,c5,c234,c5,c5,c5
7432,7430,2,c5,c5,c5,c5,c5,c5,c5,c5,c5
7434,7432,2,c5,c5,c5,c5,c5,c234,c5,c5,c234
7436,7434,3,c1,c1,c1,c1,c1,c1,c1,c1,c234
7437,7435,1,c234,c5,c5,c5,c1,c234,c5,c5,c234
7438,7436,1,c1,c5,c1,c5,c5,c5,c5,c1,c1
7439,7437,2,c5,c234,c234,c234,c5,c5,c234,c234,c5
7440,7438,3,c5,c5,c1,c5,c1,c1,c5,c1,c1
7441,7439,2,c234,c234,c234,c234,c234,c234,c234,c234,c234
7442,7440,3,c1,c5,c5,c5,c5,c5,c5,c1,c1
7444,7442,1,c5,c234,c234,c234,c234,c5,c234,c234,c234
7445,7443,2,c1,c234,c234,c234,c234,c234,c234,c234,c234
7447,271,1,c234,c1,c1,c1,c1,c1,c1,c1,c1
7448,724,3,c234,c1,c1,c1,c1,c1,c1,c1,c1
7449,7447,3,c1,c5,c5,c5,c5,c5,c5,c5,c5
7450,7448,2,c5,c5,c5,c5,c5,c5,c5,c5,c5
7451,7449,1,c5,c234,c234,c234,c234,c234,c234,c5,c234
7452,7450,3,c1,c1,c1,c1,c1,c1,c1,c1,c1
7453,7451,1,c5,c5,c5,c5,c5,c5,c5,c5,c5
7454,7452,3,c1,c5,c5,c5,c5,c234,c5,c5,c234
7455,7453,2,c234,c5,c5,c234,c5,c234,c234,c234,c234
7456,1583,3,c1,c5,c5,c5,c5,c5,c5,c5,c5
7457,7455,1,c1,c1,c1,c1,c1,c1,c1,c1,c1
7459,7457,3,c5,c234,c234,c234,c234,c5,c234,c234,c234
7460,7458,1,c5,c234,c234,c234,c234,c234,c234,c234,c234
7462,7460,2,c1,c234,c234,c234,c234,c234,c234,c234,c234
7463,7461,3,c234,c1,c234,c1,c1,c1,c1,c234,c1
7464,177,1,c5,c234,c234,c234,c234,c234,c234,c234,c234
7466,7464,3,c234,c1,c1,c1,c1,c1,c1,c1,c1
7467,7465,1,c1,c5,c5,c5,c5,c5,c5,c5,c5
7468,7466,3,c1,c1,c1,c234,c234,c234,c1,c234,c234
7469,7467,1,c5,c5,c5,c5,c5,c234,c5,c5,c234
7470,7468,2,c1,c5,c5,c5,c5,c5,c5,c5,c5
7472,7470,1,c5,c5,c5,c5,c5,c5,c5,c5,c5
7474,7,3,c1,c5,c5,c5,c5,c5,c5,c5,c5
7475,7473,3,c1,c1,c1,c1,c1,c234,c1,c1,c234
7476,1783,3,c1,c1,c1,c1,c1,c1,c1,c1,c1
7478,7476,2,c1,c234,c234,c234,c234,c234,c234,c234,c5
7479,7477,1,c1,c1,c1,c1,c1,c5,c1,c1,c1
7480,7478,2,c5,c1,c1,c1,c1,c1,c1,c1,c1
7481,7479,3,c5,c5,c5,c5,c5,c234,c5,c5,c234
7483,7481,1,c234,c5,c5,c5,c5,c5,c5,c5,c5
7484,7482,1,c234,c234,c234,c234,c234,c5,c5,c5,c5
7485,7483,2,c5,c1,c1,c1,c1,c1,c1,c1,c234
7486,7484,3,c1,c5,c5,c5,c5,c5,c5,c5,c5
7487,7485,2,c5,c5,c5,c5,c5,c5,c5,c5,c5
7489,7487,3,c234,c234,c234,c234,c234,c234,c234,c234,c234
7490,7,3,c1,c5,c5,c5,c5,c5,c5,c5,c5
7492,581,3,c234,c1,c1,c1,c1,c1,c1,c1,c1
7493,7491,3,c234,c5,c5,c5,c5,c5,c5,c5,c5
7494,7492,1,c234,c5,c5,c5,c5,c5,c5,c5,c5
7495,7493,2,c1,c5,c5,c5,c1,c5,c5,c5,c5
7496,7494,1,c5,c1,c1,c1,c1,c1,c1,c1,c1
7497,7495,2,c1,c5,c5,c234,c5,c234,c5,c5,c5
7498,7496,3,c1,c234,c1,c234,c234,c234,c234,c5,c234
7499,2563,2,c1,c5,c5,c5,c5,c5,c5,c5,c5
7500,7498,1,c1,c5,c5,c5,c5,c5,c5,c5,c5
7502,7500,1,c1,c234,c234,c234,c234,c234,c234,c234,c234
7503,7501,2,c234,c5,c5,c5,c5,c5,c5,c234,c5
7504,7502,3,c234,c234,c1,c1,c234,c234,c234,c1,c234
7505,7503,2,c5,c5,c5,c5,c5,c234,c1,c1,c1
7506,7504,3,c1,c1,c1,c1,c1,c1,c1,c1,c1
7508,7506,1,c1,c5,c5,c5,c5,c5,c5,c5,c1
7509,7507,3,c5,c5,c5,c5,c5,c5,c5,c5,c5
7510,7508,2,c5,c1,c1,c1,c1,c1,c1,c1,c1
7512,7510,2,c234,c5,c5,c5,c5,c234,c5,c5,c234
7513,7511,3,c1,c234,c234,c5,c234,c5,c234,c1,c5
7514,7512,1,c5,c5,c5,c5,c5,c234,c5,c234,c234
7516,7514,2,c234,c234,c234,c234,c234,c5,c234,c234,c234
7517,7515,3,c1,c1,c1,c234,c234,c234,c234,c234,c234
7518,7516,1,c1,c234,c234,c234,c234,c234,c234,c234,c234
7519,7517,3,c5,c5,c5,c5,c5,c5,c5,c5,c5
7522,2366,3,c1,c1,c1,c1,c1,c234,c1,c1,c1
7523,7521,2,c1,c234,c234,c234,c234,c234,c234,c234,c234
7524,284,3,c234,c5,c5,c1,c5,c5,c5,c1,c5
7525,7523,1,c1,c234,c234,c234,c234,c5,c234,c234,c5
7526,7524,3,c5,c234,c234,c234,c234,c5,c234,c234,c234
7527,7525,2,c1,c1,c1,c1,c1,c5,c1,c1,c1
7529,7527,2,c234,c1,c1,c1,c1,c1,c1,c1,c1
7532,7530,3,c234,c234,c234,c234,c5,c234,c234,c5,c5
7533,2753,2,c1,c234,c234,c234,c234,c234,c234,c234,c234
7534,7532,1,c5,c234,c234,c234,c234,c5,c234,c234,c5
7535,7533,2,c234,c234,c234,c234,c234,c234,c234,c234,c234
7536,7534,3,c5,c234,c5,c234,c234,c234,c5,c5,c234
7537,2269,2,c234,c234,c234,c234,c234,c5,c234,c234,c5
7538,375,1,c1,c1,c1,c1,c1,c1,c1,c1,c1
7539,7537,1,c5,c5,c5,c5,c5,c5,c5,c5,c5
7541,7539,1,c1,c234,c234,c234,c234,c5,c234,c234,c5
7542,7540,2,c234,c234,c234,c234,c234,c234,c234,c234,c234
7544,349,1,c1,c1,c1,c1,c1,c5,c1,c1,c5
7545,452,3,c234,c1,c1,c234,c1,c234,c1,c234,c234
7546,7544,3,c5,c1,c1,c1,c1,c5,c1,c1,c5
7547,7545,1,c234,c234,c234,c234,c234,c234,c234,c234,c234
7548,16,1,c234,c1,c1,c1,c1,c1,c1,c1,c1
7549,7547,2,c5,c1,c1,c1,c1,c1,c1,c1,c1
7550,1132,3,c1,c1,c1,c1,c1,c1,c1,c1,c1
7551,675,1,c5,c5,c1,c5,c5,c5,c5,c1,c1
7552,7550,3,c5,c5,c5,c234,c5,c234,c5,c5,c234
7553,7551,1,c5,c1,c1,c1,c1,c1,c1,c1,c1
7554,5627,1,c1,c1,c1,c1,c1,c234,c1,c1,c5
7555,7553,2,c234,c234,c234,c234,c234,c234,c234,c234,c5
7557,7555,1,c234,c1,c1,c1,c1,c5,c1,c1,c5
7559,7557,2,c5,c5,c5,c5,c5,c5,c5,c5,c5
7560,36,2,c234,c5,c5,c5,c5,c5,c5,c5,c5
7561,7559,3,c234,c1,c1,c1,c1,c1,c1,c1,c1
7562,7560,2,c234,c234,c234,c234,c234,c5,c234,c234,c234
7563,7561,2,c1,c5,c5,c5,c5,c5,c5,c5,c5
7564,7562,3,c5,c234,c234,c234,c234,c234,c234,c234,c234
7566,7564,1,c5,c5,c5,c5,c5,c234,c5,c5,c234
7567,7565,3,c234,c5,c5,c5,c5,c5,c5,c5,c5
7568,7566,1,c5,c5,c5,c5,c5,c5,c5,c5,c5
7569,7567,2,c1,c5,c5,c234,c5,c234,c5,c234,c234
7570,7568,1,c234,c1,c1,c1,c1,c234,c1,c234,c234
7571,2261,3,c1,c1,c1,c5,c5,c5,c1,c1,c1
7572,7570,3,c1,c1,c1,c1,c1,c234,c1,c1,c234
7574,7572,2,c234,c1,c1,c1,c1,c234,c1,c1,c234
7575,7573,3,c1,c5,c5,c5,c5,c5,c5,c5,c5
7577,7575,2,c234,c234,c234,c234,c5,c234,c234,c5,c5
7578,7576,1,c1,c1,c1,c1,c1,c5,c1,c1,c5
7579,7577,3,c234,c5,c5,c5,c5,c5,c5,c5,c5
7580,7578,1,c1,c5,c5,c5,c5,c5,c5,c5,c5
7582,295,1,c234,c5,c5,c5,c5,c5,c5,c5,c5
7583,1015,1,c234,c234,c5,c234,c234,c5,c234,c5,c5
7586,7584,2,c234,c1,c1,c1,c1,c1,c1,c1,c234
7587,7585,1,c5,c1,c1,c1,c1,c1,c1,c1,c1
7588,7586,3,c5,c234,c234,c1,c1,c1,c1,c1,c1
7589,7587,2,c1,c5,c5,c5,c5,c5,c5,c5,c5
7590,7588,3,c5,c5,c234,c1,c1,c5,c5,c1,c5
7591,284,3,c234,c5,c5,c1,c5,c5,c5,c1,c5
7592,7590,3,c234,c234,c234,c234,c234,c1,c234,c234,c1
7593,7591,1,c5,c5,c234,c5,c5,c5,c5,c5,c5
7595,7593,1,c5,c5,c5,c5,c5,c5,c5,c5,c5
7596,7594,2,c234,c234,c234,c234,c234,c234,c234,c234,c234
7597,7595,2,c5,c5,c5,c5,c5,c5,c5,c5,c5
7598,7596,3,c5,c1,c1,c1,c1,c1,c1,c1,c1
7599,7597,1,c1,c1,c1,c1,c1,c1,c1,c1,c1
7600,7598,2,c5,c5,c5,c1,c5,c5,c5,c1,c1
7602,7600,3,c5,c5,c5,c5,c5,c1,c5,c5,c1
7603,7601,1,c5,c234,c234,c234,c234,c234,c234,c234,c234
7604,7602,3,c234,c5,c5,c234,c5,c5,c5,c5,c5
7605,7603,2,c5,c5,c5,c5,c5,c5,c5,c5,c5
7606,271,1,c1,c1,c1,c1,c1,c1,c1,c1,c1
7607,7605,2,c5,c5,c5,c5,c5,c5,c5,c5,c5
7608,7606,1,c1,c1,c1,c1,c234,c234,c1,c1,c234
7609,7607,3,c1,c1,c234,c1,c1,c1,c1,c234,c1
7611,7609,1,c5,c5,c5,c5,c5,c5,c5,c5,c5
7612,349,1,c1,c1,c1,c1,c1,c5,c1,c1,c5
7613,7611,3,c5,c5,c5,c5,c5,c5,c5,c5,c5
7614,7612,1,c1,c234,c234,c234,c234,c5,c234,c234,c5
7616,7614,3,c5,c5,c5,c5,c5,c5,c5,c5,c5
7617,7615,2,c234,c5,c5,c5,c5,c5,c5,c5,c5
7618,7616,1,c234,c234,c234,c234,c234,c234,c234,c234,c234
7619,7617,2,c1,c234,c234,c234,c234,c234,c234,c5,c5
7620,7618,2,c5,c5,c5,c5,c5,c5,c5,c5,c5
7621,784,1,c5,c1,c1,c1,c1,c1,c1,c1,c1
7622,7620,3,c5,c234,c234,c234,c234,c234,c234,c234,c1
7624,7622,3,c1,c1,c1,c1,c1,c1,c1,c1,c5
7625,7623,1,c234,c5,c5,c5,c1,c5,c5,c5,c5
7626,7624,3,c5,c5,c5,c5,c5,c5,c5,c5,c5
7627,7625,1,c234,c1,c1,c1,c1,c234,c1,c1,c234
7628,3584,1,c234,c234,c1,c234,c1,c1,c234,c234,c1
7630,7628,2,c5,c234,c234,c234,c234,c234,c234,c234,c234
7631,7629,1,c234,c1,c1,c1,c1,c1,c1,c1,c234
7632,7630,3,c5,c5,c5,c5,c5,c234,c5,c5,c1
7633,7631,2,c5,c5,c5,c5,c5,c5,c5,c5,c5
7634,7632,3,c234,c5,c5,c5,c5,c5,c5,c5,c5
7635,107,1,c5,c234,c234,c1,c234,c5,c234,c1,c5
7636,271,1,c5,c1,c1,c1,c1,c1,c1,c1,c1
7637,7635,3,c1,c1,c1,c1,c1,c1,c1,c1,c1
7638,7636,1,c1,c1,c1,c1,c1,c5,c1,c1,c5
7639,7637,2,c234,c234,c234,c234,c234,c5,c234,c234,c234
7642,7640,1,c5,c234,c234,c234,c234,c234,c234,c234,c234
7645,7643,2,c234,c234,c234,c234,c234,c234,c234,c234,c234
7646,7644,3,c1,c1,c1,c1,c1,c5,c1,c1,c1
7647,7645,1,c5,c234,c234,c234,c234,c234,c234,c234,c234
7648,7646,2,c5,c1,c1,c1,c1,c1,c1,c1,c1
7650,7648,3,c234,c1,c1,c1,c1,c1,c1,c1,c1
7651,7649,1,c5,c234,c234,c234,c5,c5,c234,c5,c5
7653,7651,2,c1,c1,c1,c1,c1,c1,c1,c1,c1
7654,7652,1,c234,c234,c1,c1,c234,c5,c234,c1,c5
7656,7654,3,c234,c234,c234,c234,c234,c234,c234,c234,c234
7657,7655,3,c5,c1,c1,c1,c1,c5,c1,c1,c5
7658,7656,2,c1,c5,c5,c5,c5,c5,c5,c5,c5
7659,7657,1,c1,c1,c1,c1,c1,c1,c1,c1,c1
7661,7659,2,c5,c1,c1,c1,c1,c1,c1,c1,c5
7663,7661,3,c5,c5,c5,c5,c5,c234,c5,c5,c5
7664,7662,1,c5,c5,c5,c5,c5,c5,c5,c5,c1
7665,7663,2,c234,c5,c5,c5,c5,c5,c5,c5,c5
7667,7665,2,c1,c234,c234,c234,c234,c5,c234,c234,c5
7668,7666,3,c234,c5,c5,c5,c5,c5,c5,c5,c5
7669,7667,1,c1,c1,c1,c1,c1,c1,c1,c1,c1
7670,1145,2,c5,c234,c234,c234,c234,c1,c234,c1,c1
7671,7669,1,c1,c1,c1,c1,c1,c1,c1,c1,c1
7672,271,1,c1,c1,c1,c1,c1,c1,c1,c1,c1
7674,7672,3,c1,c1,c1,c1,c1,c1,c1,c1,c1
7675,7673,2,c5,c5,c5,c5,c5,c5,c5,c5,c5
7677,7675,3,c5,c5,c5,c5,c5,c5,c5,c5,c5
7678,271,1,c234,c1,c1,c1,c1,c1,c1,c1,c1
7679,7677,2,c1,c1,c1,c1,c1,c1,c1,c1,c1
7680,7678,1,c234,c5,c5,c5,c5,c5,c5,c5,c5
7681,7679,3,c1,c1,c1,c1,c1,c1,c1,c1,c1
7683,1401,1,c1,c234,c234,c234,c234,c234,c234,c234,c234
7684,7682,2,c234,c1,c1,c1,c1,c234,c1,c1,c234
7685,7683,1,c5,c234,c234,c234,c234,c5,c234,c234,c5
7686,7684,3,c234,c234,c5,c1,c234,c234,c234,c5,c234
7687,7685,1,c1,c1,c1,c1,c1,c1,c1,c1,c1
7688,7686,2,c5,c5,c5,c5,c5,c5,c5,c5,c5
7690,7688,2,c5,c5,c5,c5,c5,c5,c5,c5,c5
7691,349,1,c234,c1,c1,c1,c1,c5,c1,c1,c5
7692,7690,3,c5,c5,c5,c5,c5,c5,c5,c5,c1
7694,7692,3,c234,c234,c234,c234,c234,c234,c234,c234,c1
7697,7695,1,c5,c5,c5,c5,c5,c5,c5,c5,c5
7698,7696,2,c5,c5,c5,c5,c5,c234,c5,c5,c234
7699,7697,1,c234,c234,c234,c234,c234,c234,c234,c234,c234
7700,7698,3,c1,c1,c1,c1,c1,c1,c1,c1,c1
7701,7699,2,c234,c234,c234,c234,c234,c234,c234,c234,c234
7702,7700,1,c1,c1,c1,c1,c1,c1,c1,c1,c1
7703,7701,1,c1,c1,c1,c1,c1,c1,c1,c1,c1
7705,7703,2,c5,c1,c1,c1,c1,c1,c1,c1,c1
7706,7704,3,c234,c5,c5,c5,c5,c5,c5,c234,c5
7708,675,1,c1,c1,c1,c5,c1,c1,c1,c1,c1
7709,7707,3,c1,c5,c5,c5,c5,c5,c5,c5,c5
7710,7708,2,c234,c234,c5,c234,c234,c234,c234,c234,c234
7711,7709,1,c1,c5,c5,c5,c5,c5,c5,c5,c234
7712,7710,2,c234,c234,c234,c234,c234,c234,c234,c234,c234
7713,7711,3,c5,c5,c5,c5,c5,c5,c5,c5,c5
7714,271,1,c1,c1,c1,c1,c1,c1,c1,c1,c1
7716,1132,3,c5,c1,c1,c1,c1,c1,c1,c1,c1
7717,7715,2,c5,c5,c5,c5,c5,c5,c5,c5,c5
7718,7716,1,c5,c1,c1,c234,c1,c234,c1,c234,c234
7719,7717,3,c1,c1,c1,c1,c1,c1,c1,c1,c1
7720,7718,1,c1,c1,c1,c1,c1,c5,c1,c1,c5
7724,7722,3,c234,c5,c5,c5,c5,c234,c5,c5,c234
7725,7723,2,c5,c1,c1,c1,c1,c1,c1,c1,c1
7726,7724,1,c1,c234,c234,c234,c234,c234,c234,c234,c234
7727,7725,2,c5,c234,c234,c234,c234,c234,c234,c5,c5
7728,2317,3,c234,c234,c234,c234,c234,c234,c234,c234,c234
7729,4176,2,c5,c1,c1,c1,c1,c1,c1,c1,c1
7730,7728,3,c5,c234,c234,c234,c234,c234,c234,c234,c234
7732,7730,1,c1,c234,c234,c234,c234,c234,c234,c5,c234
7733,3035,2,c1,c5,c1,c5,c5,c5,c5,c1,c1
7734,7732,2,c1,c234,c234,c234,c234,c234,c234,c234,c5
7735,7733,3,c234,c5,c5,c5,c5,c5,c5,c5,c5
7736,7734,1,c1,c1,c1,c1,c1,c1,c1,c1,c1
7737,7735,1,c234,c234,c234,c234,c234,c234,c234,c234,c234
7738,107,1,c1,c234,c234,c1,c234,c5,c234,c1,c5
7739,16,1,c234,c1,c1,c1,c1,c1,c1,c1,c1
7741,7739,2,c1,c234,c234,c5,c234,c234,c234,c5,c234
7742,7740,3,c234,c5,c5,c5,c5,c5,c5,c5,c5
7743,7741,3,c5,c1,c1,c1,c1,c1,c1,c1,c1
7744,7742,1,c1,c234,c234,c234,c234,c234,c234,c234,c234
7745,7743,2,c5,c5,c5,c5,c5,c5,c5,c5,c5
7746,6450,1,c234,c234,c234,c234,c234,c234,c234,c234,c234
7747,819,2,c234,c1,c1,c1,c1,c1,c1,c1,c234
7750,7748,1,c5,c5,c5,c5,c5,c5,c5,c5,c5
7751,7749,2,c5,c5,c5,c5,c5,c5,c5,c5,c5
7753,7751,3,c1,c234,c234,c234,c234,c234,c234,c234,c234
7754,7752,2,c234,c234,c234,c234,c234,c234,c234,c234,c234
7755,7753,1,c234,c1,c1,c1,c1,c234,c1,c1,c234
7756,7754,3,c1,c234,c5,c234,c234,c5,c234,c5,c5
7757,7755,1,c5,c5,c5,c5,c5,c5,c5,c5,c5
7759,7757,2,c1,c1,c1,c1,c1,c1,c1,c1,c234
7760,7758,3,c5,c5,c5,c5,c5,c5,c5,c5,c5
7761,7759,2,c5,c5,c5,c5,c5,c5,c5,c5,c5
7762,7760,1,c5,c5,c5,c5,c5,c5,c5,c5,c5
7765,7763,3,c234,c5,c5,c5,c5,c5,c5,c5,c5
7766,7764,1,c234,c234,c234,c234,c234,c234,c234,c234,c234
7767,724,3,c5,c5,c1,c1,c1,c1,c5,c1,c1
7768,7766,3,c1,c5,c5,c5,c5,c5,c5,c5,c5
7769,7767,1,c5,c5,c5,c5,c5,c5,c5,c5,c5
7772,7770,2,c234,c5,c5,c5,c5,c5,c5,c5,c5
7773,7771,2,c1,c5,c5,c5,c5,c5,c5,c5,c5
7774,240,1,c234,c234,c234,c234,c234,c1,c234,c1,c1
7775,7773,3,c1,c1,c234,c1,c1,c5,c1,c234,c234
7776,7774,1,c234,c5,c5,c5,c234,c5,c5,c5,c5
7777,2258,1,c234,c5,c5,c5,c5,c5,c5,c5,c1
7779,7777,2,c1,c1,c1,c1,c1,c1,c1,c1,c1
7780,7778,3,c234,c5,c5,c5,c5,c5,c5,c5,c5
7781,7779,1,c5,c234,c234,c5,c234,c5,c5,c5,c5
7783,1073,2,c1,c1,c1,c1,c1,c5,c1,c1,c5
7784,7782,2,c5,c5,c5,c5,c5,c5,c5,c5,c5
7785,7783,3,c5,c1,c1,c1,c5,c5,c1,c1,c5
7786,7784,1,c1,c234,c234,c234,c234,c234,c234,c234,c234
7787,16,1,c1,c1,c1,c1,c1,c1,c1,c1,c1
7788,7786,2,c234,c5,c5,c5,c5,c5,c5,c5,c5
7789,7787,3,c5,c1,c1,c1,c1,c234,c1,c1,c234
7790,7788,3,c234,c5,c5,c5,c5,c5,c5,c5,c5
7792,7790,2,c5,c234,c234,c234,c234,c234,c234,c234,c234
7793,7791,1,c5,c5,c5,c5,c5,c5,c5,c5,c5
7794,7792,2,c5,c5,c5,c5,c5,c5,c5,c5,c5
7796,7794,1,c1,c1,c1,c1,c1,c1,c1,c1,c1
7797,7795,1,c5,c5,c5,c5,c5,c5,c5,c5,c5
7798,7796,3,c234,c234,c234,c234,c234,c5,c234,c234,c234
7799,7797,2,c234,c1,c1,c1,c1,c1,c1,c1,c1
7800,7798,3,c5,c5,c5,c5,c5,c5,c5,c5,c5
7803,7801,1,c1,c1,c1,c1,c1,c234,c1,c1,c5
7805,7803,2,c1,c1,c1,c1,c1,c1,c1,c1,c1
7806,7804,1,c5,c234,c234,c234,c234,c234,c234,c234,c234
7807,7805,3,c234,c1,c1,c1,c1,c1,c1,c1,c1
7808,7806,2,c1,c1,c1,c1,c1,c1,c1,c1,c1
7809,7807,3,c234,c234,c234,c234,c234,c234,c234,c234,c234
7810,2944,1,c1,c234,c234,c234,c234,c234,c234,c234,c234
7811,7809,1,c5,c5,c5,c5,c5,c5,c5,c5,c5
7812,7810,2,c1,c5,c5,c5,c5,c5,c5,c5,c5
7814,2594,2,c234,c1,c1,c234,c1,c234,c1,c1,c234
7816,7814,3,c5,c234,c234,c234,c234,c234,c234,c234,c234
7817,7815,1,c5,c5,c5,c5,c5,c5,c5,c5,c5
7818,7816,2,c5,c234,c234,c234,c234,c234,c234,c234,c234
7819,7817,3,c5,c5,c5,c5,c5,c5,c5,c5,c5
7820,3646,2,c1,c5,c5,c5,c5,c5,c5,c5,c5
7821,7819,1,c234,c234,c234,c234,c234,c234,c234,c234,c234
7823,7821,1,c5,c5,c5,c5,c5,c5,c5,c5,c5
7824,7822,2,c234,c1,c1,c1,c1,c1,c1,c1,c1
7825,7823,3,c5,c5,c5,c5,c5,c5,c5,c5,c5
7826,166,2,c234,c1,c1,c1,c1,c1,c1,c1,c1
7827,7825,3,c1,c234,c234,c234,c234,c234,c234,c234,c234
7828,1198,2,c1,c1,c1,c1,c1,c1,c1,c1,c1
7830,7828,2,c234,c5,c5,c5,c5,c234,c5,c5,c234
7831,6928,2,c234,c1,c1,c1,c1,c1,c1,c1,c1
7833,7831,3,c5,c5,c5,c5,c5,c5,c5,c5,c5
7834,7832,1,c1,c234,c234,c1,c5,c234,c234,c1,c234
7836,7834,2,c234,c234,c234,c234,c234,c234,c234,c234,c234
7837,7835,2,c234,c1,c1,c1,c1,c1,c1,c1,c1
7838,7836,1,c234,c5,c5,c5,c5,c5,c5,c5,c5
7839,7837,3,c5,c5,c5,c5,c5,c5,c5,c5,c5
7842,7840,2,c5,c5,c5,c5,c5,c5,c5,c5,c5
7843,7841,2,c1,c5,c5,c234,c234,c234,c5,c234,c234
7844,7842,1,c234,c5,c5,c5,c5,c5,c5,c5,c5
7845,7843,3,c234,c1,c1,c1,c1,c5,c1,c1,c1
7846,2944,1,c1,c234,c234,c234,c234,c234,c234,c234,c234
7847,4293,3,c5,c5,c5,c5,c5,c5,c5,c5,c5
7848,1172,2,c234,c1,c1,c5,c1,c1,c1,c5,c1
7850,7848,1,c234,c5,c5,c5,c5,c5,c5,c5,c5
7851,7849,2,c5,c1,c1,c1,c1,c5,c1,c1,c5
7852,7850,3,c234,c5,c5,c5,c5,c5,c5,c5,c5
7853,16,1,c5,c1,c1,c1,c1,c1,c1,c1,c1
7854,7852,1,c1,c234,c234,c234,c234,c234,c234,c234,c234
7856,36,2,c1,c5,c5,c5,c5,c5,c5,c5,c5
7857,7855,2,c234,c5,c5,c5,c5,c5,c5,c5,c5
7858,271,1,c1,c1,c1,c1,c1,c1,c1,c1,c1
7859,7857,3,c5,c5,c5,c5,c5,c5,c5,c5,c5
7860,107,1,c234,c234,c234,c1,c234,c5,c234,c1,c5
7861,7859,3,c1,c1,c1,c1,c1,c1,c1,c234,c1
7862,7860,1,c5,c5,c5,c5,c5,c234,c5,c5,c234
7863,7861,2,c1,c5,c5,c5,c5,c5,c5,c5,c1
7865,7863,1,c234,c1,c1,c1,c1,c5,c1,c1,c5
7866,7864,2,c5,c234,c5,c5,c234,c5,c234,c5,c5
7867,7865,3,c5,c234,c234,c234,c234,c234,c234,c234,c5
7868,7866,1,c1,c234,c234,c234,c234,c234,c234,c234,c1
7870,7868,2,c1,c5,c5,c5,c5,c5,c5,c5,c5
7872,7870,3,c5,c5,c5,c5,c5,c1,c5,c5,c5
7873,7871,1,c234,c5,c5,c5,c5,c5,c5,c5,c5
7874,7872,2,c1,c5,c5,c5,c5,c5,c5,c5,c5
7877,7875,3,c1,c234,c234,c234,c234,c234,c234,c234,c234
7878,7876,1,c234,c234,c5,c5,c234,c5,c234,c5,c234
7879,7877,2,c234,c1,c1,c1,c1,c1,c1,c1,c1
7880,7878,2,c5,c5,c5,c5,c5,c5,c5,c5,c5
7882,7880,3,c5,c1,c1,c234,c1,c5,c1,c234,c5
7883,7881,1,c1,c1,c1,c1,c1,c234,c1,c1,c234
7884,7882,1,c234,c234,c234,c234,c234,c234,c234,c234,c234
7885,7883,3,c234,c1,c1,c1,c1,c234,c1,c1,c1
7886,7884,2,c5,c5,c1,c5,c5,c5,c5,c1,c5
7887,1172,2,c5,c1,c1,c5,c1,c1,c1,c5,c1
7888,3887,1,c1,c5,c5,c5,c5,c5,c5,c5,c5
7889,0,3,c1,c1,c1,c1,c1,c1,c1,c1,c1
7890,675,1,c5,c5,c1,c5,c5,c1,c5,c1,c1
7892,7890,3,c5,c5,c5,c5,c5,c5,c5,c5,c5
7893,7891,3,c5,c1,c234,c1,c1,c1,c1,c234,c234
7894,7892,1,c5,c5,c5,c234,c5,c5,c5,c5,c5
7895,7893,2,c1,c1,c1,c1,c1,c1,c1,c1,c1
7897,403,3,c1,c1,c1,c234,c234,c234,c1,c234,c234
7898,7896,1,c234,c234,c234,c234,c234,c234,c234,c234,c234
7899,7897,2,c234,c5,c5,c5,c5,c5,c5,c5,c5
7901,7899,3,c234,c5,c5,c5,c5,c234,c5,c5,c234
7902,7900,1,c1,c234,c234,c234,c234,c234,c234,c234,c234
7903,7901,2,c234,c234,c234,c234,c234,c234,c234,c234,c234
7905,7903,2,c1,c5,c234,c5,c5,c234,c234,c234,c234
7906,293,2,c5,c5,c5,c5,c5,c5,c5,c5,c5
7907,7905,3,c1,c234,c234,c234,c234,c234,c234,c234,c234
7908,7906,1,c5,c5,c5,c5,c5,c5,c5,c5,c5
7909,1808,1,c5,c5,c5,c5,c5,c5,c5,c5,c5
7911,16,1,c234,c1,c1,c1,c1,c1,c1,c1,c1
7912,7910,3,c5,c1,c1,c1,c1,c234,c1,c234,c234
7913,33,3,c1,c1,c1,c1,c1,c1,c1,c1,c1
7914,134,2,c5,c1,c1,c1,c1,c1,c1,c1,c1
7915,7913,2,c234,c5,c5,c5,c5,c5,c5,c5,c5
7916,7914,1,c1,c1,c1,c1,c1,c1,c1,c1,c1
7918,7916,3,c5,c1,c1,c5,c1,c1,c1,c1,c1
7919,7917,1,c5,c5,c5,c5,c5,c5,c5,c5,c5
7920,7918,2,c5,c234,c5,c234,c234,c5,c234,c234,c5
7921,504,2,c234,c1,c1,c1,c1,c1,c1,c1,c1
7922,6892,2,c1,c1,c1,c1,c1,c1,c1,c1,c1
7923,7921,3,c5,c5,c5,c5,c5,c5,c5,c5,c5
7924,7922,3,c5,c1,c1,c1,c1,c1,c1,c1,c1
7925,7923,1,c234,c1,c1,c1,c1,c1,c1,c1,c1
7927,7925,2,c5,c234,c234,c234,c234,c234,c234,c234,c234
7928,7926,1,c1,c234,c1,c1,c1,c234,c234,c1,c5
7930,7928,2,c5,c5,c5,c5,c5,c5,c5,c5,c5
7931,7929,3,c1,c5,c5,c5,c5,c234,c5,c5,c234
7932,7930,2,c5,c5,c5,c5,c5,c5,c5,c5,c234
7933,7288,1,c1,c5,c5,c5,c5,c5,c5,c5,c5
7934,7932,3,c5,c5,c5,c5,c5,c5,c5,c5,c234
7935,7933,1,c234,c5,c5,c5,c5,c5,c5,c5,c5
7939,7937,1,c5,c1,c1,c1,c1,c1,c1,c1,c1
7940,7938,2,c1,c1,c1,c1,c1,c1,c1,c1,c1
7941,7939,3,c1,c1,c1,c1,c1,c1,c1,c1,c1
7942,7940,3,c1,c1,c1,c5,c5,c5,c1,c1,c5
7943,7606,1,c234,c1,c1,c1,c1,c234,c1,c1,c234
7945,7943,2,c1,c234,c234,c234,c234,c234,c234,c234,c234
7946,7944,1,c234,c5,c5,c5,c5,c5,c5,c5,c5
7947,7945,3,c5,c5,c1,c1,c5,c5,c5,c1,c5
7948,194,1,c234,c5,c5,c5,c5,c5,c5,c5,c5
7949,504,2,c234,c1,c1,c1,c1,c1,c1,c1,c1
7950,7948,1,c5,c5,c5,c5,c5,c5,c5,c5,c5
7952,7950,3,c1,c234,c234,c234,c234,c5,c234,c234,c5
7954,7952,2,c234,c5,c5,c5,c5,c5,c5,c5,c5
7955,7953,3,c5,c5,c5,c5,c5,c5,c5,c5,c5
7956,7954,1,c1,c234,c5,c234,c234,c5,c234,c5,c5
7957,7955,2,c234,c5,c5,c5,c5,c5,c5,c5,c5
7959,7957,1,c234,c1,c1,c1,c1,c5,c1,c1,c5
7960,7958,3,c5,c5,c5,c5,c5,c5,c5,c5,c5
7961,7959,2,c234,c1,c234,c1,c1,c234,c1,c1,c1
7963,7961,1,c5,c234,c234,c234,c234,c234,c234,c234,c234
7964,7962,2,c5,c234,c234,c234,c234,c234,c234,c234,c234
7965,7963,3,c5,c234,c234,c1,c234,c234,c234,c1,c1
7966,7964,1,c234,c234,c234,c234,c234,c5,c234,c234,c5
7967,7965,2,c5,c5,c5,c5,c234,c5,c5,c5,c234
7968,612,1,c5,c234,c5,c234,c5,c5,c234,c5,c1
7969,819,2,c1,c1,c1,c1,c1,c1,c1,c1,c1
7971,7969,3,c5,c5,c5,c5,c5,c5,c5,c5,c5
7972,7970,3,c5,c5,c5,c5,c5,c5,c5,c5,c5
7973,7971,1,c234,c234,c5,c234,c234,c5,c234,c234,c234
7975,7973,2,c5,c5,c5,c5,c5,c5,c5,c5,c5
7976,729,1,c1,c234,c234,c234,c234,c5,c234,c234,c5
7977,7975,1,c5,c234,c234,c234,c234,c5,c234,c234,c5
7978,7976,2,c234,c234,c234,c234,c234,c234,c234,c234,c234
7979,7977,3,c234,c234,c234,c234,c234,c234,c234,c234,c234
7980,7978,1,c5,c234,c234,c234,c234,c234,c234,c234,c234
7982,7980,2,c1,c5,c5,c5,c5,c5,c5,c5,c5
7983,7981,2,c234,c1,c1,c1,c1,c234,c1,c1,c1
7984,7982,3,c234,c234,c234,c234,c234,c234,c234,c1,c234
7985,7983,1,c234,c5,c5,c5,c5,c5,c5,c5,c5
7987,7985,2,c5,c5,c5,c5,c5,c5,c5,c5,c5
7988,7986,3,c234,c1,c1,c1,c1,c234,c1,c1,c1
7990,7988,1,c5,c234,c234,c234,c234,c234,c234,c234,c234
7991,7989,2,c234,c234,c234,c234,c234,c234,c234,c234,c234
7992,7990,3,c1,c1,c1,c5,c5,c5,c1,c1,c1
7993,7991,3,c234,c234,c1,c234,c234,c1,c234,c1,c1
7994,7992,1,c1,c5,c5,c5,c5,c5,c5,c5,c5
7996,7994,2,c234,c234,c234,c234,c234,c234,c234,c234,c234
7998,7996,2,c234,c5,c5,c5,c5,c5,c5,c5,c5
7999,7997,1,c5,c5,c5,c5,c5,c5,c5,c5,c5
8001,7999,3,c5,c234,c234,c234,c234,c234,c234,c234,c234
8002,375,1,c1,c1,c1,c1,c1,c1,c1,c1,c1
8003,8001,1,c1,c5,c5,c5,c5,c5,c5,c5,c5
8004,8002,2,c5,c5,c5,c5,c5,c5,c5,c5,c5
8005,8003,3,c234,c1,c1,c1,c1,c1,c1,c1,c1
8006,8004,1,c1,c234,c1,c234,c234,c1,c234,c1,c1
8007,8005,2,c5,c234,c234,c234,c234,c234,c234,c234,c234
8009,16,1,c1,c1,c1,c1,c1,c1,c1,c1,c1
8010,8008,3,c234,c5,c5,c5,c5,c5,c5,c5,c5
8011,8009,2,c234,c234,c234,c234,c5,c5,c234,c5,c5
8012,8010,1,c5,c5,c5,c5,c5,c5,c5,c5,c5
8013,8011,3,c1,c5,c5,c5,c5,c5,c5,c5,c5
8015,8013,2,c1,c1,c5,c1,c1,c5,c1,c5,c5
8017,8015,1,c234,c234,c234,c234,c234,c5,c234,c234,c234
8018,8016,3,c5,c5,c5,c5,c5,c5,c5,c5,c5
8019,8017,3,c234,c234,c234,c234,c234,c234,c234,c234,c234
8020,8018,2,c234,c1,c1,c1,c1,c1,c1,c1,c1
8021,8019,1,c234,c5,c5,c5,c5,c5,c5,c5,c5
8022,8020,2,c1,c1,c1,c1,c1,c234,c1,c1,c234
8023,8021,3,c234,c5,c5,c5,c5,c5,c5,c5,c5
8025,8023,1,c1,c5,c5,c5,c5,c5,c5,c5,c5
8026,8024,3,c1,c234,c234,c1,c234,c1,c234,c1,c1
8027,116,1,c5,c234,c234,c234,c234,c234,c234,c234,c234
8029,8027,2,c234,c234,c5,c234,c234,c234,c234,c234,c234
8030,931,2,c1,c1,c1,c1,c1,c5,c1,c1,c5
8031,8029,3,c234,c234,c234,c234,c234,c234,c234,c234,c234
8032,8030,2,c5,c5,c5,c5,c5,c234,c5,c5,c234
8034,8032,1,c1,c5,c5,c5,c5,c5,c5,c5,c5
8035,8033,1,c1,c1,c1,c1,c1,c1,c1,c1,c1
8036,4238,1,c234,c234,c234,c234,c234,c5,c234,c234,c5
8038,8036,3,c5,c234,c234,c234,c234,c5,c234,c234,c5
8039,3260,1,c234,c1,c1,c1,c1,c1,c1,c1,c1
8040,8038,2,c1,c5,c5,c5,c5,c5,c5,c5,c5
8041,8039,3,c5,c5,c5,c5,c5,c5,c5,c5,c1
8042,8040,1,c5,c5,c5,c5,c5,c5,c5,c5,c5
8043,8041,2,c234,c234,c234,c234,c234,c234,c234,c234,c234
8044,8042,3,c234,c1,c1,c1,c1,c234,c1,c1,c5
8046,8044,1,c234,c1,c1,c1,c1,c234,c1,c1,c1
8047,8045,3,c1,c1,c1,c1,c1,c1,c1,c1,c1
8048,36,2,c5,c5,c5,c5,c5,c5,c5,c5,c5
8049,1258,1,c5,c1,c1,c1,c1,c5,c1,c1,c5
8050,8048,2,c1,c234,c5,c234,c234,c1,c234,c234,c1
8051,8049,1,c5,c5,c5,c5,c5,c5,c5,c5,c5
8053,3010,2,c1,c5,c5,c5,c5,c5,c5,c5,c5
8054,8052,3,c1,c5,c5,c5,c5,c5,c5,c5,c5
8055,8053,1,c5,c5,c5,c5,c5,c5,c5,c5,c5
8056,8054,1,c234,c234,c234,c234,c234,c5,c234,c234,c5
8059,271,1,c234,c1,c1,c1,c1,c1,c1,c1,c1
8061,8059,2,c234,c5,c5,c5,c5,c5,c5,c5,c5
8062,274,3,c5,c1,c5,c1,c5,c1,c1,c1,c1
8063,8061,2,c5,c234,c1,c1,c1,c1,c1,c1,c1
8064,8062,3,c234,c234,c234,c234,c234,c234,c234,c234,c234
8065,8063,2,c5,c5,c5,c5,c5,c5,c5,c5,c5
8067,8065,1,c5,c5,c5,c5,c5,c5,c5,c5,c5
8068,8066,3,c234,c5,c5,c5,c5,c5,c5,c5,c5
8069,8067,1,c1,c1,c1,c1,c1,c1,c1,c1,c234
8070,1157,1,c5,c5,c5,c5,c5,c5,c5,c5,c5
8071,3646,2,c234,c5,c5,c5,c5,c5,c5,c5,c5
8072,3767,2,c234,c5,c5,c5,c5,c5,c5,c5,c5
8074,8072,2,c234,c234,c234,c234,c234,c234,c234,c5,c5
8075,8073,3,c1,c1,c1,c1,c1,c1,c1,c1,c1
8076,8074,1,c234,c5,c5,c5,c5,c5,c5,c5,c5
8077,8075,2,c5,c5,c5,c5,c5,c5,c5,c5,c5
8078,8076,3,c234,c234,c234,c234,c234,c234,c234,c234,c234
8079,8077,2,c1,c5,c5,c5,c5,c5,c5,c5,c5
8080,2269,2,c1,c234,c234,c234,c234,c5,c234,c234,c5
8081,939,3,c1,c234,c234,c1,c234,c1,c1,c1,c1
8082,8080,3,c5,c1,c1,c1,c1,c5,c1,c1,c5
8084,8082,1,c5,c234,c5,c234,c234,c234,c234,c5,c1
8085,724,3,c1,c1,c1,c1,c1,c1,c1,c1,c1
8086,8084,3,c5,c5,c5,c5,c5,c234,c5,c5,c234
8087,8085,2,c234,c1,c1,c1,c1,c234,c1,c1,c5
8088,8086,1,c1,c5,c234,c5,c5,c5,c5,c234,c5
8090,8088,3,c5,c5,c5,c5,c5,c5,c5,c5,c5
8091,8089,1,c5,c234,c234,c234,c234,c234,c234,c234,c5
8092,8090,3,c1,c234,c234,c234,c234,c234,c234,c234,c234
8093,8091,1,c234,c234,c234,c234,c234,c234,c234,c234,c234
8095,8093,2,c5,c1,c1,c1,c1,c5,c1,c1,c1
8096,8094,3,c234,c5,c5,c5,c5,c234,c5,c5,c234
8097,8095,2,c234,c5,c5,c5,c5,c5,c5,c5,c5
8098,1033,3,c5,c234,c234,c234,c234,c5,c234,c234,c5
8099,8097,1,c5,c5,c5,c234,c5,c5,c5,c5,c5
8100,8098,1,c234,c1,c1,c1,c1,c5,c1,c1,c1
8102,8100,1,c1,c5,c5,c5,c5,c5,c5,c5,c5
8103,8101,2,c5,c5,c5,c5,c5,c5,c5,c5,c5
8104,8102,3,c5,c5,c5,c5,c5,c5,c5,c5,c5
8105,8103,2,c1,c1,c1,c1,c1,c1,c1,c1,c5
8107,8105,3,c5,c5,c5,c5,c5,c5,c5,c5,c5
8108,8106,2,c1,c5,c5,c5,c5,c5,c5,c5,c5
8110,8108,1,c1,c234,c234,c234,c234,c234,c234,c234,c234
8112,8110,3,c234,c5,c5,c5,c5,c5,c5,c5,c5
8113,8111,1,c234,c234,c234,c234,c234,c234,c234,c234,c234
8114,8112,2,c1,c234,c234,c234,c234,c234,c234,c234,c234
8115,8113,3,c5,c5,c5,c5,c5,c5,c5,c5,c5
8116,8114,1,c234,c5,c5,c5,c5,c5,c5,c5,c5
8118,8116,2,c5,c5,c5,c5,c5,c5,c5,c5,c5
8119,4491,2,c5,c234,c234,c234,c234,c234,c234,c234,c1
8120,8118,1,c5,c234,c234,c234,c234,c234,c234,c234,c234
8121,8119,3,c5,c5,c5,c5,c5,c5,c5,c5,c5
8122,3409,2,c1,c1,c1,c1,c1,c1,c1,c1,c1
8124,2317,3,c234,c234,c234,c5,c5,c234,c234,c5,c5
8125,8123,2,c5,c5,c5,c5,c5,c5,c5,c5,c5
8127,8125,3,c5,c234,c234,c234,c234,c234,c234,c234,c1
8128,8126,2,c234,c234,c234,c234,c234,c234,c234,c234,c234
8129,36,2,c234,c5,c5,c5,c5,c5,c5,c5,c5
8130,8128,3,c234,c5,c5,c5,c5,c5,c5,c5,c5
8132,8130,1,c5,c5,c5,c5,c5,c5,c5,c5,c5
8133,8131,2,c5,c1,c1,c1,c1,c1,c1,c1,c1
8134,8132,1,c234,c5,c5,c5,c5,c5,c5,c5,c5
8135,8133,3,c234,c5,c5,c5,c5,c5,c5,c5,c5
8136,8134,1,c234,c5,c5,c5,c5,c5,c5,c5,c5
8137,8135,3,c1,c1,c1,c1,c1,c1,c1,c1,c1
8138,8136,2,c1,c5,c5,c5,c5,c5,c5,c5,c5
8140,8138,1,c5,c5,c5,c5,c5,c5,c5,c5,c5
8142,8140,2,c5,c5,c5,c5,c5,c5,c5,c5,c5
8143,8141,3,c1,c1,c1,c1,c5,c5,c1,c5,c5
8144,798,2,c1,c1,c1,c1,c1,c1,c1,c1,c1
8145,8143,1,c234,c1,c1,c1,c1,c234,c1,c1,c234
8146,8144,2,c5,c5,c5,c5,c5,c5,c5,c5,c5
8147,8145,3,c1,c1,c1,c1,c1,c1,c1,c1,c1
8149,7,3,c1,c5,c5,c5,c5,c5,c5,c5,c5
8150,8148,1,c5,c5,c5,c5,c5,c5,c5,c5,c5
8151,8149,2,c234,c5,c5,c5,c5,c234,c5,c1,c1
8152,8150,3,c234,c234,c234,c234,c234,c234,c234,c1,c1
8153,8151,2,c1,c5,c5,c5,c5,c5,c5,c5,c5
8155,170,2,c234,c5,c234,c5,c5,c234,c5,c5,c1
8158,8156,3,c5,c5,c5,c5,c5,c234,c5,c234,c234
8160,8158,1,c1,c1,c1,c1,c1,c1,c1,c1,c1
8161,94,1,c5,c234,c234,c234,c234,c234,c234,c5,c234
8162,8160,2,c5,c5,c5,c5,c5,c5,c5,c5,c5
8163,8161,3,c5,c5,c5,c5,c5,c5,c5,c234,c234
8164,8162,1,c1,c234,c234,c234,c234,c1,c234,c234,c1
8165,3787,3,c5,c5,c5,c5,c5,c5,c5,c5,c5
8166,8164,2,c5,c234,c5,c5,c5,c5,c5,c5,c5
8167,8165,2,c5,c1,c1,c1,c1,c5,c1,c1,c5
8169,8167,3,c1,c234,c234,c234,c234,c234,c234,c234,c234
8170,8168,1,c234,c1,c1,c1,c1,c234,c1,c1,c1
8171,8169,2,c1,c234,c234,c234,c234,c234,c234,c234,c234
8172,8170,3,c5,c1,c1,c234,c5,c234,c1,c234,c234
8173,7,3,c1,c5,c5,c5,c5,c5,c5,c5,c5
8175,8173,1,c234,c1,c5,c1,c1,c5,c1,c5,c5
8176,1327,3,c1,c1,c1,c1,c1,c1,c1,c1,c1
8177,7392,3,c1,c1,c1,c1,c1,c1,c1,c1,c1
8178,94,1,c1,c234,c234,c234,c234,c234,c234,c5,c234
8179,8177,2,c1,c1,c1,c1,c1,c5,c1,c1,c5
8180,8178,1,c1,c5,c5,c234,c5,c5,c5,c5,c5
8181,8179,3,c234,c5,c5,c5,c234,c234,c234,c5,c5
8182,8180,2,c5,c5,c5,c5,c5,c5,c5,c5,c5
8184,8182,3,c1,c1,c1,c1,c1,c1,c1,c1,c1
8185,816,3,c5,c234,c234,c234,c234,c234,c234,c234,c234
8186,8184,3,c1,c1,c1,c1,c1,c234,c1,c1,c1
8187,8185,2,c5,c5,c5,c5,c5,c5,c5,c5,c5
8189,8187,1,c5,c234,c234,c1,c234,c1,c234,c1,c1
8190,8188,1,c1,c1,c1,c1,c1,c1,c1,c1,c1
8191,8189,2,c234,c1,c1,c1,c1,c1,c1,c1,c1
8192,8190,1,c234,c234,c234,c234,c234,c234,c234,c234,c234
8194,8192,2,c234,c1,c1,c1,c1,c5,c5,c1,c5
8195,8193,3,c1,c1,c1,c1,c1,c1,c1,c1,c1
8196,8194,1,c5,c234,c234,c234,c234,c234,c234,c234,c234
8197,1378,3,c5,c5,c5,c5,c5,c5,c5,c5,c5
8198,8196,2,c234,c5,c5,c5,c5,c234,c5,c5,c234
8199,349,1,c234,c1,c5,c1,c1,c5,c1,c5,c5
8200,1914,3,c1,c234,c234,c234,c5,c5,c234,c234,c5
8201,2530,1,c1,c1,c1,c1,c1,c1,c1,c1,c1
8203,8201,3,c5,c5,c5,c5,c5,c5,c5,c5,c5
8204,8202,2,c1,c5,c5,c5,c5,c234,c5,c5,c234
8206,8204,1,c5,c5,c5,c5,c5,c5,c5,c5,c5
8207,8205,3,c1,c1,c1,c1,c1,c1,c1,c1,c1
8208,8206,3,c1,c234,c234,c234,c1,c234,c234,c234,c234
8211,8209,1,c234,c1,c1,c1,c1,c1,c1,c1,c1
8212,8210,2,c234,c234,c234,c234,c234,c234,c234,c234,c5
8213,8211,1,c234,c5,c5,c5,c5,c5,c5,c5,c5
8214,8212,2,c1,c5,c5,c5,c234,c5,c5,c234,c234
8216,5954,2,c234,c1,c234,c1,c1,c234,c234,c234,c234
8218,16,1,c1,c1,c1,c1,c1,c1,c1,c1,c1
8220,8218,3,c5,c5,c5,c5,c5,c5,c5,c5,c5
8221,8219,2,c1,c5,c5,c5,c5,c5,c5,c5,c5
8222,8220,1,c5,c5,c5,c5,c5,c5,c5,c5,c5
8224,8222,3,c234,c5,c5,c5,c5,c5,c5,c5,c5
8225,8223,2,c234,c234,c234,c234,c234,c234,c234,c234,c234
8226,1157,1,c234,c5,c5,c5,c5,c5,c5,c5,c5
8227,8225,1,c1,c5,c5,c5,c5,c5,c5,c5,c5
8228,8226,3,c234,c234,c234,c234,c234,c5,c234,c234,c5
8230,1212,3,c1,c1,c1,c1,c1,c1,c1,c1,c1
8231,8229,1,c5,c234,c234,c5,c234,c234,c234,c5,c234
8232,8230,2,c5,c5,c5,c5,c5,c5,c5,c5,c5
8233,8231,3,c5,c234,c234,c234,c234,c234,c234,c234,c234
8234,8232,1,c5,c5,c5,c5,c5,c5,c5,c5,c5
8236,8234,3,c234,c5,c5,c5,c5,c5,c5,c5,c5
8237,8235,2,c234,c5,c5,c5,c5,c234,c5,c5,c234
8238,8236,2,c1,c5,c5,c5,c5,c5,c5,c5,c5
8240,8238,1,c1,c1,c1,c1,c1,c1,c1,c1,c1
8241,8239,3,c5,c5,c5,c5,c5,c5,c5,c5,c5
8242,8240,2,c1,c5,c5,c5,c5,c5,c5,c5,c5
8243,274,3,c5,c5,c5,c1,c5,c234,c5,c1,c1
8244,8242,1,c234,c1,c1,c1,c1,c234,c1,c1,c234
8245,1020,2,c1,c1,c234,c1,c1,c5,c1,c1,c1
8247,8245,1,c5,c5,c5,c5,c5,c5,c5,c5,c234
8248,8246,2,c5,c5,c5,c5,c5,c5,c5,c5,c5
8250,8248,3,c234,c5,c5,c5,c5,c5,c5,c5,c5
8251,8249,2,c234,c5,c5,c5,c5,c5,c5,c5,c5
8253,8251,3,c1,c1,c1,c1,c1,c1,c1,c1,c1
8254,8252,1,c234,c5,c5,c5,c5,c5,c5,c5,c5
8255,271,1,c5,c1,c1,c1,c1,c1,c1,c1,c1
8256,8254,3,c234,c5,c5,c5,c5,c5,c5,c5,c5
8257,8255,2,c1,c234,c234,c234,c234,c5,c234,c234,c5
8258,8256,1,c234,c5,c5,c5,c5,c5,c5,c5,c5
8260,8258,3,c234,c5,c5,c5,c5,c5,c5,c5,c5
8261,8259,2,c1,c1,c1,c1,c1,c1,c1,c1,c1
8263,8261,2,c5,c234,c234,c234,c234,c234,c234,c234,c234
8264,8262,1,c1,c5,c5,c5,c5,c5,c5,c5,c5
8266,8264,3,c234,c5,c5,c5,c5,c234,c234,c5,c234
8267,8265,1,c234,c5,c234,c234,c5,c5,c234,c234,c234
8268,8266,2,c5,c234,c234,c234,c234,c5,c234,c234,c5
8270,6169,3,c1,c234,c234,c234,c234,c234,c234,c234,c234
8271,8269,3,c5,c5,c5,c5,c234,c234,c5,c5,c234
8272,8270,1,c5,c1,c5,c5,c1,c5,c1,c5,c1
8273,8271,3,c1,c5,c5,c5,c5,c5,c5,c5,c5
8274,274,3,c1,c5,c5,c1,c5,c234,c5,c1,c1
8275,8273,2,c234,c5,c5,c5,c5,c1,c1,c5,c1
8277,8275,2,c1,c234,c234,c1,c234,c1,c234,c1,c1
8278,16,1,c1,c1,c1,c1,c1,c1,c1,c1,c1
8279,798,2,c1,c1,c1,c1,c1,c1,c1,c1,c1
8280,8278,3,c1,c5,c5,c5,c5,c5,c5,c5,c5
8281,8279,1,c1,c5,c5,c5,c5,c234,c5,c5,c234
8282,8280,2,c234,c234,c234,c234,c234,c234,c234,c234,c5
8284,3602,1,c1,c5,c1,c1,c5,c5,c5,c1,c1
8285,8283,3,c5,c234,c234,c234,c234,c234,c234,c234,c234
8286,8284,1,c5,c1,c5,c1,c1,c5,c1,c1,c5
8287,8285,3,c234,c5,c1,c1,c5,c1,c5,c1,c1
8288,8286,2,c5,c5,c5,c5,c5,c5,c5,c5,c5
8290,8288,3,c234,c1,c234,c1,c1,c5,c1,c234,c1
8291,8289,2,c5,c5,c5,c5,c5,c234,c5,c5,c234
8292,8290,1,c5,c5,c5,c5,c5,c5,c5,c5,c5
8293,8291,1,c234,c1,c1,c1,c1,c5,c1,c1,c1
8294,8292,2,c234,c5,c5,c5,c5,c234,c5,c5,c234
8296,8294,3,c234,c5,c5,c5,c5,c5,c5,c5,c234
8297,295,1,c1,c5,c5,c5,c5,c5,c5,c5,c5
8298,8296,1,c5,c5,c5,c5,c5,c5,c5,c5,c5
8299,8297,2,c1,c1,c1,c1,c1,c1,c1,c1,c1
8300,16,1,c1,c1,c1,c1,c1,c1,c1,c1,c1
8302,8300,3,c234,c234,c234,c234,c234,c234,c234,c234,c234
8303,8301,2,c234,c234,c234,c234,c234,c234,c234,c234,c234
8304,8302,1,c234,c1,c1,c1,c1,c1,c1,c1,c1
8305,8303,3,c234,c5,c5,c5,c5,c5,c5,c5,c5
8307,8305,1,c234,c234,c234,c234,c234,c234,c234,c234,c234
8309,8307,2,c234,c1,c1,c1,c1,c1,c1,c1,c5
8312,8310,3,c5,c5,c5,c5,c5,c5,c5,c5,c5
8314,8312,2,c5,c1,c1,c1,c1,c1,c1,c1,c1
8315,8313,1,c234,c234,c234,c234,c234,c5,c234,c234,c5
8316,8314,1,c1,c5,c5,c5,c5,c5,c5,c5,c5
8317,8315,2,c1,c1,c1,c1,c1,c1,c1,c1,c1
8318,8316,3,c234,c1,c1,c1,c1,c1,c1,c1,c1
8319,8317,3,c234,c1,c1,c1,c1,c1,c1,c1,c1
8320,8318,3,c1,c1,c1,c1,c1,c5,c1,c234,c5
8323,8321,1,c5,c5,c5,c5,c5,c5,c5,c5,c5
8324,16,1,c1,c1,c1,c1,c1,c1,c1,c1,c1
8325,8323,2,c5,c1,c1,c1,c1,c1,c1,c1,c1
8327,8325,3,c1,c1,c5,c5,c1,c5,c1,c5,c5
8328,8326,1,c1,c234,c234,c234,c234,c234,c234,c234,c234
8329,8327,2,c1,c5,c5,c5,c5,c5,c5,c5,c5
8332,8330,3,c5,c5,c5,c5,c5,c5,c5,c5,c5
8333,8331,1,c5,c1,c1,c1,c1,c234,c1,c1,c5
8334,8332,2,c1,c234,c5,c234,c234,c234,c234,c234,c234
8335,8333,1,c5,c234,c234,c234,c234,c234,c234,c234,c234
8338,8336,3,c234,c5,c5,c5,c5,c234,c5,c234,c234
8339,8337,3,c1,c1,c1,c1,c1,c1,c1,c1,c1
8340,610,2,c5,c1,c1,c1,c1,c1,c1,c1,c1
8341,8339,2,c234,c234,c234,c234,c234,c234,c234,c234,c234
8342,8340,3,c1,c5,c5,c5,c5,c5,c5,c5,c5
8343,8341,1,c5,c5,c5,c5,c5,c5,c5,c5,c5
8344,7,3,c234,c1,c5,c1,c1,c5,c1,c5,c5
8346,8344,2,c1,c234,c234,c234,c234,c234,c234,c234,c234
8347,8345,1,c5,c1,c1,c1,c1,c1,c1,c1,c1
8348,4501,2,c1,c234,c234,c234,c234,c234,c234,c234,c234
8349,8347,2,c1,c1,c1,c1,c1,c1,c1,c1,c1
8350,8348,3,c234,c5,c5,c5,c5,c234,c5,c5,c234
8352,1790,3,c1,c234,c1,c234,c234,c234,c234,c1,c1
8353,8351,2,c1,c5,c5,c5,c5,c5,c5,c5,c5
8354,3425,1,c1,c1,c1,c1,c1,c1,c1,c1,c1
8356,166,2,c234,c1,c1,c1,c1,c1,c1,c1,c1
8357,8355,1,c5,c5,c5,c5,c5,c5,c5,c5,c5
8358,8356,3,c5,c5,c5,c5,c5,c5,c5,c5,c5
8359,4009,1,c5,c1,c1,c1,c1,c1,c1,c1,c1
8360,8358,1,c234,c5,c5,c5,c5,c1,c5,c5,c1
8361,8359,2,c5,c5,c5,c5,c5,c5,c5,c5,c5
8363,1405,2,c234,c234,c234,c1,c234,c234,c234,c1,c1
8364,8362,3,c234,c5,c5,c5,c5,c5,c5,c5,c5
8365,8363,1,c234,c234,c234,c234,c234,c5,c234,c234,c234
8366,8364,2,c5,c5,c5,c5,c5,c5,c5,c5,c234
8367,8365,3,c1,c1,c1,c1,c1,c1,c1,c1,c1
8368,8366,1,c1,c5,c5,c5,c5,c5,c5,c5,c5
8369,8367,3,c5,c5,c5,c5,c5,c5,c5,c5,c5
8370,8368,1,c5,c234,c234,c234,c234,c5,c234,c234,c5
8371,8369,2,c5,c5,c5,c5,c5,c5,c5,c5,c5
8372,177,1,c5,c234,c234,c234,c234,c234,c234,c234,c234
8373,8371,2,c234,c234,c234,c234,c234,c234,c234,c234,c234
8374,8372,3,c1,c1,c234,c1,c1,c234,c1,c1,c5
8376,8374,3,c5,c5,c5,c5,c5,c5,c5,c5,c5
8377,8375,1,c234,c1,c1,c1,c1,c234,c1,c1,c234
8379,166,2,c5,c1,c1,c1,c1,c1,c1,c1,c1
8380,8378,2,c234,c1,c1,c1,c1,c5,c1,c1,c5
8381,8379,2,c5,c5,c5,c5,c5,c5,c5,c5,c5
8382,8380,1,c234,c5,c5,c5,c5,c5,c5,c5,c5
8383,8381,1,c5,c5,c5,c5,c5,c5,c5,c5,c5
8384,8382,2,c1,c5,c5,c5,c5,c5,c5,c5,c5
8387,8385,3,c234,c234,c234,c1,c234,c234,c234,c234,c234
8388,8386,3,c234,c5,c5,c5,c5,c5,c5,c5,c5
8389,8387,1,c234,c1,c5,c1,c1,c5,c1,c5,c5
8391,8389,2,c234,c5,c234,c234,c5,c234,c5,c234,c234
8392,8390,3,c1,c5,c5,c5,c5,c5,c5,c5,c5
8393,8391,1,c1,c234,c234,c234,c234,c234,c234,c234,c234
8394,8392,3,c5,c1,c1,c1,c1,c1,c1,c1,c1
8395,8393,2,c234,c5,c5,c5,c5,c5,c5,c5,c1
8396,8394,2,c1,c1,c234,c1,c1,c234,c234,c234,c1
8398,8396,1,c5,c5,c5,c5,c5,c5,c5,c5,c5
8399,8397,3,c234,c234,c234,c234,c1,c5,c234,c234,c5
8400,8398,1,c234,c1,c1,c1,c1,c1,c1,c1,c1
8402,8400,2,c1,c234,c1,c1,c234,c1,c1,c1,c234
8403,8401,2,c234,c5,c5,c5,c5,c5,c5,c5,c5
8404,5083,1,c5,c1,c1,c1,c1,c5,c1,c1,c5
8405,6928,2,c1,c1,c1,c1,c1,c1,c1,c1,c1
8406,8404,1,c234,c234,c234,c234,c234,c234,c234,c234,c234
8407,274,3,c1,c1,c1,c1,c1,c1,c1,c1,c1
8409,8407,3,c1,c1,c234,c1,c1,c234,c1,c234,c5
8410,8408,1,c5,c234,c234,c234,c234,c1,c234,c234,c1
8411,1132,3,c1,c1,c1,c1,c1,c1,c1,c1,c234
8412,1157,1,c1,c5,c5,c5,c5,c5,c5,c5,c5
8414,8412,3,c5,c5,c5,c5,c5,c5,c5,c5,c5
8415,8413,2,c234,c5,c5,c5,c5,c5,c5,c5,c5
8416,8414,1,c5,c5,c5,c5,c5,c5,c5,c5,c5
8417,8415,2,c1,c234,c234,c234,c234,c234,c234,c234,c234
8418,8416,3,c1,c1,c1,c1,c1,c1,c1,c1,c1
8420,8418,1,c5,c5,c5,c5,c5,c5,c5,c5,c5
8421,8419,2,c1,c5,c5,c5,c5,c5,c5,c5,c5
8422,8420,3,c234,c5,c5,c5,c5,c5,c5,c5,c5
8423,5596,2,c1,c234,c234,c234,c234,c234,c234,c234,c234
8425,7,3,c1,c5,c5,c5,c5,c5,c5,c5,c5
8427,8425,2,c1,c234,c234,c234,c234,c234,c234,c234,c234
8428,8426,1,c1,c234,c234,c234,c234,c234,c234,c234,c234
8429,5416,3,c1,c234,c234,c234,c234,c234,c234,c234,c234
8430,8428,1,c234,c234,c234,c234,c234,c5,c234,c234,c5
8431,271,1,c5,c1,c1,c1,c1,c1,c1,c1,c1
8432,8430,3,c234,c5,c5,c5,c5,c234,c5,c5,c5
8433,8431,2,c1,c5,c5,c5,c5,c234,c5,c5,c234
8434,1145,2,c5,c234,c234,c234,c234,c1,c234,c1,c1
8435,8433,3,c234,c5,c5,c5,c5,c234,c5,c5,c234
8436,295,1,c1,c5,c5,c5,c5,c5,c5,c5,c5
8437,8435,1,c234,c1,c1,c1,c1,c1,c1,c1,c1
8440,8438,2,c1,c1,c1,c1,c1,c1,c1,c1,c1
8441,8439,3,c234,c234,c234,c234,c234,c234,c234,c234,c234
8442,8440,1,c5,c5,c5,c5,c5,c5,c5,c5,c5
8443,8441,2,c234,c5,c5,c5,c5,c5,c5,c5,c5
8444,8442,3,c234,c234,c234,c234,c234,c234,c234,c234,c234
8445,8443,1,c1,c234,c234,c234,c234,c234,c234,c234,c234
8447,8445,2,c1,c1,c234,c234,c1,c5,c1,c234,c1
8448,8446,3,c1,c5,c5,c5,c5,c5,c5,c5,c5
8449,8447,2,c234,c5,c5,c5,c5,c5,c5,c5,c5
8450,8448,3,c5,c5,c5,c5,c5,c5,c5,c5,c5
8451,8449,1,c5,c5,c5,c5,c5,c5,c5,c5,c5
8453,8451,1,c234,c1,c1,c5,c1,c1,c1,c5,c5
8454,8452,2,c5,c5,c5,c5,c5,c5,c5,c5,c1
8455,7264,3,c234,c234,c234,c234,c234,c234,c234,c234,c234
8456,8454,1,c5,c1,c1,c1,c1,c5,c5,c1,c5
8457,8455,3,c1,c1,c1,c1,c1,c5,c1,c1,c1
8458,8456,2,c5,c234,c234,c234,c5,c234,c234,c234,c234
8460,8458,3,c5,c234,c234,c5,c1,c234,c234,c1,c5
8461,2455,1,c5,c5,c5,c5,c5,c5,c5,c5,c5
8462,8460,1,c234,c5,c5,c5,c5,c5,c5,c1,c5
8463,8461,3,c5,c5,c5,c5,c5,c5,c5,c5,c5
8464,1108,1,c234,c5,c5,c5,c5,c5,c5,c5,c5
8466,1986,2,c234,c234,c1,c234,c1,c234,c234,c1,c234
8467,8465,1,c234,c5,c5,c5,c234,c234,c5,c234,c234
8468,8466,2,c5,c234,c234,c234,c234,c234,c234,c234,c234
8469,8467,2,c1,c234,c234,c234,c234,c234,c234,c234,c234
8470,8468,3,c234,c1,c1,c5,c1,c234,c1,c1,c234
8471,8469,1,c234,c234,c234,c234,c5,c234,c234,c234,c5
8474,8472,2,c5,c5,c5,c5,c5,c5,c5,c5,c5
8475,8473,3,c1,c1,c1,c5,c1,c5,c5,c5,c1
8476,8474,1,c5,c234,c234,c234,c234,c234,c234,c234,c234
8477,16,1,c1,c1,c1,c1,c1,c1,c1,c1,c1
8478,8476,1,c234,c1,c1,c1,c1,c1,c1,c1,c1
8480,8478,2,c5,c5,c5,c5,c234,c5,c5,c5,c234
8483,8481,3,c5,c5,c5,c5,c5,c5,c5,c5,c5
8484,8482,1,c1,c1,c1,c1,c1,c1,c1,c1,c1
8485,8483,2,c5,c5,c5,c5,c5,c5,c5,c5,c5
8487,8485,1,c234,c5,c5,c5,c5,c5,c5,c5,c5
8488,8486,3,c1,c5,c5,c5,c5,c5,c5,c5,c5
8489,8487,2,c5,c1,c1,c1,c1,c5,c1,c1,c5
8490,8488,3,c5,c1,c1,c1,c1,c1,c1,c1,c234
8491,8489,1,c1,c5,c5,c234,c5,c5,c5,c5,c5
8492,2765,2,c234,c1,c1,c1,c1,c234,c1,c1,c1
8493,8491,2,c1,c5,c5,c5,c5,c5,c5,c5,c5
8495,8493,1,c5,c5,c5,c5,c5,c5,c5,c5,c5
8496,8494,3,c234,c5,c5,c234,c5,c5,c5,c5,c5
8498,8496,2,c234,c1,c1,c1,c1,c1,c1,c1,c1
8499,8497,3,c5,c5,c5,c5,c5,c5,c5,c5,c5
8500,8498,2,c1,c1,c5,c5,c1,c5,c5,c5,c5
8501,8499,1,c5,c5,c5,c5,c5,c5,c5,c5,c5
8502,8500,2,c234,c5,c5,c5,c5,c1,c5,c5,c1
8503,8501,3,c1,c1,c1,c1,c1,c1,c1,c1,c1
8504,8502,1,c1,c5,c5,c5,c5,c5,c5,c5,c5
8506,8504,2,c1,c234,c234,c234,c234,c234,c234,c234,c234
8507,8505,2,c234,c234,c234,c234,c234,c5,c5,c5,c5
8508,1024,3,c234,c234,c234,c234,c234,c234,c234,c234,c234
8510,107,1,c5,c1,c1,c1,c1,c5,c1,c1,c5
8511,8509,3,c5,c5,c5,c5,c5,c5,c5,c5,c5
8512,36,2,c1,c5,c5,c5,c5,c5,c5,c5,c5
8513,8511,1,c1,c234,c234,c234,c234,c234,c234,c234,c5
8514,8512,2,c5,c5,c5,c5,c5,c5,c5,c5,c5
8515,91,3,c234,c1,c1,c1,c1,c1,c1,c1,c1
8516,8514,1,c1,c1,c1,c1,c1,c1,c1,c234,c1
8517,8515,3,c5,c5,c5,c5,c5,c5,c5,c5,c5
8519,8517,2,c5,c5,c5,c5,c5,c5,c5,c5,c5
8520,5394,2,c1,c234,c234,c234,c234,c234,c234,c234,c234
8521,8519,3,c5,c1,c1,c1,c1,c1,c1,c1,c1
8522,8520,1,c234,c234,c234,c234,c5,c5,c234,c234,c5
8524,504,2,c1,c1,c1,c1,c1,c1,c1,c1,c1
8525,8523,1,c234,c5,c5,c5,c5,c5,c5,c5,c5
8526,8524,2,c1,c5,c5,c5,c5,c5,c5,c5,c5
8527,8525,3,c1,c5,c5,c5,c5,c234,c5,c5,c1
8528,8526,1,c5,c1,c1,c1,c1,c1,c1,c1,c234
8529,8527,2,c5,c5,c5,c5,c5,c5,c5,c5,c5
8530,6928,2,c234,c1,c1,c1,c1,c1,c1,c1,c1
8531,8529,3,c1,c234,c234,c234,c1,c5,c234,c234,c5
8532,178,2,c1,c1,c1,c1,c1,c1,c1,c1,c1
8534,8532,2,c1,c1,c1,c1,c1,c234,c1,c1,c1
8535,8533,1,c234,c5,c5,c5,c5,c5,c5,c5,c5
8536,8534,3,c5,c234,c234,c234,c234,c1,c234,c234,c1
8537,1718,3,c1,c5,c5,c5,c5,c5,c5,c5,c5
8539,8537,1,c5,c234,c234,c234,c234,c234,c234,c234,c234
8540,8538,2,c234,c5,c5,c5,c5,c5,c5,c5,c5
8541,8539,3,c234,c1,c1,c1,c1,c234,c1,c1,c5
8542,8540,3,c5,c234,c234,c234,c234,c234,c234,c234,c234
8543,8541,1,c1,c234,c234,c234,c234,c234,c234,c234,c234
8545,8543,1,c1,c234,c234,c234,c234,c5,c234,c234,c5
8546,271,1,c1,c1,c1,c1,c1,c1,c1,c1,c1
8550,8548,2,c5,c234,c234,c234,c234,c234,c234,c234,c234
8551,8549,2,c5,c234,c234,c234,c234,c234,c234,c234,c234
8552,36,2,c5,c5,c5,c5,c5,c5,c5,c5,c5
8553,1688,1,c5,c234,c234,c234,c234,c234,c234,c234,c234
8555,8553,1,c5,c5,c5,c5,c5,c5,c5,c5,c5
8556,8554,2,c234,c5,c5,c5,c5,c5,c5,c5,c5
8557,8555,3,c234,c5,c5,c1,c5,c5,c5,c1,c1
8558,8556,1,c5,c5,c5,c5,c5,c5,c5,c5,c5
8559,2040,2,c234,c5,c5,c5,c5,c5,c5,c5,c234
8561,8559,2,c5,c234,c234,c234,c234,c234,c234,c234,c234
8562,1239,3,c234,c5,c5,c5,c5,c5,c5,c5,c5
8563,8561,3,c234,c234,c234,c234,c234,c234,c234,c234,c5
8564,8562,1,c1,c1,c1,c1,c1,c234,c1,c1,c234
8565,8563,2,c5,c234,c234,c234,c234,c5,c234,c234,c5
8566,7,3,c5,c1,c5,c1,c1,c5,c1,c5,c5
8568,5847,1,c1,c234,c234,c234,c234,c234,c234,c234,c234
8569,8567,3,c234,c5,c5,c5,c5,c5,c5,c5,c5
8570,8568,2,c5,c5,c5,c5,c5,c5,c5,c5,c5
8571,8569,1,c1,c1,c1,c1,c1,c5,c1,c1,c5
8572,8570,3,c1,c234,c234,c234,c234,c234,c234,c234,c234
8574,8572,1,c1,c5,c5,c5,c5,c5,c5,c5,c5
8575,8573,2,c234,c234,c234,c234,c234,c5,c234,c234,c234
8576,8574,1,c1,c234,c234,c234,c234,c234,c234,c234,c234
8577,8575,3,c234,c5,c5,c1,c5,c234,c5,c1,c234
8578,8576,2,c234,c234,c234,c234,c234,c234,c234,c234,c234
8579,8577,3,c5,c5,c5,c5,c5,c5,c5,c5,c5
8581,271,1,c234,c1,c1,c1,c1,c1,c1,c1,c1
8582,8580,1,c1,c1,c1,c1,c1,c234,c1,c1,c1
8583,8581,3,c5,c1,c234,c234,c1,c5,c1,c1,c5
8584,8582,2,c5,c5,c5,c234,c5,c5,c5,c5,c5
8585,16,1,c234,c1,c1,c1,c1,c1,c1,c1,c1
8587,8585,1,c5,c234,c234,c234,c1,c234,c234,c234,c5
8588,8586,2,c234,c5,c5,c5,c5,c1,c5,c5,c5
8589,8587,3,c234,c234,c234,c234,c234,c234,c234,c234,c5
8591,8589,2,c234,c234,c234,c234,c234,c234,c234,c234,c234
8592,8590,1,c5,c5,c5,c5,c5,c5,c5,c5,c5
8593,8591,3,c5,c5,c5,c5,c5,c5,c5,c5,c5
8594,8592,1,c1,c5,c5,c5,c5,c5,c5,c5,c5
8595,8593,3,c1,c234,c234,c234,c234,c234,c234,c234,c1
8596,8594,2,c234,c234,c234,c5,c5,c5,c5,c234,c5
8597,8595,1,c5,c234,c234,c5,c234,c234,c234,c234,c234
8598,8596,2,c5,c1,c1,c1,c1,c1,c1,c1,c1
8600,8598,3,c5,c5,c5,c5,c5,c5,c5,c5,c5
8602,8600,2,c1,c234,c234,c234,c1,c5,c234,c1,c5
8603,8601,2,c234,c234,c234,c234,c5,c234,c234,c5,c234
8604,8602,1,c1,c1,c1,c1,c1,c1,c1,c1,c1
8605,8603,3,c5,c234,c234,c234,c234,c1,c234,c234,c1
8606,8604,2,c234,c5,c5,c5,c5,c5,c5,c5,c5
8607,4979,3,c234,c1,c1,c1,c1,c1,c1,c1,c234
8608,8606,1,c1,c1,c1,c1,c1,c5,c1,c1,c5
8610,8608,3,c5,c5,c5,c5,c5,c5,c5,c5,c234
8612,8610,2,c1,c1,c1,c1,c1,c1,c1,c1,c1
8613,8611,3,c5,c234,c234,c234,c234,c5,c234,c234,c5
8614,8612,1,c5,c1,c1,c1,c1,c5,c1,c1,c5
8615,8613,1,c234,c5,c5,c5,c5,c5,c5,c5,c234
8617,7,3,c234,c5,c5,c5,c5,c5,c5,c5,c5
8618,8616,2,c1,c5,c5,c5,c5,c234,c5,c5,c234
8619,8617,3,c5,c234,c234,c234,c234,c5,c234,c234,c5
8620,8618,1,c234,c234,c234,c234,c1,c234,c234,c1,c234
8621,8619,2,c234,c5,c5,c5,c5,c5,c5,c5,c5
8622,8620,3,c1,c234,c234,c234,c234,c234,c234,c234,c234
8623,8621,1,c5,c5,c5,c5,c5,c5,c5,c5,c5
8625,8623,3,c5,c5,c5,c5,c5,c5,c5,c5,c5
8626,8624,2,c234,c1,c1,c1,c1,c1,c1,c1,c1
8627,8625,1,c5,c5,c5,c5,c5,c5,c5,c5,c5
8629,1552,2,c5,c234,c234,c234,c234,c234,c234,c234,c234
8630,8628,1,c5,c5,c5,c5,c5,c5,c5,c5,c5
8631,8629,2,c234,c5,c5,c5,c5,c5,c5,c5,c5
8632,8630,3,c5,c5,c5,c5,c5,c5,c5,c5,c5
8633,240,1,c5,c234,c1,c234,c234,c1,c234,c1,c1
8634,8632,2,c5,c5,c5,c5,c5,c5,c5,c5,c5
8635,8633,2,c234,c5,c5,c5,c5,c5,c5,c5,c5
8637,8635,2,c1,c234,c5,c5,c234,c5,c234,c5,c5
8638,1986,2,c1,c234,c234,c234,c234,c234,c234,c1,c234
8639,8637,3,c1,c5,c5,c5,c5,c5,c5,c5,c5
8641,8639,3,c5,c1,c1,c1,c1,c1,c1,c1,c1
8643,107,1,c234,c1,c1,c1,c1,c5,c1,c1,c5
8644,136,1,c5,c1,c1,c1,c1,c1,c1,c1,c1
8645,819,2,c234,c1,c1,c1,c1,c1,c1,c1,c234
8646,8644,1,c1,c5,c5,c5,c5,c5,c5,c5,c5
8647,8645,1,c5,c5,c5,c5,c5,c5,c5,c5,c5
8648,7251,1,c234,c5,c5,c5,c5,c5,c5,c5,c5
8650,8648,2,c5,c234,c234,c234,c234,c234,c234,c1,c1
8651,8649,3,c5,c1,c1,c1,c234,c5,c1,c1,c1
8653,8651,1,c1,c234,c234,c234,c234,c234,c234,c234,c234
8654,8652,2,c1,c5,c5,c5,c5,c5,c5,c234,c5
8655,8653,3,c234,c1,c1,c1,c1,c234,c1,c1,c5
8656,274,3,c234,c5,c5,c1,c5,c234,c5,c1,c1
8657,8655,1,c5,c5,c5,c5,c5,c5,c5,c5,c5
8658,16,1,c234,c1,c1,c1,c1,c1,c1,c1,c1
8660,8658,2,c5,c5,c5,c5,c5,c5,c5,c5,c5
8661,8659,1,c1,c5,c5,c5,c5,c5,c5,c5,c5
8662,8660,2,c234,c5,c5,c5,c5,c5,c5,c5,c5
8663,8661,3,c1,c1,c1,c1,c1,c1,c1,c1,c1
8665,8663,3,c5,c5,c5,c5,c5,c5,c5,c5,c5
8666,8664,3,c5,c5,c5,c5,c5,c5,c5,c5,c5
8667,8665,3,c234,c1,c1,c1,c1,c1,c1,c1,c1
8668,8666,1,c1,c5,c5,c5,c5,c5,c5,c5,c5
8669,8667,2,c5,c5,c5,c5,c5,c5,c5,c5,c234
8670,8668,1,c5,c5,c5,c5,c5,c5,c5,c5,c5
8671,8669,2,c5,c1,c1,c1,c1,c1,c1,c1,c1
8673,271,1,c234,c1,c1,c1,c1,c1,c1,c1,c1
8675,8673,3,c1,c1,c1,c1,c234,c5,c1,c1,c5
8676,8674,1,c234,c5,c5,c5,c5,c5,c5,c5,c5
8677,8675,2,c1,c5,c5,c5,c5,c5,c5,c5,c5
8678,8676,3,c234,c1,c5,c5,c5,c5,c1,c5,c5
8679,8677,1,c1,c234,c234,c234,c234,c234,c234,c234,c234
8680,8678,3,c234,c234,c234,c234,c234,c234,c234,c234,c234
8681,8679,2,c234,c5,c5,c5,c5,c5,c5,c5,c5
8684,8682,1,c234,c234,c5,c5,c5,c5,c234,c5,c5
8685,8683,2,c234,c234,c234,c234,c234,c234,c234,c234,c234
8687,8685,1,c1,c1,c1,c1,c1,c1,c1,c1,c1
8688,8686,3,c1,c234,c234,c234,c234,c234,c234,c5,c5
8689,8687,2,c234,c234,c234,c234,c234,c234,c234,c234,c234
8690,8688,3,c234,c234,c234,c234,c234,c234,c234,c234,c234
8691,8689,1,c234,c5,c1,c234,c5,c5,c5,c1,c1
8692,8690,2,c1,c234,c234,c234,c234,c5,c234,c234,c5
8693,8691,3,c5,c1,c1,c1,c1,c234,c1,c1,c234
8695,7,3,c5,c5,c5,c5,c5,c5,c5,c5,c5
8696,8694,2,c5,c234,c234,c234,c234,c234,c234,c234,c234
8697,1303,3,c1,c5,c5,c5,c5,c5,c5,c5,c5
8698,8696,1,c1,c5,c5,c5,c5,c5,c5,c5,c5
8699,8697,3,c1,c234,c234,c234,c234,c234,c234,c1,c234
8701,8699,2,c1,c5,c234,c5,c5,c5,c5,c5,c5
8702,8700,1,c5,c1,c1,c1,c1,c1,c1,c1,c1
8703,8701,3,c234,c5,c5,c5,c5,c1,c5,c5,c1
8704,8702,1,c234,c234,c234,c234,c234,c5,c234,c234,c5
8706,406,2,c234,c1,c1,c1,c1,c1,c1,c1,c1
8707,8705,2,c1,c234,c234,c234,c234,c5,c234,c1,c5
8708,8706,3,c234,c234,c5,c5,c5,c5,c234,c5,c5
8709,8707,1,c5,c234,c234,c234,c234,c234,c234,c234,c5
8710,8708,2,c1,c234,c234,c234,c234,c5,c234,c234,c5
8711,8709,3,c1,c234,c234,c234,c234,c234,c234,c234,c234
8713,2121,1,c234,c234,c234,c1,c234,c234,c234,c1,c1
8714,8712,2,c5,c5,c5,c5,c5,c5,c5,c5,c5
8715,8713,1,c1,c1,c1,c1,c1,c1,c1,c1,c1
8716,8714,3,c1,c1,c1,c1,c1,c1,c1,c1,c1
8717,504,2,c5,c1,c1,c1,c1,c1,c1,c1,c1
8718,8716,1,c234,c5,c5,c5,c5,c5,c5,c5,c5
8719,1845,1,c1,c234,c234,c234,c234,c234,c234,c234,c234
8720,319,2,c5,c5,c5,c5,c5,c5,c5,c5,c5
8721,8719,2,c1,c1,c1,c1,c1,c1,c1,c1,c1
8722,8720,3,c5,c5,c5,c5,c5,c234,c5,c5,c5
8724,8722,3,c234,c234,c234,c234,c234,c234,c234,c234,c234
8726,8724,1,c5,c5,c5,c5,c5,c5,c5,c5,c5
8728,8726,1,c1,c1,c1,c1,c1,c1,c1,c1,c5
8729,8727,2,c5,c234,c234,c234,c234,c5,c234,c234,c5
8731,7,3,c1,c1,c5,c1,c1,c5,c1,c5,c5
8732,8730,2,c1,c5,c5,c5,c5,c5,c5,c5,c5
8733,8731,3,c234,c5,c5,c5,c5,c5,c5,c5,c5
8734,16,1,c234,c1,c1,c1,c1,c1,c1,c1,c1
8736,45,1,c5,c5,c5,c5,c5,c5,c5,c5,c5
8737,8735,1,c234,c5,c5,c5,c5,c5,c5,c5,c5
8739,8737,2,c1,c1,c1,c1,c1,c1,c1,c1,c1
8740,8738,3,c5,c5,c5,c5,c5,c5,c5,c5,c5
8741,724,3,c5,c1,c1,c1,c1,c1,c1,c1,c1
8742,16,1,c234,c1,c1,c1,c1,c1,c1,c1,c1
8743,8741,2,c234,c1,c1,c5,c234,c234,c1,c234,c234
8745,8743,1,c1,c5,c5,c5,c5,c5,c5,c5,c5
8747,8745,3,c234,c5,c5,c5,c5,c5,c5,c5,c5
8748,1790,3,c234,c234,c1,c234,c234,c234,c234,c1,c1
8750,8748,1,c234,c234,c234,c234,c234,c234,c234,c234,c234
8751,8749,3,c5,c5,c5,c5,c5,c5,c5,c234,c1
8752,8750,2,c5,c5,c5,c5,c5,c5,c5,c5,c5
8753,7,3,c234,c1,c5,c1,c1,c5,c1,c5,c5
8754,8752,1,c234,c1,c1,c234,c1,c1,c1,c1,c1
8755,8753,2,c1,c234,c234,c234,c234,c234,c234,c234,c5
8756,8754,3,c234,c5,c5,c5,c5,c5,c5,c5,c5
8758,8756,1,c1,c5,c5,c5,c5,c5,c5,c5,c5
8760,8758,3,c234,c5,c5,c234,c1,c234,c234,c5,c5
8761,8759,2,c5,c1,c1,c1,c1,c1,c1,c1,c1
8763,3010,2,c5,c5,c5,c5,c5,c5,c5,c5,c5
8764,8762,1,c5,c5,c5,c5,c5,c5,c5,c5,c5
8765,8763,3,c5,c5,c5,c5,c5,c5,c5,c5,c5
8767,8765,2,c1,c234,c234,c234,c234,c234,c234,c234,c234
8768,8766,2,c5,c234,c234,c234,c234,c234,c234,c234,c234
8769,8767,3,c234,c1,c1,c1,c1,c1,c1,c1,c1
8770,8768,3,c234,c1,c1,c1,c234,c5,c1,c1,c5
8771,8769,1,c234,c1,c1,c1,c1,c1,c1,c1,c234
8772,8770,1,c5,c234,c234,c234,c234,c5,c234,c234,c5
8773,7,3,c5,c5,c5,c5,c5,c5,c5,c5,c5
8775,8773,2,c5,c5,c5,c234,c5,c234,c5,c234,c234
8776,3973,1,c5,c5,c1,c5,c5,c5,c5,c1,c5
8777,8775,3,c234,c234,c234,c234,c5,c5,c234,c5,c5
8778,6928,2,c1,c1,c1,c1,c1,c1,c1,c1,c1
8779,8777,1,c5,c5,c5,c5,c5,c5,c5,c5,c5
8780,8778,2,c5,c5,c5,c5,c5,c5,c5,c5,c5
8782,16,1,c1,c1,c1,c1,c1,c1,c1,c1,c1
8783,724,3,c5,c1,c1,c1,c1,c1,c1,c1,c1
8784,8782,1,c5,c1,c1,c1,c1,c1,c1,c1,c1
8785,8783,3,c1,c1,c1,c5,c5,c5,c5,c5,c5
8786,8784,2,c5,c5,c5,c5,c5,c5,c5,c5,c5
8787,8785,1,c5,c5,c5,c5,c5,c5,c5,c5,c5
8788,8786,3,c234,c5,c5,c5,c5,c5,c5,c5,c5
8789,713,2,c5,c5,c5,c5,c5,c5,c5,c5,c5
8790,1768,3,c1,c5,c5,c5,c5,c5,c5,c5,c5
8791,8789,2,c1,c5,c5,c5,c5,c5,c5,c5,c5
8793,33,3,c1,c1,c1,c1,c1,c1,c1,c1,c1
8794,8792,3,c1,c1,c1,c1,c5,c234,c1,c1,c234
8795,8793,1,c5,c1,c1,c1,c1,c5,c1,c5,c5
8796,8794,2,c5,c5,c5,c5,c5,c5,c5,c5,c5
8798,8796,2,c5,c1,c1,c1,c1,c5,c1,c1,c5
8799,16,1,c1,c1,c1,c1,c1,c1,c1,c1,c1
8800,8798,1,c1,c1,c1,c1,c1,c1,c1,c1,c1
8801,8799,1,c5,c5,c5,c5,c1,c5,c5,c5,c5
8802,8800,3,c234,c234,c234,c234,c1,c234,c234,c234,c1
8803,8801,1,c234,c5,c5,c5,c5,c5,c5,c5,c5
8804,2594,2,c1,c1,c1,c234,c1,c234,c1,c1,c234
8805,8803,1,c234,c5,c5,c5,c5,c1,c5,c5,c1
8807,8805,3,c5,c5,c5,c5,c5,c5,c5,c5,c5
8808,274,3,c234,c1,c234,c1,c1,c1,c1,c1,c1
8809,6774,1,c234,c5,c5,c5,c5,c5,c5,c5,c5
8811,8809,3,c5,c5,c5,c5,c5,c5,c5,c5,c5
8812,8810,2,c1,c1,c1,c1,c1,c1,c1,c1,c1
8813,8811,1,c234,c234,c234,c234,c234,c5,c234,c234,c5
8814,8812,2,c1,c234,c234,c234,c234,c234,c234,c234,c234
8817,8815,3,c1,c234,c234,c234,c234,c234,c234,c234,c234
8818,8816,1,c234,c5,c5,c1,c5,c5,c5,c5,c5
8819,8817,2,c234,c1,c1,c1,c1,c1,c1,c1,c1
8820,8818,3,c234,c234,c234,c234,c234,c234,c234,c234,c234
8822,8820,1,c1,c234,c234,c234,c234,c234,c234,c234,c234
8823,8821,2,c1,c234,c234,c234,c234,c234,c234,c234,c1
8824,8822,1,c5,c1,c1,c1,c1,c5,c1,c1,c5
8825,8823,3,c5,c234,c234,c234,c234,c234,c234,c234,c1
8827,8825,2,c5,c5,c5,c5,c5,c5,c5,c5,c5
8828,8826,3,c1,c1,c234,c234,c1,c234,c1,c234,c234
8829,8827,1,c234,c234,c234,c5,c234,c234,c234,c5,c5
8830,8828,2,c5,c1,c1,c1,c1,c5,c1,c1,c5
8831,349,1,c1,c1,c5,c1,c1,c5,c1,c5,c5
8833,8831,3,c1,c1,c1,c1,c1,c1,c1,c1,c1
8834,8832,1,c1,c234,c234,c234,c234,c234,c234,c234,c234
8835,8833,1,c234,c234,c234,c234,c234,c234,c234,c234,c234
8836,8834,2,c5,c1,c1,c1,c1,c234,c1,c1,c1
8837,3409,2,c5,c1,c1,c1,c1,c1,c1,c1,c1
8838,8836,3,c5,c5,c5,c5,c5,c234,c5,c5,c234
8841,8839,2,c1,c234,c234,c234,c234,c234,c234,c234,c234
8843,8841,3,c5,c5,c5,c5,c5,c5,c5,c5,c5
8845,8843,3,c5,c234,c234,c234,c234,c234,c234,c234,c234
8846,8844,1,c234,c1,c1,c1,c1,c1,c1,c1,c1
8847,8845,2,c234,c234,c234,c234,c234,c234,c1,c1,c234
8850,8848,1,c1,c234,c234,c234,c234,c234,c234,c234,c234
8851,8849,2,c234,c234,c234,c234,c234,c234,c234,c234,c234
8852,8850,3,c234,c1,c1,c1,c1,c1,c1,c1,c1
8853,8851,3,c5,c5,c5,c5,c5,c5,c5,c5,c5
8855,8853,1,c5,c5,c5,c5,c5,c5,c5,c5,c5
8856,8854,2,c1,c5,c5,c5,c5,c5,c5,c5,c5
8857,8855,3,c234,c5,c5,c5,c5,c5,c5,c5,c5
8858,798,2,c1,c1,c1,c1,c1,c234,c1,c1,c1
8859,513,2,c5,c234,c5,c234,c234,c5,c234,c5,c5
8860,8858,1,c234,c1,c1,c1,c1,c1,c1,c1,c1
8861,8859,2,c5,c5,c5,c5,c5,c5,c5,c5,c5
8862,658,3,c234,c234,c234,c234,c234,c234,c234,c234,c234
8863,8861,1,c234,c5,c5,c5,c5,c5,c5,c5,c5
8865,8863,2,c234,c1,c1,c1,c1,c1,c1,c1,c1
8866,8864,3,c5,c234,c234,c5,c234,c234,c234,c234,c1
8867,8865,1,c5,c5,c5,c5,c5,c5,c5,c5,c5
8868,8866,2,c1,c5,c5,c5,c5,c5,c5,c5,c5
8869,8867,3,c5,c5,c5,c5,c5,c5,c5,c5,c5
8871,8869,2,c234,c5,c5,c5,c5,c5,c5,c5,c5
8873,8871,1,c5,c234,c234,c234,c234,c234,c234,c234,c234
8874,8872,1,c234,c234,c234,c234,c234,c234,c234,c234,c234
8875,8873,2,c5,c234,c234,c234,c234,c234,c234,c234,c234
8876,8874,3,c5,c5,c5,c5,c5,c5,c5,c5,c5
8877,8875,1,c1,c5,c5,c5,c5,c5,c5,c5,c5
8878,8876,2,c5,c1,c1,c1,c1,c234,c1,c1,c234
8880,8878,3,c1,c5,c5,c5,c5,c5,c5,c5,c5
8881,8879,1,c234,c234,c234,c5,c234,c5,c5,c5,c5
8882,8880,3,c234,c1,c1,c1,c1,c5,c1,c1,c1
8884,8882,1,c1,c234,c234,c234,c234,c234,c234,c234,c234
8885,8883,2,c5,c5,c5,c5,c5,c5,c5,c5,c5
8886,8884,3,c1,c1,c1,c1,c1,c1,c1,c1,c1
8888,8886,2,c5,c5,c5,c5,c5,c5,c5,c5,c5
8889,8887,1,c5,c234,c234,c234,c234,c5,c234,c234,c5
8891,8889,2,c1,c5,c5,c5,c5,c5,c5,c5,c5
8892,8890,3,c1,c234,c234,c234,c234,c234,c234,c234,c234
8893,8891,1,c234,c5,c5,c5,c5,c5,c5,c5,c5
8894,8892,3,c234,c1,c1,c1,c1,c1,c1,c1,c1
8895,8893,2,c5,c5,c5,c1,c5,c5,c5,c1,c5
8896,4088,2,c1,c5,c5,c5,c5,c5,c5,c5,c5
8897,8895,2,c234,c5,c5,c5,c1,c5,c5,c5,c5
8899,4510,3,c234,c234,c234,c234,c234,c234,c234,c234,c5
8900,8898,1,c234,c234,c234,c234,c234,c234,c234,c234,c234
8901,8899,3,c234,c234,c234,c234,c234,c234,c234,c1,c1
8903,8901,1,c234,c5,c5,c5,c5,c5,c5,c5,c5
8905,8206,3,c1,c1,c234,c234,c1,c234,c1,c234,c234
8906,8904,2,c234,c5,c5,c5,c5,c5,c5,c5,c5
8907,8905,3,c5,c1,c1,c1,c1,c1,c1,c1,c1
8908,8906,3,c234,c234,c234,c234,c234,c5,c234,c1,c1
8910,8908,1,c1,c5,c5,c5,c5,c5,c5,c5,c5
8911,8909,2,c1,c1,c1,c1,c1,c5,c1,c1,c5
8912,8910,2,c1,c1,c1,c1,c1,c234,c1,c1,c1
8913,7,3,c5,c5,c5,c5,c5,c5,c5,c5,c5
8914,8912,1,c234,c234,c234,c234,c234,c234,c234,c234,c234
8915,8913,3,c1,c234,c234,c234,c234,c234,c234,c234,c234
8917,8915,1,c234,c234,c234,c234,c234,c234,c234,c234,c234
8918,8916,2,c1,c5,c5,c5,c5,c5,c5,c5,c5
8920,8918,3,c234,c5,c5,c234,c5,c234,c5,c234,c234
8921,8919,1,c234,c5,c5,c5,c5,c5,c5,c5,c5
8922,8920,2,c1,c234,c234,c234,c234,c234,c234,c234,c234
8923,8921,3,c5,c1,c5,c1,c1,c1,c1,c5,c5
8925,8923,1,c5,c234,c234,c234,c234,c234,c234,c234,c5
8926,8924,2,c234,c1,c1,c1,c1,c5,c1,c1,c5
8927,6774,1,c234,c5,c5,c5,c5,c5,c5,c5,c5
8928,8926,3,c5,c5,c5,c5,c5,c5,c5,c5,c5
8929,271,1,c1,c1,c1,c1,c1,c1,c1,c1,c1
8930,16,1,c5,c1,c1,c1,c1,c1,c1,c1,c1
8931,8929,2,c234,c234,c234,c5,c5,c5,c5,c5,c5
8932,8930,1,c234,c5,c5,c5,c5,c1,c5,c5,c5
8934,8932,3,c5,c234,c234,c234,c234,c5,c234,c234,c5
8935,36,2,c5,c5,c5,c5,c5,c5,c5,c5,c5
8937,8935,2,c1,c1,c1,c1,c1,c1,c1,c1,c1
8938,1938,3,c5,c234,c234,c234,c234,c234,c234,c234,c5
8939,8937,3,c1,c5,c5,c5,c5,c5,c5,c5,c5
8941,8939,1,c234,c234,c234,c234,c234,c234,c234,c234,c234
8942,8940,1,c1,c5,c5,c5,c5,c234,c5,c5,c234
8943,8941,2,c5,c5,c5,c5,c5,c5,c5,c5,c5
8944,5832,3,c1,c1,c1,c1,c234,c234,c1,c234,c234
8946,8944,3,c234,c1,c1,c1,c1,c234,c1,c1,c234
8947,166,2,c234,c1,c1,c234,c1,c1,c1,c1,c1
8948,8946,1,c1,c1,c1,c1,c1,c5,c1,c1,c5
8949,8947,1,c234,c5,c5,c5,c5,c5,c5,c5,c5
8951,8949,2,c234,c1,c1,c1,c1,c234,c1,c1,c1
8952,1902,2,c1,c1,c1,c5,c1,c1,c1,c5,c1
8953,8951,3,c1,c5,c5,c5,c5,c5,c5,c5,c5
8954,8952,1,c5,c5,c5,c5,c5,c5,c5,c5,c5
8956,8954,2,c1,c234,c5,c5,c234,c5,c234,c5,c5
8957,8955,3,c5,c234,c234,c234,c234,c234,c234,c234,c234
8958,24,3,c5,c5,c5,c5,c5,c5,c5,c5,c5
8959,8957,1,c234,c1,c1,c1,c1,c1,c1,c1,c1
8960,8958,2,c5,c5,c5,c5,c5,c5,c5,c5,c5
8961,271,1,c5,c1,c1,c1,c1,c1,c1,c1,c1
8962,8960,3,c234,c234,c234,c234,c234,c234,c234,c234,c234
8964,8962,1,c1,c5,c5,c5,c5,c5,c5,c5,c234
8967,8965,2,c234,c5,c5,c5,c1,c5,c5,c5,c5
8968,8966,3,c234,c5,c5,c5,c234,c5,c5,c234,c5
8969,5456,1,c1,c1,c1,c1,c1,c5,c1,c1,c5
8970,2413,1,c5,c5,c5,c5,c5,c5,c5,c5,c5
8971,8969,2,c234,c5,c5,c5,c5,c5,c5,c5,c5
8972,8970,3,c234,c5,c5,c5,c5,c5,c5,c5,c5
8973,8971,1,c5,c5,c5,c5,c5,c5,c5,c5,c5
8974,8972,1,c1,c234,c234,c234,c234,c234,c234,c234,c234
8975,6363,2,c1,c5,c5,c5,c5,c5,c5,c5,c5
8977,8975,2,c234,c1,c1,c1,c1,c1,c1,c1,c1
8978,8976,3,c5,c5,c5,c5,c5,c5,c5,c5,c5
8980,8978,1,c1,c1,c1,c1,c1,c5,c1,c1,c234
8981,8979,2,c234,c5,c5,c5,c5,c5,c5,c5,c5
8982,8980,3,c234,c234,c234,c234,c234,c234,c234,c234,c5
8984,8982,3,c234,c234,c234,c234,c234,c234,c234,c234,c234
8986,612,1,c1,c234,c5,c234,c5,c5,c234,c5,c1
8987,8985,1,c234,c1,c1,c1,c1,c234,c1,c1,c5
8988,8986,2,c1,c234,c234,c234,c234,c234,c234,c234,c234
8989,2900,1,c1,c5,c5,c5,c5,c5,c5,c5,c5
8990,8988,3,c5,c234,c234,c234,c234,c5,c234,c234,c5
8991,1145,2,c1,c234,c1,c234,c234,c1,c234,c1,c1
8993,8991,1,c1,c234,c234,c234,c234,c234,c234,c234,c234
8994,8992,2,c1,c1,c1,c1,c1,c1,c1,c1,c1
8995,8993,3,c5,c1,c1,c1,c1,c234,c1,c1,c1
8996,8994,1,c1,c234,c234,c234,c234,c234,c234,c234,c234
8998,1749,2,c5,c5,c5,c5,c5,c5,c5,c5,c5
8999,8997,2,c234,c234,c234,c234,c234,c1,c234,c234,c234
9000,8998,3,c1,c5,c5,c1,c5,c5,c5,c1,c1
9001,8999,1,c234,c5,c5,c5,c5,c5,c5,c5,c5
9002,178,2,c234,c1,c1,c1,c1,c1,c1,c1,c1
9003,9001,2,c234,c5,c234,c234,c234,c234,c5,c234,c234
9005,24,3,c1,c1,c1,c1,c234,c234,c1,c234,c234
9006,9004,3,c5,c5,c5,c5,c5,c5,c1,c5,c5
9007,9005,1,c5,c5,c5,c5,c5,c5,c5,c5,c5
9008,9006,3,c234,c234,c234,c234,c234,c1,c234,c234,c1
9009,9007,2,c5,c5,c5,c5,c5,c5,c5,c5,c5
9010,9008,1,c234,c1,c1,c1,c1,c1,c1,c1,c1
9012,271,1,c1,c1,c1,c1,c1,c1,c1,c1,c1
9013,9011,2,c5,c1,c234,c1,c1,c5,c1,c1,c5
9015,9013,3,c234,c234,c234,c234,c234,c234,c234,c234,c234
9016,9014,1,c5,c5,c5,c5,c5,c5,c5,c5,c5
9017,9015,2,c234,c5,c5,c5,c5,c5,c5,c5,c5
9019,9017,1,c1,c1,c1,c1,c1,c5,c1,c1,c234
9021,9019,3,c1,c5,c5,c5,c5,c5,c5,c5,c5
9022,9020,2,c1,c5,c5,c5,c5,c5,c5,c5,c5
9023,9021,3,c1,c5,c5,c5,c5,c5,c5,c5,c5
9024,9022,3,c5,c5,c5,c5,c5,c5,c5,c5,c5
9025,6928,2,c1,c1,c1,c1,c1,c1,c1,c1,c1
9026,9024,1,c234,c234,c5,c234,c234,c5,c234,c5,c5
9027,9025,2,c1,c1,c1,c1,c1,c5,c1,c1,c5
9028,9026,1,c234,c5,c5,c5,c5,c5,c5,c5,c5
9029,9027,2,c234,c5,c5,c5,c5,c5,c5,c5,c5
9030,366,1,c1,c1,c1,c1,c1,c1,c1,c1,c1
9032,9030,3,c1,c1,c1,c1,c1,c234,c1,c1,c5
9033,9031,2,c1,c5,c5,c5,c5,c5,c5,c5,c5
9034,9032,1,c234,c234,c234,c234,c234,c234,c234,c234,c234
9036,9034,3,c1,c1,c1,c234,c1,c5,c1,c5,c5
9037,9035,1,c1,c234,c234,c234,c234,c234,c234,c234,c5
9038,9036,2,c5,c234,c234,c234,c234,c234,c234,c234,c5
9039,9037,3,c5,c234,c234,c234,c234,c234,c234,c234,c234
9041,9039,1,c234,c234,c234,c234,c234,c234,c234,c234,c5
9042,9040,3,c234,c1,c1,c1,c1,c1,c1,c1,c1
9043,9041,2,c1,c1,c1,c1,c1,c5,c1,c1,c5
9045,9043,1,c5,c1,c1,c234,c1,c5,c1,c234,c5
9046,16,1,c5,c1,c1,c1,c1,c1,c1,c1,c1
9049,9047,2,c1,c1,c1,c1,c1,c1,c1,c1,c1
9050,3257,3,c1,c5,c5,c5,c5,c5,c5,c5,c5
9051,9049,3,c234,c234,c234,c234,c234,c234,c234,c234,c1
9052,1142,2,c234,c1,c1,c1,c1,c1,c1,c1,c1
9053,9051,1,c234,c234,c234,c234,c234,c234,c234,c234,c5
9054,9052,2,c1,c1,c1,c1,c1,c1,c1,c1,c1
9056,9054,2,c234,c1,c1,c234,c1,c1,c234,c1,c1
9058,9056,3,c234,c234,c234,c234,c234,c5,c234,c234,c5
9059,1783,3,c1,c1,c1,c1,c1,c1,c1,c1,c1
9060,9058,1,c1,c1,c1,c1,c1,c1,c1,c1,c1
9061,36,2,c1,c5,c5,c5,c5,c5,c5,c5,c5
9062,9060,2,c234,c5,c5,c5,c5,c5,c5,c5,c234
9063,9061,2,c1,c5,c5,c5,c5,c5,c5,c5,c5
9064,9062,3,c1,c1,c1,c1,c1,c234,c1,c1,c234
9066,9064,3,c234,c5,c5,c5,c5,c5,c5,c5,c5
9068,9066,1,c5,c1,c1,c234,c1,c234,c1,c234,c234
9069,9067,2,c5,c5,c5,c5,c5,c5,c5,c5,c5
9070,9068,1,c5,c5,c5,c5,c5,c5,c5,c5,c234
9071,9069,3,c5,c234,c5,c234,c234,c5,c234,c234,c5
9072,9070,1,c234,c234,c234,c234,c234,c234,c234,c234,c234
9073,9071,2,c5,c234,c234,c234,c234,c234,c234,c234,c234
9078,9076,3,c234,c1,c234,c1,c1,c234,c1,c234,c1
9079,271,1,c234,c1,c1,c1,c1,c1,c1,c1,c1
9080,9078,1,c1,c234,c234,c234,c234,c234,c234,c234,c5
9081,9079,2,c1,c1,c1,c5,c1,c5,c1,c5,c5
9082,9080,3,c234,c234,c234,c234,c234,c234,c234,c234,c234
9083,9081,2,c234,c5,c5,c5,c5,c5,c5,c1,c1
9084,9082,1,c234,c234,c234,c234,c234,c1,c234,c234,c1
9085,6481,3,c234,c234,c234,c234,c234,c234,c234,c1,c1
9086,9084,3,c1,c1,c1,c1,c1,c234,c1,c1,c1
9087,2536,2,c1,c1,c1,c1,c1,c1,c1,c1,c1
9088,2261,3,c1,c1,c1,c5,c1,c5,c1,c1,c1
9090,9088,3,c234,c234,c234,c234,c234,c234,c234,c234,c234
9091,9089,1,c234,c1,c1,c1,c234,c234,c1,c5,c234
9092,9090,2,c1,c234,c234,c234,c234,c234,c234,c234,c234
9094,9092,1,c234,c1,c1,c1,c1,c1,c1,c1,c1
9095,9093,2,c5,c5,c5,c5,c5,c5,c5,c5,c5
9096,9094,3,c5,c234,c234,c234,c234,c234,c234,c234,c234
9097,9095,1,c1,c1,c1,c1,c1,c234,c1,c1,c1
9099,0,3,c1,c1,c1,c1,c1,c1,c1,c1,c1
9100,9098,2,c234,c1,c1,c1,c1,c1,c1,c1,c1
9101,9099,3,c1,c234,c1,c5,c234,c5,c1,c1,c234
9102,9100,1,c1,c234,c234,c234,c234,c234,c234,c234,c234
9103,9101,2,c5,c234,c234,c234,c234,c234,c234,c234,c234
9104,9102,3,c234,c234,c234,c234,c234,c234,c234,c234,c234
9106,9104,1,c234,c234,c234,c5,c234,c234,c5,c234,c234
9107,9105,2,c5,c5,c5,c5,c5,c5,c5,c5,c5
9108,9106,3,c5,c5,c5,c5,c5,c5,c5,c5,c5
9109,9107,1,c234,c234,c234,c234,c234,c234,c234,c234,c234
9112,9110,3,c234,c1,c5,c1,c1,c5,c1,c1,c5
9113,9111,2,c1,c1,c1,c1,c1,c1,c1,c1,c1
9114,5682,3,c1,c5,c5,c5,c5,c5,c5,c5,c5
9116,9114,1,c5,c5,c1,c5,c5,c5,c5,c5,c5
9117,7251,1,c234,c5,c5,c5,c5,c5,c5,c5,c5
9118,9116,3,c5,c1,c1,c5,c1,c5,c1,c5,c5
9119,9117,2,c1,c1,c1,c1,c1,c234,c1,c1,c234
9120,9118,3,c234,c1,c1,c1,c1,c234,c1,c1,c234
9122,9120,1,c234,c1,c1,c1,c1,c1,c1,c5,c234
9123,9121,2,c1,c234,c234,c1,c234,c5,c234,c1,c5
9124,9122,1,c234,c234,c234,c5,c5,c5,c234,c5,c5
9126,9124,3,c1,c5,c234,c5,c234,c1,c234,c234,c1
9127,9125,1,c234,c234,c234,c234,c234,c234,c234,c234,c234
9128,9126,2,c234,c5,c1,c5,c5,c5,c5,c1,c1
9129,9127,2,c234,c1,c1,c1,c1,c1,c1,c1,c1
9130,9128,3,c5,c1,c1,c1,c1,c5,c1,c1,c1
9131,9129,2,c5,c5,c5,c5,c5,c5,c5,c5,c5
9133,240,1,c1,c234,c234,c234,c234,c234,c234,c234,c1
9134,9132,3,c234,c5,c5,c5,c5,c5,c5,c5,c5
9135,271,1,c1,c1,c1,c1,c1,c1,c1,c1,c1
9137,9135,1,c5,c5,c5,c5,c5,c5,c5,c5,c5
9138,9136,2,c5,c5,c5,c5,c5,c5,c5,c5,c5
9140,9138,1,c234,c1,c234,c1,c1,c234,c1,c1,c234
9141,9139,1,c5,c234,c234,c234,c234,c5,c234,c234,c5
9142,3908,3,c234,c5,c5,c5,c5,c5,c5,c5,c5
9143,9141,3,c1,c5,c5,c234,c5,c5,c5,c5,c5
9145,9143,3,c234,c5,c5,c1,c5,c5,c5,c1,c5
9146,9144,2,c1,c1,c1,c1,c1,c5,c1,c1,c5
9147,9145,2,c5,c234,c234,c234,c234,c234,c234,c234,c234
9148,25,1,c5,c234,c234,c234,c234,c234,c234,c234,c234
9149,9147,1,c1,c5,c5,c5,c5,c5,c5,c5,c5
9150,9148,2,c234,c5,c5,c5,c5,c5,c5,c5,c5
9151,9149,3,c234,c234,c234,c234,c234,c234,c234,c1,c1
9153,9151,1,c1,c5,c5,c5,c5,c5,c5,c5,c234
9154,9152,2,c1,c1,c5,c1,c1,c5,c1,c5,c5
9155,9153,2,c234,c5,c5,c5,c5,c5,c5,c5,c5
9156,9154,3,c5,c1,c1,c1,c1,c1,c1,c1,c1
9157,9155,1,c1,c234,c234,c234,c234,c234,c234,c234,c234
9159,9157,3,c234,c5,c5,c5,c5,c5,c5,c5,c234
9160,9158,3,c5,c5,c5,c5,c5,c5,c5,c5,c5
9162,9160,1,c234,c234,c234,c234,c234,c1,c234,c234,c1
9163,9161,2,c1,c234,c234,c234,c234,c234,c234,c234,c234
9164,9162,2,c1,c234,c234,c5,c1,c234,c234,c5,c1
9166,9164,1,c5,c1,c1,c1,c1,c1,c1,c1,c1
9167,9165,3,c1,c5,c5,c5,c5,c5,c5,c5,c5
9168,9166,1,c5,c234,c234,c234,c234,c234,c234,c234,c234
9169,675,1,c1,c5,c1,c5,c5,c5,c5,c1,c1
9170,9168,2,c1,c234,c234,c234,c234,c5,c234,c234,c5
9172,9170,2,c234,c234,c234,c234,c234,c234,c234,c1,c1
9173,9171,3,c5,c234,c234,c234,c234,c234,c234,c234,c234
9174,9172,3,c5,c5,c5,c5,c5,c5,c5,c5,c5
9175,9173,1,c1,c1,c1,c1,c1,c5,c1,c1,c5
9176,9174,1,c5,c234,c1,c234,c234,c234,c234,c234,c234
9177,9175,2,c234,c5,c5,c5,c5,c5,c5,c5,c5
9179,9177,1,c234,c5,c5,c5,c5,c5,c5,c5,c5
9181,9179,3,c5,c1,c234,c1,c1,c234,c1,c1,c234
9182,9180,2,c5,c5,c5,c5,c5,c234,c5,c5,c5
9183,9181,3,c1,c5,c5,c5,c5,c5,c5,c5,c5
9184,94,1,c1,c234,c234,c5,c5,c234,c234,c5,c234
9185,9183,3,c5,c5,c5,c5,c5,c5,c5,c5,c5
9186,3209,3,c1,c1,c1,c1,c1,c1,c1,c1,c1
9187,271,1,c234,c1,c1,c1,c1,c1,c1,c1,c1
9188,16,1,c1,c1,c1,c1,c1,c1,c1,c1,c1
9189,9187,1,c1,c5,c5,c5,c5,c5,c5,c5,c5
9191,9189,2,c234,c5,c5,c5,c5,c234,c5,c5,c234
9192,9190,1,c1,c1,c1,c1,c1,c5,c1,c1,c5
9193,9191,3,c5,c5,c5,c5,c5,c5,c5,c5,c5
9194,9192,2,c5,c5,c5,c5,c5,c5,c5,c5,c5
9197,9195,1,c5,c1,c1,c1,c1,c1,c1,c1,c1
9198,9196,2,c234,c234,c234,c234,c234,c234,c234,c234,c234
9199,9197,3,c234,c5,c5,c5,c5,c5,c5,c5,c5
9200,9198,1,c1,c1,c1,c1,c1,c1,c1,c1,c1
9201,9199,2,c234,c5,c5,c5,c5,c5,c5,c5,c5
9202,9200,3,c1,c234,c234,c234,c234,c234,c234,c234,c234
9204,9202,1,c1,c1,c1,c1,c1,c1,c1,c1,c1
9205,9203,2,c234,c5,c5,c5,c234,c5,c5,c5,c234
9206,9204,3,c234,c5,c5,c5,c5,c5,c5,c1,c5
9207,9205,2,c5,c1,c1,c1,c1,c5,c1,c234,c5
9210,3821,1,c1,c234,c234,c234,c234,c234,c234,c234,c234
9211,9209,1,c5,c5,c5,c5,c5,c5,c5,c5,c5
9212,9210,3,c5,c5,c5,c5,c5,c5,c5,c5,c5
9213,9211,3,c1,c1,c1,c1,c1,c234,c1,c1,c234
9214,381,3,c1,c1,c1,c1,c1,c1,c1,c1,c1
9215,36,2,c5,c5,c5,c5,c5,c5,c5,c5,c5
9216,9214,1,c1,c5,c5,c5,c5,c5,c5,c5,c5
9218,9216,2,c5,c5,c5,c5,c5,c5,c5,c5,c5
9219,9217,3,c234,c5,c5,c5,c5,c5,c5,c5,c5
9221,9219,2,c1,c234,c234,c5,c5,c234,c234,c1,c1
9222,9220,1,c5,c5,c5,c5,c5,c5,c5,c5,c5
9224,9222,1,c5,c5,c5,c5,c5,c5,c5,c5,c5
9225,9223,3,c5,c5,c1,c5,c5,c5,c1,c5,c5
9227,9225,2,c5,c234,c234,c5,c234,c5,c234,c5,c5
9228,9226,3,c234,c1,c1,c234,c1,c5,c1,c234,c5
9229,94,1,c234,c5,c5,c5,c5,c234,c5,c5,c5
9230,9228,1,c5,c5,c5,c5,c5,c5,c5,c5,c5
9231,9229,3,c1,c5,c5,c5,c5,c5,c5,c5,c5
9232,9230,2,c5,c1,c1,c1,c1,c1,c1,c1,c1
9234,9232,1,c234,c1,c1,c1,c1,c1,c1,c1,c1
9236,9234,2,c234,c234,c234,c234,c234,c234,c234,c234,c234
9237,9235,3,c5,c5,c5,c5,c5,c5,c5,c5,c5
9238,9236,3,c5,c1,c1,c1,c1,c1,c1,c1,c1
9240,9238,1,c1,c1,c1,c1,c1,c5,c1,c1,c5
9241,406,2,c1,c1,c1,c1,c1,c1,c1,c1,c1
9242,9240,3,c5,c1,c1,c1,c1,c5,c1,c1,c1
9243,171,2,c234,c234,c234,c234,c234,c234,c234,c234,c1
9244,9242,2,c5,c1,c1,c1,c1,c1,c1,c1,c1
9245,9243,1,c5,c1,c1,c1,c1,c234,c1,c1,c234
9246,9244,2,c1,c5,c234,c5,c1,c5,c5,c1,c5
9248,9246,3,c234,c1,c1,c1,c1,c1,c1,c1,c1
9249,5416,3,c1,c234,c234,c234,c234,c234,c234,c234,c234
9251,9249,1,c234,c5,c5,c5,c5,c5,c5,c5,c5
9252,9250,2,c5,c5,c5,c5,c5,c5,c5,c5,c5
9253,9251,3,c5,c5,c5,c5,c5,c5,c5,c5,c5
9254,9252,1,c234,c234,c234,c234,c234,c234,c234,c234,c234
9255,9253,2,c5,c5,c5,c5,c5,c5,c5,c5,c5
9257,9255,3,c234,c5,c234,c234,c5,c5,c5,c234,c5
9258,9256,1,c1,c234,c234,c234,c234,c234,c234,c234,c234
9259,9257,2,c1,c1,c1,c1,c1,c5,c1,c1,c5
9260,9258,3,c5,c1,c1,c1,c1,c5,c1,c1,c5
9261,9259,3,c1,c234,c234,c234,c234,c234,c234,c234,c1
9262,9260,1,c5,c5,c5,c5,c5,c5,c5,c5,c5
9264,9262,2,c1,c234,c234,c234,c234,c234,c234,c234,c234
9265,9263,2,c234,c1,c1,c1,c1,c1,c1,c1,c1
9266,24,3,c1,c5,c5,c5,c5,c5,c5,c5,c5
9267,8206,3,c5,c234,c234,c234,c1,c234,c234,c234,c234
9269,16,1,c1,c1,c1,c1,c1,c1,c1,c1,c1
9270,9268,1,c234,c234,c234,c234,c234,c234,c234,c234,c234
9272,8400,2,c1,c234,c234,c234,c234,c1,c1,c234,c234
9273,9271,1,c5,c1,c1,c234,c1,c234,c1,c234,c234
9274,9272,2,c5,c234,c234,c234,c234,c234,c234,c234,c234
9275,9273,3,c1,c5,c5,c5,c5,c5,c5,c5,c5
9276,9274,2,c234,c5,c5,c5,c5,c5,c5,c5,c5
9277,9275,1,c5,c234,c234,c234,c234,c234,c234,c234,c234
9278,9276,3,c1,c1,c1,c1,c1,c234,c1,c1,c234
9279,9277,2,c1,c5,c5,c5,c5,c1,c5,c1,c1
9281,9279,3,c234,c5,c5,c5,c5,c5,c5,c5,c5
9282,9280,1,c5,c5,c5,c5,c5,c5,c5,c5,c5
9284,9282,1,c234,c5,c5,c5,c5,c1,c5,c5,c234
9286,9284,2,c234,c5,c5,c5,c5,c5,c5,c5,c5
9287,9285,3,c234,c5,c5,c5,c5,c5,c5,c5,c5
9289,9287,2,c1,c234,c234,c234,c234,c234,c234,c234,c1
9290,9288,1,c234,c234,c1,c234,c234,c234,c234,c234,c234
9291,9289,3,c234,c5,c5,c5,c1,c5,c5,c5,c5
9293,9291,1,c1,c1,c1,c1,c1,c1,c1,c1,c1
9294,9292,2,c234,c1,c1,c1,c1,c1,c1,c1,c1
9295,9293,2,c5,c5,c5,c234,c5,c5,c5,c5,c5
9297,3074,1,c1,c5,c5,c5,c234,c5,c5,c5,c5
9298,9296,3,c234,c234,c234,c234,c234,c5,c234,c234,c5
9299,9297,3,c1,c5,c5,c5,c5,c234,c5,c5,c5
9301,9299,3,c5,c1,c1,c1,c1,c1,c1,c1,c1
9303,9301,1,c234,c5,c5,c5,c5,c5,c5,c5,c5
9304,9302,2,c1,c1,c1,c1,c1,c234,c1,c1,c1
9306,9304,1,c234,c234,c234,c234,c234,c234,c234,c234,c234
9307,9305,2,c234,c5,c5,c5,c5,c5,c5,c5,c5
9308,5529,3,c5,c1,c1,c1,c1,c1,c1,c1,c1
9309,177,1,c234,c234,c234,c234,c234,c234,c234,c234,c234
9310,9308,3,c5,c5,c5,c5,c5,c5,c5,c5,c5
9312,9310,1,c1,c5,c5,c5,c5,c5,c5,c5,c5
9313,9311,2,c1,c234,c234,c234,c234,c234,c234,c234,c234
9314,9312,2,c5,c1,c1,c1,c1,c5,c1,c1,c5
9315,9313,3,c234,c234,c234,c234,c234,c234,c234,c234,c234
9316,9314,1,c234,c5,c5,c5,c5,c234,c5,c5,c234
9317,9315,3,c5,c234,c234,c234,c234,c5,c234,c234,c234
9318,9316,1,c5,c5,c5,c5,c5,c5,c5,c5,c5
9319,9317,2,c5,c5,c5,c5,c5,c5,c5,c234,c5
9321,9319,3,c1,c5,c5,c234,c5,c234,c5,c5,c5
9322,9320,3,c234,c234,c234,c234,c234,c234,c234,c234,c234
9323,9321,3,c1,c1,c1,c1,c1,c1,c1,c1,c1
9324,9322,1,c5,c5,c5,c5,c5,c5,c5,c5,c5
9325,9323,2,c5,c5,c5,c5,c5,c5,c234,c5,c5
9326,271,1,c234,c1,c1,c1,c1,c1,c1,c1,c1
9328,9326,1,c5,c234,c234,c234,c234,c234,c234,c234,c234
9329,9327,2,c234,c5,c5,c5,c5,c5,c5,c5,c5
9330,9328,3,c1,c5,c5,c5,c5,c234,c5,c234,c234
9331,9329,1,c1,c5,c5,c5,c5,c5,c5,c5,c5
9334,9332,2,c5,c5,c5,c5,c5,c5,c5,c5,c5
9335,9333,2,c1,c5,c5,c5,c5,c5,c5,c5,c5
9336,9334,3,c1,c5,c5,c5,c5,c5,c5,c234,c5
9337,675,1,c234,c1,c1,c5,c1,c1,c1,c1,c1
9339,9337,3,c1,c1,c1,c1,c1,c1,c1,c1,c1
9340,9338,1,c1,c5,c5,c234,c5,c234,c5,c5,c234
9341,9339,2,c234,c1,c1,c234,c1,c234,c1,c1,c234
9342,724,3,c234,c1,c1,c1,c1,c1,c1,c1,c1
9344,9342,1,c5,c5,c5,c234,c5,c5,c5,c234,c5
9345,735,1,c5,c5,c5,c5,c5,c5,c5,c5,c5
9346,9344,3,c5,c5,c5,c5,c5,c5,c5,c5,c5
9347,9345,3,c1,c5,c5,c5,c5,c5,c5,c5,c5
9348,9346,3,c1,c234,c234,c234,c1,c234,c234,c1,c1
9350,9348,1,c1,c5,c5,c5,c5,c1,c5,c5,c1
9351,9349,2,c234,c234,c234,c234,c234,c234,c234,c234,c234
9352,9350,3,c234,c234,c234,c234,c234,c5,c234,c234,c1
9353,9351,3,c5,c5,c5,c5,c5,c5,c5,c5,c234
9354,9352,1,c234,c5,c234,c5,c234,c234,c5,c234,c234
9356,9354,2,c234,c1,c1,c1,c1,c234,c1,c1,c234
9357,9355,3,c234,c5,c5,c5,c5,c234,c5,c5,c234
9358,9356,1,c1,c5,c5,c5,c5,c5,c5,c5,c5
9359,9357,2,c5,c5,c5,c5,c5,c5,c5,c5,c5
9360,9358,3,c234,c234,c234,c234,c234,c234,c234,c234,c234
9361,9359,1,c1,c1,c1,c1,c234,c5,c1,c1,c5
9363,9361,2,c5,c234,c234,c234,c234,c234,c234,c1,c234
9364,0,3,c1,c1,c1,c1,c1,c1,c1,c1,c1
9365,9363,3,c234,c5,c5,c5,c5,c5,c5,c5,c5
9366,9358,3,c1,c234,c234,c234,c234,c234,c234,c234,c234
9368,1172,2,c5,c1,c1,c5,c1,c1,c1,c5,c1
9369,9367,1,c1,c1,c1,c1,c1,c1,c1,c1,c1
9370,9368,2,c1,c234,c234,c234,c234,c234,c234,c234,c234
9371,9369,3,c5,c5,c5,c5,c5,c5,c5,c5,c5
9372,1213,1,c5,c5,c5,c5,c5,c5,c5,c5,c5
9374,9372,1,c234,c5,c5,c5,c5,c5,c5,c5,c5
9375,9373,1,c1,c5,c5,c5,c5,c1,c5,c5,c234
9376,9374,2,c5,c5,c5,c1,c5,c5,c5,c1,c5
9377,9375,1,c234,c5,c5,c5,c5,c5,c5,c5,c5
9378,3409,2,c1,c1,c1,c1,c1,c1,c1,c1,c1
9380,5416,3,c1,c234,c234,c234,c234,c234,c234,c234,c234
9381,9379,3,c234,c5,c5,c5,c5,c5,c5,c5,c5
9382,9380,2,c234,c234,c234,c1,c234,c234,c1,c1,c234
9383,9381,3,c5,c5,c5,c5,c5,c5,c5,c5,c5
9384,3908,3,c5,c5,c5,c5,c5,c5,c5,c5,c5
9386,9384,1,c1,c5,c5,c5,c5,c5,c5,c5,c5
9387,9385,3,c234,c234,c234,c234,c234,c234,c234,c234,c234
9388,3584,1,c1,c234,c234,c234,c1,c234,c234,c234,c1
9389,271,1,c1,c1,c1,c1,c1,c1,c1,c1,c1
9390,9388,2,c234,c234,c234,c234,c234,c5,c234,c234,c234
9391,9389,1,c1,c234,c234,c234,c234,c234,c234,c234,c5
9392,9390,2,c5,c5,c5,c5,c5,c5,c5,c5,c5
9394,6228,3,c1,c1,c234,c234,c1,c1,c1,c234,c1
9395,9393,3,c1,c234,c234,c234,c234,c5,c234,c234,c5
9396,9394,1,c1,c5,c5,c5,c234,c5,c5,c234,c5
9397,9395,2,c1,c1,c1,c1,c1,c1,c1,c1,c1
9399,9397,3,c1,c1,c1,c1,c1,c1,c1,c1,c5
9400,9398,3,c1,c5,c5,c5,c5,c5,c5,c5,c5
9401,9399,1,c234,c1,c1,c234,c1,c5,c1,c1,c5
9402,9400,2,c5,c1,c1,c1,c1,c234,c1,c1,c234
9403,9401,3,c5,c234,c234,c234,c234,c234,c234,c234,c234
9404,9402,1,c1,c1,c1,c234,c1,c1,c1,c1,c1
9406,9404,2,c1,c1,c1,c1,c1,c1,c1,c1,c1
9407,9405,1,c234,c1,c1,c1,c234,c1,c1,c1,c234
9408,9406,1,c5,c5,c5,c5,c5,c5,c5,c5,c1
9409,9407,3,c5,c5,c5,c5,c5,c5,c5,c5,c5
9410,9408,2,c234,c234,c234,c234,c234,c234,c234,c234,c234
9411,9409,1,c234,c5,c5,c5,c5,c234,c5,c5,c234
9413,271,1,c5,c1,c1,c1,c1,c1,c1,c1,c1
9414,9412,3,c234,c1,c234,c1,c1,c234,c1,c1,c1
9415,9413,1,c5,c5,c5,c5,c5,c5,c5,c5,c5
9417,9415,2,c5,c5,c5,c5,c1,c5,c5,c5,c5
9418,7440,3,c234,c5,c5,c5,c5,c5,c5,c1,c1
9419,9417,1,c1,c1,c1,c1,c1,c234,c1,c1,c1
9420,36,2,c5,c5,c5,c5,c5,c5,c5,c5,c5
9422,9420,2,c5,c234,c1,c234,c234,c5,c234,c1,c5
9423,9421,3,c5,c234,c234,c5,c5,c5,c234,c5,c5
9424,194,1,c1,c5,c5,c5,c5,c5,c5,c5,c5
9426,9424,1,c234,c234,c234,c234,c234,c234,c234,c234,c234
9427,1933,2,c1,c234,c234,c234,c234,c234,c234,c234,c234
9428,9426,2,c5,c234,c1,c234,c1,c5,c234,c1,c5
9429,9427,3,c5,c5,c5,c5,c5,c5,c5,c5,c5
9430,9428,2,c5,c5,c5,c5,c5,c5,c5,c5,c5
9431,9429,1,c234,c5,c5,c5,c5,c5,c5,c5,c5
9432,9170,2,c5,c234,c234,c234,c234,c234,c234,c1,c1
9433,9431,3,c234,c5,c5,c5,c5,c5,c5,c5,c5
9434,36,2,c1,c5,c5,c5,c5,c5,c5,c5,c5
9435,9433,1,c234,c234,c234,c234,c234,c234,c234,c234,c234
9437,16,1,c1,c1,c1,c1,c1,c1,c1,c1,c1
9438,9436,1,c234,c1,c1,c234,c1,c234,c1,c1,c234
9439,675,1,c1,c1,c1,c5,c1,c1,c1,c1,c1
9441,403,3,c1,c1,c234,c234,c234,c234,c234,c234,c234
9442,2833,2,c5,c5,c5,c5,c5,c5,c5,c5,c5
9443,5382,3,c5,c1,c1,c1,c1,c1,c1,c1,c1
9444,9442,2,c234,c5,c5,c5,c5,c5,c5,c5,c5
9445,9443,3,c5,c5,c5,c5,c5,c5,c5,c1,c1
9446,5866,2,c234,c5,c5,c5,c5,c5,c5,c5,c5
9447,9445,2,c1,c5,c5,c5,c1,c5,c5,c1,c5
9448,6363,2,c5,c5,c5,c5,c5,c5,c5,c5,c5
9450,9448,3,c234,c5,c234,c234,c5,c234,c234,c234,c234
9451,9449,1,c234,c5,c5,c5,c5,c5,c5,c5,c5
9452,9450,2,c1,c5,c5,c5,c5,c5,c5,c5,c5
9453,9451,3,c234,c234,c234,c234,c234,c234,c234,c234,c1
9454,9452,1,c5,c5,c5,c5,c5,c5,c5,c5,c5
9455,194,1,c5,c5,c5,c5,c5,c5,c5,c5,c5
9456,1647,3,c234,c5,c1,c5,c5,c5,c5,c1,c1
9457,9455,2,c1,c1,c1,c1,c1,c1,c1,c1,c1
9459,3865,1,c1,c5,c5,c5,c1,c234,c5,c1,c234
9460,9458,3,c234,c5,c234,c5,c5,c5,c5,c234,c5
9461,9459,2,c234,c5,c1,c5,c5,c5,c5,c1,c1
9462,6821,3,c1,c234,c234,c234,c234,c5,c234,c234,c5
9463,504,2,c5,c1,c1,c1,c1,c1,c1,c1,c1
9465,9463,3,c5,c234,c234,c234,c234,c234,c234,c234,c1
9467,9465,1,c1,c5,c5,c5,c5,c5,c5,c5,c5
9468,474,3,c234,c5,c5,c5,c5,c5,c5,c5,c5
9469,2864,1,c234,c234,c234,c234,c234,c234,c234,c234,c234
9470,7,3,c1,c1,c5,c1,c1,c5,c1,c5,c5
9471,4871,2,c5,c234,c5,c234,c234,c5,c234,c5,c5
9472,1085,1,c5,c1,c1,c234,c234,c1,c1,c1,c1
9474,9472,1,c234,c234,c234,c234,c234,c234,c234,c234,c5
9475,9473,2,c234,c234,c234,c234,c234,c234,c234,c234,c234
9476,9474,1,c234,c234,c234,c234,c234,c234,c234,c234,c234
9477,36,2,c5,c5,c5,c5,c5,c5,c5,c5,c5
9479,36,2,c5,c5,c5,c5,c5,c5,c5,c5,c5
9481,9479,3,c1,c1,c1,c1,c1,c1,c1,c1,c1
9482,9480,2,c5,c5,c5,c5,c5,c5,c5,c5,c5
9483,504,2,c1,c1,c1,c1,c1,c1,c1,c1,c1
9484,1574,1,c5,c234,c234,c5,c1,c5,c234,c1,c5
9485,9483,3,c234,c234,c234,c5,c234,c5,c234,c5,c5
9486,9484,3,c234,c5,c5,c5,c5,c5,c5,c5,c5
9487,36,2,c5,c5,c5,c5,c5,c5,c5,c5,c5
9488,9486,1,c5,c5,c5,c5,c5,c5,c5,c5,c5
9489,9487,3,c5,c5,c5,c5,c5,c5,c5,c5,c5
9491,16,1,c1,c1,c1,c1,c1,c1,c1,c1,c1
9492,9490,2,c234,c234,c234,c5,c234,c5,c234,c234,c5
9493,16,1,c234,c1,c1,c1,c1,c1,c1,c1,c1
9494,9492,2,c5,c5,c5,c5,c5,c5,c5,c5,c5
9495,9493,1,c1,c1,c1,c1,c234,c1,c1,c1,c1
9497,7042,2,c1,c1,c1,c1,c1,c1,c1,c1,c1
9498,9496,3,c5,c5,c5,c5,c5,c5,c5,c5,c5
9499,9497,1,c5,c5,c5,c5,c5,c5,c5,c5,c5
9500,9498,3,c5,c5,c5,c5,c5,c5,c5,c5,c5
9501,9499,2,c234,c234,c234,c234,c234,c234,c234,c234,c234
9503,9501,3,c234,c1,c1,c1,c1,c234,c1,c1,c234
9504,9502,1,c5,c234,c234,c234,c234,c234,c234,c234,c234
9505,9503,2,c5,c5,c5,c5,c5,c5,c5,c5,c5
9506,5409,2,c1,c234,c5,c234,c234,c5,c234,c1,c1
9508,9506,3,c234,c5,c5,c5,c5,c5,c5,c5,c5
9509,9507,1,c5,c234,c1,c234,c1,c1,c234,c1,c1
9511,9509,3,c5,c234,c234,c234,c234,c234,c234,c234,c234
9512,9510,2,c234,c1,c1,c1,c234,c234,c1,c234,c234
9514,9512,2,c5,c5,c5,c5,c5,c5,c5,c5,c5
9515,16,1,c1,c1,c1,c1,c1,c1,c1,c1,c1
9516,9514,3,c234,c1,c1,c234,c1,c1,c1,c1,c1
9517,9515,1,c1,c1,c1,c1,c1,c1,c1,c1,c1
9518,9516,1,c5,c5,c5,c5,c5,c5,c5,c5,c5
9520,9518,2,c234,c5,c5,c5,c5,c5,c5,c5,c5
9521,9519,3,c5,c5,c5,c5,c5,c5,c5,c5,c5
9522,9520,1,c1,c234,c234,c234,c234,c234,c234,c234,c234
9523,779,1,c1,c1,c1,c1,c1,c1,c1,c1,c1
9524,9522,2,c1,c5,c5,c5,c5,c5,c5,c5,c234
9526,126,1,c1,c5,c5,c5,c5,c5,c5,c5,c5
9527,9525,3,c5,c5,c5,c5,c5,c5,c5,c5,c5
9528,33,3,c1,c234,c234,c234,c234,c1,c234,c234,c234
9529,9527,3,c5,c5,c5,c234,c5,c5,c5,c234,c234
9530,9528,2,c1,c234,c234,c234,c234,c234,c234,c234,c234
9531,9529,1,c234,c1,c1,c1,c1,c1,c1,c1,c1
9533,2864,1,c1,c234,c234,c234,c234,c234,c234,c234,c234
9534,9532,3,c1,c234,c234,c234,c234,c234,c234,c1,c234
9535,9533,2,c1,c5,c5,c5,c5,c5,c5,c5,c234
9536,737,3,c5,c5,c5,c5,c5,c5,c5,c5,c5
9537,9535,2,c5,c5,c5,c5,c5,c5,c5,c5,c5
9538,9536,1,c234,c5,c5,c5,c5,c5,c5,c5,c5
9539,9537,3,c1,c1,c1,c1,c1,c5,c1,c1,c5
9540,274,3,c5,c5,c5,c1,c5,c234,c5,c1,c1
9542,9540,2,c234,c1,c1,c1,c1,c1,c1,c234,c1
9543,9541,3,c234,c1,c1,c1,c1,c1,c1,c1,c1
9544,9542,1,c234,c5,c5,c5,c5,c234,c5,c5,c234
9546,9544,1,c234,c5,c5,c5,c5,c5,c5,c5,c5
9547,9545,3,c234,c234,c234,c234,c234,c5,c234,c234,c5
9548,9546,2,c5,c5,c5,c5,c5,c234,c5,c5,c234
9549,9547,1,c234,c234,c234,c234,c234,c5,c234,c234,c234
9550,9548,1,c1,c5,c5,c5,c5,c5,c5,c5,c5
9553,0,3,c1,c1,c1,c1,c1,c1,c1,c1,c1
9554,9552,2,c1,c1,c1,c1,c1,c5,c1,c1,c5
9555,9553,3,c1,c1,c1,c1,c1,c5,c1,c1,c234
9557,9555,2,c1,c234,c234,c234,c234,c234,c234,c234,c234
9558,9556,3,c1,c234,c234,c234,c234,c234,c234,c234,c234
9559,9557,1,c1,c234,c234,c234,c234,c234,c234,c234,c234
9562,9560,2,c234,c5,c5,c5,c5,c5,c5,c5,c234
9563,9561,3,c5,c5,c5,c5,c5,c5,c5,c1,c5
9564,9562,1,c5,c234,c234,c234,c234,c5,c234,c234,c5
9565,9563,2,c5,c234,c234,c234,c234,c234,c234,c234,c234
9566,36,2,c234,c5,c5,c5,c5,c5,c5,c5,c5
9567,9565,3,c5,c5,c5,c5,c5,c5,c5,c5,c5
9569,9567,2,c234,c5,c5,c5,c5,c5,c5,c5,c5
9570,9568,3,c5,c5,c5,c5,c5,c5,c5,c5,c5
9571,9569,1,c5,c234,c234,c234,c234,c234,c234,c234,c234
9572,9570,2,c5,c234,c234,c234,c234,c5,c234,c234,c5
9574,9572,1,c5,c5,c5,c5,c5,c5,c5,c5,c5
9575,9573,3,c1,c5,c5,c5,c5,c5,c5,c5,c5
9576,9574,2,c5,c5,c5,c5,c5,c5,c5,c5,c5
9578,9576,1,c5,c5,c5,c5,c5,c5,c5,c5,c5
9580,284,3,c5,c5,c5,c1,c5,c5,c5,c1,c5
9581,9579,3,c234,c1,c234,c1,c1,c5,c5,c234,c5
9582,9580,1,c1,c234,c234,c234,c234,c234,c234,c234,c234
9583,9581,2,c234,c5,c5,c5,c5,c5,c5,c5,c5
9584,9582,3,c234,c1,c1,c1,c1,c1,c1,c1,c1
9585,9583,1,c1,c234,c234,c234,c234,c234,c234,c234,c234
9587,16,1,c234,c1,c1,c1,c1,c1,c1,c1,c1
9588,9586,2,c1,c5,c5,c5,c5,c234,c5,c234,c234
9589,9587,3,c5,c5,c5,c5,c5,c5,c5,c5,c5
9590,1142,2,c1,c1,c1,c1,c1,c1,c1,c1,c1
9591,9589,2,c1,c234,c234,c234,c234,c234,c234,c234,c234
9593,4872,1,c234,c5,c5,c5,c5,c5,c5,c5,c234
9594,9592,3,c1,c1,c1,c1,c1,c1,c1,c1,c1
9595,9593,1,c1,c1,c1,c1,c1,c5,c1,c1,c5
9596,675,1,c5,c1,c1,c5,c1,c1,c1,c1,c1
9597,9595,3,c5,c5,c5,c5,c5,c5,c5,c5,c5
9599,9597,1,c1,c234,c234,c234,c5,c5,c5,c5,c5
9600,9598,2,c234,c5,c5,c5,c5,c5,c5,c5,c5
9601,9599,2,c5,c234,c234,c234,c234,c5,c234,c5,c5
9603,9601,1,c234,c5,c5,c5,c5,c5,c5,c5,c5
9604,9602,3,c1,c1,c1,c1,c1,c1,c1,c1,c1
9605,9603,2,c1,c234,c234,c234,c234,c234,c234,c234,c234
9606,9604,1,c234,c1,c1,c234,c1,c5,c1,c234,c5
9609,9607,3,c234,c5,c5,c5,c5,c5,c5,c5,c5
9610,9608,1,c5,c5,c5,c5,c5,c5,c5,c5,c5
9612,9610,3,c5,c5,c5,c5,c5,c5,c5,c5,c5
9613,9611,2,c5,c5,c5,c5,c5,c5,c5,c5,c5
9614,9612,1,c5,c5,c5,c5,c5,c5,c5,c5,c5
9615,9613,2,c1,c234,c234,c5,c234,c234,c5,c234,c234
9616,9614,3,c1,c1,c1,c1,c1,c1,c1,c1,c1
9617,9615,1,c5,c234,c234,c234,c1,c1,c234,c1,c234
9618,9616,3,c1,c1,c1,c1,c1,c1,c1,c1,c1
9619,0,3,c234,c1,c1,c1,c1,c1,c1,c1,c1
9620,9618,2,c234,c234,c234,c234,c234,c234,c234,c234,c234
9623,9621,1,c5,c5,c5,c5,c5,c234,c5,c5,c5
9625,612,1,c234,c5,c5,c234,c5,c5,c5,c5,c1
9626,9624,2,c5,c5,c5,c5,c5,c5,c5,c5,c5
9627,9625,3,c1,c1,c1,c1,c5,c1,c1,c1,c5
9629,9627,1,c234,c234,c234,c234,c234,c234,c234,c234,c234
9630,9628,2,c5,c1,c234,c1,c1,c234,c1,c234,c234
9631,9629,3,c234,c5,c5,c5,c5,c1,c5,c5,c5
9632,1540,1,c234,c1,c1,c1,c1,c1,c1,c1,c1
9633,9631,2,c5,c234,c234,c234,c234,c234,c234,c234,c234
9634,9632,1,c5,c1,c1,c1,c1,c1,c1,c1,c1
9636,9634,3,c1,c5,c5,c5,c5,c5,c5,c5,c5
9637,9635,1,c5,c5,c5,c5,c5,c5,c5,c5,c5
9638,9636,2,c234,c5,c5,c234,c5,c5,c5,c234,c5
9640,9638,3,c234,c1,c1,c5,c5,c5,c1,c5,c5
9642,7667,1,c1,c1,c1,c1,c1,c1,c1,c1,c1
9643,9641,3,c5,c234,c234,c234,c1,c5,c234,c1,c5
9645,9643,1,c234,c1,c1,c1,c1,c1,c1,c1,c1
9646,3693,1,c1,c1,c1,c1,c1,c1,c1,c1,c1
9647,9645,2,c234,c1,c1,c1,c1,c1,c1,c1,c1
9648,9646,1,c234,c5,c5,c5,c5,c5,c5,c5,c5
9649,9647,3,c5,c234,c234,c234,c234,c234,c234,c234,c234
9651,9649,2,c5,c234,c234,c234,c234,c234,c234,c234,c234
9652,9650,1,c234,c234,c234,c234,c234,c234,c234,c234,c5
9654,9652,2,c5,c234,c234,c234,c234,c234,c234,c234,c234
9655,1662,2,c5,c234,c234,c234,c234,c234,c234,c234,c234
9656,9654,1,c234,c234,c234,c234,c234,c234,c234,c234,c5
9657,9655,3,c234,c234,c234,c234,c234,c234,c234,c234,c234
9658,9656,2,c1,c234,c1,c234,c234,c1,c234,c1,c234
9660,9658,3,c1,c1,c1,c1,c1,c1,c1,c1,c1
9661,9659,2,c234,c1,c5,c1,c1,c5,c5,c5,c5
9663,117,3,c1,c1,c1,c1,c1,c1,c1,c1,c1
9664,581,3,c1,c1,c1,c1,c1,c1,c1,c1,c1
9665,9663,1,c5,c5,c5,c5,c5,c5,c5,c5,c5
9666,9664,2,c5,c5,c5,c5,c5,c5,c5,c5,c5
9667,9665,3,c5,c5,c5,c5,c5,c5,c5,c5,c5
9668,9666,2,c234,c1,c1,c1,c1,c1,c1,c1,c1
9672,9670,1,c234,c234,c234,c234,c234,c5,c234,c234,c5
9673,9671,3,c5,c5,c5,c5,c5,c5,c5,c5,c5
9674,9672,3,c5,c234,c234,c234,c234,c234,c234,c234,c234
9675,8677,1,c1,c234,c234,c234,c234,c234,c234,c234,c234
9676,9674,1,c5,c5,c5,c5,c5,c5,c5,c5,c5
9677,1115,1,c5,c5,c5,c5,c5,c5,c5,c5,c5
9678,9676,2,c5,c234,c234,c1,c234,c234,c234,c234,c1
9680,9678,2,c5,c234,c234,c234,c234,c234,c234,c234,c234
9681,349,1,c234,c1,c5,c1,c1,c5,c1,c5,c5
9683,271,1,c1,c1,c1,c1,c1,c1,c1,c1,c1
9684,9682,1,c5,c5,c5,c234,c5,c5,c5,c234,c5
9685,9683,3,c5,c234,c234,c234,c234,c1,c234,c234,c1
9686,9684,1,c5,c5,c5,c5,c5,c5,c5,c5,c5
9687,9685,2,c5,c234,c234,c5,c234,c234,c234,c5,c234
9688,9686,3,c234,c1,c1,c1,c1,c1,c234,c1,c1
9689,9687,1,c1,c234,c234,c234,c234,c234,c234,c234,c234
9690,735,1,c1,c5,c5,c5,c5,c5,c5,c5,c5
9691,9689,1,c1,c5,c5,c5,c5,c5,c5,c5,c5
9693,9691,2,c1,c234,c234,c234,c234,c234,c234,c234,c234
9694,9692,3,c1,c234,c234,c234,c234,c5,c234,c5,c5
9695,9693,2,c234,c1,c1,c1,c1,c5,c1,c1,c1
9696,194,1,c5,c5,c5,c5,c5,c5,c5,c5,c5
9697,9695,1,c5,c5,c5,c5,c5,c5,c5,c5,c5
9699,9697,2,c5,c1,c1,c234,c1,c234,c1,c234,c234
9701,9699,3,c5,c5,c5,c5,c5,c5,c5,c234,c234
9702,9700,1,c234,c1,c1,c1,c1,c5,c1,c1,c5
9703,7,3,c5,c1,c5,c1,c1,c5,c1,c5,c5
9704,9702,3,c1,c234,c234,c234,c5,c5,c234,c234,c5
9706,9704,1,c234,c5,c5,c5,c5,c5,c5,c5,c5
9708,9706,2,c234,c234,c234,c1,c234,c1,c234,c1,c1
9709,9707,3,c1,c234,c234,c234,c234,c234,c234,c234,c234
9710,9708,1,c1,c1,c1,c1,c1,c1,c1,c1,c1
9711,9709,2,c1,c1,c1,c1,c1,c1,c1,c1,c1
9712,194,1,c234,c5,c5,c5,c5,c5,c5,c5,c5
9714,9712,3,c1,c1,c1,c1,c1,c1,c1,c1,c1
9715,9713,2,c234,c1,c1,c1,c1,c234,c1,c1,c234
9716,9714,2,c5,c5,c5,c5,c5,c5,c5,c5,c5
9717,9715,3,c1,c234,c234,c234,c234,c234,c234,c234,c234
9718,3311,2,c234,c5,c5,c5,c5,c5,c5,c5,c5
9720,9718,1,c234,c234,c234,c234,c234,c5,c234,c234,c5
9721,9719,3,c1,c5,c5,c5,c5,c5,c5,c5,c5
9722,9720,2,c234,c234,c234,c234,c234,c234,c234,c234,c234
9723,9721,3,c234,c5,c5,c234,c5,c5,c5,c5,c5
9725,9723,1,c5,c5,c5,c5,c5,c5,c5,c5,c5
9726,9724,1,c1,c1,c1,c234,c234,c234,c234,c234,c234
9727,9725,2,c234,c5,c5,c5,c5,c5,c5,c5,c5
9728,1133,2,c234,c1,c1,c1,c1,c234,c1,c1,c234
9729,9727,1,c5,c5,c5,c5,c5,c234,c5,c5,c234
9730,349,1,c1,c1,c5,c1,c1,c5,c1,c5,c5
9732,9730,2,c5,c234,c234,c5,c234,c5,c234,c234,c234
9733,9731,3,c5,c1,c1,c234,c1,c5,c1,c1,c5
9734,9732,2,c234,c5,c5,c5,c5,c5,c5,c5,c5
9735,9733,1,c234,c5,c5,c5,c5,c5,c5,c5,c5
9736,9734,3,c5,c5,c5,c5,c5,c5,c5,c5,c234
9738,295,1,c1,c5,c5,c5,c5,c5,c5,c5,c5
9740,9738,3,c234,c1,c1,c1,c1,c1,c1,c1,c1
9741,9739,2,c234,c234,c234,c234,c234,c234,c234,c234,c1
9742,1749,2,c5,c5,c5,c5,c5,c5,c5,c5,c5
9744,9742,1,c234,c5,c5,c5,c5,c5,c5,c5,c5
9745,1212,3,c234,c1,c1,c1,c1,c1,c1,c1,c1
9749,9747,2,c234,c5,c5,c5,c234,c5,c5,c5,c5
9750,675,1,c5,c5,c1,c5,c5,c1,c5,c1,c1
9751,9749,2,c1,c5,c5,c5,c5,c5,c5,c1,c5
9752,9750,3,c1,c234,c234,c234,c234,c234,c234,c234,c234
9753,9751,1,c234,c234,c234,c234,c234,c234,c234,c234,c234
9755,9753,2,c5,c5,c5,c5,c5,c5,c5,c5,c5
9756,7,3,c1,c5,c5,c5,c5,c5,c5,c5,c5
9758,9756,3,c234,c234,c234,c234,c234,c234,c234,c234,c234
9759,9757,1,c1,c1,c234,c1,c1,c1,c1,c1,c1
9760,9758,1,c5,c1,c1,c1,c1,c1,c1,c1,c1
9761,271,1,c234,c1,c1,c1,c1,c1,c1,c1,c1
9762,9760,2,c234,c1,c1,c1,c1,c5,c1,c1,c5
9763,9761,3,c234,c1,c1,c1,c1,c1,c1,c1,c1
9764,9762,2,c234,c234,c234,c234,c234,c234,c234,c234,c1
9765,9763,2,c5,c5,c5,c5,c5,c5,c5,c5,c5
9767,9765,3,c1,c1,c1,c1,c1,c1,c1,c1,c1
9769,9767,2,c5,c1,c1,c1,c1,c234,c1,c1,c1
9770,9768,1,c234,c1,c1,c1,c234,c1,c1,c1,c1
9771,9769,3,c5,c234,c234,c234,c234,c234,c234,c234,c234
9772,9770,3,c1,c1,c1,c234,c234,c234,c1,c234,c5
9774,9772,1,c5,c1,c1,c1,c1,c1,c1,c1,c1
9775,9773,2,c234,c5,c5,c5,c5,c5,c5,c5,c5
9776,9774,1,c234,c234,c234,c234,c234,c234,c234,c234,c234
9777,9775,2,c1,c1,c1,c1,c1,c1,c1,c1,c1
9778,9776,3,c5,c1,c1,c1,c1,c1,c1,c1,c1
9779,7,3,c234,c5,c5,c5,c5,c5,c5,c5,c5
9780,5163,1,c1,c1,c1,c1,c1,c234,c1,c1,c234
9781,9779,1,c1,c234,c234,c234,c234,c234,c234,c234,c1
9783,9781,2,c234,c5,c5,c5,c5,c5,c5,c5,c5
9785,9783,3,c234,c234,c234,c234,c234,c234,c234,c234,c234
9787,9785,1,c5,c5,c5,c5,c5,c5,c5,c5,c5
9789,9787,2,c234,c5,c5,c5,c5,c5,c5,c234,c5
9790,9788,3,c234,c1,c1,c1,c1,c1,c1,c1,c1
9791,3175,2,c234,c234,c234,c234,c234,c234,c234,c234,c234
9792,9790,2,c5,c234,c234,c234,c234,c5,c234,c234,c5
9793,9791,3,c234,c234,c234,c234,c234,c5,c234,c234,c5
9795,9724,1,c1,c234,c1,c234,c234,c234,c234,c234,c234
9796,9794,1,c234,c5,c5,c5,c5,c5,c5,c5,c5
9797,194,1,c234,c5,c5,c5,c5,c5,c5,c5,c5
9798,9796,1,c234,c5,c5,c5,c5,c5,c5,c5,c5
9799,9797,3,c5,c1,c1,c1,c1,c234,c1,c1,c1
9800,474,3,c5,c5,c5,c5,c5,c5,c5,c5,c5
9801,166,2,c1,c1,c1,c1,c1,c1,c1,c1,c1
9802,9800,2,c5,c234,c5,c234,c234,c234,c234,c5,c234
9804,2344,1,c1,c1,c1,c1,c1,c1,c1,c1,c1
9805,9803,3,c5,c234,c234,c234,c234,c234,c234,c234,c234
9806,9804,1,c5,c1,c1,c234,c1,c1,c1,c234,c1
9807,9805,2,c1,c5,c5,c5,c5,c5,c5,c5,c5
9808,9806,1,c5,c234,c1,c234,c234,c5,c234,c1,c5
9809,9807,3,c1,c5,c5,c5,c5,c5,c5,c5,c5
9811,9809,1,c5,c5,c5,c5,c5,c5,c5,c5,c5
9812,9810,2,c234,c234,c234,c234,c234,c234,c234,c234,c234
9813,9811,2,c1,c1,c1,c1,c1,c234,c1,c1,c5
9814,1020,2,c5,c1,c234,c1,c1,c5,c1,c1,c1
9816,252,1,c234,c1,c234,c1,c1,c234,c1,c1,c1
9817,9815,3,c5,c5,c5,c5,c5,c5,c5,c5,c5
9818,9816,1,c1,c1,c1,c1,c1,c1,c1,c1,c1
9819,9817,2,c5,c5,c5,c5,c5,c5,c5,c5,c5
9820,9818,3,c1,c1,c234,c1,c1,c234,c1,c1,c234
9822,9820,1,c234,c5,c5,c5,c5,c5,c5,c5,c5
9823,24,3,c1,c234,c234,c234,c234,c5,c234,c1,c5
9824,9822,2,c5,c5,c5,c5,c5,c5,c5,c5,c5
9826,9824,3,c5,c5,c5,c5,c5,c5,c5,c5,c1
9827,9825,3,c234,c5,c5,c5,c5,c5,c5,c5,c5
9828,9826,1,c1,c234,c234,c234,c234,c234,c234,c234,c234
9829,9827,2,c5,c1,c1,c1,c1,c1,c1,c1,c1
9830,9828,1,c5,c234,c234,c234,c234,c234,c234,c234,c5
9831,9829,1,c5,c5,c5,c5,c5,c5,c5,c5,c5
9833,9831,2,c1,c5,c5,c5,c5,c5,c5,c5,c5
9834,9832,3,c234,c5,c5,c234,c5,c5,c5,c234,c5
9835,9833,1,c1,c5,c5,c5,c234,c234,c5,c234,c1
9836,9834,3,c5,c1,c1,c1,c1,c234,c1,c1,c1
9837,9835,2,c1,c5,c5,c5,c5,c5,c5,c5,c5
9839,9837,1,c5,c5,c5,c5,c5,c5,c5,c5,c5
9840,9838,3,c234,c1,c1,c1,c1,c1,c1,c1,c1
9841,9839,2,c1,c1,c1,c1,c5,c234,c1,c5,c5
9842,9840,2,c234,c5,c234,c5,c234,c234,c5,c5,c234
9843,3010,2,c234,c5,c5,c5,c5,c5,c5,c5,c5
9845,9843,1,c234,c1,c1,c1,c1,c5,c1,c5,c5
9846,9844,3,c5,c5,c5,c5,c5,c5,c5,c5,c5
9847,3584,1,c234,c234,c234,c234,c1,c1,c234,c234,c1
9848,9846,1,c1,c1,c1,c1,c1,c1,c1,c1,c1
9849,9847,2,c1,c234,c1,c234,c234,c1,c234,c234,c1
9851,1598,3,c5,c234,c234,c234,c234,c234,c234,c234,c234
9852,2734,2,c5,c1,c1,c1,c1,c1,c1,c1,c1
9853,9851,3,c234,c5,c5,c5,c5,c5,c5,c5,c5
9854,9852,1,c234,c5,c5,c5,c5,c5,c5,c5,c5
9855,9853,3,c5,c234,c234,c234,c234,c234,c234,c234,c234
9856,9854,2,c234,c5,c5,c5,c5,c5,c5,c5,c5
9858,9856,1,c234,c5,c5,c5,c5,c5,c5,c5,c5
9859,9857,2,c5,c234,c234,c234,c234,c234,c234,c234,c234
9860,9858,3,c234,c5,c5,c5,c5,c5,c5,c5,c5
9862,9860,1,c1,c5,c5,c1,c5,c5,c5,c1,c1
9863,9861,2,c5,c5,c5,c5,c5,c5,c5,c5,c5
9864,9862,3,c234,c5,c5,c5,c5,c5,c5,c5,c5
9865,9863,2,c234,c5,c5,c5,c5,c5,c5,c1,c5
9867,9865,1,c5,c234,c234,c234,c234,c234,c234,c234,c234
9868,9866,3,c5,c5,c5,c5,c5,c5,c5,c5,c5
9869,923,3,c5,c234,c234,c234,c234,c5,c234,c234,c234
9870,9868,1,c1,c234,c234,c234,c1,c1,c234,c1,c1
9871,6262,3,c5,c5,c5,c5,c5,c5,c5,c5,c5
9873,1401,1,c1,c1,c1,c1,c234,c234,c1,c234,c234
9874,9872,2,c5,c234,c234,c234,c234,c234,c234,c234,c5
9875,9873,3,c5,c5,c5,c5,c5,c5,c5,c5,c5
9876,349,1,c1,c1,c5,c1,c1,c5,c1,c5,c5
9877,504,2,c1,c1,c1,c1,c1,c1,c1,c1,c1
9878,9876,1,c234,c1,c1,c1,c1,c5,c1,c1,c5
9879,9877,2,c5,c5,c5,c5,c5,c5,c5,c5,c5
9880,9878,3,c5,c1,c1,c1,c1,c5,c1,c234,c5
9882,5976,1,c234,c234,c234,c234,c234,c234,c234,c234,c234
9883,581,3,c1,c1,c1,c1,c1,c1,c1,c1,c1
9884,9882,2,c5,c5,c5,c5,c5,c5,c5,c5,c5
9885,9883,1,c5,c5,c5,c5,c5,c5,c5,c5,c5
9886,9884,3,c234,c234,c234,c234,c234,c234,c234,c234,c234
9888,9886,3,c234,c234,c234,c234,c234,c234,c234,c234,c234
9889,9887,1,c234,c234,c234,c234,c234,c234,c234,c234,c5
9890,9888,2,c234,c5,c5,c5,c5,c5,c5,c5,c5
9892,1233,2,c1,c234,c234,c234,c234,c234,c234,c234,c1
9893,9891,1,c234,c234,c234,c234,c234,c234,c234,c234,c234
9894,3777,3,c5,c234,c5,c234,c1,c5,c234,c5,c5
9895,9893,2,c234,c234,c234,c234,c234,c234,c234,c234,c234
9896,9894,3,c1,c1,c1,c1,c1,c5,c1,c1,c5
9897,9895,1,c1,c234,c234,c234,c234,c5,c234,c234,c5
9898,5954,2,c1,c1,c234,c1,c1,c234,c234,c234,c234
9899,7073,1,c1,c5,c5,c5,c5,c5,c5,c5,c5
9900,9898,2,c234,c1,c1,c1,c1,c5,c1,c1,c5
9901,9899,3,c1,c1,c1,c1,c1,c5,c1,c1,c5
9903,9901,1,c234,c5,c5,c5,c5,c5,c5,c5,c5
9904,9902,2,c5,c1,c1,c234,c1,c234,c1,c1,c1
9905,1198,2,c1,c1,c1,c1,c1,c1,c1,c1,c1
9906,9904,3,c234,c234,c234,c234,c234,c234,c234,c234,c234
9907,9905,2,c234,c234,c234,c234,c234,c234,c234,c234,c234
9908,9906,3,c5,c5,c5,c5,c5,c5,c5,c5,c234
9909,9907,1,c234,c1,c1,c1,c1,c234,c1,c1,c5
9911,9909,1,c234,c1,c1,c1,c1,c1,c1,c1,c1
9912,9910,2,c1,c234,c234,c234,c234,c234,c234,c234,c234
9913,36,2,c234,c5,c5,c5,c5,c5,c5,c5,c5
9915,9913,1,c234,c234,c234,c234,c234,c5,c234,c234,c5
9916,9914,3,c5,c234,c234,c234,c234,c234,c234,c234,c1
9917,9915,2,c234,c234,c234,c234,c234,c5,c234,c234,c5
9918,5163,1,c1,c1,c1,c1,c1,c234,c1,c1,c234
9919,9917,3,c5,c5,c5,c5,c5,c5,c5,c5,c5
9920,9918,1,c5,c5,c5,c5,c5,c5,c5,c5,c5
9923,452,3,c234,c234,c234,c234,c234,c234,c234,c234,c234
9924,9922,3,c1,c5,c5,c5,c5,c5,c5,c5,c234
9926,9924,2,c1,c234,c234,c234,c234,c234,c234,c234,c234
9927,9925,2,c5,c234,c234,c234,c234,c234,c234,c234,c234
9929,9927,1,c1,c234,c234,c234,c234,c234,c234,c234,c234
9930,9928,3,c1,c1,c1,c1,c1,c1,c1,c1,c1
9931,9929,2,c234,c5,c5,c5,c5,c5,c5,c5,c5
9932,9930,1,c234,c1,c1,c1,c1,c1,c1,c1,c1
9933,9931,3,c1,c1,c1,c1,c1,c1,c1,c1,c1
9935,452,3,c5,c1,c1,c234,c1,c234,c1,c234,c234
9936,9934,1,c5,c5,c5,c5,c5,c5,c5,c5,c5
9937,798,2,c1,c1,c1,c1,c1,c1,c1,c1,c1
9938,9936,3,c234,c5,c5,c5,c5,c5,c5,c5,c5
9939,9937,1,c5,c5,c5,c5,c5,c5,c5,c5,c5
9941,611,3,c234,c5,c5,c5,c5,c5,c5,c5,c5
9942,9940,2,c234,c234,c234,c234,c234,c5,c234,c234,c5
9943,9941,2,c5,c5,c5,c5,c5,c5,c5,c5,c234
9944,284,3,c1,c5,c1,c1,c5,c5,c5,c1,c5
9945,9943,3,c234,c5,c5,c5,c5,c5,c5,c5,c5
9946,9944,2,c234,c5,c5,c5,c5,c5,c5,c5,c5
9947,9945,1,c1,c1,c1,c1,c1,c1,c1,c1,c1
9949,9947,3,c1,c1,c1,c1,c1,c1,c1,c1,c1
9950,9948,1,c234,c5,c5,c5,c5,c5,c5,c5,c5
9951,271,1,c5,c1,c1,c1,c1,c1,c1,c1,c1
9952,2344,1,c1,c1,c1,c1,c1,c1,c1,c1,c1
9953,9951,3,c1,c234,c234,c234,c234,c234,c234,c234,c234
9955,770,2,c234,c234,c234,c234,c234,c234,c234,c234,c234
9956,9954,2,c5,c234,c234,c234,c234,c234,c234,c234,c234
9957,9955,1,c234,c5,c5,c5,c5,c5,c5,c5,c5
9958,9956,2,c1,c234,c234,c5,c234,c234,c234,c5,c234
9959,240,1,c234,c234,c234,c234,c234,c1,c234,c1,c1
9960,9958,2,c5,c5,c5,c5,c5,c5,c5,c5,c5
9961,9959,3,c234,c1,c1,c1,c1,c1,c1,c1,c1
9963,9961,3,c234,c5,c5,c5,c5,c5,c5,c5,c5
9964,9962,1,c1,c1,c1,c1,c1,c1,c1,c1,c1
9965,9963,2,c234,c234,c234,c234,c234,c234,c234,c234,c234
9966,9964,1,c234,c5,c5,c5,c5,c5,c5,c5,c5
9967,9965,1,c234,c234,c234,c234,c234,c234,c234,c234,c234
9968,9966,2,c234,c5,c5,c5,c5,c5,c5,c5,c5
9969,9967,3,c1,c5,c5,c5,c5,c5,c5,c5,c5
9970,675,1,c5,c5,c1,c5,c5,c1,c5,c1,c1
9973,9971,3,c1,c5,c5,c5,c5,c5,c5,c234,c234
9974,9972,3,c234,c234,c234,c234,c234,c234,c234,c234,c234
9975,9973,1,c1,c5,c5,c5,c5,c5,c5,c5,c5
9976,9974,2,c1,c234,c234,c234,c234,c234,c234,c234,c234
9977,9975,2,c5,c5,c5,c5,c5,c5,c5,c5,c5
9979,9977,1,c1,c234,c234,c234,c234,c234,c234,c234,c234
9980,9978,3,c234,c5,c5,c5,c5,c5,c5,c5,c5
9981,9979,1,c5,c234,c234,c234,c234,c234,c234,c234,c234
9982,1212,3,c5,c1,c1,c1,c1,c1,c1,c1,c1
9984,9982,2,c234,c5,c5,c5,c5,c5,c5,c5,c5
9985,9983,3,c5,c5,c5,c5,c5,c5,c5,c5,c5
9987,9985,1,c5,c5,c5,c5,c5,c5,c5,c5,c5
9988,9986,2,c1,c1,c1,c1,c1,c1,c1,c1,c1
9990,9988,3,c234,c234,c234,c234,c234,c5,c234,c5,c5
9991,9989,3,c1,c5,c5,c5,c5,c5,c5,c5,c5
9992,9990,1,c1,c5,c5,c5,c5,c5,c5,c5,c5
9993,9991,2,c5,c5,c5,c5,c5,c5,c5,c5,c5
9995,9993,2,c234,c5,c5,c5,c5,c5,c5,c5,c5
9996,1458,1,c1,c5,c5,c5,c5,c5,c5,c5,c1
9997,9995,1,c234,c5,c5,c5,c5,c5,c5,c234,c5
9998,9996,1,c1,c1,c1,c1,c1,c5,c1,c1,c1
10000,9998,2,c1,c5,c5,c5,c5,c5,c5,c5,c5
10001,9999,1,c234,c1,c1,c1,c1,c234,c1,c1,c234
10002,7,3,c1,c5,c5,c5,c5,c5,c5,c5,c5
10003,3458,2,c234,c1,c1,c1,c1,c5,c1,c1,c1
10004,10002,2,c1,c234,c234,c234,c234,c234,c234,c234,c234
10005,2957,3,c234,c234,c234,c234,c234,c234,c234,c234,c1
10006,10004,1,c1,c234,c234,c234,c234,c234,c234,c234,c234
10007,10005,3,c234,c5,c5,c5,c5,c5,c5,c5,c234
10009,6965,1,c5,c5,c5,c5,c5,c5,c5,c5,c5
10010,10008,2,c234,c234,c234,c1,c234,c5,c5,c1,c5
10011,10009,1,c1,c1,c1,c1,c1,c5,c1,c1,c5
10012,10010,2,c5,c5,c5,c5,c5,c5,c5,c5,c5
10014,10012,2,c234,c5,c5,c5,c5,c5,c5,c5,c5
10016,10014,1,c5,c234,c234,c234,c234,c234,c234,c234,c234
10017,10015,3,c5,c5,c5,c5,c5,c5,c5,c5,c5
10018,10016,1,c234,c234,c234,c234,c234,c234,c234,c234,c234
10019,1378,3,c1,c5,c5,c5,c5,c5,c5,c5,c5
10021,10019,2,c234,c5,c5,c5,c5,c5,c5,c5,c5
10022,10020,3,c5,c5,c5,c5,c5,c5,c5,c5,c5
10023,10021,2,c5,c1,c1,c234,c1,c1,c1,c1,c1
10024,10022,1,c1,c1,c1,c1,c1,c234,c1,c1,c5
10025,10023,3,c1,c5,c5,c5,c5,c5,c5,c5,c5
10027,10025,1,c1,c1,c1,c1,c1,c5,c1,c1,c1
10028,10026,2,c1,c234,c234,c234,c234,c5,c234,c234,c5
10029,10027,3,c234,c5,c5,c5,c5,c5,c5,c5,c5
10030,10028,1,c234,c1,c1,c1,c1,c234,c1,c1,c234
10031,10029,2,c234,c5,c5,c5,c5,c5,c5,c5,c5
10033,10031,3,c5,c1,c1,c1,c1,c1,c1,c1,c1
10034,10032,1,c1,c1,c1,c1,c1,c1,c1,c1,c1
10035,10033,2,c5,c234,c234,c234,c234,c234,c234,c234,c234
10036,271,1,c1,c1,c1,c1,c1,c1,c1,c1,c1
10037,10035,3,c1,c5,c5,c5,c234,c234,c5,c234,c234
10038,10036,1,c5,c234,c234,c234,c234,c234,c234,c234,c234
10040,10038,2,c5,c1,c1,c1,c1,c5,c1,c1,c234
10041,10039,3,c1,c5,c5,c5,c5,c5,c5,c5,c5
10042,3779,2,c5,c1,c234,c1,c1,c234,c1,c1,c234
10045,10043,2,c1,c234,c234,c234,c234,c5,c234,c234,c5
10046,10044,1,c5,c5,c5,c5,c5,c5,c5,c5,c5
10047,10045,2,c1,c234,c5,c234,c5,c5,c234,c5,c5
10049,10047,3,c1,c5,c5,c5,c5,c234,c5,c5,c234
10050,10048,1,c5,c234,c234,c234,c234,c234,c234,c234,c234
10051,10049,2,c234,c1,c1,c1,c1,c1,c1,c1,c1
10052,10050,3,c1,c5,c234,c5,c5,c5,c5,c5,c5
10053,10051,1,c1,c5,c5,c5,c5,c5,c5,c5,c5
10055,10053,3,c234,c1,c1,c1,c1,c5,c1,c1,c1
10057,10055,3,c1,c234,c234,c234,c234,c234,c234,c234,c234
10058,10056,2,c5,c1,c1,c1,c1,c1,c1,c1,c1
10059,1385,2,c234,c1,c1,c1,c1,c1,c1,c1,c1
10060,10058,1,c234,c1,c1,c1,c1,c1,c1,c1,c1
10062,10060,2,c5,c5,c5,c5,c5,c5,c5,c5,c5
10063,4744,3,c5,c5,c5,c5,c5,c5,c5,c5,c5
10064,271,1,c1,c1,c1,c1,c1,c1,c1,c1,c1
10065,4009,1,c1,c1,c1,c1,c1,c1,c1,c1,c1
10066,10064,3,c1,c5,c5,c5,c5,c5,c5,c5,c5
10067,10065,1,c1,c234,c234,c1,c234,c1,c234,c1,c1
10068,10066,2,c234,c1,c234,c234,c1,c234,c1,c1,c234
10070,8259,2,c1,c1,c1,c1,c1,c1,c1,c1,c1
10071,10069,2,c234,c234,c234,c234,c234,c234,c234,c1,c234
10072,7,3,c1,c5,c5,c5,c5,c5,c5,c5,c5
10073,10071,3,c1,c1,c1,c234,c1,c1,c234,c1,c1
10074,10072,1,c5,c234,c234,c234,c234,c234,c234,c234,c234
10075,10073,2,c5,c5,c5,c5,c5,c234,c5,c5,c234
10076,5169,2,c234,c234,c234,c234,c234,c234,c234,c234,c234
10077,10075,1,c5,c5,c5,c5,c5,c5,c5,c5,c5
10079,10077,2,c1,c234,c234,c234,c234,c234,c234,c234,c234
10081,10079,3,c1,c1,c1,c1,c1,c234,c1,c1,c234
10082,10080,3,c5,c5,c5,c5,c5,c234,c5,c5,c1
10083,10081,3,c5,c5,c5,c5,c5,c5,c5,c5,c5
10085,10083,1,c234,c5,c234,c5,c5,c5,c5,c1,c5
10086,10084,2,c234,c5,c5,c5,c5,c5,c5,c5,c5
10087,10085,1,c234,c5,c5,c234,c5,c5,c5,c1,c5
10088,10086,2,c1,c1,c234,c234,c1,c234,c234,c234,c234
10089,1331,3,c234,c1,c1,c1,c1,c1,c1,c1,c1
10091,24,3,c1,c1,c1,c1,c1,c234,c1,c1,c1
10092,10090,1,c234,c5,c5,c5,c5,c5,c5,c5,c5
10093,10091,3,c5,c5,c5,c5,c5,c5,c5,c5,c5
10094,240,1,c1,c234,c1,c234,c234,c1,c234,c1,c1
10095,10093,2,c5,c234,c234,c234,c234,c234,c234,c234,c234
10096,271,1,c234,c1,c1,c1,c1,c1,c1,c1,c1
10098,10096,1,c5,c5,c5,c5,c5,c5,c5,c5,c5
10099,274,3,c5,c5,c5,c1,c5,c1,c1,c1,c1
10100,10098,2,c5,c5,c5,c5,c5,c5,c5,c5,c5
10101,10099,3,c234,c5,c5,c5,c5,c5,c5,c5,c5
10103,729,1,c234,c234,c234,c234,c234,c5,c234,c234,c5
10104,10102,1,c234,c5,c5,c5,c5,c5,c5,c5,c5
10105,10103,1,c5,c5,c5,c5,c5,c5,c5,c5,c5
10106,10104,3,c5,c1,c1,c1,c1,c1,c1,c1,c1
10107,10105,1,c234,c5,c5,c5,c5,c5,c5,c5,c5
10108,24,3,c234,c1,c1,c1,c1,c5,c1,c1,c5
10110,10108,2,c5,c5,c5,c5,c5,c5,c5,c5,c5
10111,10109,3,c234,c234,c234,c234,c234,c1,c234,c234,c1
10112,10110,2,c234,c5,c5,c5,c5,c5,c5,c5,c5
10113,10111,1,c234,c234,c234,c234,c234,c234,c234,c234,c234
10114,10112,3,c5,c5,c5,c5,c5,c5,c5,c5,c5
10115,10113,1,c1,c234,c234,c234,c234,c234,c234,c234,c234
10117,319,2,c5,c5,c5,c5,c5,c5,c5,c5,c5
10118,10116,3,c5,c234,c234,c234,c234,c234,c234,c234,c234
10120,10118,2,c1,c1,c1,c1,c1,c1,c1,c1,c1
10121,10119,3,c234,c1,c1,c1,c1,c1,c1,c1,c1
10122,10120,2,c1,c5,c5,c234,c5,c234,c234,c234,c234
10123,10121,1,c234,c234,c234,c234,c234,c234,c234,c234,c234
10124,426,1,c234,c1,c1,c1,c1,c1,c1,c1,c1
10125,10123,3,c234,c5,c5,c5,c5,c5,c5,c5,c234
10128,295,1,c5,c5,c5,c5,c5,c5,c5,c5,c5
10129,10127,1,c1,c5,c5,c5,c5,c5,c5,c5,c5
10130,3908,3,c1,c5,c5,c5,c5,c5,c5,c5,c5
10131,10129,2,c5,c1,c1,c1,c1,c5,c1,c1,c5
10132,10130,3,c234,c234,c5,c234,c234,c234,c234,c5,c234
10133,2793,1,c234,c234,c234,c234,c234,c5,c234,c1,c5
10134,770,2,c1,c234,c234,c234,c234,c234,c234,c234,c234
10136,10134,1,c1,c1,c1,c1,c1,c1,c1,c1,c1
10137,10135,3,c5,c5,c5,c5,c5,c234,c5,c5,c234
10138,10136,2,c1,c234,c234,c234,c234,c234,c234,c1,c5
10139,10137,1,c234,c234,c234,c234,c234,c234,c234,c234,c5
10140,10138,1,c1,c234,c234,c234,c234,c234,c234,c234,c234
10141,10139,2,c234,c5,c5,c5,c5,c1,c5,c5,c1
10142,7,3,c1,c5,c5,c5,c5,c5,c5,c5,c5
10143,10141,1,c5,c234,c234,c234,c234,c5,c234,c234,c234
10144,10142,3,c5,c1,c1,c1,c1,c1,c1,c1,c234
10145,10143,1,c1,c5,c5,c5,c5,c234,c5,c5,c234
10147,612,1,c5,c5,c5,c234,c5,c5,c234,c5,c1
10148,9399,1,c1,c1,c1,c234,c1,c5,c1,c1,c5
10149,10147,3,c234,c234,c234,c234,c234,c5,c234,c234,c5
10150,10148,2,c5,c234,c234,c234,c234,c234,c234,c234,c234
10151,10149,1,c234,c5,c5,c5,c5,c5,c5,c5,c5
10152,10150,2,c5,c5,c5,c5,c5,c5,c5,c5,c5
10153,10151,2,c5,c1,c234,c234,c234,c1,c1,c234,c234
10155,10153,3,c5,c1,c1,c1,c1,c234,c234,c1,c5
10156,10154,3,c234,c234,c234,c234,c234,c234,c234,c234,c234
10157,406,2,c234,c1,c1,c1,c1,c234,c1,c1,c234
10158,10156,1,c1,c234,c234,c234,c234,c234,c234,c234,c234
10159,10157,1,c234,c1,c1,c1,c1,c234,c1,c1,c1
10160,8389,2,c1,c5,c234,c234,c5,c234,c5,c234,c234
10162,10160,1,c234,c1,c1,c1,c234,c234,c1,c5,c234
10163,10161,2,c234,c5,c5,c5,c5,c5,c5,c5,c5
10164,10162,3,c5,c5,c5,c5,c5,c5,c5,c5,c5
10166,10164,3,c5,c1,c1,c1,c1,c1,c1,c1,c1
10167,10165,2,c5,c5,c5,c5,c5,c5,c5,c5,c5
10169,10167,2,c1,c1,c1,c1,c1,c1,c1,c1,c1
10170,10168,1,c1,c1,c1,c1,c1,c1,c1,c1,c1
10171,10169,3,c5,c5,c5,c5,c5,c234,c5,c5,c234
10172,612,1,c5,c5,c5,c234,c5,c5,c5,c5,c1
10173,611,3,c234,c5,c5,c5,c5,c5,c5,c5,c5
10174,10172,1,c1,c1,c1,c1,c1,c1,c1,c1,c1
10175,10173,2,c1,c5,c5,c5,c5,c234,c5,c5,c234
10177,812,2,c234,c5,c5,c5,c5,c234,c5,c5,c5
10178,274,3,c234,c1,c1,c1,c1,c1,c1,c1,c1
10179,784,1,c234,c1,c1,c1,c1,c1,c1,c1,c1
10180,10178,3,c5,c234,c234,c1,c234,c1,c234,c1,c1
10181,10179,1,c234,c234,c234,c234,c234,c234,c234,c234,c234
10182,10180,2,c1,c234,c234,c234,c234,c234,c234,c234,c234
10184,10182,3,c5,c5,c5,c5,c5,c5,c5,c5,c5
10186,10184,1,c1,c5,c5,c5,c234,c5,c5,c5,c5
10187,10185,3,c1,c1,c1,c1,c1,c1,c1,c1,c1
10188,271,1,c1,c1,c1,c1,c1,c1,c1,c1,c1
10189,10187,2,c1,c5,c5,c5,c5,c234,c5,c5,c234
10191,10189,2,c1,c234,c234,c234,c234,c234,c234,c234,c234
10192,10190,1,c234,c5,c5,c5,c5,c5,c5,c5,c5
10194,10192,3,c1,c1,c1,c1,c234,c1,c1,c234,c1
10195,10193,3,c234,c234,c234,c234,c234,c234,c234,c234,c234
10196,271,1,c1,c1,c1,c1,c1,c1,c1,c1,c1
10197,10195,1,c1,c234,c234,c234,c234,c234,c234,c234,c234
10198,10196,3,c1,c1,c1,c1,c1,c1,c1,c1,c1
10199,10197,2,c234,c5,c5,c5,c5,c5,c5,c5,c5
10200,10198,1,c234,c5,c5,c5,c5,c5,c5,c5,c5
10201,10199,2,c5,c5,c5,c5,c5,c5,c5,c5,c5
10203,10201,3,c234,c5,c5,c5,c5,c5,c5,c5,c5
10204,10202,1,c234,c1,c1,c1,c1,c1,c1,c1,c1
10205,10203,2,c1,c1,c1,c1,c1,c1,c1,c1,c1
10206,10204,3,c1,c1,c1,c1,c1,c1,c1,c1,c1
10208,3035,2,c1,c5,c1,c5,c5,c5,c5,c1,c1
10209,194,1,c1,c5,c5,c5,c5,c5,c5,c5,c5
10210,10208,1,c234,c5,c5,c5,c5,c5,c5,c234,c5
10211,10209,2,c5,c234,c234,c234,c234,c5,c234,c234,c234
10212,10210,3,c234,c5,c5,c5,c5,c5,c5,c5,c5
10213,10211,1,c1,c1,c1,c1,c1,c5,c1,c1,c1
10214,7,3,c234,c5,c5,c5,c5,c5,c5,c5,c5
10215,10213,2,c5,c5,c5,c5,c5,c5,c5,c5,c5
10217,10215,3,c5,c234,c234,c234,c234,c234,c234,c234,c234
10218,10216,1,c1,c1,c1,c1,c1,c5,c1,c1,c5
10219,10217,2,c1,c1,c1,c1,c1,c1,c1,c1,c1
10220,10218,3,c1,c234,c234,c234,c234,c234,c234,c234,c234
10221,8391,1,c5,c234,c1,c234,c234,c234,c234,c234,c234
10222,16,1,c1,c1,c1,c1,c1,c1,c1,c1,c1
10224,10222,2,c1,c5,c5,c5,c5,c5,c5,c5,c5
10226,819,2,c1,c1,c1,c1,c1,c1,c1,c1,c234
10227,10225,1,c234,c5,c5,c5,c234,c5,c5,c5,c234
10229,10227,3,c5,c5,c1,c5,c5,c5,c5,c1,c1
10230,10228,1,c5,c5,c5,c234,c5,c5,c5,c234,c5
10231,10229,2,c5,c1,c1,c1,c1,c1,c1,c1,c1
10233,10231,3,c1,c1,c1,c1,c1,c234,c1,c1,c1
10234,36,2,c1,c5,c5,c5,c5,c5,c5,c5,c5
10236,10234,3,c5,c5,c5,c5,c5,c5,c5,c5,c1
10237,5746,1,c1,c1,c1,c1,c1,c1,c1,c1,c1
10238,252,1,c1,c1,c234,c1,c1,c1,c1,c1,c1
10239,10237,1,c5,c5,c5,c5,c5,c5,c5,c5,c5
10240,10238,3,c5,c5,c5,c5,c5,c5,c5,c5,c5
10241,10239,2,c234,c234,c234,c234,c1,c234,c234,c234,c1
10243,737,3,c234,c5,c5,c5,c5,c5,c5,c5,c5
10244,7,3,c1,c5,c5,c5,c5,c5,c5,c5,c5
10245,10243,1,c234,c5,c5,c5,c5,c5,c5,c5,c5
10246,36,2,c1,c5,c5,c5,c5,c5,c5,c5,c5
10247,10245,3,c234,c5,c5,c5,c5,c5,c5,c5,c5
10248,10246,2,c5,c5,c234,c5,c5,c234,c5,c5,c234
10250,10248,1,c1,c1,c1,c5,c1,c234,c1,c1,c234
10251,10249,2,c1,c5,c5,c5,c5,c5,c5,c5,c234
10252,2504,1,c5,c1,c1,c1,c1,c1,c1,c1,c1
10253,1249,2,c5,c234,c234,c234,c234,c5,c234,c234,c5
10254,271,1,c5,c1,c1,c1,c1,c1,c1,c1,c1
10255,10253,3,c234,c234,c234,c234,c234,c1,c234,c234,c1
10256,10254,1,c5,c5,c5,c5,c5,c5,c5,c5,c5
10257,10255,2,c1,c234,c234,c234,c234,c234,c234,c234,c234
10259,10257,3,c5,c5,c5,c5,c5,c234,c5,c5,c1
10260,4716,3,c1,c5,c5,c5,c5,c5,c5,c5,c5
10261,24,3,c234,c5,c5,c5,c5,c5,c5,c5,c5
10262,10260,2,c5,c5,c5,c5,c5,c5,c5,c5,c5
10264,10262,1,c234,c5,c5,c5,c5,c5,c5,c5,c5
10265,271,1,c1,c1,c1,c1,c1,c1,c1,c1,c1
10267,10265,1,c1,c5,c5,c5,c5,c5,c5,c5,c5
10268,1540,1,c1,c1,c1,c1,c1,c1,c1,c1,c1
10269,10267,3,c234,c1,c1,c1,c1,c1,c1,c1,c1
10270,10268,2,c234,c5,c5,c5,c5,c5,c5,c5,c234
10271,10269,3,c234,c5,c5,c5,c5,c5,c5,c5,c5
10273,10271,3,c234,c5,c5,c5,c5,c5,c5,c5,c5
10274,10272,1,c234,c5,c5,c5,c5,c5,c5,c5,c5
10275,10273,2,c1,c5,c5,c5,c5,c5,c5,c5,c5
10276,1850,3,c234,c5,c5,c5,c5,c5,c5,c5,c5
10278,457,1,c1,c5,c1,c5,c1,c1,c5,c5,c1
10279,178,2,c5,c1,c1,c1,c1,c1,c1,c1,c1
10280,10278,1,c234,c1,c1,c1,c1,c1,c1,c1,c1
10281,116,1,c5,c234,c234,c234,c234,c234,c234,c234,c234
10282,1577,1,c5,c5,c5,c5,c5,c5,c5,c5,c5
10283,3973,1,c5,c5,c1,c5,c5,c5,c5,c1,c5
10284,10282,2,c5,c5,c5,c5,c5,c5,c5,c5,c5
10285,10283,3,c5,c1,c1,c1,c1,c234,c1,c1,c5
10286,10284,1,c1,c1,c1,c234,c1,c234,c1,c234,c234
10287,10285,3,c1,c1,c1,c1,c1,c5,c1,c1,c5
10290,10288,2,c5,c5,c5,c1,c5,c5,c5,c1,c1
10291,10289,1,c5,c1,c1,c5,c1,c5,c1,c5,c5
10292,10290,2,c5,c5,c5,c5,c5,c5,c5,c5,c5
10294,10292,3,c1,c1,c1,c1,c1,c1,c1,c1,c1
10295,10293,2,c234,c234,c234,c234,c234,c234,c234,c234,c234
10296,4581,2,c1,c234,c234,c234,c234,c234,c234,c234,c234
10297,10295,1,c1,c234,c234,c234,c234,c234,c234,c234,c234
10298,10296,3,c1,c234,c234,c234,c234,c234,c234,c234,c234
10299,10297,1,c1,c5,c5,c5,c5,c5,c5,c5,c5
10301,10299,2,c5,c5,c5,c5,c1,c5,c5,c5,c5
10302,10300,3,c1,c1,c1,c1,c1,c5,c1,c1,c1
10303,10301,1,c5,c5,c5,c5,c5,c5,c5,c5,c5
10304,10302,3,c1,c1,c1,c1,c1,c1,c1,c1,c1
10305,36,2,c5,c5,c5,c5,c5,c5,c5,c5,c5
10308,10306,2,c1,c234,c234,c234,c234,c234,c234,c234,c234
10309,3425,1,c1,c1,c1,c1,c1,c1,c1,c1,c1
10310,9666,2,c234,c1,c1,c1,c1,c1,c1,c1,c1
10311,10309,3,c5,c234,c234,c234,c234,c234,c234,c234,c5
10312,10310,1,c234,c234,c234,c5,c234,c234,c234,c234,c234
10313,10311,3,c5,c5,c5,c5,c5,c5,c5,c5,c5
10314,10312,2,c5,c234,c234,c234,c234,c234,c234,c234,c234
10315,10313,2,c234,c5,c5,c1,c5,c234,c5,c1,c1
10317,3908,3,c5,c5,c5,c5,c5,c5,c5,c5,c5
10318,10316,1,c234,c5,c5,c5,c234,c5,c5,c5,c5
10319,10317,1,c5,c5,c5,c5,c5,c5,c5,c5,c5
10320,1416,3,c5,c234,c234,c234,c5,c5,c5,c5,c5
10321,10319,1,c234,c5,c5,c5,c5,c5,c5,c5,c5
10322,10320,3,c1,c1,c1,c1,c1,c1,c1,c1,c234
10324,10322,2,c1,c234,c234,c234,c1,c234,c234,c234,c234
10325,10323,1,c5,c5,c5,c5,c5,c5,c5,c5,c5
10326,10324,2,c5,c5,c5,c5,c5,c5,c5,c5,c5
10327,10325,3,c234,c5,c5,c5,c5,c5,c234,c1,c234
10329,10327,2,c5,c1,c1,c1,c1,c5,c1,c1,c5
10330,10328,1,c234,c234,c234,c234,c234,c234,c234,c234,c234
10331,10329,3,c234,c1,c1,c1,c1,c1,c1,c1,c1
10333,10331,1,c234,c5,c5,c234,c5,c5,c5,c5,c5
10334,452,3,c234,c1,c1,c234,c1,c234,c1,c234,c234
10335,10333,2,c234,c5,c5,c5,c234,c5,c5,c234,c5
10336,10334,3,c5,c5,c5,c5,c5,c5,c5,c5,c5
10337,10335,3,c1,c234,c234,c234,c234,c234,c234,c234,c234
10338,10336,3,c234,c234,c234,c234,c234,c234,c234,c234,c234
10339,10337,1,c1,c234,c234,c1,c234,c234,c234,c234,c234
10341,10339,1,c5,c5,c5,c5,c5,c5,c5,c5,c5
10342,10340,2,c234,c234,c234,c234,c234,c234,c234,c234,c234
10344,10342,2,c234,c1,c1,c1,c5,c234,c1,c5,c234
10345,10343,3,c234,c1,c1,c1,c1,c234,c1,c1,c234
10346,10344,2,c234,c5,c5,c234,c5,c234,c5,c234,c234
10347,10345,1,c5,c1,c1,c1,c1,c1,c1,c1,c1
10349,24,3,c5,c5,c234,c5,c5,c5,c5,c5,c5
10350,10348,3,c5,c1,c234,c1,c1,c1,c1,c234,c1
10351,10349,1,c1,c1,c1,c1,c1,c1,c1,c1,c1
10352,10350,2,c1,c5,c5,c5,c5,c5,c5,c5,c5
10353,10351,3,c5,c5,c5,c5,c5,c5,c5,c5,c5
10354,10352,2,c1,c1,c1,c1,c1,c1,c1,c1,c234
10355,3256,2,c234,c5,c5,c5,c5,c5,c5,c5,c5
10357,10355,3,c5,c1,c1,c1,c1,c5,c1,c1,c5
10359,10357,1,c5,c234,c234,c234,c234,c234,c234,c234,c234
10361,10359,1,c5,c234,c234,c234,c234,c234,c234,c234,c234
10362,10360,2,c5,c5,c5,c5,c5,c5,c5,c5,c5
10363,10361,3,c5,c5,c5,c5,c5,c5,c5,c5,c5
10364,10362,1,c234,c234,c234,c234,c234,c234,c234,c234,c234
10365,6879,3,c1,c1,c1,c1,c1,c234,c1,c1,c234
10366,10364,2,c234,c234,c234,c234,c234,c234,c234,c234,c1
10367,10365,3,c234,c1,c1,c1,c1,c234,c1,c1,c5
10369,10367,3,c1,c5,c5,c5,c5,c5,c5,c5,c5
10370,10368,1,c5,c5,c5,c5,c5,c5,c5,c5,c5
10371,10369,2,c234,c5,c5,c5,c5,c234,c5,c5,c234
10372,10370,1,c1,c234,c234,c234,c234,c234,c234,c234,c234
10373,3260,1,c234,c1,c1,c1,c1,c1,c1,c1,c1
10375,10373,3,c1,c234,c234,c234,c234,c234,c234,c234,c234
10376,10374,2,c234,c1,c1,c1,c1,c1,c1,c1,c1
10377,10375,1,c5,c5,c5,c5,c5,c5,c5,c5,c5
10379,5813,3,c234,c234,c234,c234,c234,c234,c234,c234,c234
10380,3584,1,c1,c234,c1,c234,c234,c1,c234,c234,c1
10382,10380,3,c5,c5,c5,c5,c5,c5,c5,c5,c5
10383,10381,2,c1,c5,c5,c5,c5,c234,c5,c5,c5
10384,107,1,c234,c1,c1,c1,c1,c5,c1,c1,c5
10385,10383,1,c1,c1,c1,c1,c1,c234,c1,c1,c5
10386,10384,3,c234,c5,c5,c5,c5,c234,c5,c5,c234
10387,10385,1,c234,c234,c234,c5,c234,c5,c234,c5,c5
10390,10388,2,c234,c1,c1,c1,c1,c1,c1,c1,c1
10392,10390,2,c234,c234,c234,c234,c5,c5,c234,c234,c5
10393,10391,3,c1,c1,c1,c1,c1,c5,c1,c1,c5
10394,10392,1,c1,c1,c1,c1,c1,c1,c1,c1,c1
10395,10393,3,c1,c1,c1,c1,c1,c1,c1,c1,c1
10396,10394,3,c1,c234,c234,c234,c5,c5,c234,c5,c5
10397,10395,1,c234,c234,c234,c234,c234,c234,c234,c234,c234
10398,10396,2,c234,c234,c234,c1,c5,c5,c234,c5,c5
10399,10397,1,c234,c5,c5,c5,c5,c5,c5,c5,c234
10400,10393,3,c1,c1,c1,c1,c1,c1,c1,c1,c1
10401,1212,3,c1,c1,c1,c1,c1,c1,c1,c1,c1
10402,10400,2,c1,c1,c1,c1,c1,c1,c1,c1,c1
10403,10401,2,c5,c5,c5,c5,c5,c5,c5,c5,c5
10405,7052,3,c5,c1,c1,c1,c1,c5,c1,c1,c1
10406,10404,3,c1,c1,c1,c1,c1,c1,c1,c1,c1
10407,10405,1,c234,c234,c1,c234,c234,c1,c234,c234,c234
10409,10407,3,c5,c234,c234,c234,c234,c234,c234,c234,c234
10410,10408,1,c5,c5,c5,c5,c5,c5,c5,c5,c5
10411,504,2,c1,c1,c1,c1,c1,c1,c1,c1,c1
10412,2344,1,c1,c1,c1,c1,c1,c1,c1,c1,c1
10413,1790,3,c5,c234,c234,c234,c234,c234,c234,c234,c234
10414,10412,3,c234,c234,c234,c234,c234,c234,c234,c234,c234
10415,10413,2,c5,c5,c5,c234,c5,c234,c5,c5,c5
10416,10414,1,c1,c1,c1,c1,c1,c5,c1,c1,c5
10417,10415,2,c5,c5,c5,c5,c5,c5,c5,c5,c5
10418,10416,3,c234,c234,c234,c234,c234,c234,c234,c234,c234
10419,7068,2,c234,c1,c1,c5,c1,c1,c1,c5,c234
10420,3643,2,c234,c234,c234,c234,c234,c234,c234,c234,c234
10422,10420,2,c1,c1,c1,c1,c234,c5,c1,c1,c5
10423,10421,1,c1,c5,c5,c5,c5,c5,c5,c5,c5
10424,10422,3,c1,c5,c5,c5,c5,c5,c5,c5,c234
10425,10423,3,c234,c234,c234,c234,c234,c5,c234,c234,c5
10426,16,1,c1,c1,c1,c1,c1,c1,c1,c1,c1
10428,10426,1,c5,c5,c5,c5,c5,c234,c5,c5,c234
10429,10427,2,c5,c5,c5,c5,c5,c5,c5,c5,c5
10432,10430,1,c5,c234,c234,c234,c234,c5,c234,c234,c5
10433,10431,2,c234,c5,c5,c1,c5,c5,c5,c1,c1
10434,10432,3,c234,c1,c1,c1,c1,c234,c1,c234,c234
10435,5866,2,c5,c5,c5,c5,c5,c5,c5,c5,c5
10436,1385,2,c234,c1,c1,c1,c1,c1,c1,c1,c1
10437,10435,1,c1,c5,c5,c5,c5,c5,c5,c5,c5
10438,10436,2,c234,c234,c234,c234,c234,c234,c234,c234,c234
10440,10438,2,c234,c1,c1,c1,c1,c5,c1,c1,c1
10441,107,1,c1,c1,c1,c1,c1,c5,c1,c1,c5
10442,10440,1,c5,c5,c5,c5,c5,c5,c5,c5,c5
10443,8396,1,c5,c5,c5,c5,c5,c5,c5,c5,c5
10444,10442,3,c5,c5,c5,c5,c5,c5,c5,c5,c5
10445,10443,2,c5,c5,c5,c5,c5,c5,c5,c5,c5
10446,166,2,c1,c1,c1,c1,c1,c1,c1,c1,c1
10449,1249,2,c234,c234,c234,c234,c234,c5,c234,c234,c234
10450,10448,1,c5,c5,c5,c5,c5,c5,c5,c5,c5
10451,10449,3,c5,c234,c234,c234,c234,c234,c234,c234,c234
10452,10450,2,c5,c1,c1,c234,c1,c1,c1,c1,c1
10453,36,2,c5,c5,c5,c5,c5,c5,c5,c5,c5
10455,10453,3,c1,c5,c5,c5,c5,c5,c5,c5,c5
10456,10454,1,c1,c1,c1,c1,c1,c1,c1,c1,c5
10457,10455,3,c1,c1,c1,c1,c1,c1,c1,c1,c1
10458,10456,1,c1,c5,c5,c5,c5,c5,c5,c5,c5
10460,10458,2,c234,c1,c1,c1,c1,c1,c1,c1,c1
10461,10459,3,c5,c5,c5,c234,c5,c5,c5,c5,c5
10462,10460,1,c5,c234,c234,c234,c234,c234,c234,c234,c234
10463,10461,2,c5,c234,c234,c234,c234,c5,c234,c234,c5
10464,10462,3,c234,c234,c234,c234,c234,c234,c234,c234,c234
10465,10463,1,c1,c1,c1,c1,c1,c1,c1,c1,c5
10467,10465,2,c5,c1,c1,c1,c1,c234,c1,c1,c234
10468,10466,3,c1,c1,c1,c1,c1,c1,c1,c1,c1
10469,10467,1,c5,c5,c5,c5,c5,c5,c5,c5,c5
10471,10469,3,c5,c234,c234,c234,c234,c234,c234,c234,c234
10472,10470,2,c5,c5,c5,c5,c5,c5,c5,c5,c5
10473,10471,1,c1,c1,c1,c1,c1,c5,c1,c1,c1
10474,581,3,c234,c1,c1,c1,c1,c1,c1,c1,c1
10475,36,2,c5,c5,c5,c5,c5,c5,c5,c5,c5
10476,10474,3,c5,c5,c5,c5,c5,c5,c5,c5,c5
10477,10475,1,c5,c234,c234,c234,c234,c234,c234,c234,c234
10478,10476,2,c234,c1,c1,c234,c1,c5,c1,c234,c1
10479,10477,1,c5,c5,c5,c5,c5,c5,c5,c5,c5
10481,10479,2,c234,c1,c1,c1,c1,c1,c1,c1,c1
10483,10481,1,c234,c234,c234,c5,c234,c5,c234,c5,c5
10485,10483,2,c5,c5,c5,c5,c5,c5,c5,c5,c5
10486,3202,1,c1,c5,c5,c5,c5,c5,c5,c5,c5
10487,10485,2,c5,c234,c234,c234,c234,c1,c234,c234,c1
10488,10486,1,c1,c234,c234,c234,c234,c234,c234,c234,c234
10489,10487,2,c5,c234,c234,c5,c234,c234,c234,c234,c234
10490,271,1,c234,c1,c1,c1,c1,c1,c1,c1,c1
10492,10490,1,c5,c5,c5,c5,c5,c5,c5,c5,c5
10493,271,1,c1,c1,c1,c1,c1,c1,c1,c1,c1
10494,1212,3,c234,c1,c1,c1,c1,c1,c1,c1,c1
10495,10493,3,c1,c1,c1,c1,c1,c234,c1,c1,c1
10496,10494,1,c1,c1,c1,c1,c1,c5,c1,c1,c5
10497,10495,2,c5,c5,c5,c5,c5,c5,c5,c5,c5
10499,10497,2,c234,c234,c234,c234,c234,c234,c234,c234,c234
10500,10498,3,c5,c5,c5,c5,c5,c5,c5,c5,c5
10501,7,3,c234,c5,c5,c5,c5,c5,c5,c5,c5
10503,10501,1,c5,c5,c5,c234,c5,c5,c5,c5,c5
10504,10502,2,c1,c1,c1,c1,c1,c1,c1,c1,c1
10505,10503,3,c5,c5,c5,c5,c5,c234,c5,c5,c234
10506,10504,1,c234,c5,c5,c5,c5,c5,c5,c5,c5
10507,10505,2,c234,c1,c234,c1,c1,c234,c1,c234,c234
10508,10506,2,c5,c5,c5,c5,c5,c5,c5,c5,c5
10510,10508,3,c5,c5,c5,c5,c5,c5,c5,c5,c5
10511,10509,3,c234,c234,c234,c1,c234,c1,c234,c1,c1
10512,10510,3,c5,c234,c234,c234,c234,c5,c234,c234,c5
10513,10511,1,c1,c1,c1,c1,c1,c1,c1,c1,c1
10514,5440,2,c1,c234,c234,c234,c234,c234,c234,c234,c234
10515,6530,3,c234,c5,c5,c5,c5,c5,c5,c5,c5
10516,10514,1,c234,c5,c5,c5,c5,c234,c5,c5,c234
10518,10516,3,c1,c234,c234,c234,c234,c234,c234,c234,c5
10519,0,3,c1,c1,c1,c1,c1,c1,c1,c1,c1
10520,10518,2,c234,c1,c1,c1,c1,c1,c1,c1,c1
10521,10519,2,c1,c5,c5,c5,c5,c5,c5,c5,c5
10522,10520,1,c5,c5,c5,c5,c5,c5,c5,c5,c5
10523,10521,3,c234,c5,c5,c5,c5,c234,c5,c5,c5
10525,10523,1,c5,c1,c1,c1,c1,c1,c1,c1,c234
10526,10524,2,c5,c1,c1,c1,c1,c5,c1,c1,c5
10528,10526,3,c5,c234,c234,c234,c234,c234,c234,c234,c234
10529,99,2,c234,c234,c234,c234,c234,c234,c234,c234,c234
10530,319,2,c234,c5,c5,c5,c5,c5,c5,c5,c5
10531,10529,2,c1,c5,c5,c5,c5,c5,c5,c5,c5
10532,10530,1,c234,c1,c1,c1,c5,c234,c1,c5,c5
10533,10531,2,c5,c234,c234,c234,c234,c5,c234,c234,c5
10534,10532,3,c1,c234,c234,c234,c1,c234,c234,c1,c1
10535,10533,1,c5,c234,c234,c1,c234,c5,c234,c234,c5
10537,1085,1,c5,c1,c1,c234,c234,c1,c1,c1,c1
10538,10536,2,c5,c234,c234,c234,c234,c234,c234,c234,c234
10539,10537,3,c234,c5,c5,c5,c5,c234,c5,c5,c234
10541,7,3,c1,c5,c5,c5,c5,c5,c5,c5,c5
10542,10540,3,c5,c234,c234,c234,c234,c234,c234,c234,c234
10543,10541,1,c234,c1,c1,c1,c1,c1,c1,c1,c1
10544,10542,2,c1,c5,c5,c5,c5,c5,c5,c5,c5
10545,10543,2,c234,c234,c234,c234,c234,c5,c234,c234,c5
10546,1749,2,c5,c5,c5,c5,c5,c5,c5,c5,c5
10547,10545,3,c234,c5,c5,c5,c5,c5,c5,c5,c5
10548,10546,1,c5,c5,c5,c5,c5,c5,c5,c5,c5
10550,10548,2,c1,c1,c1,c1,c1,c1,c1,c1,c1
10551,349,1,c5,c1,c5,c1,c1,c5,c1,c5,c5
10552,10550,2,c234,c5,c5,c5,c5,c5,c5,c5,c5
10553,10551,1,c234,c234,c234,c234,c234,c234,c234,c234,c234
10554,10552,3,c1,c5,c1,c5,c5,c5,c1,c1,c5
10556,10554,1,c1,c5,c5,c5,c234,c5,c5,c5,c5
10557,10555,2,c234,c5,c5,c5,c5,c5,c5,c1,c5
10558,4491,2,c5,c234,c234,c234,c234,c234,c234,c234,c1
10559,504,2,c1,c1,c1,c1,c1,c1,c1,c1,c1
10561,10559,1,c5,c5,c5,c5,c5,c5,c5,c5,c5
10562,10560,3,c5,c5,c5,c5,c5,c5,c5,c5,c5
10563,1145,2,c1,c1,c1,c1,c1,c1,c1,c1,c1
10564,10562,3,c234,c234,c1,c234,c234,c1,c234,c234,c1
10565,10563,2,c1,c234,c1,c234,c1,c5,c1,c1,c5
10566,10564,2,c1,c1,c1,c1,c1,c1,c1,c1,c1
10567,10565,1,c5,c5,c5,c5,c5,c5,c5,c5,c5
10568,10566,1,c234,c234,c234,c234,c234,c234,c234,c234,c234
10571,10569,3,c5,c5,c5,c5,c5,c5,c5,c5,c5
10572,10570,2,c5,c1,c1,c5,c1,c5,c1,c5,c5
10573,10571,3,c5,c5,c5,c5,c234,c234,c5,c234,c234
10574,10572,3,c234,c5,c5,c5,c5,c5,c5,c5,c234
10576,10574,1,c1,c1,c1,c1,c1,c1,c1,c1,c1
10577,10575,2,c5,c5,c5,c5,c5,c5,c5,c5,c5
10578,10576,1,c234,c5,c5,c5,c5,c5,c5,c5,c5
10579,10577,2,c234,c5,c5,c5,c5,c5,c5,c5,c5
10580,10578,3,c1,c5,c5,c5,c5,c5,c5,c5,c5
10581,10579,1,c1,c5,c5,c5,c5,c5,c5,c5,c5
10582,0,3,c234,c1,c1,c1,c1,c1,c1,c1,c1
10583,1597,1,c5,c5,c5,c5,c5,c5,c5,c5,c5
10584,10582,2,c5,c5,c5,c234,c5,c5,c5,c234,c5
10585,10583,3,c1,c1,c1,c234,c1,c234,c1,c1,c1
10588,737,3,c5,c5,c5,c5,c5,c5,c5,c5,c5
10590,10588,1,c1,c1,c1,c234,c1,c5,c1,c234,c234
10592,10590,2,c1,c234,c234,c5,c5,c5,c5,c5,c5
10593,10591,3,c5,c1,c1,c1,c1,c5,c1,c1,c1
10594,10592,1,c234,c234,c234,c234,c234,c234,c234,c234,c234
10595,10593,2,c5,c234,c234,c234,c234,c234,c234,c234,c234
10596,10594,3,c5,c5,c5,c5,c5,c5,c5,c5,c5
10598,3,3,c1,c1,c1,c1,c1,c1,c1,c1,c1
10599,10597,1,c5,c5,c5,c5,c5,c5,c5,c5,c5
10600,10598,3,c234,c234,c234,c234,c234,c234,c234,c234,c234
10601,10599,2,c5,c5,c5,c5,c5,c5,c5,c5,c5
10602,10600,1,c5,c5,c5,c5,c5,c5,c5,c5,c5
10603,10601,2,c5,c1,c1,c1,c1,c1,c1,c1,c1
10604,10602,3,c234,c5,c5,c5,c5,c5,c5,c5,c5
10605,10603,1,c5,c234,c5,c234,c234,c5,c234,c5,c5
10606,0,3,c234,c1,c1,c1,c1,c1,c1,c1,c1
10608,10606,1,c1,c5,c5,c5,c5,c5,c5,c5,c5
10609,10607,2,c5,c5,c5,c5,c234,c5,c5,c5,c5
10611,10609,3,c234,c1,c1,c1,c1,c1,c1,c1,c234
10612,10610,3,c5,c5,c5,c5,c5,c5,c5,c5,c5
10613,10611,1,c234,c1,c1,c1,c1,c234,c1,c1,c1
10614,10612,2,c5,c5,c5,c5,c5,c5,c5,c5,c5
10616,10614,2,c1,c234,c234,c234,c234,c234,c234,c234,c234
10617,10615,1,c234,c1,c1,c1,c1,c1,c1,c1,c1
10618,10616,3,c5,c5,c5,c5,c5,c5,c5,c5,c5
10619,178,2,c1,c1,c1,c1,c1,c1,c1,c1,c1
10620,10618,1,c5,c1,c1,c1,c1,c5,c1,c1,c5
10621,10619,2,c1,c1,c1,c1,c1,c1,c1,c1,c1
10623,2810,2,c5,c5,c5,c5,c5,c5,c5,c5,c5
10624,10622,3,c1,c1,c1,c1,c1,c1,c1,c1,c1
10625,10623,2,c5,c5,c5,c5,c5,c5,c5,c5,c5
10626,10624,1,c1,c234,c234,c234,c234,c234,c234,c234,c5
10627,10625,3,c5,c5,c5,c5,c5,c5,c5,c5,c5
10628,10626,3,c5,c5,c234,c5,c5,c234,c5,c234,c234
10629,10627,1,c5,c5,c5,c5,c5,c5,c5,c5,c5
10630,10628,2,c234,c1,c1,c1,c1,c1,c1,c1,c1
10632,10630,1,c1,c5,c5,c5,c5,c5,c5,c5,c1
10633,9884,3,c1,c234,c234,c234,c234,c234,c234,c234,c234
10634,10632,2,c5,c5,c234,c234,c5,c5,c234,c234,c234
10635,10633,3,c5,c234,c234,c234,c234,c234,c234,c234,c234
10637,10635,2,c234,c1,c1,c1,c1,c1,c1,c1,c1
10638,10636,1,c234,c234,c1,c1,c1,c234,c1,c1,c234
10639,10637,3,c5,c1,c1,c1,c1,c5,c1,c1,c1
10641,10639,1,c234,c5,c5,c5,c5,c5,c5,c5,c5
10642,10640,2,c234,c234,c234,c234,c234,c234,c234,c234,c5
10643,4009,1,c1,c1,c1,c1,c1,c1,c1,c1,c1
10644,7,3,c1,c5,c5,c5,c5,c5,c5,c5,c5
10645,10643,3,c234,c234,c234,c234,c234,c234,c234,c234,c234
10647,10645,1,c5,c5,c5,c5,c5,c5,c5,c5,c5
10648,10646,2,c5,c234,c234,c234,c234,c234,c234,c234,c234
10649,10647,3,c1,c234,c234,c234,c234,c234,c234,c234,c234
10650,10648,1,c1,c1,c1,c1,c1,c1,c1,c1,c1
10651,10649,2,c1,c234,c234,c234,c1,c5,c234,c234,c5
10652,989,1,c5,c1,c1,c1,c234,c234,c1,c1,c1
10653,10651,3,c5,c1,c1,c1,c1,c1,c1,c1,c1
10654,10652,1,c1,c5,c5,c5,c5,c5,c5,c5,c5
10656,10654,2,c1,c5,c5,c5,c5,c5,c5,c5,c1
10657,10655,3,c1,c234,c234,c234,c234,c5,c234,c234,c234
10658,10656,3,c1,c5,c5,c5,c5,c5,c5,c5,c5
10660,36,2,c1,c5,c5,c5,c5,c5,c5,c5,c5
10661,10659,2,c1,c234,c234,c234,c234,c5,c234,c234,c5
10663,4176,2,c234,c1,c1,c1,c1,c1,c1,c1,c1
10664,713,2,c5,c5,c5,c5,c5,c5,c5,c5,c5
10665,10663,1,c234,c1,c1,c1,c1,c1,c1,c1,c1
10668,10666,3,c234,c1,c1,c1,c1,c1,c1,c1,c234
10669,10667,2,c5,c5,c5,c5,c5,c5,c5,c5,c5
10670,10668,2,c1,c1,c1,c1,c1,c234,c1,c1,c234
10671,10669,3,c234,c1,c1,c1,c1,c1,c1,c1,c1
10672,10670,1,c1,c234,c234,c234,c234,c5,c234,c5,c234
10673,10671,3,c1,c1,c234,c1,c1,c234,c1,c234,c234
10675,10673,1,c234,c234,c234,c234,c234,c234,c234,c234,c234
10676,10674,2,c5,c234,c234,c234,c234,c234,c234,c234,c234
10677,10675,2,c1,c1,c1,c1,c1,c5,c1,c1,c1
10678,10676,3,c1,c234,c234,c234,c234,c234,c234,c234,c234
10679,1783,3,c1,c1,c1,c1,c1,c1,c1,c1,c1
10680,10678,2,c1,c5,c5,c5,c5,c5,c5,c5,c5
10681,7,3,c234,c5,c5,c5,c5,c5,c5,c5,c5
10682,10680,1,c5,c5,c5,c5,c5,c5,c5,c5,c5
10683,36,2,c234,c5,c5,c5,c5,c5,c5,c5,c5
10684,10682,1,c5,c5,c5,c234,c234,c5,c5,c234,c5
10685,10683,3,c5,c234,c1,c234,c234,c234,c234,c234,c1
10686,2269,2,c234,c234,c234,c234,c234,c5,c234,c234,c5
10687,10685,2,c234,c1,c1,c1,c1,c1,c1,c1,c1
10688,10686,1,c1,c234,c234,c234,c234,c234,c234,c234,c234
10689,6418,3,c1,c1,c1,c1,c1,c1,c1,c1,c1
10690,10688,3,c1,c1,c1,c1,c1,c5,c1,c1,c1
10691,10689,2,c234,c5,c5,c5,c234,c5,c5,c234,c5
10692,10690,3,c1,c234,c234,c234,c234,c234,c234,c234,c234
10693,10691,1,c234,c5,c5,c5,c5,c5,c5,c5,c5
10694,10692,1,c234,c234,c234,c234,c234,c5,c234,c234,c234
10695,349,1,c234,c1,c1,c1,c1,c5,c1,c1,c5
10696,745,1,c5,c5,c5,c5,c5,c5,c5,c5,c5
10697,5141,2,c234,c1,c1,c1,c1,c234,c1,c1,c234
10698,8975,2,c234,c1,c1,c1,c1,c1,c1,c1,c1
10699,10697,2,c234,c234,c234,c234,c234,c1,c234,c234,c234
10700,10698,3,c5,c5,c5,c5,c5,c5,c5,c5,c5
10701,10699,1,c234,c5,c5,c234,c5,c234,c5,c234,c234
10702,2741,3,c234,c234,c234,c234,c234,c234,c234,c234,c234
10703,10701,2,c1,c5,c5,c5,c5,c5,c5,c5,c5
10704,5163,1,c234,c1,c1,c1,c1,c234,c1,c1,c234
10705,10703,3,c5,c5,c5,c1,c1,c5,c5,c5,c5
10706,10704,1,c234,c5,c5,c5,c5,c5,c5,c5,c5
10709,10707,2,c5,c5,c5,c5,c5,c5,c5,c5,c5
10711,10709,3,c1,c234,c234,c234,c234,c234,c234,c234,c234
10712,10710,1,c1,c1,c1,c1,c1,c1,c1,c1,c1
10713,10711,2,c234,c5,c5,c5,c5,c5,c5,c5,c5
10714,177,1,c1,c234,c234,c234,c234,c234,c234,c234,c234
10715,10713,3,c5,c5,c5,c5,c5,c5,c5,c5,c5
10716,10714,2,c1,c5,c5,c5,c5,c234,c5,c1,c1
10717,10715,1,c5,c5,c5,c5,c5,c5,c5,c5,c5
10718,10716,3,c234,c234,c234,c234,c234,c234,c234,c234,c234
10719,6433,3,c5,c5,c5,c5,c5,c5,c5,c5,c5
10720,166,2,c1,c1,c1,c1,c1,c1,c1,c1,c1
10721,116,1,c5,c234,c234,c234,c234,c234,c234,c234,c234
10722,10720,2,c1,c1,c1,c1,c1,c1,c1,c1,c1
10723,10721,3,c1,c234,c234,c234,c234,c234,c234,c234,c234
10724,10722,1,c1,c234,c234,c234,c234,c234,c234,c234,c234
10726,10724,1,c5,c5,c5,c5,c5,c5,c5,c5,c5
10727,10725,2,c234,c1,c1,c1,c1,c1,c1,c1,c234
10728,10726,3,c234,c5,c5,c5,c5,c5,c5,c5,c5
10729,36,2,c234,c5,c5,c5,c5,c5,c5,c5,c5
10730,10728,2,c1,c234,c234,c234,c234,c234,c234,c234,c234
10731,271,1,c5,c1,c1,c1,c1,c1,c1,c1,c1
10732,798,2,c234,c1,c1,c1,c1,c1,c1,c1,c1
10733,36,2,c234,c5,c5,c5,c5,c5,c5,c5,c5
10734,16,1,c1,c1,c1,c1,c1,c1,c1,c1,c1
10735,10733,1,c234,c234,c234,c234,c234,c234,c234,c234,c234
10736,10734,3,c234,c234,c234,c1,c234,c1,c234,c1,c234
10737,10735,1,c234,c234,c234,c234,c234,c234,c234,c234,c234
10738,10736,2,c5,c5,c5,c5,c5,c5,c5,c5,c5
10739,10278,1,c234,c1,c1,c1,c1,c1,c1,c1,c1
10740,10738,3,c234,c5,c5,c5,c5,c5,c5,c5,c5
10741,10739,2,c5,c5,c5,c5,c5,c234,c5,c5,c5
10743,10741,1,c1,c5,c5,c5,c5,c5,c5,c5,c5
10745,0,3,c1,c1,c1,c1,c1,c1,c1,c1,c1
10748,10746,3,c5,c1,c234,c234,c1,c5,c1,c234,c234
10749,10747,2,c5,c5,c5,c5,c5,c5,c5,c5,c5
10750,10748,1,c234,c5,c5,c234,c5,c234,c5,c234,c234
10751,10749,3,c234,c5,c5,c5,c5,c5,c5,c5,c5
10752,10750,1,c1,c234,c234,c234,c234,c234,c234,c1,c1
10753,10751,2,c1,c234,c234,c234,c234,c234,c234,c234,c234
10755,10753,3,c1,c234,c234,c234,c234,c234,c234,c234,c234
10756,10754,1,c1,c234,c1,c234,c234,c234,c234,c234,c234
10757,10755,2,c234,c5,c5,c5,c5,c5,c5,c5,c5
10758,504,2,c1,c1,c1,c1,c1,c1,c1,c1,c1
10759,10757,3,c1,c1,c1,c1,c1,c5,c1,c1,c5
10760,10758,1,c5,c5,c5,c5,c5,c5,c5,c5,c5
10761,10759,2,c5,c5,c5,c5,c5,c5,c5,c5,c5
10762,5568,2,c1,c5,c5,c5,c5,c5,c5,c5,c5
10764,10762,3,c1,c1,c1,c1,c1,c1,c1,c1,c1
10765,10763,3,c234,c234,c234,c234,c1,c234,c234,c234,c1
10766,10764,1,c5,c234,c1,c234,c234,c1,c234,c1,c1
10767,271,1,c234,c1,c1,c1,c1,c1,c1,c1,c1
10769,10767,2,c1,c5,c5,c5,c5,c5,c5,c5,c5
10770,1790,3,c1,c234,c234,c234,c234,c234,c234,c234,c234
10771,10769,2,c234,c5,c5,c5,c234,c234,c5,c5,c234
10772,10770,1,c234,c1,c1,c1,c1,c1,c1,c1,c1
10773,10771,3,c234,c5,c5,c5,c234,c5,c5,c1,c1
10775,10773,1,c5,c5,c5,c5,c5,c5,c5,c5,c5
10778,10776,3,c234,c5,c5,c5,c5,c234,c5,c5,c234
10779,10777,2,c1,c5,c5,c5,c5,c5,c5,c5,c5
10780,10778,2,c5,c1,c1,c1,c1,c5,c1,c1,c5
10781,10779,2,c234,c234,c234,c234,c234,c234,c234,c234,c234
10782,10780,1,c234,c1,c1,c1,c1,c1,c1,c1,c1
10783,271,1,c234,c1,c1,c1,c1,c1,c1,c1,c1
10785,713,2,c5,c5,c5,c5,c5,c5,c5,c5,c5
10786,10784,3,c234,c234,c234,c234,c234,c234,c234,c234,c234
10787,10785,1,c5,c5,c5,c5,c5,c5,c5,c5,c5
10788,10786,3,c234,c234,c234,c234,c234,c234,c234,c1,c1
10790,10788,1,c5,c5,c5,c5,c5,c5,c5,c5,c5
10791,10789,3,c1,c234,c234,c234,c234,c1,c234,c234,c1
10792,10790,2,c1,c5,c5,c5,c5,c5,c5,c5,c5
10793,10791,1,c5,c5,c5,c1,c1,c5,c5,c1,c5
10794,1755,1,c5,c1,c1,c1,c1,c234,c1,c1,c1
10797,10795,2,c1,c1,c1,c1,c1,c1,c1,c1,c1
10798,10796,1,c5,c234,c234,c234,c234,c234,c234,c234,c234
10799,10797,3,c234,c1,c1,c1,c1,c1,c1,c1,c1
10800,10798,2,c1,c5,c5,c5,c5,c5,c5,c5,c1
10801,4245,2,c234,c234,c234,c5,c234,c234,c234,c5,c234
10803,10801,1,c1,c5,c5,c5,c5,c5,c5,c5,c5
10804,10802,3,c5,c5,c5,c5,c5,c5,c5,c5,c5
10805,10803,1,c1,c234,c234,c234,c234,c1,c234,c234,c1
10806,10804,2,c1,c1,c234,c234,c234,c234,c234,c234,c234
10807,10805,3,c234,c234,c234,c5,c234,c5,c1,c5,c5
10809,10807,2,c234,c5,c5,c5,c5,c5,c5,c5,c5
10810,10808,1,c1,c234,c234,c234,c234,c234,c234,c234,c234
10811,10809,3,c234,c234,c234,c234,c234,c5,c234,c234,c5
10812,10810,1,c234,c1,c1,c1,c1,c5,c1,c1,c5
10814,10812,2,c234,c1,c1,c1,c1,c1,c1,c1,c1
10815,10813,3,c1,c1,c1,c234,c234,c234,c1,c5,c234
10816,581,3,c234,c1,c1,c1,c1,c1,c1,c1,c1
10817,10815,2,c1,c234,c234,c234,c234,c5,c234,c234,c5
10820,10818,3,c5,c234,c234,c234,c234,c234,c234,c234,c234
10822,33,3,c1,c1,c1,c1,c1,c1,c1,c1,c1
10824,10822,1,c5,c5,c5,c5,c5,c5,c5,c5,c5
10825,10823,1,c1,c5,c5,c5,c5,c5,c5,c5,c5
10826,10824,2,c1,c1,c1,c1,c1,c5,c1,c1,c5
10827,10825,3,c5,c5,c5,c5,c5,c234,c5,c5,c234
10828,10826,1,c1,c1,c1,c1,c1,c234,c1,c1,c1
10830,10828,2,c5,c5,c5,c5,c5,c5,c5,c5,c5
10831,10829,3,c5,c5,c5,c5,c5,c5,c5,c5,c5
10832,10830,1,c234,c5,c5,c5,c5,c5,c5,c5,c5
10833,10831,2,c234,c1,c1,c1,c1,c1,c1,c1,c1
10835,10833,3,c5,c5,c5,c5,c5,c5,c5,c5,c5
10836,10834,2,c5,c5,c5,c1,c5,c1,c5,c1,c1
10837,10835,1,c1,c5,c5,c5,c5,c5,c5,c5,c5
10838,641,3,c5,c5,c5,c5,c5,c5,c5,c5,c5
10840,10838,3,c234,c5,c5,c5,c5,c5,c5,c5,c5
10841,1850,3,c5,c5,c5,c5,c5,c5,c5,c5,c5
10842,9160,1,c5,c234,c234,c234,c234,c1,c234,c234,c1
10843,10841,2,c1,c234,c234,c234,c234,c234,c234,c234,c234
10844,10842,1,c234,c234,c1,c234,c234,c234,c234,c234,c5
10846,10844,1,c234,c1,c1,c1,c1,c1,c1,c1,c1
10847,10845,3,c1,c5,c5,c5,c5,c5,c5,c5,c5
10848,10846,2,c5,c5,c5,c5,c5,c5,c5,c5,c5
10849,10847,2,c1,c1,c5,c5,c1,c5,c1,c5,c5
10850,10848,1,c5,c5,c5,c5,c5,c5,c5,c5,c5
10852,10850,3,c1,c234,c234,c234,c5,c5,c5,c234,c5
10853,10851,1,c234,c5,c5,c5,c5,c5,c5,c5,c5
10854,10852,2,c234,c234,c5,c5,c5,c5,c5,c5,c5
10855,2944,1,c234,c234,c234,c234,c234,c234,c234,c234,c234
10856,10854,2,c1,c5,c5,c5,c5,c5,c5,c5,c5
10858,10856,1,c1,c234,c234,c234,c234,c5,c234,c234,c5
10859,10857,1,c234,c1,c1,c1,c1,c234,c1,c1,c1
10860,10858,3,c1,c1,c234,c1,c1,c234,c1,c234,c5
10861,10859,1,c1,c234,c234,c234,c234,c234,c234,c234,c234
10863,10861,3,c5,c1,c1,c1,c1,c234,c1,c1,c1
10864,10862,1,c5,c5,c5,c5,c5,c5,c5,c5,c5
10865,10863,2,c1,c5,c5,c5,c5,c5,c5,c5,c5
10866,10864,2,c234,c5,c5,c1,c5,c5,c5,c1,c1
10868,271,1,c1,c1,c1,c1,c1,c1,c1,c1,c1
10869,10867,3,c234,c1,c234,c1,c1,c234,c1,c1,c1
10870,10868,1,c5,c5,c5,c5,c5,c5,c5,c5,c5
10871,10869,3,c1,c5,c5,c5,c5,c5,c5,c5,c5
10872,798,2,c1,c1,c1,c1,c1,c1,c1,c1,c1
10873,10871,2,c234,c5,c5,c5,c5,c5,c5,c5,c5
10874,9806,1,c5,c234,c1,c234,c234,c5,c234,c1,c5
10875,10873,1,c5,c1,c1,c234,c1,c234,c1,c234,c234
10877,10875,2,c234,c5,c5,c5,c5,c5,c5,c5,c5
10878,10876,3,c5,c234,c234,c234,c234,c234,c234,c234,c234
10879,16,1,c1,c1,c1,c1,c1,c1,c1,c1,c1
10880,10878,1,c234,c234,c234,c234,c234,c234,c234,c234,c234
10881,2833,2,c5,c5,c5,c5,c5,c5,c5,c5,c5
10882,10880,3,c234,c234,c234,c234,c234,c234,c234,c234,c234
10883,10881,2,c234,c234,c234,c234,c234,c5,c234,c234,c5
10884,10882,2,c234,c234,c234,c234,c234,c234,c234,c234,c5
10886,10884,1,c5,c1,c1,c1,c5,c5,c1,c1,c5
10888,10886,3,c234,c5,c5,c5,c5,c234,c5,c5,c234
10889,10887,1,c1,c1,c1,c1,c1,c5,c1,c1,c1
10890,10888,2,c1,c5,c5,c5,c5,c5,c5,c5,c5
10891,6530,3,c5,c5,c5,c5,c5,c5,c5,c5,c5
10892,10890,3,c234,c5,c5,c5,c5,c5,c5,c5,c5
10894,10892,1,c1,c5,c5,c5,c5,c5,c5,c234,c5
10895,10893,2,c5,c234,c234,c234,c234,c5,c234,c234,c234
10896,581,3,c1,c1,c1,c1,c1,c1,c1,c1,c1
10897,10895,2,c5,c234,c234,c234,c234,c5,c234,c234,c5
10898,10896,3,c5,c1,c1,c1,c1,c1,c1,c1,c1
10900,6403,1,c5,c5,c5,c5,c5,c5,c5,c5,c5
10901,10899,1,c1,c5,c5,c5,c5,c5,c5,c5,c5
10902,1596,2,c234,c234,c234,c234,c234,c234,c234,c234,c234
10903,10901,1,c234,c5,c5,c5,c5,c5,c5,c5,c5
10904,271,1,c5,c1,c1,c1,c1,c1,c1,c1,c1
10905,10903,2,c5,c5,c5,c5,c5,c5,c5,c5,c234
10906,10904,3,c234,c5,c5,c5,c5,c5,c5,c5,c5
10907,10905,1,c5,c234,c234,c234,c234,c234,c234,c234,c234
10909,10907,1,c5,c234,c234,c1,c234,c234,c234,c1,c5
10910,10908,2,c5,c234,c234,c234,c234,c234,c234,c234,c234
10911,10909,3,c1,c234,c234,c234,c234,c234,c234,c5,c234
10912,10910,1,c5,c1,c1,c1,c1,c234,c1,c1,c1
10913,10911,3,c5,c1,c1,c1,c1,c5,c1,c1,c5
10915,10913,1,c234,c1,c1,c1,c1,c1,c1,c1,c1
10916,675,1,c234,c5,c1,c5,c5,c1,c5,c1,c1
10917,3887,1,c1,c5,c5,c5,c5,c5,c5,c5,c5
10919,10917,2,c234,c5,c5,c5,c234,c5,c5,c5,c5
10920,2751,1,c1,c234,c234,c234,c234,c234,c234,c234,c234
10921,10919,2,c5,c5,c234,c234,c5,c234,c5,c234,c234
10923,724,3,c234,c1,c1,c1,c1,c1,c1,c1,c1
10924,10922,2,c5,c5,c5,c5,c5,c5,c5,c5,c5
10925,10923,3,c234,c1,c1,c1,c1,c1,c1,c1,c1
10926,10924,1,c1,c5,c5,c5,c5,c5,c5,c5,c5
10927,271,1,c234,c1,c1,c1,c1,c1,c1,c1,c1
10929,10927,2,c234,c234,c234,c234,c5,c5,c234,c1,c5
10930,10928,3,c234,c234,c1,c234,c234,c1,c1,c234,c1
10932,7,3,c1,c5,c5,c5,c5,c5,c5,c5,c5
10933,10931,2,c234,c5,c5,c5,c5,c5,c5,c5,c5
10934,10932,1,c5,c5,c1,c5,c1,c5,c5,c1,c5
10935,2900,1,c1,c5,c5,c5,c5,c5,c5,c5,c5
10937,10935,3,c1,c5,c5,c5,c5,c5,c5,c5,c5
10938,10936,1,c234,c5,c5,c5,c5,c5,c5,c5,c5
10940,10938,3,c234,c234,c234,c234,c234,c234,c234,c234,c234
10941,10939,2,c5,c5,c5,c5,c1,c234,c5,c5,c234
10942,10940,1,c234,c1,c1,c1,c1,c1,c1,c1,c1
10944,10942,2,c1,c1,c234,c1,c1,c234,c1,c1,c234
10945,10943,3,c5,c5,c5,c5,c5,c5,c5,c1,c5
10946,24,3,c5,c5,c5,c5,c5,c5,c5,c5,c5
10947,10945,1,c234,c234,c234,c234,c234,c234,c234,c234,c234
10948,6800,1,c234,c5,c5,c5,c1,c1,c5,c5,c5
10949,16,1,c5,c1,c1,c1,c1,c1,c1,c1,c1
10950,10948,2,c234,c1,c1,c1,c1,c1,c1,c1,c1
10951,7,3,c234,c5,c5,c5,c5,c5,c5,c5,c5
10953,939,3,c1,c234,c234,c1,c234,c1,c1,c1,c1
10954,10952,3,c5,c234,c234,c234,c234,c234,c234,c234,c234
10955,10953,1,c1,c5,c5,c5,c5,c234,c5,c5,c234
10956,10954,2,c234,c5,c5,c234,c234,c5,c234,c234,c5
10958,10956,3,c234,c234,c234,c234,c234,c234,c234,c234,c234
10960,9463,3,c234,c234,c234,c234,c234,c234,c234,c234,c1
10961,10959,3,c234,c1,c1,c1,c1,c5,c1,c1,c5
10962,94,1,c234,c234,c234,c5,c5,c234,c234,c5,c234
10963,10961,2,c1,c234,c234,c234,c234,c234,c234,c234,c234
10964,3258,2,c1,c5,c5,c1,c5,c5,c5,c5,c5
10965,194,1,c5,c1,c1,c1,c1,c1,c1,c1,c234
10967,1790,3,c1,c234,c1,c234,c234,c1,c234,c1,c1
10968,4009,1,c1,c1,c1,c1,c1,c1,c1,c1,c1
10969,10967,1,c1,c234,c234,c234,c234,c234,c234,c234,c234
10971,10969,1,c234,c234,c234,c5,c234,c234,c234,c5,c234
10972,10970,2,c1,c1,c1,c1,c5,c1,c1,c5,c5
10973,10971,1,c234,c234,c234,c234,c5,c234,c234,c5,c5
10975,10973,3,c5,c1,c1,c1,c1,c1,c1,c234,c234
10976,10974,3,c234,c234,c234,c234,c234,c234,c234,c234,c234
10977,10975,2,c5,c5,c5,c5,c5,c5,c5,c5,c5
10979,10977,3,c1,c5,c5,c234,c5,c1,c5,c5,c234
10980,271,1,c1,c1,c1,c1,c1,c1,c1,c1,c1
10981,10979,1,c5,c234,c234,c234,c234,c234,c234,c234,c234
10982,10980,2,c234,c5,c5,c5,c5,c5,c5,c5,c234
10983,10981,3,c5,c5,c5,c5,c5,c5,c5,c5,c5
10984,91,3,c1,c1,c1,c1,c1,c1,c1,c1,c1
10986,10984,1,c1,c5,c5,c5,c5,c5,c5,c5,c5
10987,10985,2,c5,c5,c5,c5,c5,c5,c5,c5,c5
10988,10986,2,c5,c234,c234,c234,c234,c234,c234,c234,c234
10989,10987,1,c5,c5,c5,c5,c5,c5,c5,c5,c5
10992,10990,3,c234,c5,c5,c5,c5,c5,c5,c5,c5
10993,10991,3,c5,c5,c5,c5,c5,c5,c5,c5,c1
10994,10992,1,c1,c1,c1,c1,c1,c1,c1,c1,c1
10995,10993,2,c234,c5,c5,c5,c5,c5,c5,c5,c5
10996,10994,1,c234,c5,c5,c5,c5,c5,c5,c5,c5
10998,10996,3,c1,c1,c1,c1,c1,c1,c1,c1,c1
10999,10997,2,c234,c234,c234,c1,c234,c234,c234,c1,c1
11000,319,2,c1,c5,c5,c5,c5,c5,c5,c5,c5
11001,10999,1,c5,c5,c5,c5,c5,c5,c5,c5,c5
11003,11001,3,c234,c5,c5,c5,c5,c5,c5,c5,c5
11004,11002,2,c5,c5,c5,c5,c5,c5,c5,c5,c5
11005,36,2,c1,c5,c5,c5,c5,c5,c5,c5,c5
11006,178,2,c234,c1,c1,c1,c1,c1,c1,c1,c1
11007,11005,2,c234,c5,c5,c5,c5,c5,c234,c5,c5
11008,11006,3,c5,c1,c1,c1,c1,c5,c1,c1,c5
11009,36,2,c1,c5,c5,c5,c5,c5,c5,c5,c5
11011,438,1,c5,c1,c1,c1,c1,c5,c1,c1,c5
11012,6800,1,c234,c1,c1,c1,c1,c1,c1,c5,c1
11013,11011,1,c1,c1,c1,c1,c1,c5,c5,c1,c5
11014,11012,2,c5,c1,c1,c5,c1,c5,c1,c5,c5
11015,11013,3,c234,c1,c1,c1,c1,c1,c1,c1,c234
11016,11014,2,c234,c234,c234,c234,c234,c234,c234,c234,c234
11017,11015,1,c234,c1,c1,c1,c1,c1,c1,c1,c1
11018,36,2,c1,c5,c5,c5,c5,c5,c5,c5,c5
11020,11018,3,c5,c5,c5,c5,c5,c5,c5,c5,c5
11021,11019,2,c5,c5,c5,c5,c5,c5,c5,c5,c5
11022,11020,3,c5,c5,c5,c5,c5,c5,c5,c5,c5
11024,11022,3,c1,c5,c5,c5,c234,c5,c5,c5,c5
11025,53,3,c1,c1,c1,c1,c1,c1,c1,c1,c1
11026,11024,1,c1,c1,c1,c1,c1,c1,c1,c1,c1
11027,11025,2,c5,c234,c234,c234,c234,c234,c234,c234,c234
11029,11027,1,c5,c5,c5,c5,c5,c5,c5,c5,c5
11030,271,1,c5,c1,c1,c1,c1,c1,c1,c1,c1
11031,11029,2,c5,c1,c1,c1,c1,c1,c1,c1,c1
11032,11030,2,c5,c234,c5,c5,c234,c5,c5,c5,c5
11033,11031,3,c1,c1,c1,c1,c1,c1,c1,c1,c1
11034,349,1,c5,c1,c1,c1,c1,c5,c1,c1,c5
11036,11034,3,c5,c5,c5,c5,c5,c5,c5,c5,c5
11037,11035,1,c234,c1,c1,c1,c234,c234,c1,c1,c1
11038,271,1,c234,c1,c1,c1,c1,c1,c1,c1,c1
11039,4872,1,c5,c5,c5,c5,c5,c5,c5,c5,c5
11040,11038,3,c234,c1,c1,c1,c1,c5,c1,c1,c5
11041,7,3,c234,c1,c5,c1,c1,c5,c1,c5,c5
11042,11040,3,c5,c5,c5,c5,c5,c5,c5,c1,c5
11043,11041,1,c234,c1,c1,c1,c1,c1,c1,c1,c1
11044,11042,2,c234,c234,c234,c234,c234,c234,c234,c234,c1
11049,675,1,c5,c1,c1,c5,c1,c1,c1,c1,c1
11050,11048,1,c234,c5,c5,c5,c5,c5,c5,c5,c5
11051,11049,2,c234,c5,c5,c5,c5,c5,c5,c5,c5
11052,11050,3,c234,c1,c1,c1,c1,c1,c1,c1,c1
11054,11052,1,c5,c5,c5,c5,c5,c1,c5,c5,c1
11055,11053,3,c5,c234,c5,c234,c234,c234,c234,c234,c234
11056,11054,2,c1,c1,c1,c1,c1,c1,c1,c1,c1
11058,11056,2,c1,c1,c1,c1,c234,c234,c1,c1,c1
11059,11057,3,c5,c1,c1,c1,c1,c1,c1,c1,c1
11060,11058,1,c1,c234,c234,c234,c234,c234,c234,c234,c234
11062,11060,1,c1,c1,c1,c1,c1,c1,c1,c1,c1
11063,284,3,c5,c5,c1,c1,c1,c5,c5,c1,c5
11064,11062,2,c5,c5,c5,c5,c234,c5,c5,c5,c5
11065,11063,3,c5,c234,c234,c234,c234,c234,c234,c234,c234
11066,11064,1,c234,c1,c1,c1,c1,c1,c1,c1,c1
11067,11065,2,c5,c234,c234,c234,c234,c1,c234,c1,c5
11069,11067,3,c234,c5,c5,c5,c5,c5,c5,c5,c5
11070,194,1,c5,c5,c5,c5,c5,c5,c5,c5,c5
11071,11069,1,c5,c234,c234,c234,c234,c234,c234,c234,c234
11072,271,1,c5,c1,c1,c1,c1,c1,c1,c1,c1
11073,11071,2,c5,c5,c5,c5,c5,c5,c5,c5,c5
11075,11073,3,c5,c5,c5,c5,c5,c5,c5,c5,c5
11077,11075,3,c5,c5,c5,c5,c5,c5,c5,c5,c5
11078,11076,1,c1,c1,c1,c1,c1,c1,c1,c1,c1
11079,11077,2,c1,c1,c1,c1,c1,c1,c1,c1,c1
11080,16,1,c1,c1,c1,c1,c1,c1,c1,c1,c1
11081,11079,1,c1,c5,c5,c5,c5,c5,c5,c5,c5
11083,11081,3,c5,c234,c5,c234,c234,c5,c234,c234,c5
11084,11082,2,c234,c5,c5,c234,c234,c5,c5,c234,c234
11085,11083,1,c1,c1,c1,c1,c1,c1,c1,c1,c1
11086,36,2,c5,c5,c5,c5,c5,c5,c5,c5,c5
11087,11085,2,c1,c5,c5,c5,c5,c5,c5,c5,c1
11088,11086,3,c234,c1,c1,c1,c1,c234,c1,c1,c234
11090,91,3,c234,c1,c1,c1,c1,c1,c1,c1,c1
11091,729,1,c5,c234,c234,c234,c234,c5,c234,c234,c5
11092,11090,1,c1,c234,c234,c5,c234,c5,c234,c1,c5
11093,271,1,c1,c1,c1,c1,c1,c1,c1,c1,c1
11094,11092,2,c5,c234,c234,c234,c234,c234,c234,c234,c234
11095,11093,2,c1,c1,c1,c1,c1,c234,c1,c1,c234
11097,11095,1,c1,c1,c1,c1,c1,c234,c1,c1,c1
11099,11097,3,c1,c234,c234,c1,c234,c1,c1,c1,c1
11100,11098,2,c5,c1,c1,c1,c1,c1,c1,c1,c1
11101,11099,1,c1,c1,c1,c1,c1,c1,c1,c1,c1
11102,11100,3,c234,c5,c5,c5,c5,c5,c5,c5,c5
11103,11101,1,c1,c5,c5,c5,c1,c5,c5,c1,c5
11105,11103,2,c234,c1,c1,c1,c1,c1,c1,c1,c1
11106,11104,3,c5,c234,c234,c234,c234,c234,c234,c234,c234
11107,11105,2,c5,c234,c5,c234,c234,c5,c234,c234,c5
11108,11106,1,c1,c5,c5,c5,c5,c5,c5,c5,c5
11110,11108,3,c5,c5,c5,c5,c5,c5,c5,c5,c5
11111,11109,2,c1,c234,c234,c234,c234,c234,c234,c5,c5
11112,11110,3,c5,c5,c5,c5,c5,c5,c5,c5,c5
11113,11111,1,c5,c5,c5,c5,c5,c5,c5,c5,c5
11116,11114,2,c1,c5,c5,c5,c5,c5,c5,c5,c234
11117,11115,1,c1,c5,c5,c5,c1,c5,c5,c1,c5
11118,11116,2,c234,c234,c234,c234,c234,c234,c234,c234,c234
11119,11117,3,c5,c5,c5,c5,c5,c5,c5,c5,c5
11120,11118,2,c234,c234,c234,c234,c234,c234,c234,c234,c234
11121,11119,1,c1,c5,c5,c5,c5,c5,c5,c5,c5
11122,11120,3,c5,c5,c5,c5,c5,c5,c5,c5,c5
11123,11121,2,c234,c5,c5,c5,c5,c5,c5,c5,c234
11125,11123,3,c1,c5,c5,c5,c5,c5,c5,c5,c5
11127,11125,2,c234,c5,c5,c5,c5,c5,c5,c5,c5
11128,11126,1,c234,c234,c234,c234,c234,c234,c234,c234,c234
11129,11127,1,c1,c1,c1,c1,c1,c1,c1,c1,c1
11130,6733,3,c234,c1,c1,c1,c1,c1,c1,c1,c1
11131,11129,2,c5,c5,c5,c5,c5,c5,c5,c5,c5
11132,11130,3,c1,c5,c5,c234,c5,c5,c5,c5,c5
11133,11131,3,c5,c234,c234,c1,c234,c234,c234,c234,c234
11134,36,2,c1,c5,c5,c5,c5,c5,c5,c5,c5
11136,11134,1,c5,c5,c5,c5,c5,c5,c5,c5,c5
11137,1212,3,c1,c1,c1,c1,c1,c1,c1,c1,c1
11138,7393,3,c1,c1,c1,c1,c1,c5,c1,c1,c5
11139,11137,2,c1,c5,c5,c5,c5,c5,c5,c5,c234
11140,11138,2,c1,c234,c234,c234,c234,c5,c234,c234,c5
11141,2811,1,c5,c5,c5,c5,c5,c5,c5,c5,c5
11143,11141,3,c1,c1,c5,c5,c1,c5,c1,c5,c5
11144,11142,1,c1,c1,c1,c1,c1,c1,c1,c1,c234
11145,11143,1,c1,c1,c1,c1,c1,c1,c1,c1,c1
11146,11144,2,c234,c234,c234,c234,c234,c234,c234,c234,c234
11150,11148,1,c234,c5,c5,c5,c5,c5,c5,c5,c5
11151,11149,3,c234,c234,c234,c234,c234,c234,c234,c234,c234
11152,11150,2,c5,c5,c5,c5,c5,c234,c5,c234,c234
11155,11153,3,c1,c5,c5,c5,c5,c5,c5,c5,c5
11156,11154,1,c1,c234,c234,c234,c234,c234,c234,c234,c234
11157,11155,2,c1,c234,c234,c234,c234,c5,c234,c234,c5
11159,3051,2,c5,c234,c234,c234,c234,c234,c234,c234,c234
11161,11159,3,c1,c1,c1,c1,c1,c1,c1,c1,c1
11162,11160,1,c234,c1,c1,c1,c1,c234,c1,c1,c234
11163,11161,3,c1,c234,c234,c234,c234,c1,c234,c1,c1
11164,11162,2,c234,c234,c234,c234,c234,c234,c234,c234,c234
11165,11163,1,c5,c5,c5,c5,c5,c5,c5,c5,c5
11166,773,1,c5,c234,c1,c234,c234,c5,c1,c234,c5
11167,11165,2,c234,c234,c234,c234,c234,c234,c234,c234,c234
11169,16,1,c1,c1,c1,c1,c1,c1,c1,c1,c1
11170,11168,3,c1,c5,c5,c234,c5,c234,c5,c234,c234
11171,11169,3,c1,c1,c1,c1,c1,c1,c1,c1,c1
11172,11170,1,c5,c1,c1,c1,c1,c5,c1,c1,c5
11173,11171,2,c5,c5,c5,c5,c5,c5,c5,c5,c5
11174,11172,2,c234,c234,c234,c5,c234,c5,c234,c5,c5
11175,2578,3,c234,c234,c234,c234,c234,c5,c5,c234,c234
11176,1755,1,c5,c1,c1,c1,c1,c234,c1,c1,c1
11177,107,1,c1,c234,c234,c1,c234,c5,c234,c1,c5
11179,11177,1,c5,c5,c5,c5,c5,c5,c5,c5,c5
11180,11178,1,c5,c5,c5,c5,c5,c1,c5,c5,c5
11181,11179,3,c5,c5,c5,c5,c5,c5,c5,c5,c5
11182,11180,2,c234,c1,c1,c1,c1,c1,c1,c1,c1
11184,11182,1,c5,c5,c5,c5,c1,c5,c5,c5,c5
11185,11183,3,c234,c234,c234,c234,c234,c234,c234,c234,c234
11186,11184,1,c1,c5,c5,c5,c5,c234,c5,c5,c234
11187,11185,3,c234,c5,c5,c5,c5,c5,c5,c5,c5
11188,271,1,c1,c1,c1,c1,c1,c1,c1,c1,c1
11189,6306,2,c1,c1,c1,c1,c1,c5,c1,c1,c5
11191,11189,2,c234,c5,c5,c5,c5,c234,c5,c5,c5
11193,252,1,c234,c1,c234,c1,c1,c234,c1,c234,c234
11194,11192,1,c5,c234,c234,c234,c234,c234,c234,c234,c234
11195,11193,2,c1,c5,c5,c5,c5,c5,c5,c5,c5
11196,11194,3,c1,c234,c234,c234,c234,c234,c234,c234,c234
11197,271,1,c1,c1,c1,c1,c1,c1,c1,c1,c1
11198,217,2,c234,c1,c1,c1,c1,c1,c1,c1,c1
11199,1336,3,c1,c1,c1,c5,c1,c5,c1,c1,c5
11201,2594,2,c1,c234,c234,c234,c1,c234,c234,c1,c234
11202,11200,2,c234,c1,c1,c1,c1,c1,c1,c1,c1
11203,11201,2,c5,c5,c5,c5,c5,c5,c5,c5,c234
11204,11202,3,c1,c234,c234,c234,c234,c234,c234,c234,c234
11205,11203,1,c5,c234,c234,c234,c234,c234,c234,c234,c234
11206,11204,1,c234,c1,c1,c1,c1,c234,c1,c1,c234
11207,194,1,c5,c5,c5,c5,c5,c5,c5,c5,c5
11209,11207,2,c1,c1,c1,c1,c1,c1,c1,c1,c234
11210,11208,3,c5,c5,c234,c234,c234,c5,c5,c234,c5
11211,11209,1,c234,c234,c234,c5,c234,c234,c234,c5,c234
11212,11210,2,c234,c234,c234,c234,c234,c234,c234,c234,c234
11213,9451,3,c1,c234,c234,c234,c234,c234,c234,c234,c1
11214,2898,3,c1,c234,c234,c234,c234,c1,c234,c1,c1
11216,11214,3,c234,c1,c1,c1,c1,c1,c1,c1,c1
11217,11215,3,c234,c5,c5,c5,c5,c5,c5,c5,c5
11218,729,1,c234,c234,c234,c234,c234,c5,c234,c234,c5
11219,11217,1,c1,c234,c234,c234,c234,c1,c234,c234,c1
11221,11219,2,c234,c234,c234,c234,c234,c234,c5,c234,c234
11222,11220,1,c234,c5,c5,c5,c5,c5,c5,c5,c5
11223,11221,3,c234,c5,c5,c234,c5,c5,c5,c234,c5
11224,11222,2,c5,c5,c5,c5,c5,c5,c5,c5,c5
11225,11223,1,c5,c5,c5,c5,c5,c5,c5,c5,c5
11227,11225,3,c234,c5,c5,c5,c5,c5,c5,c5,c5
11228,11226,2,c1,c234,c234,c234,c234,c234,c234,c234,c1
11229,11227,1,c1,c234,c234,c234,c234,c5,c234,c234,c5
11230,11228,3,c234,c5,c5,c5,c5,c5,c5,c5,c5
11231,864,2,c1,c1,c1,c1,c1,c1,c1,c1,c1
11232,11123,3,c1,c5,c5,c5,c5,c5,c5,c5,c5
11233,11231,2,c234,c234,c234,c234,c234,c234,c234,c234,c234
11234,11232,1,c5,c1,c1,c1,c1,c5,c1,c1,c5
11235,11233,2,c5,c5,c5,c5,c5,c5,c5,c5,c5
11237,11235,3,c234,c5,c5,c5,c5,c5,c5,c5,c5
11238,11236,3,c1,c5,c5,c5,c5,c1,c5,c5,c1
11240,11238,2,c1,c5,c5,c5,c5,c5,c5,c5,c5
11241,11239,1,c5,c234,c234,c234,c234,c234,c234,c234,c234
11242,11240,1,c1,c1,c1,c1,c1,c5,c1,c1,c234
11243,11241,2,c1,c234,c234,c234,c234,c5,c234,c234,c5
11244,11242,3,c5,c1,c1,c1,c1,c5,c1,c1,c1
11245,11243,3,c234,c5,c5,c5,c5,c5,c5,c5,c5
11246,1327,3,c234,c1,c1,c1,c1,c1,c1,c1,c1
11248,11246,1,c5,c5,c5,c5,c5,c5,c5,c5,c234
11249,11247,2,c1,c1,c1,c1,c1,c1,c1,c1,c1
11250,11248,1,c5,c5,c5,c5,c5,c5,c5,c5,c234
11252,11250,2,c1,c5,c5,c1,c5,c5,c5,c1,c234
11253,2261,3,c5,c5,c1,c5,c5,c5,c5,c1,c1
11254,11252,3,c234,c5,c5,c5,c5,c5,c5,c5,c5
11255,11253,1,c1,c1,c1,c1,c1,c1,c1,c1,c1
11257,11255,3,c1,c1,c1,c1,c1,c5,c1,c1,c5
11258,3260,1,c1,c1,c1,c1,c1,c1,c1,c1,c1
11259,11257,2,c5,c5,c234,c5,c234,c5,c5,c5,c5
11260,11258,1,c1,c234,c234,c234,c234,c234,c234,c234,c234
11261,11259,2,c5,c5,c5,c5,c5,c5,c5,c5,c5
11262,11260,3,c5,c1,c5,c1,c1,c234,c5,c5,c234
11263,194,1,c1,c5,c5,c5,c5,c5,c5,c5,c5
11264,11262,3,c1,c234,c234,c5,c234,c5,c234,c234,c5
11265,4491,2,c5,c234,c234,c234,c234,c234,c234,c234,c1
11266,11264,1,c234,c234,c234,c234,c234,c5,c234,c234,c5
11267,11265,2,c1,c1,c1,c1,c1,c5,c1,c1,c5
11269,706,1,c1,c1,c1,c1,c1,c1,c1,c1,c1
11270,11268,1,c1,c5,c5,c5,c5,c5,c5,c5,c1
11272,11270,2,c234,c234,c234,c234,c234,c234,c234,c1,c5
11274,11272,3,c234,c5,c5,c5,c5,c5,c5,c5,c5
11275,11273,3,c234,c5,c5,c1,c5,c1,c5,c1,c1
11276,6425,2,c5,c234,c234,c234,c234,c234,c234,c234,c234
11277,3,3,c234,c1,c1,c1,c1,c1,c1,c1,c1
11279,11277,1,c5,c1,c1,c5,c1,c5,c1,c5,c5
11280,11278,2,c5,c5,c5,c5,c5,c5,c5,c5,c5
11281,11279,1,c5,c5,c5,c5,c5,c5,c5,c5,c5
11282,11280,2,c1,c5,c5,c5,c5,c5,c5,c5,c234
11283,11281,3,c5,c234,c234,c234,c234,c234,c234,c234,c234
11285,11283,2,c234,c5,c5,c5,c5,c234,c5,c5,c234
11286,11284,1,c5,c234,c5,c5,c5,c5,c234,c5,c5
11287,11285,3,c1,c1,c1,c1,c1,c1,c1,c1,c1
11289,11287,2,c5,c5,c5,c5,c5,c5,c5,c5,c5
11290,11288,1,c5,c5,c5,c5,c5,c5,c5,c5,c5
11291,11289,2,c234,c5,c1,c5,c1,c5,c5,c1,c5
11292,11290,3,c5,c5,c5,c234,c5,c5,c5,c234,c5
11293,11291,1,c1,c1,c1,c1,c1,c1,c1,c1,c1
11294,11292,3,c5,c1,c1,c1,c1,c1,c1,c1,c1
11296,11294,2,c1,c234,c234,c234,c234,c234,c234,c234,c234
11297,271,1,c1,c1,c1,c1,c1,c1,c1,c1,c1
11298,16,1,c1,c1,c1,c1,c1,c1,c1,c1,c1
11300,11298,2,c1,c5,c5,c5,c5,c5,c5,c5,c5
11302,1662,2,c234,c234,c234,c234,c234,c234,c234,c234,c234
11303,11301,1,c1,c5,c5,c5,c5,c5,c5,c5,c5
11304,11302,3,c5,c234,c234,c234,c234,c234,c234,c234,c234
11305,11303,3,c5,c1,c1,c1,c1,c1,c1,c1,c5
11306,11304,1,c1,c1,c1,c1,c1,c1,c1,c1,c1
11308,11306,2,c1,c5,c234,c234,c234,c5,c5,c234,c234
11309,11307,1,c234,c234,c234,c234,c234,c234,c234,c234,c234
11310,11308,2,c234,c5,c5,c5,c5,c5,c5,c5,c5
11311,11309,1,c5,c234,c5,c234,c234,c234,c234,c5,c234
11313,11311,2,c234,c1,c1,c1,c1,c1,c1,c1,c1
11314,11312,2,c234,c1,c1,c1,c1,c1,c1,c1,c1
11315,7,3,c1,c5,c5,c5,c5,c5,c5,c5,c5
11316,11314,1,c1,c5,c5,c5,c5,c234,c5,c5,c234
11317,11315,1,c5,c234,c234,c234,c234,c234,c234,c234,c234
11319,11317,2,c5,c234,c234,c234,c234,c234,c234,c234,c5
11320,11318,2,c234,c1,c1,c1,c1,c234,c1,c1,c1
11321,438,1,c234,c1,c1,c1,c1,c5,c1,c1,c5
11322,11320,1,c234,c1,c1,c1,c1,c234,c1,c1,c234
11323,8023,1,c5,c5,c5,c5,c5,c5,c5,c5,c5
11324,2317,3,c234,c234,c234,c234,c234,c234,c234,c234,c234
11325,11323,1,c234,c5,c5,c5,c5,c5,c5,c5,c5
11327,11325,1,c5,c5,c5,c5,c5,c5,c5,c5,c5
11328,11326,2,c234,c5,c5,c5,c5,c5,c5,c5,c5
11329,11327,2,c5,c5,c5,c5,c5,c5,c5,c5,c5
11330,33,3,c234,c234,c234,c234,c234,c234,c234,c234,c1
11331,11329,1,c5,c1,c1,c1,c1,c1,c1,c1,c1
11332,11330,2,c1,c234,c234,c234,c234,c5,c234,c234,c234
11333,11331,2,c234,c5,c5,c5,c5,c5,c5,c5,c5
11335,11333,1,c5,c1,c1,c1,c1,c234,c1,c1,c234
11336,16,1,c1,c1,c1,c1,c1,c1,c1,c1,c1
11337,11335,1,c234,c234,c234,c234,c234,c234,c234,c234,c234
11338,11336,3,c234,c234,c234,c234,c234,c5,c234,c234,c234
11340,11338,2,c5,c5,c5,c5,c5,c5,c5,c5,c5
11342,11340,2,c1,c5,c5,c5,c1,c5,c5,c5,c5
11343,11341,3,c1,c234,c234,c234,c234,c234,c234,c234,c234
11345,11343,1,c234,c234,c234,c234,c234,c234,c234,c234,c234
11346,11344,1,c5,c1,c1,c1,c1,c1,c1,c1,c1
11347,11345,2,c234,c5,c5,c5,c5,c5,c5,c5,c5
11348,11346,3,c5,c234,c234,c234,c234,c234,c234,c234,c5
11349,11347,2,c1,c1,c1,c1,c1,c234,c1,c1,c234
11350,11348,1,c5,c234,c234,c234,c234,c5,c234,c234,c5
11351,11349,3,c234,c5,c5,c5,c5,c5,c5,c5,c5
11354,11352,1,c5,c5,c5,c5,c5,c5,c5,c5,c5
11355,11353,3,c1,c1,c1,c1,c1,c234,c1,c1,c1
11356,1213,1,c5,c5,c5,c5,c5,c5,c5,c5,c5
11357,11355,2,c5,c5,c5,c5,c5,c5,c5,c5,c5
11358,11356,2,c5,c234,c234,c234,c5,c234,c234,c234,c234
11359,1385,2,c234,c1,c1,c1,c1,c1,c1,c1,c1
11360,11358,3,c1,c234,c234,c234,c234,c5,c234,c234,c1
11361,11359,1,c234,c5,c5,c5,c5,c5,c5,c5,c5
11362,2606,2,c234,c5,c5,c5,c5,c5,c5,c5,c5
11363,11361,3,c234,c5,c5,c5,c5,c234,c5,c1,c1
11364,1198,2,c234,c1,c1,c1,c1,c1,c1,c1,c1
11366,11364,2,c1,c1,c1,c1,c1,c1,c1,c1,c1
11367,11365,1,c5,c1,c1,c1,c1,c5,c1,c1,c5
11368,11366,3,c1,c234,c234,c234,c234,c5,c234,c234,c234
11369,11367,2,c5,c234,c234,c234,c234,c5,c234,c234,c5
11370,11368,1,c1,c1,c1,c1,c1,c1,c1,c1,c1
11372,11370,3,c234,c5,c5,c5,c5,c5,c5,c5,c5
11373,319,2,c1,c5,c5,c5,c5,c5,c5,c5,c5
11374,3202,1,c5,c5,c5,c5,c5,c5,c5,c5,c5
11375,819,2,c1,c1,c1,c1,c1,c1,c1,c1,c1
11376,11374,2,c1,c1,c1,c1,c1,c5,c1,c1,c5
11377,11375,3,c5,c5,c5,c5,c5,c5,c5,c5,c5
11379,11377,1,c1,c1,c1,c1,c1,c1,c1,c1,c1
11380,11378,1,c1,c234,c234,c234,c234,c5,c234,c234,c5
11381,11379,2,c234,c1,c1,c1,c1,c5,c1,c1,c1
11382,11380,3,c1,c234,c234,c234,c234,c234,c234,c234,c234
11383,11381,1,c1,c234,c234,c234,c234,c234,c234,c234,c1
11384,11382,2,c1,c5,c234,c234,c5,c5,c5,c234,c5
11385,11383,3,c234,c5,c234,c5,c5,c5,c5,c5,c5
11386,11384,1,c1,c234,c234,c234,c234,c234,c234,c234,c234
11387,6965,1,c1,c5,c5,c5,c5,c5,c5,c5,c5
11389,11387,3,c234,c234,c5,c234,c234,c5,c234,c5,c5
11390,91,3,c1,c1,c1,c1,c1,c1,c1,c1,c1
11391,11389,2,c234,c234,c234,c234,c5,c234,c234,c5,c5
11394,11392,2,c1,c234,c234,c234,c234,c234,c234,c234,c234
11395,11393,1,c234,c234,c234,c234,c234,c5,c234,c5,c5
11396,11394,3,c234,c234,c234,c234,c234,c234,c234,c234,c234
11397,11395,1,c234,c234,c234,c234,c234,c234,c234,c234,c234
11398,11396,2,c5,c5,c5,c5,c5,c5,c5,c5,c5
11400,11398,3,c234,c5,c5,c5,c5,c5,c5,c5,c234
11401,271,1,c1,c1,c1,c1,c1,c1,c1,c1,c1
11402,1683,2,c1,c5,c5,c5,c5,c234,c5,c5,c234
11403,11401,1,c234,c1,c1,c1,c1,c1,c1,c1,c1
11404,11402,3,c5,c234,c234,c234,c234,c5,c234,c234,c234
11406,11404,2,c1,c5,c5,c5,c5,c5,c5,c5,c5
11408,4716,3,c1,c5,c5,c5,c5,c5,c5,c5,c5
11409,11407,1,c5,c5,c5,c5,c5,c5,c5,c5,c5
11411,11409,2,c234,c234,c1,c234,c234,c234,c234,c234,c234
11412,11410,3,c1,c5,c5,c234,c5,c5,c5,c5,c5
11413,11411,1,c234,c1,c1,c1,c1,c1,c1,c1,c1
11415,11413,1,c1,c1,c1,c1,c1,c1,c1,c1,c1
11416,7000,2,c234,c5,c5,c5,c5,c5,c5,c5,c5
11417,11415,2,c5,c234,c234,c234,c234,c234,c234,c234,c234
11418,11416,1,c1,c1,c1,c1,c1,c1,c1,c1,c1
11419,11417,3,c1,c234,c234,c234,c234,c5,c234,c234,c5
11421,11419,2,c5,c5,c5,c5,c5,c5,c5,c5,c5
11422,11420,3,c1,c1,c1,c1,c1,c1,c1,c1,c1
11423,16,1,c1,c1,c1,c1,c1,c1,c1,c1,c1
11424,963,2,c234,c1,c1,c1,c5,c5,c1,c1,c5
11425,11423,1,c5,c234,c234,c234,c234,c234,c234,c234,c234
11427,11425,1,c5,c5,c5,c5,c5,c5,c5,c5,c5
11428,7,3,c1,c5,c5,c5,c5,c5,c5,c5,c5
11429,11427,2,c5,c5,c5,c5,c5,c5,c5,c5,c5
11430,11428,3,c234,c1,c1,c1,c1,c1,c1,c1,c1
11432,11430,2,c5,c5,c234,c234,c234,c234,c234,c234,c234
11434,11432,1,c234,c1,c1,c1,c1,c1,c1,c1,c1
11435,11433,2,c234,c5,c5,c5,c5,c5,c5,c5,c5
11436,11434,3,c5,c5,c5,c5,c5,c5,c5,c5,c5
11437,5127,3,c5,c5,c5,c5,c5,c5,c5,c5,c5
11438,11436,3,c234,c5,c5,c5,c5,c5,c5,c5,c5
11440,11438,1,c1,c234,c234,c234,c234,c234,c234,c234,c234
11441,11439,2,c5,c234,c234,c234,c1,c234,c234,c1,c5
11442,11440,3,c234,c234,c234,c234,c234,c234,c234,c234,c1
11443,11441,1,c1,c1,c1,c1,c1,c234,c1,c1,c1
11444,11442,2,c1,c234,c234,c234,c234,c234,c234,c234,c234
11446,11444,3,c5,c5,c5,c5,c5,c5,c5,c5,c5
11447,11445,3,c234,c234,c234,c234,c234,c234,c234,c234,c234
11448,11446,1,c1,c1,c1,c1,c1,c1,c1,c1,c1
11450,36,2,c5,c5,c5,c5,c5,c5,c5,c5,c5
11451,11449,2,c5,c5,c5,c5,c5,c5,c5,c5,c5
11452,8023,1,c5,c5,c5,c5,c5,c5,c5,c5,c5
11453,11451,1,c5,c5,c5,c5,c5,c234,c5,c5,c234
11454,11452,2,c5,c234,c234,c234,c234,c234,c234,c234,c234
11455,7,3,c5,c5,c5,c5,c5,c5,c5,c5,c5
11456,11454,1,c1,c1,c1,c1,c1,c1,c1,c1,c1
11457,11455,3,c234,c5,c5,c5,c5,c5,c5,c5,c5
11459,11457,2,c1,c234,c234,c234,c234,c5,c234,c234,c234
11460,11458,1,c234,c5,c5,c5,c5,c5,c5,c5,c5
11461,11459,3,c1,c1,c1,c1,c1,c1,c1,c1,c1
11463,11461,2,c1,c234,c234,c234,c234,c5,c234,c234,c234
11465,11463,2,c234,c234,c234,c234,c234,c5,c234,c234,c234
11466,11464,1,c234,c234,c234,c234,c234,c234,c234,c234,c234
11467,11465,3,c234,c234,c234,c234,c234,c234,c234,c234,c234
11469,11467,2,c234,c234,c234,c234,c234,c234,c234,c234,c5
11470,11468,1,c1,c234,c234,c234,c234,c1,c234,c234,c1
11471,11469,3,c234,c5,c5,c5,c5,c5,c5,c5,c5
11472,11470,3,c5,c5,c5,c5,c5,c5,c5,c5,c5
11475,11473,1,c5,c234,c234,c234,c234,c5,c234,c1,c5
11476,11474,2,c234,c234,c234,c234,c234,c234,c234,c234,c234
11477,3654,3,c1,c1,c1,c1,c1,c1,c1,c1,c1
11478,16,1,c1,c1,c1,c1,c1,c1,c1,c1,c1
11479,11477,1,c234,c234,c234,c234,c234,c234,c234,c234,c234
11480,11478,3,c1,c234,c234,c234,c234,c234,c234,c234,c5
11481,11479,1,c234,c5,c5,c5,c5,c5,c5,c5,c5
11485,11483,2,c234,c5,c5,c5,c5,c5,c5,c5,c5
11486,11484,3,c5,c1,c1,c1,c1,c5,c1,c1,c5
11487,9463,3,c234,c234,c234,c234,c234,c234,c234,c234,c1
11488,11486,1,c1,c234,c234,c234,c5,c5,c234,c5,c5
11489,11487,2,c5,c5,c5,c5,c5,c5,c5,c5,c5
11490,11488,1,c5,c5,c5,c5,c5,c5,c5,c5,c5
11492,11490,3,c1,c5,c5,c5,c5,c234,c5,c5,c234
11493,11491,3,c234,c234,c234,c234,c234,c234,c234,c234,c234
11494,1755,1,c234,c1,c1,c1,c1,c234,c1,c1,c1
11495,11493,2,c234,c5,c5,c5,c5,c5,c5,c5,c5
11497,11495,2,c5,c5,c5,c5,c5,c5,c5,c5,c5
11498,11496,1,c234,c5,c5,c5,c5,c5,c5,c5,c5
11500,11498,3,c234,c1,c1,c1,c1,c1,c1,c1,c234
11501,11499,1,c5,c5,c5,c5,c5,c5,c5,c234,c234
11502,171,2,c234,c1,c234,c1,c234,c234,c234,c234,c1
11504,11502,1,c1,c5,c5,c5,c5,c234,c5,c5,c5
11506,11504,2,c234,c234,c234,c234,c234,c234,c234,c234,c234
11507,11505,2,c234,c234,c234,c234,c234,c234,c234,c234,c234
11508,11506,2,c5,c234,c234,c234,c234,c5,c234,c234,c5
11509,11507,1,c1,c5,c5,c5,c5,c5,c5,c5,c5
11510,11508,1,c234,c5,c5,c5,c5,c5,c5,c5,c5
11511,36,2,c1,c5,c5,c5,c5,c5,c5,c5,c5
11512,11510,2,c5,c234,c234,c1,c234,c234,c234,c1,c234
11513,11511,1,c234,c5,c5,c5,c5,c5,c5,c5,c234
11514,11512,2,c1,c1,c1,c1,c1,c1,c1,c5,c5
11515,11513,1,c234,c5,c234,c5,c5,c234,c234,c234,c234
11516,1783,3,c1,c1,c1,c1,c1,c1,c1,c1,c1
11518,11516,1,c5,c5,c5,c5,c5,c5,c5,c5,c5
11519,2730,3,c1,c234,c234,c234,c234,c234,c234,c234,c234
11520,11518,2,c5,c1,c1,c1,c1,c1,c1,c1,c1
11522,11520,1,c234,c1,c1,c1,c1,c1,c1,c1,c1
11523,11521,2,c234,c5,c5,c5,c5,c5,c5,c5,c5
11524,11522,3,c5,c1,c1,c1,c1,c5,c1,c1,c1
11525,11523,2,c1,c5,c5,c5,c5,c5,c5,c5,c5
11526,11524,1,c5,c5,c5,c5,c5,c5,c5,c5,c5
11527,11525,1,c5,c5,c5,c5,c5,c5,c5,c5,c5
11528,11526,3,c1,c234,c234,c234,c234,c234,c234,c234,c234
11529,349,1,c1,c1,c5,c1,c1,c5,c1,c5,c5
11530,11528,2,c234,c5,c5,c5,c1,c5,c5,c1,c5
11531,2919,3,c1,c1,c1,c1,c1,c1,c1,c1,c1
11534,11532,2,c234,c5,c5,c5,c5,c5,c5,c5,c5
11535,11533,3,c1,c234,c234,c234,c234,c234,c234,c234,c5
11536,11534,1,c5,c1,c1,c5,c1,c1,c1,c5,c5
11538,11536,2,c5,c234,c234,c234,c234,c234,c234,c234,c1
11539,11537,3,c5,c5,c5,c5,c5,c5,c5,c5,c5
11540,11538,1,c5,c5,c5,c5,c5,c5,c5,c5,c5
11541,11539,2,c1,c1,c1,c1,c1,c1,c1,c1,c1
11542,11540,1,c234,c5,c5,c234,c5,c5,c5,c234,c5
11544,11542,3,c234,c5,c5,c5,c5,c5,c5,c1,c5
11545,11543,2,c5,c5,c5,c5,c5,c5,c5,c5,c5
11546,11544,3,c234,c5,c5,c5,c5,c5,c5,c5,c5
11547,11545,1,c5,c1,c1,c1,c1,c1,c1,c1,c1
11548,11546,1,c234,c234,c234,c234,c5,c234,c234,c5,c5
11550,11548,2,c1,c234,c5,c234,c234,c234,c234,c5,c5
11551,11549,3,c5,c5,c5,c5,c5,c5,c5,c5,c5
11552,11550,1,c5,c5,c5,c5,c5,c5,c5,c5,c234
11553,11551,2,c234,c234,c234,c5,c234,c234,c234,c5,c234
11555,11553,2,c234,c1,c1,c1,c1,c5,c1,c1,c1
11556,11554,3,c234,c234,c234,c234,c234,c234,c234,c234,c234
11558,11556,1,c1,c234,c234,c234,c234,c234,c234,c234,c234
11559,11557,2,c234,c5,c5,c5,c5,c5,c5,c5,c5
11561,11559,1,c5,c1,c1,c1,c1,c5,c1,c1,c1
11562,11560,3,c1,c5,c5,c5,c5,c5,c5,c5,c5
11563,11561,3,c1,c1,c1,c1,c1,c1,c1,c1,c1
11564,11562,2,c1,c1,c1,c1,c1,c1,c1,c1,c1
11565,1198,2,c1,c1,c1,c1,c1,c1,c1,c1,c1
11566,11564,2,c234,c1,c1,c234,c1,c5,c1,c1,c234
11567,11565,1,c1,c234,c234,c234,c234,c234,c234,c234,c234
11569,11567,2,c1,c1,c1,c1,c1,c1,c1,c1,c1
11570,11568,3,c234,c234,c234,c234,c234,c234,c234,c234,c234
11572,11570,1,c234,c5,c5,c5,c5,c5,c5,c5,c5
11573,11571,2,c5,c5,c5,c5,c5,c5,c5,c5,c234
11574,11572,1,c5,c5,c5,c5,c5,c5,c5,c5,c5
11575,11573,3,c1,c5,c5,c5,c5,c5,c5,c5,c5
11577,11575,2,c1,c1,c1,c1,c1,c1,c1,c1,c1
11578,91,3,c1,c1,c1,c1,c1,c1,c1,c1,c1
11579,11577,3,c5,c1,c1,c1,c1,c5,c1,c1,c5
11580,11578,1,c234,c1,c1,c1,c1,c1,c1,c1,c1
11581,11579,2,c1,c5,c5,c5,c5,c5,c5,c5,c5
11582,11580,1,c5,c5,c5,c5,c5,c5,c5,c5,c5
11584,11582,3,c234,c5,c5,c5,c5,c5,c5,c5,c5
11585,178,2,c5,c1,c1,c1,c1,c1,c1,c1,c1
11586,11584,2,c5,c5,c5,c5,c5,c5,c5,c5,c5
11587,36,2,c1,c5,c5,c5,c5,c5,c5,c5,c5
11588,1212,3,c234,c1,c1,c1,c1,c1,c1,c1,c1
11589,3320,3,c234,c5,c5,c5,c5,c5,c5,c5,c5
11591,11589,1,c1,c234,c234,c234,c234,c234,c234,c234,c234
11592,11590,3,c5,c5,c5,c1,c1,c5,c5,c1,c5
11593,11591,1,c1,c234,c1,c1,c234,c234,c234,c5,c5
11594,11592,2,c1,c1,c234,c1,c1,c234,c234,c1,c1
11595,11593,1,c5,c234,c234,c234,c234,c5,c234,c234,c5
11596,11594,3,c5,c5,c5,c5,c5,c234,c5,c5,c234
11597,11595,2,c234,c234,c234,c234,c5,c234,c234,c234,c234
11598,11596,3,c1,c5,c5,c5,c5,c5,c5,c5,c234
11599,373,2,c5,c5,c5,c5,c5,c5,c5,c5,c5
11600,11598,3,c234,c234,c234,c234,c234,c234,c234,c234,c234
11602,11600,2,c1,c5,c5,c5,c5,c5,c5,c5,c5
11603,11601,3,c234,c5,c5,c234,c5,c5,c234,c5,c5
11605,11603,1,c5,c1,c1,c1,c5,c5,c1,c1,c5
11606,11604,1,c1,c5,c5,c5,c5,c5,c5,c5,c5
11607,11605,3,c5,c5,c5,c5,c5,c5,c5,c5,c5
11608,11606,2,c5,c1,c1,c1,c1,c1,c1,c1,c1
11609,11607,3,c234,c1,c1,c1,c1,c1,c1,c1,c1
11610,11608,1,c1,c234,c234,c234,c234,c5,c234,c234,c5
11612,11610,3,c1,c234,c234,c234,c234,c234,c234,c234,c234
11613,11611,2,c234,c234,c234,c234,c234,c234,c234,c5,c5
11614,36,2,c1,c5,c5,c5,c5,c5,c5,c5,c5
11615,11613,1,c1,c5,c5,c5,c1,c5,c5,c1,c5
11616,11614,2,c1,c234,c234,c234,c234,c234,c234,c234,c234
11617,3973,1,c234,c5,c1,c5,c5,c5,c5,c1,c5
11618,2578,3,c5,c234,c234,c234,c234,c5,c234,c234,c234
11621,11619,2,c5,c5,c5,c5,c5,c5,c5,c5,c5
11622,11620,3,c5,c5,c5,c5,c5,c234,c5,c5,c5
11623,11621,3,c234,c234,c5,c234,c5,c234,c5,c234,c5
11624,11622,1,c1,c1,c1,c1,c1,c1,c1,c1,c1
11626,11624,2,c234,c234,c234,c234,c234,c234,c234,c1,c234
11627,11625,3,c1,c1,c1,c1,c1,c1,c1,c1,c1
11628,11626,1,c5,c1,c1,c1,c1,c1,c1,c1,c1
11629,11627,1,c5,c5,c5,c5,c5,c5,c5,c5,c5
11630,11628,1,c5,c234,c234,c234,c234,c5,c234,c234,c5
11631,11629,2,c1,c234,c234,c234,c234,c234,c234,c234,c234
11633,11631,3,c5,c5,c5,c5,c5,c5,c5,c5,c234
11634,11632,2,c5,c5,c5,c5,c5,c5,c5,c5,c5
11635,11633,3,c1,c234,c234,c234,c234,c234,c234,c234,c1
11637,11635,2,c1,c234,c234,c234,c234,c5,c234,c234,c5
11639,3887,1,c234,c5,c5,c5,c5,c5,c5,c5,c5
11640,7981,2,c1,c1,c1,c1,c1,c234,c1,c1,c1
11641,11639,1,c5,c234,c234,c234,c234,c234,c234,c234,c234
11642,11640,3,c234,c234,c234,c234,c234,c234,c234,c234,c234
11643,11641,3,c5,c5,c5,c5,c5,c5,c5,c5,c5
11645,11643,1,c1,c1,c1,c1,c1,c234,c1,c1,c234
11646,11644,2,c1,c5,c5,c5,c5,c5,c5,c5,c5
11647,11645,3,c1,c234,c234,c234,c234,c234,c234,c234,c234
11648,11646,2,c5,c1,c1,c234,c234,c234,c234,c234,c234
11649,11647,1,c1,c5,c5,c5,c5,c5,c5,c5,c5
11651,11649,2,c5,c5,c5,c5,c5,c5,c5,c5,c5
11652,11650,3,c234,c234,c234,c234,c234,c5,c234,c234,c5
11653,11651,1,c1,c234,c234,c234,c234,c234,c234,c234,c234
11654,11652,3,c5,c1,c1,c1,c1,c234,c1,c1,c234
11655,11653,2,c5,c234,c234,c234,c234,c234,c234,c234,c234
11657,11655,1,c5,c1,c1,c1,c1,c1,c1,c1,c1
11658,11656,2,c5,c5,c5,c5,c5,c5,c5,c5,c5
11659,271,1,c1,c1,c1,c1,c1,c1,c1,c1,c1
11660,1212,3,c1,c1,c1,c1,c1,c1,c1,c1,c1
11662,9463,3,c234,c234,c234,c234,c234,c234,c234,c234,c1
11663,11661,3,c234,c234,c234,c234,c234,c234,c234,c234,c234
11664,11662,1,c1,c234,c234,c234,c234,c1,c234,c234,c234
11665,4510,3,c234,c234,c234,c234,c234,c234,c234,c234,c5
11668,1293,1,c5,c234,c234,c234,c234,c234,c234,c234,c234
11670,11668,2,c1,c234,c234,c234,c234,c234,c234,c234,c234
11671,770,2,c1,c234,c234,c234,c234,c234,c234,c234,c234
11672,11670,3,c5,c234,c5,c5,c234,c5,c234,c5,c5
11673,11671,3,c234,c234,c234,c5,c234,c5,c234,c234,c5
11674,11672,1,c1,c234,c234,c234,c234,c5,c234,c234,c5
11675,36,2,c234,c5,c5,c5,c5,c5,c5,c5,c5
11676,11674,1,c234,c234,c234,c1,c234,c234,c234,c1,c1
11677,2530,1,c234,c1,c1,c1,c1,c1,c1,c1,c1
11678,11676,2,c5,c5,c5,c5,c5,c5,c5,c5,c5
11679,4445,2,c234,c234,c234,c234,c234,c234,c234,c234,c234
11682,11680,1,c1,c234,c234,c234,c234,c234,c234,c234,c234
11684,11682,2,c234,c234,c234,c234,c234,c234,c234,c5,c5
11685,11683,2,c5,c1,c1,c1,c1,c1,c1,c1,c1
11688,11686,3,c5,c5,c5,c5,c5,c234,c5,c5,c234
11689,11687,1,c234,c234,c234,c234,c234,c234,c234,c234,c234
11690,2269,2,c234,c234,c234,c234,c234,c5,c234,c234,c5
11691,11689,3,c1,c1,c1,c1,c1,c1,c1,c1,c5
11692,11690,1,c234,c1,c1,c1,c1,c1,c1,c1,c1
11694,11692,2,c1,c234,c234,c234,c234,c234,c234,c234,c5
11695,11693,1,c234,c234,c234,c234,c234,c234,c234,c234,c234
11696,11694,3,c234,c234,c234,c234,c234,c234,c234,c234,c234
11697,11695,2,c234,c234,c234,c234,c234,c234,c234,c234,c234
11699,2095,2,c1,c1,c1,c1,c1,c1,c1,c1,c1
11700,11698,3,c234,c5,c5,c5,c5,c5,c5,c5,c1
11701,11699,1,c234,c234,c234,c234,c5,c234,c5,c234,c234
11702,11700,2,c234,c234,c234,c234,c5,c234,c234,c5,c5
11703,194,1,c234,c1,c1,c1,c1,c234,c1,c1,c234
11704,11702,3,c234,c1,c1,c1,c1,c234,c1,c1,c234
11706,11704,1,c5,c5,c5,c5,c5,c5,c5,c5,c5
11707,11705,2,c234,c5,c5,c5,c5,c5,c5,c5,c234
11708,33,3,c1,c1,c1,c1,c1,c1,c1,c1,c1
11709,11707,3,c5,c5,c234,c5,c234,c234,c5,c234,c234
11710,11708,1,c1,c1,c1,c1,c1,c1,c1,c1,c1
11712,284,3,c5,c5,c5,c1,c5,c5,c5,c1,c5
11713,11711,3,c5,c5,c5,c5,c5,c5,c5,c5,c5
11714,11712,1,c5,c5,c5,c5,c5,c5,c5,c5,c5
11715,11713,3,c5,c234,c234,c234,c5,c5,c234,c234,c5
11716,11714,2,c234,c5,c5,c5,c5,c1,c5,c5,c234
11717,11715,2,c234,c1,c1,c1,c1,c5,c1,c1,c1
11718,1662,2,c5,c234,c234,c234,c234,c234,c234,c234,c234
11719,7,3,c5,c5,c5,c5,c5,c5,c5,c5,c5
11720,11718,1,c5,c5,c5,c5,c5,c5,c5,c5,c5
11722,36,2,c1,c5,c5,c5,c5,c5,c5,c5,c5
11723,11721,3,c5,c5,c5,c5,c5,c5,c5,c5,c5
11724,11722,1,c5,c5,c5,c5,c5,c5,c5,c5,c5
11725,252,1,c234,c234,c234,c234,c234,c234,c234,c234,c234
11726,11724,2,c5,c234,c234,c234,c234,c234,c234,c234,c234
11727,1875,1,c234,c234,c234,c234,c234,c5,c234,c234,c5
11730,11728,2,c234,c5,c5,c234,c5,c234,c234,c234,c5
11731,11729,3,c234,c234,c234,c234,c234,c5,c234,c234,c5
11732,11730,1,c234,c5,c5,c5,c5,c5,c5,c5,c234
11733,11731,2,c234,c5,c5,c5,c5,c5,c5,c5,c5
11735,271,1,c5,c1,c1,c1,c1,c1,c1,c1,c1
11736,11734,3,c234,c5,c5,c5,c5,c5,c5,c5,c5
11737,11735,1,c5,c5,c5,c5,c5,c5,c5,c5,c5
11738,11736,1,c234,c5,c5,c234,c5,c234,c5,c234,c234
11739,11737,2,c5,c234,c234,c234,c234,c234,c234,c234,c234
11740,11738,3,c234,c234,c234,c234,c1,c234,c234,c234,c234
11742,11740,1,c5,c5,c5,c5,c5,c5,c5,c5,c5
11743,11741,3,c234,c5,c5,c5,c5,c5,c5,c5,c5
11744,4754,3,c234,c1,c1,c234,c1,c234,c1,c1,c1
11745,11743,1,c5,c1,c1,c5,c1,c1,c1,c1,c1
11746,33,3,c234,c1,c1,c1,c1,c1,c1,c1,c1
11748,11746,2,c1,c5,c234,c5,c5,c5,c5,c5,c5
11749,11747,3,c234,c234,c234,c234,c234,c234,c234,c234,c234
11750,11748,1,c5,c234,c234,c234,c234,c234,c234,c234,c234
11751,11749,2,c1,c5,c5,c5,c5,c5,c5,c5,c5
11752,11750,2,c1,c234,c234,c234,c234,c234,c234,c1,c1
11753,11751,3,c5,c5,c5,c5,c5,c5,c5,c5,c5
11755,11753,1,c1,c234,c234,c234,c234,c234,c234,c234,c234
11756,11754,3,c5,c5,c5,c5,c5,c5,c5,c5,c5
11758,11756,2,c5,c234,c234,c234,c234,c234,c234,c234,c5
11760,11758,1,c234,c5,c5,c5,c5,c5,c5,c5,c5
11761,11759,3,c234,c5,c5,c5,c5,c5,c5,c5,c5
11762,11760,2,c234,c234,c234,c234,c234,c234,c234,c234,c234
11764,11762,1,c5,c5,c5,c5,c5,c5,c5,c5,c5
11765,11763,3,c1,c234,c234,c234,c5,c5,c234,c234,c5
11766,11764,1,c5,c234,c5,c234,c5,c5,c5,c5,c5
11768,16,1,c1,c1,c1,c1,c1,c1,c1,c1,c1
11769,11767,2,c1,c1,c1,c1,c1,c5,c1,c1,c5
11770,11768,3,c1,c5,c5,c5,c5,c5,c5,c5,c5
11771,11769,2,c5,c234,c5,c234,c5,c234,c234,c5,c5
11772,11770,1,c5,c5,c5,c5,c5,c5,c5,c5,c5
11774,11772,3,c234,c5,c5,c5,c5,c5,c5,c5,c5
11775,11773,1,c1,c5,c5,c5,c5,c5,c5,c5,c5
11776,11774,2,c5,c5,c5,c5,c5,c5,c5,c5,c5
11777,11775,3,c234,c5,c5,c5,c5,c5,c5,c5,c5
11778,11776,1,c1,c234,c234,c1,c1,c234,c234,c1,c234
11779,11777,2,c5,c234,c234,c234,c234,c5,c234,c234,c5
11780,11778,3,c1,c5,c5,c5,c5,c234,c5,c5,c234
11781,6458,1,c5,c1,c5,c234,c234,c5,c1,c5,c5
11782,11780,1,c1,c5,c5,c5,c5,c5,c5,c5,c5
11784,11782,1,c5,c5,c5,c5,c5,c5,c5,c5,c5
11786,11784,2,c5,c5,c5,c5,c5,c5,c5,c5,c5
11787,11785,3,c234,c5,c5,c5,c5,c5,c5,c5,c5
11789,11787,1,c1,c5,c1,c5,c5,c5,c5,c1,c5
11791,11789,2,c1,c1,c1,c1,c1,c5,c1,c1,c5
11792,1385,2,c234,c1,c1,c1,c1,c1,c1,c1,c1
11793,2833,2,c5,c5,c5,c5,c5,c5,c5,c5,c5
11794,11792,3,c1,c234,c234,c234,c234,c234,c234,c234,c234
11795,11793,2,c5,c234,c234,c234,c5,c234,c234,c234,c234
11796,11794,1,c1,c1,c1,c1,c5,c1,c5,c5,c1
11797,11795,3,c234,c5,c5,c5,c5,c5,c5,c5,c5
11799,11797,1,c5,c5,c5,c5,c5,c5,c5,c5,c5
11800,11798,2,c234,c234,c234,c234,c234,c234,c234,c234,c234
11801,11799,3,c5,c5,c5,c5,c5,c5,c5,c5,c5
11802,11800,2,c234,c1,c1,c1,c1,c1,c1,c1,c1
11804,11802,1,c5,c234,c234,c234,c234,c5,c234,c234,c5
11805,11803,3,c234,c5,c5,c5,c5,c5,c5,c5,c5
11806,3051,2,c234,c234,c234,c234,c234,c234,c234,c234,c234
11808,11806,1,c234,c5,c5,c5,c5,c5,c5,c5,c5
11809,11807,2,c5,c5,c5,c5,c5,c5,c5,c5,c5
11810,11808,1,c5,c1,c1,c5,c1,c5,c1,c5,c5
11812,5470,3,c1,c5,c5,c5,c5,c5,c5,c5,c5
11813,11811,3,c234,c5,c234,c234,c234,c234,c5,c234,c234
11814,11812,1,c234,c234,c234,c234,c234,c234,c234,c234,c234
11815,11813,2,c1,c5,c5,c5,c5,c234,c5,c5,c234
11817,675,1,c5,c1,c1,c5,c1,c1,c1,c1,c1
11818,11816,3,c5,c234,c234,c234,c234,c5,c234,c234,c234
11819,11817,1,c1,c1,c1,c1,c1,c1,c1,c1,c1
11820,11818,2,c5,c234,c234,c234,c234,c234,c234,c234,c234
11822,11820,2,c5,c5,c5,c5,c5,c5,c5,c5,c5
11823,194,1,c234,c1,c5,c5,c5,c5,c1,c5,c5
11824,11822,3,c1,c1,c1,c1,c1,c1,c1,c1,c1
11825,11823,1,c5,c5,c5,c5,c5,c5,c5,c5,c5
11826,11824,3,c5,c234,c234,c234,c234,c234,c234,c234,c1
11827,11825,2,c1,c234,c234,c234,c234,c234,c234,c1,c1
11828,11826,1,c5,c234,c234,c234,c234,c234,c234,c234,c5
11830,11828,3,c234,c5,c5,c5,c5,c5,c5,c5,c5
11831,11829,1,c5,c5,c5,c5,c5,c234,c234,c5,c5
11832,11830,2,c5,c5,c5,c5,c5,c5,c5,c5,c5
11833,11831,3,c1,c1,c1,c1,c1,c5,c1,c1,c5
11834,11832,1,c1,c5,c5,c1,c5,c5,c5,c1,c5
11837,11835,2,c5,c5,c5,c5,c5,c5,c5,c5,c1
11838,11836,3,c5,c5,c1,c5,c5,c5,c5,c5,c5
11839,11837,3,c234,c5,c5,c5,c5,c5,c5,c1,c5
11840,11838,2,c1,c1,c1,c1,c1,c5,c1,c1,c5
11841,11839,1,c1,c234,c234,c234,c234,c234,c234,c234,c234
11842,349,1,c1,c1,c1,c1,c1,c5,c1,c1,c5
11844,11842,1,c234,c1,c1,c1,c1,c1,c1,c1,c1
11845,11843,1,c1,c234,c234,c234,c234,c234,c234,c234,c234
11846,11844,2,c234,c234,c234,c234,c234,c5,c234,c234,c5
11848,11846,3,c1,c1,c1,c1,c1,c1,c1,c1,c1
11849,11847,2,c5,c1,c1,c1,c1,c5,c1,c1,c5
11850,11848,3,c234,c1,c1,c1,c1,c234,c1,c234,c234
11851,2536,2,c234,c1,c1,c1,c1,c1,c1,c1,c1
11852,11850,1,c1,c1,c1,c1,c1,c5,c1,c1,c5
11853,11851,2,c1,c5,c5,c5,c5,c5,c5,c5,c5
11855,11853,1,c5,c234,c234,c234,c234,c234,c234,c234,c5
11856,724,3,c5,c1,c1,c1,c1,c1,c1,c1,c1
11857,11855,3,c5,c5,c5,c5,c5,c5,c5,c5,c5
11858,864,2,c1,c1,c1,c1,c1,c1,c1,c1,c1
11859,11857,3,c5,c234,c234,c234,c234,c1,c234,c1,c1
11861,11859,2,c1,c1,c1,c1,c1,c1,c1,c1,c1
11862,9614,3,c234,c1,c1,c1,c1,c1,c1,c1,c1
11863,11861,1,c1,c234,c234,c234,c234,c234,c234,c234,c234
11865,352,2,c1,c1,c1,c1,c1,c5,c1,c1,c5
11866,11864,2,c234,c1,c1,c1,c1,c234,c1,c1,c234
11867,11865,3,c5,c1,c1,c1,c5,c5,c5,c5,c5
11868,11866,1,c234,c234,c5,c234,c234,c234,c234,c5,c234
11869,284,3,c1,c5,c1,c1,c1,c5,c5,c1,c5
11871,11869,2,c234,c1,c5,c1,c1,c5,c1,c1,c5
11872,11870,3,c1,c5,c5,c5,c5,c5,c5,c5,c5
11873,11871,1,c234,c1,c1,c1,c1,c5,c1,c1,c5
11875,11873,2,c234,c5,c5,c5,c5,c5,c5,c5,c5
11876,11874,2,c1,c1,c1,c1,c1,c1,c1,c1,c1
11877,8737,2,c234,c1,c1,c1,c1,c1,c1,c1,c1
11879,1020,2,c5,c1,c234,c1,c1,c5,c1,c1,c1
11881,11879,3,c234,c234,c234,c234,c5,c5,c234,c5,c5
11882,11880,3,c5,c5,c5,c5,c5,c5,c5,c5,c5
11884,11882,2,c234,c5,c5,c5,c5,c5,c5,c5,c5
11885,11883,1,c234,c5,c5,c5,c5,c5,c5,c5,c5
11886,11884,1,c5,c5,c5,c5,c234,c5,c5,c1,c5
11887,11885,2,c234,c234,c234,c234,c234,c5,c234,c234,c5
11888,11886,2,c234,c5,c5,c5,c5,c5,c5,c5,c5
11890,11888,1,c234,c5,c5,c5,c5,c5,c5,c5,c5
11891,11889,3,c234,c234,c234,c234,c234,c234,c234,c234,c1
11892,11890,1,c234,c234,c234,c234,c234,c234,c234,c234,c5
11894,11892,2,c234,c234,c234,c234,c234,c234,c234,c234,c234
11895,11893,3,c1,c1,c1,c1,c1,c234,c1,c1,c234
11897,11895,1,c5,c5,c5,c5,c1,c234,c1,c5,c234
11898,7381,2,c1,c1,c1,c234,c1,c234,c1,c234,c234
11899,8817,2,c1,c1,c1,c1,c1,c1,c1,c1,c1
11900,11898,2,c5,c5,c5,c5,c5,c5,c5,c5,c5
11901,11899,3,c1,c234,c234,c234,c234,c5,c234,c234,c5
11902,11900,3,c234,c5,c5,c5,c5,c234,c5,c234,c234
11903,11901,2,c234,c1,c1,c1,c1,c1,c1,c1,c234
11904,11902,1,c1,c234,c234,c234,c234,c234,c234,c234,c234
11905,11903,2,c1,c5,c5,c5,c5,c5,c5,c5,c5
11908,11906,3,c1,c1,c1,c1,c1,c1,c1,c1,c1
11909,770,2,c1,c234,c234,c234,c234,c234,c234,c234,c234
11910,11908,1,c234,c5,c5,c5,c5,c5,c5,c5,c5
11911,11909,1,c234,c5,c5,c234,c234,c5,c5,c234,c5
11912,11910,2,c5,c234,c234,c234,c234,c234,c234,c234,c234
11913,11911,3,c234,c5,c5,c5,c5,c5,c5,c5,c5
11915,11913,3,c5,c5,c5,c5,c5,c5,c5,c5,c5
11916,1808,1,c1,c5,c5,c5,c5,c5,c5,c5,c5
11917,11915,1,c5,c5,c5,c5,c5,c5,c5,c5,c5
11918,11916,2,c5,c234,c234,c234,c234,c234,c234,c234,c234
11920,11918,1,c5,c5,c5,c5,c5,c5,c5,c5,c5
11921,11919,2,c5,c234,c234,c234,c234,c234,c234,c234,c234
11922,11920,3,c1,c234,c234,c234,c234,c234,c234,c234,c1
11925,11923,1,c5,c5,c5,c5,c5,c5,c5,c5,c5
11926,11924,2,c234,c5,c5,c5,c5,c5,c5,c5,c5
11928,11926,2,c234,c5,c5,c5,c5,c5,c5,c5,c234
11929,11927,3,c1,c5,c5,c1,c5,c5,c5,c5,c5
11930,11928,1,c234,c234,c234,c234,c234,c234,c234,c234,c234
11931,11929,3,c5,c234,c234,c5,c5,c234,c5,c234,c234
11932,11930,2,c1,c1,c1,c1,c1,c1,c1,c1,c1
11934,11932,1,c5,c234,c234,c5,c5,c5,c234,c5,c5
11935,11933,1,c5,c5,c5,c5,c5,c234,c5,c5,c5
11937,11935,2,c5,c1,c234,c234,c1,c234,c1,c234,c1
11938,1336,3,c1,c1,c1,c5,c1,c5,c1,c1,c5
11939,11937,3,c5,c234,c234,c1,c1,c234,c234,c1,c1
11940,11938,2,c1,c1,c1,c1,c1,c1,c1,c1,c1
11941,11939,1,c5,c1,c5,c5,c5,c5,c5,c5,c5
11943,11941,2,c5,c234,c234,c234,c234,c234,c234,c234,c234
11944,16,1,c1,c1,c1,c1,c1,c1,c1,c1,c1
11945,11943,3,c234,c234,c234,c234,c234,c234,c234,c234,c234
11946,11944,1,c5,c5,c5,c5,c5,c5,c5,c5,c5
11947,11945,2,c1,c5,c5,c5,c5,c5,c5,c5,c5
11948,11946,3,c5,c234,c234,c234,c234,c5,c234,c234,c1
11950,1024,3,c1,c234,c234,c234,c234,c234,c234,c234,c234
11951,36,2,c234,c5,c5,c5,c5,c5,c5,c5,c5
11952,11950,1,c234,c1,c1,c1,c1,c1,c1,c1,c1
11953,11951,2,c5,c5,c5,c5,c5,c5,c5,c5,c234
11954,11952,3,c234,c5,c5,c5,c234,c5,c5,c5,c5
11956,5325,3,c5,c5,c5,c5,c5,c5,c5,c5,c5
11957,646,3,c1,c234,c234,c234,c234,c234,c234,c234,c234
11958,11956,1,c1,c5,c5,c5,c5,c5,c5,c5,c5
11959,11957,2,c234,c5,c5,c5,c5,c5,c5,c5,c5
11960,3074,1,c1,c5,c5,c5,c234,c5,c5,c5,c5
11961,11959,3,c5,c5,c5,c5,c5,c5,c5,c5,c5
11962,11960,1,c1,c1,c1,c1,c1,c1,c1,c1,c1
11964,11962,2,c5,c5,c5,c5,c5,c5,c5,c5,c5
11965,7065,2,c1,c1,c1,c234,c1,c5,c1,c1,c5
11966,11964,3,c1,c1,c1,c1,c1,c1,c1,c1,c1
11967,11965,1,c234,c1,c1,c1,c1,c1,c1,c1,c1
11969,11967,2,c1,c1,c1,c1,c1,c1,c1,c1,c1
11970,11968,3,c5,c5,c5,c5,c5,c5,c5,c5,c5
11971,11969,1,c5,c5,c5,c5,c5,c5,c5,c5,c5
11972,11970,3,c234,c5,c5,c5,c5,c5,c5,c5,c5
11973,11971,2,c5,c5,c5,c5,c5,c5,c5,c5,c5
11974,11972,2,c1,c5,c5,c5,c5,c5,c5,c5,c5
11975,11973,3,c1,c5,c5,c5,c5,c5,c5,c5,c234
11976,11974,1,c5,c234,c5,c5,c234,c5,c234,c5,c234
11977,11975,1,c234,c234,c234,c234,c234,c5,c234,c234,c5
11978,11976,2,c1,c5,c5,c5,c5,c5,c5,c5,c5
11979,11977,3,c234,c234,c234,c234,c234,c234,c234,c234,c234
11980,11978,2,c5,c5,c5,c5,c5,c5,c5,c5,c5
11983,11981,1,c5,c234,c234,c234,c234,c234,c234,c234,c234
11984,11982,3,c1,c1,c1,c1,c1,c1,c1,c1,c1
11986,2601,2,c234,c5,c5,c5,c5,c5,c5,c5,c5
11987,11985,1,c234,c5,c5,c5,c5,c5,c5,c5,c5
11989,11987,2,c5,c1,c1,c1,c1,c5,c1,c1,c5
11990,11988,3,c5,c5,c5,c5,c234,c234,c5,c5,c234
11991,11989,1,c1,c234,c234,c234,c234,c5,c234,c234,c5
11992,11990,2,c5,c234,c234,c234,c234,c234,c234,c234,c234
11994,11992,3,c234,c234,c234,c234,c234,c234,c234,c234,c234
11995,11993,1,c5,c234,c234,c5,c234,c5,c5,c5,c5
11996,16,1,c234,c1,c1,c1,c1,c1,c1,c1,c1
11997,11995,2,c234,c5,c5,c5,c5,c5,c5,c5,c5
11998,11996,3,c234,c5,c5,c5,c5,c5,c5,c5,c5
11999,6262,3,c5,c5,c5,c5,c5,c5,c5,c5,c5
12000,11998,2,c5,c5,c5,c5,c5,c5,c5,c5,c5
12003,12001,1,c5,c5,c5,c5,c5,c5,c5,c5,c5
12004,12002,3,c5,c5,c5,c5,c5,c5,c5,c5,c5
12005,36,2,c234,c5,c5,c5,c5,c5,c5,c5,c5
12006,12004,1,c234,c5,c5,c5,c5,c5,c5,c5,c5
12008,12006,3,c5,c5,c5,c5,c5,c5,c5,c5,c5
12009,2741,3,c5,c5,c5,c5,c5,c234,c5,c5,c234
12010,12008,2,c5,c5,c5,c5,c5,c5,c5,c5,c5
12011,12009,1,c5,c1,c1,c1,c1,c5,c1,c1,c5
12012,12010,2,c234,c1,c1,c1,c1,c1,c1,c1,c1
12014,12012,3,c1,c5,c5,c5,c5,c5,c5,c5,c5
12016,3929,3,c5,c1,c1,c1,c1,c1,c1,c1,c1
12017,12015,1,c1,c234,c234,c234,c234,c234,c234,c234,c234
12018,12016,3,c234,c1,c1,c1,c1,c1,c1,c1,c1
12019,12017,2,c1,c234,c234,c234,c234,c234,c234,c234,c234
12020,12018,2,c234,c5,c5,c5,c5,c5,c5,c5,c5
12022,1845,1,c1,c234,c234,c234,c234,c234,c234,c234,c234
12024,12022,1,c1,c1,c1,c1,c1,c5,c1,c1,c5
12025,9080,3,c234,c234,c234,c234,c234,c234,c234,c234,c234
12027,12025,3,c234,c5,c5,c234,c5,c5,c5,c234,c5
12028,1458,1,c1,c5,c1,c5,c5,c5,c5,c1,c1
12031,12029,1,c234,c1,c1,c1,c1,c1,c1,c1,c1
12032,12030,2,c5,c5,c5,c5,c5,c234,c5,c5,c234
12033,12031,3,c234,c5,c5,c5,c5,c5,c5,c5,c5
12034,12032,2,c5,c5,c5,c5,c5,c5,c5,c5,c5
12035,12033,1,c5,c5,c5,c5,c5,c5,c5,c5,c5
12036,1172,2,c234,c1,c1,c5,c1,c1,c1,c5,c1
12037,7065,2,c1,c1,c1,c234,c1,c5,c1,c234,c5
12039,1212,3,c1,c1,c1,c1,c1,c1,c1,c1,c1
12040,12038,3,c5,c234,c234,c234,c234,c234,c234,c234,c234
12041,12039,1,c234,c5,c5,c5,c5,c5,c5,c5,c5
12042,12040,1,c234,c5,c5,c5,c5,c5,c5,c5,c5
12044,12042,3,c234,c1,c1,c234,c234,c234,c1,c234,c234
12046,2833,2,c5,c5,c5,c5,c5,c5,c5,c5,c5
12047,7,3,c1,c5,c5,c5,c5,c5,c5,c5,c5
12048,438,1,c5,c5,c5,c5,c5,c5,c5,c5,c5
12049,12047,2,c5,c234,c234,c234,c234,c234,c234,c234,c234
12050,6169,3,c234,c234,c234,c234,c234,c234,c234,c234,c234
12051,12049,3,c234,c5,c5,c5,c5,c5,c5,c5,c5
12052,12050,1,c234,c1,c1,c1,c1,c5,c1,c1,c5
12053,36,2,c1,c5,c5,c5,c5,c5,c5,c5,c5
12055,12053,1,c5,c5,c5,c5,c5,c5,c5,c5,c5
12056,12054,3,c5,c234,c234,c234,c234,c234,c234,c234,c234
12057,12055,2,c234,c1,c1,c1,c1,c5,c1,c1,c5
12058,0,3,c1,c1,c1,c1,c1,c1,c1,c1,c1
12059,12057,3,c5,c5,c5,c5,c5,c5,c5,c5,c5
12060,474,3,c234,c5,c5,c5,c5,c5,c5,c5,c5
12062,12060,2,c1,c5,c5,c1,c5,c5,c5,c1,c5
12063,91,3,c234,c1,c1,c1,c1,c1,c1,c1,c1
12064,12062,1,c234,c5,c5,c5,c5,c5,c5,c5,c5
12065,12063,3,c234,c234,c234,c234,c234,c234,c234,c234,c234
12066,12064,1,c5,c5,c5,c5,c5,c5,c5,c5,c5
12068,12066,2,c234,c1,c1,c1,c1,c1,c1,c1,c1
12069,12067,3,c5,c5,c5,c5,c5,c5,c5,c5,c5
12070,12068,2,c234,c1,c1,c1,c1,c1,c1,c1,c1
12071,12069,1,c234,c234,c234,c234,c234,c234,c234,c1,c234
12073,12071,3,c5,c5,c5,c5,c5,c5,c5,c5,c5
12074,10911,3,c234,c1,c1,c1,c1,c5,c1,c1,c5
12075,12073,1,c5,c5,c5,c5,c5,c5,c5,c5,c5
12076,12074,2,c1,c234,c234,c234,c234,c234,c234,c234,c5
12077,12075,3,c1,c1,c1,c1,c1,c5,c1,c1,c1
12079,12077,3,c5,c1,c1,c1,c1,c1,c1,c1,c1
12080,3451,1,c1,c1,c1,c1,c1,c1,c1,c1,c1
12081,12079,1,c234,c1,c1,c1,c1,c1,c1,c1,c1
12082,12080,2,c5,c5,c5,c5,c5,c5,c5,c5,c5
12083,12081,3,c1,c1,c1,c1,c234,c234,c1,c234,c234
12084,33,3,c234,c1,c1,c234,c1,c1,c1,c1,c1
12086,3467,1,c234,c234,c234,c234,c234,c5,c234,c234,c5
12087,12085,1,c234,c5,c5,c5,c5,c5,c5,c5,c5
12088,12086,2,c5,c5,c5,c5,c5,c5,c5,c5,c5
12089,2507,2,c5,c1,c1,c1,c1,c1,c1,c1,c1
12090,12088,3,c234,c1,c1,c1,c1,c234,c1,c1,c5
12093,3425,1,c1,c1,c1,c1,c1,c1,c1,c1,c1
12094,3035,2,c234,c5,c1,c5,c5,c5,c5,c1,c1
12095,12093,1,c1,c234,c234,c234,c234,c5,c234,c234,c234
12096,12094,2,c234,c234,c234,c234,c234,c234,c234,c234,c234
12097,12095,1,c234,c5,c5,c5,c5,c5,c5,c5,c5
12098,12096,2,c5,c5,c5,c5,c5,c5,c5,c5,c5
12099,7,3,c234,c5,c5,c5,c5,c5,c5,c5,c5
12100,12098,3,c234,c234,c234,c234,c1,c1,c234,c1,c1
12101,12099,1,c5,c5,c5,c5,c5,c5,c5,c5,c5
12102,12100,2,c5,c5,c5,c5,c5,c234,c5,c5,c234
12103,12101,3,c5,c234,c234,c5,c234,c5,c234,c5,c5
12104,675,1,c1,c1,c1,c5,c1,c1,c1,c1,c1
12105,33,3,c1,c1,c1,c1,c1,c1,c1,c1,c1
12106,12104,1,c1,c5,c5,c5,c5,c5,c5,c5,c234
12107,6476,1,c1,c5,c5,c5,c5,c5,c5,c5,c234
12108,12106,2,c234,c1,c1,c1,c1,c1,c1,c1,c1
12109,2100,2,c1,c1,c1,c1,c1,c1,c1,c1,c1
12111,12109,3,c234,c234,c234,c234,c234,c234,c234,c234,c234
12112,331,2,c234,c234,c234,c234,c234,c5,c234,c234,c5
12113,3011,1,c1,c1,c1,c234,c234,c1,c1,c234,c1
12114,12112,1,c234,c1,c1,c1,c1,c1,c1,c1,c1
12116,12114,2,c234,c1,c1,c1,c1,c5,c1,c1,c234
12117,12115,3,c1,c234,c234,c234,c234,c234,c234,c234,c234
12118,1902,2,c5,c1,c1,c5,c1,c1,c1,c1,c1
12119,1579,1,c1,c5,c234,c5,c5,c5,c5,c5,c5
12120,12118,1,c234,c5,c5,c5,c5,c5,c5,c5,c5
12121,12119,2,c234,c5,c5,c5,c5,c5,c5,c5,c5
12123,12121,3,c234,c234,c234,c234,c234,c234,c234,c234,c234
12124,1020,2,c1,c1,c234,c1,c1,c5,c1,c1,c1
12125,12123,1,c234,c234,c234,c234,c234,c234,c234,c234,c234
12126,12124,1,c1,c5,c5,c5,c5,c5,c5,c5,c5
12127,12125,2,c5,c5,c5,c5,c5,c5,c5,c5,c5
12128,12126,3,c5,c1,c1,c1,c1,c5,c1,c1,c5
12130,12128,2,c234,c5,c5,c5,c5,c5,c5,c5,c5
12132,12130,3,c5,c5,c5,c5,c5,c5,c5,c5,c5
12133,12131,1,c234,c1,c1,c1,c1,c1,c1,c1,c1
12135,12133,1,c234,c5,c5,c5,c5,c234,c5,c5,c234
12136,12134,2,c5,c5,c5,c5,c5,c5,c5,c5,c5
12137,12135,3,c1,c234,c234,c234,c234,c1,c234,c234,c1
12138,12136,2,c5,c5,c5,c5,c5,c5,c5,c5,c5
12140,12138,3,c5,c5,c5,c5,c5,c5,c5,c5,c5
12141,12139,1,c1,c5,c1,c5,c5,c5,c5,c5,c5
12142,12140,2,c234,c1,c1,c1,c1,c1,c1,c1,c1
12143,2121,1,c1,c1,c1,c1,c1,c234,c1,c1,c1
12144,12142,3,c1,c234,c234,c234,c234,c1,c234,c234,c1
12145,2460,2,c234,c1,c1,c1,c1,c1,c1,c1,c1
12146,12144,3,c234,c234,c234,c234,c234,c5,c234,c5,c5
12147,12145,1,c5,c234,c234,c234,c1,c5,c234,c1,c5
12149,12147,2,c5,c5,c5,c5,c5,c5,c5,c5,c5
12150,12148,3,c1,c234,c234,c234,c234,c234,c234,c234,c234
12151,349,1,c234,c1,c5,c1,c1,c5,c1,c5,c5
12152,12150,1,c5,c234,c234,c234,c234,c234,c234,c234,c234
12154,12152,2,c234,c234,c234,c234,c234,c234,c234,c234,c234
12155,12153,2,c234,c1,c1,c1,c1,c5,c1,c1,c5
12156,12154,1,c5,c5,c5,c5,c5,c5,c5,c5,c5
12157,12155,3,c5,c1,c1,c1,c1,c1,c1,c1,c1
12158,12156,1,c1,c234,c234,c234,c234,c234,c234,c234,c234
12159,5323,1,c234,c234,c234,c5,c234,c5,c234,c234,c5
12160,12158,2,c1,c5,c5,c5,c5,c5,c5,c5,c234
12162,12160,3,c5,c5,c5,c5,c5,c5,c5,c5,c5
12163,12161,1,c5,c5,c5,c5,c5,c5,c5,c5,c5
12164,12162,2,c1,c234,c234,c234,c1,c234,c234,c1,c234
12165,2906,2,c5,c5,c5,c5,c5,c5,c5,c5,c5
12166,12164,3,c5,c5,c5,c5,c5,c5,c5,c5,c5
12168,12166,3,c1,c1,c1,c1,c1,c5,c1,c1,c5
12169,12167,1,c1,c234,c5,c5,c5,c234,c5,c5,c234
12170,12168,2,c5,c5,c5,c5,c5,c5,c5,c5,c5
12172,12170,2,c1,c1,c1,c1,c1,c1,c1,c1,c1
12173,271,1,c1,c1,c1,c1,c1,c1,c1,c1,c1
12174,12172,1,c5,c5,c5,c5,c5,c5,c5,c5,c5
12175,12173,3,c234,c1,c1,c1,c1,c234,c1,c1,c234
12176,1258,1,c5,c1,c1,c1,c1,c5,c1,c1,c5
12177,12175,1,c1,c1,c1,c1,c1,c1,c1,c1,c1
12178,12176,2,c1,c5,c5,c5,c5,c5,c5,c5,c5
12180,12178,3,c5,c5,c5,c5,c5,c5,c5,c5,c5
12181,91,3,c1,c1,c1,c1,c1,c1,c1,c1,c1
12182,12180,3,c234,c234,c234,c234,c234,c234,c234,c234,c234
12183,12181,1,c5,c234,c234,c234,c234,c234,c234,c234,c234
12185,12183,2,c5,c5,c5,c5,c5,c5,c5,c5,c5
12186,12184,2,c1,c1,c1,c1,c1,c1,c1,c1,c1
12187,12185,3,c234,c234,c234,c234,c234,c5,c234,c234,c5
12188,12186,1,c234,c234,c234,c234,c234,c234,c5,c234,c234
12189,12187,1,c5,c5,c5,c5,c5,c5,c5,c5,c5
12191,12189,3,c234,c5,c1,c5,c5,c5,c5,c1,c1
12192,1142,2,c5,c1,c1,c1,c1,c1,c1,c1,c1
12193,581,3,c234,c1,c1,c1,c1,c1,c1,c1,c1
12194,12192,1,c5,c5,c5,c5,c5,c5,c5,c5,c5
12195,7,3,c234,c5,c5,c5,c5,c5,c5,c5,c5
12196,12194,1,c5,c5,c5,c5,c5,c5,c5,c5,c1
12197,12195,2,c1,c5,c5,c5,c5,c5,c5,c5,c5
12198,12196,3,c234,c234,c234,c234,c234,c234,c234,c234,c234
12200,12198,1,c1,c234,c234,c1,c234,c234,c234,c1,c234
12202,12200,2,c234,c1,c1,c1,c1,c1,c1,c1,c234
12204,12202,3,c5,c5,c5,c5,c5,c5,c5,c5,c5
12205,12203,1,c5,c5,c5,c5,c5,c5,c5,c5,c5
12206,12204,1,c5,c5,c5,c5,c5,c5,c5,c5,c5
12207,12205,2,c234,c234,c234,c234,c234,c234,c234,c234,c234
12208,2765,2,c1,c1,c1,c1,c1,c1,c1,c1,c1
12210,12208,2,c234,c5,c5,c5,c5,c5,c5,c5,c5
12211,12209,3,c5,c5,c5,c5,c5,c5,c5,c5,c5
12213,12211,1,c1,c5,c5,c234,c5,c5,c5,c234,c5
12214,12212,2,c234,c5,c5,c5,c5,c5,c5,c5,c5
12215,12213,3,c234,c234,c234,c234,c234,c5,c234,c234,c5
12216,2753,2,c1,c234,c234,c234,c234,c234,c234,c234,c234
12217,12215,1,c1,c1,c1,c1,c1,c1,c1,c1,c1
12218,12216,2,c234,c234,c234,c5,c234,c5,c234,c1,c1
12219,12217,2,c5,c234,c5,c234,c234,c234,c234,c234,c234
12221,12219,3,c1,c234,c234,c234,c1,c5,c234,c5,c5
12223,12221,3,c5,c5,c5,c5,c5,c5,c5,c5,c5
12224,12222,1,c234,c5,c5,c5,c5,c5,c5,c5,c5
12225,12223,1,c5,c1,c1,c234,c1,c5,c1,c234,c5
12226,2741,3,c5,c5,c234,c234,c5,c234,c5,c234,c234
12227,819,2,c5,c1,c1,c1,c1,c1,c1,c1,c234
12229,12227,1,c5,c5,c5,c5,c5,c5,c5,c5,c5
12230,36,2,c234,c5,c5,c5,c5,c5,c5,c5,c5
12231,12229,2,c5,c1,c1,c1,c1,c5,c1,c1,c1
12232,12230,3,c1,c5,c5,c5,c5,c5,c5,c5,c5
12233,12231,2,c1,c5,c5,c5,c1,c5,c5,c5,c5
12234,12232,1,c5,c5,c5,c5,c5,c5,c5,c5,c5
12235,12233,3,c5,c5,c5,c5,c5,c5,c5,c5,c234
12237,12235,2,c234,c234,c234,c234,c234,c1,c234,c234,c1
12239,7975,1,c5,c234,c234,c234,c234,c5,c234,c234,c5
12240,1933,2,c5,c234,c234,c234,c234,c234,c234,c234,c234
12241,12239,2,c5,c5,c1,c5,c5,c1,c5,c1,c1
12242,12240,3,c234,c234,c234,c234,c234,c234,c234,c234,c234
12243,12241,1,c5,c1,c1,c1,c1,c5,c1,c1,c5
12244,737,3,c5,c5,c5,c5,c5,c5,c5,c5,c5
12245,12243,3,c5,c1,c1,c1,c1,c234,c1,c1,c234
12247,12245,1,c5,c5,c5,c5,c234,c5,c5,c5,c5
12249,12247,2,c5,c5,c5,c5,c5,c5,c5,c5,c5
12250,12248,2,c1,c234,c234,c234,c234,c234,c234,c234,c234
12252,12250,3,c1,c5,c5,c5,c5,c5,c5,c5,c5
12253,12251,1,c1,c5,c234,c5,c234,c234,c5,c234,c234
12254,12252,1,c1,c234,c234,c234,c234,c234,c234,c234,c234
12255,6742,3,c234,c1,c1,c1,c1,c1,c1,c1,c1
12256,36,2,c1,c5,c5,c5,c5,c5,c5,c5,c5
12259,12257,2,c234,c234,c234,c234,c234,c234,c234,c234,c234
12260,5568,2,c1,c5,c5,c5,c5,c5,c5,c5,c5
12261,2495,1,c1,c234,c234,c234,c234,c1,c234,c234,c1
12262,12260,3,c5,c5,c5,c5,c5,c5,c5,c5,c5
12263,12261,3,c234,c5,c5,c5,c5,c5,c5,c5,c5
12264,12262,2,c1,c1,c1,c1,c1,c5,c1,c1,c1
12266,12264,3,c5,c1,c1,c1,c1,c1,c1,c1,c1
12268,12266,1,c234,c5,c5,c5,c5,c5,c5,c5,c5
12269,12267,2,c1,c5,c5,c5,c5,c5,c5,c5,c5
12270,12268,2,c234,c1,c1,c1,c1,c234,c1,c1,c234
12271,12269,1,c234,c5,c5,c5,c5,c5,c5,c5,c5
12272,12270,3,c1,c5,c5,c5,c5,c5,c5,c5,c5
12273,12271,2,c1,c5,c5,c5,c5,c5,c5,c5,c5
12274,12272,1,c5,c234,c234,c234,c234,c234,c234,c234,c234
12275,12273,2,c5,c5,c5,c5,c5,c5,c5,c5,c5
12276,12274,3,c234,c5,c5,c5,c5,c234,c5,c5,c234
12278,12276,3,c234,c234,c234,c234,c234,c234,c234,c234,c234
12279,1132,3,c1,c1,c1,c1,c1,c1,c1,c1,c1
12280,12278,1,c5,c234,c234,c234,c234,c234,c234,c234,c234
12281,12279,1,c5,c1,c1,c1,c1,c1,c1,c1,c1
12282,1239,3,c1,c5,c5,c5,c5,c5,c5,c5,c5
12283,16,1,c1,c1,c1,c1,c1,c1,c1,c1,c1
12284,12282,3,c234,c1,c1,c1,c1,c1,c1,c1,c1
12285,5470,3,c1,c5,c5,c5,c5,c5,c5,c5,c5
12287,12285,2,c1,c5,c5,c5,c5,c5,c5,c5,c5
12288,12286,1,c1,c5,c5,c5,c5,c5,c5,c5,c5
12289,12287,2,c234,c234,c234,c234,c234,c234,c234,c234,c234
12290,1212,3,c1,c1,c1,c1,c1,c1,c1,c1,c1
12292,12290,3,c1,c1,c1,c1,c1,c1,c1,c1,c1
12293,12291,1,c234,c1,c1,c1,c1,c1,c1,c1,c1
12294,4491,2,c234,c234,c234,c234,c234,c234,c234,c234,c1
12295,4009,1,c1,c1,c1,c1,c1,c1,c1,c1,c1
12297,12295,2,c1,c5,c5,c5,c5,c5,c5,c5,c5
12298,12296,3,c234,c234,c234,c234,c234,c234,c234,c234,c234
12300,12298,2,c5,c5,c5,c5,c234,c5,c5,c234,c5
12301,3202,1,c5,c5,c5,c5,c5,c5,c5,c5,c5
12302,12300,3,c5,c234,c234,c234,c234,c234,c234,c234,c234
12303,12301,3,c5,c5,c234,c234,c5,c5,c5,c234,c234
12304,12302,1,c234,c5,c5,c5,c5,c5,c5,c5,c5
12305,53,3,c1,c1,c1,c1,c1,c1,c1,c1,c1
12306,12304,1,c5,c5,c5,c5,c5,c5,c5,c5,c5
12308,12306,2,c1,c5,c5,c5,c5,c5,c5,c5,c234
12309,7,3,c1,c1,c5,c1,c1,c5,c1,c5,c5
12310,284,3,c5,c5,c1,c1,c5,c5,c5,c1,c5
12311,12309,2,c234,c234,c234,c234,c234,c5,c234,c1,c5
12312,12310,3,c1,c1,c1,c1,c1,c1,c1,c1,c1
12313,12311,1,c1,c5,c5,c5,c5,c5,c5,c5,c5
12314,271,1,c234,c1,c1,c1,c1,c1,c1,c1,c1
12316,12314,2,c234,c1,c1,c1,c1,c234,c1,c1,c1
12318,12316,2,c234,c234,c234,c234,c234,c234,c234,c234,c234
12319,12317,1,c1,c1,c1,c1,c1,c5,c1,c1,c5
12320,12318,3,c5,c234,c234,c234,c234,c234,c234,c234,c234
12321,7,3,c1,c5,c5,c5,c5,c5,c5,c5,c5
12324,12322,1,c234,c5,c5,c5,c5,c5,c5,c5,c5
12325,12323,2,c234,c1,c1,c1,c1,c1,c1,c1,c1
12327,12325,3,c5,c5,c5,c5,c5,c234,c5,c5,c234
12329,671,1,c234,c5,c5,c5,c5,c5,c5,c5,c5
12330,178,2,c1,c1,c1,c1,c1,c1,c1,c1,c1
12331,12329,1,c234,c5,c5,c5,c5,c5,c5,c5,c5
12332,12330,3,c5,c234,c234,c234,c1,c234,c234,c234,c5
12333,319,2,c1,c5,c5,c5,c5,c5,c5,c5,c5
12334,10942,2,c1,c234,c234,c1,c234,c234,c234,c1,c234
12335,12333,2,c5,c234,c234,c234,c234,c234,c234,c234,c234
12336,12334,1,c5,c5,c5,c5,c5,c5,c5,c5,c5
12337,12335,2,c5,c5,c5,c5,c5,c5,c5,c5,c5
12338,12336,3,c5,c234,c234,c234,c234,c5,c234,c234,c5
12340,12338,2,c1,c1,c234,c5,c1,c5,c1,c5,c5
12341,12339,1,c5,c5,c5,c5,c5,c5,c5,c5,c5
12342,12340,3,c5,c5,c5,c5,c5,c5,c5,c5,c5
12343,12341,3,c5,c5,c5,c5,c5,c5,c5,c5,c5
12344,16,1,c1,c1,c1,c1,c1,c1,c1,c1,c1
12345,12343,1,c1,c1,c1,c1,c1,c1,c1,c1,c1
12346,12344,3,c5,c5,c5,c5,c5,c5,c5,c5,c5
12348,12346,2,c234,c5,c5,c5,c5,c5,c5,c5,c5
12349,12347,1,c5,c1,c1,c1,c1,c234,c1,c1,c5
12351,12349,2,c1,c5,c5,c5,c5,c5,c5,c5,c5
12352,12350,3,c5,c234,c234,c234,c234,c234,c234,c234,c234
12353,12351,2,c5,c5,c5,c5,c5,c5,c5,c5,c5
12354,12352,3,c234,c234,c234,c1,c234,c5,c234,c234,c5
12355,12353,3,c5,c234,c234,c234,c234,c234,c234,c234,c234
12357,12355,1,c5,c5,c5,c5,c5,c234,c5,c5,c234
12358,12356,2,c234,c5,c5,c5,c5,c5,c5,c5,c5
12359,12357,1,c5,c5,c5,c5,c5,c5,c5,c5,c5
12360,12358,3,c1,c5,c5,c5,c5,c5,c5,c5,c5
12362,12360,1,c1,c1,c1,c1,c1,c5,c1,c1,c1
12363,12361,2,c234,c234,c234,c234,c234,c234,c234,c234,c234
12364,12362,3,c234,c1,c1,c1,c1,c234,c1,c1,c234
12365,12363,1,c1,c1,c1,c1,c1,c1,c1,c1,c1
12366,12364,1,c1,c234,c234,c234,c234,c234,c234,c234,c234
12367,12365,2,c5,c1,c1,c1,c1,c5,c1,c1,c5
12369,12367,3,c1,c1,c1,c1,c1,c5,c1,c1,c5
12370,12368,2,c5,c5,c5,c5,c5,c5,c5,c5,c5
12371,12369,3,c234,c5,c5,c5,c5,c5,c5,c5,c5
12373,12371,1,c234,c5,c5,c5,c5,c5,c5,c5,c5
12374,12372,2,c234,c5,c5,c5,c5,c5,c5,c5,c5
12375,12373,3,c234,c5,c5,c5,c5,c5,c5,c5,c5
12377,12375,1,c5,c234,c234,c234,c234,c234,c234,c234,c234
12378,257,2,c1,c1,c1,c1,c1,c1,c1,c1,c1
12379,12377,2,c5,c5,c5,c5,c5,c5,c5,c5,c5
12380,12378,2,c5,c5,c5,c5,c5,c5,c5,c5,c5
12381,12379,3,c1,c5,c5,c5,c1,c5,c5,c5,c5
12384,12382,2,c234,c1,c1,c234,c1,c234,c1,c1,c234
12385,16,1,c1,c1,c1,c1,c1,c1,c1,c1,c1
12386,12384,1,c5,c5,c5,c5,c5,c5,c5,c5,c234
12387,284,3,c234,c5,c1,c1,c5,c5,c5,c1,c5
12388,12386,1,c234,c1,c1,c1,c1,c5,c1,c1,c5
12390,12388,3,c1,c234,c234,c234,c234,c234,c234,c234,c234
12392,349,1,c5,c1,c1,c1,c1,c5,c1,c1,c5
12393,12391,3,c1,c5,c5,c1,c5,c5,c5,c5,c5
12394,12392,2,c5,c5,c5,c5,c5,c5,c5,c5,c1
12395,12393,3,c234,c5,c5,c5,c5,c5,c5,c5,c5
12396,12394,3,c1,c1,c1,c1,c1,c5,c1,c1,c5
12398,11170,1,c5,c1,c1,c1,c1,c5,c1,c1,c5
12399,12397,1,c5,c1,c1,c5,c1,c5,c1,c5,c5
12400,12398,2,c234,c5,c5,c5,c5,c5,c5,c5,c234
12401,12399,1,c5,c1,c1,c1,c1,c1,c1,c1,c1
12402,12400,2,c5,c5,c5,c5,c5,c5,c5,c5,c5
12403,6860,1,c234,c5,c5,c5,c5,c5,c5,c5,c5
12404,12402,1,c5,c5,c5,c5,c5,c5,c5,c5,c5
12405,12403,3,c1,c234,c234,c234,c234,c5,c234,c234,c234
12407,12405,2,c5,c5,c5,c5,c5,c5,c5,c5,c5
12408,12406,3,c234,c234,c234,c5,c234,c234,c234,c234,c5
12410,12408,1,c234,c234,c234,c234,c234,c234,c234,c234,c234
12411,3646,2,c5,c5,c5,c5,c5,c5,c5,c5,c5
12412,12410,2,c234,c5,c5,c5,c5,c5,c5,c5,c5
12413,284,3,c234,c5,c5,c1,c5,c5,c5,c1,c5
12414,12412,3,c1,c234,c234,c234,c234,c234,c234,c234,c234
12415,12413,3,c234,c5,c5,c5,c5,c5,c5,c5,c5
12417,12415,1,c5,c5,c5,c5,c5,c5,c5,c5,c5
12418,4009,1,c1,c1,c1,c1,c1,c1,c1,c1,c1
12419,126,1,c5,c5,c5,c5,c5,c5,c5,c5,c5
12420,12418,2,c234,c1,c1,c1,c1,c1,c1,c1,c234
12421,12419,1,c5,c5,c5,c5,c5,c5,c5,c5,c5
12422,12420,3,c5,c234,c234,c234,c234,c234,c234,c234,c234
12425,107,1,c1,c234,c234,c1,c234,c5,c234,c1,c5
12426,12424,2,c1,c234,c5,c234,c5,c234,c234,c5,c234
12427,9529,1,c1,c1,c1,c1,c1,c1,c1,c1,c1
12428,16,1,c234,c1,c1,c1,c1,c1,c1,c1,c1
12429,931,2,c1,c1,c1,c1,c1,c5,c1,c1,c5
12430,12428,2,c1,c5,c5,c5,c5,c5,c5,c5,c5
12431,12429,1,c5,c1,c234,c234,c234,c1,c234,c234,c234
12432,716,2,c1,c5,c5,c5,c5,c5,c5,c5,c5
12433,2606,2,c5,c5,c5,c5,c5,c5,c5,c5,c5
12434,12432,3,c1,c5,c5,c1,c234,c5,c5,c1,c1
12435,12433,1,c234,c1,c1,c234,c1,c234,c1,c234,c1
12436,12434,2,c234,c234,c234,c234,c234,c234,c234,c234,c234
12437,12435,3,c5,c1,c1,c1,c1,c234,c1,c1,c234
12440,12438,2,c5,c5,c5,c5,c5,c5,c5,c5,c5
12442,12440,1,c5,c234,c234,c234,c234,c234,c234,c234,c234
12443,12441,3,c234,c1,c1,c1,c1,c1,c1,c1,c1
12444,12442,1,c5,c5,c5,c234,c234,c5,c5,c234,c234
12445,240,1,c234,c234,c234,c234,c234,c1,c234,c1,c1
12446,12444,2,c5,c234,c234,c234,c234,c234,c234,c234,c234
12447,12445,1,c234,c234,c5,c234,c5,c234,c234,c5,c234
12448,12446,3,c5,c5,c5,c5,c5,c5,c5,c5,c5
12449,12447,3,c1,c1,c1,c1,c1,c1,c1,c1,c1
12450,12448,2,c1,c234,c234,c234,c234,c234,c234,c234,c234
12452,12450,2,c234,c5,c5,c5,c5,c5,c5,c5,c5
12454,12452,1,c1,c5,c5,c5,c5,c5,c5,c5,c5
12455,12453,3,c5,c5,c5,c5,c5,c5,c5,c5,c5
12456,12454,1,c5,c5,c5,c5,c5,c5,c5,c5,c5
12457,2919,3,c1,c1,c1,c1,c1,c1,c1,c1,c1
12458,12456,2,c234,c1,c1,c1,c1,c1,c1,c1,c1
12459,3394,3,c234,c1,c1,c234,c1,c1,c1,c1,c1
12460,12458,3,c5,c5,c5,c5,c234,c234,c5,c234,c1
12462,12460,1,c1,c5,c5,c5,c5,c5,c5,c5,c5
12463,7,3,c5,c5,c5,c5,c5,c5,c5,c5,c5
12464,271,1,c5,c1,c1,c1,c1,c1,c1,c1,c1
12465,12463,2,c234,c234,c234,c234,c234,c5,c234,c234,c5
12466,1212,3,c234,c1,c1,c1,c1,c1,c1,c1,c1
12467,12465,3,c5,c234,c1,c5,c5,c5,c234,c1,c1
12469,12467,1,c1,c1,c1,c5,c1,c5,c1,c5,c5
12470,12468,3,c1,c1,c1,c1,c1,c1,c1,c1,c1
12471,12469,1,c5,c5,c5,c5,c5,c5,c5,c5,c5
12472,12470,2,c234,c1,c1,c1,c1,c1,c1,c1,c1
12474,7,3,c234,c5,c5,c5,c5,c5,c5,c5,c5
12475,12473,2,c1,c1,c1,c1,c1,c234,c1,c1,c1
12476,12474,3,c1,c5,c5,c5,c5,c5,c5,c5,c5
12477,12475,1,c1,c5,c5,c5,c5,c5,c5,c5,c5
12478,12476,3,c5,c5,c5,c5,c5,c5,c5,c5,c5
12480,12478,1,c1,c234,c234,c234,c234,c1,c234,c234,c1
12481,12479,1,c1,c234,c234,c234,c234,c1,c234,c234,c1
12483,12481,2,c5,c234,c234,c234,c234,c234,c234,c234,c234
12486,12484,3,c1,c5,c5,c5,c5,c5,c5,c5,c5
12487,12485,2,c1,c234,c234,c5,c234,c5,c234,c5,c5
12488,12486,1,c234,c1,c1,c1,c1,c5,c1,c1,c5
12490,12488,2,c1,c1,c1,c1,c1,c1,c1,c1,c1
12492,2765,2,c1,c1,c1,c1,c1,c1,c1,c1,c1
12493,12491,1,c5,c5,c5,c5,c5,c5,c5,c5,c5
12494,12492,1,c234,c5,c5,c5,c5,c5,c5,c1,c5
12495,12493,2,c5,c234,c234,c234,c234,c234,c234,c234,c234
12496,504,2,c5,c1,c1,c1,c1,c1,c1,c1,c1
12497,12495,3,c234,c1,c1,c1,c1,c1,c1,c1,c1
12499,12497,1,c5,c5,c5,c5,c5,c5,c5,c5,c5
12500,16,1,c1,c1,c1,c1,c1,c1,c1,c1,c1
12501,12499,2,c5,c5,c5,c5,c5,c5,c5,c5,c5
12502,16,1,c1,c1,c1,c1,c1,c1,c1,c1,c1
12503,12501,3,c234,c1,c1,c1,c1,c1,c1,c1,c1
12504,12502,2,c1,c5,c5,c5,c5,c5,c5,c5,c5
12505,12503,3,c234,c1,c1,c1,c1,c1,c1,c1,c1
12506,784,1,c234,c1,c1,c1,c1,c1,c1,c1,c1
12507,117,3,c1,c1,c1,c1,c1,c1,c1,c1,c1
12509,12507,3,c234,c5,c5,c5,c5,c5,c5,c5,c5
12510,12508,2,c5,c5,c1,c234,c5,c5,c5,c1,c5
12511,12509,1,c234,c1,c1,c1,c1,c5,c1,c1,c5
12512,9790,2,c5,c234,c234,c234,c234,c5,c234,c234,c5
12513,12511,1,c234,c1,c1,c1,c1,c1,c1,c1,c1
12515,6423,1,c1,c1,c1,c1,c1,c1,c1,c1,c1
12516,12514,2,c234,c5,c5,c5,c5,c5,c5,c5,c5
12517,12515,3,c234,c234,c234,c234,c234,c234,c234,c234,c234
12518,12516,1,c5,c234,c234,c234,c234,c5,c234,c234,c5
12519,12517,1,c1,c234,c234,c234,c234,c234,c234,c234,c234
12521,12519,2,c5,c5,c5,c5,c5,c5,c5,c5,c5
12523,12521,3,c234,c234,c234,c234,c234,c5,c234,c234,c5
12524,12522,2,c1,c1,c1,c1,c1,c1,c1,c1,c1
12525,12523,3,c5,c234,c234,c234,c234,c234,c234,c234,c234
12526,12524,1,c234,c5,c5,c5,c5,c5,c5,c5,c5
12528,12526,2,c5,c234,c5,c5,c234,c234,c5,c5,c234
12529,12527,1,c5,c5,c5,c5,c5,c5,c5,c5,c5
12531,16,1,c1,c1,c1,c1,c1,c1,c1,c1,c1
12532,7,3,c234,c5,c5,c5,c5,c5,c5,c5,c5
12534,686,3,c5,c5,c5,c5,c5,c5,c5,c5,c5
12535,12533,3,c1,c5,c5,c5,c5,c5,c5,c5,c5
12536,12534,1,c5,c234,c5,c5,c234,c5,c234,c5,c5
12537,12535,3,c234,c234,c234,c234,c234,c234,c234,c234,c5
12538,12536,2,c1,c5,c1,c1,c1,c5,c5,c1,c234
12540,36,2,c1,c5,c5,c5,c5,c5,c5,c5,c5
12541,12539,2,c234,c1,c1,c1,c1,c234,c1,c1,c1
12542,12540,1,c234,c5,c5,c5,c5,c5,c5,c5,c5
12543,12541,2,c234,c5,c5,c5,c1,c1,c1,c5,c1
12544,12542,3,c1,c1,c1,c1,c1,c1,c1,c1,c1
12546,12544,2,c234,c234,c234,c234,c234,c234,c234,c234,c234
12547,12545,1,c234,c1,c1,c1,c1,c1,c1,c234,c234
12548,12546,3,c5,c234,c234,c234,c234,c234,c234,c234,c5
12549,4009,1,c1,c1,c1,c1,c1,c1,c1,c1,c1
12551,12549,1,c234,c1,c1,c1,c1,c1,c1,c1,c1
12553,12551,2,c234,c5,c5,c5,c5,c5,c5,c5,c5
12554,12552,3,c234,c234,c234,c234,c234,c5,c234,c234,c234
12555,12553,1,c1,c1,c1,c1,c1,c1,c1,c1,c1
12557,12555,3,c234,c1,c1,c1,c1,c234,c1,c1,c5
12558,12556,2,c1,c234,c234,c234,c234,c234,c234,c234,c234
12559,12557,3,c5,c234,c234,c234,c234,c234,c234,c234,c234
12561,12559,1,c234,c1,c1,c1,c1,c1,c1,c1,c1
12562,12560,2,c234,c1,c1,c1,c1,c1,c1,c1,c1
12563,12561,1,c1,c234,c234,c234,c234,c234,c234,c234,c234
12564,12562,2,c234,c1,c1,c1,c1,c1,c1,c1,c1
12565,12563,3,c1,c1,c1,c1,c1,c234,c1,c1,c234
12567,12565,1,c234,c234,c234,c234,c234,c234,c234,c234,c234
12568,12566,3,c1,c5,c5,c5,c5,c5,c5,c5,c5
12571,12569,2,c234,c234,c234,c234,c234,c5,c234,c234,c234
12573,12571,1,c234,c1,c1,c234,c1,c234,c1,c1,c1
12574,12572,2,c5,c234,c234,c234,c234,c234,c234,c5,c234
12575,12573,3,c234,c234,c234,c234,c234,c234,c234,c234,c234
12576,12574,3,c5,c5,c5,c5,c5,c234,c5,c5,c234
12578,12576,1,c5,c234,c234,c234,c234,c234,c234,c234,c234
12579,12577,2,c1,c5,c5,c5,c5,c5,c5,c5,c5
12580,12578,1,c1,c1,c1,c1,c1,c1,c1,c1,c1
12582,12580,3,c5,c234,c234,c234,c234,c234,c234,c234,c234
12583,12581,2,c234,c5,c234,c5,c5,c234,c5,c234,c234
12584,12582,1,c5,c5,c5,c5,c5,c5,c5,c5,c5
12585,12583,2,c234,c5,c5,c5,c5,c5,c5,c5,c5
12587,12585,3,c5,c5,c5,c5,c5,c5,c5,c5,c5
12589,12587,2,c5,c5,c5,c5,c5,c5,c5,c5,c5
12590,12588,1,c234,c1,c1,c1,c1,c1,c1,c1,c1
12592,12590,3,c5,c234,c234,c234,c234,c5,c234,c234,c234
12593,12591,1,c5,c234,c234,c234,c234,c5,c234,c234,c5
12594,12592,2,c1,c5,c5,c5,c5,c5,c5,c5,c5
12595,12593,3,c5,c234,c234,c234,c234,c5,c234,c234,c1
12597,12595,3,c234,c234,c234,c234,c234,c234,c234,c234,c234
12598,1933,2,c234,c234,c234,c234,c234,c234,c234,c234,c234
12599,12597,1,c1,c1,c1,c1,c1,c1,c1,c1,c1
12600,12598,2,c234,c5,c5,c5,c5,c5,c5,c5,c5
12601,12599,3,c234,c234,c234,c234,c234,c234,c234,c234,c234
12602,12600,1,c5,c1,c1,c1,c1,c1,c1,c1,c1
12604,12602,2,c1,c1,c1,c1,c1,c1,c1,c1,c1
12605,12603,3,c234,c234,c5,c234,c5,c5,c5,c5,c5
12606,12604,2,c1,c5,c5,c5,c5,c5,c5,c5,c5
12607,12605,3,c5,c1,c1,c1,c1,c234,c1,c1,c234
12608,12606,1,c234,c5,c5,c5,c5,c5,c234,c5,c5
12610,12608,2,c1,c5,c5,c5,c5,c5,c5,c5,c5
12611,271,1,c1,c1,c1,c1,c1,c1,c1,c1,c1
12612,12610,3,c234,c5,c5,c5,c234,c234,c5,c234,c234
12613,12611,1,c5,c5,c5,c5,c5,c5,c5,c5,c5
12615,12613,1,c5,c5,c5,c5,c5,c5,c5,c5,c5
12616,12614,2,c5,c5,c5,c5,c5,c5,c5,c5,c5
12618,12616,3,c5,c234,c234,c234,c234,c234,c234,c234,c234
12619,12617,1,c5,c5,c5,c5,c5,c234,c5,c5,c5
12621,5243,3,c5,c5,c1,c5,c5,c5,c5,c1,c1
12622,12620,3,c234,c234,c234,c234,c234,c5,c234,c234,c5
12623,12621,2,c5,c5,c5,c5,c5,c5,c5,c5,c5
12625,12623,3,c5,c5,c5,c5,c5,c5,c5,c5,c5
12626,12624,2,c5,c5,c5,c5,c5,c5,c5,c5,c5
12628,166,2,c1,c1,c1,c1,c1,c1,c1,c1,c1
12630,319,2,c5,c5,c5,c5,c5,c5,c5,c5,c5
12631,12629,3,c1,c234,c234,c234,c234,c234,c234,c234,c234
12632,12630,1,c1,c234,c234,c234,c234,c234,c234,c234,c234
12633,12631,1,c234,c234,c234,c234,c234,c5,c234,c234,c5
12636,12634,2,c5,c234,c234,c234,c234,c234,c234,c234,c234
12637,12635,1,c234,c5,c5,c5,c5,c5,c5,c5,c5
12638,12636,3,c5,c5,c5,c5,c5,c5,c5,c5,c5
12639,12637,2,c1,c1,c1,c1,c1,c5,c1,c1,c5
12640,12638,3,c5,c5,c5,c5,c5,c5,c5,c5,c5
12642,12640,1,c1,c1,c1,c1,c1,c5,c1,c1,c1
12644,12642,3,c1,c234,c234,c234,c234,c234,c234,c234,c234
12645,12643,2,c5,c234,c234,c234,c234,c234,c234,c234,c234
12646,12644,1,c5,c234,c234,c234,c234,c234,c234,c234,c234
12647,7,3,c5,c5,c5,c5,c5,c5,c5,c5,c5
12649,12647,2,c5,c5,c5,c5,c5,c5,c5,c5,c5
12650,12648,1,c5,c234,c234,c234,c1,c234,c234,c234,c234
12652,12650,3,c234,c5,c1,c5,c5,c5,c5,c5,c5
12654,12652,2,c1,c234,c234,c234,c234,c234,c234,c234,c234
12655,12653,3,c5,c1,c1,c1,c1,c5,c1,c1,c5
12656,12654,1,c234,c5,c5,c5,c5,c5,c5,c5,c5
12658,12656,3,c1,c234,c234,c234,c234,c234,c234,c234,c234
12659,12657,2,c5,c5,c5,c5,c5,c5,c5,c5,c5
12660,12658,2,c1,c1,c1,c1,c1,c1,c1,c1,c1
12662,12660,3,c234,c234,c234,c234,c234,c234,c234,c234,c5
12663,12661,1,c5,c1,c1,c1,c1,c1,c1,c1,c1
12664,12662,2,c1,c234,c234,c234,c234,c234,c234,c234,c5
12665,194,1,c1,c5,c5,c5,c5,c5,c5,c5,c5
12667,12665,1,c1,c1,c1,c1,c1,c5,c1,c1,c5
12669,12667,3,c5,c5,c5,c5,c5,c5,c5,c5,c5
12670,12668,1,c234,c234,c234,c234,c234,c234,c234,c1,c1
12671,1157,1,c5,c5,c5,c5,c5,c5,c5,c5,c5
12672,2833,2,c5,c5,c5,c5,c5,c5,c5,c5,c5
12674,12672,3,c5,c234,c234,c234,c234,c234,c234,c234,c234
12675,12673,2,c5,c234,c234,c234,c234,c234,c234,c234,c234
12676,12674,1,c5,c5,c5,c5,c5,c5,c5,c5,c5
12677,12675,2,c5,c5,c5,c5,c5,c234,c5,c5,c5
12679,12677,3,c5,c5,c5,c5,c5,c5,c5,c5,c5
12680,12678,1,c5,c1,c1,c1,c1,c1,c1,c1,c234
12682,12680,2,c5,c5,c5,c5,c5,c5,c5,c5,c5
12683,675,1,c5,c5,c1,c5,c5,c1,c5,c1,c1
12684,12682,1,c5,c5,c1,c1,c5,c5,c5,c1,c5
12685,12683,3,c5,c234,c234,c234,c234,c234,c234,c234,c234
12686,12684,2,c5,c5,c5,c5,c5,c5,c5,c5,c5
12687,12685,3,c234,c234,c1,c234,c234,c234,c234,c234,c5
12688,12686,2,c5,c5,c5,c5,c5,c5,c5,c5,c5
12690,12688,1,c5,c1,c234,c1,c1,c234,c1,c234,c1
12693,675,1,c1,c5,c1,c5,c5,c1,c5,c1,c1
12694,1239,3,c1,c5,c5,c5,c5,c5,c5,c5,c5
12695,12693,3,c234,c1,c1,c1,c1,c1,c1,c1,c1
12696,12694,1,c234,c5,c5,c5,c5,c5,c5,c5,c5
12697,12695,2,c1,c234,c234,c234,c234,c5,c234,c234,c5
12699,12697,2,c5,c234,c234,c234,c234,c5,c234,c234,c5
12700,271,1,c234,c1,c1,c1,c1,c1,c1,c1,c1
12701,12699,3,c5,c234,c234,c234,c234,c234,c234,c234,c234
12702,12700,2,c5,c234,c234,c234,c5,c5,c5,c5,c5
12703,12701,1,c1,c234,c234,c234,c234,c234,c234,c234,c234
12704,36,2,c5,c5,c5,c5,c5,c5,c5,c5,c5
12706,12704,3,c1,c234,c234,c234,c234,c234,c234,c234,c5
12707,12705,1,c5,c5,c5,c5,c5,c5,c5,c5,c5
12708,12706,2,c234,c5,c5,c5,c5,c5,c5,c5,c5
12709,12707,3,c1,c5,c5,c5,c5,c234,c5,c5,c234
12711,12709,2,c1,c5,c5,c5,c5,c5,c5,c5,c5
12712,12710,3,c234,c234,c234,c1,c234,c1,c234,c1,c1
12713,12711,1,c5,c5,c5,c5,c5,c5,c5,c5,c5
12715,12713,1,c5,c234,c234,c234,c234,c5,c234,c234,c5
12716,12714,1,c5,c5,c5,c5,c5,c234,c5,c5,c234
12717,36,2,c5,c5,c5,c5,c5,c5,c5,c5,c5
12718,12716,2,c1,c5,c5,c5,c5,c5,c5,c5,c5
12719,12717,2,c5,c1,c1,c1,c1,c1,c1,c1,c1
12721,349,1,c234,c1,c1,c1,c1,c5,c1,c1,c5
12722,12720,2,c234,c1,c1,c1,c1,c5,c1,c1,c5
12723,12721,3,c5,c234,c234,c234,c234,c234,c234,c234,c1
12724,12722,2,c5,c5,c234,c234,c234,c234,c5,c234,c234
12725,12723,3,c234,c234,c234,c5,c5,c5,c234,c5,c5
12727,1574,1,c5,c234,c234,c5,c1,c5,c234,c1,c5
12728,12726,1,c234,c5,c5,c234,c5,c5,c5,c234,c5
12729,24,3,c5,c234,c234,c234,c234,c234,c234,c234,c234
12730,12728,2,c234,c1,c1,c1,c1,c1,c1,c1,c5
12731,12729,3,c5,c5,c5,c5,c5,c5,c5,c5,c5
12733,12731,2,c1,c5,c5,c5,c5,c5,c5,c5,c5
12734,4179,1,c5,c1,c1,c1,c1,c5,c1,c1,c5
12735,12733,1,c5,c5,c5,c5,c5,c234,c5,c5,c234
12736,271,1,c234,c1,c1,c1,c1,c1,c1,c1,c1
12737,9839,2,c1,c1,c1,c1,c5,c234,c1,c5,c5
12739,12737,3,c234,c234,c234,c234,c234,c234,c234,c234,c234
12740,12738,1,c234,c1,c1,c1,c1,c1,c1,c1,c1
12741,7,3,c234,c5,c5,c5,c5,c5,c5,c5,c5
12742,12740,2,c234,c234,c234,c1,c234,c1,c234,c1,c1
12743,12741,3,c234,c1,c234,c1,c234,c1,c1,c234,c234
12745,12743,3,c5,c5,c5,c5,c5,c234,c5,c5,c234
12746,319,2,c5,c5,c5,c5,c5,c5,c5,c5,c5
12747,5925,1,c5,c1,c1,c1,c1,c1,c1,c1,c1
12748,12746,1,c234,c5,c5,c5,c5,c5,c5,c5,c5
12750,12748,2,c1,c1,c1,c1,c1,c1,c1,c1,c1
12751,271,1,c5,c1,c1,c1,c1,c1,c1,c1,c1
12752,12750,1,c5,c5,c5,c5,c5,c5,c5,c5,c5
12753,12751,2,c5,c5,c5,c5,c5,c5,c5,c5,c5
12755,12753,3,c5,c234,c234,c234,c234,c234,c234,c234,c234
12756,12754,1,c5,c5,c5,c5,c5,c5,c5,c5,c5
12757,12755,2,c234,c5,c5,c5,c5,c234,c5,c5,c234
12758,12756,3,c1,c234,c234,c234,c234,c234,c234,c234,c234
12760,12758,1,c234,c234,c234,c234,c1,c234,c234,c1,c234
12761,36,2,c1,c5,c5,c5,c5,c5,c5,c5,c5
12762,12760,2,c1,c234,c234,c1,c234,c1,c1,c234,c1
12763,12761,3,c234,c234,c234,c5,c234,c234,c234,c1,c234
12765,12763,1,c1,c1,c1,c234,c1,c234,c1,c234,c234
12766,271,1,c234,c1,c1,c1,c1,c1,c1,c1,c1
12767,36,2,c1,c5,c5,c5,c5,c5,c5,c5,c5
12768,12766,3,c5,c1,c1,c1,c1,c1,c1,c1,c1
12770,12768,2,c1,c5,c1,c1,c1,c234,c5,c1,c234
12771,12769,1,c1,c1,c1,c1,c1,c234,c1,c1,c1
12772,12770,3,c234,c234,c234,c234,c234,c5,c234,c234,c234
12774,12772,2,c234,c5,c5,c1,c5,c5,c5,c5,c5
12775,12773,1,c1,c1,c1,c1,c1,c234,c1,c1,c1
12776,6800,1,c1,c1,c1,c1,c1,c1,c1,c5,c1
12778,12776,2,c5,c234,c234,c234,c234,c1,c234,c1,c1
12779,12777,3,c1,c234,c234,c234,c234,c234,c234,c234,c234
12780,10911,3,c5,c1,c1,c1,c1,c5,c1,c1,c5
12781,612,1,c5,c234,c5,c234,c5,c5,c234,c5,c1
12783,12781,1,c5,c5,c5,c5,c5,c5,c5,c5,c5
12784,12782,3,c5,c5,c5,c5,c5,c5,c5,c5,c5
12785,12783,2,c1,c234,c234,c1,c234,c1,c234,c1,c1
12786,8371,2,c5,c234,c234,c234,c234,c234,c234,c234,c234
12788,12786,3,c234,c5,c5,c5,c5,c1,c5,c5,c5
12789,675,1,c1,c5,c1,c5,c5,c1,c5,c1,c1
12790,12788,1,c1,c1,c1,c1,c1,c1,c1,c1,c1
12791,12789,1,c234,c5,c5,c5,c5,c5,c5,c5,c5
12792,12790,2,c1,c1,c1,c1,c1,c1,c1,c1,c1
12793,24,3,c1,c234,c234,c234,c234,c234,c234,c234,c234
12794,12792,1,c1,c234,c234,c234,c234,c5,c234,c234,c5
12796,12794,2,c5,c5,c5,c5,c5,c5,c5,c5,c5
12797,271,1,c234,c1,c1,c1,c1,c1,c1,c1,c1
12798,12796,3,c5,c234,c234,c234,c234,c234,c234,c234,c1
12799,12797,2,c234,c5,c1,c5,c5,c5,c5,c5,c5
12800,7,3,c1,c5,c5,c5,c5,c5,c5,c5,c5
12802,12800,1,c5,c5,c5,c5,c5,c5,c5,c1,c5
12803,12801,3,c1,c1,c1,c1,c1,c5,c1,c1,c5
12804,12802,1,c1,c5,c234,c5,c5,c234,c5,c5,c234
12805,12803,1,c5,c5,c5,c5,c5,c5,c5,c5,c5
12807,12805,2,c5,c234,c234,c5,c5,c234,c5,c5,c234
12808,12806,3,c5,c234,c234,c234,c234,c234,c234,c234,c234
12809,1020,2,c5,c1,c234,c1,c1,c5,c1,c1,c1
12811,12809,2,c1,c5,c5,c5,c5,c5,c5,c5,c5
12812,3478,1,c5,c5,c5,c5,c5,c5,c5,c5,c5
12813,12811,3,c1,c5,c5,c5,c5,c5,c5,c234,c234
12814,12812,3,c5,c1,c1,c1,c1,c1,c1,c1,c1
12815,12813,1,c5,c5,c5,c5,c5,c5,c5,c5,c5
12817,12815,2,c234,c5,c5,c5,c5,c5,c5,c5,c5
12818,178,2,c234,c1,c1,c1,c1,c5,c1,c1,c5
12819,1609,3,c1,c5,c5,c5,c5,c5,c5,c5,c5
12820,257,2,c1,c1,c1,c1,c1,c1,c1,c1,c1
12821,12819,1,c5,c234,c1,c234,c234,c234,c234,c234,c234
12822,12820,2,c1,c1,c1,c1,c1,c234,c1,c1,c234
12823,12821,3,c234,c234,c234,c234,c234,c234,c234,c234,c1
12825,12823,3,c234,c1,c1,c1,c234,c234,c1,c1,c234
12826,12824,1,c1,c234,c5,c5,c234,c5,c234,c234,c234
12827,12825,2,c5,c234,c234,c234,c234,c234,c234,c234,c234
12828,12826,1,c1,c234,c234,c1,c234,c234,c234,c234,c234
12830,12828,2,c5,c234,c234,c234,c234,c234,c234,c234,c234
12831,12829,3,c234,c234,c234,c234,c234,c234,c234,c234,c234
12834,12832,3,c234,c1,c1,c1,c1,c1,c1,c1,c1
12836,36,2,c234,c5,c5,c5,c5,c5,c5,c5,c5
12837,12835,1,c1,c5,c5,c5,c5,c5,c5,c5,c5
12839,36,2,c5,c5,c5,c5,c5,c5,c5,c5,c5
12840,3478,1,c5,c5,c5,c5,c5,c5,c5,c5,c5
12842,12840,2,c5,c5,c5,c5,c5,c5,c5,c5,c5
12843,12841,1,c5,c5,c5,c5,c5,c5,c5,c5,c5
12844,12842,2,c234,c1,c1,c1,c1,c234,c1,c1,c234
12845,12843,3,c1,c5,c5,c5,c5,c5,c5,c5,c5
12846,12844,2,c5,c5,c5,c5,c5,c5,c5,c5,c5
12848,12846,1,c5,c234,c234,c234,c234,c5,c234,c234,c5
12849,36,2,c234,c5,c5,c5,c5,c5,c5,c5,c5
12850,12848,1,c1,c234,c234,c234,c234,c234,c234,c234,c234
12851,12849,3,c5,c234,c234,c234,c234,c234,c234,c234,c234
12852,12850,2,c5,c5,c5,c5,c5,c5,c5,c5,c5
12853,12851,3,c234,c5,c5,c5,c5,c5,c5,c5,c5
12855,12853,1,c1,c234,c234,c234,c234,c234,c234,c234,c234
12856,12854,3,c5,c1,c1,c1,c1,c234,c1,c1,c234
12857,12855,2,c234,c234,c234,c234,c234,c5,c234,c234,c5
12858,8812,2,c5,c234,c234,c234,c234,c234,c234,c234,c234
12859,16,1,c234,c1,c1,c1,c1,c1,c1,c1,c1
12860,12858,1,c5,c5,c5,c5,c5,c5,c5,c5,c5
12861,12859,2,c1,c1,c1,c1,c1,c1,c1,c1,c1
12863,12861,3,c234,c1,c1,c1,c1,c234,c1,c1,c234
12864,12862,1,c234,c5,c5,c5,c5,c5,c5,c5,c5
12866,12864,2,c5,c1,c1,c1,c1,c1,c1,c1,c1
12867,12865,3,c5,c234,c234,c234,c234,c5,c234,c234,c5
12868,12866,1,c1,c1,c1,c1,c5,c1,c1,c5,c5
12869,12867,3,c5,c5,c5,c5,c5,c5,c5,c5,c5
12870,12868,2,c234,c5,c5,c5,c5,c5,c5,c5,c5
12872,12870,2,c5,c234,c234,c234,c234,c234,c234,c234,c234
12873,12871,1,c5,c5,c5,c5,c5,c5,c5,c5,c5
12875,12873,1,c5,c5,c5,c5,c5,c5,c5,c5,c5
12876,12874,3,c234,c1,c234,c1,c234,c234,c1,c234,c234
12877,12875,3,c1,c1,c1,c1,c1,c5,c1,c1,c1
12878,12876,2,c5,c234,c234,c234,c234,c1,c234,c234,c234
12879,12877,2,c234,c5,c5,c5,c5,c5,c5,c5,c5
12880,12878,3,c234,c234,c234,c234,c234,c234,c234,c234,c234
12881,12879,1,c1,c5,c5,c5,c5,c5,c5,c5,c5
12884,12882,1,c1,c5,c5,c5,c5,c5,c5,c5,c5
12885,12883,2,c234,c234,c234,c234,c234,c5,c234,c234,c234
12886,12884,1,c5,c5,c5,c5,c5,c5,c5,c5,c5
12887,7158,1,c234,c1,c1,c1,c1,c1,c1,c1,c1
12888,12886,3,c5,c5,c5,c5,c5,c5,c5,c5,c5
12890,6675,2,c5,c234,c234,c234,c234,c234,c234,c234,c5
12893,12891,1,c234,c5,c5,c5,c5,c5,c5,c5,c5
12894,12892,3,c234,c5,c5,c5,c5,c5,c5,c5,c5
12895,24,3,c234,c5,c5,c5,c5,c5,c5,c5,c5
12896,274,3,c5,c5,c5,c1,c5,c234,c5,c1,c1
12897,779,1,c234,c1,c1,c1,c1,c1,c1,c1,c1
12898,12896,2,c1,c5,c5,c5,c5,c5,c5,c5,c5
12900,12898,3,c1,c1,c1,c1,c1,c1,c1,c1,c1
12901,12899,1,c5,c234,c234,c234,c234,c234,c234,c234,c234
12902,12900,2,c1,c234,c234,c1,c234,c1,c234,c234,c1
12903,12901,1,c5,c234,c234,c234,c234,c234,c234,c234,c234
12905,12903,3,c1,c5,c5,c5,c5,c5,c5,c5,c5
12906,274,3,c5,c5,c5,c1,c5,c234,c5,c1,c1
12908,12906,2,c5,c5,c5,c5,c5,c5,c5,c5,c5
12909,3035,2,c234,c5,c1,c5,c5,c5,c5,c1,c1
12910,36,2,c234,c5,c5,c5,c5,c5,c5,c5,c5
12911,12909,1,c1,c1,c1,c1,c1,c1,c1,c1,c1
12912,12910,2,c5,c5,c5,c5,c5,c5,c5,c5,c234
12913,12911,3,c234,c234,c234,c234,c234,c234,c234,c234,c5
12914,4009,1,c1,c1,c1,c1,c1,c1,c1,c1,c1
12916,12914,1,c5,c5,c5,c5,c5,c5,c5,c5,c5
12918,12916,2,c5,c234,c5,c234,c5,c5,c5,c5,c5
12919,6618,2,c5,c234,c234,c234,c234,c234,c234,c234,c234
12920,12918,1,c5,c5,c5,c5,c5,c5,c5,c5,c5
12922,12920,3,c5,c234,c234,c234,c234,c5,c234,c234,c234
12923,12921,2,c5,c5,c5,c5,c5,c5,c5,c5,c5
12925,12923,3,c1,c234,c234,c234,c234,c234,c234,c234,c1
12926,12924,1,c234,c5,c5,c5,c5,c5,c5,c5,c5
12927,12925,2,c234,c5,c5,c5,c5,c5,c5,c5,c5
12929,12927,3,c5,c5,c5,c5,c5,c5,c5,c5,c5
12930,12928,2,c234,c5,c5,c5,c5,c5,c5,c5,c234
12932,12930,1,c1,c1,c1,c1,c1,c1,c1,c1,c1
12934,12932,3,c1,c5,c5,c5,c5,c5,c5,c5,c234
12935,12933,2,c234,c5,c5,c5,c5,c5,c5,c5,c5
12936,12934,1,c1,c5,c5,c5,c5,c5,c5,c5,c5
12937,12935,1,c5,c5,c5,c5,c5,c5,c5,c5,c5
12938,12936,2,c234,c5,c5,c5,c5,c5,c5,c5,c5
12940,12938,3,c234,c1,c1,c1,c5,c5,c1,c1,c5
12941,12939,1,c1,c1,c1,c5,c1,c5,c1,c5,c5
12942,12940,3,c234,c234,c5,c234,c234,c5,c234,c234,c5
12943,2810,2,c234,c5,c5,c5,c5,c5,c5,c5,c5
12944,12942,2,c234,c5,c5,c5,c5,c5,c5,c5,c5
12945,12943,2,c5,c5,c5,c5,c5,c5,c5,c5,c5
12948,12946,2,c234,c234,c5,c234,c234,c234,c234,c234,c234
12949,12947,1,c234,c1,c1,c1,c1,c234,c1,c1,c234
12950,12948,3,c5,c5,c5,c5,c5,c234,c5,c5,c5
12951,12949,1,c5,c5,c5,c5,c5,c5,c5,c5,c5
12952,12950,3,c1,c234,c234,c234,c234,c234,c234,c234,c234
12954,12952,2,c234,c1,c1,c1,c1,c1,c1,c1,c1
12955,12953,1,c5,c5,c5,c5,c5,c5,c5,c5,c5
12956,12131,1,c1,c5,c5,c5,c5,c234,c5,c5,c234
12957,12955,2,c1,c5,c234,c5,c5,c5,c5,c5,c5
12958,12956,3,c234,c5,c5,c5,c5,c5,c5,c5,c5
12959,12957,1,c5,c234,c234,c234,c234,c234,c234,c234,c5
12960,36,2,c1,c5,c5,c5,c5,c5,c5,c5,c5
12961,12959,2,c5,c5,c5,c5,c5,c5,c5,c5,c5
12962,8259,2,c1,c5,c1,c5,c5,c1,c5,c1,c1
12963,12961,3,c5,c1,c1,c1,c1,c1,c1,c1,c234
12965,12963,1,c5,c5,c5,c5,c5,c5,c5,c5,c5
12966,12964,2,c1,c234,c234,c234,c234,c234,c234,c234,c234
12967,12965,3,c1,c5,c5,c5,c5,c234,c5,c5,c234
12969,12967,1,c5,c5,c5,c5,c5,c5,c5,c5,c1
12970,16,1,c1,c1,c1,c1,c1,c1,c1,c1,c1
12971,12969,2,c234,c5,c5,c5,c5,c5,c5,c5,c5
12972,5423,3,c5,c234,c234,c234,c234,c234,c234,c234,c234
12973,12971,3,c1,c1,c1,c234,c1,c234,c1,c234,c234
12974,3425,1,c1,c1,c1,c1,c1,c1,c1,c1,c1
12975,12973,2,c234,c234,c234,c234,c234,c234,c234,c234,c234
12977,7284,3,c1,c234,c234,c234,c234,c234,c234,c234,c5
12978,12976,1,c5,c5,c5,c234,c5,c5,c5,c1,c1
12979,12977,3,c5,c5,c5,c5,c5,c234,c5,c5,c234
12980,12978,2,c234,c5,c5,c5,c5,c5,c5,c5,c5
12981,166,2,c1,c1,c1,c1,c1,c1,c1,c1,c1
12982,12980,3,c5,c5,c5,c5,c5,c5,c5,c5,c5
12983,12981,1,c234,c234,c1,c234,c234,c234,c234,c1,c234
12984,426,1,c1,c1,c1,c1,c1,c1,c1,c1,c1
12986,12984,2,c5,c5,c5,c5,c5,c5,c5,c5,c5
12987,12985,3,c1,c1,c1,c1,c1,c234,c1,c1,c1
12988,12986,1,c234,c1,c1,c1,c1,c234,c1,c1,c1
12989,12987,2,c5,c234,c234,c234,c234,c5,c234,c234,c234
12990,12988,3,c234,c5,c5,c5,c5,c5,c5,c5,c5
12992,12990,2,c1,c5,c5,c5,c5,c5,c5,c5,c5
12993,12991,3,c234,c234,c234,c234,c234,c234,c234,c234,c234
12994,12992,2,c1,c234,c234,c234,c234,c234,c234,c234,c234
12995,12993,3,c1,c234,c234,c234,c234,c234,c234,c234,c234
12996,12994,2,c1,c234,c234,c234,c234,c234,c234,c234,c234
12998,12996,1,c5,c5,c5,c5,c5,c234,c5,c5,c234
12999,6304,2,c1,c5,c1,c5,c5,c5,c5,c1,c1
13000,6800,1,c5,c1,c1,c1,c1,c1,c1,c5,c1
13001,3635,3,c5,c5,c5,c5,c5,c5,c5,c5,c5
13002,13000,3,c1,c234,c234,c234,c234,c1,c234,c234,c1
13003,675,1,c234,c1,c1,c5,c1,c1,c1,c1,c1
13004,13002,2,c1,c1,c1,c1,c1,c1,c1,c1,c1
13005,13003,3,c1,c5,c5,c5,c5,c5,c5,c5,c5
13007,13005,2,c1,c1,c234,c5,c1,c5,c234,c5,c5
13008,2982,3,c5,c1,c1,c1,c1,c5,c1,c1,c1
13009,6127,2,c234,c234,c1,c234,c234,c1,c234,c1,c1
13010,13008,1,c5,c1,c1,c1,c1,c5,c1,c1,c5
13011,13009,3,c5,c5,c5,c5,c5,c5,c5,c5,c5
13012,513,2,c1,c234,c5,c234,c234,c5,c234,c5,c5
13014,13012,2,c234,c5,c5,c5,c5,c5,c5,c5,c5
13015,13013,1,c5,c5,c5,c5,c5,c234,c5,c5,c234
13016,13014,3,c234,c234,c5,c234,c234,c234,c234,c234,c5
13017,13015,2,c234,c234,c234,c234,c234,c5,c234,c234,c234
13018,13016,1,c1,c234,c234,c234,c234,c234,c234,c234,c234
13019,13017,3,c234,c1,c1,c1,c1,c1,c1,c1,c1
13020,13018,1,c5,c1,c1,c1,c1,c1,c1,c1,c1
13022,13020,2,c1,c234,c234,c234,c234,c234,c234,c234,c234
13024,2365,3,c1,c1,c234,c234,c234,c234,c1,c234,c234
13025,6038,3,c5,c5,c1,c1,c234,c1,c5,c234,c1
13026,13024,3,c1,c5,c5,c5,c5,c5,c5,c5,c5
13028,13026,1,c5,c5,c5,c5,c5,c5,c5,c5,c5
13029,13027,2,c234,c5,c5,c5,c5,c5,c5,c1,c5
13030,13028,3,c1,c1,c1,c1,c1,c234,c1,c1,c234
13031,349,1,c1,c1,c1,c1,c1,c5,c1,c1,c5
13032,13030,2,c5,c234,c234,c5,c234,c5,c234,c5,c5
13033,798,2,c5,c1,c1,c1,c1,c234,c1,c1,c234
13035,13033,1,c234,c5,c5,c5,c5,c5,c5,c5,c5
13036,7,3,c234,c5,c5,c5,c5,c5,c5,c5,c5
13037,293,2,c5,c5,c5,c5,c5,c5,c5,c5,c5
13038,13036,3,c234,c5,c5,c5,c5,c5,c5,c5,c234
13040,10603,1,c5,c234,c234,c234,c234,c5,c234,c234,c5
13041,13039,2,c5,c1,c1,c1,c1,c234,c1,c1,c234
13042,13040,1,c5,c5,c5,c5,c5,c5,c5,c5,c5
13043,10486,1,c5,c234,c234,c234,c234,c234,c234,c234,c234
13044,13042,2,c234,c234,c234,c234,c234,c234,c234,c234,c234
13045,13043,3,c1,c1,c1,c1,c1,c1,c1,c1,c1
13046,13044,1,c234,c234,c234,c5,c1,c5,c234,c234,c5
13049,13047,2,c5,c5,c234,c234,c5,c5,c5,c234,c5
13050,13048,3,c234,c234,c234,c234,c234,c5,c234,c234,c5
13052,5423,3,c1,c234,c234,c234,c234,c234,c234,c234,c234
13053,13051,3,c5,c5,c5,c5,c1,c5,c5,c1,c5
13054,13052,1,c234,c5,c5,c5,c5,c5,c5,c5,c5
13055,13053,2,c5,c234,c234,c234,c234,c5,c234,c234,c5
13056,13054,2,c5,c1,c1,c1,c1,c1,c1,c1,c1
13057,13055,1,c234,c5,c5,c5,c5,c5,c5,c5,c5
13059,13057,3,c5,c1,c1,c1,c1,c1,c1,c1,c1
13060,13058,1,c1,c5,c5,c5,c5,c5,c5,c5,c5
13061,11595,2,c234,c234,c234,c234,c5,c234,c234,c234,c234
13063,13061,3,c5,c5,c5,c5,c5,c5,c5,c5,c5
13064,13062,2,c5,c5,c234,c5,c234,c234,c234,c5,c5
13065,13063,1,c234,c5,c5,c5,c5,c5,c5,c5,c5
13066,13064,3,c1,c5,c5,c5,c5,c5,c5,c5,c5
13069,13067,1,c234,c5,c5,c5,c5,c5,c5,c5,c5
13070,680,1,c234,c1,c1,c1,c1,c5,c1,c1,c5
13071,13069,2,c1,c234,c234,c234,c234,c5,c234,c234,c5
13072,13070,3,c1,c1,c1,c1,c1,c1,c1,c1,c1
13073,4353,3,c234,c234,c234,c234,c234,c234,c234,c234,c234
13074,13072,1,c234,c5,c1,c5,c234,c234,c5,c234,c234
13075,7,3,c234,c5,c5,c5,c5,c5,c5,c5,c5
13076,53,3,c1,c1,c1,c1,c1,c1,c1,c1,c1
13077,1145,2,c234,c1,c1,c1,c1,c1,c1,c1,c1
13079,13077,2,c5,c5,c5,c5,c5,c5,c5,c5,c5
13080,13078,3,c5,c5,c5,c5,c5,c5,c5,c5,c5
13081,13079,1,c5,c5,c5,c5,c5,c5,c5,c5,c5
13083,13081,2,c5,c1,c234,c234,c1,c234,c1,c234,c234
13084,13082,3,c5,c234,c234,c234,c234,c234,c234,c234,c5
13086,13084,3,c1,c5,c5,c5,c5,c5,c5,c5,c5
13087,13085,1,c5,c5,c5,c5,c5,c5,c5,c5,c234
13088,13086,2,c1,c1,c1,c1,c1,c1,c1,c1,c1
13089,13087,1,c234,c5,c5,c5,c5,c5,c5,c5,c5
13090,13088,3,c234,c1,c1,c1,c1,c5,c1,c1,c5
13092,611,3,c1,c5,c5,c5,c5,c5,c5,c5,c5
13093,13091,2,c234,c234,c234,c234,c234,c234,c234,c234,c234
13094,13092,1,c5,c234,c234,c234,c234,c5,c234,c234,c5
13095,13093,3,c1,c5,c5,c5,c5,c5,c5,c5,c1
13096,13094,2,c234,c1,c1,c1,c1,c1,c1,c1,c1
13097,13095,1,c234,c5,c5,c5,c5,c5,c5,c5,c5
13100,13098,2,c234,c1,c5,c1,c1,c234,c5,c5,c234
13102,13100,2,c1,c5,c5,c5,c5,c5,c5,c5,c5
13104,13102,3,c5,c1,c1,c1,c1,c1,c1,c1,c1
13105,13103,1,c1,c234,c234,c234,c234,c1,c234,c234,c1
13106,13104,2,c5,c5,c5,c5,c5,c5,c5,c5,c5
13107,13105,3,c1,c5,c5,c5,c5,c5,c5,c5,c5
13109,2919,3,c1,c1,c1,c1,c1,c1,c1,c1,c1
13110,13108,2,c5,c5,c5,c234,c5,c234,c5,c234,c234
13111,13109,1,c234,c5,c5,c5,c5,c5,c5,c5,c5
13112,13110,3,c1,c5,c5,c1,c5,c234,c5,c1,c234
13113,1145,2,c5,c234,c234,c234,c234,c1,c234,c1,c1
13115,13113,1,c234,c5,c5,c5,c5,c5,c5,c5,c5
13117,13115,2,c5,c5,c5,c5,c5,c5,c5,c5,c5
13118,13116,3,c5,c5,c5,c5,c5,c5,c5,c5,c5
13119,13117,2,c234,c234,c234,c234,c234,c234,c234,c234,c234
13120,13118,2,c5,c5,c5,c5,c5,c5,c5,c5,c5
13123,13121,1,c234,c1,c1,c1,c1,c234,c1,c1,c1
13124,13122,1,c5,c234,c234,c234,c234,c234,c234,c234,c234
13125,13123,3,c234,c5,c5,c5,c5,c5,c5,c5,c5
13126,13124,2,c5,c5,c5,c5,c5,c5,c5,c234,c5
13128,13126,2,c5,c234,c234,c234,c234,c234,c234,c234,c234
13129,13127,3,c234,c5,c5,c5,c5,c234,c5,c5,c1
13130,13128,1,c5,c5,c5,c5,c5,c5,c5,c5,c5
13131,13129,3,c5,c5,c5,c5,c5,c5,c5,c5,c5
13132,13130,1,c5,c5,c5,c5,c5,c234,c5,c5,c234
13134,2833,2,c5,c5,c5,c5,c5,c5,c5,c5,c5
13135,13133,2,c5,c234,c234,c5,c234,c5,c234,c234,c234
13137,13135,3,c1,c5,c5,c5,c5,c5,c5,c5,c5
13138,13136,3,c5,c5,c5,c5,c5,c5,c5,c5,c5
13139,13137,1,c5,c234,c234,c234,c234,c234,c234,c5,c5
13140,13138,2,c5,c234,c234,c234,c5,c234,c234,c5,c5
13141,13139,3,c234,c234,c234,c234,c234,c234,c234,c234,c234
13142,13140,1,c234,c5,c5,c5,c5,c5,c5,c5,c234
13143,939,3,c1,c234,c234,c1,c234,c1,c1,c1,c1
13144,13142,2,c234,c234,c234,c234,c234,c5,c1,c234,c5
13145,13143,1,c5,c5,c5,c5,c5,c5,c5,c5,c5
13146,13144,3,c1,c1,c1,c1,c1,c1,c1,c1,c1
13147,13145,2,c5,c5,c5,c5,c5,c5,c5,c5,c5
13150,13148,1,c5,c234,c1,c234,c234,c234,c234,c234,c1
13151,13149,2,c234,c5,c5,c5,c5,c5,c5,c5,c5
13152,3437,3,c1,c1,c1,c1,c1,c1,c1,c1,c1
13154,13152,3,c1,c5,c5,c5,c5,c5,c5,c5,c5
13155,13153,1,c1,c5,c5,c234,c234,c5,c5,c5,c5
13156,13154,2,c234,c5,c5,c5,c5,c5,c5,c5,c5
13158,1755,1,c1,c1,c1,c1,c1,c234,c1,c1,c1
13159,13157,3,c5,c234,c5,c234,c234,c5,c5,c234,c5
13160,13158,2,c234,c234,c234,c234,c234,c5,c234,c234,c234
13161,13159,1,c1,c1,c1,c1,c1,c234,c1,c1,c1
13163,36,2,c5,c5,c5,c5,c5,c5,c5,c5,c5
13164,13162,3,c1,c5,c5,c5,c234,c234,c5,c5,c234
13165,13163,1,c1,c5,c5,c5,c5,c5,c5,c5,c5
13166,946,1,c5,c5,c1,c5,c1,c5,c5,c1,c5
13167,13165,2,c234,c1,c1,c1,c1,c1,c1,c1,c1
13168,126,1,c5,c1,c1,c1,c1,c5,c1,c1,c1
13169,9614,3,c1,c1,c1,c1,c1,c1,c1,c1,c1
13170,13168,3,c5,c234,c234,c234,c234,c234,c234,c234,c234
13171,13169,3,c1,c5,c5,c234,c5,c234,c5,c234,c234
13172,13170,1,c1,c5,c5,c5,c5,c5,c5,c5,c5
13173,3451,1,c1,c1,c1,c1,c1,c1,c1,c1,c1
13174,13172,3,c1,c1,c1,c1,c1,c1,c1,c1,c1
13175,7,3,c1,c5,c5,c5,c5,c5,c5,c5,c5
13177,13175,2,c234,c5,c5,c5,c5,c5,c5,c5,c5
13178,13176,1,c1,c5,c5,c5,c5,c5,c5,c5,c5
13179,13177,2,c5,c5,c5,c5,c5,c5,c5,c5,c5
13181,13179,2,c5,c1,c1,c1,c1,c1,c1,c1,c1
13182,271,1,c1,c1,c1,c1,c1,c1,c1,c1,c1
13183,13181,3,c234,c234,c234,c234,c234,c234,c234,c234,c234
13184,13182,1,c234,c234,c234,c1,c234,c234,c234,c1,c234
13185,6928,2,c1,c1,c1,c1,c1,c1,c1,c1,c1
13186,13184,1,c5,c5,c5,c5,c5,c5,c5,c5,c5
13188,1902,2,c1,c1,c1,c5,c1,c1,c1,c5,c1
13189,13187,2,c234,c234,c234,c234,c234,c234,c234,c234,c234
13190,13188,3,c5,c5,c5,c5,c5,c5,c5,c5,c5
13191,513,2,c5,c5,c5,c5,c5,c5,c5,c5,c5
13193,13191,1,c234,c1,c1,c1,c1,c1,c1,c1,c1
13194,13192,2,c234,c234,c234,c234,c234,c234,c234,c234,c234
13196,13194,3,c5,c5,c5,c5,c5,c5,c5,c5,c5
13197,13195,1,c234,c5,c5,c5,c5,c5,c5,c1,c5
13198,13196,2,c234,c234,c234,c5,c234,c234,c5,c5,c234
13200,13198,1,c5,c1,c1,c1,c1,c1,c1,c1,c1
13201,13199,3,c5,c5,c5,c5,c5,c5,c5,c5,c5
13202,13200,3,c234,c5,c5,c5,c5,c5,c5,c5,c5
13203,13201,2,c1,c1,c1,c1,c1,c1,c1,c1,c1
13205,13203,2,c1,c5,c5,c5,c5,c5,c5,c5,c5
13206,13204,1,c5,c5,c5,c5,c5,c5,c5,c5,c5
13207,13205,3,c5,c5,c5,c5,c5,c5,c5,c5,c1
13208,16,1,c234,c1,c1,c1,c1,c1,c1,c1,c1
13210,13208,1,c5,c5,c5,c5,c5,c5,c5,c5,c5
13211,13209,2,c1,c1,c5,c5,c5,c234,c1,c5,c234
13212,16,1,c1,c1,c1,c1,c1,c1,c1,c1,c1
13214,13212,3,c5,c234,c234,c234,c234,c234,c234,c234,c234
13215,13213,3,c234,c5,c5,c5,c5,c5,c5,c5,c5
13216,4179,1,c5,c1,c1,c1,c1,c5,c1,c1,c5
13217,13215,1,c234,c1,c1,c1,c1,c5,c1,c1,c1
13218,13216,2,c5,c5,c5,c5,c5,c5,c5,c5,c5
13219,770,2,c234,c234,c234,c234,c234,c234,c234,c234,c234
13220,13218,1,c5,c5,c5,c5,c5,c5,c5,c5,c5
13222,13220,2,c1,c1,c1,c1,c1,c1,c1,c1,c5
13223,13221,3,c234,c234,c234,c234,c234,c234,c234,c234,c234
13224,13222,1,c1,c5,c5,c1,c5,c234,c5,c1,c234
13225,713,2,c234,c5,c5,c5,c5,c5,c5,c5,c5
13226,13224,2,c234,c1,c1,c1,c1,c1,c1,c1,c1
13228,13226,3,c234,c234,c234,c234,c234,c234,c234,c234,c234
13229,13227,1,c1,c1,c1,c1,c1,c1,c1,c1,c1
13230,13228,2,c234,c5,c5,c5,c5,c5,c5,c5,c5
13232,13230,3,c1,c5,c5,c234,c5,c1,c5,c234,c234
13233,13231,1,c5,c234,c234,c234,c234,c5,c234,c234,c5
13234,13232,3,c5,c5,c5,c5,c5,c5,c5,c5,c5
13235,13233,2,c5,c5,c5,c5,c5,c5,c5,c5,c5
13237,13235,1,c5,c234,c234,c234,c234,c234,c234,c234,c234
13238,2591,3,c234,c1,c234,c1,c234,c5,c1,c1,c5
13239,16,1,c1,c1,c1,c1,c1,c1,c1,c1,c1
13240,2460,2,c1,c1,c1,c1,c1,c1,c1,c1,c1
13241,13239,3,c1,c5,c5,c5,c234,c5,c5,c1,c1
13242,13240,2,c5,c5,c5,c5,c5,c5,c5,c5,c5
13244,13242,2,c234,c5,c5,c5,c5,c5,c5,c5,c5
13245,5872,1,c1,c1,c1,c1,c1,c5,c1,c1,c5
13247,13245,1,c1,c234,c234,c234,c234,c234,c234,c234,c234
13248,13246,3,c234,c5,c5,c5,c5,c5,c5,c5,c5
13249,13247,3,c5,c1,c5,c1,c5,c5,c1,c5,c5
13250,13248,1,c234,c5,c5,c5,c5,c5,c5,c5,c5
13252,13250,2,c1,c5,c5,c5,c5,c5,c5,c5,c5
13253,9092,1,c1,c1,c1,c1,c1,c1,c1,c1,c1
13255,13253,3,c5,c5,c5,c5,c5,c5,c5,c5,c5
13256,13254,1,c5,c5,c5,c5,c5,c5,c5,c5,c5
13257,36,2,c1,c5,c5,c5,c5,c5,c5,c5,c5
13259,13257,2,c5,c234,c234,c234,c234,c5,c234,c234,c5
13260,13258,2,c234,c234,c234,c234,c5,c5,c234,c234,c5
13261,13259,1,c1,c234,c234,c234,c234,c234,c234,c234,c234
13262,13260,3,c5,c5,c5,c5,c5,c5,c5,c1,c1
13263,4132,2,c1,c1,c1,c1,c1,c1,c1,c1,c1
13264,13262,1,c1,c5,c5,c5,c5,c5,c5,c1,c234
13265,1145,2,c1,c234,c1,c234,c1,c1,c1,c1,c1
13266,13264,2,c1,c234,c234,c1,c234,c234,c234,c1,c5
13267,13265,3,c1,c5,c5,c5,c5,c5,c5,c5,c5
13269,13267,2,c5,c5,c5,c5,c5,c5,c5,c5,c5
13270,13268,3,c5,c5,c5,c5,c5,c5,c5,c5,c5
13272,5668,3,c234,c234,c234,c234,c234,c234,c234,c234,c234
13274,13272,2,c5,c1,c1,c1,c234,c234,c1,c234,c234
13276,13274,1,c234,c5,c5,c5,c5,c5,c5,c5,c5
13277,13275,3,c5,c5,c5,c5,c234,c5,c5,c5,c5
13278,13276,2,c5,c5,c5,c5,c5,c5,c5,c5,c5
13279,13277,1,c5,c5,c5,c5,c5,c5,c5,c5,c5
13280,13278,3,c1,c234,c234,c234,c234,c234,c234,c234,c5
13283,1212,3,c234,c1,c1,c1,c1,c1,c1,c1,c1
13285,13283,1,c1,c5,c5,c5,c5,c5,c5,c5,c5
13286,13284,1,c5,c5,c5,c5,c5,c5,c5,c5,c5
13287,13285,2,c234,c1,c1,c1,c1,c5,c1,c1,c5
13289,13287,3,c234,c234,c234,c234,c234,c234,c234,c234,c234
13290,13288,3,c1,c234,c234,c234,c234,c5,c234,c234,c5
13291,13289,2,c234,c5,c5,c5,c5,c5,c5,c5,c5
13292,13290,2,c5,c234,c234,c234,c234,c234,c234,c1,c1
13294,13292,3,c234,c1,c1,c1,c1,c1,c1,c1,c1
13296,1494,2,c234,c5,c5,c5,c5,c5,c5,c5,c5
13297,13295,1,c5,c1,c1,c1,c1,c1,c1,c1,c1
13298,13296,2,c5,c234,c234,c234,c234,c234,c234,c234,c234
13299,13297,3,c234,c1,c234,c1,c1,c234,c1,c234,c234
13300,13298,3,c5,c1,c234,c1,c1,c1,c1,c234,c5
13301,13299,1,c234,c234,c234,c234,c234,c5,c234,c234,c5
13302,13300,1,c5,c234,c234,c234,c234,c234,c234,c234,c234
13304,7073,1,c234,c5,c5,c5,c5,c5,c5,c5,c5
13305,13303,2,c234,c1,c1,c1,c1,c1,c1,c1,c1
13306,13304,1,c5,c5,c5,c5,c5,c5,c5,c5,c5
13307,13305,2,c5,c1,c1,c1,c1,c1,c1,c1,c1
13309,6928,2,c1,c1,c1,c1,c1,c1,c1,c1,c1
13310,13308,3,c5,c1,c5,c1,c5,c234,c1,c5,c234
13311,13309,1,c5,c5,c5,c5,c5,c5,c5,c5,c5
13312,13310,3,c5,c5,c5,c5,c5,c5,c5,c5,c5
13314,13312,2,c1,c234,c234,c234,c234,c234,c234,c234,c234
13316,13314,1,c1,c1,c1,c1,c1,c1,c1,c1,c1
13318,13316,2,c5,c234,c234,c234,c234,c234,c234,c234,c234
13319,13317,3,c234,c234,c234,c234,c5,c234,c234,c5,c234
13320,2317,3,c1,c5,c5,c5,c5,c5,c5,c5,c5
13321,13319,3,c5,c234,c234,c234,c234,c5,c234,c234,c5
13323,13321,1,c1,c1,c1,c1,c1,c5,c1,c1,c5
13324,406,2,c5,c1,c1,c1,c1,c1,c1,c1,c1
13325,1145,2,c1,c1,c1,c1,c1,c1,c1,c1,c1
13326,13324,1,c5,c5,c5,c5,c5,c5,c5,c5,c5
13327,13325,2,c5,c5,c5,c5,c5,c5,c5,c5,c5
13328,13326,2,c234,c5,c5,c5,c5,c5,c5,c5,c5
13329,36,2,c1,c5,c5,c5,c5,c5,c5,c5,c5
13331,13329,3,c1,c234,c234,c234,c234,c234,c234,c234,c5
13332,13330,3,c1,c1,c1,c1,c1,c234,c1,c1,c1
13334,13332,1,c234,c234,c234,c234,c234,c234,c234,c234,c234
13335,13333,3,c5,c5,c5,c5,c5,c5,c5,c5,c5
13336,13334,1,c5,c5,c5,c5,c5,c5,c5,c5,c5
13338,13336,3,c1,c1,c1,c1,c1,c1,c1,c1,c1
13339,1336,3,c1,c1,c1,c5,c1,c5,c1,c1,c5
13340,13338,2,c5,c5,c5,c5,c5,c5,c5,c5,c5
13341,13339,2,c1,c5,c5,c5,c5,c5,c5,c1,c5
13342,13340,1,c5,c5,c1,c5,c5,c5,c1,c1,c5
13344,13342,3,c5,c234,c234,c5,c234,c5,c234,c5,c5
13345,13343,1,c5,c234,c234,c234,c234,c234,c234,c234,c5
13346,13344,2,c5,c5,c5,c5,c5,c234,c5,c5,c234
13347,504,2,c234,c1,c1,c1,c1,c1,c1,c1,c1
13349,13347,1,c5,c234,c234,c234,c234,c5,c234,c234,c5
13350,13348,3,c234,c1,c1,c1,c234,c234,c1,c234,c234
13351,8128,3,c234,c5,c5,c5,c5,c5,c5,c5,c5
13352,13350,3,c1,c1,c1,c1,c1,c234,c1,c1,c5
13353,13351,2,c234,c1,c1,c1,c1,c5,c1,c1,c5
13355,107,1,c234,c1,c1,c1,c1,c5,c1,c1,c5
13356,13354,1,c1,c1,c1,c1,c1,c1,c1,c1,c1
13358,13356,2,c5,c5,c5,c5,c5,c5,c5,c5,c5
13359,13357,1,c5,c5,c1,c5,c5,c1,c5,c5,c1
13360,13358,3,c1,c5,c5,c5,c5,c5,c5,c5,c5
13361,13359,3,c5,c5,c5,c5,c5,c5,c5,c5,c5
13362,4310,2,c234,c5,c5,c5,c5,c5,c5,c5,c5
13365,675,1,c234,c1,c1,c5,c1,c5,c5,c1,c1
13366,1249,2,c1,c234,c234,c234,c234,c5,c234,c234,c234
13367,13365,2,c5,c5,c5,c5,c5,c5,c5,c5,c5
13368,13366,3,c1,c234,c234,c234,c234,c234,c234,c234,c234
13370,13368,1,c5,c5,c5,c5,c5,c5,c5,c5,c5
13372,13370,2,c1,c234,c234,c234,c5,c5,c5,c5,c5
13373,13371,3,c1,c234,c234,c234,c234,c234,c234,c234,c234
13375,13373,2,c234,c234,c234,c234,c234,c234,c234,c234,c234
13376,5067,2,c5,c234,c234,c1,c234,c234,c234,c1,c1
13377,13375,1,c234,c5,c5,c5,c5,c5,c5,c5,c5
13378,1913,1,c5,c5,c1,c5,c5,c5,c5,c1,c5
13379,2563,2,c5,c5,c5,c5,c5,c5,c5,c5,c5
13380,13378,3,c234,c234,c234,c234,c234,c234,c234,c234,c1
13381,13379,1,c1,c5,c5,c5,c234,c5,c5,c5,c5
13383,12361,2,c234,c234,c234,c234,c234,c234,c234,c234,c234
13384,13382,1,c234,c1,c1,c1,c1,c5,c1,c1,c5
13385,13383,2,c5,c5,c5,c5,c5,c5,c5,c5,c5
13386,2495,1,c234,c234,c234,c234,c234,c1,c234,c234,c1
13387,13385,3,c5,c1,c1,c1,c1,c1,c1,c1,c1
13389,13387,2,c234,c1,c1,c1,c1,c1,c1,c1,c1
13390,13388,3,c234,c5,c5,c5,c5,c5,c5,c5,c5
13392,3779,2,c234,c1,c234,c1,c1,c234,c1,c1,c234
13393,13391,1,c1,c234,c234,c234,c234,c234,c234,c234,c1
13394,13392,2,c5,c1,c1,c1,c1,c1,c1,c1,c1
13396,13394,3,c234,c1,c1,c1,c234,c234,c1,c234,c234
13397,9502,1,c1,c234,c234,c234,c234,c234,c234,c234,c234
13400,13398,1,c1,c1,c1,c1,c1,c1,c1,c1,c1
13401,6800,1,c5,c1,c1,c1,c1,c1,c1,c5,c1
13402,13400,3,c234,c234,c234,c234,c234,c234,c234,c234,c234
13404,13402,2,c234,c5,c5,c5,c5,c5,c5,c5,c5
13405,13403,2,c234,c5,c5,c5,c5,c234,c5,c234,c234
13406,13404,1,c5,c234,c234,c234,c234,c5,c234,c234,c5
13407,13405,3,c5,c234,c234,c234,c234,c234,c234,c234,c5
13408,13406,2,c5,c1,c1,c1,c5,c5,c1,c1,c5
13409,13407,1,c1,c234,c234,c234,c234,c234,c234,c234,c234
13411,13409,3,c234,c234,c234,c234,c234,c234,c234,c234,c234
13412,13410,2,c234,c5,c5,c5,c5,c5,c5,c5,c5
13413,13411,1,c1,c234,c234,c234,c234,c234,c234,c234,c234
13414,1597,1,c234,c5,c5,c5,c5,c5,c5,c5,c5
13415,13413,3,c5,c5,c5,c5,c5,c5,c5,c5,c5
13417,13415,3,c234,c234,c234,c234,c5,c5,c234,c5,c5
13418,13416,2,c5,c1,c1,c1,c1,c1,c1,c1,c1
13419,13417,3,c1,c5,c5,c5,c5,c5,c5,c5,c5
13420,13418,1,c1,c1,c1,c1,c1,c1,c1,c1,c1
13421,13419,3,c234,c234,c234,c234,c234,c234,c234,c234,c234
13423,13421,2,c234,c5,c5,c5,c5,c5,c5,c5,c5
13424,13422,1,c1,c1,c1,c1,c1,c1,c1,c1,c1
13425,13423,2,c5,c5,c5,c5,c5,c5,c5,c5,c5
13427,13425,3,c5,c1,c1,c1,c1,c234,c1,c1,c1
13429,13427,2,c5,c5,c5,c5,c5,c5,c5,c5,c5
13431,13429,3,c1,c234,c234,c234,c234,c234,c234,c234,c5
13432,13430,1,c1,c5,c234,c234,c234,c234,c234,c234,c234
13433,13431,1,c234,c234,c234,c234,c234,c234,c234,c234,c234
13435,13433,3,c1,c5,c5,c5,c5,c5,c5,c5,c5
13436,13434,1,c234,c1,c1,c1,c234,c234,c1,c1,c234
13437,13435,2,c1,c1,c1,c1,c1,c1,c1,c1,c5
13440,13438,2,c234,c234,c234,c234,c234,c5,c234,c234,c5
13441,13439,3,c5,c5,c5,c5,c5,c5,c5,c5,c5
13443,13441,2,c5,c5,c5,c5,c5,c5,c5,c5,c5
13444,2601,2,c234,c5,c5,c5,c5,c5,c5,c5,c5
13445,13443,1,c234,c5,c5,c5,c5,c5,c5,c5,c5
13446,13444,1,c5,c5,c5,c5,c5,c5,c5,c5,c5
13447,13445,3,c234,c5,c5,c5,c5,c5,c5,c5,c5
13449,9610,3,c5,c5,c234,c5,c5,c5,c5,c234,c1
13450,706,1,c1,c1,c1,c1,c1,c1,c1,c1,c1
13451,13449,1,c1,c5,c5,c5,c5,c5,c5,c5,c5
13452,272,2,c5,c234,c234,c234,c234,c234,c234,c234,c234
13454,13452,1,c5,c5,c5,c5,c5,c5,c5,c5,c5
13455,13453,2,c234,c234,c234,c234,c234,c1,c234,c234,c1
13456,13454,3,c234,c5,c5,c5,c5,c234,c5,c5,c5
13457,13455,1,c234,c234,c234,c5,c5,c5,c234,c234,c5
13459,13457,2,c5,c234,c234,c234,c234,c234,c234,c234,c234
13460,13458,3,c5,c5,c5,c5,c5,c5,c5,c5,c234
13461,13459,2,c5,c234,c234,c234,c234,c5,c234,c234,c5
13462,13460,3,c234,c234,c234,c234,c234,c234,c234,c234,c234
13463,13461,1,c5,c234,c234,c234,c234,c234,c234,c234,c234
13465,13463,2,c234,c5,c5,c5,c234,c5,c234,c5,c5
13466,16,1,c234,c1,c1,c1,c1,c1,c1,c1,c1
13467,13465,3,c5,c5,c5,c234,c5,c5,c5,c5,c5
13468,13466,2,c5,c5,c5,c5,c5,c5,c5,c5,c5
13470,13468,1,c234,c5,c5,c5,c5,c5,c5,c1,c1
13471,13469,3,c234,c234,c234,c234,c234,c234,c234,c234,c234
13473,13471,1,c5,c234,c234,c234,c234,c234,c234,c234,c234
13475,13473,2,c5,c5,c5,c5,c5,c5,c5,c5,c5
13476,13474,1,c1,c1,c1,c1,c1,c1,c1,c1,c1
13477,13475,3,c5,c1,c1,c1,c1,c5,c1,c1,c5
13478,13476,2,c234,c5,c5,c5,c5,c1,c5,c5,c1
13479,13477,3,c234,c234,c234,c234,c234,c5,c234,c234,c5
13481,13479,1,c5,c5,c5,c234,c234,c5,c234,c5,c5
13482,13480,3,c5,c5,c5,c5,c5,c1,c5,c5,c1
13483,13481,2,c5,c5,c5,c5,c5,c5,c5,c5,c5
13485,2811,1,c5,c5,c5,c5,c5,c5,c5,c5,c5
13486,13484,1,c5,c5,c5,c5,c5,c5,c5,c5,c5
13488,13486,2,c5,c234,c234,c234,c234,c5,c234,c234,c234
13489,13487,3,c1,c1,c1,c1,c1,c1,c1,c1,c1
13490,13488,2,c1,c1,c1,c5,c1,c5,c1,c1,c5
13491,36,2,c234,c5,c5,c5,c5,c5,c5,c5,c5
13492,13490,3,c5,c234,c234,c234,c5,c234,c234,c234,c234
13495,3458,2,c234,c1,c1,c1,c1,c5,c1,c1,c1
13496,13494,1,c1,c1,c1,c1,c1,c1,c1,c1,c1
13497,349,1,c5,c1,c5,c1,c1,c5,c1,c5,c5
13498,13496,1,c234,c5,c5,c5,c5,c5,c5,c5,c234
13499,13497,2,c234,c234,c234,c234,c234,c5,c234,c234,c5
13500,13498,1,c234,c234,c234,c234,c234,c5,c234,c234,c234
13503,13501,3,c5,c5,c5,c5,c5,c5,c5,c5,c5
13504,13502,2,c234,c5,c234,c234,c234,c234,c5,c234,c234
13505,13503,3,c5,c5,c5,c5,c5,c5,c5,c5,c5
13506,13504,2,c1,c1,c1,c1,c1,c1,c1,c1,c1
13507,13505,3,c234,c5,c5,c5,c5,c5,c5,c5,c5
13508,1850,3,c5,c5,c5,c5,c5,c5,c5,c5,c5
13510,13508,1,c1,c234,c234,c5,c234,c5,c5,c5,c5
13511,713,2,c5,c5,c5,c5,c5,c5,c5,c5,c5
13513,13511,1,c234,c5,c5,c5,c5,c5,c5,c5,c5
13514,13512,1,c234,c234,c234,c234,c234,c5,c234,c234,c5
13515,13513,2,c1,c1,c1,c1,c1,c1,c1,c1,c1
13516,13514,3,c1,c234,c234,c234,c234,c234,c234,c234,c234
13517,13515,1,c1,c5,c5,c5,c5,c1,c5,c5,c234
13518,13516,2,c1,c234,c234,c1,c234,c234,c234,c234,c1
13520,13518,1,c234,c234,c234,c234,c234,c234,c234,c234,c234
13521,13519,3,c234,c1,c1,c1,c1,c1,c1,c234,c1
13522,2753,2,c234,c234,c234,c234,c234,c234,c234,c234,c234
13524,1832,3,c1,c234,c234,c234,c234,c5,c234,c234,c5
13525,13523,2,c1,c5,c5,c5,c5,c5,c5,c5,c5
13527,13525,2,c234,c5,c5,c5,c5,c5,c5,c5,c1
13528,13526,3,c234,c234,c234,c234,c234,c234,c234,c234,c234
13529,13527,1,c5,c5,c5,c5,c5,c5,c5,c5,c5
13530,13528,3,c5,c234,c234,c234,c234,c234,c234,c234,c234
13531,13529,1,c5,c5,c5,c5,c5,c5,c5,c5,c5
13532,13530,2,c5,c5,c5,c5,c5,c5,c5,c5,c5
13533,33,3,c234,c1,c1,c1,c1,c1,c1,c1,c1
13534,13532,3,c5,c1,c1,c1,c1,c1,c1,c1,c234
13535,7,3,c234,c5,c5,c5,c5,c5,c5,c5,c5
13536,24,3,c5,c5,c5,c5,c5,c5,c5,c5,c5
13538,13536,1,c5,c1,c5,c5,c1,c1,c1,c5,c1
13539,5975,2,c1,c234,c234,c234,c5,c234,c234,c234,c1
13541,13539,2,c5,c234,c234,c234,c234,c234,c234,c234,c234
13542,452,3,c5,c234,c234,c234,c234,c234,c234,c234,c234
13544,13542,3,c5,c5,c5,c5,c5,c5,c5,c5,c5
13545,13543,1,c1,c5,c5,c5,c5,c5,c5,c5,c5
13546,7,3,c234,c5,c5,c5,c5,c5,c5,c5,c5
13547,33,3,c234,c1,c1,c234,c1,c1,c1,c234,c1
13548,10369,2,c234,c5,c5,c5,c5,c234,c5,c5,c234
13549,13547,1,c5,c5,c5,c5,c5,c5,c5,c5,c5
13550,13548,3,c1,c5,c5,c5,c5,c234,c5,c5,c5
13551,13549,2,c5,c1,c1,c1,c1,c234,c1,c1,c234
13553,13551,1,c5,c5,c5,c5,c5,c5,c5,c5,c5
13554,13552,3,c234,c5,c5,c5,c5,c5,c5,c5,c5
13555,13553,2,c5,c234,c234,c234,c234,c234,c234,c234,c234
13556,13554,3,c5,c5,c5,c5,c5,c5,c5,c5,c5
13558,7,3,c234,c5,c5,c5,c5,c5,c5,c5,c5
13559,13557,1,c234,c1,c1,c1,c1,c234,c1,c1,c234
13560,13558,2,c5,c5,c5,c5,c5,c5,c5,c5,c5
13561,13559,1,c234,c234,c234,c234,c234,c5,c234,c234,c5
13562,13560,2,c234,c5,c5,c5,c5,c5,c5,c5,c234
13565,6398,1,c234,c234,c234,c234,c234,c234,c234,c234,c234
13567,13565,3,c1,c1,c1,c1,c1,c1,c1,c1,c1
13570,13568,1,c234,c5,c5,c5,c5,c5,c5,c5,c5
13571,13569,2,c234,c234,c1,c1,c234,c234,c234,c1,c234
13572,13570,2,c234,c5,c5,c5,c5,c1,c5,c5,c1
13573,13571,1,c1,c1,c1,c1,c1,c1,c1,c1,c1
13574,4009,1,c1,c1,c1,c1,c1,c1,c1,c1,c1
13576,13574,3,c5,c5,c5,c5,c5,c5,c5,c5,c5
13577,13575,1,c1,c1,c1,c1,c1,c1,c1,c1,c1
13579,13577,3,c234,c234,c234,c234,c234,c234,c234,c234,c1
13580,13578,2,c234,c5,c5,c5,c5,c5,c5,c5,c5
13582,13580,1,c234,c234,c234,c234,c234,c234,c234,c234,c234
13583,13581,2,c1,c234,c234,c234,c234,c5,c234,c234,c5
13584,13582,3,c234,c5,c5,c5,c5,c5,c5,c5,c5
13585,13583,3,c5,c234,c234,c234,c234,c234,c234,c234,c234
13586,3115,2,c1,c234,c5,c5,c234,c5,c5,c5,c5
13588,989,1,c5,c234,c234,c1,c234,c234,c234,c1,c1
13589,13587,1,c5,c5,c5,c5,c5,c5,c5,c5,c5
13590,13588,2,c234,c5,c5,c234,c5,c5,c5,c5,c5
13591,13589,1,c234,c1,c1,c5,c1,c5,c1,c1,c1
13592,13590,2,c5,c5,c5,c5,c5,c5,c5,c5,c5
13594,13592,1,c5,c5,c5,c5,c5,c5,c5,c5,c5
13595,16,1,c234,c1,c1,c1,c1,c1,c1,c1,c1
13596,107,1,c5,c1,c1,c1,c234,c5,c1,c1,c5
13597,13595,3,c5,c5,c5,c5,c5,c5,c5,c5,c5
13599,13597,2,c5,c5,c5,c5,c5,c5,c5,c5,c5
13600,1494,2,c1,c5,c5,c5,c5,c5,c5,c5,c5
13601,13599,3,c234,c1,c1,c1,c1,c234,c1,c1,c234
13602,513,2,c1,c234,c5,c234,c234,c5,c234,c5,c5
13603,13601,2,c5,c5,c5,c5,c5,c5,c5,c5,c5
13604,13602,1,c5,c5,c5,c5,c5,c5,c5,c234,c234
13605,1145,2,c1,c234,c1,c234,c234,c1,c1,c1,c1
13606,13604,3,c1,c1,c1,c1,c1,c1,c1,c1,c1
13608,13606,1,c234,c5,c5,c1,c1,c5,c5,c1,c1
13609,5596,2,c1,c234,c234,c234,c234,c234,c234,c234,c234
13610,13608,2,c5,c5,c5,c5,c5,c5,c5,c5,c5
13611,513,2,c1,c234,c5,c234,c234,c5,c234,c5,c5
13612,3562,2,c234,c5,c5,c5,c5,c5,c5,c5,c5
13613,13611,3,c234,c5,c5,c5,c5,c5,c5,c5,c5
13614,13612,1,c5,c234,c234,c234,c234,c5,c234,c234,c5
13616,13614,2,c1,c1,c1,c1,c1,c5,c1,c1,c5
13617,13615,3,c234,c5,c5,c5,c5,c5,c234,c5,c5
13618,13616,1,c234,c1,c1,c1,c1,c1,c1,c1,c1
13619,13617,2,c5,c5,c5,c5,c5,c5,c5,c5,c5
13620,13618,3,c234,c234,c234,c234,c234,c234,c234,c234,c5
13623,13621,1,c1,c234,c234,c234,c234,c234,c234,c234,c234
13624,13622,2,c5,c1,c1,c1,c1,c234,c1,c1,c5
13625,13623,2,c234,c1,c1,c1,c1,c234,c1,c1,c234
13627,13625,3,c234,c5,c5,c5,c5,c5,c5,c5,c5
13628,13626,3,c5,c5,c5,c5,c5,c5,c5,c5,c5
13629,13627,1,c5,c234,c234,c234,c234,c5,c234,c234,c5
13631,13629,1,c234,c1,c1,c1,c1,c234,c1,c1,c1
13632,13630,3,c5,c5,c5,c5,c5,c5,c5,c5,c5
13633,9678,2,c5,c234,c234,c234,c234,c234,c234,c234,c234
13634,16,1,c234,c1,c1,c1,c1,c1,c1,c1,c1
13635,13633,2,c1,c5,c5,c5,c5,c5,c5,c5,c5
13636,13634,1,c1,c234,c234,c234,c234,c234,c234,c234,c234
13638,13636,1,c234,c5,c5,c5,c5,c5,c5,c5,c5
13640,13638,3,c234,c5,c5,c5,c5,c234,c5,c5,c234
13641,13639,2,c5,c5,c5,c5,c5,c5,c5,c5,c5
13642,13640,1,c5,c234,c234,c234,c234,c5,c234,c234,c5
13644,13642,3,c1,c1,c1,c1,c1,c1,c1,c1,c1
13645,13643,2,c5,c5,c5,c5,c1,c5,c5,c5,c5
13646,13644,2,c1,c5,c5,c5,c5,c5,c5,c5,c5
13647,91,3,c1,c1,c1,c1,c1,c1,c1,c1,c1
13648,13646,3,c1,c5,c5,c5,c5,c5,c5,c5,c234
13650,13648,1,c234,c234,c234,c234,c234,c234,c234,c234,c234
13651,271,1,c1,c1,c1,c1,c1,c1,c1,c1,c1
13652,13650,1,c5,c1,c1,c1,c1,c1,c1,c1,c1
13653,13651,1,c5,c5,c5,c5,c5,c5,c5,c5,c5
13654,13652,2,c1,c5,c5,c5,c5,c234,c5,c5,c5
13657,13655,1,c234,c5,c5,c5,c5,c234,c5,c5,c234
13659,13657,2,c234,c234,c234,c234,c234,c234,c234,c234,c234
13660,13658,3,c5,c5,c5,c5,c5,c5,c5,c5,c234
13661,13659,3,c5,c5,c5,c5,c5,c5,c5,c5,c5
13662,13660,2,c5,c5,c5,c5,c5,c234,c5,c5,c234
13663,13661,1,c1,c1,c1,c1,c1,c1,c1,c1,c1
13666,13664,3,c5,c1,c1,c1,c1,c1,c1,c1,c5
13667,13665,1,c234,c234,c234,c234,c234,c234,c234,c234,c234
13668,13666,2,c1,c234,c234,c234,c234,c5,c234,c234,c5
13670,13668,2,c5,c5,c5,c5,c5,c5,c5,c5,c5
13671,13669,3,c234,c234,c234,c234,c234,c234,c234,c234,c234
13672,13670,1,c1,c1,c1,c1,c1,c1,c1,c1,c5
13673,13671,3,c234,c1,c1,c1,c1,c5,c1,c1,c5
13674,13672,1,c1,c234,c234,c234,c234,c234,c234,c234,c234
13675,0,3,c5,c1,c1,c1,c1,c1,c1,c1,c1
13676,13674,3,c234,c5,c5,c5,c5,c5,c5,c5,c5
13677,13675,2,c5,c234,c234,c234,c234,c5,c234,c234,c5
13679,13677,1,c1,c1,c1,c1,c1,c1,c1,c1,c1
13681,13679,2,c234,c234,c234,c234,c234,c234,c234,c234,c234
13682,271,1,c234,c1,c1,c1,c1,c1,c1,c1,c1
13683,13681,3,c5,c1,c1,c1,c1,c5,c1,c1,c5
13684,13682,1,c1,c5,c5,c5,c5,c5,c5,c5,c5
13685,13683,2,c234,c234,c234,c234,c234,c234,c234,c234,c5
13687,13685,1,c1,c5,c5,c5,c5,c5,c5,c5,c234
13688,375,1,c1,c1,c1,c1,c1,c1,c1,c1,c1
13690,13688,3,c1,c5,c5,c5,c5,c234,c5,c5,c5
13691,13689,1,c234,c5,c5,c5,c5,c5,c5,c5,c5
13692,13690,2,c5,c5,c5,c5,c5,c5,c5,c5,c5
13693,13691,3,c234,c1,c1,c1,c1,c5,c1,c1,c5
13694,13692,1,c234,c5,c5,c5,c5,c234,c5,c5,c234
13696,13694,2,c234,c234,c234,c234,c234,c234,c234,c234,c234
13697,13695,3,c234,c5,c5,c5,c5,c5,c5,c5,c5
13698,403,3,c5,c1,c234,c234,c234,c234,c234,c234,c234
13699,13697,2,c5,c5,c5,c5,c5,c5,c5,c5,c5
13701,13699,1,c1,c1,c1,c1,c1,c234,c1,c1,c234
13702,13700,3,c5,c5,c5,c5,c5,c5,c5,c5,c5
13703,13701,2,c5,c234,c234,c234,c234,c234,c234,c234,c234
13704,13702,1,c1,c1,c1,c1,c1,c1,c1,c1,c1
13706,13704,3,c234,c1,c1,c1,c234,c1,c1,c1,c1
13707,13705,1,c5,c5,c5,c1,c5,c5,c5,c5,c5
13708,13706,2,c234,c5,c5,c5,c5,c234,c5,c5,c234
13709,126,1,c5,c1,c1,c1,c1,c5,c1,c1,c1
13710,375,1,c1,c1,c1,c1,c1,c1,c1,c1,c1
13711,13709,3,c5,c5,c234,c5,c234,c234,c5,c234,c234
13712,13710,2,c1,c5,c5,c5,c5,c5,c5,c5,c5
13713,1213,1,c5,c5,c5,c5,c5,c5,c5,c5,c5
13715,8074,1,c234,c5,c5,c5,c5,c5,c5,c5,c5
13716,13714,1,c234,c234,c234,c234,c234,c234,c234,c234,c234
13717,13715,3,c1,c234,c234,c1,c1,c234,c234,c1,c234
13718,13716,2,c5,c234,c234,c5,c5,c5,c5,c5,c5
13719,7,3,c5,c5,c5,c5,c5,c5,c5,c5,c5
13720,13718,3,c1,c5,c5,c5,c5,c5,c5,c5,c5
13721,13719,1,c1,c1,c1,c1,c1,c1,c1,c1,c1
13723,13721,1,c1,c234,c234,c234,c234,c234,c234,c234,c234
13724,13722,3,c5,c234,c234,c234,c234,c234,c234,c234,c234
13725,13723,2,c5,c234,c234,c234,c234,c234,c234,c234,c234
13726,13724,1,c1,c1,c1,c1,c1,c234,c1,c1,c1
13727,13725,2,c1,c1,c1,c1,c1,c5,c1,c1,c1
13729,13727,3,c5,c5,c5,c5,c5,c5,c5,c5,c5
13731,7,3,c5,c5,c5,c5,c5,c5,c5,c5,c5
13732,13730,1,c1,c5,c5,c5,c5,c5,c5,c5,c5
13733,13731,2,c5,c234,c234,c234,c234,c234,c234,c234,c234
13734,13732,3,c5,c5,c5,c5,c5,c5,c5,c5,c5
13735,2741,3,c1,c5,c234,c234,c5,c234,c5,c234,c234
13737,13735,2,c5,c5,c5,c5,c5,c5,c5,c5,c5
13738,13736,3,c1,c1,c1,c1,c1,c234,c1,c1,c1
13739,13737,1,c5,c5,c234,c5,c5,c5,c5,c234,c5
13740,13738,3,c234,c5,c5,c5,c5,c5,c5,c5,c5
13742,13740,1,c5,c1,c1,c1,c1,c5,c1,c5,c5
13743,13741,2,c234,c234,c234,c234,c234,c234,c234,c234,c234
13745,13743,3,c5,c5,c5,c5,c5,c5,c5,c5,c5
13746,13744,1,c234,c5,c5,c5,c5,c5,c5,c5,c5
13747,13745,2,c1,c1,c1,c1,c1,c1,c1,c1,c1
13748,13746,3,c1,c5,c5,c5,c5,c234,c5,c234,c234
13750,13748,1,c234,c5,c5,c5,c5,c5,c5,c5,c5
13751,13749,3,c5,c1,c1,c1,c1,c1,c1,c1,c1
13752,13750,2,c234,c1,c1,c1,c1,c5,c1,c1,c5
13753,16,1,c1,c1,c1,c1,c1,c1,c1,c1,c1
13754,13752,1,c234,c234,c234,c234,c234,c234,c234,c234,c234
13756,16,1,c1,c1,c1,c1,c1,c1,c1,c1,c1
13757,13755,2,c5,c5,c5,c5,c5,c234,c5,c5,c234
13758,1458,1,c1,c5,c5,c5,c5,c5,c5,c5,c1
13759,13757,3,c234,c1,c1,c1,c1,c5,c1,c1,c1
13763,13761,1,c234,c5,c5,c5,c5,c5,c5,c5,c5
13764,1102,1,c234,c234,c234,c234,c234,c5,c234,c234,c5
13765,13763,3,c1,c5,c5,c5,c5,c5,c5,c5,c5
13766,13764,2,c1,c1,c1,c1,c1,c1,c1,c1,c5
13767,5627,1,c1,c1,c1,c1,c1,c234,c1,c1,c5
13768,13766,2,c1,c5,c5,c5,c5,c5,c5,c5,c5
13770,13768,1,c5,c234,c1,c1,c234,c1,c234,c1,c1
13771,13769,3,c234,c5,c5,c5,c5,c5,c5,c5,c5
13772,3115,2,c234,c234,c5,c5,c234,c5,c5,c5,c5
13773,3260,1,c234,c1,c1,c1,c1,c1,c1,c1,c1
13774,13772,1,c234,c234,c234,c234,c234,c5,c234,c234,c5
13775,13773,2,c234,c5,c5,c5,c234,c5,c5,c5,c234
13776,13774,3,c5,c234,c234,c234,c234,c234,c234,c234,c234
13778,13776,1,c234,c5,c5,c5,c5,c5,c5,c5,c5
13779,13777,2,c234,c5,c5,c5,c5,c5,c5,c5,c5
13780,13778,3,c1,c5,c5,c5,c234,c5,c5,c5,c5
13781,13779,2,c5,c234,c234,c5,c234,c234,c234,c5,c5
13783,16,1,c234,c1,c1,c1,c1,c1,c1,c1,c1
13784,13782,1,c5,c1,c1,c1,c1,c1,c1,c1,c1
13785,13783,2,c234,c234,c234,c234,c234,c234,c234,c234,c234
13786,13784,3,c1,c234,c1,c234,c1,c1,c234,c1,c1
13787,13785,1,c234,c234,c234,c234,c234,c5,c234,c234,c5
13789,13787,3,c234,c234,c234,c234,c234,c234,c234,c234,c5
13790,13788,2,c1,c5,c5,c5,c5,c5,c5,c5,c5
13791,13789,1,c5,c1,c1,c1,c1,c5,c1,c1,c5
13794,2366,3,c234,c5,c5,c5,c5,c234,c5,c5,c234
13795,13793,3,c234,c234,c234,c234,c234,c5,c234,c234,c5
13796,13794,1,c5,c5,c5,c5,c5,c5,c5,c5,c5
13797,13795,1,c1,c234,c234,c234,c234,c234,c234,c234,c234
13798,1084,3,c1,c5,c5,c5,c5,c5,c5,c5,c234
13799,13797,2,c5,c234,c234,c234,c234,c234,c234,c234,c234
13801,13799,3,c5,c5,c5,c5,c5,c5,c5,c5,c5
13802,13800,3,c5,c5,c5,c5,c5,c5,c5,c5,c234
13804,13802,1,c234,c1,c1,c1,c1,c1,c1,c1,c1
13806,13804,3,c1,c5,c5,c5,c5,c5,c5,c5,c5
13807,13805,2,c234,c234,c234,c234,c234,c234,c234,c234,c234
13808,166,2,c1,c1,c1,c1,c1,c1,c1,c1,c1
13809,13807,2,c5,c5,c5,c5,c5,c5,c5,c5,c5
13810,91,3,c1,c1,c1,c1,c1,c1,c1,c1,c1
13811,13809,1,c1,c1,c1,c1,c1,c234,c1,c1,c5
13813,13811,2,c234,c234,c234,c234,c234,c234,c234,c234,c234
13814,13812,3,c234,c1,c1,c1,c1,c5,c1,c1,c5
13815,587,1,c1,c1,c1,c1,c1,c1,c1,c1,c1
13816,13814,1,c5,c5,c5,c5,c5,c5,c5,c5,c5
13817,13815,2,c5,c1,c1,c1,c1,c5,c1,c1,c5
13818,7,3,c5,c5,c5,c5,c5,c5,c5,c5,c5
13819,13817,2,c5,c1,c234,c1,c1,c234,c1,c1,c234
13821,13819,3,c234,c234,c234,c234,c234,c234,c234,c234,c1
13822,13820,1,c5,c234,c234,c234,c234,c5,c234,c5,c234
13823,13821,3,c1,c5,c5,c5,c5,c5,c5,c5,c5
13825,13823,2,c5,c234,c234,c234,c234,c5,c234,c1,c5
13826,13824,2,c234,c234,c234,c234,c234,c234,c234,c234,c234
13827,13825,1,c234,c234,c234,c234,c234,c234,c234,c234,c234
13828,13826,2,c234,c1,c1,c1,c1,c1,c1,c1,c1
13829,13827,2,c1,c234,c234,c234,c234,c234,c234,c234,c234
13832,13830,3,c1,c1,c1,c1,c5,c5,c1,c1,c234
13833,504,2,c1,c1,c1,c1,c1,c1,c1,c1,c1
13835,13441,2,c5,c5,c5,c5,c5,c5,c5,c5,c5
13836,13834,1,c1,c5,c5,c5,c5,c234,c5,c5,c234
13837,252,1,c5,c234,c5,c234,c234,c234,c234,c234,c234
13838,107,1,c5,c1,c1,c1,c1,c5,c1,c1,c5
13839,13837,3,c5,c234,c234,c234,c234,c234,c234,c234,c234
13841,16,1,c1,c1,c1,c1,c1,c1,c1,c1,c1
13843,13841,1,c1,c5,c5,c5,c5,c5,c5,c5,c5
13844,13842,2,c1,c1,c1,c1,c234,c234,c1,c1,c1
13845,13843,3,c5,c234,c234,c234,c234,c234,c234,c234,c234
13846,13844,3,c5,c5,c5,c5,c5,c5,c5,c5,c234
13847,13845,1,c234,c5,c5,c5,c5,c5,c5,c5,c5
13848,12728,2,c1,c1,c1,c1,c1,c1,c1,c1,c5
13849,1808,1,c234,c5,c5,c5,c5,c5,c5,c5,c5
13850,13848,3,c5,c5,c5,c5,c5,c5,c5,c5,c5
13852,13850,2,c5,c5,c234,c234,c5,c5,c5,c234,c5
13854,16,1,c5,c1,c1,c1,c1,c1,c1,c1,c1
13855,13853,1,c1,c234,c234,c234,c234,c234,c234,c234,c234
13856,13854,2,c234,c234,c234,c234,c234,c234,c234,c234,c234
13857,13855,3,c234,c5,c5,c5,c5,c5,c5,c1,c5
13858,13856,3,c1,c1,c1,c1,c1,c1,c1,c1,c1
13859,13857,3,c1,c1,c1,c1,c1,c1,c1,c1,c5
13860,13858,1,c1,c1,c1,c1,c1,c1,c1,c1,c1
13862,2797,2,c5,c234,c234,c234,c234,c234,c234,c234,c234
13863,13861,2,c234,c5,c5,c5,c5,c5,c5,c5,c5
13864,252,1,c5,c234,c234,c234,c234,c234,c234,c234,c234
13866,13864,1,c1,c1,c1,c1,c1,c1,c1,c1,c1
13867,13865,2,c5,c5,c5,c5,c5,c5,c5,c5,c5
13868,13866,1,c5,c234,c234,c234,c234,c234,c234,c234,c234
13869,13867,1,c5,c5,c5,c5,c5,c5,c5,c5,c5
13870,13868,2,c5,c234,c234,c234,c234,c234,c234,c234,c234
13872,13870,3,c5,c234,c234,c234,c234,c234,c234,c234,c234
13873,452,3,c234,c234,c234,c234,c234,c234,c234,c234,c234
13874,13872,2,c1,c5,c234,c234,c5,c234,c5,c234,c234
13875,13873,3,c234,c5,c5,c5,c5,c5,c5,c5,c5
13877,13875,3,c5,c5,c5,c5,c5,c1,c5,c5,c1
13879,13877,2,c5,c5,c5,c5,c5,c5,c5,c5,c5
13881,7,3,c1,c5,c5,c5,c5,c5,c5,c5,c5
13882,13880,1,c5,c1,c1,c234,c234,c234,c1,c234,c234
13883,13881,3,c5,c5,c5,c5,c5,c5,c5,c1,c5
13884,13882,1,c5,c234,c234,c234,c234,c234,c234,c234,c234
13885,13883,2,c5,c5,c5,c5,c5,c5,c5,c5,c5
13886,13884,2,c234,c1,c1,c234,c1,c1,c1,c234,c1
13888,0,3,c1,c1,c1,c1,c1,c1,c1,c1,c1
13890,13888,3,c5,c5,c5,c5,c5,c5,c5,c5,c5
13891,2455,1,c5,c5,c5,c5,c5,c5,c5,c5,c5
13892,13890,1,c5,c234,c234,c234,c234,c5,c234,c234,c234
13893,13891,2,c234,c234,c234,c234,c5,c234,c234,c234,c234
13897,1790,3,c1,c234,c1,c234,c234,c234,c234,c1,c1
13898,13896,3,c1,c234,c234,c234,c234,c234,c234,c234,c234
13899,13897,1,c5,c5,c5,c5,c5,c5,c5,c5,c5
13900,13898,2,c5,c234,c234,c234,c234,c5,c234,c1,c5
13901,13899,3,c234,c234,c234,c234,c234,c234,c234,c234,c234
13903,13901,1,c234,c234,c234,c234,c234,c5,c234,c234,c5
13904,13902,2,c234,c5,c5,c5,c5,c5,c5,c5,c5
13905,13903,3,c1,c234,c234,c1,c1,c234,c234,c1,c1
13906,13904,3,c234,c5,c5,c5,c5,c234,c5,c5,c234
13908,13906,1,c1,c234,c234,c234,c234,c5,c234,c234,c5
13909,2730,3,c1,c234,c234,c234,c234,c234,c234,c234,c1
13910,13908,2,c5,c5,c5,c5,c5,c234,c5,c5,c5
13912,13910,1,c5,c1,c1,c1,c1,c234,c1,c1,c234
13913,13911,2,c234,c1,c1,c1,c1,c1,c1,c1,c1
13914,13912,3,c234,c234,c234,c234,c234,c234,c234,c234,c5
13915,13913,2,c5,c5,c5,c5,c5,c234,c5,c5,c234
13916,13914,3,c5,c1,c1,c1,c1,c5,c1,c1,c5
13917,13915,1,c1,c1,c1,c1,c1,c1,c1,c1,c1
13918,13916,2,c5,c5,c5,c5,c5,c5,c5,c5,c5
13920,587,1,c1,c1,c1,c1,c1,c1,c1,c1,c1
13922,13920,3,c5,c5,c5,c5,c5,c5,c5,c5,c5
13923,13921,1,c1,c1,c1,c1,c1,c5,c1,c1,c5
13924,13922,1,c5,c5,c5,c5,c5,c5,c5,c5,c5
13925,13923,2,c5,c5,c5,c5,c5,c5,c5,c1,c5
13926,1239,3,c1,c5,c5,c5,c5,c5,c5,c5,c5
13928,13926,3,c5,c5,c5,c5,c5,c5,c5,c5,c5
13929,13927,1,c5,c5,c5,c5,c5,c5,c5,c5,c234
13930,13928,3,c1,c5,c5,c5,c5,c5,c5,c5,c1
13932,13930,3,c234,c5,c5,c5,c1,c5,c5,c234,c5
13933,4009,1,c1,c1,c1,c1,c1,c1,c1,c1,c1
13934,13932,2,c1,c1,c1,c1,c1,c1,c1,c1,c1
13936,8009,2,c234,c234,c234,c234,c234,c5,c234,c5,c5
13937,13935,1,c234,c5,c5,c234,c5,c5,c5,c5,c5
13938,13936,2,c5,c5,c5,c5,c5,c5,c5,c5,c5
13939,13937,2,c5,c1,c1,c1,c1,c5,c1,c1,c5
13940,7,3,c234,c5,c5,c5,c5,c5,c5,c5,c5
13941,13939,1,c5,c5,c5,c5,c5,c5,c5,c5,c5
13943,13941,1,c234,c5,c5,c5,c5,c234,c5,c5,c5
13944,13942,3,c1,c5,c5,c5,c234,c234,c5,c234,c234
13945,13943,3,c234,c234,c234,c234,c234,c234,c234,c234,c234
13946,13944,2,c5,c5,c5,c5,c5,c5,c5,c5,c5
13947,737,3,c5,c5,c5,c5,c5,c5,c5,c5,c5
13948,841,1,c1,c1,c1,c1,c1,c1,c1,c1,c1
13949,13947,1,c1,c1,c1,c1,c1,c1,c1,c1,c1
13950,13948,2,c5,c1,c1,c1,c1,c5,c1,c1,c5
13952,13950,3,c5,c234,c234,c234,c234,c5,c234,c234,c5
13953,13951,1,c1,c1,c1,c1,c1,c5,c1,c1,c5
13955,13953,3,c5,c5,c5,c5,c5,c234,c5,c5,c234
13956,13954,2,c234,c5,c5,c5,c5,c5,c5,c5,c5
13957,13955,1,c5,c5,c5,c5,c5,c5,c5,c5,c5
13958,13956,2,c1,c5,c5,c5,c5,c5,c5,c5,c5
13959,13957,3,c1,c5,c5,c5,c5,c234,c5,c5,c5
13962,13960,1,c1,c1,c1,c1,c1,c1,c1,c1,c1
13963,13961,2,c5,c234,c234,c234,c234,c234,c234,c5,c5
13965,13963,3,c1,c5,c5,c5,c5,c234,c5,c5,c234
13966,13964,2,c5,c1,c1,c1,c1,c1,c1,c1,c1
13968,13966,3,c5,c5,c5,c5,c234,c5,c5,c234,c234
13969,2811,1,c5,c5,c5,c5,c5,c5,c5,c5,c5
13970,13968,1,c234,c5,c5,c5,c5,c5,c5,c5,c5
13971,271,1,c234,c1,c1,c1,c1,c1,c1,c1,c1
13972,13970,1,c234,c1,c1,c1,c1,c234,c1,c1,c234
13973,13971,3,c5,c5,c5,c5,c5,c5,c5,c5,c5
13974,13972,2,c5,c5,c5,c5,c5,c5,c5,c5,c5
13975,36,2,c1,c5,c5,c5,c5,c5,c5,c5,c5
13976,13974,1,c234,c5,c5,c5,c5,c234,c5,c5,c234
13977,13975,3,c234,c5,c5,c5,c5,c5,c5,c5,c5
13978,13976,1,c234,c5,c5,c5,c5,c5,c5,c5,c5
13979,16,1,c1,c1,c1,c1,c1,c1,c1,c1,c1
13981,13979,2,c1,c1,c1,c5,c1,c5,c1,c5,c5
13982,8493,1,c234,c5,c5,c5,c5,c5,c5,c5,c5
13983,13981,2,c234,c234,c234,c234,c234,c5,c234,c234,c5
13985,13983,3,c234,c1,c1,c1,c1,c234,c1,c1,c234
13986,13984,1,c5,c1,c1,c1,c1,c1,c1,c1,c1
13987,2114,3,c234,c234,c234,c234,c234,c1,c234,c234,c1
13988,13986,2,c234,c5,c5,c5,c5,c5,c5,c5,c5
13989,13987,3,c234,c234,c234,c234,c234,c5,c234,c234,c1
13990,1085,1,c5,c1,c1,c234,c234,c1,c1,c1,c1
13992,612,1,c1,c234,c5,c234,c234,c5,c234,c5,c1
13993,13991,1,c234,c5,c5,c5,c5,c5,c5,c5,c5
13994,13992,2,c5,c5,c5,c5,c5,c5,c5,c5,c5
13995,13993,3,c1,c5,c5,c5,c5,c5,c5,c5,c234
13996,13994,3,c234,c5,c5,c5,c5,c5,c5,c5,c5
13998,13996,2,c234,c5,c5,c5,c5,c5,c5,c5,c5
13999,13997,1,c234,c1,c1,c1,c1,c1,c1,c1,c1
14000,13998,2,c1,c234,c234,c234,c234,c234,c234,c234,c234
14001,13999,1,c5,c1,c1,c1,c1,c5,c1,c1,c1
14002,274,3,c5,c5,c5,c1,c5,c234,c5,c1,c1
14003,14001,3,c5,c1,c1,c1,c1,c234,c1,c1,c234
14004,14002,1,c1,c1,c1,c1,c1,c1,c1,c1,c1
14005,7,3,c234,c5,c5,c5,c5,c5,c5,c5,c5
14007,14005,2,c234,c234,c234,c234,c234,c234,c234,c234,c234
14008,14006,3,c5,c234,c234,c5,c1,c234,c234,c1,c234
14009,14007,3,c234,c1,c1,c1,c1,c1,c1,c1,c1
14010,14008,1,c234,c5,c5,c5,c5,c5,c5,c5,c5
14012,14010,2,c234,c234,c234,c234,c234,c5,c234,c234,c5
14013,1755,1,c1,c1,c1,c1,c1,c234,c1,c1,c1
14014,1845,1,c5,c234,c234,c234,c234,c234,c234,c234,c234
14015,14013,1,c5,c5,c5,c5,c5,c5,c5,c5,c5
14016,14014,2,c234,c5,c5,c5,c5,c234,c5,c5,c234
14017,14015,1,c234,c5,c5,c5,c5,c5,c5,c5,c5
14019,14017,2,c234,c5,c5,c5,c5,c5,c5,c5,c5
14021,14019,3,c1,c1,c1,c1,c1,c1,c1,c1,c1
14022,14020,2,c234,c234,c234,c234,c234,c234,c234,c234,c234
14023,14021,1,c1,c1,c1,c1,c1,c1,c1,c1,c1
14024,14022,3,c5,c5,c5,c5,c5,c234,c5,c5,c1
14025,14023,1,c5,c1,c234,c234,c234,c234,c1,c234,c5
14027,14025,3,c5,c5,c5,c5,c5,c5,c5,c5,c5
14028,675,1,c234,c5,c1,c5,c5,c1,c5,c1,c1
14029,14027,2,c5,c5,c5,c5,c5,c234,c5,c5,c234
14030,14028,3,c5,c5,c5,c5,c5,c5,c5,c5,c5
14032,724,3,c234,c1,c1,c1,c1,c1,c1,c1,c1
14033,14031,1,c1,c1,c1,c1,c1,c1,c1,c1,c1
14034,14032,2,c234,c1,c1,c1,c1,c1,c1,c1,c1
14036,14034,1,c1,c234,c234,c234,c234,c234,c234,c234,c234
14037,14035,3,c1,c5,c5,c5,c5,c5,c5,c5,c5
14039,14037,1,c5,c5,c5,c5,c5,c5,c5,c5,c5
14040,14038,2,c234,c5,c5,c5,c5,c5,c5,c5,c5
14041,946,1,c5,c5,c1,c5,c1,c5,c5,c1,c5
14042,14040,2,c5,c5,c5,c5,c5,c5,c5,c5,c5
14043,107,1,c1,c1,c1,c1,c1,c5,c1,c1,c5
14045,14043,2,c5,c5,c5,c5,c5,c5,c5,c5,c5
14047,14045,3,c1,c5,c5,c5,c5,c5,c5,c5,c5
14048,14046,3,c5,c234,c234,c5,c234,c5,c234,c5,c5
14049,24,3,c234,c234,c234,c234,c234,c5,c234,c234,c234
14050,14048,1,c1,c234,c234,c234,c234,c234,c234,c234,c234
14051,14049,1,c234,c1,c1,c5,c1,c1,c1,c5,c5
14052,14050,2,c5,c5,c5,c234,c5,c5,c5,c5,c5
14054,223,1,c1,c234,c234,c234,c234,c234,c234,c234,c234
14055,14053,3,c1,c1,c1,c1,c1,c1,c1,c1,c1
14056,14054,1,c5,c1,c1,c1,c1,c1,c1,c1,c1
14057,14055,3,c1,c234,c234,c234,c234,c1,c234,c234,c1
14060,14058,2,c1,c234,c234,c234,c234,c5,c234,c234,c234
14061,14059,1,c234,c234,c234,c234,c234,c234,c234,c234,c234
14063,14061,3,c234,c5,c5,c5,c5,c5,c5,c5,c5
14064,2742,1,c5,c1,c1,c1,c234,c234,c1,c1,c1
14066,14064,2,c5,c5,c5,c5,c5,c5,c5,c5,c5
14067,14065,2,c234,c234,c234,c234,c234,c234,c234,c234,c234
14068,14066,1,c1,c1,c1,c1,c1,c1,c1,c1,c1
14069,107,1,c1,c1,c1,c1,c1,c5,c1,c1,c5
14070,14068,3,c234,c1,c1,c234,c1,c234,c1,c1,c234
14071,14069,1,c1,c1,c1,c1,c1,c234,c1,c1,c234
14072,14070,2,c1,c1,c1,c1,c1,c1,c1,c1,c1
14074,14072,3,c234,c5,c5,c5,c5,c5,c5,c5,c5
14075,770,2,c234,c234,c234,c234,c234,c234,c234,c234,c234
14076,33,3,c234,c1,c1,c1,c1,c1,c1,c1,c1
14077,14075,1,c1,c5,c5,c5,c5,c234,c5,c234,c234
14078,14076,1,c1,c1,c1,c1,c1,c1,c1,c1,c1
14079,319,2,c1,c5,c5,c5,c5,c5,c5,c5,c5
14080,14078,3,c5,c5,c5,c234,c5,c234,c5,c234,c234
14081,14079,2,c1,c1,c1,c1,c1,c1,c1,c1,c1
14082,14080,3,c5,c1,c1,c1,c1,c1,c1,c1,c1
14083,14081,1,c1,c5,c5,c5,c5,c5,c5,c5,c5
14084,14082,2,c5,c234,c234,c234,c234,c234,c234,c234,c234
14085,14083,3,c5,c234,c234,c234,c234,c5,c234,c234,c5
14089,14087,1,c1,c1,c1,c1,c1,c234,c1,c1,c234
14090,14088,2,c5,c1,c5,c1,c5,c5,c1,c1,c5
14092,14090,3,c5,c5,c5,c5,c5,c234,c5,c5,c234
14093,14091,3,c1,c234,c234,c234,c234,c234,c234,c234,c234
14094,14092,1,c5,c5,c5,c234,c5,c5,c234,c5,c5
14096,14094,1,c234,c1,c1,c1,c1,c1,c1,c1,c1
14097,14095,2,c234,c234,c234,c234,c1,c234,c234,c234,c234
14098,14096,2,c1,c1,c1,c1,c1,c1,c1,c1,c1
14100,14098,3,c5,c5,c5,c5,c5,c234,c5,c5,c234
14101,14099,1,c5,c5,c5,c5,c5,c5,c5,c5,c5
14102,14100,1,c5,c234,c234,c234,c234,c234,c234,c234,c234
14103,14101,2,c234,c234,c1,c1,c234,c5,c234,c1,c5
14104,14102,3,c234,c1,c1,c1,c1,c1,c1,c1,c1
14106,14104,2,c234,c5,c5,c5,c5,c5,c5,c5,c5
14107,14105,3,c1,c5,c5,c234,c5,c1,c5,c1,c1
14108,14106,1,c1,c1,c1,c1,c1,c1,c1,c1,c1
14109,14107,2,c234,c5,c5,c5,c234,c5,c5,c234,c234
14111,14109,3,c1,c1,c1,c1,c1,c1,c1,c1,c1
14114,14112,1,c5,c5,c5,c5,c5,c5,c5,c5,c5
14115,14113,2,c234,c1,c1,c1,c1,c1,c1,c1,c1
14116,14114,3,c5,c5,c5,c1,c5,c5,c5,c1,c5
14117,10996,3,c234,c1,c1,c1,c1,c1,c1,c1,c1
14118,14116,1,c5,c5,c5,c5,c5,c5,c5,c5,c5
14119,14117,2,c5,c234,c234,c234,c234,c234,c234,c234,c234
14120,14118,1,c5,c234,c234,c234,c234,c234,c234,c234,c234
14121,14119,3,c234,c5,c5,c5,c5,c5,c5,c5,c5
14122,14120,3,c5,c234,c234,c234,c234,c234,c234,c234,c234
14124,14122,2,c234,c234,c234,c234,c234,c234,c234,c234,c5
14125,14123,1,c5,c234,c234,c234,c234,c234,c234,c234,c234
14127,14125,2,c1,c234,c234,c234,c234,c234,c234,c234,c234
14128,14126,1,c1,c234,c234,c234,c234,c234,c234,c234,c5
14129,14127,2,c234,c5,c5,c5,c5,c5,c5,c5,c5
14130,14128,3,c234,c5,c5,c5,c5,c5,c5,c5,c5
14132,14130,3,c234,c234,c234,c234,c234,c234,c234,c234,c234
14133,14131,1,c5,c5,c5,c5,c5,c5,c5,c5,c5
14134,14132,2,c5,c5,c5,c5,c5,c5,c5,c5,c5
14136,14134,3,c234,c1,c1,c1,c1,c1,c1,c1,c1
14138,14136,2,c5,c1,c5,c1,c1,c5,c1,c5,c5
14139,14137,1,c5,c234,c234,c234,c234,c5,c234,c234,c5
14140,14138,3,c1,c1,c1,c1,c1,c1,c1,c1,c234
14141,14139,1,c1,c5,c5,c5,c5,c5,c5,c5,c5
14143,14141,2,c1,c5,c5,c5,c5,c5,c5,c5,c5
14144,14142,3,c234,c5,c234,c5,c1,c5,c5,c234,c5
14145,14143,1,c234,c234,c234,c234,c234,c234,c234,c234,c234
14146,14144,2,c234,c5,c5,c5,c5,c5,c5,c5,c5
14147,14145,3,c234,c234,c5,c234,c234,c234,c234,c5,c234
14148,14146,1,c234,c5,c5,c5,c5,c5,c5,c5,c5
14149,14147,2,c234,c234,c234,c1,c1,c234,c234,c1,c1
14151,735,1,c1,c5,c5,c5,c5,c5,c5,c5,c5
14152,4754,3,c234,c1,c1,c1,c1,c1,c1,c1,c1
14153,14151,1,c5,c1,c1,c1,c1,c1,c1,c1,c1
14154,271,1,c1,c1,c1,c1,c1,c1,c1,c1,c1
14156,14154,3,c1,c1,c1,c1,c1,c1,c1,c1,c1
14157,14155,2,c1,c234,c234,c234,c234,c234,c234,c234,c234
14158,14156,3,c1,c5,c5,c5,c5,c5,c5,c5,c5
14159,14157,1,c234,c1,c1,c5,c1,c5,c1,c1,c5
14161,14159,2,c1,c5,c5,c5,c5,c5,c5,c5,c5
14162,14160,3,c234,c234,c234,c234,c234,c5,c234,c234,c234
14163,5347,3,c234,c1,c1,c1,c1,c5,c1,c1,c1
14164,14162,1,c1,c1,c1,c1,c1,c1,c1,c1,c1
14165,14163,3,c1,c234,c234,c5,c234,c234,c234,c1,c234
14167,14165,2,c5,c1,c1,c1,c234,c234,c1,c234,c234
14169,14167,1,c234,c5,c5,c5,c5,c5,c5,c5,c5
14170,14168,2,c1,c5,c5,c5,c5,c5,c5,c5,c5
14171,14169,3,c234,c5,c5,c5,c5,c5,c5,c5,c5
14172,14170,1,c1,c234,c234,c234,c234,c234,c234,c234,c1
14174,4176,2,c234,c1,c1,c1,c1,c1,c1,c1,c1
14175,14173,2,c5,c5,c234,c234,c5,c234,c234,c234,c234
14176,14174,3,c1,c5,c5,c5,c5,c5,c5,c5,c5
14177,2317,3,c1,c234,c234,c234,c234,c234,c234,c234,c234
14178,14176,1,c1,c5,c5,c5,c5,c5,c5,c5,c5
14179,14177,2,c5,c5,c5,c234,c5,c234,c5,c234,c234
14180,3175,2,c234,c234,c234,c234,c234,c234,c234,c234,c234
14181,14179,3,c5,c5,c5,c5,c5,c5,c5,c5,c5
14183,14181,1,c5,c5,c5,c5,c5,c5,c5,c5,c5
14185,7,3,c1,c5,c5,c5,c5,c5,c5,c5,c5
14186,14184,2,c5,c5,c5,c5,c5,c5,c5,c5,c5
14188,14186,3,c234,c5,c5,c5,c5,c5,c5,c5,c5
14189,14187,1,c234,c5,c5,c5,c5,c5,c5,c5,c5
14190,166,2,c1,c1,c1,c1,c1,c1,c1,c1,c1
14191,14189,2,c5,c5,c5,c5,c5,c5,c5,c5,c5
14192,14190,2,c1,c1,c1,c1,c1,c1,c1,c1,c1
14193,14191,3,c234,c234,c234,c234,c234,c234,c234,c234,c234
14194,14192,1,c234,c5,c5,c5,c5,c5,c5,c5,c5
14195,14193,3,c1,c5,c5,c5,c5,c5,c5,c5,c5
14196,14194,1,c5,c234,c234,c234,c234,c234,c234,c234,c234
14198,14196,3,c234,c1,c1,c1,c1,c234,c1,c1,c1
14199,1661,1,c1,c1,c1,c1,c1,c1,c1,c1,c5
14200,14198,3,c1,c1,c1,c1,c1,c1,c1,c1,c1
14202,14200,2,c1,c234,c234,c234,c234,c234,c234,c234,c234
14204,14202,1,c1,c234,c234,c234,c234,c5,c234,c234,c5
14205,14203,2,c5,c1,c1,c1,c1,c1,c1,c1,c1
14206,14204,3,c5,c234,c234,c1,c234,c5,c234,c234,c5
14207,14205,1,c1,c5,c5,c5,c5,c5,c5,c5,c5
14208,14206,2,c5,c5,c5,c5,c5,c5,c5,c5,c5
14210,14208,3,c5,c234,c234,c234,c234,c234,c234,c234,c1
14211,14209,2,c234,c5,c5,c5,c5,c5,c5,c5,c234
14213,14211,1,c1,c234,c234,c234,c234,c234,c234,c234,c234
14215,14213,3,c1,c1,c1,c1,c1,c1,c1,c1,c1
14216,2269,2,c5,c234,c234,c234,c234,c5,c234,c234,c5
14217,14215,3,c5,c234,c234,c234,c1,c234,c234,c234,c5
14219,14217,2,c5,c5,c5,c5,c5,c5,c5,c5,c5
14221,14219,2,c1,c1,c1,c1,c1,c1,c1,c1,c1
14222,14220,1,c234,c1,c1,c5,c1,c5,c1,c5,c5
14224,1385,2,c234,c1,c1,c1,c1,c1,c1,c1,c1
14225,14223,3,c1,c234,c234,c234,c234,c5,c234,c5,c5
14226,14224,2,c234,c1,c1,c234,c1,c1,c1,c234,c234
14227,14225,1,c1,c1,c1,c1,c1,c1,c1,c1,c1
14229,240,1,c5,c234,c234,c234,c234,c1,c234,c1,c1
14230,3380,1,c1,c234,c1,c234,c234,c234,c234,c1,c1
14231,14229,2,c5,c234,c234,c1,c234,c1,c234,c1,c1
14233,14231,3,c234,c234,c234,c234,c234,c234,c234,c234,c234
14234,923,3,c1,c234,c234,c234,c234,c5,c234,c234,c234
14235,14233,1,c5,c5,c5,c5,c5,c5,c5,c5,c5
14236,713,2,c1,c5,c5,c5,c5,c5,c5,c5,c5
14237,14235,3,c234,c234,c234,c234,c234,c234,c234,c234,c234
14238,14236,2,c234,c5,c5,c5,c5,c5,c5,c1,c5
14240,452,3,c1,c234,c1,c234,c234,c234,c234,c234,c234
14241,14239,1,c5,c5,c5,c5,c5,c5,c5,c5,c5
14242,14240,2,c5,c234,c234,c234,c234,c234,c234,c234,c234
14243,14241,3,c234,c234,c234,c234,c234,c234,c234,c234,c1
14244,14242,3,c234,c234,c234,c234,c234,c234,c234,c234,c234
14245,14243,1,c1,c1,c1,c1,c1,c5,c1,c1,c5
14246,14244,2,c5,c5,c5,c5,c5,c5,c5,c5,c5
14248,14246,1,c5,c5,c5,c5,c5,c5,c5,c5,c5
14249,126,1,c1,c5,c5,c5,c5,c5,c5,c5,c5
14250,14248,3,c5,c234,c234,c234,c234,c5,c234,c234,c5
14251,14249,2,c5,c1,c1,c1,c1,c1,c1,c1,c1
14253,14251,2,c234,c1,c1,c1,c1,c1,c1,c1,c1
14254,14252,1,c1,c1,c1,c1,c1,c1,c1,c1,c1
14255,14253,3,c1,c234,c234,c234,c234,c234,c234,c234,c234
14256,8396,1,c5,c5,c5,c5,c5,c5,c5,c5,c5
14257,16,1,c1,c1,c1,c1,c1,c1,c1,c1,c1
14258,14256,1,c234,c234,c234,c234,c234,c234,c234,c234,c234
14259,1293,1,c234,c234,c234,c234,c234,c234,c234,c234,c234
14260,504,2,c1,c1,c1,c1,c1,c1,c1,c1,c1
14262,14260,2,c1,c1,c1,c1,c1,c5,c1,c1,c1
14263,14261,3,c1,c5,c5,c5,c234,c5,c5,c234,c234
14265,14263,1,c1,c5,c5,c5,c5,c5,c5,c5,c5
14266,2238,1,c234,c5,c5,c5,c5,c5,c5,c5,c5
14267,14265,3,c1,c1,c1,c1,c1,c5,c1,c1,c5
14268,14266,2,c1,c1,c1,c1,c1,c1,c1,c1,c1
14270,14268,1,c5,c234,c234,c234,c234,c234,c234,c234,c234
14271,14269,2,c1,c1,c1,c1,c1,c1,c1,c1,c1
14272,14270,3,c5,c5,c5,c5,c5,c5,c5,c5,c5
14273,14271,2,c1,c5,c5,c5,c5,c5,c5,c5,c5
14274,14272,1,c1,c1,c1,c1,c1,c1,c1,c1,c1
14275,14273,3,c234,c234,c234,c234,c234,c234,c234,c234,c234
14277,14275,2,c5,c5,c5,c5,c5,c5,c5,c5,c5
14278,14276,1,c1,c5,c5,c5,c5,c5,c5,c5,c5
14279,14277,1,c5,c5,c5,c5,c5,c5,c5,c5,c5
14281,14279,3,c234,c234,c234,c234,c234,c234,c234,c5,c5
14282,116,1,c5,c234,c234,c234,c234,c234,c234,c234,c234
14283,14281,3,c5,c234,c234,c234,c234,c234,c234,c234,c234
14284,14282,2,c234,c234,c234,c234,c234,c234,c234,c234,c234
14285,381,3,c234,c1,c1,c1,c1,c234,c1,c1,c234
14287,923,3,c5,c234,c234,c234,c234,c5,c234,c234,c234
14288,14286,1,c5,c5,c5,c5,c5,c5,c5,c5,c5
14289,14287,3,c5,c1,c234,c234,c1,c5,c1,c234,c5
14290,3175,2,c234,c234,c234,c234,c234,c234,c234,c234,c234
14291,14289,2,c5,c5,c5,c5,c5,c5,c5,c5,c5
14292,14290,1,c5,c5,c5,c5,c5,c5,c5,c5,c5
14293,14291,1,c5,c234,c234,c234,c234,c234,c234,c234,c234
14295,16,1,c1,c1,c1,c1,c1,c1,c1,c1,c1
14296,14294,2,c5,c5,c5,c5,c5,c5,c5,c5,c5
14297,349,1,c234,c1,c5,c1,c1,c5,c1,c5,c5
14298,14296,3,c234,c5,c5,c1,c234,c5,c5,c1,c5
14299,14297,3,c1,c234,c234,c234,c234,c234,c234,c234,c234
14300,5382,3,c234,c1,c1,c1,c1,c1,c1,c1,c1
14302,14300,2,c234,c5,c5,c5,c5,c234,c5,c5,c234
14303,14301,2,c234,c5,c5,c234,c5,c234,c5,c5,c1
14304,14302,1,c5,c234,c234,c234,c234,c234,c234,c234,c5
14305,14303,3,c1,c234,c234,c234,c234,c234,c234,c234,c234
14306,14304,1,c234,c5,c5,c5,c5,c5,c5,c5,c5
14307,14305,3,c234,c234,c234,c234,c234,c234,c234,c234,c234
14309,724,3,c234,c1,c1,c1,c1,c1,c1,c1,c1
14310,2095,2,c1,c1,c1,c1,c1,c1,c1,c1,c1
14311,2269,2,c234,c234,c234,c234,c234,c5,c234,c234,c5
14312,14310,2,c234,c234,c234,c1,c1,c234,c234,c1,c5
14313,14311,1,c5,c1,c234,c234,c234,c234,c1,c234,c234
14314,14312,2,c5,c234,c234,c234,c234,c234,c234,c234,c234
14315,14313,3,c234,c5,c5,c5,c5,c5,c5,c234,c5
14316,14314,2,c1,c5,c5,c1,c5,c5,c5,c1,c1
14317,14315,1,c234,c5,c5,c5,c5,c5,c5,c5,c5
14319,14317,3,c5,c5,c5,c5,c5,c5,c5,c5,c5
14320,14318,1,c234,c5,c5,c5,c5,c5,c5,c5,c5
14321,14319,2,c5,c5,c5,c5,c5,c234,c5,c5,c234
14323,14321,3,c5,c1,c1,c1,c1,c5,c1,c1,c5
14324,14322,1,c234,c5,c5,c5,c234,c234,c5,c5,c234
14325,1020,2,c234,c1,c234,c1,c1,c5,c1,c1,c1
14327,14325,3,c1,c5,c5,c5,c5,c5,c5,c5,c5
14328,14326,2,c5,c5,c5,c5,c5,c5,c5,c5,c5
14329,14327,2,c5,c234,c234,c234,c234,c1,c234,c234,c234
14330,14328,1,c1,c234,c234,c234,c234,c234,c234,c1,c1
14331,14329,3,c1,c1,c1,c1,c1,c234,c1,c1,c234
14332,14330,1,c234,c1,c1,c1,c1,c1,c1,c1,c1
14333,14331,2,c5,c5,c5,c5,c5,c5,c5,c5,c5
14334,14332,3,c234,c1,c1,c1,c1,c1,c1,c1,c1
14336,14334,3,c1,c234,c234,c234,c234,c234,c234,c234,c234
14337,178,2,c5,c1,c1,c1,c1,c1,c1,c1,c1
14338,14336,1,c1,c234,c234,c234,c234,c234,c234,c234,c234
14339,14337,2,c5,c234,c234,c234,c234,c234,c234,c234,c234
14340,14338,1,c234,c234,c234,c234,c234,c234,c234,c234,c1
14341,14339,2,c5,c234,c5,c5,c234,c5,c234,c5,c5
14343,14341,3,c5,c5,c5,c5,c5,c5,c5,c5,c5
14344,14342,3,c234,c234,c234,c234,c234,c1,c234,c1,c1
14345,14343,1,c1,c234,c234,c234,c234,c234,c234,c234,c234
14347,14345,2,c1,c1,c1,c1,c1,c5,c1,c1,c5
14348,14346,2,c234,c5,c5,c5,c5,c5,c5,c5,c5
14349,14347,1,c234,c1,c1,c1,c1,c1,c1,c1,c1
14350,504,2,c1,c1,c1,c1,c1,c1,c1,c1,c1
14352,14350,1,c1,c5,c5,c5,c5,c5,c5,c5,c5
14353,14351,3,c5,c5,c5,c5,c5,c5,c5,c234,c234
14354,14352,2,c5,c234,c234,c234,c234,c234,c234,c234,c234
14355,14353,3,c5,c234,c234,c234,c234,c234,c234,c234,c234
14356,14354,1,c5,c5,c5,c5,c5,c5,c5,c5,c5
14358,14356,2,c1,c1,c1,c1,c1,c1,c1,c1,c1
14359,14357,3,c234,c234,c234,c234,c234,c234,c234,c234,c234
14360,14358,1,c234,c5,c5,c5,c5,c5,c5,c5,c5
14362,2833,2,c5,c5,c5,c5,c5,c5,c5,c5,c5
14365,14363,2,c234,c5,c5,c5,c5,c5,c5,c5,c5
14366,14364,3,c1,c234,c234,c234,c234,c5,c5,c5,c5
14367,12031,3,c5,c5,c5,c5,c5,c5,c5,c5,c5
14368,14366,1,c5,c5,c234,c5,c5,c5,c5,c234,c5
14369,14367,2,c234,c5,c5,c5,c5,c5,c5,c5,c5
14370,14368,3,c5,c234,c234,c234,c234,c5,c234,c234,c5
14372,733,3,c1,c234,c234,c234,c234,c234,c234,c234,c1
14373,14371,1,c234,c5,c5,c5,c5,c5,c5,c5,c5
14375,7,3,c1,c1,c5,c1,c1,c5,c1,c5,c5
14376,53,3,c234,c1,c1,c1,c1,c1,c1,c1,c1
14378,14376,2,c1,c5,c5,c5,c5,c5,c5,c5,c5
14379,14377,3,c5,c5,c5,c5,c5,c5,c5,c5,c5
14381,14379,1,c5,c1,c1,c1,c1,c1,c1,c1,c1
14382,14380,2,c5,c5,c5,c5,c5,c5,c5,c5,c5
14383,14381,3,c5,c5,c5,c5,c5,c5,c5,c5,c5
14384,14382,1,c5,c5,c5,c5,c5,c234,c5,c5,c234
14385,14383,3,c5,c5,c5,c5,c5,c5,c5,c234,c5
14387,14385,2,c5,c5,c5,c5,c5,c5,c5,c5,c5
14388,14386,1,c1,c1,c1,c1,c1,c5,c1,c1,c1
14389,14387,3,c234,c5,c5,c5,c5,c234,c5,c5,c5
14390,1560,2,c234,c234,c5,c5,c5,c5,c234,c5,c5
14393,2944,1,c1,c234,c234,c234,c234,c234,c234,c234,c234
14394,14392,1,c234,c234,c234,c234,c234,c234,c234,c234,c234
14395,14393,2,c5,c5,c5,c5,c5,c5,c5,c5,c5
14396,14394,3,c1,c5,c5,c5,c5,c5,c5,c5,c5
14397,14395,2,c234,c5,c5,c5,c5,c5,c5,c5,c5
14398,129,1,c1,c234,c234,c234,c234,c234,c234,c234,c234
14400,14398,1,c5,c5,c5,c5,c5,c5,c5,c5,c1
14401,14399,3,c1,c1,c1,c1,c1,c1,c1,c1,c1
14402,36,2,c234,c5,c5,c5,c5,c5,c5,c5,c5
14403,14401,3,c5,c5,c5,c5,c5,c5,c5,c5,c5
14404,11283,2,c234,c234,c234,c234,c234,c234,c234,c234,c234
14406,14404,1,c234,c5,c5,c5,c5,c5,c5,c5,c5
14407,14405,2,c1,c1,c5,c1,c1,c5,c1,c1,c1
14408,14406,1,c5,c5,c5,c5,c5,c5,c5,c5,c5
14409,14407,2,c1,c5,c5,c5,c234,c5,c5,c234,c234
14410,9540,2,c5,c1,c1,c1,c1,c1,c1,c234,c1
14412,16,1,c234,c1,c1,c1,c1,c1,c1,c1,c1
14414,271,1,c234,c1,c1,c1,c1,c1,c1,c1,c1
14415,14413,3,c1,c5,c5,c5,c5,c5,c5,c5,c234
14416,14414,2,c1,c234,c234,c234,c234,c234,c234,c234,c234
14417,4491,2,c5,c234,c234,c234,c234,c234,c234,c234,c1
14418,14416,1,c5,c234,c234,c234,c234,c5,c234,c234,c5
14419,14417,1,c5,c5,c5,c5,c5,c5,c5,c5,c5
14420,166,2,c1,c1,c1,c1,c1,c1,c1,c1,c1
14421,14419,3,c5,c234,c234,c234,c234,c234,c234,c234,c234
14423,14421,3,c5,c1,c1,c1,c1,c1,c1,c5,c5
14424,14422,3,c234,c234,c234,c234,c234,c234,c234,c234,c5
14425,14423,1,c1,c234,c234,c234,c234,c234,c234,c234,c5
14426,587,1,c1,c1,c1,c1,c1,c1,c1,c1,c1
14428,14426,2,c1,c234,c234,c234,c234,c5,c234,c234,c5
14429,6287,3,c234,c5,c5,c5,c5,c5,c5,c5,c5
14430,271,1,c5,c1,c1,c1,c1,c1,c1,c1,c1
14431,14429,2,c1,c234,c234,c234,c234,c234,c234,c234,c234
14432,14430,1,c5,c5,c5,c5,c5,c5,c5,c5,c5
14434,16,1,c1,c1,c1,c1,c1,c1,c1,c1,c1
14435,14433,3,c5,c5,c5,c5,c5,c5,c5,c5,c5
14436,14434,2,c5,c5,c5,c5,c5,c5,c5,c5,c5
14437,1401,1,c234,c1,c1,c1,c234,c234,c1,c234,c234
14440,14438,1,c5,c234,c234,c234,c234,c234,c234,c234,c234
14441,14439,3,c234,c5,c5,c5,c5,c1,c5,c5,c1
14442,14440,1,c1,c234,c234,c234,c234,c234,c234,c234,c234
14443,14441,2,c5,c5,c5,c5,c5,c234,c5,c5,c234
14444,14442,2,c234,c5,c5,c5,c5,c5,c5,c5,c5
14446,10369,2,c234,c5,c5,c5,c5,c234,c5,c5,c234
14447,14445,3,c5,c1,c1,c1,c1,c1,c1,c1,c1
14448,117,3,c1,c1,c1,c1,c1,c1,c1,c1,c1
14449,14447,1,c1,c1,c1,c1,c234,c234,c1,c1,c1
14450,14448,1,c1,c234,c234,c234,c234,c234,c234,c234,c234
14451,10369,2,c234,c5,c5,c5,c5,c234,c5,c5,c234
14452,14450,3,c1,c5,c5,c5,c5,c5,c5,c5,c5
14454,14452,1,c5,c234,c234,c234,c234,c5,c234,c5,c5
14455,14453,2,c234,c5,c5,c5,c5,c5,c5,c5,c5
14456,14454,3,c1,c234,c234,c234,c1,c234,c234,c234,c5
14457,14455,1,c234,c5,c5,c5,c5,c5,c5,c5,c5
14458,14456,2,c5,c234,c1,c234,c234,c234,c234,c1,c5
14460,14458,1,c234,c5,c5,c5,c5,c5,c5,c5,c5
14461,14459,3,c234,c1,c1,c1,c1,c1,c1,c1,c1
14462,14460,2,c1,c1,c1,c1,c1,c234,c1,c1,c234
14463,14461,3,c5,c1,c1,c1,c1,c1,c1,c1,c1
14464,1661,1,c234,c1,c1,c1,c1,c1,c1,c1,c5
14466,1020,2,c1,c1,c234,c1,c1,c5,c1,c1,c1
14467,14465,2,c1,c234,c234,c234,c234,c234,c234,c234,c234
14468,14466,3,c5,c234,c234,c5,c234,c5,c234,c5,c234
14469,14467,1,c5,c1,c1,c1,c1,c234,c1,c1,c234
14470,14468,1,c234,c5,c5,c5,c5,c5,c5,c5,c5
14472,14470,2,c234,c5,c5,c5,c5,c5,c5,c5,c5
14473,1583,3,c1,c5,c5,c5,c5,c5,c5,c5,c5
14474,14472,1,c5,c234,c234,c5,c234,c234,c234,c234,c5
14475,1020,2,c5,c1,c234,c1,c1,c5,c1,c1,c1
14476,14474,3,c234,c5,c5,c5,c5,c5,c5,c5,c5
14478,14476,2,c234,c5,c5,c5,c5,c5,c5,c5,c5
14479,16,1,c234,c1,c1,c1,c1,c1,c1,c1,c1
14481,14479,3,c5,c5,c5,c5,c5,c5,c5,c5,c5
14482,14480,2,c5,c5,c5,c5,c5,c5,c5,c5,c5
14483,14481,1,c1,c234,c234,c234,c234,c234,c234,c234,c234
14484,14482,3,c1,c1,c1,c1,c1,c1,c1,c1,c1
14485,14483,1,c1,c5,c5,c5,c5,c5,c5,c5,c5
14486,14484,2,c5,c234,c234,c234,c234,c234,c234,c234,c234
14488,14486,1,c1,c5,c5,c5,c5,c5,c5,c5,c5
14489,14487,3,c5,c5,c5,c5,c5,c5,c5,c5,c5
14490,14488,2,c1,c234,c234,c234,c234,c234,c234,c234,c234
14492,14490,3,c234,c5,c5,c5,c5,c5,c5,c5,c5
14493,14491,1,c234,c234,c234,c234,c234,c234,c234,c234,c1
14494,14492,2,c1,c5,c5,c5,c5,c5,c5,c5,c234
14496,14494,3,c234,c1,c1,c1,c1,c1,c1,c1,c1
14497,14495,2,c234,c5,c5,c5,c5,c5,c5,c5,c5
14498,7,3,c234,c5,c5,c5,c5,c5,c5,c5,c5
14499,14497,1,c1,c234,c234,c234,c234,c234,c234,c234,c1
14500,14498,2,c234,c1,c1,c1,c1,c5,c1,c1,c5
14502,14500,3,c1,c234,c234,c1,c234,c5,c234,c1,c5
14504,14502,1,c5,c234,c234,c234,c234,c234,c234,c234,c1
14505,8400,2,c1,c234,c234,c234,c234,c1,c1,c234,c234
14506,14504,3,c5,c1,c1,c1,c1,c1,c1,c1,c1
14507,14505,2,c234,c5,c5,c5,c5,c5,c5,c5,c5
14509,14507,1,c5,c234,c234,c234,c234,c234,c234,c234,c234
14511,14509,2,c234,c5,c5,c5,c5,c234,c5,c5,c234
14512,14510,3,c1,c5,c5,c5,c5,c5,c5,c5,c5
14513,1579,1,c234,c5,c234,c5,c5,c5,c5,c5,c5
14514,14512,2,c1,c1,c1,c1,c1,c1,c1,c1,c1
14515,25,1,c234,c234,c234,c234,c234,c234,c234,c234,c234
14517,14515,1,c5,c5,c5,c5,c5,c234,c5,c5,c234
14518,14516,3,c5,c5,c5,c5,c5,c5,c5,c5,c5
14519,14517,1,c1,c1,c1,c1,c1,c1,c1,c1,c1
14520,14518,2,c5,c5,c5,c5,c5,c5,c5,c5,c234
14521,14519,1,c5,c5,c5,c5,c5,c5,c5,c5,c5
14522,680,1,c1,c1,c1,c1,c1,c5,c1,c1,c5
14524,14522,3,c1,c5,c5,c5,c5,c5,c5,c5,c5
14525,14523,2,c234,c1,c1,c1,c1,c1,c1,c1,c1
14526,14524,1,c234,c234,c234,c234,c234,c234,c234,c234,c234
14527,14525,3,c1,c1,c1,c1,c1,c1,c1,c1,c1
14529,14527,2,c5,c5,c5,c5,c5,c5,c5,c5,c5
14530,14528,3,c5,c234,c234,c234,c234,c234,c234,c234,c234
14532,14530,3,c234,c1,c1,c1,c1,c1,c1,c1,c1
14533,4648,1,c1,c234,c234,c234,c234,c5,c234,c5,c5
14534,14532,1,c5,c5,c5,c5,c5,c5,c5,c5,c5
14535,14533,2,c1,c1,c1,c1,c1,c1,c1,c1,c1
14536,14534,1,c1,c234,c234,c234,c234,c234,c234,c234,c234
14538,14536,2,c234,c5,c5,c5,c5,c234,c5,c5,c234
14539,14537,3,c234,c5,c5,c5,c5,c5,c5,c5,c5
14540,14538,1,c234,c5,c5,c5,c5,c234,c5,c5,c234
14542,4009,1,c1,c1,c1,c1,c1,c1,c1,c1,c1
14543,1579,1,c234,c5,c234,c5,c5,c5,c5,c5,c5
14544,14542,2,c234,c5,c5,c5,c5,c5,c5,c5,c5
14545,14543,2,c234,c5,c5,c5,c5,c234,c5,c5,c5
14546,14544,3,c234,c5,c5,c5,c5,c5,c5,c5,c1
14547,14545,2,c234,c5,c5,c5,c5,c234,c5,c5,c234
14548,14546,1,c234,c234,c234,c234,c234,c234,c234,c234,c234
14550,14548,3,c1,c1,c234,c1,c1,c1,c1,c1,c1
14551,14549,1,c5,c1,c1,c5,c1,c234,c1,c5,c5
14553,14551,2,c234,c5,c5,c5,c5,c5,c5,c5,c5
14554,14552,3,c5,c234,c234,c234,c234,c234,c234,c234,c234
14555,14553,1,c1,c234,c234,c234,c234,c5,c234,c234,c5
14557,14555,2,c234,c1,c1,c1,c1,c234,c1,c1,c1
14558,914,1,c234,c1,c1,c1,c1,c1,c1,c1,c1
14559,4899,1,c1,c1,c1,c1,c1,c5,c1,c1,c5
14560,2100,2,c234,c1,c1,c1,c1,c1,c1,c1,c1
14561,14559,3,c234,c234,c234,c234,c234,c234,c234,c234,c234
14562,14560,1,c1,c5,c5,c5,c5,c5,c5,c5,c5
14563,14561,3,c5,c5,c5,c5,c5,c5,c5,c5,c5
14564,271,1,c1,c1,c1,c1,c1,c1,c1,c1,c1
14565,16,1,c5,c1,c1,c1,c1,c1,c1,c1,c1
14566,14564,2,c1,c1,c1,c1,c1,c1,c1,c1,c1
14567,14565,1,c1,c234,c234,c234,c234,c234,c234,c234,c234
14568,14566,3,c1,c1,c5,c5,c5,c234,c5,c5,c234
14570,14568,3,c5,c234,c234,c234,c234,c234,c234,c234,c234
14571,14569,3,c234,c1,c1,c1,c1,c234,c1,c1,c234
14572,14570,2,c1,c5,c5,c5,c234,c5,c5,c5,c5
14573,5682,3,c234,c5,c5,c5,c5,c5,c5,c5,c5
14575,14573,1,c5,c5,c5,c5,c5,c5,c5,c5,c234
14576,14574,3,c234,c1,c1,c1,c1,c1,c1,c1,c1
14579,1378,3,c234,c5,c5,c5,c5,c5,c5,c5,c5
14580,14578,2,c1,c5,c5,c5,c5,c5,c5,c5,c5
14582,3478,1,c5,c5,c5,c5,c5,c5,c5,c5,c5
14583,14581,2,c5,c234,c234,c5,c234,c5,c234,c234,c5
14584,14582,1,c5,c234,c234,c234,c234,c234,c234,c234,c234
14585,14583,1,c5,c1,c1,c1,c1,c5,c1,c1,c5
14586,14584,2,c5,c1,c1,c1,c1,c1,c1,c1,c5
14588,14586,3,c5,c234,c234,c234,c234,c5,c234,c234,c5
14589,14587,1,c1,c5,c5,c5,c5,c5,c5,c5,c5
14590,14588,3,c234,c5,c5,c5,c5,c5,c5,c5,c5
14591,14589,2,c1,c1,c1,c1,c1,c1,c1,c1,c1
14592,14590,1,c1,c1,c1,c1,c1,c1,c1,c1,c1
14594,14592,2,c1,c1,c1,c1,c1,c1,c1,c1,c1
14597,14595,3,c5,c234,c234,c234,c234,c5,c234,c234,c5
14598,14596,2,c5,c234,c234,c234,c234,c5,c234,c234,c5
14599,14597,1,c234,c1,c1,c1,c1,c234,c1,c1,c234
14601,14599,3,c234,c234,c234,c234,c1,c234,c234,c1,c5
14602,14600,1,c1,c1,c1,c1,c1,c1,c1,c1,c1
14603,14601,2,c5,c234,c234,c5,c234,c5,c234,c234,c5
14604,14602,2,c5,c5,c5,c5,c5,c5,c5,c5,c5
14606,14604,3,c234,c5,c5,c5,c5,c5,c5,c5,c5
14608,166,2,c1,c1,c1,c1,c1,c1,c1,c1,c1
14609,14607,1,c234,c234,c234,c234,c234,c234,c234,c234,c234
14610,14608,2,c5,c5,c5,c5,c5,c5,c5,c5,c5
14611,14609,2,c234,c5,c5,c5,c5,c5,c5,c5,c5
14612,14610,3,c234,c5,c5,c5,c5,c5,c5,c5,c5
14613,14611,1,c234,c5,c5,c5,c5,c5,c5,c5,c5
14616,14614,3,c1,c1,c1,c1,c1,c1,c1,c1,c1
14617,14615,1,c1,c5,c5,c5,c5,c5,c5,c5,c5
14618,6820,1,c5,c5,c5,c5,c5,c5,c5,c5,c5
14619,1438,3,c234,c234,c234,c234,c234,c234,c234,c234,c234
14620,14618,1,c5,c5,c5,c5,c5,c1,c5,c5,c1
14622,14620,2,c1,c1,c1,c1,c1,c234,c1,c1,c234
14623,14621,3,c234,c5,c5,c5,c5,c234,c5,c5,c234
14624,14622,3,c234,c5,c5,c5,c5,c5,c5,c5,c5
14625,14623,2,c234,c234,c234,c234,c234,c234,c234,c234,c234
14626,14624,3,c1,c234,c234,c234,c234,c234,c234,c234,c234
14627,14625,1,c1,c1,c1,c1,c1,c5,c1,c1,c1
14629,14627,2,c5,c5,c5,c5,c5,c5,c5,c5,c5
14630,14628,3,c234,c5,c5,c5,c5,c5,c5,c5,c5
14631,737,3,c5,c5,c5,c5,c5,c5,c5,c5,c5
14632,14630,1,c234,c234,c234,c234,c234,c234,c234,c1,c1
14633,8365,3,c1,c1,c1,c1,c1,c1,c1,c1,c1
14635,14633,3,c1,c1,c1,c1,c1,c1,c1,c1,c1
14636,14634,2,c234,c5,c5,c5,c234,c5,c5,c234,c234
14637,14635,3,c234,c234,c234,c234,c234,c1,c234,c234,c1
14638,14636,1,c5,c234,c234,c234,c234,c234,c234,c234,c234
14639,14637,1,c234,c1,c1,c1,c234,c1,c1,c1,c1
14641,14639,1,c234,c1,c1,c1,c1,c234,c1,c1,c234
14642,438,1,c1,c5,c1,c234,c5,c5,c5,c1,c5
14643,14641,2,c234,c234,c234,c234,c234,c234,c234,c234,c5
14644,14642,2,c1,c5,c5,c5,c5,c5,c5,c5,c5
14646,9712,3,c1,c1,c1,c1,c1,c1,c1,c1,c1
14649,14647,3,c234,c5,c5,c5,c5,c234,c5,c5,c234
14650,8187,1,c5,c234,c234,c1,c234,c1,c234,c1,c1
14651,14649,1,c1,c1,c1,c1,c1,c234,c1,c1,c234
14652,14650,2,c234,c5,c5,c5,c5,c5,c5,c5,c5
14655,14653,3,c234,c1,c1,c1,c1,c1,c1,c1,c1
14656,14654,2,c234,c234,c234,c234,c234,c234,c234,c234,c234
14657,14655,1,c1,c234,c234,c1,c1,c234,c234,c1,c5
14658,14656,3,c1,c1,c1,c1,c1,c1,c1,c1,c234
14659,1790,3,c5,c234,c234,c234,c234,c234,c234,c234,c234
14660,107,1,c1,c1,c1,c1,c1,c5,c1,c1,c5
14662,14660,1,c234,c5,c5,c5,c5,c5,c5,c5,c5
14663,14661,1,c5,c5,c5,c5,c5,c5,c5,c5,c5
14664,14662,2,c1,c1,c1,c1,c1,c1,c1,c1,c1
14665,4922,3,c5,c234,c234,c1,c234,c1,c234,c1,c234
14666,14664,3,c234,c1,c1,c1,c1,c1,c1,c1,c1
14668,14666,1,c234,c5,c5,c5,c5,c5,c5,c5,c5
14669,14667,2,c1,c234,c234,c234,c234,c234,c234,c234,c234
14670,14668,3,c234,c5,c5,c5,c5,c5,c5,c5,c5
14671,14669,1,c234,c234,c234,c234,c234,c234,c234,c234,c234
14672,14670,2,c5,c5,c5,c5,c5,c5,c5,c5,c5
14673,14671,3,c234,c234,c234,c234,c234,c5,c234,c234,c5
14674,14672,1,c234,c234,c1,c234,c234,c234,c234,c234,c234
14677,1924,3,c1,c1,c1,c1,c1,c1,c1,c1,c1
14679,14677,2,c5,c5,c5,c5,c5,c5,c5,c5,c5
14680,14678,2,c1,c5,c5,c5,c5,c234,c5,c5,c234
14682,14680,3,c234,c5,c5,c5,c5,c5,c5,c5,c234
14683,14681,1,c5,c5,c5,c5,c5,c5,c5,c5,c234
14684,14682,3,c234,c5,c5,c5,c5,c5,c5,c5,c5
14685,14683,1,c1,c1,c1,c1,c1,c1,c1,c1,c1
14687,504,2,c1,c1,c1,c1,c1,c1,c1,c1,c1
14688,271,1,c1,c1,c1,c1,c1,c1,c1,c1,c1
14689,14687,2,c5,c234,c234,c234,c234,c234,c234,c234,c234
14690,14688,3,c1,c5,c5,c5,c5,c5,c5,c5,c5
14691,14689,2,c5,c5,c5,c5,c5,c5,c5,c5,c5
14693,14691,1,c5,c234,c234,c234,c234,c5,c234,c234,c5
14695,16,1,c1,c1,c1,c1,c1,c1,c1,c1,c1
14696,14694,3,c234,c5,c5,c5,c5,c5,c5,c5,c5
14697,14695,2,c5,c234,c234,c234,c234,c5,c234,c234,c5
14698,14696,1,c234,c234,c234,c1,c234,c234,c234,c1,c5
14699,14697,3,c5,c5,c5,c5,c5,c234,c5,c5,c5
14700,14698,2,c1,c234,c234,c1,c1,c234,c234,c1,c234
14701,14699,3,c1,c5,c5,c5,c5,c5,c5,c5,c234
14703,36,2,c1,c5,c5,c5,c5,c5,c5,c5,c5
14704,419,2,c234,c1,c1,c1,c1,c1,c1,c1,c1
14705,14703,1,c5,c5,c5,c5,c5,c5,c5,c5,c5
14706,14704,2,c1,c234,c234,c234,c234,c234,c234,c234,c234
14707,271,1,c234,c1,c1,c1,c1,c1,c1,c1,c1
14708,2017,2,c5,c5,c5,c5,c5,c5,c5,c5,c5
14710,14708,3,c5,c234,c234,c234,c234,c234,c234,c234,c234
14712,14710,1,c1,c1,c1,c1,c1,c5,c1,c1,c5
14713,14711,1,c234,c5,c5,c5,c234,c5,c5,c5,c5
14714,14712,2,c5,c234,c234,c234,c234,c234,c234,c234,c234
14715,14713,1,c234,c5,c234,c5,c1,c5,c5,c5,c5
14717,14715,2,c234,c5,c5,c5,c5,c234,c5,c234,c234
14718,6268,2,c234,c5,c5,c5,c1,c5,c5,c5,c5
14719,14717,3,c5,c1,c1,c1,c1,c1,c1,c1,c1
14720,14718,1,c234,c234,c234,c234,c234,c234,c234,c234,c234
14721,14719,2,c1,c234,c234,c234,c234,c234,c234,c234,c234
14722,14720,1,c5,c5,c5,c5,c5,c5,c5,c5,c5
14723,14721,3,c5,c5,c5,c5,c234,c234,c5,c234,c5
14725,14723,2,c234,c5,c5,c234,c5,c5,c5,c5,c5
14729,257,2,c1,c1,c1,c1,c1,c1,c1,c1,c1
14730,14728,1,c5,c5,c5,c5,c5,c5,c5,c5,c5
14731,14729,2,c5,c234,c234,c234,c234,c234,c234,c234,c234
14732,14730,3,c234,c5,c5,c5,c5,c5,c5,c5,c5
14733,14731,3,c5,c234,c234,c234,c234,c234,c234,c234,c234
14735,1552,2,c234,c234,c234,c234,c234,c234,c234,c234,c234
14736,14734,1,c234,c5,c5,c5,c5,c5,c5,c5,c5
14738,7,3,c234,c1,c5,c1,c1,c5,c1,c5,c5
14739,14737,2,c234,c5,c5,c5,c5,c5,c5,c5,c5
14740,14738,2,c234,c1,c1,c1,c1,c1,c1,c1,c1
14741,14739,3,c234,c234,c234,c234,c234,c234,c234,c234,c234
14742,14740,1,c1,c234,c234,c234,c234,c234,c234,c234,c234
14743,14741,3,c5,c1,c5,c5,c1,c5,c5,c5,c5
14744,14742,1,c1,c234,c234,c234,c234,c234,c234,c234,c234
14745,36,2,c234,c5,c5,c5,c5,c5,c5,c5,c5
14747,14745,2,c234,c234,c234,c234,c234,c234,c234,c234,c234
14748,14746,3,c5,c234,c234,c234,c234,c234,c234,c234,c234
14749,14747,1,c5,c5,c5,c5,c5,c5,c5,c5,c5
14750,14748,2,c234,c234,c234,c234,c234,c234,c234,c234,c234
14751,14749,3,c5,c5,c234,c234,c5,c5,c234,c234,c5
14752,14750,1,c1,c1,c1,c1,c1,c5,c1,c1,c1
14753,14751,3,c5,c5,c5,c5,c5,c1,c5,c5,c5
14755,14753,3,c5,c234,c234,c234,c234,c234,c234,c234,c234
14756,36,2,c1,c5,c5,c5,c5,c5,c5,c5,c5
14757,14755,2,c1,c234,c234,c234,c234,c234,c234,c234,c234
14760,14758,1,c234,c234,c234,c234,c234,c234,c234,c234,c234
14761,14759,2,c5,c5,c5,c5,c5,c5,c5,c5,c5
14762,14760,1,c1,c234,c234,c234,c234,c5,c234,c234,c234
14763,14761,2,c5,c5,c5,c5,c5,c5,c5,c5,c5
14765,14763,3,c234,c5,c5,c5,c5,c5,c5,c5,c5
14766,7,3,c1,c5,c5,c5,c5,c5,c5,c5,c5
14768,14766,3,c5,c5,c5,c5,c5,c5,c5,c5,c5
14769,91,3,c234,c1,c1,c1,c1,c1,c1,c1,c1
14770,14768,1,c1,c234,c234,c234,c234,c234,c234,c234,c234
14771,14769,2,c1,c5,c5,c5,c5,c5,c5,c5,c5
14772,14770,3,c5,c5,c5,c5,c5,c5,c5,c5,c5
14775,14773,1,c1,c5,c5,c5,c5,c5,c5,c5,c5
14776,770,2,c234,c234,c234,c234,c234,c234,c234,c234,c234
14778,14776,2,c1,c5,c5,c5,c5,c234,c5,c5,c234
14779,6800,1,c234,c1,c1,c1,c1,c1,c1,c5,c1
14780,1790,3,c1,c234,c234,c234,c234,c234,c234,c234,c1
14781,14779,3,c234,c1,c1,c1,c1,c5,c1,c1,c5
14782,14780,2,c1,c1,c1,c1,c1,c5,c1,c1,c5
14783,14781,1,c1,c234,c234,c234,c234,c5,c234,c234,c5
14784,14782,3,c5,c5,c5,c5,c5,c5,c5,c5,c5
14785,0,3,c1,c1,c1,c1,c1,c1,c1,c1,c1
14786,14784,2,c1,c234,c234,c234,c234,c1,c234,c234,c1
14787,178,2,c1,c1,c1,c1,c1,c5,c1,c1,c5
14788,16,1,c234,c1,c1,c1,c1,c1,c1,c1,c1
14789,271,1,c5,c1,c1,c1,c1,c1,c1,c1,c1
14790,14788,3,c234,c234,c5,c5,c234,c5,c5,c5,c5
14791,14789,3,c5,c234,c1,c234,c234,c1,c1,c234,c1
14792,14790,1,c1,c234,c234,c234,c234,c234,c234,c234,c234
14793,14791,1,c5,c5,c5,c5,c5,c5,c5,c5,c5
14794,14792,2,c5,c5,c5,c5,c234,c5,c5,c5,c5
14796,14794,2,c1,c234,c234,c234,c234,c234,c234,c234,c234
14797,14795,3,c1,c234,c234,c234,c234,c5,c234,c234,c5
14798,14796,1,c5,c5,c5,c5,c5,c5,c5,c5,c5
14800,14798,2,c1,c5,c5,c5,c5,c5,c5,c5,c1
14801,14799,3,c1,c234,c234,c234,c234,c234,c234,c234,c234
14802,1336,3,c1,c1,c1,c5,c1,c5,c1,c1,c5
14803,1033,3,c5,c234,c234,c234,c234,c5,c234,c234,c5
14804,14802,1,c1,c1,c1,c1,c1,c1,c1,c1,c1
14805,14803,2,c1,c234,c234,c234,c234,c234,c234,c234,c234
14806,14804,2,c5,c1,c1,c1,c1,c234,c1,c1,c1
14808,14806,3,c5,c5,c5,c5,c5,c5,c5,c5,c1
14809,3202,1,c5,c5,c5,c5,c5,c5,c5,c5,c5
14810,675,1,c1,c5,c1,c5,c5,c1,c5,c1,c1
14811,14809,1,c1,c5,c5,c5,c5,c1,c5,c5,c234
14813,36,2,c5,c5,c5,c5,c5,c5,c5,c5,c5
14814,14812,2,c5,c5,c5,c5,c5,c5,c5,c5,c5
14815,271,1,c234,c1,c1,c1,c1,c1,c1,c1,c1
14816,14814,3,c5,c234,c234,c234,c234,c234,c234,c5,c5
14817,14815,1,c1,c1,c1,c1,c1,c1,c1,c1,c1
14818,13795,1,c1,c234,c234,c234,c234,c234,c234,c234,c234
14820,14818,2,c5,c5,c5,c5,c5,c5,c5,c5,c5
14821,14819,3,c234,c234,c234,c234,c234,c234,c234,c234,c234
14822,14820,2,c5,c1,c234,c1,c234,c5,c1,c234,c5
14823,1845,1,c234,c234,c234,c234,c234,c234,c234,c234,c234
14824,14822,1,c5,c5,c5,c5,c5,c5,c5,c5,c5
14826,8675,2,c1,c5,c5,c5,c5,c5,c5,c5,c5
14827,12098,3,c1,c234,c234,c234,c234,c1,c234,c1,c1
14829,14827,3,c234,c5,c5,c5,c5,c234,c5,c5,c5
14830,14828,1,c234,c1,c1,c5,c1,c5,c1,c5,c5
14832,14830,2,c234,c1,c1,c1,c1,c1,c1,c1,c1
14833,14831,3,c1,c1,c1,c1,c1,c1,c1,c1,c1
14834,14832,1,c1,c5,c5,c5,c5,c5,c5,c5,c5
14835,14833,2,c5,c5,c5,c5,c234,c5,c5,c5,c5
14837,14835,3,c234,c5,c5,c5,c5,c5,c5,c5,c5
14838,14836,3,c5,c5,c5,c5,c5,c5,c5,c5,c5
14839,166,2,c234,c1,c1,c1,c1,c1,c1,c1,c1
14840,14838,1,c1,c5,c5,c5,c5,c5,c5,c5,c5
14841,14839,2,c1,c234,c234,c234,c234,c234,c234,c234,c1
14843,14841,3,c234,c5,c234,c5,c234,c5,c5,c5,c5
14844,14842,2,c234,c5,c5,c5,c5,c1,c5,c5,c1
14846,3525,1,c1,c5,c5,c5,c5,c5,c5,c5,c5
14847,14845,1,c5,c1,c1,c1,c1,c1,c1,c1,c1
14848,14846,3,c234,c234,c234,c234,c234,c5,c234,c234,c234
14849,14847,2,c1,c1,c1,c1,c1,c1,c1,c1,c1
14850,5280,1,c1,c1,c1,c1,c1,c234,c1,c1,c1
14852,14850,3,c234,c5,c5,c5,c5,c5,c5,c5,c234
14853,14851,1,c234,c1,c1,c1,c1,c1,c1,c1,c1
14854,14852,1,c234,c234,c234,c234,c234,c5,c234,c234,c5
14856,14854,2,c5,c5,c5,c5,c5,c5,c5,c5,c5
14857,14855,3,c5,c5,c5,c5,c5,c5,c5,c5,c5
14859,16,1,c5,c1,c1,c1,c1,c1,c1,c1,c1
14860,7434,3,c1,c1,c1,c1,c1,c1,c1,c1,c1
14861,14859,1,c234,c1,c1,c1,c1,c1,c1,c1,c1
14862,14860,2,c1,c5,c5,c5,c5,c5,c5,c5,c5
14863,14861,3,c5,c5,c5,c5,c5,c5,c5,c5,c5
14864,14862,3,c1,c5,c5,c5,c5,c5,c5,c5,c5
14865,14863,2,c5,c5,c234,c234,c234,c5,c5,c234,c5
14867,14865,1,c1,c1,c1,c1,c1,c1,c1,c1,c1
14868,14866,2,c234,c1,c1,c234,c1,c234,c1,c234,c234
14869,14867,1,c5,c5,c5,c5,c5,c5,c5,c5,c5
14870,213,2,c1,c234,c234,c234,c234,c234,c234,c234,c5
14871,14869,2,c234,c234,c1,c234,c234,c1,c234,c1,c1
14872,126,1,c1,c5,c5,c5,c5,c5,c5,c5,c5
14873,2587,3,c5,c234,c234,c1,c234,c234,c234,c234,c234
14874,14872,3,c1,c5,c5,c5,c5,c5,c5,c5,c5
14875,2317,3,c5,c5,c5,c5,c5,c5,c5,c5,c5
14876,14874,3,c5,c5,c5,c5,c5,c5,c5,c5,c5
14877,1541,3,c1,c1,c1,c1,c1,c1,c1,c1,c234
14879,3394,3,c1,c234,c234,c234,c234,c1,c234,c234,c1
14881,14879,1,c5,c5,c5,c5,c5,c5,c5,c5,c5
14882,14880,2,c1,c1,c1,c1,c1,c5,c1,c1,c5
14883,14881,1,c1,c5,c5,c1,c5,c5,c5,c5,c5
14884,14882,2,c5,c1,c234,c1,c234,c234,c234,c234,c234
14886,14884,3,c234,c234,c234,c234,c234,c234,c234,c234,c234
14888,36,2,c1,c5,c5,c5,c5,c5,c5,c5,c5
14889,14887,1,c5,c1,c1,c1,c234,c5,c1,c1,c5
14890,7,3,c5,c1,c5,c1,c1,c5,c1,c5,c5
14891,14889,2,c234,c234,c234,c234,c234,c234,c234,c234,c234
14893,1212,3,c234,c1,c1,c1,c1,c1,c1,c1,c1
14894,14892,2,c5,c5,c5,c5,c5,c5,c5,c5,c5
14895,14893,3,c234,c1,c1,c1,c1,c5,c1,c1,c1
14896,3693,1,c234,c1,c1,c234,c1,c234,c1,c234,c234
14897,14895,3,c234,c1,c1,c234,c1,c234,c1,c234,c234
14898,1902,2,c1,c1,c1,c5,c1,c1,c1,c1,c1
14900,14898,3,c234,c1,c1,c1,c1,c1,c1,c1,c1
14901,14899,1,c234,c5,c5,c5,c5,c5,c5,c5,c5
14902,14900,1,c1,c234,c234,c234,c234,c234,c234,c234,c234
14903,14901,2,c5,c5,c5,c5,c5,c5,c5,c5,c5
14904,14902,1,c5,c234,c234,c234,c234,c234,c234,c234,c234
14905,14903,2,c5,c5,c5,c234,c5,c5,c5,c5,c5
14906,4491,2,c5,c234,c234,c234,c234,c234,c234,c234,c1
14907,713,2,c5,c5,c5,c5,c5,c5,c5,c5,c5
14908,14906,3,c5,c5,c234,c5,c5,c5,c5,c234,c5
14909,166,2,c1,c1,c1,c1,c1,c1,c1,c1,c1
14910,14908,2,c5,c5,c5,c5,c5,c5,c5,c5,c5
14911,4697,2,c1,c5,c5,c5,c5,c5,c5,c5,c5
14913,595,3,c1,c234,c234,c234,c234,c234,c234,c234,c5
14916,14914,1,c5,c5,c5,c5,c5,c5,c5,c5,c5
14917,7,3,c1,c1,c5,c1,c1,c5,c1,c5,c5
14919,14917,3,c5,c234,c234,c5,c234,c5,c234,c5,c5
14920,14918,3,c234,c1,c1,c1,c1,c234,c1,c1,c234
14921,252,1,c1,c234,c5,c234,c234,c234,c234,c234,c234
14922,600,1,c5,c234,c234,c234,c234,c5,c234,c234,c5
14924,7,3,c234,c5,c5,c5,c5,c5,c5,c5,c5
14925,14923,1,c234,c234,c234,c234,c234,c234,c234,c234,c234
14928,14926,2,c5,c1,c1,c1,c1,c1,c1,c1,c1
14930,14928,1,c5,c234,c234,c234,c234,c5,c234,c234,c5
14931,14929,1,c234,c5,c5,c5,c5,c5,c5,c5,c5
14932,9080,3,c234,c234,c234,c234,c234,c234,c234,c234,c234
14933,14931,1,c5,c234,c234,c234,c234,c234,c234,c234,c234
14934,10967,1,c234,c234,c234,c234,c234,c234,c234,c234,c234
14935,14933,2,c5,c5,c5,c5,c5,c5,c5,c5,c5
14936,14934,3,c234,c1,c1,c1,c234,c234,c1,c234,c234
14938,14936,2,c234,c5,c5,c5,c5,c5,c5,c5,c5
14939,6511,2,c234,c1,c1,c1,c1,c5,c1,c1,c5
14940,14938,3,c234,c5,c5,c5,c5,c5,c5,c5,c5
14941,14939,3,c1,c234,c234,c234,c234,c5,c234,c234,c5
14942,14940,1,c234,c5,c5,c5,c5,c5,c5,c5,c5
14943,14941,2,c5,c234,c234,c234,c234,c5,c234,c234,c5
14944,53,3,c1,c1,c1,c1,c1,c1,c1,c1,c1
14946,14944,1,c234,c5,c5,c5,c5,c5,c5,c5,c5
14947,14945,3,c1,c234,c234,c234,c234,c234,c234,c234,c234
14949,14947,3,c5,c5,c5,c5,c5,c5,c5,c5,c5
14950,14948,2,c1,c5,c5,c5,c5,c5,c5,c5,c5
14951,3,3,c1,c1,c1,c1,c1,c1,c1,c1,c1
14952,14950,1,c5,c234,c234,c234,c234,c234,c234,c234,c234
14953,14951,2,c5,c5,c5,c5,c5,c5,c5,c5,c5
14954,10911,3,c1,c1,c1,c1,c1,c5,c1,c1,c5
14956,14954,3,c234,c5,c5,c234,c234,c5,c5,c234,c5
14957,14955,2,c1,c234,c234,c1,c234,c234,c234,c1,c1
14958,14956,1,c234,c5,c5,c5,c5,c5,c5,c5,c5
14960,14958,2,c1,c1,c234,c234,c1,c1,c1,c234,c1
14961,14959,3,c234,c1,c1,c1,c1,c1,c1,c1,c1
14962,14960,1,c234,c5,c5,c5,c5,c5,c5,c5,c5
14964,2753,2,c234,c234,c234,c234,c234,c234,c234,c234,c234
14965,14963,3,c234,c5,c5,c234,c5,c234,c5,c234,c234
14966,9356,1,c5,c5,c5,c5,c5,c5,c5,c5,c5
14967,14965,1,c5,c5,c5,c5,c5,c5,c5,c5,c5
14969,14967,2,c234,c5,c5,c5,c5,c5,c234,c5,c5
14970,923,3,c234,c234,c234,c234,c234,c5,c234,c234,c234
14971,14969,3,c1,c1,c1,c5,c1,c234,c1,c5,c234
14972,14970,1,c1,c1,c1,c1,c1,c1,c1,c1,c1
14973,7,3,c1,c5,c5,c5,c5,c5,c5,c5,c5
14974,14972,3,c234,c5,c5,c5,c5,c5,c5,c5,c5
14975,14973,2,c1,c5,c5,c5,c5,c234,c5,c5,c234
14976,14974,1,c5,c1,c1,c1,c1,c1,c1,c1,c1
14977,14975,3,c1,c5,c5,c5,c5,c5,c5,c5,c1
14978,14976,2,c1,c234,c234,c234,c234,c234,c234,c234,c5
14979,36,2,c5,c5,c5,c5,c5,c5,c5,c5,c5
14980,9834,3,c234,c1,c1,c1,c1,c234,c1,c1,c1
14982,14980,1,c234,c234,c234,c234,c234,c234,c234,c234,c1
14984,14982,2,c5,c5,c5,c5,c5,c5,c5,c5,c5
14985,14983,3,c5,c5,c5,c5,c5,c5,c5,c5,c5
14986,13502,2,c5,c5,c234,c234,c234,c234,c5,c234,c234
14988,16,1,c1,c1,c1,c1,c1,c1,c1,c1,c1
14989,14987,2,c1,c5,c5,c5,c5,c5,c5,c5,c5
14990,14988,1,c5,c5,c5,c5,c5,c5,c5,c5,c5
14991,14989,2,c5,c5,c5,c5,c5,c5,c5,c5,c5
14992,14990,3,c5,c234,c234,c234,c234,c5,c234,c234,c5
14994,14992,1,c234,c5,c5,c5,c5,c5,c5,c5,c5
14997,14995,3,c5,c5,c5,c5,c5,c5,c5,c5,c5
14999,14997,1,c5,c5,c5,c5,c5,c5,c5,c5,c5
15000,14998,2,c5,c234,c234,c234,c234,c234,c234,c234,c1
15001,14999,2,c1,c1,c1,c1,c1,c1,c1,c1,c1
15003,4658,1,c1,c1,c1,c1,c1,c1,c1,c1,c1
15004,15002,3,c234,c234,c234,c234,c234,c5,c234,c234,c5
15005,12770,3,c234,c234,c234,c234,c234,c5,c234,c234,c234
15006,15004,1,c1,c5,c5,c5,c5,c5,c5,c5,c5
15007,10603,1,c1,c234,c5,c234,c234,c5,c234,c5,c5
15008,15006,3,c1,c234,c234,c234,c234,c234,c234,c234,c234
15009,15007,1,c5,c5,c5,c5,c5,c5,c5,c5,c5
15010,15008,2,c234,c5,c5,c234,c5,c234,c5,c5,c234
15012,15010,3,c5,c234,c234,c234,c234,c234,c234,c234,c234
15013,713,2,c5,c5,c5,c5,c5,c5,c5,c5,c5
15014,10967,1,c234,c234,c234,c234,c234,c234,c234,c234,c234
15015,15013,1,c5,c234,c234,c234,c5,c5,c234,c5,c5
15016,15014,3,c5,c234,c234,c5,c234,c5,c234,c5,c5
15017,15015,2,c234,c234,c234,c5,c234,c234,c234,c234,c234
15018,15016,1,c234,c1,c1,c1,c1,c234,c1,c1,c1
15020,15018,2,c5,c5,c5,c5,c5,c5,c5,c5,c5
15022,15020,3,c234,c5,c5,c5,c234,c5,c5,c5,c5
15023,15021,2,c5,c1,c5,c1,c1,c5,c5,c1,c1
15025,15023,1,c234,c5,c5,c5,c5,c5,c5,c5,c5
15027,15025,3,c234,c5,c5,c5,c5,c5,c5,c5,c5
15028,5096,3,c5,c5,c5,c5,c5,c5,c5,c5,c5
15029,15027,1,c5,c234,c234,c234,c234,c234,c234,c234,c234
15030,16,1,c1,c1,c1,c1,c1,c1,c1,c1,c1
15031,15029,3,c234,c5,c5,c5,c5,c234,c5,c5,c234
15032,15030,2,c5,c5,c5,c5,c5,c5,c5,c5,c234
15033,504,2,c5,c1,c1,c1,c1,c1,c1,c1,c1
15034,15032,3,c1,c234,c234,c234,c234,c234,c234,c234,c5
15036,15034,1,c5,c5,c5,c5,c5,c5,c5,c5,c5
15037,15035,2,c5,c5,c5,c5,c5,c5,c5,c5,c5
15038,36,2,c1,c5,c5,c5,c5,c5,c5,c5,c5
15039,15037,2,c5,c5,c5,c5,c5,c5,c5,c5,c5
15041,15039,1,c5,c5,c5,c5,c5,c5,c5,c5,c5
15042,3777,3,c234,c234,c5,c234,c1,c5,c234,c5,c5
15043,15041,3,c234,c234,c234,c234,c234,c234,c234,c234,c234
15044,15042,2,c1,c5,c5,c5,c234,c234,c5,c5,c234
15045,914,1,c5,c234,c234,c1,c234,c1,c234,c1,c1
15046,15044,1,c234,c5,c5,c5,c5,c5,c5,c5,c5
15047,15045,2,c5,c234,c234,c234,c234,c234,c234,c234,c234
15048,15046,3,c234,c1,c1,c1,c1,c1,c1,c1,c1
15050,271,1,c234,c1,c1,c1,c1,c1,c1,c1,c1
15051,15049,1,c234,c5,c5,c5,c5,c5,c5,c5,c5
15052,15050,2,c1,c1,c1,c1,c1,c1,c1,c1,c1
15054,946,1,c5,c5,c1,c5,c1,c5,c5,c1,c5
15055,15053,3,c234,c5,c5,c5,c5,c5,c5,c5,c5
15056,15054,1,c234,c5,c5,c5,c5,c5,c5,c5,c5
15057,15055,2,c234,c1,c1,c1,c1,c1,c1,c1,c1
15058,15056,2,c1,c1,c1,c1,c1,c1,c1,c1,c1
15059,15057,1,c5,c1,c1,c1,c1,c234,c1,c1,c1
15062,15060,3,c1,c1,c1,c1,c1,c1,c1,c1,c1
15063,15061,3,c1,c234,c234,c234,c1,c5,c234,c1,c5
15064,1020,2,c234,c1,c234,c1,c1,c5,c1,c1,c1
15066,15064,1,c234,c5,c5,c234,c234,c234,c5,c5,c234
15067,15065,2,c5,c5,c5,c5,c5,c5,c5,c5,c5
15068,7284,3,c1,c234,c234,c234,c5,c5,c234,c234,c5
15069,15067,3,c5,c5,c5,c5,c5,c5,c5,c5,c5
15070,15068,1,c234,c5,c5,c5,c5,c5,c5,c5,c1
15071,15069,2,c5,c1,c1,c1,c1,c1,c1,c1,c1
15072,15070,3,c5,c5,c5,c234,c5,c5,c5,c234,c5
15074,33,3,c234,c1,c1,c5,c5,c1,c5,c5,c1
15075,15073,1,c1,c5,c5,c5,c5,c5,c5,c5,c5
15076,15074,2,c234,c5,c5,c5,c5,c5,c5,c5,c5
15077,15075,3,c5,c1,c1,c1,c1,c1,c1,c1,c1
15078,15076,1,c1,c5,c5,c5,c5,c5,c5,c5,c234
15081,15079,2,c5,c234,c234,c234,c234,c5,c234,c5,c5
15082,15080,3,c234,c5,c5,c5,c5,c5,c5,c5,c5
15083,319,2,c1,c5,c5,c5,c5,c5,c5,c5,c5
15084,15082,1,c1,c1,c1,c1,c1,c1,c1,c1,c1
15085,15083,2,c5,c5,c5,c5,c5,c234,c5,c5,c234
15086,15084,2,c234,c234,c234,c234,c234,c5,c234,c234,c5
15089,15087,3,c5,c5,c5,c5,c5,c5,c5,c5,c5
15090,15088,3,c5,c234,c234,c234,c234,c234,c234,c234,c234
15092,271,1,c1,c1,c1,c1,c1,c1,c1,c1,c1
15093,15091,1,c234,c5,c5,c234,c234,c234,c5,c234,c234
15094,15092,1,c5,c5,c5,c5,c5,c234,c5,c5,c234
15095,4296,1,c234,c234,c234,c234,c234,c234,c234,c234,c234
15096,15094,3,c234,c1,c1,c1,c1,c1,c1,c1,c1
15097,15095,2,c5,c5,c5,c5,c5,c5,c5,c5,c5
15098,15096,3,c1,c5,c5,c5,c5,c5,c5,c5,c5
15100,15098,2,c234,c1,c1,c1,c1,c234,c1,c1,c1
15101,15099,3,c5,c1,c1,c1,c1,c1,c1,c1,c1
15102,15100,1,c234,c5,c5,c5,c5,c5,c5,c5,c5
15103,15101,3,c1,c234,c234,c234,c234,c234,c234,c234,c234
15105,381,3,c234,c1,c1,c1,c1,c1,c1,c1,c1
15106,15104,1,c1,c234,c234,c5,c234,c5,c234,c1,c5
15107,15105,2,c234,c1,c1,c1,c1,c1,c1,c1,c1
15108,15106,1,c5,c5,c5,c5,c5,c5,c5,c5,c5
15109,15107,2,c234,c234,c234,c234,c234,c234,c234,c234,c234
15111,15109,3,c1,c1,c5,c1,c234,c234,c234,c1,c1
15112,15110,3,c5,c234,c234,c234,c234,c234,c234,c234,c234
15113,9092,1,c1,c1,c1,c1,c1,c1,c1,c1,c1
15114,15112,1,c234,c5,c5,c5,c5,c5,c5,c5,c5
15115,15113,2,c234,c234,c234,c234,c234,c234,c234,c234,c234
15117,15115,1,c1,c5,c5,c5,c5,c234,c5,c5,c5
15118,724,3,c1,c1,c1,c1,c1,c1,c1,c1,c1
15119,438,1,c1,c5,c1,c234,c5,c5,c5,c1,c5
15120,15118,3,c234,c5,c5,c234,c5,c234,c5,c5,c234
15121,15119,2,c5,c1,c1,c1,c1,c5,c1,c1,c1
15123,15121,1,c5,c5,c5,c5,c5,c5,c5,c5,c5
15124,15122,2,c1,c1,c1,c1,c1,c234,c1,c1,c234
15125,11619,2,c5,c5,c5,c5,c5,c5,c5,c5,c5
15126,16,1,c1,c1,c1,c1,c1,c1,c1,c1,c1
15127,15125,3,c234,c5,c5,c5,c5,c5,c5,c5,c5
15128,15126,2,c234,c234,c234,c234,c234,c234,c234,c234,c5
15129,15127,1,c234,c234,c234,c234,c234,c234,c234,c234,c234
15130,12911,3,c234,c234,c234,c234,c234,c234,c234,c234,c5
15132,15130,1,c234,c5,c5,c5,c5,c5,c5,c5,c5
15134,15132,3,c5,c5,c5,c5,c5,c5,c5,c5,c5
15135,15133,2,c234,c1,c1,c1,c1,c1,c1,c1,c1
15137,15135,3,c5,c1,c234,c1,c1,c234,c1,c234,c234
15138,15136,1,c5,c1,c1,c1,c1,c1,c1,c1,c1
15139,15137,2,c5,c1,c1,c1,c1,c5,c1,c1,c5
15140,15138,3,c5,c1,c1,c1,c1,c5,c1,c5,c5
15143,15141,1,c1,c234,c234,c234,c234,c234,c234,c234,c234
15145,15143,2,c234,c5,c5,c5,c5,c5,c5,c5,c5
15146,15144,3,c5,c234,c234,c234,c234,c234,c234,c234,c234
15147,10302,3,c5,c1,c1,c1,c1,c1,c1,c1,c1
15149,15147,1,c5,c234,c234,c234,c234,c234,c234,c234,c1
15150,15148,2,c5,c5,c5,c5,c5,c5,c5,c5,c5
15151,15149,2,c1,c234,c234,c234,c234,c234,c234,c234,c234
15152,15150,3,c234,c5,c5,c5,c5,c5,c5,c5,c5
15153,3973,1,c5,c5,c1,c5,c5,c5,c5,c1,c5
15154,15152,1,c234,c5,c5,c5,c5,c234,c5,c5,c234
15156,15154,2,c5,c5,c5,c5,c5,c5,c5,c5,c5
15157,15155,3,c1,c234,c234,c234,c234,c5,c234,c234,c234
15158,11595,2,c234,c234,c234,c234,c5,c234,c234,c234,c234
15159,15157,1,c5,c234,c234,c234,c234,c234,c234,c234,c234
15160,15158,2,c5,c1,c1,c1,c1,c1,c1,c1,c1
15161,15159,3,c234,c234,c234,c234,c5,c234,c234,c234,c234
15163,15161,1,c5,c234,c234,c234,c234,c234,c234,c234,c234
15164,15162,2,c1,c1,c1,c1,c1,c1,c1,c1,c1
15165,15163,3,c1,c1,c1,c1,c1,c5,c1,c1,c5
15167,15165,2,c234,c234,c234,c234,c234,c5,c234,c234,c5
15168,15166,1,c234,c1,c1,c1,c1,c5,c1,c1,c1
15169,15167,3,c1,c5,c5,c5,c5,c5,c5,c5,c234
15170,0,3,c1,c1,c1,c1,c1,c1,c1,c1,c1
15171,15169,1,c1,c5,c5,c5,c5,c5,c5,c5,c5
15173,15171,2,c234,c5,c234,c234,c234,c5,c5,c234,c234
15174,15172,3,c234,c5,c5,c5,c5,c5,c5,c5,c5
15175,15173,2,c5,c5,c5,c5,c5,c5,c5,c5,c5
15176,7000,2,c5,c5,c5,c5,c5,c5,c5,c5,c5
15177,15175,1,c234,c5,c5,c5,c234,c234,c234,c5,c234
15178,0,3,c1,c1,c1,c1,c1,c1,c1,c1,c1
15181,15179,3,c5,c5,c5,c5,c5,c5,c5,c5,c5
15182,15180,1,c1,c5,c5,c5,c5,c5,c5,c5,c5
15183,611,3,c1,c5,c5,c5,c5,c5,c5,c5,c5
15184,15182,3,c234,c5,c5,c5,c5,c5,c5,c5,c5
15185,15183,2,c5,c5,c5,c5,c1,c5,c1,c1,c5
15187,331,2,c1,c5,c5,c234,c234,c5,c5,c5,c5
15188,15186,1,c1,c5,c5,c5,c5,c5,c5,c5,c1
15190,15188,2,c234,c1,c1,c1,c1,c1,c1,c1,c1
15191,15189,3,c1,c1,c1,c1,c1,c1,c1,c1,c1
15192,15190,1,c1,c5,c5,c5,c5,c5,c5,c5,c5
15194,15192,2,c1,c5,c5,c1,c5,c1,c5,c5,c1
15195,15193,1,c234,c5,c5,c5,c5,c234,c5,c5,c234
15197,15195,2,c234,c234,c234,c234,c234,c234,c234,c234,c5
15198,15196,3,c234,c5,c5,c5,c5,c5,c5,c5,c5
15200,15198,1,c234,c234,c234,c234,c234,c234,c234,c234,c234
15201,15199,3,c234,c234,c234,c234,c234,c234,c234,c234,c234
15202,15200,2,c5,c234,c234,c234,c234,c234,c234,c234,c234
15203,15201,2,c234,c5,c5,c5,c5,c5,c5,c5,c5
15204,15202,1,c234,c234,c234,c234,c234,c5,c234,c234,c234
15205,4979,3,c1,c1,c1,c1,c1,c1,c1,c1,c234
15207,15205,3,c5,c1,c1,c1,c1,c234,c1,c1,c234
15209,15207,2,c234,c234,c234,c234,c234,c234,c234,c234,c1
15210,15208,3,c1,c234,c234,c234,c234,c234,c234,c5,c234
15212,15210,1,c1,c1,c1,c1,c1,c234,c1,c1,c234
15213,15211,1,c5,c234,c234,c234,c234,c5,c234,c5,c5
15214,15212,2,c5,c234,c234,c234,c234,c5,c234,c1,c5
15215,15213,1,c234,c234,c234,c234,c234,c234,c234,c234,c234
15216,15214,3,c1,c5,c5,c5,c5,c5,c5,c5,c5
15217,15215,2,c5,c5,c5,c5,c5,c5,c5,c5,c5
15218,36,2,c5,c5,c5,c5,c5,c5,c5,c5,c5
15219,16,1,c234,c1,c1,c1,c1,c1,c1,c1,c1
15220,2366,3,c5,c1,c1,c1,c1,c1,c1,c1,c1
15221,15219,3,c234,c5,c5,c234,c5,c234,c234,c234,c234
15223,3888,2,c5,c5,c234,c234,c5,c234,c5,c234,c234
15224,15222,2,c234,c1,c1,c1,c1,c5,c1,c234,c5
15226,15224,3,c1,c1,c1,c1,c1,c1,c1,c1,c1
15227,15225,1,c1,c5,c5,c5,c5,c5,c5,c5,c5
15229,15227,2,c5,c1,c1,c1,c1,c5,c1,c1,c1
15230,15228,1,c234,c234,c234,c234,c234,c234,c234,c234,c234
15232,15230,2,c234,c5,c5,c5,c5,c5,c5,c5,c5
15233,15231,1,c234,c5,c5,c5,c5,c5,c5,c234,c5
15234,15232,3,c234,c5,c5,c5,c5,c5,c5,c5,c5
15235,15233,2,c234,c234,c234,c234,c234,c1,c234,c234,c1
15236,16,1,c1,c1,c1,c1,c1,c1,c1,c1,c1
15238,15236,1,c5,c5,c5,c5,c5,c5,c5,c5,c5
15240,257,2,c1,c1,c1,c1,c1,c1,c1,c1,c1
15241,15239,2,c5,c5,c5,c5,c5,c5,c5,c5,c5
15242,15240,1,c5,c5,c5,c5,c5,c5,c5,c5,c5
15243,15241,2,c1,c234,c234,c234,c234,c234,c234,c234,c234
15245,15243,2,c234,c5,c5,c5,c5,c5,c5,c5,c5
15246,15244,3,c1,c5,c5,c5,c5,c5,c5,c5,c5
15247,4009,1,c5,c1,c1,c1,c1,c1,c1,c1,c1
15250,15248,1,c234,c5,c5,c5,c5,c5,c5,c5,c5
15251,15249,2,c1,c1,c1,c234,c1,c234,c1,c234,c234
15252,15250,3,c1,c234,c234,c234,c234,c234,c234,c234,c234
15254,15252,1,c1,c5,c5,c5,c5,c1,c5,c5,c5
15255,1902,2,c234,c1,c1,c5,c1,c1,c1,c1,c1
15256,15254,2,c234,c5,c5,c5,c5,c5,c5,c234,c5
15257,15255,3,c1,c234,c234,c234,c234,c234,c234,c234,c234
15259,15257,3,c234,c1,c1,c1,c1,c1,c1,c1,c1
15260,274,3,c5,c5,c5,c1,c5,c234,c5,c1,c1
15261,15259,1,c1,c5,c5,c5,c5,c5,c5,c5,c5
15262,15260,2,c5,c5,c5,c5,c5,c5,c5,c5,c5
15263,15261,2,c1,c234,c234,c234,c234,c5,c234,c234,c234
15264,15262,3,c1,c234,c234,c234,c234,c234,c234,c234,c234
15265,15263,1,c234,c5,c5,c5,c5,c5,c5,c5,c5
15266,319,2,c1,c5,c5,c5,c5,c5,c5,c5,c5
15267,3186,3,c1,c1,c1,c1,c1,c1,c1,c1,c1
15268,459,3,c234,c234,c234,c234,c234,c234,c234,c234,c234
15270,15268,1,c1,c1,c1,c1,c1,c1,c1,c1,c1
15271,271,1,c1,c1,c1,c1,c1,c1,c1,c1,c1
15272,15270,1,c1,c1,c1,c1,c1,c1,c1,c1,c1
15273,15271,3,c234,c234,c234,c234,c234,c234,c234,c234,c234
15274,15272,2,c1,c5,c5,c5,c5,c5,c5,c5,c5
15276,1142,2,c5,c1,c1,c1,c1,c1,c1,c1,c1
15277,15275,1,c5,c234,c234,c234,c234,c5,c234,c5,c5
15278,15276,1,c5,c234,c234,c234,c234,c234,c234,c234,c234
15279,7,3,c5,c1,c5,c1,c1,c5,c1,c5,c5
15280,15278,3,c5,c5,c5,c5,c5,c5,c5,c5,c5
15282,750,1,c234,c5,c5,c5,c5,c5,c5,c5,c5
15284,2601,2,c5,c5,c5,c5,c5,c5,c5,c5,c5
15285,15283,1,c234,c234,c234,c234,c234,c234,c234,c234,c234
15286,15284,2,c5,c5,c5,c5,c5,c234,c5,c5,c5
15287,15285,2,c1,c5,c5,c5,c5,c5,c5,c5,c5
15288,15286,2,c234,c234,c234,c234,c234,c234,c234,c234,c5
15289,15287,3,c234,c5,c5,c5,c5,c5,c5,c5,c5
15290,15288,1,c5,c234,c234,c234,c5,c5,c234,c5,c5
15291,2741,3,c1,c234,c234,c5,c234,c234,c234,c234,c234
15292,8023,1,c1,c5,c5,c5,c5,c5,c5,c5,c5
15294,1239,3,c234,c5,c5,c5,c5,c5,c5,c5,c5
15295,15293,3,c5,c234,c234,c234,c234,c5,c234,c234,c5
15296,15294,1,c234,c234,c234,c234,c234,c234,c234,c234,c234
15298,15296,2,c1,c5,c5,c5,c5,c5,c5,c5,c5
15299,406,2,c234,c1,c1,c1,c1,c1,c1,c1,c1
15300,15298,3,c1,c5,c5,c5,c5,c5,c5,c5,c5
15301,15299,1,c234,c5,c5,c1,c5,c5,c5,c1,c234
15302,166,2,c234,c1,c1,c1,c1,c234,c1,c1,c234
15304,15302,2,c234,c1,c1,c1,c1,c5,c1,c1,c5
15305,15303,3,c5,c234,c234,c234,c234,c5,c234,c234,c1
15306,750,1,c5,c5,c5,c5,c5,c5,c5,c5,c5
15307,4009,1,c5,c1,c1,c1,c1,c1,c1,c1,c1
15308,33,3,c1,c1,c1,c1,c1,c1,c1,c1,c1
15309,15307,1,c234,c5,c5,c5,c5,c234,c5,c5,c234
15310,15308,2,c1,c1,c1,c1,c1,c1,c1,c1,c1
15311,1453,1,c5,c5,c1,c5,c5,c5,c5,c1,c5
15312,1327,3,c1,c1,c1,c1,c1,c1,c1,c1,c1
15313,15311,3,c1,c1,c1,c1,c234,c1,c1,c1,c1
15314,15312,2,c1,c5,c5,c5,c5,c5,c5,c5,c5
15315,284,3,c5,c5,c5,c1,c5,c5,c5,c1,c5
15317,11572,1,c1,c5,c5,c5,c5,c5,c5,c5,c5
15318,15316,1,c234,c1,c1,c1,c1,c5,c1,c1,c5
15319,15317,3,c234,c5,c234,c234,c234,c234,c5,c234,c234
15320,15318,1,c1,c5,c5,c5,c5,c5,c5,c5,c5
15322,15320,1,c5,c234,c234,c234,c234,c234,c234,c234,c234
15323,15321,2,c1,c234,c234,c234,c234,c234,c234,c234,c234
15324,15322,3,c5,c234,c1,c234,c234,c5,c234,c1,c5
15325,15323,2,c234,c234,c234,c234,c234,c234,c234,c234,c234
15326,129,1,c1,c234,c234,c234,c234,c234,c234,c234,c234
15327,271,1,c234,c1,c1,c1,c1,c1,c1,c1,c1
15328,15326,3,c5,c5,c5,c5,c5,c5,c5,c5,c5
15329,15327,1,c1,c234,c5,c234,c234,c5,c234,c234,c5
15330,15328,2,c1,c1,c1,c234,c234,c1,c1,c234,c1
15331,15329,3,c234,c1,c1,c234,c1,c1,c1,c1,c1
15333,15331,1,c1,c5,c5,c5,c5,c5,c5,c5,c5
15334,15332,2,c234,c234,c234,c1,c234,c5,c234,c234,c234
15337,15335,3,c5,c5,c5,c5,c234,c234,c5,c234,c234
15338,15336,3,c5,c5,c5,c5,c5,c5,c5,c5,c5
15339,15337,1,c1,c234,c234,c234,c234,c234,c234,c234,c234
15340,12098,3,c1,c234,c234,c234,c1,c1,c234,c1,c1
15341,271,1,c234,c1,c1,c1,c1,c1,c1,c1,c1
15342,3978,3,c234,c234,c234,c234,c234,c234,c234,c234,c234
15343,7,3,c234,c1,c5,c1,c1,c5,c1,c5,c5
15344,15342,2,c1,c234,c234,c1,c234,c234,c234,c1,c234
15345,15343,3,c5,c1,c1,c234,c234,c234,c1,c234,c234
15346,15344,1,c5,c234,c1,c234,c234,c234,c234,c234,c1
15347,15345,1,c234,c5,c5,c5,c5,c5,c5,c5,c5
15348,2017,2,c5,c5,c5,c5,c5,c5,c5,c5,c5
15351,15349,3,c5,c234,c234,c234,c234,c234,c234,c234,c234
15352,15350,2,c234,c1,c1,c1,c1,c1,c1,c1,c1
15353,15351,1,c5,c5,c5,c5,c5,c5,c5,c5,c5
15354,5254,3,c1,c234,c234,c5,c234,c5,c234,c234,c5
15355,15353,2,c5,c5,c5,c5,c5,c5,c5,c5,c1
15356,3888,2,c5,c5,c234,c234,c5,c234,c5,c234,c234
15357,15355,3,c1,c234,c234,c234,c234,c234,c234,c234,c234
15358,15356,1,c1,c1,c1,c234,c1,c1,c1,c234,c234
15359,2617,1,c234,c5,c5,c5,c5,c5,c5,c5,c5
15360,15358,2,c1,c234,c1,c234,c1,c1,c234,c234,c234
15362,15360,3,c1,c234,c234,c234,c234,c234,c234,c234,c234
15364,15362,1,c234,c5,c5,c5,c5,c5,c5,c5,c5
15365,25,1,c1,c234,c234,c234,c234,c234,c234,c234,c234
15367,15365,2,c5,c234,c234,c234,c234,c234,c234,c234,c5
15368,15366,3,c5,c5,c5,c5,c5,c5,c5,c5,c5
15369,15367,1,c234,c234,c5,c234,c234,c5,c234,c234,c5
15370,3380,1,c1,c234,c234,c234,c234,c234,c234,c234,c234
15371,15369,2,c1,c5,c5,c5,c5,c5,c5,c5,c5
15373,15371,3,c234,c234,c234,c5,c5,c5,c234,c5,c5
15374,15372,1,c234,c5,c5,c5,c5,c5,c5,c5,c5
15375,15373,2,c5,c5,c5,c5,c5,c5,c5,c5,c5
15376,15374,3,c234,c234,c234,c234,c234,c234,c234,c234,c234
15377,15375,1,c5,c5,c5,c5,c5,c5,c5,c5,c5
15379,15377,2,c5,c5,c5,c5,c5,c5,c5,c5,c5
15380,15378,2,c234,c234,c234,c234,c234,c234,c234,c234,c234
15382,15380,3,c234,c1,c1,c1,c1,c1,c1,c1,c5
15383,15381,1,c234,c234,c234,c234,c234,c234,c234,c234,c234
15384,36,2,c1,c5,c5,c5,c5,c5,c5,c5,c5
15385,2269,2,c1,c234,c234,c234,c234,c5,c234,c234,c5
15386,13487,3,c1,c1,c1,c1,c1,c1,c1,c1,c1
15387,15385,2,c1,c1,c1,c1,c1,c234,c1,c1,c5
15389,15387,3,c1,c1,c1,c1,c1,c1,c1,c1,c1
15390,2536,2,c1,c1,c1,c1,c1,c1,c1,c1,c1
15391,15389,3,c5,c5,c5,c5,c5,c5,c5,c5,c5
15392,15390,2,c5,c5,c5,c5,c234,c234,c5,c234,c234
15393,15391,1,c5,c234,c234,c234,c234,c234,c234,c234,c234
15395,15393,1,c1,c1,c1,c234,c1,c234,c1,c234,c5
15396,15394,2,c5,c234,c234,c5,c234,c234,c234,c5,c5
15398,15396,3,c1,c234,c234,c234,c234,c234,c234,c234,c234
15399,15397,1,c1,c234,c234,c234,c234,c1,c234,c234,c1
15400,15398,3,c5,c5,c5,c5,c5,c5,c5,c5,c5
15401,15399,2,c5,c1,c5,c1,c1,c5,c1,c1,c5
15402,15400,2,c5,c234,c234,c234,c234,c234,c234,c234,c5
15403,15401,1,c5,c5,c5,c5,c5,c5,c5,c5,c5
15405,15403,3,c5,c234,c234,c234,c234,c5,c234,c234,c5
15408,8866,2,c1,c5,c5,c5,c5,c5,c5,c5,c5
15409,15407,2,c5,c234,c234,c234,c5,c5,c234,c5,c5
15410,15408,1,c5,c5,c5,c5,c5,c5,c5,c5,c5
15411,15409,2,c5,c5,c5,c5,c5,c5,c5,c5,c5
15412,15410,3,c5,c5,c5,c5,c5,c5,c5,c5,c5
15413,735,1,c1,c5,c5,c5,c5,c5,c5,c5,c5
15414,15412,1,c5,c5,c5,c5,c5,c5,c5,c5,c5
15415,15413,2,c234,c5,c5,c5,c5,c234,c5,c5,c234
15416,15414,3,c5,c5,c5,c5,c5,c5,c5,c5,c5
15417,271,1,c1,c1,c1,c1,c1,c1,c1,c1,c1
15419,15417,1,c5,c234,c234,c234,c234,c234,c234,c234,c234
15420,15418,2,c1,c5,c5,c5,c5,c234,c5,c5,c234
15422,383,1,c5,c234,c234,c234,c234,c234,c234,c234,c1
15423,15421,3,c234,c234,c234,c1,c234,c234,c234,c234,c1
15425,15240,1,c5,c5,c5,c5,c5,c5,c5,c5,c5
15426,9956,2,c1,c234,c234,c5,c234,c234,c234,c5,c234
15427,15425,3,c5,c5,c5,c5,c5,c5,c5,c5,c5
15428,15426,1,c1,c5,c5,c5,c5,c234,c5,c5,c234
15429,15427,2,c1,c5,c5,c5,c5,c5,c5,c5,c5
15430,15428,1,c5,c5,c5,c5,c5,c5,c5,c5,c234
15431,15429,1,c234,c5,c5,c5,c5,c5,c5,c5,c5
15432,15430,2,c5,c234,c234,c234,c234,c234,c234,c234,c234
15433,15431,3,c234,c5,c5,c5,c5,c5,c5,c5,c5
15434,15432,1,c5,c234,c234,c234,c234,c234,c234,c234,c234
15436,15434,2,c234,c234,c234,c234,c234,c234,c234,c234,c1
15438,1303,3,c5,c5,c5,c5,c5,c5,c5,c5,c5
15439,15437,3,c5,c234,c234,c234,c234,c234,c234,c234,c234
15440,15438,2,c1,c1,c1,c1,c1,c5,c1,c1,c5
15441,15439,1,c234,c5,c5,c5,c5,c1,c5,c5,c5
15442,15440,3,c5,c234,c234,c234,c234,c234,c234,c234,c5
15443,1401,1,c1,c234,c234,c234,c234,c234,c234,c234,c234
15445,15443,2,c1,c1,c1,c234,c1,c1,c1,c1,c1
15446,15444,1,c1,c5,c5,c5,c5,c5,c5,c5,c5
15447,15445,3,c5,c234,c234,c234,c234,c234,c234,c234,c5
15449,15447,3,c5,c234,c234,c234,c234,c234,c234,c234,c234
15450,15448,1,c5,c1,c1,c1,c1,c1,c1,c1,c1
15451,15449,2,c5,c5,c5,c5,c5,c5,c5,c5,c5
15453,3202,1,c5,c5,c5,c5,c5,c5,c5,c5,c5
15455,15453,2,c234,c234,c234,c234,c234,c234,c234,c234,c234
15456,11361,3,c234,c5,c5,c5,c5,c234,c5,c5,c234
15457,15455,1,c5,c5,c5,c5,c5,c5,c5,c5,c5
15458,15456,1,c5,c234,c234,c234,c234,c234,c234,c234,c234
15459,3779,2,c234,c1,c234,c1,c1,c234,c1,c1,c234
15460,15458,1,c1,c5,c5,c5,c5,c5,c5,c5,c5
15462,117,3,c1,c1,c1,c1,c1,c1,c1,c1,c1
15464,15462,2,c1,c234,c234,c234,c234,c5,c234,c234,c234
15465,15463,1,c5,c1,c1,c1,c1,c234,c1,c1,c234
15466,15464,2,c234,c234,c234,c234,c234,c234,c234,c234,c234
15468,15466,1,c1,c5,c5,c5,c234,c234,c5,c5,c234
15469,15467,3,c1,c234,c234,c234,c234,c234,c234,c234,c234
15470,15468,2,c5,c5,c5,c5,c5,c5,c5,c5,c5
15472,15470,3,c234,c5,c5,c5,c5,c5,c5,c5,c5
15474,15472,1,c5,c5,c5,c5,c5,c5,c5,c5,c5
15475,3180,1,c234,c1,c1,c1,c1,c1,c1,c1,c1
15476,15474,2,c234,c5,c5,c5,c5,c5,c5,c5,c5
15477,15475,3,c1,c5,c5,c5,c5,c5,c5,c5,c5
15479,15477,1,c1,c1,c1,c1,c1,c5,c1,c1,c5
15480,15478,2,c1,c234,c234,c234,c234,c234,c234,c234,c234
15482,15480,3,c234,c1,c1,c5,c1,c5,c1,c5,c5
15483,15481,1,c234,c1,c1,c1,c1,c5,c1,c1,c1
15484,6038,3,c5,c1,c1,c1,c5,c1,c1,c1,c1
15486,15484,3,c234,c5,c5,c5,c5,c5,c5,c5,c5
15487,15485,2,c1,c234,c234,c234,c234,c234,c234,c234,c234
15488,15486,2,c1,c1,c1,c1,c1,c234,c1,c234,c234
15489,15487,1,c5,c5,c5,c5,c5,c5,c5,c5,c234
15490,15488,3,c1,c5,c5,c5,c5,c5,c5,c5,c5
15491,15489,3,c1,c5,c5,c5,c5,c234,c5,c5,c234
15494,15492,1,c5,c5,c5,c5,c5,c5,c5,c5,c5
15495,15493,2,c1,c5,c5,c5,c5,c5,c5,c5,c5
15496,15494,3,c1,c1,c1,c1,c1,c234,c1,c1,c1
15497,15495,2,c1,c1,c1,c1,c1,c234,c1,c1,c1
15499,271,1,c1,c1,c1,c1,c1,c1,c1,c1,c1
15500,15498,1,c234,c5,c5,c5,c5,c5,c5,c5,c5
15501,15499,3,c5,c5,c5,c1,c5,c5,c5,c5,c5
15502,15500,1,c5,c5,c5,c5,c5,c5,c5,c5,c5
15504,15502,2,c1,c234,c234,c234,c234,c234,c234,c234,c234
15505,15503,3,c1,c5,c5,c5,c5,c5,c5,c5,c5
15507,15505,1,c234,c1,c1,c1,c1,c1,c1,c1,c1
15508,15506,2,c5,c5,c5,c5,c5,c5,c5,c5,c5
15510,16,1,c1,c1,c1,c1,c1,c1,c1,c1,c1
15511,15509,3,c1,c234,c234,c234,c234,c5,c234,c234,c5
15512,15510,1,c234,c5,c5,c5,c5,c5,c5,c5,c5
15513,15511,2,c1,c1,c1,c1,c1,c1,c1,c1,c1
15514,15512,3,c1,c5,c5,c5,c5,c5,c5,c5,c5
15515,724,3,c234,c1,c1,c1,c1,c1,c1,c1,c1
15517,15515,1,c1,c5,c5,c5,c5,c1,c5,c5,c1
15518,15516,2,c5,c5,c5,c5,c5,c234,c5,c5,c5
15519,1597,1,c234,c5,c5,c5,c5,c5,c5,c5,c5
15520,7,3,c5,c1,c5,c1,c1,c5,c1,c5,c5
15521,15519,3,c234,c5,c5,c5,c5,c5,c5,c5,c5
15522,15520,1,c5,c1,c1,c1,c1,c1,c1,c1,c1
15524,15522,2,c234,c5,c5,c5,c5,c5,c5,c5,c234
15525,15523,3,c234,c1,c1,c1,c1,c1,c1,c234,c234
15526,15524,1,c234,c1,c1,c1,c1,c5,c1,c1,c5
15527,15525,3,c5,c234,c234,c234,c234,c234,c234,c234,c234
15529,15527,2,c234,c234,c234,c234,c234,c234,c234,c234,c234
15530,6774,1,c234,c5,c5,c5,c5,c5,c5,c5,c5
15532,15530,1,c234,c5,c5,c5,c5,c5,c5,c5,c5
15533,15531,2,c1,c234,c234,c234,c234,c234,c234,c234,c234
15534,557,1,c1,c1,c1,c1,c1,c1,c1,c1,c1
15535,581,3,c234,c1,c1,c1,c1,c1,c1,c1,c1
15536,15534,3,c1,c234,c234,c234,c234,c234,c234,c234,c234
15537,15535,1,c5,c5,c5,c5,c5,c5,c5,c5,c5
15538,15536,3,c5,c234,c234,c234,c234,c234,c234,c234,c234
15539,36,2,c1,c5,c5,c5,c5,c5,c5,c5,c5
15541,15539,2,c234,c5,c234,c5,c5,c5,c5,c5,c5
15542,15540,1,c5,c5,c5,c5,c5,c5,c5,c5,c5
15543,252,1,c1,c1,c234,c1,c1,c1,c1,c1,c1
15545,15543,2,c5,c5,c5,c5,c5,c5,c5,c5,c5
15546,15544,3,c5,c5,c5,c5,c5,c5,c5,c5,c5
15547,15545,1,c234,c5,c5,c5,c5,c5,c5,c5,c5
15548,15546,3,c5,c5,c5,c5,c5,c5,c5,c1,c5
15549,15547,1,c1,c234,c5,c1,c234,c5,c234,c5,c5
15550,15548,2,c1,c1,c1,c1,c1,c1,c1,c1,c1
15551,15549,2,c5,c1,c1,c1,c1,c5,c1,c1,c5
15553,15551,3,c234,c234,c234,c234,c234,c234,c234,c234,c1
15555,15553,1,c5,c234,c234,c234,c234,c234,c234,c234,c234
15557,13062,2,c5,c5,c234,c5,c234,c234,c234,c5,c5
15558,15556,2,c5,c5,c5,c5,c5,c234,c5,c5,c234
15559,15557,3,c1,c1,c1,c1,c1,c234,c1,c1,c1
15560,15558,1,c1,c1,c1,c1,c1,c1,c1,c1,c1
15561,15559,2,c1,c234,c234,c234,c1,c5,c234,c1,c5
15562,1583,3,c1,c5,c5,c5,c5,c5,c5,c5,c5
15563,15561,3,c234,c5,c5,c5,c1,c5,c5,c5,c5
15564,15562,1,c234,c5,c5,c5,c1,c5,c5,c1,c5
15566,15564,2,c1,c234,c234,c234,c234,c5,c234,c234,c5
15567,15565,3,c5,c5,c5,c5,c5,c5,c5,c5,c5
15570,15568,1,c234,c5,c5,c5,c5,c5,c5,c5,c5
15571,15569,2,c234,c1,c1,c1,c1,c1,c1,c1,c1
15572,15570,1,c5,c1,c1,c234,c1,c234,c1,c234,c234
15573,15571,3,c5,c234,c234,c234,c234,c234,c234,c234,c234
15574,15572,1,c5,c234,c234,c234,c234,c234,c234,c234,c234
15576,15574,2,c1,c1,c1,c234,c1,c234,c1,c234,c234
15577,15575,3,c1,c1,c1,c1,c1,c234,c1,c1,c1
15578,15576,1,c234,c5,c5,c5,c5,c5,c5,c5,c5
15579,3887,1,c234,c5,c5,c5,c5,c5,c5,c5,c5
15580,1566,3,c5,c5,c5,c5,c5,c5,c5,c5,c5
15582,15580,2,c1,c234,c234,c234,c234,c234,c234,c234,c234
15583,3350,1,c1,c5,c5,c5,c5,c5,c5,c5,c5
15584,15582,3,c234,c1,c1,c1,c1,c1,c1,c1,c1
15585,15583,2,c234,c234,c234,c234,c234,c5,c234,c234,c5
15586,15584,1,c1,c1,c1,c1,c1,c1,c1,c1,c1
15587,15585,2,c1,c234,c234,c234,c234,c234,c234,c234,c234
15589,15587,3,c1,c1,c1,c1,c1,c1,c1,c1,c1
15590,15588,1,c5,c5,c5,c5,c5,c5,c5,c5,c5
15591,15589,2,c5,c1,c1,c1,c1,c1,c1,c1,c1
15593,14338,1,c234,c234,c234,c234,c234,c234,c234,c234,c1
15594,6742,3,c234,c1,c1,c1,c1,c1,c1,c1,c1
15595,15593,3,c234,c5,c5,c5,c5,c5,c5,c5,c5
15596,8833,1,c234,c234,c234,c234,c234,c234,c234,c234,c234
15597,15595,1,c5,c234,c234,c234,c234,c234,c234,c234,c1
15598,15596,2,c234,c5,c5,c5,c5,c5,c5,c5,c5
15599,15597,3,c5,c5,c5,c5,c5,c5,c5,c5,c5
15601,15599,1,c5,c1,c1,c5,c1,c5,c1,c5,c5
15602,15600,3,c234,c234,c234,c234,c234,c234,c234,c234,c5
15603,15601,2,c5,c234,c234,c234,c234,c5,c234,c234,c5
15604,15602,1,c234,c1,c1,c1,c1,c234,c1,c1,c234
15605,15603,2,c5,c5,c5,c5,c5,c5,c5,c5,c5
15607,15605,1,c1,c1,c1,c1,c1,c1,c1,c1,c1
15608,15606,3,c234,c1,c1,c234,c1,c5,c1,c1,c5
15609,15607,3,c234,c5,c5,c5,c5,c5,c5,c5,c5
15610,15608,1,c5,c5,c5,c5,c5,c5,c5,c5,c5
15612,15610,2,c234,c234,c234,c234,c234,c234,c234,c234,c234
15613,15611,1,c1,c1,c1,c1,c1,c1,c1,c1,c1
15615,15613,2,c1,c5,c5,c5,c5,c5,c5,c5,c5
15616,15614,3,c5,c5,c5,c234,c5,c234,c5,c234,c234
15617,284,3,c5,c5,c1,c1,c5,c5,c5,c1,c5
15618,15616,1,c1,c1,c1,c234,c1,c1,c1,c234,c1
15619,15617,2,c1,c1,c1,c1,c1,c1,c1,c1,c1
15620,15618,3,c234,c5,c5,c5,c234,c5,c5,c5,c5
15621,240,1,c234,c234,c1,c234,c234,c1,c234,c1,c1
15622,15620,1,c5,c5,c5,c5,c5,c5,c5,c5,c5
15624,15622,2,c1,c5,c5,c5,c5,c234,c5,c5,c234
15625,15623,3,c5,c5,c5,c5,c5,c5,c5,c5,c5
15626,15624,1,c5,c5,c5,c5,c5,c5,c5,c5,c5
15628,15626,2,c1,c234,c5,c5,c1,c5,c234,c1,c5
15629,15627,3,c1,c1,c1,c1,c1,c1,c1,c1,c1
15631,15629,1,c234,c1,c1,c1,c1,c1,c1,c1,c1
15632,0,3,c1,c1,c1,c1,c1,c1,c1,c1,c1
15633,15631,2,c234,c234,c234,c234,c234,c234,c234,c234,c5
15635,15633,3,c5,c5,c5,c5,c5,c5,c5,c234,c234
15636,15634,1,c234,c234,c234,c234,c234,c234,c234,c234,c234
15637,15635,2,c5,c1,c1,c1,c1,c1,c1,c1,c1
15638,15636,3,c1,c5,c5,c5,c5,c5,c5,c5,c5
15640,15638,1,c5,c5,c5,c234,c5,c234,c5,c234,c5
15641,15639,3,c1,c234,c234,c234,c234,c234,c234,c234,c234
15642,15640,2,c5,c5,c5,c5,c5,c5,c5,c5,c5
15643,15641,2,c5,c1,c1,c1,c1,c1,c1,c1,c1
15644,6169,3,c1,c234,c234,c234,c234,c234,c234,c234,c234
15646,15644,1,c1,c234,c234,c234,c234,c234,c234,c234,c234
15647,15645,3,c5,c5,c5,c5,c5,c5,c5,c5,c5
15648,7,3,c5,c5,c5,c5,c5,c5,c5,c5,c5
15649,15647,1,c1,c1,c1,c1,c1,c1,c1,c1,c1
15650,15648,2,c1,c5,c5,c5,c5,c234,c5,c5,c234
15651,15649,3,c1,c1,c1,c1,c1,c1,c1,c1,c234
15654,252,1,c5,c1,c5,c1,c1,c234,c1,c234,c234
15656,349,1,c234,c1,c1,c1,c1,c5,c1,c1,c5
15657,15655,1,c5,c234,c234,c234,c234,c5,c234,c234,c5
15658,15656,3,c234,c1,c1,c1,c1,c1,c1,c1,c1
15659,15657,2,c234,c5,c5,c5,c5,c5,c5,c5,c5
15660,680,1,c1,c1,c1,c1,c1,c5,c1,c1,c5
15661,1401,1,c1,c234,c234,c234,c234,c234,c234,c234,c234
15662,117,3,c1,c1,c1,c1,c1,c1,c1,c1,c1
15663,171,2,c234,c234,c234,c234,c234,c234,c234,c234,c234
15664,15662,1,c234,c234,c234,c234,c234,c234,c234,c234,c234
15665,1020,2,c234,c1,c234,c1,c1,c5,c1,c1,c1
15666,15664,1,c1,c1,c1,c1,c1,c1,c1,c1,c1
15667,7422,2,c5,c5,c5,c5,c5,c5,c5,c5,c5
15668,946,1,c1,c5,c1,c5,c1,c5,c5,c1,c5
15669,15667,2,c234,c5,c5,c5,c5,c5,c5,c5,c5
15670,15668,3,c5,c5,c5,c5,c5,c5,c5,c5,c5
15671,419,2,c1,c1,c1,c1,c1,c1,c1,c1,c1
15672,24,3,c1,c5,c5,c5,c5,c5,c5,c5,c5
15673,436,1,c1,c1,c1,c1,c1,c1,c1,c1,c1
15675,15673,2,c1,c1,c1,c1,c1,c1,c1,c1,c1
15676,15674,3,c234,c234,c234,c234,c234,c234,c234,c234,c234
15677,15675,2,c1,c234,c234,c234,c234,c234,c234,c234,c234
15679,15677,1,c5,c5,c5,c5,c5,c5,c5,c5,c5
15681,2898,3,c234,c234,c234,c234,c234,c1,c234,c234,c1
15682,15680,3,c1,c1,c1,c1,c1,c1,c1,c1,c1
15683,735,1,c1,c5,c5,c5,c5,c5,c5,c5,c5
15684,15682,1,c1,c1,c1,c1,c1,c1,c1,c1,c1
15685,15683,3,c1,c5,c5,c5,c5,c5,c5,c5,c5
15686,15684,2,c5,c5,c5,c5,c5,c234,c5,c5,c234
15688,15686,3,c234,c234,c1,c234,c1,c1,c234,c1,c234
15689,15687,1,c234,c5,c5,c5,c5,c5,c5,c5,c5
15690,15688,2,c1,c234,c234,c234,c234,c234,c234,c234,c234
15691,15689,3,c1,c1,c1,c1,c1,c1,c1,c1,c1
15692,381,3,c1,c1,c1,c1,c1,c1,c1,c1,c1
15693,15691,1,c5,c1,c1,c1,c1,c1,c1,c1,c1
15694,1746,1,c1,c1,c1,c1,c1,c1,c1,c1,c1
15696,15694,3,c1,c5,c5,c5,c5,c5,c5,c5,c5
15697,15695,2,c234,c5,c5,c5,c5,c5,c5,c5,c5
15698,15696,1,c5,c5,c5,c5,c5,c5,c5,c5,c5
15699,15697,2,c5,c5,c5,c5,c5,c5,c5,c5,c5
15700,15698,3,c1,c1,c1,c234,c1,c5,c1,c1,c5
15701,15699,1,c234,c5,c5,c5,c5,c5,c5,c5,c5
15703,4443,1,c5,c234,c5,c5,c5,c234,c234,c5,c1
15704,9369,3,c5,c5,c5,c5,c5,c5,c5,c5,c5
15705,15703,2,c234,c5,c1,c234,c5,c5,c5,c1,c5
15707,15705,3,c5,c1,c5,c5,c1,c5,c1,c5,c5
15708,15706,1,c1,c234,c234,c234,c234,c234,c234,c234,c234
15709,15707,2,c234,c234,c234,c234,c234,c234,c234,c234,c234
15711,15709,1,c234,c1,c1,c1,c1,c1,c1,c1,c1
15712,15710,3,c5,c1,c1,c1,c1,c1,c1,c1,c1
15714,15712,1,c5,c234,c234,c234,c5,c234,c234,c5,c5
15715,15713,2,c5,c234,c234,c234,c234,c234,c234,c234,c234
15716,15714,3,c5,c5,c5,c5,c5,c234,c5,c5,c234
15717,15715,2,c234,c1,c1,c1,c1,c1,c1,c1,c1
15718,15716,1,c5,c5,c5,c234,c5,c5,c5,c234,c234
15720,15718,3,c1,c234,c234,c5,c234,c5,c234,c5,c234
15721,15719,1,c234,c234,c234,c234,c234,c234,c234,c234,c234
15722,15720,3,c5,c234,c234,c234,c234,c234,c234,c234,c234
15724,15722,2,c5,c234,c234,c234,c234,c5,c234,c234,c234
15725,15723,2,c5,c5,c5,c5,c5,c234,c5,c5,c234
15726,15724,1,c1,c5,c5,c234,c5,c5,c5,c234,c5
15727,15725,3,c5,c5,c5,c5,c5,c5,c5,c5,c5
15728,6774,1,c234,c5,c5,c5,c5,c5,c5,c5,c5
15729,36,2,c234,c5,c5,c5,c5,c5,c5,c5,c5
15730,6471,1,c5,c5,c5,c5,c5,c5,c5,c5,c5
15731,15729,3,c234,c5,c5,c5,c5,c5,c5,c5,c5
15734,15732,1,c5,c5,c5,c5,c5,c5,c5,c5,c5
15735,15733,2,c5,c1,c1,c1,c1,c1,c1,c1,c1
15736,15734,1,c234,c1,c1,c1,c1,c1,c1,c1,c1
15737,15735,2,c1,c234,c234,c234,c1,c234,c234,c1,c1
15738,15736,3,c234,c234,c1,c1,c1,c1,c234,c1,c1
15740,15738,1,c5,c5,c5,c5,c5,c5,c5,c5,c5
15741,15739,2,c1,c1,c1,c1,c1,c234,c1,c1,c1
15742,15740,3,c1,c1,c1,c1,c1,c5,c1,c1,c5
15743,15741,1,c5,c234,c234,c234,c234,c234,c234,c234,c234
15744,15742,2,c1,c1,c1,c1,c1,c5,c1,c1,c5
15746,16,1,c1,c1,c1,c1,c1,c1,c1,c1,c1
15747,15745,2,c5,c5,c5,c5,c5,c5,c5,c5,c5
15748,107,1,c1,c1,c1,c1,c1,c5,c1,c1,c5
15749,15747,3,c1,c234,c234,c234,c234,c234,c234,c234,c234
15750,15748,3,c1,c234,c234,c234,c234,c234,c234,c234,c234
15752,15750,1,c5,c5,c5,c5,c5,c5,c5,c5,c5
15753,15751,1,c5,c5,c5,c5,c5,c5,c5,c5,c5
15754,15752,3,c1,c234,c234,c234,c234,c234,c234,c234,c234
15755,15753,2,c234,c5,c5,c5,c5,c5,c5,c5,c5
15756,15754,1,c234,c5,c5,c5,c5,c5,c5,c5,c5
15758,15756,2,c5,c5,c5,c5,c5,c5,c5,c234,c5
15760,15758,3,c5,c5,c5,c5,c5,c5,c5,c5,c5
15761,10278,1,c234,c1,c1,c1,c1,c1,c1,c1,c1
15762,7042,2,c1,c1,c1,c1,c1,c1,c1,c1,c1
15763,15761,1,c5,c5,c5,c5,c5,c5,c5,c5,c5
15764,36,2,c5,c5,c5,c5,c5,c5,c5,c5,c5
15765,3804,2,c5,c234,c234,c5,c5,c234,c5,c5,c234
15766,15764,2,c5,c5,c5,c5,c5,c5,c5,c5,c5
15767,15765,1,c5,c5,c5,c5,c234,c5,c5,c5,c5
15768,15766,3,c1,c234,c234,c234,c234,c234,c234,c234,c234
15770,15768,2,c1,c234,c234,c234,c1,c234,c234,c1,c1
15771,15769,2,c234,c234,c234,c234,c234,c234,c234,c234,c234
15773,15771,3,c1,c1,c1,c1,c1,c1,c1,c1,c1
15774,15772,1,c5,c5,c5,c5,c5,c5,c5,c5,c5
15776,15774,3,c1,c1,c1,c1,c1,c1,c1,c1,c1
15777,7836,1,c234,c5,c5,c5,c5,c5,c5,c5,c5
15778,6169,3,c234,c234,c234,c234,c234,c234,c234,c234,c234
15779,15777,1,c5,c234,c234,c234,c234,c234,c234,c234,c5
15780,15778,2,c1,c5,c5,c5,c5,c5,c5,c5,c5
15781,15779,3,c234,c234,c234,c234,c1,c234,c234,c234,c1
15782,3697,1,c234,c1,c1,c1,c1,c1,c1,c1,c1
15783,15781,1,c1,c1,c1,c1,c1,c1,c1,c1,c1
15784,15782,1,c1,c1,c1,c1,c1,c1,c1,c1,c1
15786,28,1,c5,c234,c234,c234,c234,c234,c234,c234,c234
15787,3563,3,c1,c5,c5,c5,c5,c5,c5,c5,c5
15788,4591,1,c1,c5,c5,c5,c5,c5,c5,c5,c5
15789,15787,2,c234,c5,c5,c5,c5,c5,c5,c5,c5
15790,15788,3,c5,c5,c5,c5,c5,c5,c5,c5,c5
15791,8438,2,c234,c1,c1,c1,c1,c1,c1,c1,c1
15793,15791,2,c1,c5,c5,c5,c5,c5,c5,c5,c5
15794,641,3,c234,c5,c5,c5,c5,c5,c5,c5,c5
15795,15793,3,c234,c5,c5,c5,c5,c5,c5,c5,c5
15796,15794,1,c5,c234,c234,c234,c234,c5,c234,c234,c5
15797,15795,1,c5,c234,c234,c234,c234,c234,c234,c234,c5
15799,8935,2,c234,c1,c1,c1,c1,c1,c1,c1,c1
15800,15798,2,c5,c5,c5,c5,c5,c5,c5,c5,c5
15801,15799,3,c234,c5,c5,c5,c5,c5,c5,c5,c5
15802,15800,3,c5,c5,c5,c5,c5,c5,c5,c5,c5
15803,15801,1,c1,c1,c5,c1,c1,c5,c1,c1,c1
15805,15803,3,c5,c5,c5,c5,c5,c5,c5,c5,c5
15806,15804,2,c5,c234,c234,c234,c234,c234,c234,c234,c234
15807,15805,1,c5,c5,c5,c5,c5,c5,c5,c5,c5
15808,16,1,c1,c1,c1,c1,c1,c1,c1,c1,c1
15809,15807,2,c5,c5,c5,c5,c5,c5,c5,c5,c5
15811,15809,1,c5,c5,c5,c5,c5,c5,c5,c5,c5
15812,15810,2,c1,c234,c234,c234,c234,c5,c234,c234,c5
15813,15811,3,c1,c234,c234,c234,c234,c1,c234,c234,c1
15814,15812,2,c5,c5,c5,c5,c5,c5,c5,c5,c5
15815,4009,1,c1,c1,c1,c1,c1,c1,c1,c1,c1
15816,15814,1,c5,c5,c5,c5,c5,c5,c5,c5,c5
15817,15815,2,c1,c1,c234,c1,c1,c234,c234,c234,c234
15819,15817,1,c1,c5,c5,c5,c5,c234,c5,c5,c5
15820,15818,3,c5,c5,c5,c5,c1,c5,c5,c5,c5
15823,15821,2,c1,c234,c234,c1,c234,c234,c5,c1,c5
15824,15822,3,c5,c5,c5,c5,c5,c5,c5,c5,c5
15825,15823,1,c234,c5,c5,c5,c5,c5,c5,c5,c5
15826,15824,2,c1,c5,c5,c5,c5,c5,c5,c5,c5
15827,15825,3,c5,c5,c5,c5,c5,c5,c5,c5,c5
15828,15826,1,c234,c234,c234,c234,c234,c234,c234,c234,c5
15829,15827,2,c5,c5,c5,c5,c5,c5,c5,c5,c5
15830,816,3,c5,c234,c234,c234,c234,c234,c234,c234,c234
15831,10942,2,c234,c1,c1,c1,c1,c234,c1,c1,c234
15833,15831,3,c5,c234,c234,c234,c234,c234,c234,c234,c234
15834,15832,1,c5,c5,c5,c5,c5,c5,c5,c5,c5
15836,438,1,c234,c5,c1,c234,c5,c5,c5,c1,c5
15837,15835,1,c5,c234,c234,c234,c234,c234,c234,c234,c234
15838,15836,2,c234,c5,c5,c5,c5,c5,c5,c5,c5
15839,5423,3,c234,c234,c234,c1,c234,c234,c234,c234,c234
15840,15838,3,c5,c5,c5,c5,c5,c5,c5,c5,c234
15841,15839,1,c5,c5,c5,c5,c5,c5,c5,c5,c5
15842,15840,2,c234,c234,c234,c234,c234,c1,c234,c1,c1
15843,513,2,c1,c5,c5,c5,c5,c5,c5,c5,c5
15845,194,1,c234,c5,c5,c5,c5,c5,c5,c5,c5
15846,15844,3,c234,c5,c5,c5,c5,c5,c5,c5,c5
15847,15845,1,c1,c5,c5,c5,c5,c5,c5,c5,c5
15848,15846,2,c5,c5,c5,c5,c5,c5,c5,c5,c5
15849,271,1,c1,c1,c1,c1,c1,c1,c1,c1,c1
15851,15849,3,c5,c5,c5,c5,c5,c5,c5,c5,c5
15852,15850,1,c1,c5,c5,c5,c5,c5,c5,c5,c5
15853,15851,2,c1,c5,c5,c1,c5,c1,c5,c5,c1
15854,15852,3,c1,c5,c5,c5,c5,c5,c5,c5,c5
15855,2317,3,c5,c234,c234,c5,c5,c234,c234,c5,c234
15857,15855,1,c1,c234,c234,c234,c234,c5,c234,c234,c5
15859,15857,3,c1,c234,c234,c1,c234,c234,c234,c1,c5
15860,15858,1,c5,c5,c1,c5,c1,c5,c5,c1,c5
15862,15860,2,c5,c5,c5,c5,c5,c5,c5,c5,c5
15864,15862,2,c1,c5,c5,c5,c5,c5,c5,c5,c5
15865,15863,1,c1,c234,c234,c234,c1,c5,c234,c1,c5
15866,15864,3,c234,c234,c234,c234,c234,c234,c234,c234,c234
15867,15865,1,c1,c1,c1,c1,c1,c1,c1,c1,c1
15869,15867,2,c5,c5,c234,c5,c234,c5,c5,c5,c5
15870,15868,2,c234,c5,c5,c5,c1,c234,c5,c5,c234
15871,675,1,c234,c1,c1,c5,c1,c1,c1,c1,c1
15872,15870,3,c1,c5,c5,c5,c5,c234,c5,c5,c234
15873,15871,3,c1,c234,c234,c5,c5,c5,c234,c5,c5
15875,15467,3,c234,c234,c234,c234,c234,c234,c234,c234,c234
15877,36,2,c234,c5,c5,c5,c5,c5,c5,c5,c5
15878,15876,1,c234,c234,c234,c234,c234,c234,c234,c234,c234
15879,15877,3,c1,c1,c1,c1,c1,c1,c1,c1,c5
15880,15878,1,c234,c234,c234,c234,c234,c5,c234,c234,c5
15881,15879,2,c234,c1,c1,c1,c1,c1,c1,c1,c1
15883,194,1,c5,c234,c234,c5,c5,c5,c5,c5,c5
15884,15882,3,c234,c5,c5,c5,c234,c5,c5,c5,c234
15887,15885,3,c1,c1,c1,c1,c1,c1,c1,c1,c1
15888,15886,1,c234,c5,c5,c5,c5,c5,c5,c5,c5
15889,15887,2,c234,c234,c234,c234,c234,c234,c234,c234,c234
15890,15888,1,c1,c1,c1,c1,c1,c1,c1,c1,c1
15891,15889,2,c5,c234,c234,c234,c234,c234,c234,c234,c5
15892,15890,3,c5,c234,c234,c234,c234,c234,c234,c234,c234
15893,15891,1,c5,c5,c5,c5,c5,c5,c5,c5,c5
15894,452,3,c1,c234,c234,c234,c234,c234,c234,c234,c234
15895,36,2,c1,c5,c5,c5,c5,c5,c5,c5,c5
15897,15895,3,c234,c234,c234,c234,c234,c234,c234,c234,c234
15898,3887,1,c1,c5,c5,c5,c5,c5,c5,c5,c5
15899,15897,2,c5,c5,c5,c5,c5,c5,c5,c5,c5
15900,15898,1,c5,c5,c5,c5,c5,c5,c5,c5,c5
15901,15899,3,c1,c234,c234,c234,c234,c1,c234,c234,c1
15902,2753,2,c234,c234,c234,c234,c234,c234,c234,c234,c234
15903,1458,1,c234,c5,c1,c5,c5,c5,c5,c1,c1
15905,15903,2,c1,c1,c1,c1,c1,c5,c1,c1,c5
15906,15904,2,c234,c1,c1,c1,c1,c1,c1,c1,c1
15907,15905,1,c234,c1,c1,c234,c1,c1,c1,c1,c1
15908,15906,3,c5,c1,c1,c1,c1,c234,c1,c1,c1
15910,1790,3,c234,c234,c234,c234,c234,c234,c234,c234,c234
15911,15909,1,c234,c5,c5,c5,c5,c5,c5,c5,c5
15912,14509,2,c5,c5,c5,c5,c5,c234,c5,c5,c234
15913,15911,2,c1,c234,c234,c234,c234,c5,c234,c234,c234
15914,15912,3,c234,c234,c234,c234,c234,c234,c234,c234,c234
15915,9583,1,c234,c234,c234,c234,c234,c234,c234,c234,c234
15917,15915,1,c1,c1,c1,c1,c1,c1,c1,c1,c1
15918,15916,1,c5,c5,c5,c5,c5,c5,c5,c5,c5
15919,15917,2,c5,c1,c1,c234,c1,c5,c1,c1,c5
15920,15918,3,c234,c5,c5,c5,c5,c5,c5,c5,c5
15921,15919,2,c234,c5,c5,c5,c5,c5,c5,c1,c1
15922,15920,3,c234,c5,c5,c5,c5,c5,c5,c5,c5
15923,15921,2,c234,c1,c1,c1,c1,c1,c1,c1,c1
15925,15923,1,c1,c5,c5,c5,c5,c5,c5,c5,c5
15926,15924,3,c5,c5,c5,c5,c5,c5,c5,c5,c5
15929,15927,3,c5,c5,c5,c5,c5,c5,c5,c5,c234
15930,15928,1,c5,c5,c5,c5,c5,c5,c5,c5,c5
15931,15929,2,c1,c5,c5,c5,c5,c5,c5,c5,c5
15933,15931,1,c5,c5,c5,c5,c5,c5,c5,c5,c5
15934,36,2,c234,c5,c5,c5,c5,c5,c5,c5,c5
15935,15933,3,c1,c1,c1,c1,c1,c234,c1,c1,c5
15936,15934,2,c234,c5,c5,c5,c5,c5,c5,c5,c5
15937,15935,2,c1,c5,c5,c5,c5,c5,c5,c5,c5
15939,15937,1,c234,c1,c1,c5,c1,c1,c1,c1,c1
15941,9724,1,c1,c234,c1,c234,c234,c234,c234,c234,c234
15942,15940,3,c234,c234,c234,c234,c234,c234,c234,c234,c234
15943,15941,1,c1,c5,c5,c5,c5,c5,c5,c5,c5
15944,15942,3,c5,c234,c234,c234,c234,c234,c234,c234,c234
15945,15943,2,c234,c5,c5,c5,c5,c5,c5,c5,c5
15947,15945,1,c1,c5,c234,c234,c5,c234,c5,c234,c234
15948,15119,2,c234,c1,c1,c1,c1,c5,c1,c1,c1
15949,15947,2,c234,c5,c5,c5,c5,c5,c5,c5,c5
15950,15948,2,c5,c5,c5,c5,c5,c5,c5,c5,c5
15953,36,2,c5,c5,c5,c5,c5,c5,c5,c5,c5
15954,5866,2,c234,c5,c5,c5,c5,c5,c5,c5,c5
15955,15953,2,c234,c1,c1,c1,c1,c1,c1,c1,c1
15956,1249,2,c234,c234,c234,c234,c234,c5,c234,c234,c234
15957,15955,3,c1,c5,c5,c5,c5,c234,c5,c5,c5
15958,15956,1,c234,c234,c234,c234,c234,c234,c234,c234,c234
15959,15957,3,c234,c234,c234,c234,c234,c234,c234,c234,c234
15960,15958,1,c5,c234,c234,c234,c234,c234,c234,c234,c234
15961,1688,1,c234,c234,c234,c234,c234,c234,c234,c234,c234
15962,15960,1,c234,c1,c1,c1,c1,c1,c1,c1,c1
15964,650,2,c234,c1,c1,c1,c1,c5,c1,c1,c1
15967,2530,1,c5,c1,c1,c1,c1,c1,c1,c1,c1
15968,5866,2,c5,c5,c5,c5,c5,c5,c5,c5,c5
15969,1212,3,c1,c1,c1,c1,c1,c1,c1,c1,c1
15970,15968,2,c234,c5,c5,c5,c5,c5,c5,c5,c5
15972,15970,3,c5,c234,c234,c234,c234,c234,c234,c234,c234
15974,6352,3,c1,c5,c5,c5,c5,c5,c5,c5,c1
15975,13487,3,c1,c1,c1,c1,c1,c1,c1,c1,c1
15976,15974,2,c234,c234,c234,c234,c234,c5,c234,c234,c5
15977,349,1,c5,c1,c1,c1,c1,c5,c1,c1,c5
15978,15976,3,c5,c5,c5,c5,c5,c5,c5,c5,c5
15979,15977,1,c1,c5,c5,c5,c5,c5,c5,c5,c5
15980,15978,2,c234,c234,c1,c1,c234,c1,c234,c1,c1
15981,4009,1,c234,c1,c1,c1,c1,c1,c1,c1,c1
15982,7,3,c1,c5,c5,c5,c5,c5,c5,c5,c5
15983,15981,1,c1,c5,c5,c5,c5,c234,c5,c5,c5
15984,7544,3,c234,c1,c1,c1,c1,c5,c1,c1,c5
15985,15983,3,c5,c5,c5,c5,c5,c5,c5,c5,c5
15987,107,1,c1,c1,c1,c1,c234,c5,c1,c1,c5
15988,15986,2,c234,c1,c1,c1,c1,c1,c1,c1,c1
15989,15987,3,c5,c5,c5,c5,c5,c5,c5,c5,c5
15990,15988,1,c1,c1,c1,c1,c1,c5,c1,c1,c5
15991,15989,2,c234,c234,c234,c234,c234,c234,c234,c234,c5
15994,36,2,c5,c5,c5,c5,c5,c5,c5,c5,c5
15995,15993,3,c5,c5,c5,c5,c5,c5,c5,c5,c5
15996,7669,1,c1,c1,c1,c1,c1,c1,c1,c1,c1
15997,15995,2,c1,c234,c234,c234,c234,c234,c234,c234,c234
15999,15997,3,c234,c234,c234,c234,c234,c234,c234,c234,c234
16000,15998,1,c234,c5,c5,c5,c5,c5,c5,c5,c5
16001,15999,3,c5,c1,c1,c1,c1,c1,c1,c1,c1
16002,16000,2,c1,c234,c234,c234,c234,c5,c234,c234,c5
16005,16003,1,c234,c5,c5,c5,c5,c5,c5,c5,c5
16006,16004,2,c5,c5,c5,c5,c5,c5,c5,c5,c5
16007,2753,2,c1,c234,c234,c234,c234,c234,c234,c234,c234
16009,16007,3,c5,c5,c5,c5,c5,c5,c5,c5,c5
16010,16008,2,c234,c234,c234,c234,c234,c5,c234,c234,c5
16011,7,3,c1,c5,c5,c5,c5,c5,c5,c5,c5
16012,16010,2,c5,c5,c5,c5,c5,c5,c5,c5,c5
16014,16012,2,c1,c1,c1,c1,c1,c1,c1,c1,c1
16015,16013,1,c234,c234,c234,c234,c234,c234,c234,c234,c234
16017,36,2,c234,c5,c5,c5,c5,c5,c5,c5,c5
16018,16016,3,c1,c234,c234,c234,c234,c5,c234,c234,c5
16019,16017,2,c1,c1,c1,c1,c1,c1,c1,c1,c1
16020,16018,3,c1,c1,c1,c1,c1,c1,c1,c1,c1
16021,16019,1,c234,c234,c234,c234,c234,c234,c234,c234,c5
16023,16021,1,c1,c234,c234,c234,c234,c234,c234,c1,c234
16024,16022,2,c1,c5,c5,c5,c5,c5,c5,c5,c5
16025,16023,3,c5,c5,c5,c5,c5,c234,c5,c5,c234
16026,3405,1,c1,c1,c1,c1,c1,c1,c1,c1,c1
16027,16025,1,c234,c234,c234,c234,c234,c234,c234,c234,c234
16028,16026,2,c234,c234,c234,c234,c234,c234,c234,c234,c234
16030,16028,3,c234,c234,c234,c234,c234,c234,c234,c234,c234
16031,16029,3,c5,c5,c5,c5,c5,c5,c5,c5,c5
16032,16030,3,c5,c5,c5,c5,c5,c5,c5,c5,c5
16034,16032,1,c5,c5,c5,c5,c5,c5,c5,c5,c5
16035,16033,2,c5,c5,c5,c5,c5,c5,c5,c5,c5
16036,16034,1,c1,c1,c1,c1,c1,c1,c1,c1,c1
16037,16035,2,c1,c234,c234,c234,c234,c5,c234,c234,c5
16038,16036,3,c5,c5,c5,c5,c5,c5,c5,c5,c5
16040,16038,1,c5,c5,c5,c5,c5,c5,c5,c5,c5
16041,24,3,c5,c5,c5,c5,c5,c5,c5,c5,c5
16042,16040,2,c1,c1,c1,c1,c1,c1,c1,c1,c1
16043,16041,3,c1,c1,c1,c1,c1,c5,c1,c1,c1
16045,610,2,c234,c1,c1,c1,c1,c1,c1,c1,c1
16046,16044,1,c5,c234,c234,c234,c234,c5,c234,c5,c5
16047,10505,2,c234,c1,c1,c1,c1,c234,c1,c1,c1
16048,16046,2,c5,c5,c5,c5,c5,c5,c5,c5,c5
16049,16047,3,c1,c1,c1,c1,c1,c1,c1,c1,c1
16050,16048,1,c234,c234,c234,c234,c234,c234,c234,c234,c234
16052,16050,1,c234,c1,c1,c1,c1,c1,c1,c1,c1
16053,16051,2,c5,c234,c234,c234,c234,c234,c234,c234,c234
16054,16052,3,c234,c5,c5,c5,c5,c5,c5,c5,c5
16055,16053,2,c234,c5,c5,c5,c5,c5,c5,c5,c5
16057,16055,3,c234,c234,c234,c234,c234,c234,c234,c234,c234
16058,16056,1,c234,c234,c234,c234,c234,c234,c234,c234,c234
16059,16057,2,c5,c234,c234,c234,c234,c234,c234,c234,c5
16060,12809,2,c5,c5,c5,c5,c5,c5,c5,c5,c5
16061,16059,3,c5,c5,c5,c5,c5,c5,c5,c5,c5
16063,16061,2,c234,c1,c1,c1,c1,c1,c1,c1,c1
16064,16062,1,c5,c5,c5,c5,c5,c5,c5,c5,c5
16065,1453,1,c234,c5,c1,c5,c1,c5,c5,c1,c5
16066,819,2,c234,c1,c1,c1,c1,c1,c1,c1,c1
16067,271,1,c1,c1,c1,c1,c1,c1,c1,c1,c1
16068,1172,2,c1,c1,c1,c5,c1,c1,c1,c5,c1
16069,16067,3,c1,c1,c1,c1,c1,c1,c1,c1,c1
16070,16068,1,c5,c5,c5,c5,c5,c5,c5,c5,c5
16072,16070,2,c5,c234,c234,c234,c234,c234,c234,c234,c234
16073,16071,3,c5,c234,c234,c234,c234,c234,c234,c234,c234
16075,16073,1,c234,c5,c5,c5,c5,c5,c5,c5,c5
16077,7,3,c1,c5,c5,c5,c5,c5,c5,c5,c5
16078,16076,2,c1,c1,c1,c1,c1,c5,c1,c1,c5
16080,16078,3,c234,c234,c234,c234,c234,c234,c234,c234,c1
16081,4491,2,c5,c234,c234,c234,c234,c234,c234,c234,c1
16082,16080,1,c1,c5,c5,c5,c5,c234,c5,c5,c234
16083,16081,2,c5,c5,c5,c5,c5,c1,c5,c5,c1
16084,16,1,c234,c1,c1,c1,c1,c1,c1,c1,c1
16085,16083,3,c1,c234,c234,c5,c5,c234,c234,c5,c5
16086,16084,2,c1,c5,c5,c5,c5,c5,c5,c5,c5
16087,16085,1,c1,c5,c5,c5,c5,c5,c5,c5,c5
16089,16087,3,c234,c1,c1,c1,c1,c1,c1,c1,c234
16090,16088,3,c1,c234,c234,c234,c234,c234,c234,c234,c234
16091,16089,1,c1,c1,c1,c1,c1,c1,c1,c1,c1
16092,7,3,c234,c5,c5,c5,c5,c5,c5,c5,c5
16094,10105,1,c5,c5,c5,c5,c5,c5,c5,c5,c5
16095,16093,2,c1,c1,c1,c1,c1,c1,c1,c1,c1
16096,16094,1,c1,c234,c234,c234,c234,c5,c234,c234,c5
16097,1102,1,c234,c234,c234,c234,c234,c5,c234,c234,c5
16098,16096,3,c234,c5,c5,c5,c234,c234,c234,c234,c234
16099,16097,2,c5,c5,c5,c5,c5,c5,c5,c5,c5
16102,16100,1,c5,c5,c5,c5,c5,c5,c5,c5,c5
16103,16101,2,c5,c5,c5,c5,c5,c5,c5,c5,c5
16104,178,2,c1,c1,c1,c1,c1,c1,c1,c1,c1
16105,16103,2,c1,c1,c1,c1,c234,c1,c1,c1,c1
16106,16104,3,c1,c1,c1,c1,c1,c234,c1,c1,c234
16107,16105,3,c5,c5,c5,c5,c5,c234,c5,c5,c234
16108,16106,3,c1,c1,c1,c1,c1,c1,c1,c1,c1
16109,16107,1,c234,c234,c234,c234,c234,c5,c5,c234,c5
16110,16108,2,c1,c5,c5,c5,c5,c5,c5,c5,c5
16111,1609,3,c5,c5,c5,c5,c5,c5,c5,c5,c5
16115,16113,2,c5,c5,c5,c5,c5,c5,c5,c5,c5
16116,3973,1,c5,c5,c1,c5,c5,c5,c5,c1,c5
16117,16115,3,c5,c234,c234,c234,c234,c234,c234,c234,c5
16118,16116,1,c1,c234,c234,c234,c234,c5,c234,c234,c5
16119,16117,3,c234,c1,c1,c1,c1,c1,c1,c1,c1
16120,16118,1,c1,c1,c1,c1,c1,c1,c1,c1,c1
16121,2741,3,c5,c5,c234,c234,c234,c234,c234,c234,c234
16123,16121,2,c5,c5,c5,c5,c5,c5,c5,c5,c5
16124,16122,1,c234,c1,c1,c1,c1,c1,c1,c1,c1
16125,16123,2,c234,c234,c234,c234,c234,c234,c234,c234,c234
16127,16125,3,c1,c234,c234,c234,c234,c234,c234,c234,c234
16128,16126,2,c5,c5,c5,c5,c5,c234,c5,c5,c234
16129,16127,3,c1,c1,c234,c234,c1,c5,c1,c234,c234
16131,16129,1,c5,c234,c234,c234,c234,c234,c234,c234,c234
16132,1662,2,c234,c234,c234,c234,c234,c234,c234,c234,c234
16133,16131,2,c5,c5,c5,c5,c5,c5,c5,c5,c5
16134,16132,1,c5,c234,c234,c234,c234,c234,c234,c234,c5
16135,16133,3,c234,c5,c5,c5,c5,c234,c5,c5,c234
16136,16134,3,c1,c5,c5,c5,c1,c234,c5,c1,c1
16137,16135,3,c1,c5,c5,c5,c5,c5,c5,c5,c5
16139,16137,1,c1,c234,c234,c234,c234,c234,c234,c234,c234
16140,349,1,c234,c1,c1,c1,c1,c5,c1,c1,c5
16141,16139,2,c5,c1,c1,c1,c1,c5,c1,c1,c5
16142,16140,2,c234,c5,c5,c5,c5,c5,c5,c5,c5
16143,16141,1,c1,c5,c5,c5,c5,c5,c5,c5,c5
16144,1239,3,c234,c5,c5,c5,c5,c5,c5,c5,c5
16145,36,2,c5,c5,c5,c5,c5,c5,c5,c5,c5
16146,91,3,c234,c1,c1,c1,c1,c1,c1,c1,c1
16147,16145,3,c5,c5,c5,c5,c5,c5,c5,c5,c5
16148,16146,2,c5,c5,c5,c5,c5,c5,c5,c5,c5
16150,16148,1,c5,c5,c5,c5,c5,c5,c5,c5,c5
16151,16149,2,c5,c234,c234,c234,c234,c234,c234,c234,c234
16153,16151,3,c234,c5,c5,c5,c1,c5,c5,c5,c5
16154,16152,1,c1,c1,c1,c1,c1,c5,c1,c1,c5
16155,2442,2,c234,c5,c5,c5,c5,c5,c5,c5,c5
16157,16155,2,c234,c5,c1,c1,c5,c5,c5,c1,c5
16158,16156,3,c5,c5,c5,c5,c5,c5,c5,c5,c5
16159,16157,3,c234,c5,c5,c5,c5,c5,c5,c5,c5
16160,16158,1,c5,c5,c5,c5,c5,c5,c5,c5,c5
16161,16,1,c5,c1,c1,c1,c1,c1,c1,c1,c1
16162,16160,3,c234,c234,c234,c5,c234,c234,c234,c234,c234
16164,16162,2,c234,c234,c234,c234,c234,c234,c234,c234,c234
16165,16163,1,c234,c5,c5,c5,c5,c5,c5,c5,c5
16166,16164,2,c5,c5,c5,c5,c5,c5,c5,c5,c5
16167,16165,3,c234,c1,c1,c1,c1,c1,c1,c1,c1
16168,4953,1,c234,c5,c5,c5,c5,c5,c5,c5,c5
16170,16168,2,c5,c234,c234,c234,c234,c1,c234,c234,c234
16171,16169,3,c5,c5,c5,c5,c5,c5,c5,c5,c5
16172,16170,1,c234,c5,c5,c5,c5,c5,c5,c5,c5
16174,16172,1,c5,c234,c234,c234,c5,c5,c234,c5,c5
16175,16173,2,c1,c5,c5,c5,c5,c5,c5,c5,c5
16176,16174,1,c5,c5,c5,c5,c5,c5,c5,c5,c5
16178,16176,2,c234,c5,c5,c5,c5,c234,c5,c5,c234
16179,8651,1,c1,c234,c234,c234,c234,c234,c234,c234,c234
16180,16178,1,c234,c234,c234,c234,c234,c234,c234,c234,c234
16181,16179,3,c1,c1,c1,c5,c1,c234,c1,c5,c5
16182,16180,2,c5,c5,c5,c5,c5,c5,c5,c5,c5
16183,16181,3,c5,c5,c5,c5,c5,c5,c5,c5,c5
16185,16183,1,c234,c1,c1,c1,c1,c1,c1,c1,c1
16186,16184,2,c5,c5,c5,c5,c5,c5,c5,c5,c5
16188,16186,1,c5,c1,c1,c1,c1,c234,c1,c1,c234
16190,271,1,c234,c1,c1,c1,c1,c1,c1,c1,c1
16191,1790,3,c1,c234,c1,c234,c234,c1,c234,c1,c1
16192,16190,3,c5,c5,c5,c5,c5,c5,c5,c5,c5
16193,16191,2,c1,c5,c5,c5,c5,c5,c5,c5,c5
16194,271,1,c1,c1,c1,c1,c1,c1,c1,c1,c1
16195,3887,1,c5,c5,c5,c5,c5,c5,c5,c5,c1
16196,16194,3,c234,c5,c5,c5,c5,c5,c5,c234,c234
16198,16196,1,c234,c234,c234,c234,c234,c234,c234,c234,c234
16199,16197,3,c5,c234,c234,c234,c234,c234,c234,c234,c234
16200,735,1,c1,c5,c5,c5,c5,c5,c5,c5,c5
16201,5242,2,c1,c5,c5,c5,c5,c234,c5,c5,c234
16202,16200,2,c5,c1,c1,c1,c1,c1,c1,c1,c1
16203,16201,1,c234,c1,c1,c1,c1,c1,c1,c1,c1
16205,16203,2,c234,c234,c234,c234,c234,c234,c234,c234,c234
16206,16204,3,c5,c5,c5,c5,c5,c5,c5,c5,c5
16207,16205,3,c1,c5,c5,c1,c5,c5,c5,c5,c5
16208,16206,2,c1,c5,c5,c5,c5,c5,c5,c5,c5
16210,4987,1,c5,c5,c5,c5,c5,c5,c5,c5,c5
16211,16209,1,c234,c1,c1,c1,c1,c5,c1,c234,c234
16212,1157,1,c5,c5,c5,c5,c5,c5,c5,c5,c5
16213,271,1,c5,c1,c1,c1,c1,c1,c1,c1,c1
16214,16212,1,c234,c5,c5,c5,c5,c5,c5,c5,c5
16215,16213,1,c5,c5,c5,c5,c5,c5,c5,c5,c5
16216,16,1,c234,c1,c1,c1,c1,c1,c1,c1,c1
16217,16215,2,c1,c1,c1,c1,c1,c1,c1,c1,c1
16218,16216,3,c1,c5,c5,c5,c5,c5,c5,c5,c5
16219,36,2,c5,c5,c5,c5,c5,c5,c5,c5,c5
16220,16218,2,c234,c234,c234,c234,c234,c234,c234,c234,c234
16221,713,2,c1,c5,c5,c5,c5,c5,c5,c5,c5
16223,4179,1,c5,c1,c1,c1,c1,c5,c1,c1,c5
16224,16222,3,c5,c234,c234,c5,c234,c234,c234,c234,c234
16225,16223,1,c234,c5,c5,c5,c5,c5,c5,c5,c5
16226,2854,3,c234,c5,c5,c5,c5,c5,c5,c5,c5
16227,166,2,c1,c1,c1,c1,c1,c1,c1,c1,c1
16228,11778,3,c1,c5,c5,c5,c5,c234,c5,c5,c234
16229,729,1,c234,c234,c234,c234,c234,c5,c234,c234,c5
16231,16229,2,c234,c5,c5,c5,c5,c5,c5,c5,c5
16232,7188,1,c1,c1,c1,c1,c1,c1,c1,c1,c1
16233,16231,3,c1,c1,c1,c1,c1,c1,c1,c1,c1
16234,240,1,c5,c234,c234,c234,c234,c1,c234,c1,c1
16235,16233,1,c5,c5,c5,c5,c5,c5,c5,c5,c5
16236,16234,2,c234,c5,c5,c5,c5,c5,c5,c5,c5
16238,16236,3,c5,c5,c5,c5,c5,c5,c5,c5,c5
16239,16237,1,c5,c5,c5,c5,c5,c5,c5,c5,c5
16240,16238,3,c1,c5,c1,c5,c5,c5,c5,c1,c5
16241,319,2,c234,c5,c5,c5,c5,c5,c5,c5,c5
16242,6268,2,c1,c5,c5,c5,c1,c5,c5,c5,c5
16243,1150,2,c1,c1,c1,c1,c1,c1,c1,c1,c1
16245,16243,2,c234,c5,c5,c5,c234,c5,c5,c5,c5
16247,16245,3,c5,c234,c234,c234,c234,c234,c234,c234,c234
16248,16246,1,c234,c5,c5,c5,c5,c5,c5,c5,c5
16249,16247,2,c234,c5,c5,c5,c5,c5,c5,c5,c5
16250,16248,3,c5,c234,c234,c234,c234,c234,c234,c234,c234
16251,16249,1,c1,c5,c5,c5,c234,c5,c5,c5,c234
16252,16250,2,c234,c234,c234,c234,c234,c234,c234,c234,c234
16254,16252,3,c5,c234,c234,c234,c234,c5,c234,c234,c234
16255,16253,1,c234,c5,c5,c5,c5,c5,c5,c5,c5
16257,16255,2,c5,c1,c1,c1,c1,c1,c1,c1,c1
16258,16256,3,c234,c5,c5,c5,c5,c5,c5,c5,c5
16259,16257,2,c234,c234,c234,c234,c234,c234,c234,c234,c234
16260,16258,1,c1,c234,c234,c234,c234,c234,c234,c234,c234
16261,16259,3,c234,c234,c234,c234,c234,c234,c234,c234,c1
16262,16260,1,c234,c234,c234,c234,c234,c234,c234,c234,c234
16265,16263,1,c5,c5,c5,c5,c5,c5,c5,c5,c5
16267,3654,3,c1,c1,c1,c1,c1,c1,c1,c1,c1
16268,16266,2,c234,c5,c5,c5,c5,c5,c5,c5,c5
16269,16267,3,c1,c234,c234,c234,c234,c234,c234,c234,c234
16270,7,3,c1,c5,c5,c5,c5,c5,c5,c5,c5
16271,4389,1,c234,c234,c234,c234,c1,c234,c234,c234,c234
16272,462,1,c234,c5,c5,c5,c5,c5,c5,c5,c5
16273,16271,2,c5,c1,c1,c1,c1,c1,c1,c1,c1
16274,16272,3,c1,c234,c234,c234,c234,c5,c234,c234,c234
16275,16273,1,c234,c1,c1,c1,c1,c1,c1,c1,c1
16276,284,3,c5,c5,c5,c1,c5,c5,c5,c1,c5
16277,16275,2,c234,c5,c5,c5,c5,c5,c5,c5,c5
16278,16276,3,c1,c1,c1,c1,c1,c1,c1,c1,c1
16279,16277,1,c1,c234,c234,c234,c234,c234,c234,c234,c234
16281,16279,2,c234,c1,c1,c1,c1,c1,c1,c1,c234
16283,16281,3,c1,c1,c1,c1,c1,c1,c1,c1,c1
16284,16282,1,c234,c5,c5,c5,c5,c5,c5,c5,c5
16285,16283,2,c5,c5,c5,c5,c5,c5,c5,c5,c5
16286,16284,2,c5,c234,c234,c234,c234,c234,c234,c234,c234
16287,839,2,c5,c5,c5,c5,c5,c5,c5,c5,c5
16288,16286,3,c5,c5,c5,c5,c5,c234,c5,c5,c5
16290,16288,3,c1,c234,c234,c234,c234,c234,c234,c234,c234
16292,16290,1,c234,c5,c5,c5,c5,c5,c5,c5,c5
16293,16291,1,c1,c5,c5,c234,c234,c5,c5,c5,c5
16294,16292,3,c5,c5,c5,c5,c5,c5,c5,c5,c5
16295,16293,2,c5,c5,c5,c5,c5,c234,c5,c5,c234
16296,16294,1,c5,c234,c234,c234,c234,c234,c234,c234,c234
16299,16297,2,c1,c5,c5,c5,c5,c5,c5,c5,c5
16300,16298,1,c234,c234,c234,c234,c234,c234,c234,c234,c234
16302,16300,3,c1,c234,c234,c234,c234,c234,c234,c234,c234
16303,16301,1,c1,c1,c1,c1,c1,c5,c1,c1,c1
16304,16302,2,c234,c5,c5,c5,c5,c5,c5,c5,c234
16305,2095,2,c234,c1,c1,c1,c1,c1,c1,c1,c1
16306,16304,3,c234,c234,c234,c234,c234,c234,c234,c5,c234
16307,16,1,c234,c1,c1,c1,c1,c1,c1,c1,c1
16308,10851,1,c5,c5,c5,c5,c5,c5,c5,c5,c5
16309,16307,1,c234,c5,c5,c5,c234,c234,c5,c5,c234
16311,1085,1,c234,c1,c1,c234,c234,c1,c1,c1,c1
16312,16310,2,c5,c5,c5,c5,c5,c5,c5,c5,c234
16313,16311,3,c5,c234,c234,c234,c234,c234,c234,c234,c234
16314,16312,1,c1,c234,c234,c234,c234,c234,c234,c234,c234
16316,16314,3,c1,c5,c5,c5,c5,c5,c5,c5,c5
16317,16315,1,c1,c5,c5,c5,c5,c5,c5,c5,c5
16319,16317,2,c5,c5,c5,c5,c5,c5,c5,c5,c5
16320,16318,2,c5,c234,c234,c234,c234,c234,c234,c234,c234
16322,16320,2,c234,c1,c1,c1,c1,c5,c1,c1,c5
16323,16321,3,c5,c5,c5,c5,c5,c5,c5,c5,c5
16324,474,3,c234,c5,c5,c5,c5,c5,c5,c5,c5
16325,16323,1,c5,c234,c234,c234,c234,c234,c234,c234,c1
16326,9358,3,c234,c234,c234,c234,c234,c234,c234,c234,c234
16327,16325,2,c234,c234,c234,c234,c234,c234,c234,c234,c234
16328,16326,3,c234,c1,c1,c1,c1,c1,c1,c1,c1
16329,7451,1,c5,c5,c5,c5,c5,c5,c5,c5,c5
16331,16329,1,c234,c1,c5,c5,c1,c234,c1,c5,c234
16332,474,3,c5,c5,c5,c5,c5,c5,c5,c5,c5
16333,16331,3,c5,c1,c1,c1,c1,c1,c1,c1,c1
16335,16333,1,c234,c234,c234,c234,c234,c5,c234,c234,c5
16336,16334,3,c234,c234,c234,c234,c234,c234,c234,c234,c234
16338,16336,3,c1,c234,c234,c234,c234,c234,c234,c234,c234
16339,16337,1,c5,c5,c5,c5,c5,c5,c5,c5,c5
16340,16338,2,c1,c234,c234,c234,c234,c234,c234,c234,c234
16341,16339,3,c234,c234,c234,c234,c234,c234,c234,c234,c234
16342,16340,1,c234,c234,c234,c234,c234,c5,c234,c234,c5
16343,9170,2,c1,c234,c234,c234,c234,c234,c234,c1,c1
16345,16343,2,c234,c234,c234,c234,c234,c234,c234,c234,c234
16346,3584,1,c234,c234,c1,c234,c1,c1,c234,c234,c1
16347,16345,3,c5,c234,c234,c234,c234,c5,c234,c234,c5
16348,16346,2,c234,c5,c5,c5,c5,c5,c5,c5,c5
16349,16347,1,c1,c1,c1,c1,c1,c234,c1,c1,c234
16350,271,1,c1,c1,c1,c1,c1,c1,c1,c1,c1
16351,16349,2,c234,c5,c5,c5,c5,c5,c5,c5,c5
16352,16350,3,c1,c1,c1,c1,c1,c1,c1,c1,c1
16354,16352,1,c5,c5,c5,c5,c5,c234,c5,c5,c234
16355,36,2,c1,c5,c5,c5,c5,c5,c5,c5,c5
16357,16355,2,c234,c1,c1,c1,c1,c5,c1,c1,c1
16358,16356,1,c234,c5,c5,c5,c5,c5,c5,c5,c5
16359,16357,1,c1,c5,c5,c5,c5,c5,c5,c5,c5
16360,16358,3,c5,c5,c5,c1,c1,c5,c5,c1,c5
16362,16360,2,c234,c234,c234,c234,c234,c234,c234,c234,c234
16363,166,2,c1,c1,c1,c1,c1,c1,c1,c1,c1
16364,581,3,c1,c1,c1,c1,c1,c1,c1,c1,c1
16365,166,2,c1,c1,c1,c1,c1,c1,c1,c1,c1
16366,1401,1,c234,c234,c234,c234,c234,c234,c1,c234,c234
16367,1212,3,c234,c1,c1,c1,c1,c1,c1,c1,c1
16368,16366,3,c234,c1,c1,c1,c1,c1,c1,c1,c234
16369,16367,1,c1,c5,c5,c5,c5,c5,c5,c5,c5
16370,16368,2,c5,c234,c234,c234,c234,c5,c234,c234,c234
16372,16370,1,c234,c5,c5,c5,c5,c5,c5,c5,c5
16373,16371,3,c234,c1,c1,c1,c1,c1,c1,c1,c1
16374,16372,1,c1,c234,c234,c234,c5,c234,c234,c5,c5
16375,319,2,c234,c5,c5,c5,c5,c5,c5,c5,c5
16376,16374,2,c1,c5,c5,c5,c5,c5,c5,c5,c5
16377,16375,3,c5,c5,c5,c5,c5,c5,c5,c5,c5
16378,16376,1,c5,c5,c5,c5,c5,c5,c5,c5,c5
16379,194,1,c5,c5,c5,c5,c5,c5,c5,c5,c5
16380,16378,3,c234,c5,c5,c5,c5,c5,c5,c5,c5
16382,16380,2,c234,c234,c234,c234,c234,c5,c234,c234,c5
16384,16,1,c1,c1,c1,c1,c1,c1,c1,c1,c1
16385,7643,2,c234,c234,c234,c234,c234,c234,c234,c234,c234
16386,16384,1,c5,c5,c5,c234,c234,c5,c5,c234,c5
16388,3405,1,c1,c1,c1,c1,c1,c1,c1,c1,c1
16389,16387,3,c234,c234,c234,c234,c234,c234,c234,c234,c234
16390,16388,1,c1,c1,c1,c1,c1,c1,c1,c1,c1
16391,1145,2,c234,c234,c1,c234,c234,c1,c234,c1,c1
16392,16390,2,c1,c234,c234,c234,c234,c234,c234,c234,c234
16393,16391,2,c5,c5,c5,c5,c5,c5,c5,c5,c5
16394,1132,3,c234,c1,c1,c1,c1,c1,c1,c1,c1
16395,16393,3,c234,c5,c5,c5,c5,c5,c5,c5,c5
16396,6145,3,c1,c1,c1,c1,c1,c1,c1,c1,c1
16397,16395,1,c5,c5,c5,c5,c5,c5,c5,c5,c234
16398,16396,2,c5,c234,c234,c234,c234,c234,c234,c234,c234
16399,16397,3,c234,c1,c1,c1,c5,c234,c1,c234,c234
16401,16399,1,c5,c5,c5,c234,c5,c5,c5,c234,c5
16402,16400,2,c234,c5,c5,c5,c5,c5,c5,c5,c5
16403,16401,3,c5,c5,c5,c5,c5,c5,c5,c5,c5
16404,16402,1,c234,c234,c1,c234,c1,c234,c234,c1,c1
16406,16404,1,c5,c5,c5,c5,c5,c5,c5,c5,c5
16407,16405,2,c234,c5,c5,c5,c5,c5,c5,c5,c5
16408,16406,2,c5,c5,c5,c5,c5,c5,c5,c5,c5
16409,16407,1,c5,c5,c5,c5,c5,c5,c5,c5,c5
16411,16409,3,c5,c5,c5,c5,c5,c5,c5,c1,c5
16413,14281,3,c234,c234,c234,c234,c234,c234,c234,c234,c234
16414,16412,1,c5,c234,c234,c234,c234,c5,c234,c234,c5
16415,16413,3,c234,c5,c5,c5,c5,c5,c5,c5,c234
16417,16415,2,c5,c5,c5,c5,c5,c5,c5,c5,c5
16418,16416,1,c5,c234,c234,c234,c234,c234,c234,c234,c234
16420,16418,2,c5,c5,c5,c5,c5,c5,c5,c5,c5
16421,9788,3,c1,c1,c1,c1,c1,c1,c1,c1,c1
16422,8206,3,c1,c1,c234,c234,c1,c234,c1,c234,c234
16423,349,1,c1,c1,c1,c1,c1,c5,c1,c1,c5
16424,16422,3,c5,c5,c5,c5,c5,c234,c5,c5,c5
16426,16424,1,c5,c5,c5,c1,c5,c5,c5,c5,c1
16427,9442,2,c5,c5,c5,c5,c5,c5,c5,c5,c5
16428,16426,3,c234,c234,c234,c234,c234,c5,c234,c1,c5
16429,16427,2,c234,c234,c234,c234,c234,c234,c234,c234,c234
16430,16428,1,c234,c5,c5,c5,c5,c5,c5,c5,c5
16431,16429,3,c234,c5,c5,c5,c5,c234,c5,c5,c234
16432,7667,1,c234,c1,c1,c1,c1,c1,c1,c1,c1
16433,178,2,c234,c1,c1,c1,c1,c1,c1,c1,c1
16434,11857,3,c1,c1,c1,c1,c1,c1,c1,c1,c1
16435,16433,2,c234,c234,c234,c234,c234,c5,c234,c234,c234
16437,16435,1,c234,c1,c5,c1,c1,c5,c1,c5,c5
16438,16436,2,c5,c234,c234,c234,c234,c234,c234,c234,c234
16441,16439,3,c234,c234,c234,c234,c234,c234,c234,c234,c234
16442,16440,1,c1,c1,c1,c1,c1,c234,c1,c1,c234
16443,16441,3,c1,c1,c1,c1,c1,c1,c1,c1,c1
16444,16442,1,c5,c5,c5,c5,c5,c5,c5,c1,c5
16445,16443,2,c234,c234,c234,c234,c234,c234,c234,c234,c234
16446,16444,2,c234,c1,c1,c1,c1,c1,c1,c1,c1
16447,16445,2,c5,c234,c234,c234,c234,c234,c234,c234,c234
16449,16447,3,c234,c5,c5,c5,c5,c5,c5,c5,c5
16450,16448,1,c1,c1,c1,c1,c1,c234,c1,c1,c234
16452,16450,1,c1,c1,c1,c1,c1,c234,c1,c1,c234
16453,16451,3,c1,c5,c5,c5,c5,c5,c5,c5,c5
16454,16452,2,c234,c1,c1,c1,c1,c1,c1,c1,c1
16456,16454,3,c5,c1,c1,c1,c234,c234,c1,c1,c234
16459,16457,1,c234,c1,c1,c1,c1,c5,c1,c1,c5
16460,16458,2,c5,c5,c5,c5,c5,c5,c5,c5,c5
16462,16460,3,c1,c1,c1,c1,c1,c5,c1,c1,c5
16463,16461,3,c5,c1,c1,c1,c1,c5,c1,c1,c5
16464,0,3,c234,c1,c1,c1,c1,c1,c1,c1,c1
16465,16463,2,c5,c5,c5,c5,c5,c234,c5,c5,c234
16467,16465,1,c5,c5,c5,c234,c5,c5,c5,c234,c5
16468,563,1,c5,c5,c5,c5,c5,c5,c5,c5,c5
16469,16467,1,c234,c234,c234,c5,c234,c5,c234,c5,c5
16470,16468,2,c234,c1,c234,c234,c234,c5,c1,c234,c234
16472,16470,3,c1,c234,c234,c234,c234,c234,c234,c234,c5
16474,16472,1,c1,c234,c234,c234,c234,c234,c234,c234,c234
16475,16473,3,c234,c5,c5,c5,c234,c234,c5,c234,c234
16476,36,2,c1,c5,c5,c5,c5,c5,c5,c5,c5
16478,504,2,c1,c1,c1,c1,c1,c1,c1,c1,c1
16479,4009,1,c234,c1,c1,c1,c1,c1,c1,c1,c1
16480,16478,2,c1,c1,c234,c1,c1,c234,c1,c1,c1
16481,16479,1,c1,c1,c1,c1,c1,c1,c1,c1,c1
16483,16481,2,c5,c1,c1,c234,c1,c1,c1,c1,c1
16484,8187,1,c5,c234,c234,c1,c234,c1,c234,c1,c1
16485,271,1,c1,c1,c1,c1,c1,c1,c1,c1,c1
16488,16486,3,c5,c5,c5,c5,c5,c5,c5,c5,c5
16489,16487,3,c5,c234,c234,c234,c234,c1,c234,c234,c1
16491,16489,1,c234,c1,c1,c234,c1,c5,c1,c234,c234
16492,16490,2,c234,c1,c1,c1,c1,c234,c1,c1,c234
16493,4019,2,c1,c234,c234,c234,c234,c234,c234,c234,c234
16494,194,1,c234,c5,c5,c5,c5,c5,c5,c5,c5
16495,16493,1,c234,c1,c1,c1,c1,c5,c1,c1,c1
16497,16495,2,c234,c1,c234,c1,c1,c1,c1,c1,c1
16498,16496,3,c5,c5,c5,c5,c5,c5,c5,c234,c234
16499,16497,2,c1,c5,c5,c5,c5,c5,c5,c5,c5
16500,271,1,c1,c1,c1,c1,c1,c1,c1,c1,c1
16501,16499,3,c5,c5,c5,c5,c5,c5,c5,c5,c5
16503,16501,1,c5,c5,c5,c5,c5,c5,c5,c5,c234
16504,16502,3,c234,c234,c234,c234,c234,c5,c234,c234,c5
16505,16503,1,c234,c5,c5,c5,c5,c5,c5,c5,c5
16507,16505,2,c1,c234,c234,c234,c234,c234,c234,c234,c234
16508,16506,1,c234,c234,c234,c234,c234,c234,c234,c234,c234
16509,16507,2,c234,c234,c234,c234,c234,c234,c234,c234,c234
16511,16509,3,c234,c5,c5,c5,c5,c5,c5,c5,c5
16512,16510,1,c234,c234,c234,c234,c234,c234,c234,c234,c234
16513,1566,3,c1,c5,c5,c5,c5,c5,c5,c5,c5
16514,274,3,c5,c1,c1,c1,c1,c1,c1,c1,c1
16515,16513,3,c1,c234,c234,c234,c234,c5,c234,c234,c5
16517,272,2,c1,c234,c234,c234,c234,c234,c234,c234,c234
16518,16516,1,c1,c1,c1,c1,c1,c5,c1,c1,c5
16519,16517,2,c234,c234,c234,c234,c234,c234,c234,c234,c234
16520,16518,2,c234,c1,c234,c1,c1,c234,c1,c234,c234
16522,16520,3,c234,c1,c1,c1,c1,c234,c1,c1,c1
16523,16521,2,c5,c5,c5,c5,c5,c5,c5,c5,c5
16524,16522,1,c5,c5,c5,c5,c5,c5,c5,c5,c5
16525,16523,3,c1,c234,c234,c234,c234,c234,c234,c234,c234
16526,2530,1,c234,c1,c1,c1,c1,c1,c1,c1,c1
16528,16526,2,c234,c234,c234,c234,c234,c234,c234,c234,c234
16529,16527,1,c234,c5,c5,c5,c5,c5,c5,c5,c5
16530,9616,3,c1,c1,c1,c1,c1,c1,c1,c1,c1
16531,1808,1,c1,c5,c5,c5,c5,c5,c5,c5,c5
16532,5323,1,c1,c234,c234,c5,c234,c5,c234,c234,c5
16533,36,2,c1,c5,c5,c5,c5,c5,c5,c5,c5
16534,16532,3,c234,c1,c1,c1,c1,c5,c1,c1,c5
16536,16534,2,c1,c234,c234,c234,c234,c234,c234,c234,c234
16538,3186,3,c234,c234,c1,c234,c234,c1,c1,c234,c234
16539,5416,3,c1,c234,c234,c234,c234,c234,c234,c234,c234
16540,16538,2,c1,c1,c1,c1,c1,c1,c1,c1,c1
16541,16539,1,c234,c1,c1,c1,c1,c5,c1,c1,c5
16542,16540,2,c234,c5,c5,c5,c5,c234,c5,c5,c234
16543,16541,3,c1,c5,c5,c5,c5,c5,c5,c5,c5
16544,16542,1,c234,c234,c234,c234,c234,c234,c234,c234,c234
16545,16543,2,c1,c5,c5,c5,c5,c5,c5,c5,c5
16547,16545,3,c1,c5,c5,c5,c5,c234,c234,c5,c234
16548,16546,2,c5,c5,c5,c5,c5,c5,c5,c5,c5
16549,16,1,c1,c1,c1,c1,c1,c1,c1,c1,c1
16551,16549,1,c5,c5,c5,c5,c5,c5,c5,c5,c5
16552,16550,1,c5,c5,c5,c5,c5,c5,c5,c5,c5
16553,16551,3,c234,c5,c5,c5,c5,c5,c5,c5,c234
16554,16552,3,c1,c5,c5,c5,c5,c5,c5,c5,c5
16555,16553,2,c5,c1,c1,c5,c1,c5,c1,c1,c5
16556,16,1,c1,c1,c1,c1,c1,c1,c1,c1,c1
16559,16557,1,c1,c234,c234,c234,c234,c234,c234,c234,c234
16560,16558,2,c1,c1,c1,c1,c1,c1,c1,c1,c1
16561,16559,3,c1,c234,c234,c234,c234,c234,c234,c234,c5
16562,178,2,c5,c1,c1,c1,c1,c1,c1,c1,c1
16564,16562,1,c1,c234,c234,c234,c234,c234,c234,c234,c234
16565,24,3,c5,c5,c234,c234,c5,c5,c5,c234,c5
16566,16564,2,c1,c5,c5,c5,c5,c5,c5,c5,c5
16567,25,1,c1,c234,c234,c234,c234,c234,c234,c234,c234
16568,16,1,c234,c1,c1,c1,c1,c1,c1,c1,c1
16569,16567,2,c234,c5,c5,c5,c5,c5,c5,c5,c5
16570,16568,3,c1,c5,c5,c5,c5,c5,c5,c5,c5
16571,16569,1,c5,c5,c5,c5,c5,c5,c5,c5,c5
16573,2742,1,c234,c234,c234,c1,c234,c234,c234,c1,c234
16574,16572,1,c234,c5,c5,c5,c5,c5,c5,c5,c5
16575,16573,2,c1,c234,c234,c234,c234,c234,c234,c234,c234
16576,16574,3,c5,c1,c1,c234,c1,c1,c1,c234,c1
16578,16576,3,c5,c5,c5,c5,c5,c5,c5,c5,c5
16579,16577,1,c5,c1,c5,c1,c1,c234,c1,c1,c234
16580,16578,2,c234,c1,c1,c234,c1,c5,c234,c234,c5
16581,16579,3,c1,c234,c234,c234,c234,c1,c234,c234,c1
16584,16582,3,c1,c1,c1,c1,c1,c234,c1,c1,c234
16585,9242,2,c1,c1,c1,c1,c1,c1,c1,c1,c1
16586,16584,1,c234,c5,c5,c5,c5,c5,c5,c5,c234
16587,16585,2,c234,c234,c234,c234,c234,c234,c234,c234,c234
16588,16586,1,c5,c234,c234,c234,c234,c234,c234,c234,c234
16590,706,1,c234,c1,c1,c1,c1,c1,c1,c1,c1
16591,16589,2,c5,c5,c5,c5,c5,c5,c5,c5,c5
16592,16590,3,c234,c1,c1,c1,c1,c234,c1,c1,c1
16593,16591,1,c234,c5,c5,c1,c5,c234,c5,c1,c1
16595,16593,2,c5,c234,c234,c234,c234,c234,c234,c234,c1
16596,271,1,c234,c1,c1,c1,c1,c1,c1,c1,c1
16597,16595,3,c1,c5,c5,c5,c5,c5,c5,c5,c5
16598,16596,1,c5,c1,c1,c1,c1,c1,c1,c1,c1
16599,16597,2,c234,c234,c234,c234,c234,c234,c234,c234,c234
16600,16598,3,c234,c234,c234,c234,c234,c234,c234,c234,c234
16601,16599,1,c234,c234,c234,c234,c234,c234,c234,c234,c234
16603,7,3,c5,c5,c5,c5,c5,c5,c5,c5,c5
16605,16603,2,c234,c5,c5,c5,c5,c5,c5,c5,c5
16606,16604,3,c5,c234,c234,c234,c1,c5,c234,c1,c5
16607,16605,1,c1,c1,c1,c1,c1,c1,c1,c1,c1
16608,16606,2,c5,c5,c5,c5,c5,c5,c5,c5,c5
16610,16608,3,c1,c5,c5,c5,c5,c5,c5,c5,c5
16611,36,2,c5,c5,c5,c5,c5,c5,c5,c5,c5
16612,1790,3,c5,c234,c234,c234,c234,c234,c234,c234,c234
16613,16611,1,c5,c234,c234,c234,c234,c234,c234,c234,c234
16614,16612,3,c1,c5,c5,c5,c5,c5,c5,c5,c5
16615,1186,2,c5,c234,c234,c234,c234,c234,c234,c234,c234
16616,16614,2,c5,c1,c1,c1,c1,c1,c1,c1,c1
16618,16616,1,c5,c234,c234,c234,c234,c1,c234,c234,c1
16619,16617,2,c234,c5,c5,c5,c5,c5,c5,c5,c5
16620,16618,3,c234,c234,c234,c1,c234,c234,c234,c234,c234
16621,1212,3,c1,c1,c1,c1,c1,c1,c1,c1,c1
16622,16620,2,c234,c1,c1,c1,c1,c1,c1,c1,c1
16624,7073,1,c1,c5,c5,c5,c5,c5,c5,c5,c5
16625,16623,3,c234,c234,c234,c5,c234,c234,c234,c5,c234
16626,16624,1,c234,c1,c1,c1,c1,c1,c1,c1,c1
16627,16625,2,c1,c234,c234,c234,c234,c234,c234,c234,c234
16628,166,2,c1,c1,c1,c1,c1,c1,c1,c1,c1
16629,16627,1,c1,c1,c1,c1,c1,c1,c1,c1,c1
16631,16629,3,c5,c234,c234,c234,c234,c234,c234,c234,c234
16632,16630,1,c234,c5,c5,c5,c5,c5,c5,c5,c5
16633,16631,2,c234,c5,c5,c5,c5,c5,c5,c5,c5
16634,16632,3,c234,c5,c5,c5,c5,c5,c5,c5,c5
16635,16633,1,c5,c5,c5,c5,c5,c5,c5,c5,c5
16637,16635,2,c1,c1,c1,c1,c1,c1,c1,c1,c1
16639,16637,3,c234,c234,c234,c234,c234,c234,c234,c234,c234
16641,16639,2,c5,c5,c5,c5,c5,c5,c5,c5,c5
16642,16640,1,c234,c5,c5,c5,c5,c5,c5,c5,c5
16643,16641,3,c1,c5,c5,c5,c5,c5,c5,c5,c5
16644,36,2,c1,c5,c5,c5,c5,c5,c5,c5,c5
16645,16643,2,c5,c5,c5,c5,c5,c5,c5,c5,c5
16646,16644,1,c1,c1,c1,c1,c1,c1,c1,c1,c1
16647,271,1,c1,c1,c1,c1,c1,c1,c1,c1,c1
16649,16647,3,c234,c5,c5,c5,c5,c5,c5,c5,c5
16650,271,1,c234,c1,c1,c1,c1,c1,c1,c1,c1
16651,16649,1,c234,c234,c234,c234,c5,c234,c234,c5,c234
16654,16652,3,c234,c234,c234,c234,c234,c5,c234,c234,c234
16655,16653,2,c5,c234,c234,c234,c234,c234,c234,c234,c234
16656,16654,1,c5,c5,c5,c5,c5,c5,c5,c5,c5
16659,16657,3,c5,c5,c5,c5,c5,c5,c5,c5,c5
16660,16658,2,c1,c5,c5,c5,c5,c5,c5,c5,c5
16661,16659,3,c5,c5,c5,c5,c5,c5,c5,c5,c5
16662,474,3,c5,c5,c5,c5,c5,c5,c5,c5,c5
16663,5357,1,c1,c1,c1,c1,c1,c234,c1,c1,c234
16665,16663,2,c5,c1,c1,c1,c1,c1,c1,c1,c1
16666,16664,1,c234,c5,c5,c5,c5,c5,c5,c5,c5
16667,16665,3,c5,c1,c1,c1,c1,c1,c1,c1,c1
16669,16667,1,c234,c5,c5,c5,c5,c5,c5,c5,c5
16670,16668,2,c1,c1,c1,c234,c234,c234,c1,c234,c234
16671,16669,3,c5,c5,c5,c5,c5,c5,c5,c5,c234
16672,16670,1,c5,c5,c5,c5,c5,c5,c5,c5,c5
16673,8812,2,c1,c234,c234,c234,c234,c234,c234,c234,c234
16674,271,1,c1,c1,c1,c1,c1,c1,c1,c1,c1
16676,16674,2,c1,c5,c5,c5,c5,c5,c5,c5,c5
16677,16675,3,c5,c5,c5,c5,c5,c5,c5,c5,c5
16678,16676,1,c234,c5,c5,c5,c5,c5,c5,c5,c5
16679,16677,2,c1,c5,c5,c5,c5,c5,c5,c5,c5
16681,16679,3,c1,c1,c234,c234,c234,c1,c1,c234,c234
16682,16680,1,c5,c1,c1,c1,c1,c1,c1,c1,c1
16683,16681,2,c1,c5,c5,c234,c5,c5,c5,c5,c5
16684,16682,3,c5,c234,c234,c234,c1,c234,c234,c234,c234
16686,16684,1,c234,c5,c5,c5,c5,c5,c5,c5,c5
16687,10851,1,c234,c5,c5,c5,c5,c5,c5,c5,c5
16688,675,1,c234,c5,c1,c5,c5,c5,c5,c1,c1
16689,16687,3,c1,c5,c5,c5,c5,c5,c5,c5,c5
16690,16688,2,c5,c1,c1,c1,c1,c1,c1,c5,c5
16691,16689,1,c5,c234,c5,c5,c234,c234,c5,c5,c234
16692,16690,2,c1,c5,c5,c5,c5,c5,c5,c5,c5
16693,0,3,c1,c1,c1,c1,c1,c1,c1,c1,c1
16694,1755,1,c5,c1,c1,c1,c1,c234,c1,c1,c1
16695,16693,3,c1,c5,c5,c5,c5,c5,c5,c5,c5
16697,16695,2,c234,c1,c1,c1,c1,c234,c1,c1,c234
16698,16696,1,c234,c234,c234,c234,c234,c234,c234,c234,c234
16700,36,2,c5,c5,c5,c5,c5,c5,c5,c5,c5
16701,16699,3,c234,c1,c1,c1,c1,c1,c1,c1,c1
16702,4501,2,c5,c234,c234,c234,c234,c234,c234,c234,c234
16703,16701,1,c1,c5,c234,c5,c5,c5,c234,c5,c5
16705,16703,2,c5,c5,c5,c5,c5,c5,c5,c5,c5
16706,16704,2,c5,c234,c234,c234,c234,c5,c234,c234,c234
16707,16705,1,c234,c234,c234,c234,c234,c234,c234,c234,c234
16708,16706,3,c5,c5,c5,c5,c5,c5,c5,c5,c5
16709,16707,2,c5,c1,c1,c1,c1,c1,c1,c1,c1
16711,16709,1,c5,c1,c1,c1,c1,c1,c1,c1,c1
16712,16710,1,c234,c234,c234,c234,c234,c234,c234,c234,c234
16713,16,1,c1,c1,c1,c1,c1,c1,c1,c1,c1
16714,3010,2,c5,c5,c5,c5,c5,c5,c5,c5,c5
16715,1015,1,c5,c234,c5,c234,c234,c5,c234,c5,c5
16716,16,1,c1,c1,c1,c1,c1,c1,c1,c1,c1
16717,16715,3,c234,c5,c5,c5,c5,c5,c5,c5,c5
16718,3894,2,c234,c234,c234,c234,c234,c234,c234,c234,c234
16719,16717,2,c234,c1,c1,c1,c1,c1,c1,c1,c1
16722,16720,3,c234,c5,c5,c5,c5,c5,c5,c5,c5
16723,16721,3,c1,c1,c1,c1,c1,c1,c1,c1,c1
16724,16722,1,c234,c1,c1,c1,c1,c1,c1,c1,c1
16725,16723,2,c234,c5,c5,c5,c5,c5,c5,c5,c5
16726,16724,1,c234,c234,c5,c234,c234,c5,c234,c5,c5
16728,16726,2,c5,c234,c234,c234,c234,c234,c234,c234,c234
16729,16727,3,c1,c234,c234,c234,c234,c234,c234,c234,c5
16730,271,1,c5,c1,c1,c1,c1,c1,c1,c1,c1
16731,16729,1,c234,c234,c234,c5,c234,c5,c5,c5,c5
16732,16730,2,c5,c5,c5,c5,c5,c5,c5,c5,c5
16734,16732,1,c234,c5,c5,c5,c5,c5,c5,c5,c5
16735,16733,2,c1,c5,c5,c5,c5,c5,c5,c5,c5
16736,16734,3,c1,c5,c5,c5,c5,c5,c5,c5,c5
16737,7000,2,c5,c5,c5,c5,c5,c5,c5,c5,c5
16738,1050,1,c234,c234,c234,c234,c234,c5,c234,c234,c1
16739,16737,1,c1,c1,c234,c1,c234,c5,c1,c1,c5
16740,16738,3,c5,c1,c1,c1,c1,c1,c1,c1,c1
16743,16741,3,c234,c234,c234,c234,c234,c234,c234,c234,c234
16744,419,2,c5,c1,c1,c1,c1,c1,c1,c1,c1
16745,16743,1,c5,c1,c1,c1,c1,c1,c1,c1,c1
16746,16744,2,c1,c234,c234,c234,c234,c234,c234,c234,c234
16747,16745,1,c234,c5,c5,c5,c5,c5,c5,c5,c5
16749,16747,3,c5,c5,c5,c5,c5,c5,c5,c5,c5
16751,6127,2,c5,c234,c1,c234,c234,c1,c234,c1,c1
16752,2378,3,c1,c5,c5,c234,c5,c5,c5,c5,c5
16753,16751,2,c234,c234,c5,c5,c5,c5,c5,c5,c5
16754,16752,3,c5,c5,c5,c5,c5,c5,c5,c5,c5
16755,16753,1,c5,c234,c1,c234,c234,c234,c234,c234,c234
16757,16755,2,c1,c234,c234,c234,c234,c234,c234,c234,c234
16758,16756,1,c234,c5,c5,c5,c5,c5,c5,c1,c5
16759,16,1,c1,c1,c1,c1,c1,c1,c1,c1,c1
16760,587,1,c5,c1,c1,c1,c1,c1,c1,c1,c1
16761,2898,3,c234,c234,c234,c234,c234,c1,c234,c234,c1
16762,16760,2,c234,c234,c1,c234,c234,c234,c1,c1,c234
16763,2908,1,c1,c234,c234,c234,c234,c1,c234,c234,c1
16764,16762,2,c1,c5,c5,c1,c1,c5,c5,c1,c5
16766,16764,3,c1,c1,c5,c5,c1,c234,c5,c5,c234
16767,16765,3,c5,c5,c5,c5,c5,c5,c5,c5,c5
16768,16766,1,c234,c5,c5,c5,c5,c5,c5,c5,c5
16769,16767,2,c5,c5,c5,c5,c5,c5,c5,c5,c5
16770,16768,1,c1,c234,c234,c234,c234,c234,c234,c234,c234
16771,16769,3,c234,c1,c1,c1,c1,c1,c1,c1,c1
16773,16771,1,c5,c234,c234,c234,c234,c5,c234,c5,c5
16774,16772,3,c1,c1,c1,c1,c1,c1,c1,c1,c1
16776,7461,3,c234,c1,c1,c1,c1,c1,c1,c1,c1
16777,16775,2,c5,c5,c5,c5,c5,c5,c5,c5,c5
16778,16776,1,c234,c5,c5,c5,c5,c5,c5,c5,c5
16779,16777,3,c5,c234,c234,c234,c234,c234,c234,c234,c1
16780,16778,2,c1,c5,c5,c234,c5,c234,c5,c5,c234
16781,271,1,c234,c1,c1,c1,c1,c1,c1,c1,c1
16782,331,2,c234,c234,c234,c234,c234,c5,c234,c234,c5
16784,16782,1,c1,c5,c5,c5,c5,c5,c5,c5,c5
16785,16783,2,c234,c5,c5,c5,c5,c5,c5,c5,c5
16787,16785,3,c5,c5,c5,c5,c5,c5,c5,c5,c5
16788,16786,1,c5,c5,c5,c5,c5,c5,c5,c5,c5
16789,36,2,c234,c5,c5,c5,c5,c5,c5,c5,c5
16791,16789,2,c5,c1,c1,c1,c1,c5,c1,c1,c5
16792,7421,3,c234,c5,c5,c5,c5,c5,c5,c5,c5
16793,16791,3,c1,c1,c1,c1,c1,c1,c1,c1,c1
16794,16792,3,c1,c1,c1,c1,c1,c5,c1,c5,c5
16795,16793,1,c5,c5,c5,c5,c5,c5,c5,c5,c5
16798,16796,2,c5,c5,c5,c5,c5,c5,c5,c5,c5
16799,1790,3,c234,c234,c234,c234,c234,c234,c234,c234,c234
16800,16798,1,c5,c5,c5,c5,c5,c5,c5,c5,c5
16801,16799,2,c234,c5,c5,c5,c234,c5,c5,c5,c5
16803,16801,3,c1,c1,c1,c1,c1,c5,c1,c1,c1
16804,16802,2,c5,c5,c5,c5,c5,c5,c5,c5,c5
16806,16804,1,c5,c234,c234,c234,c234,c234,c234,c234,c234
16807,9666,2,c234,c1,c1,c1,c1,c1,c1,c1,c1
16808,5423,3,c5,c234,c234,c234,c234,c234,c234,c234,c234
16809,2854,3,c5,c5,c5,c5,c5,c5,c5,c5,c5
16810,16,1,c1,c1,c1,c1,c1,c1,c1,c1,c1
16812,16810,3,c5,c1,c1,c1,c1,c1,c1,c1,c1
16814,8135,3,c1,c1,c1,c1,c1,c1,c1,c1,c1
16815,16813,2,c1,c1,c1,c1,c1,c234,c1,c1,c234
16816,16814,1,c234,c5,c5,c5,c5,c5,c5,c5,c5
16817,16815,3,c234,c234,c234,c234,c234,c234,c234,c234,c234
16819,16817,1,c5,c5,c5,c5,c5,c5,c5,c5,c5
16820,16818,3,c5,c5,c5,c5,c5,c5,c5,c5,c5
16821,16819,2,c234,c234,c234,c234,c234,c234,c234,c234,c234
16822,16820,1,c234,c5,c5,c5,c5,c5,c5,c5,c5
16823,16821,3,c1,c1,c1,c1,c1,c5,c1,c1,c1
16825,16823,2,c5,c5,c5,c5,c5,c5,c5,c5,c5
16826,16824,1,c1,c5,c5,c5,c5,c5,c5,c5,c5
16827,16825,1,c5,c5,c5,c5,c5,c5,c5,c5,c5
16829,16827,3,c5,c5,c5,c5,c5,c5,c5,c5,c1
16830,16828,2,c1,c1,c1,c1,c1,c1,c1,c1,c1
16831,16829,3,c234,c234,c234,c234,c234,c234,c234,c234,c234
16832,16830,1,c5,c5,c5,c5,c5,c5,c5,c5,c5
16834,16832,3,c1,c5,c1,c1,c5,c234,c5,c1,c1
16836,16834,1,c5,c5,c5,c5,c5,c5,c5,c5,c5
16837,16835,2,c5,c5,c5,c5,c5,c5,c5,c5,c5
16838,16836,2,c1,c234,c234,c234,c234,c234,c234,c234,c234
16840,16838,3,c1,c234,c234,c234,c234,c234,c234,c234,c234
16841,16839,3,c234,c1,c1,c1,c1,c5,c1,c1,c5
16842,16840,1,c234,c1,c1,c1,c1,c1,c1,c1,c1
16843,16841,2,c234,c1,c1,c1,c1,c5,c1,c1,c5
16844,16272,3,c1,c234,c234,c234,c234,c5,c234,c234,c234
16845,16843,3,c1,c1,c1,c1,c1,c1,c1,c1,c1
16846,16844,3,c5,c5,c5,c5,c5,c5,c234,c5,c5
16847,3767,2,c5,c5,c5,c5,c5,c5,c5,c5,c5
16849,16847,1,c1,c234,c234,c234,c234,c234,c234,c234,c234
16850,16848,2,c234,c234,c234,c234,c234,c234,c234,c234,c234
16851,16849,1,c1,c5,c5,c5,c5,c5,c5,c5,c5
16852,16850,1,c234,c1,c1,c1,c1,c234,c1,c1,c234
16855,295,1,c234,c5,c5,c5,c5,c5,c5,c5,c5
16856,16854,2,c1,c1,c1,c1,c1,c234,c1,c1,c1
16857,16855,3,c234,c1,c1,c1,c1,c5,c1,c1,c5
16859,16857,1,c234,c5,c5,c5,c5,c5,c5,c5,c5
16860,16858,2,c1,c1,c1,c1,c1,c1,c1,c1,c1
16861,16859,3,c5,c5,c5,c5,c5,c234,c5,c5,c234
16862,16860,1,c234,c234,c234,c5,c1,c5,c234,c5,c5
16863,36,2,c5,c5,c5,c5,c5,c5,c5,c5,c5
16864,1020,2,c5,c1,c234,c1,c1,c5,c1,c1,c1
16866,14294,2,c5,c5,c5,c5,c5,c5,c5,c5,c5
16867,16865,2,c234,c234,c234,c234,c234,c234,c234,c234,c234
16868,16866,3,c1,c5,c5,c234,c234,c5,c5,c234,c5
16869,16867,3,c234,c5,c5,c5,c5,c5,c5,c5,c5
16870,16868,1,c234,c5,c5,c5,c5,c5,c5,c5,c5
16871,16869,2,c1,c1,c1,c1,c1,c1,c1,c1,c1
16872,675,1,c5,c5,c1,c5,c5,c5,c5,c1,c1
16873,16871,1,c5,c5,c5,c5,c5,c5,c5,c5,c5
16875,91,3,c1,c1,c1,c1,c1,c1,c1,c1,c1
16876,16874,2,c234,c5,c5,c5,c5,c5,c5,c5,c5
16877,16875,2,c1,c234,c234,c234,c234,c5,c234,c234,c5
16879,5096,3,c1,c1,c1,c1,c1,c1,c1,c1,c1
16880,16878,1,c234,c234,c234,c234,c234,c234,c234,c234,c234
16881,16879,1,c5,c5,c5,c5,c5,c5,c5,c5,c5
16882,841,1,c1,c1,c1,c1,c1,c1,c1,c1,c1
16883,16881,2,c234,c1,c1,c1,c1,c5,c1,c1,c5
16884,16882,2,c5,c5,c5,c5,c5,c5,c5,c5,c5
16886,271,1,c1,c1,c1,c1,c1,c1,c1,c1,c1
16887,16885,1,c234,c234,c234,c234,c234,c234,c234,c234,c234
16888,16886,3,c1,c5,c5,c5,c5,c5,c5,c5,c5
16889,271,1,c5,c1,c1,c1,c1,c1,c1,c1,c1
16890,16888,2,c5,c234,c234,c234,c234,c234,c234,c234,c234
16891,16889,1,c234,c5,c5,c5,c5,c5,c5,c5,c5
16893,16891,3,c1,c234,c234,c234,c234,c234,c234,c234,c234
16894,724,3,c1,c5,c1,c1,c1,c1,c1,c1,c1
16895,16893,1,c234,c5,c5,c5,c5,c5,c5,c5,c5
16896,16894,2,c234,c5,c5,c5,c5,c5,c5,c5,c5
16897,16895,3,c234,c234,c234,c5,c234,c5,c234,c5,c5
16899,16897,3,c5,c5,c5,c5,c5,c5,c5,c5,c5
16900,16898,1,c5,c234,c5,c234,c5,c5,c234,c5,c5
16901,16899,2,c1,c234,c234,c234,c234,c234,c234,c234,c234
16902,16900,1,c5,c5,c5,c5,c5,c234,c5,c5,c234
16904,7073,1,c234,c5,c5,c5,c5,c5,c5,c5,c5
16905,16903,2,c234,c5,c5,c5,c5,c5,c5,c5,c5
16907,16905,3,c234,c234,c234,c234,c234,c234,c234,c234,c234
16908,16906,1,c5,c5,c5,c5,c5,c234,c5,c5,c234
16909,16907,2,c5,c5,c5,c5,c5,c5,c5,c5,c5
16910,16908,3,c1,c234,c234,c234,c234,c5,c234,c234,c5
16911,16909,1,c5,c5,c5,c5,c5,c5,c5,c5,c5
16912,1271,3,c5,c5,c5,c5,c5,c5,c5,c5,c5
16914,16912,2,c234,c5,c5,c5,c1,c5,c5,c5,c5
16916,16914,3,c234,c234,c234,c234,c234,c234,c234,c234,c234
16917,16915,1,c234,c234,c234,c234,c234,c1,c234,c234,c234
16919,16917,2,c5,c5,c5,c5,c5,c5,c5,c5,c5
16920,7,3,c234,c5,c5,c5,c5,c5,c5,c5,c5
16921,16919,1,c234,c5,c5,c5,c5,c5,c5,c5,c5
16922,16920,3,c234,c5,c5,c5,c5,c5,c5,c5,c5
16923,16921,2,c5,c5,c5,c5,c5,c5,c5,c5,c5
16925,16923,1,c234,c5,c5,c5,c5,c5,c5,c5,c5
16926,16924,3,c5,c5,c5,c5,c5,c5,c5,c5,c5
16927,16925,3,c234,c234,c234,c234,c5,c5,c5,c5,c5
16930,16928,2,c1,c1,c1,c1,c1,c5,c1,c1,c5
16931,16929,1,c234,c5,c5,c5,c5,c5,c5,c5,c5
16932,16930,2,c234,c234,c234,c234,c234,c234,c234,c234,c234
16933,16931,1,c5,c1,c1,c1,c1,c1,c1,c1,c1
16934,2269,2,c1,c234,c234,c234,c234,c5,c234,c234,c5
16935,4716,3,c1,c5,c5,c5,c5,c5,c5,c5,c5
16936,16934,3,c1,c1,c1,c1,c1,c1,c1,c1,c1
16937,16935,2,c1,c234,c5,c5,c234,c234,c234,c5,c234
16938,16936,3,c5,c1,c5,c1,c1,c5,c1,c5,c5
16939,16937,1,c234,c5,c5,c5,c5,c5,c5,c5,c5
16940,16938,2,c234,c1,c1,c5,c1,c5,c1,c5,c5
16942,10505,2,c234,c1,c1,c1,c1,c1,c1,c1,c1
16943,16941,3,c5,c234,c234,c5,c234,c234,c234,c5,c234
16944,16942,2,c1,c1,c1,c1,c1,c5,c1,c1,c5
16945,16943,1,c1,c234,c234,c234,c234,c1,c234,c234,c1
16946,770,2,c5,c234,c234,c234,c234,c234,c234,c234,c234
16947,16945,3,c234,c1,c1,c1,c1,c1,c1,c1,c1
16948,16946,1,c1,c234,c234,c234,c1,c234,c234,c234,c1
16949,9929,2,c1,c1,c1,c1,c1,c5,c1,c1,c5
16950,107,1,c1,c1,c1,c1,c1,c5,c1,c1,c5
16952,16950,2,c5,c5,c5,c5,c5,c5,c5,c5,c5
16953,16951,3,c234,c1,c1,c1,c1,c5,c1,c1,c5
16955,16953,3,c5,c5,c5,c5,c5,c5,c5,c5,c5
16956,16954,1,c5,c234,c5,c234,c234,c5,c234,c234,c234
16957,6894,3,c234,c1,c1,c1,c1,c1,c1,c1,c1
16958,16956,2,c5,c234,c234,c234,c234,c5,c234,c234,c234
16959,16957,2,c5,c5,c5,c5,c5,c5,c5,c5,c5
16961,16959,1,c1,c234,c234,c234,c234,c234,c234,c234,c234
16962,16960,3,c234,c5,c5,c5,c5,c5,c5,c5,c5
16963,16961,1,c1,c1,c1,c1,c1,c234,c1,c234,c234
16965,16963,2,c1,c5,c5,c5,c5,c5,c5,c5,c5
16966,16964,3,c234,c1,c234,c1,c1,c234,c1,c234,c234
16967,16965,1,c1,c5,c5,c5,c5,c5,c5,c5,c5
16968,16966,2,c5,c1,c1,c1,c1,c234,c1,c1,c1
16969,16967,3,c234,c5,c5,c5,c5,c5,c5,c5,c234
16971,773,1,c5,c234,c234,c234,c234,c5,c234,c1,c5
16972,16,1,c5,c1,c1,c1,c1,c1,c1,c1,c1
16973,16971,1,c234,c234,c234,c234,c234,c234,c234,c234,c234
16974,16972,2,c234,c5,c5,c5,c5,c5,c5,c5,c5
16975,16973,2,c5,c5,c5,c5,c5,c5,c5,c5,c5
16976,16974,3,c5,c234,c234,c234,c234,c234,c234,c234,c234
16977,16975,1,c1,c234,c234,c234,c234,c5,c234,c234,c5
16978,274,3,c5,c1,c5,c1,c5,c1,c1,c1,c1
16979,10154,3,c234,c234,c234,c234,c234,c234,c234,c234,c234
16981,16979,3,c5,c234,c234,c234,c234,c234,c234,c234,c234
16982,16980,2,c5,c5,c5,c5,c5,c5,c5,c5,c5
16984,349,1,c5,c1,c1,c1,c1,c5,c1,c1,c5
16985,194,1,c5,c5,c5,c5,c5,c5,c5,c5,c5
16986,16984,1,c5,c5,c5,c5,c5,c5,c5,c5,c5
16987,16985,3,c5,c1,c1,c234,c234,c5,c1,c234,c5
16988,652,3,c1,c5,c1,c5,c5,c1,c1,c1,c1
16990,16988,2,c234,c234,c234,c234,c234,c5,c5,c234,c234
16991,16989,1,c234,c5,c5,c5,c5,c5,c5,c5,c234
16993,16991,2,c1,c234,c234,c234,c1,c5,c234,c234,c234
16994,36,2,c234,c5,c5,c5,c5,c5,c5,c5,c5
16995,16993,3,c234,c1,c1,c1,c1,c1,c1,c1,c1
16996,16994,3,c5,c5,c5,c5,c5,c5,c5,c5,c5
16997,1132,3,c5,c1,c1,c1,c1,c1,c1,c1,c234
16998,16996,2,c5,c5,c5,c5,c5,c5,c5,c5,c5
16999,16997,1,c5,c1,c1,c1,c1,c1,c1,c1,c1
17001,16999,2,c234,c234,c234,c234,c234,c234,c234,c234,c234
17002,17000,1,c1,c1,c1,c1,c1,c1,c1,c1,c234
17003,17001,2,c1,c5,c5,c1,c5,c1,c5,c1,c1
17004,2914,3,c5,c5,c5,c5,c5,c5,c5,c5,c5
17005,17003,3,c1,c1,c1,c1,c1,c1,c1,c1,c1
17007,17005,3,c5,c5,c5,c5,c5,c5,c5,c5,c5
17008,17006,3,c5,c234,c234,c234,c234,c234,c234,c234,c234
17009,17007,1,c5,c5,c5,c5,c5,c5,c5,c5,c5
17010,4491,2,c5,c234,c234,c234,c234,c234,c234,c234,c234
17011,17009,2,c234,c1,c5,c1,c1,c5,c1,c1,c5
17012,17010,1,c5,c5,c5,c5,c5,c5,c5,c5,c5
17014,17012,2,c5,c1,c1,c1,c1,c1,c1,c1,c1
17015,17013,3,c234,c234,c234,c234,c234,c234,c234,c234,c234
17016,17014,3,c5,c5,c234,c5,c5,c5,c234,c234,c5
17018,349,1,c1,c1,c5,c1,c1,c5,c1,c5,c5
17019,17017,1,c234,c5,c5,c5,c5,c5,c5,c5,c5
17020,17018,2,c1,c1,c1,c5,c1,c234,c1,c5,c234
17023,17021,2,c5,c234,c234,c234,c234,c234,c234,c234,c234
17024,17022,3,c234,c1,c1,c1,c1,c234,c1,c1,c234
17025,5470,3,c1,c5,c5,c5,c5,c5,c5,c5,c5
17026,17024,1,c234,c5,c5,c5,c5,c5,c5,c5,c5
17027,17025,1,c1,c1,c1,c1,c1,c234,c1,c1,c5
17028,17026,2,c234,c5,c5,c5,c5,c5,c5,c5,c5
17030,271,1,c5,c1,c1,c1,c1,c1,c1,c1,c1
17031,474,3,c5,c5,c5,c5,c5,c5,c5,c5,c5
17033,17031,3,c1,c1,c1,c234,c234,c234,c234,c234,c234
17034,17032,3,c234,c234,c234,c234,c234,c234,c234,c234,c234
17035,17033,1,c1,c234,c234,c234,c234,c5,c234,c234,c5
17037,17035,2,c234,c234,c234,c234,c234,c5,c234,c234,c5
17039,17037,3,c1,c234,c234,c234,c1,c234,c234,c1,c1
17040,17038,1,c1,c234,c234,c1,c234,c234,c234,c234,c234
17041,17039,2,c234,c1,c1,c1,c1,c1,c1,c1,c1
17042,17040,3,c234,c1,c1,c1,c1,c5,c1,c1,c5
17043,17041,2,c1,c5,c5,c5,c5,c5,c5,c5,c5
17044,17042,1,c1,c234,c234,c234,c234,c234,c234,c234,c5
17045,12809,2,c1,c5,c5,c5,c5,c5,c5,c5,c5
17047,17045,1,c1,c1,c1,c1,c1,c1,c1,c1,c1
17049,1258,1,c5,c1,c1,c1,c1,c5,c1,c1,c5
17050,274,3,c234,c1,c1,c1,c1,c1,c1,c1,c1
17052,17050,3,c1,c5,c5,c5,c5,c5,c5,c5,c5
17053,17051,2,c5,c234,c234,c234,c234,c234,c234,c234,c234
17054,452,3,c1,c1,c1,c234,c1,c234,c1,c234,c234
17055,6430,2,c234,c234,c234,c234,c234,c234,c234,c234,c234
17056,17054,3,c1,c1,c5,c1,c1,c5,c1,c5,c5
17057,17055,2,c1,c1,c1,c1,c1,c1,c1,c1,c1
17059,17057,3,c1,c1,c1,c1,c1,c1,c1,c1,c1
17060,675,1,c5,c1,c1,c5,c1,c1,c1,c1,c1
17061,17059,1,c5,c5,c5,c5,c5,c5,c5,c5,c5
17062,17060,1,c1,c1,c1,c1,c1,c234,c1,c1,c234
17063,17061,2,c234,c5,c5,c5,c5,c5,c5,c5,c5
17064,5127,3,c5,c5,c5,c5,c5,c5,c5,c5,c5
17066,17064,3,c1,c1,c1,c1,c1,c1,c1,c1,c1
17067,17065,2,c5,c5,c5,c5,c5,c5,c5,c5,c5
17068,17066,1,c1,c234,c234,c234,c234,c234,c234,c234,c234
17069,17067,3,c5,c1,c1,c1,c1,c234,c1,c1,c234
17070,17068,1,c1,c5,c5,c234,c5,c5,c5,c234,c234
17072,17070,2,c234,c5,c5,c5,c5,c5,c5,c5,c5
17073,17071,3,c5,c5,c5,c5,c5,c5,c5,c5,c5
17074,17072,1,c5,c5,c5,c5,c5,c5,c5,c5,c5
17075,17073,2,c5,c1,c1,c1,c1,c234,c1,c1,c234
17077,17075,2,c1,c1,c1,c1,c1,c5,c1,c1,c5
17078,17076,3,c5,c5,c5,c5,c5,c5,c5,c5,c5
17079,17077,2,c234,c1,c1,c1,c1,c234,c1,c1,c234
17080,17078,1,c234,c5,c5,c5,c5,c5,c5,c5,c5
17081,1020,2,c234,c1,c234,c1,c1,c5,c1,c1,c1
17083,17081,3,c1,c234,c234,c234,c234,c234,c234,c234,c1
17084,17082,1,c234,c234,c234,c234,c234,c234,c234,c234,c234
17085,17083,2,c234,c5,c5,c5,c5,c5,c5,c5,c5
17086,17084,2,c1,c1,c1,c1,c1,c1,c1,c1,c1
17088,406,2,c234,c1,c1,c1,c1,c234,c1,c1,c234
17089,17087,3,c5,c1,c1,c1,c1,c1,c1,c1,c1
17090,2601,2,c234,c5,c5,c5,c5,c5,c5,c5,c5
17091,1020,2,c5,c1,c234,c1,c1,c5,c1,c1,c1
17093,17091,1,c5,c5,c5,c5,c5,c5,c5,c5,c5
17094,513,2,c5,c234,c5,c234,c234,c5,c234,c5,c5
17095,17093,2,c5,c234,c234,c234,c234,c5,c234,c234,c5
17096,17094,3,c5,c1,c1,c1,c1,c1,c1,c1,c1
17097,17095,3,c1,c5,c5,c5,c5,c5,c5,c5,c5
17099,17097,1,c1,c234,c234,c234,c234,c234,c234,c234,c234
17100,17098,2,c1,c234,c234,c234,c234,c234,c234,c234,c234
17101,17099,2,c234,c1,c1,c1,c234,c1,c1,c1,c1
17102,17100,3,c5,c5,c5,c5,c5,c5,c5,c5,c5
17103,17101,1,c1,c1,c1,c1,c1,c234,c1,c1,c234
17104,17102,1,c234,c5,c5,c5,c5,c5,c5,c5,c5
17105,17103,2,c1,c5,c5,c5,c5,c5,c5,c5,c5
17106,17104,3,c234,c1,c1,c1,c1,c234,c1,c1,c234
17107,17105,3,c1,c234,c234,c234,c234,c234,c234,c234,c234
17108,36,2,c1,c5,c5,c5,c5,c5,c5,c5,c5
17110,17108,2,c234,c5,c5,c5,c5,c5,c5,c5,c5
17111,17109,1,c5,c5,c5,c5,c5,c5,c5,c5,c5
17112,17110,1,c234,c234,c234,c234,c234,c234,c234,c234,c234
17113,17111,3,c1,c1,c1,c1,c1,c1,c1,c1,c1
17115,17113,2,c5,c5,c5,c5,c5,c5,c5,c5,c5
17117,5682,3,c1,c5,c5,c5,c5,c5,c5,c5,c5
17118,17116,3,c234,c5,c5,c5,c5,c234,c5,c5,c1
17119,271,1,c1,c1,c1,c1,c1,c1,c1,c1,c1
17120,17118,2,c1,c234,c234,c234,c234,c5,c5,c5,c5
17121,1212,3,c1,c1,c1,c1,c1,c1,c1,c1,c1
17122,3768,1,c234,c234,c234,c234,c234,c234,c234,c234,c234
17123,17121,1,c5,c5,c5,c5,c5,c5,c5,c5,c5
17124,17122,3,c234,c5,c5,c5,c5,c5,c5,c5,c5
17125,17123,1,c234,c234,c234,c234,c234,c234,c234,c234,c234
17126,17124,2,c1,c1,c1,c1,c1,c1,c1,c1,c1
17127,17125,3,c234,c234,c234,c234,c234,c5,c234,c234,c234
17128,17126,2,c1,c5,c234,c5,c234,c5,c5,c234,c234
17130,14079,2,c234,c1,c1,c1,c1,c1,c1,c1,c1
17132,17130,3,c5,c5,c5,c5,c5,c5,c5,c5,c5
17133,17131,1,c234,c1,c1,c5,c1,c1,c1,c1,c1
17135,17133,2,c1,c5,c5,c5,c5,c5,c5,c5,c5
17136,17134,1,c1,c1,c1,c1,c1,c1,c1,c1,c1
17138,17136,1,c1,c5,c5,c5,c5,c5,c5,c5,c5
17139,17137,3,c5,c234,c234,c234,c234,c5,c234,c234,c5
17140,17138,2,c5,c5,c5,c5,c5,c5,c5,c5,c5
17141,17139,3,c234,c1,c1,c1,c1,c1,c1,c1,c1
17142,1115,1,c5,c5,c5,c5,c5,c5,c5,c5,c5
17143,17141,3,c234,c1,c1,c1,c1,c1,c1,c1,c1
17144,17142,2,c234,c1,c1,c1,c1,c1,c1,c1,c1
17145,17143,1,c5,c234,c234,c234,c234,c5,c234,c234,c5
17146,17144,2,c234,c5,c5,c5,c5,c5,c5,c5,c5
17147,17145,3,c234,c234,c234,c234,c234,c234,c234,c234,c234
17148,17146,1,c234,c5,c5,c5,c5,c5,c5,c5,c5
17151,755,2,c1,c1,c1,c1,c1,c1,c1,c1,c1
17152,17150,1,c234,c1,c1,c1,c1,c234,c1,c1,c234
17153,1361,2,c1,c1,c1,c1,c1,c1,c1,c1,c1
17155,94,1,c5,c234,c234,c5,c5,c234,c234,c5,c234
17156,17154,2,c5,c234,c234,c5,c234,c5,c234,c234,c234
17157,17155,3,c5,c5,c5,c5,c5,c234,c5,c5,c234
17158,17156,2,c5,c1,c1,c1,c1,c1,c1,c1,c234
17159,17157,1,c234,c234,c234,c234,c5,c5,c5,c5,c5
17160,271,1,c234,c1,c1,c1,c1,c1,c1,c1,c1
17162,14021,1,c1,c1,c1,c1,c1,c1,c1,c1,c1
17163,5423,3,c1,c234,c234,c234,c234,c234,c234,c234,c234
17166,17164,3,c234,c5,c5,c5,c5,c5,c5,c5,c5
17167,17165,1,c234,c5,c234,c5,c5,c234,c5,c234,c234
17168,17166,2,c234,c234,c234,c234,c234,c5,c234,c234,c5
17169,17167,3,c234,c234,c234,c234,c234,c234,c234,c234,c234
17170,271,1,c1,c1,c1,c1,c1,c1,c1,c1,c1
17171,17169,1,c5,c234,c234,c1,c234,c234,c234,c234,c5
17172,723,2,c234,c234,c234,c234,c234,c234,c234,c234,c234
17173,4697,2,c1,c5,c5,c5,c5,c5,c5,c5,c5
17174,17172,1,c1,c5,c5,c5,c5,c5,c5,c5,c5
17175,17173,2,c1,c1,c1,c1,c1,c1,c1,c1,c5
17177,1035,1,c234,c1,c1,c1,c1,c234,c1,c1,c1
17178,675,1,c5,c1,c1,c5,c1,c1,c1,c1,c1
17179,17177,3,c5,c234,c234,c234,c234,c234,c234,c234,c234
17180,91,3,c1,c1,c1,c1,c1,c1,c1,c1,c1
17181,1385,2,c234,c1,c1,c1,c1,c1,c1,c1,c1
17182,17180,3,c1,c234,c234,c234,c5,c5,c5,c5,c5
17183,17181,3,c5,c5,c5,c5,c5,c5,c5,c5,c5
17184,17182,2,c234,c234,c234,c1,c1,c234,c234,c1,c5
17185,7073,1,c234,c5,c5,c5,c5,c5,c5,c5,c5
17187,17185,1,c1,c234,c234,c234,c234,c5,c234,c5,c5
17188,271,1,c5,c1,c1,c1,c1,c1,c1,c1,c1
17189,17187,2,c1,c5,c5,c5,c5,c5,c5,c5,c5
17190,8128,3,c5,c5,c5,c5,c5,c5,c5,c5,c5
17191,17189,3,c5,c5,c5,c5,c5,c5,c5,c5,c5
17192,17190,3,c1,c234,c234,c234,c234,c234,c234,c234,c5
17193,17191,1,c234,c1,c1,c1,c1,c1,c1,c1,c1
17195,17193,1,c5,c5,c5,c5,c5,c5,c5,c5,c5
17197,17195,2,c234,c5,c5,c234,c234,c5,c5,c234,c234
17198,17196,1,c234,c234,c234,c234,c234,c234,c234,c234,c234
17199,17197,2,c5,c1,c1,c1,c1,c1,c1,c1,c1
17200,17198,3,c1,c5,c5,c5,c5,c5,c5,c5,c234
17202,17200,3,c5,c1,c1,c1,c1,c5,c1,c1,c5
17203,17201,1,c234,c234,c234,c234,c234,c234,c234,c234,c234
17204,12911,3,c234,c234,c234,c234,c234,c234,c234,c234,c5
17205,17203,2,c234,c234,c234,c234,c234,c234,c234,c234,c234
17206,17204,1,c5,c5,c5,c5,c5,c5,c5,c5,c5
17208,4009,1,c1,c1,c1,c1,c1,c1,c1,c1,c1
17209,17207,2,c234,c1,c1,c1,c1,c1,c1,c1,c1
17210,17208,2,c234,c5,c5,c5,c5,c5,c5,c5,c5
17211,17209,3,c234,c1,c1,c1,c1,c1,c1,c1,c1
17212,1494,2,c5,c5,c5,c5,c5,c5,c5,c5,c5
17213,11910,2,c234,c234,c234,c234,c234,c234,c234,c234,c234
17214,17212,3,c5,c5,c5,c5,c5,c5,c5,c5,c5
17215,17213,1,c234,c5,c5,c5,c5,c1,c5,c5,c5
17217,17215,2,c5,c5,c5,c5,c5,c5,c5,c5,c5
17218,17216,2,c1,c1,c1,c1,c1,c5,c1,c1,c5
17219,17217,2,c5,c5,c5,c5,c5,c234,c5,c5,c234
17220,16,1,c234,c1,c1,c1,c1,c1,c1,c1,c1
17221,17219,1,c5,c234,c234,c234,c234,c234,c234,c234,c234
17223,17221,3,c234,c5,c5,c5,c5,c5,c5,c5,c5
17224,17222,1,c5,c5,c5,c5,c5,c5,c5,c5,c5
17225,17223,2,c5,c5,c5,c5,c5,c1,c5,c5,c1
17226,17224,3,c234,c5,c5,c5,c5,c5,c5,c5,c5
17227,17225,2,c234,c234,c234,c234,c234,c234,c234,c234,c234
17229,331,2,c1,c5,c5,c234,c234,c5,c5,c5,c5
17230,17228,1,c234,c5,c5,c5,c5,c5,c5,c5,c234
17231,17229,3,c5,c5,c5,c5,c234,c5,c5,c5,c1
17232,3051,2,c234,c234,c234,c234,c234,c5,c234,c234,c234
17233,17231,3,c234,c5,c5,c5,c5,c5,c5,c5,c5
17234,17232,1,c234,c234,c234,c234,c234,c234,c234,c234,c234
17236,17234,2,c5,c234,c234,c234,c234,c5,c234,c5,c5
17237,17235,1,c5,c1,c1,c5,c1,c234,c1,c5,c234
17238,17236,2,c234,c5,c5,c5,c5,c5,c5,c5,c5
17240,17238,3,c1,c5,c5,c5,c5,c5,c5,c5,c5
17241,2753,2,c234,c234,c234,c234,c234,c234,c234,c234,c234
17242,17240,1,c5,c5,c5,c5,c5,c5,c5,c5,c5
17243,17241,2,c234,c234,c234,c234,c234,c234,c234,c234,c1
17244,17242,3,c234,c1,c1,c1,c1,c1,c1,c1,c1
17245,2753,2,c1,c234,c234,c234,c234,c234,c234,c234,c234
17247,17245,1,c234,c5,c5,c5,c5,c5,c5,c5,c5
17249,17247,3,c5,c1,c1,c1,c1,c1,c1,c1,c1
17250,17248,1,c5,c234,c234,c234,c234,c234,c234,c234,c234
17251,17249,2,c5,c234,c234,c234,c5,c234,c5,c5,c5
17252,17250,3,c5,c5,c5,c5,c5,c5,c5,c5,c5
17253,7,3,c234,c5,c5,c5,c5,c5,c5,c5,c5
17254,17252,1,c5,c234,c234,c234,c234,c234,c234,c234,c234
17255,17253,2,c5,c5,c5,c5,c5,c5,c5,c5,c5
17256,17254,3,c1,c1,c234,c1,c1,c234,c1,c5,c5
17259,17257,2,c234,c1,c1,c1,c1,c1,c1,c1,c1
17261,17259,1,c1,c234,c234,c234,c234,c5,c234,c234,c5
17262,17260,2,c1,c5,c5,c5,c5,c5,c5,c5,c5
17263,17261,3,c5,c5,c5,c5,c5,c5,c5,c5,c5
17264,17262,2,c5,c1,c1,c1,c1,c1,c1,c1,c1
17265,17263,3,c5,c234,c234,c234,c234,c234,c234,c234,c234
17266,17264,1,c5,c5,c234,c5,c5,c5,c5,c5,c5
17267,17265,2,c234,c1,c1,c1,c5,c5,c1,c1,c5
17268,9287,2,c5,c234,c234,c234,c234,c234,c234,c234,c1
17271,17269,3,c1,c1,c1,c1,c1,c1,c1,c1,c1
17272,17270,1,c5,c1,c1,c1,c1,c234,c1,c1,c1
17273,17271,2,c1,c1,c1,c1,c1,c1,c1,c1,c1
17274,17272,1,c1,c5,c5,c5,c5,c5,c5,c5,c5
17276,178,2,c234,c1,c1,c1,c1,c1,c1,c1,c1
17277,271,1,c234,c1,c1,c1,c1,c1,c1,c1,c1
17278,36,2,c5,c5,c5,c5,c5,c5,c5,c5,c5
17279,17277,3,c5,c234,c234,c234,c234,c5,c234,c234,c5
17281,17279,2,c234,c1,c1,c1,c1,c1,c1,c1,c1
17282,17280,3,c1,c5,c5,c234,c5,c5,c5,c5,c234
17283,17281,3,c234,c234,c234,c234,c234,c234,c234,c234,c5
17285,3405,1,c1,c1,c1,c1,c1,c1,c1,c1,c1
17286,17284,1,c1,c5,c5,c5,c5,c5,c5,c5,c5
17287,17285,2,c1,c1,c1,c1,c1,c5,c5,c5,c5
17288,7,3,c1,c5,c5,c5,c5,c5,c5,c5,c5
17290,8817,2,c234,c1,c1,c1,c1,c1,c1,c1,c1
17291,17289,1,c1,c1,c1,c1,c1,c1,c1,c1,c1
17292,17290,2,c1,c1,c1,c1,c1,c1,c1,c1,c1
17293,17291,3,c5,c1,c1,c234,c234,c1,c1,c234,c1
17294,17292,1,c234,c234,c234,c234,c234,c234,c234,c234,c234
17295,17293,2,c5,c5,c5,c5,c5,c5,c5,c5,c234
17296,17294,3,c5,c5,c5,c5,c5,c5,c5,c5,c5
17298,6169,3,c234,c234,c234,c234,c234,c234,c234,c234,c234
17299,17297,3,c1,c1,c1,c1,c1,c1,c1,c1,c1
17300,17298,1,c234,c1,c1,c1,c1,c1,c1,c1,c1
17301,9614,3,c1,c1,c1,c1,c1,c234,c1,c1,c1
17302,17300,2,c5,c5,c5,c5,c5,c234,c5,c5,c234
17303,17301,3,c1,c5,c5,c5,c5,c5,c5,c5,c5
17304,17302,1,c234,c234,c234,c234,c234,c234,c234,c1,c5
17306,17304,2,c5,c5,c5,c5,c5,c5,c5,c5,c5
17307,17305,3,c5,c234,c234,c234,c234,c234,c234,c234,c234
17308,17306,2,c5,c234,c5,c5,c234,c5,c234,c234,c234
17310,17308,3,c1,c1,c1,c1,c1,c1,c1,c1,c1
17311,17309,1,c1,c1,c1,c1,c1,c1,c1,c1,c5
17312,17310,2,c234,c5,c5,c5,c5,c5,c5,c5,c5
17313,17311,1,c1,c1,c1,c1,c1,c1,c1,c1,c1
17317,16051,2,c5,c234,c234,c234,c234,c234,c234,c234,c234
17318,17316,3,c234,c1,c1,c1,c1,c1,c1,c1,c1
17319,17317,1,c5,c5,c5,c5,c5,c234,c5,c5,c234
17320,17318,3,c1,c1,c1,c1,c1,c5,c1,c1,c5
17321,17319,2,c5,c5,c5,c5,c5,c5,c5,c5,c5
17322,17320,1,c5,c1,c1,c1,c1,c1,c1,c1,c1
17323,17321,2,c234,c234,c234,c234,c234,c234,c234,c234,c234
17324,240,1,c234,c234,c1,c234,c234,c1,c234,c1,c1
17327,17325,3,c1,c1,c1,c1,c1,c1,c1,c1,c1
17328,17326,1,c5,c234,c234,c234,c234,c5,c234,c234,c5
17329,457,1,c234,c234,c234,c234,c234,c234,c234,c234,c234
17330,17328,3,c5,c5,c1,c5,c5,c5,c5,c1,c1
17331,257,2,c1,c1,c1,c1,c1,c1,c1,c1,c1
17334,17332,2,c5,c5,c5,c5,c5,c5,c5,c5,c5
17336,17334,2,c5,c5,c5,c5,c5,c5,c5,c5,c5
17338,17336,1,c5,c1,c1,c1,c1,c1,c1,c1,c1
17339,257,2,c1,c1,c1,c1,c1,c1,c1,c1,c1
17340,17338,3,c1,c5,c5,c234,c5,c5,c5,c5,c5
17341,17339,1,c5,c5,c5,c5,c5,c5,c5,c5,c5
17342,17340,3,c5,c5,c5,c5,c5,c5,c5,c5,c5
17343,17341,1,c5,c5,c5,c5,c5,c5,c5,c5,c5
17344,17342,2,c5,c5,c5,c5,c5,c5,c5,c5,c5
17345,17343,3,c5,c5,c5,c5,c5,c5,c5,c5,c5
17347,17345,2,c1,c1,c1,c1,c1,c1,c1,c1,c1
17348,5813,3,c5,c234,c234,c234,c234,c1,c234,c234,c234
17349,17347,1,c1,c5,c5,c5,c5,c5,c5,c5,c5
17350,17348,3,c5,c234,c234,c234,c234,c5,c234,c234,c5
17351,17349,1,c234,c5,c5,c234,c5,c5,c5,c234,c5
17352,17350,3,c5,c5,c5,c5,c234,c5,c5,c234,c5
17354,17352,2,c1,c234,c234,c234,c234,c5,c234,c234,c5
17355,17353,1,c5,c5,c5,c5,c5,c5,c5,c5,c1
17356,17354,2,c234,c234,c234,c234,c234,c234,c234,c234,c5
17358,17356,3,c234,c5,c5,c5,c5,c5,c5,c5,c5
17359,17357,1,c234,c234,c234,c234,c234,c234,c234,c234,c234
17360,17358,1,c1,c1,c1,c1,c1,c1,c1,c1,c1
17362,17360,3,c1,c1,c1,c1,c1,c1,c1,c1,c1
17363,17361,2,c5,c5,c1,c5,c5,c5,c5,c5,c5
17364,17362,2,c5,c5,c5,c5,c5,c5,c5,c5,c5
17365,17363,1,c234,c1,c1,c1,c234,c234,c1,c1,c234
17367,17365,3,c5,c1,c234,c1,c1,c1,c1,c234,c1
17368,17366,1,c234,c1,c1,c1,c1,c5,c1,c1,c1
17369,17367,3,c234,c234,c234,c234,c234,c234,c234,c234,c234
17370,3425,1,c1,c1,c1,c1,c1,c1,c1,c1,c1
17372,17370,2,c234,c234,c234,c234,c234,c234,c234,c234,c234
17374,17372,3,c234,c1,c1,c1,c1,c1,c1,c1,c1
17375,17373,1,c234,c5,c5,c5,c5,c5,c5,c5,c5
17376,17374,1,c5,c5,c5,c5,c5,c5,c5,c5,c5
17377,17375,2,c5,c5,c5,c5,c5,c5,c5,c5,c234
17378,17376,3,c234,c1,c5,c1,c1,c5,c1,c5,c5
17380,17378,2,c234,c5,c234,c234,c234,c5,c5,c234,c5
17381,7,3,c234,c5,c5,c5,c5,c5,c5,c5,c5
17382,17380,3,c234,c234,c234,c234,c234,c5,c234,c234,c5
17385,17383,1,c234,c1,c1,c1,c1,c234,c1,c1,c234
17386,17384,2,c1,c5,c5,c5,c5,c5,c5,c5,c234
17387,17385,3,c5,c5,c5,c5,c234,c5,c5,c234,c5
17388,17386,1,c5,c1,c1,c1,c1,c234,c1,c1,c234
17389,17387,1,c234,c1,c1,c1,c1,c1,c1,c1,c1
17390,17388,2,c234,c5,c5,c5,c5,c5,c5,c5,c5
17391,3887,1,c5,c5,c5,c5,c5,c5,c5,c5,c5
17392,17390,3,c5,c5,c5,c5,c5,c5,c5,c5,c5
17393,17391,1,c234,c5,c5,c5,c5,c5,c5,c5,c5
17394,17392,3,c1,c234,c234,c234,c234,c5,c234,c234,c5
17396,17394,2,c5,c234,c234,c234,c234,c5,c234,c234,c5
17398,2365,3,c5,c234,c234,c234,c234,c234,c234,c234,c234
17399,17397,2,c5,c234,c234,c234,c234,c234,c234,c1,c1
17400,17398,1,c234,c5,c5,c5,c5,c5,c5,c5,c5
17401,17399,3,c5,c5,c5,c5,c5,c5,c5,c5,c5
17402,17400,1,c5,c5,c5,c5,c5,c5,c5,c5,c5
17403,4872,1,c1,c5,c5,c5,c5,c5,c5,c5,c5
17406,17404,2,c1,c234,c234,c234,c234,c234,c234,c234,c234
17407,17405,1,c1,c1,c1,c1,c1,c1,c1,c1,c1
17408,2536,2,c234,c1,c1,c1,c1,c1,c1,c1,c1
17409,17407,3,c1,c1,c1,c1,c1,c5,c1,c1,c1
17411,17409,2,c234,c5,c5,c5,c5,c5,c5,c5,c5
17412,17410,3,c234,c5,c5,c5,c5,c234,c5,c5,c234
17413,17411,3,c5,c234,c234,c234,c234,c234,c234,c234,c234
17414,17412,1,c234,c1,c1,c5,c5,c1,c5,c5,c1
17415,1378,3,c234,c5,c5,c5,c5,c5,c5,c5,c5
17416,17414,2,c5,c234,c234,c234,c234,c234,c234,c234,c234
17418,17416,2,c234,c5,c5,c5,c5,c5,c5,c5,c5
17419,17417,1,c1,c5,c5,c5,c1,c5,c5,c5,c5
17420,17418,3,c234,c1,c1,c1,c1,c234,c1,c1,c234
17422,17420,3,c1,c234,c5,c5,c234,c5,c234,c5,c5
17423,17421,1,c234,c234,c234,c234,c234,c234,c234,c234,c234
17425,17423,2,c1,c5,c5,c5,c1,c5,c5,c5,c5
17426,17424,1,c234,c234,c234,c234,c234,c234,c234,c234,c234
17427,17425,2,c1,c234,c234,c234,c234,c1,c234,c1,c1
17428,17426,3,c234,c234,c234,c234,c234,c234,c234,c234,c234
17430,2730,3,c5,c234,c234,c234,c234,c234,c234,c234,c234
17431,17429,3,c1,c234,c234,c234,c234,c5,c234,c234,c5
17432,17430,2,c1,c1,c5,c1,c1,c5,c1,c1,c1
17433,17431,3,c234,c234,c234,c234,c234,c234,c234,c234,c234
17434,17432,1,c234,c5,c5,c5,c5,c5,c5,c5,c5
17435,17433,1,c1,c234,c234,c234,c234,c234,c234,c234,c234
17437,1458,1,c1,c5,c1,c5,c5,c5,c5,c1,c1
17438,16,1,c234,c1,c1,c1,c1,c1,c1,c1,c1
17439,17437,1,c234,c5,c5,c5,c5,c234,c5,c5,c234
17440,17438,1,c234,c5,c5,c5,c5,c5,c5,c5,c5
17441,1239,3,c234,c5,c5,c5,c5,c5,c5,c5,c5
17442,17440,2,c234,c5,c5,c5,c5,c5,c5,c5,c5
17443,17441,3,c1,c1,c1,c1,c1,c1,c1,c1,c1
17445,17443,3,c5,c5,c5,c5,c5,c5,c5,c5,c5
17446,17444,2,c234,c1,c1,c1,c1,c1,c1,c1,c1
17447,17445,3,c1,c234,c234,c234,c234,c234,c234,c234,c5
17449,17447,1,c234,c234,c234,c5,c234,c234,c234,c234,c234
17450,295,1,c1,c5,c5,c5,c5,c5,c5,c5,c5
17451,17449,3,c5,c1,c1,c1,c1,c5,c1,c1,c1
17452,17450,2,c1,c234,c234,c234,c234,c234,c234,c234,c234
17454,17452,1,c234,c1,c1,c1,c1,c1,c1,c1,c1
17455,17453,3,c5,c1,c1,c1,c1,c5,c1,c1,c1
17457,755,2,c234,c1,c1,c1,c1,c1,c1,c1,c1
17458,17456,1,c5,c1,c1,c1,c1,c1,c1,c1,c5
17459,17457,2,c5,c5,c5,c5,c5,c5,c5,c5,c5
17460,17458,2,c5,c234,c234,c234,c234,c234,c234,c234,c234
17462,17460,2,c5,c5,c5,c5,c5,c5,c5,c5,c5
17463,17461,3,c5,c1,c1,c1,c1,c1,c1,c1,c1
17464,17462,1,c234,c234,c234,c234,c234,c234,c234,c234,c234
17465,17463,3,c5,c1,c1,c1,c1,c234,c1,c1,c1
17466,17464,3,c1,c5,c5,c5,c5,c5,c5,c5,c5
17468,17466,1,c234,c5,c5,c5,c5,c5,c5,c5,c5
17470,17468,2,c5,c5,c5,c5,c5,c5,c5,c5,c5
17471,17469,1,c1,c1,c1,c1,c1,c1,c1,c1,c1
17472,17470,2,c234,c5,c5,c5,c5,c5,c5,c5,c5
17474,17472,3,c1,c1,c1,c1,c1,c1,c1,c1,c1
17476,17474,1,c1,c234,c234,c234,c234,c234,c234,c234,c234
17477,17475,2,c1,c5,c5,c5,c234,c234,c234,c5,c234
17478,17476,3,c234,c1,c1,c1,c1,c234,c1,c1,c1
17479,17372,3,c234,c1,c1,c1,c1,c1,c1,c1,c1
17480,17478,3,c5,c5,c5,c5,c5,c5,c5,c5,c5
17483,7,3,c1,c5,c5,c5,c5,c5,c5,c5,c5
17484,17482,1,c5,c5,c5,c5,c234,c234,c5,c5,c234
17485,17483,1,c5,c5,c5,c5,c5,c5,c5,c5,c5
17486,17484,2,c234,c1,c1,c1,c1,c1,c1,c1,c1
17487,17485,1,c1,c234,c234,c234,c234,c234,c234,c234,c234
17488,17486,2,c5,c5,c5,c5,c5,c5,c5,c5,c5
17490,581,3,c234,c1,c1,c1,c1,c1,c1,c1,c1
17491,17489,3,c1,c234,c234,c234,c234,c5,c234,c234,c5
17492,17490,1,c5,c5,c1,c5,c5,c5,c5,c5,c5
17494,17492,2,c1,c1,c1,c1,c1,c234,c1,c1,c1
17495,17493,3,c5,c5,c5,c5,c5,c5,c5,c5,c5
17496,5104,3,c1,c1,c1,c1,c1,c1,c1,c1,c1
17497,17495,1,c1,c1,c1,c1,c1,c1,c1,c1,c1
17498,17496,2,c234,c5,c5,c234,c5,c234,c5,c5,c5
17500,17498,3,c1,c1,c1,c1,c1,c1,c1,c1,c1
17501,17499,1,c1,c5,c5,c5,c5,c5,c5,c5,c5
17503,17501,2,c234,c5,c5,c5,c5,c5,c5,c5,c5
17504,7,3,c1,c1,c5,c1,c1,c5,c1,c5,c5
17505,17503,3,c5,c5,c5,c5,c5,c5,c5,c5,c5
17506,36,2,c1,c5,c5,c5,c5,c5,c5,c5,c5
17507,1401,1,c5,c1,c1,c1,c234,c234,c1,c234,c234
17508,17506,3,c5,c5,c5,c5,c5,c5,c5,c5,c5
17509,15505,1,c234,c1,c1,c1,c1,c1,c1,c1,c1
17510,50,3,c234,c234,c234,c234,c234,c5,c234,c234,c5
17511,17509,1,c234,c234,c234,c234,c234,c234,c234,c234,c234
17512,789,3,c234,c234,c234,c5,c234,c5,c234,c5,c5
17513,1212,3,c1,c1,c1,c1,c1,c1,c1,c1,c1
17515,252,1,c5,c1,c234,c1,c1,c1,c1,c1,c234
17516,17514,2,c234,c234,c234,c234,c234,c234,c234,c234,c234
17517,17515,2,c5,c234,c234,c234,c234,c234,c234,c234,c234
17518,17516,1,c5,c1,c1,c1,c1,c234,c1,c1,c1
17519,17517,3,c1,c234,c234,c234,c234,c234,c234,c234,c234
17520,17518,3,c234,c234,c234,c234,c234,c234,c234,c234,c234
17521,17519,3,c234,c5,c234,c234,c234,c5,c5,c234,c5
17522,17520,1,c5,c5,c5,c5,c5,c5,c5,c5,c5
17525,3074,1,c1,c5,c5,c5,c234,c5,c5,c5,c5
17526,17524,1,c5,c234,c234,c234,c1,c234,c234,c234,c234
17527,17525,2,c1,c234,c234,c234,c234,c234,c234,c234,c234
17528,17526,2,c5,c5,c5,c234,c5,c5,c5,c5,c5
17529,17527,3,c1,c5,c5,c234,c5,c5,c5,c234,c5
17531,17529,3,c5,c1,c1,c1,c1,c1,c1,c1,c1
17532,5416,3,c234,c234,c234,c234,c234,c234,c234,c234,c234
17533,17531,1,c1,c1,c1,c1,c1,c5,c1,c1,c5
17534,17532,2,c234,c5,c5,c5,c5,c5,c5,c5,c5
17535,383,1,c1,c234,c234,c234,c234,c234,c234,c234,c1
17537,17535,1,c1,c1,c1,c1,c1,c1,c1,c1,c1
17538,17536,2,c5,c234,c234,c234,c234,c234,c234,c234,c5
17539,17537,2,c5,c1,c1,c1,c1,c5,c1,c1,c5
17540,17538,3,c234,c234,c5,c5,c5,c5,c234,c5,c5
17541,17539,1,c5,c1,c1,c1,c1,c1,c1,c1,c1
17543,271,1,c234,c1,c1,c1,c1,c1,c1,c1,c1
17544,17542,2,c5,c234,c234,c234,c234,c234,c234,c234,c234
17545,17543,3,c234,c1,c1,c234,c234,c234,c1,c234,c234
17546,16497,2,c1,c5,c5,c5,c5,c5,c5,c5,c5
17547,17545,1,c234,c1,c1,c1,c1,c1,c1,c1,c1
17549,17547,2,c5,c5,c5,c5,c5,c5,c5,c5,c5
17550,178,2,c5,c1,c1,c1,c1,c1,c1,c1,c1
17551,17549,3,c234,c5,c5,c5,c5,c5,c5,c5,c5
17552,17550,2,c234,c5,c5,c5,c5,c5,c5,c5,c5
17553,17551,1,c5,c5,c5,c5,c5,c5,c5,c5,c5
17554,17552,2,c5,c5,c5,c5,c5,c5,c5,c5,c234
17555,17553,3,c234,c5,c5,c5,c5,c234,c5,c5,c5
17556,17554,1,c1,c234,c234,c1,c234,c234,c234,c1,c1
17558,7182,2,c234,c1,c5,c5,c1,c5,c1,c5,c5
17559,17557,2,c5,c5,c5,c5,c5,c234,c5,c5,c234
17561,17559,3,c234,c234,c234,c234,c234,c234,c234,c234,c234
17562,17560,3,c5,c5,c5,c5,c5,c5,c5,c5,c5
17563,36,2,c5,c5,c5,c5,c5,c5,c5,c5,c5
17564,17562,1,c1,c5,c5,c234,c234,c234,c5,c234,c234
17565,17563,2,c5,c1,c1,c1,c1,c1,c1,c1,c1
17566,17564,2,c5,c5,c5,c5,c5,c5,c5,c5,c5
17567,17565,1,c1,c1,c1,c1,c1,c1,c1,c1,c1
17569,537,2,c1,c1,c1,c1,c1,c5,c1,c1,c5
17570,17568,3,c234,c234,c1,c234,c234,c234,c234,c1,c1
17572,17570,1,c5,c5,c5,c5,c5,c5,c5,c5,c5
17573,17571,3,c5,c234,c234,c234,c234,c5,c234,c234,c234
17574,17572,1,c1,c1,c1,c5,c1,c5,c1,c5,c5
17576,17574,2,c5,c234,c234,c234,c234,c234,c234,c234,c234
17577,17575,1,c5,c234,c234,c234,c234,c234,c234,c234,c234
17578,7173,1,c1,c1,c1,c1,c1,c5,c1,c1,c5
17579,17577,3,c5,c1,c234,c1,c1,c1,c1,c234,c234
17581,17579,2,c5,c234,c234,c234,c234,c234,c234,c234,c234
17582,17580,3,c234,c5,c5,c5,c5,c5,c5,c5,c5
17583,17581,1,c1,c1,c1,c1,c1,c1,c1,c1,c1
17584,17582,2,c234,c5,c5,c5,c234,c234,c5,c5,c234
17585,17583,1,c234,c5,c5,c5,c5,c5,c5,c5,c5
17587,17585,3,c1,c234,c234,c234,c234,c1,c234,c234,c1
17588,17586,3,c234,c234,c234,c234,c234,c234,c234,c234,c234
17589,16,1,c1,c1,c1,c1,c1,c1,c1,c1,c1
17590,17588,2,c5,c1,c1,c1,c1,c1,c1,c1,c1
17593,17591,1,c1,c5,c5,c5,c5,c5,c5,c5,c5
17594,17592,2,c5,c1,c1,c1,c1,c234,c1,c1,c1
17595,17593,1,c5,c5,c5,c5,c5,c5,c5,c5,c5
17596,2210,1,c1,c5,c5,c5,c5,c5,c5,c5,c5
17597,17595,2,c5,c1,c1,c1,c1,c5,c1,c1,c1
17600,117,3,c1,c1,c1,c1,c1,c1,c1,c1,c1
17602,17600,3,c5,c5,c5,c5,c5,c5,c5,c5,c5
17603,16,1,c1,c1,c1,c1,c1,c1,c1,c1,c1
17604,17602,2,c234,c234,c234,c234,c234,c234,c5,c234,c234
17605,17603,1,c234,c1,c1,c1,c1,c1,c1,c1,c1
17606,17604,3,c234,c5,c5,c5,c5,c234,c5,c5,c234
17609,17607,2,c234,c234,c234,c234,c234,c234,c234,c234,c234
17610,17608,1,c1,c234,c234,c234,c5,c5,c234,c234,c5
17612,17610,3,c1,c5,c5,c5,c5,c5,c5,c5,c5
17613,17611,2,c5,c1,c1,c1,c1,c1,c1,c1,c1
17614,17612,1,c1,c1,c1,c1,c1,c1,c1,c1,c234
17615,17613,3,c234,c5,c5,c5,c5,c5,c5,c5,c5
17617,17615,3,c234,c1,c1,c1,c1,c1,c1,c1,c1
17618,17616,2,c234,c5,c5,c234,c5,c234,c5,c234,c234
17619,17617,1,c1,c5,c5,c5,c5,c5,c5,c5,c5
17621,17619,1,c234,c1,c1,c234,c234,c234,c1,c234,c234
17622,17620,2,c5,c5,c5,c5,c5,c5,c5,c5,c5
17623,17621,3,c234,c1,c1,c1,c1,c5,c1,c1,c5
17624,0,3,c1,c1,c1,c1,c1,c1,c1,c1,c1
17625,17623,1,c1,c1,c1,c1,c1,c1,c1,c1,c1
17627,17625,2,c5,c5,c5,c5,c5,c5,c5,c5,c5
17628,17626,3,c234,c5,c5,c5,c5,c5,c5,c1,c5
17629,3010,2,c5,c5,c5,c5,c5,c5,c5,c5,c5
17630,17628,1,c5,c1,c1,c1,c1,c1,c1,c1,c5
17631,16,1,c234,c1,c1,c1,c1,c1,c1,c1,c1
17632,17630,3,c234,c1,c1,c1,c1,c1,c1,c1,c1
17634,1085,1,c1,c1,c1,c234,c234,c1,c1,c1,c1
17635,17633,2,c5,c234,c234,c234,c234,c234,c234,c234,c234
17636,17634,1,c5,c5,c5,c5,c5,c5,c5,c5,c5
17639,843,3,c5,c1,c1,c1,c1,c5,c1,c1,c5
17640,17638,3,c1,c234,c234,c234,c234,c5,c234,c234,c5
17642,271,1,c234,c1,c1,c1,c1,c1,c1,c1,c1
17643,17641,2,c5,c1,c1,c1,c1,c1,c1,c1,c1
17644,17642,3,c1,c234,c234,c234,c234,c234,c234,c234,c234
17645,17643,1,c1,c5,c5,c5,c5,c5,c5,c5,c5
17647,17645,1,c1,c5,c5,c5,c5,c5,c5,c5,c5
17648,17646,2,c5,c5,c5,c5,c5,c5,c5,c5,c5
17651,17649,3,c5,c5,c5,c5,c5,c5,c5,c5,c5
17652,17650,2,c1,c5,c5,c5,c5,c5,c5,c5,c5
17653,17651,3,c5,c1,c1,c1,c1,c5,c1,c1,c5
17654,17652,2,c1,c234,c234,c234,c234,c234,c234,c234,c234
17656,17654,3,c1,c234,c234,c234,c234,c234,c234,c234,c234
17657,17655,2,c234,c234,c234,c234,c234,c234,c234,c234,c234
17658,17656,3,c234,c234,c234,c5,c234,c234,c234,c234,c234
17659,452,3,c1,c1,c1,c234,c1,c234,c1,c234,c234
17660,17658,2,c1,c1,c5,c1,c5,c234,c5,c1,c234
17661,12552,3,c5,c234,c234,c234,c234,c5,c234,c234,c234
17662,17660,2,c5,c5,c5,c5,c5,c5,c5,c5,c5
17663,17661,3,c1,c5,c5,c5,c5,c5,c5,c5,c5
17665,17663,3,c1,c5,c5,c5,c5,c5,c5,c5,c5
17666,17664,1,c1,c5,c5,c5,c5,c5,c5,c5,c5
17668,17666,2,c5,c234,c234,c234,c234,c234,c234,c234,c234
17669,504,2,c5,c1,c1,c1,c1,c1,c1,c1,c1
17670,17668,1,c5,c5,c5,c5,c5,c5,c5,c5,c5
17671,17669,2,c234,c5,c5,c5,c5,c5,c5,c5,c5
17672,17670,1,c234,c1,c1,c1,c1,c1,c1,c1,c1
17674,17672,3,c1,c1,c1,c1,c1,c1,c1,c1,c5
17675,17673,2,c1,c5,c5,c5,c5,c234,c5,c5,c234
17676,17674,3,c234,c1,c1,c1,c1,c1,c1,c1,c1
17677,17675,1,c1,c1,c1,c1,c1,c5,c1,c1,c5
17679,17677,2,c1,c234,c234,c234,c234,c5,c234,c234,c5
17680,17678,3,c5,c5,c5,c5,c5,c5,c5,c5,c5
17681,3584,1,c234,c234,c234,c234,c1,c1,c234,c234,c1
17682,17680,1,c1,c1,c1,c234,c1,c234,c1,c1,c234
17683,17681,3,c5,c234,c234,c234,c234,c234,c234,c234,c234
17685,646,3,c1,c234,c234,c234,c234,c234,c234,c234,c234
17686,17684,2,c234,c5,c5,c5,c5,c5,c5,c5,c5
17687,3888,2,c234,c5,c234,c234,c5,c234,c5,c234,c234
17688,17686,1,c5,c5,c5,c5,c5,c5,c5,c5,c5
17689,17687,2,c5,c5,c5,c5,c5,c5,c5,c5,c5
17690,17688,3,c5,c1,c1,c1,c1,c1,c1,c1,c1
17691,252,1,c5,c1,c5,c1,c1,c234,c1,c1,c1
17692,2114,3,c234,c234,c234,c234,c234,c1,c234,c234,c1
17693,17691,1,c1,c1,c1,c1,c1,c5,c1,c1,c5
17694,2708,1,c234,c1,c1,c5,c1,c5,c1,c5,c5
17695,2741,3,c1,c5,c5,c234,c5,c234,c5,c234,c234
17696,17694,2,c234,c234,c234,c234,c234,c234,c234,c234,c234
17698,17696,3,c1,c1,c1,c5,c5,c5,c1,c234,c234
17699,17697,1,c234,c5,c5,c234,c234,c5,c234,c234,c5
17700,2365,3,c1,c1,c234,c234,c234,c234,c1,c234,c234
17701,17699,2,c5,c234,c234,c234,c234,c234,c234,c234,c234
17702,474,3,c5,c5,c5,c5,c5,c5,c5,c5,c5
17704,17702,3,c234,c1,c1,c1,c234,c1,c1,c234,c234
17705,17703,1,c5,c234,c234,c234,c234,c234,c234,c234,c234
17706,17704,2,c1,c234,c234,c234,c234,c234,c234,c234,c234
17709,7,3,c234,c1,c5,c1,c1,c5,c1,c5,c5
17710,17708,3,c234,c5,c5,c5,c5,c5,c5,c5,c5
17711,17709,2,c5,c5,c5,c5,c5,c5,c5,c5,c5
17712,17710,1,c1,c234,c234,c234,c234,c234,c234,c234,c5
17713,17711,3,c1,c234,c234,c234,c234,c5,c234,c1,c5
17715,14021,1,c1,c1,c1,c1,c1,c1,c1,c1,c1
17716,17714,1,c234,c234,c234,c234,c234,c234,c234,c234,c234
17718,17716,2,c5,c234,c234,c234,c234,c5,c234,c234,c5
17719,17717,3,c234,c5,c5,c5,c5,c5,c5,c5,c5
17720,17718,2,c1,c234,c234,c234,c234,c234,c234,c1,c1
17722,17720,1,c5,c1,c1,c1,c1,c1,c1,c1,c1
17723,17721,2,c234,c5,c5,c5,c5,c234,c5,c5,c1
17724,17722,3,c234,c1,c1,c1,c1,c5,c1,c1,c5
17725,17723,1,c234,c1,c1,c1,c1,c1,c1,c1,c1
17727,7000,2,c5,c5,c5,c5,c5,c5,c5,c5,c5
17728,17726,3,c234,c1,c1,c234,c1,c5,c1,c234,c5
17729,17727,1,c5,c1,c1,c1,c1,c1,c1,c1,c1
17730,17728,2,c234,c5,c5,c234,c5,c5,c5,c5,c5
17731,17729,3,c1,c1,c1,c1,c1,c1,c1,c1,c1
17733,3842,2,c234,c234,c234,c234,c234,c234,c234,c234,c234
17734,17732,3,c234,c234,c234,c234,c234,c234,c234,c5,c234
17735,17733,1,c1,c234,c234,c5,c234,c234,c234,c5,c5
17736,17734,2,c1,c1,c1,c1,c1,c1,c1,c1,c1
17737,17735,1,c234,c5,c5,c5,c5,c5,c5,c5,c5
17738,17736,3,c1,c1,c1,c1,c1,c1,c1,c1,c1
17739,7,3,c5,c1,c5,c1,c1,c5,c1,c5,c5
17740,17738,2,c5,c5,c5,c5,c5,c5,c5,c5,c5
17741,94,1,c1,c234,c234,c234,c234,c234,c234,c1,c234
17742,17740,3,c234,c234,c234,c234,c234,c234,c234,c234,c234
17745,17743,2,c1,c5,c5,c5,c5,c5,c5,c5,c5
17746,17744,1,c5,c5,c5,c5,c5,c5,c5,c5,c234
17748,2898,3,c5,c234,c234,c234,c234,c1,c234,c234,c1
17749,17747,1,c234,c234,c234,c234,c234,c5,c234,c234,c5
17750,17748,2,c1,c234,c234,c234,c234,c234,c234,c234,c234
17751,17749,3,c234,c234,c234,c234,c234,c234,c234,c234,c234
17752,17750,1,c1,c5,c5,c5,c5,c1,c5,c5,c1
17754,17752,2,c5,c1,c1,c1,c1,c5,c1,c1,c5
17755,17753,1,c1,c5,c5,c5,c5,c5,c5,c5,c5
17756,17754,3,c234,c5,c5,c5,c5,c5,c5,c5,c5
17758,17756,2,c5,c5,c5,c5,c5,c5,c5,c5,c5
17759,946,1,c234,c5,c1,c5,c1,c5,c5,c1,c5
17760,2344,1,c1,c1,c1,c1,c1,c1,c1,c1,c1
17761,6492,2,c234,c5,c5,c5,c5,c5,c5,c5,c5
17762,7,3,c5,c5,c5,c5,c5,c5,c5,c5,c5
17763,17761,1,c234,c1,c1,c234,c1,c234,c1,c1,c234
17764,17762,3,c1,c234,c234,c234,c234,c234,c234,c234,c234
17766,17764,2,c5,c5,c5,c5,c5,c234,c5,c5,c234
17768,17766,3,c1,c5,c5,c5,c5,c5,c5,c5,c5
17769,17767,2,c5,c1,c1,c1,c1,c1,c1,c1,c1
17770,17768,1,c234,c5,c5,c5,c5,c5,c5,c5,c5
17771,17769,3,c234,c5,c5,c234,c5,c5,c5,c234,c5
17772,557,1,c234,c1,c1,c1,c1,c1,c1,c1,c1
17773,10663,1,c234,c1,c1,c1,c1,c1,c1,c1,c1
17774,17772,1,c5,c5,c5,c5,c5,c5,c5,c5,c5
17776,17774,2,c5,c5,c5,c5,c5,c5,c5,c5,c5
17778,17776,3,c234,c5,c5,c234,c5,c234,c5,c1,c1
17779,17777,3,c234,c234,c234,c234,c234,c5,c234,c234,c5
17780,17778,1,c234,c234,c234,c234,c234,c234,c234,c234,c234
17782,17780,2,c5,c5,c5,c5,c5,c5,c5,c234,c234
17783,17781,2,c234,c1,c1,c1,c1,c1,c1,c1,c1
17784,17782,1,c1,c1,c1,c1,c1,c1,c1,c1,c1
17785,1033,3,c1,c234,c234,c234,c234,c5,c234,c234,c5
17786,17784,3,c234,c5,c5,c5,c5,c234,c5,c5,c5
17787,17785,1,c1,c234,c1,c1,c234,c234,c234,c1,c1
17788,17786,2,c5,c5,c5,c5,c5,c5,c5,c5,c5
17789,17787,3,c1,c1,c1,c5,c5,c5,c5,c234,c5
17790,17788,1,c234,c5,c5,c5,c5,c5,c5,c5,c5
17792,17790,3,c1,c234,c234,c234,c234,c5,c234,c234,c5
17793,17791,2,c234,c234,c5,c234,c234,c5,c234,c234,c5
17795,17793,1,c234,c5,c5,c5,c5,c5,c5,c234,c5
17796,1757,3,c1,c1,c1,c1,c1,c1,c1,c1,c1
17797,17795,2,c234,c5,c5,c5,c5,c234,c5,c5,c234
17798,17796,3,c5,c1,c1,c1,c1,c5,c1,c1,c234
17799,17797,1,c5,c5,c5,c5,c5,c5,c5,c5,c5
17801,17799,2,c5,c1,c1,c1,c1,c1,c1,c1,c234
17802,17800,3,c234,c5,c5,c234,c5,c5,c5,c234,c5
17803,17801,1,c5,c5,c5,c5,c5,c5,c5,c5,c5
17805,2114,3,c1,c234,c234,c1,c234,c1,c234,c1,c1
17806,3231,3,c1,c234,c5,c234,c234,c5,c234,c5,c5
17807,17805,2,c5,c5,c5,c5,c5,c5,c5,c5,c5
17808,17806,3,c5,c234,c234,c234,c234,c5,c234,c234,c5
17809,14021,1,c234,c1,c1,c1,c1,c1,c1,c1,c1
17810,17808,1,c234,c234,c234,c234,c234,c234,c234,c234,c5
17811,17809,2,c5,c5,c5,c5,c5,c5,c5,c5,c5
17812,17810,3,c5,c5,c5,c5,c5,c5,c5,c5,c5
17815,17813,1,c234,c1,c1,c1,c1,c1,c1,c1,c1
17816,17814,2,c5,c234,c234,c234,c234,c234,c234,c234,c234
17817,17815,3,c1,c234,c234,c234,c234,c5,c234,c234,c5
17818,17816,3,c5,c1,c1,c1,c1,c5,c1,c1,c1
17820,17818,1,c234,c5,c5,c5,c5,c5,c5,c5,c234
17821,17819,2,c234,c5,c5,c234,c234,c5,c5,c5,c5
17822,17820,1,c5,c234,c234,c234,c234,c234,c234,c234,c234
17823,17821,2,c1,c234,c234,c234,c234,c234,c234,c234,c234
17824,17822,1,c234,c5,c5,c234,c5,c234,c5,c234,c234
17826,17824,3,c5,c5,c5,c5,c5,c5,c5,c5,c5
17827,17825,2,c234,c1,c1,c1,c1,c1,c1,c1,c1
17828,17826,1,c5,c5,c5,c5,c5,c5,c5,c5,c5
17830,17828,3,c1,c234,c234,c234,c234,c234,c234,c234,c234
17831,17829,3,c1,c5,c5,c5,c5,c5,c5,c5,c234
17832,17830,2,c234,c234,c234,c234,c234,c234,c234,c234,c234
17833,17831,1,c5,c1,c1,c1,c1,c1,c1,c1,c1
17835,3908,3,c5,c5,c5,c5,c5,c5,c5,c5,c5
17836,17834,3,c1,c5,c5,c5,c1,c5,c1,c1,c5
17837,17835,1,c1,c1,c1,c1,c1,c5,c1,c1,c5
17838,17836,2,c1,c5,c5,c5,c5,c5,c5,c5,c5
17839,17837,2,c1,c5,c5,c5,c5,c5,c5,c5,c5
17840,7,3,c5,c5,c5,c5,c5,c5,c5,c5,c5
17841,17839,3,c234,c234,c234,c1,c234,c234,c234,c234,c234
17842,17840,1,c234,c1,c1,c1,c1,c234,c1,c1,c1
17844,7,3,c234,c5,c5,c5,c5,c5,c5,c5,c5
17845,17843,2,c1,c1,c1,c1,c1,c5,c1,c1,c5
17846,17844,3,c234,c234,c234,c234,c5,c234,c234,c234,c5
17848,17846,1,c1,c234,c234,c234,c234,c234,c234,c234,c234
17849,33,3,c1,c1,c1,c1,c1,c1,c1,c1,c1
17850,17848,2,c5,c5,c5,c5,c5,c5,c5,c5,c5
17851,17849,3,c5,c5,c5,c5,c5,c5,c5,c5,c5
17852,17850,2,c1,c5,c5,c5,c5,c5,c5,c5,c5
17853,17851,1,c5,c5,c5,c5,c5,c5,c5,c5,c5
17855,17853,3,c1,c1,c1,c1,c1,c234,c1,c1,c234
17856,3257,3,c1,c5,c5,c5,c5,c5,c5,c5,c5
17857,17855,1,c234,c234,c234,c234,c234,c234,c234,c234,c234
17858,17856,2,c1,c1,c1,c1,c1,c1,c1,c1,c1
17860,17858,3,c1,c234,c234,c234,c234,c234,c234,c234,c234
17861,17859,1,c1,c234,c234,c234,c234,c234,c234,c234,c234
17862,17860,2,c5,c234,c234,c234,c234,c5,c5,c234,c5
17863,17861,3,c5,c5,c5,c5,c5,c5,c5,c5,c5
17864,17862,1,c1,c1,c1,c1,c234,c234,c1,c234,c234
17865,17863,2,c234,c234,c234,c234,c234,c234,c234,c234,c234
17867,17865,3,c5,c234,c234,c234,c234,c5,c234,c234,c234
17870,17868,2,c5,c5,c5,c5,c5,c5,c5,c5,c5
17872,17870,1,c5,c5,c5,c5,c5,c5,c5,c5,c5
17873,17871,3,c1,c1,c1,c1,c1,c1,c1,c1,c1
17874,9125,1,c234,c234,c234,c234,c234,c234,c234,c234,c234
17875,17873,2,c5,c1,c1,c1,c1,c1,c1,c1,c1
17876,17874,1,c5,c234,c234,c234,c234,c234,c234,c234,c5
17877,17875,3,c1,c1,c1,c1,c1,c5,c1,c1,c5
17878,17876,1,c5,c5,c5,c5,c5,c5,c5,c5,c5
17879,819,2,c1,c1,c1,c1,c1,c1,c1,c1,c234
17881,17879,3,c5,c5,c5,c5,c5,c5,c5,c5,c5
17882,17880,2,c5,c1,c1,c1,c1,c1,c1,c1,c1
17883,17881,1,c234,c5,c5,c5,c5,c5,c5,c5,c5
17885,17883,3,c5,c5,c5,c5,c5,c5,c5,c5,c5
17886,17884,1,c234,c234,c234,c234,c5,c5,c5,c234,c5
17887,17885,3,c234,c234,c234,c234,c234,c5,c234,c234,c5
17889,17887,2,c5,c234,c234,c234,c234,c234,c234,c234,c234
17891,17889,2,c5,c234,c234,c234,c234,c234,c234,c5,c234
17892,17890,3,c5,c5,c5,c5,c5,c5,c5,c5,c5
17893,17891,1,c5,c234,c234,c234,c234,c234,c234,c234,c234
17894,17892,3,c5,c5,c5,c234,c5,c5,c5,c234,c5
17896,17894,2,c234,c234,c234,c234,c234,c234,c234,c234,c234
17897,675,1,c234,c1,c1,c5,c1,c1,c1,c1,c1
17898,271,1,c1,c1,c1,c1,c1,c1,c1,c1,c1
17900,17898,1,c1,c234,c234,c234,c234,c234,c234,c234,c234
17902,17900,2,c5,c234,c234,c234,c234,c234,c234,c234,c234
17903,107,1,c5,c234,c234,c1,c234,c5,c234,c1,c5
17905,17903,1,c5,c1,c1,c1,c1,c1,c1,c1,c1
17906,271,1,c234,c1,c1,c1,c1,c1,c1,c1,c1
17907,6800,1,c234,c1,c1,c1,c1,c1,c1,c5,c1
17908,17906,3,c1,c5,c5,c5,c5,c5,c5,c5,c5
17909,17907,2,c1,c1,c1,c1,c1,c1,c1,c1,c1
17910,17908,1,c5,c1,c1,c1,c1,c234,c1,c1,c234
17912,17910,2,c234,c234,c234,c234,c234,c234,c234,c234,c234
17913,1755,1,c1,c1,c1,c1,c1,c1,c1,c1,c1
17914,17912,3,c1,c1,c1,c1,c1,c5,c1,c1,c5
17915,17913,1,c5,c234,c234,c234,c234,c234,c234,c234,c234
17916,3978,3,c234,c234,c234,c234,c234,c234,c234,c234,c234
17917,17915,2,c5,c234,c234,c234,c234,c234,c234,c234,c234
17918,1914,3,c234,c234,c234,c234,c5,c5,c234,c234,c5
17920,17918,3,c5,c234,c234,c234,c234,c1,c234,c234,c234
17921,7,3,c5,c5,c5,c5,c5,c5,c5,c5,c5
17922,843,3,c5,c1,c1,c1,c1,c5,c1,c1,c5
17923,17921,1,c1,c234,c234,c234,c234,c234,c234,c234,c234
17924,17922,2,c234,c234,c234,c234,c234,c5,c234,c234,c5
17925,107,1,c5,c1,c1,c1,c1,c5,c1,c1,c5
17926,17924,3,c234,c5,c5,c5,c5,c5,c5,c5,c234
17927,13469,3,c1,c234,c234,c234,c234,c234,c234,c234,c234
17929,17927,1,c234,c234,c234,c234,c234,c234,c234,c234,c234
17930,17928,3,c234,c5,c5,c5,c5,c5,c5,c5,c1
17932,17930,2,c5,c5,c5,c5,c234,c234,c5,c234,c234
17933,17931,1,c5,c1,c1,c234,c1,c1,c1,c1,c1
17934,17932,2,c5,c5,c1,c1,c5,c5,c1,c1,c5
17935,17933,2,c234,c234,c234,c1,c234,c234,c234,c1,c234
17936,17934,3,c234,c1,c234,c1,c234,c1,c1,c1,c1
17937,17935,1,c1,c5,c5,c5,c5,c5,c5,c5,c5
17938,17936,1,c234,c234,c234,c234,c234,c234,c234,c234,c5
17939,3260,1,c234,c1,c1,c1,c1,c1,c1,c1,c1
17940,17938,3,c5,c5,c5,c5,c5,c5,c5,c5,c5
17942,17940,1,c234,c234,c234,c234,c234,c234,c234,c234,c234
17943,17941,2,c5,c5,c5,c5,c5,c5,c5,c5,c5
17944,17942,3,c1,c5,c5,c5,c234,c5,c5,c5,c5
17945,17943,1,c234,c5,c5,c5,c5,c234,c5,c5,c234
17946,331,2,c5,c234,c234,c234,c234,c5,c234,c234,c5
17948,17946,2,c234,c5,c5,c5,c234,c5,c5,c5,c5
17949,17947,3,c1,c5,c5,c5,c5,c5,c5,c5,c5
17951,17949,3,c1,c234,c234,c5,c234,c5,c234,c5,c5
17952,755,2,c1,c1,c1,c1,c1,c1,c1,c1,c1
17953,17951,2,c1,c5,c5,c5,c5,c5,c5,c5,c5
17954,17952,1,c234,c5,c5,c5,c5,c5,c5,c5,c5
17955,17953,3,c1,c1,c1,c234,c234,c234,c1,c234,c234
17957,17955,1,c1,c1,c1,c1,c1,c1,c1,c1,c5
17958,17956,2,c5,c5,c5,c5,c5,c5,c5,c5,c5
17959,17957,3,c234,c5,c5,c5,c5,c5,c5,c5,c5
17960,36,2,c5,c5,c5,c5,c5,c5,c5,c5,c5
17961,16,1,c1,c1,c1,c1,c1,c1,c1,c1,c1
17963,17961,1,c1,c5,c5,c5,c5,c5,c5,c5,c5
17964,17962,2,c1,c5,c5,c5,c5,c5,c5,c5,c5
17965,17714,1,c234,c234,c234,c234,c234,c234,c234,c234,c234
17966,271,1,c234,c1,c1,c1,c1,c1,c1,c1,c1
17967,17965,3,c234,c234,c234,c1,c234,c234,c234,c234,c234
17968,17966,1,c234,c5,c5,c5,c5,c5,c5,c5,c5
17970,17968,2,c1,c234,c234,c234,c234,c234,c234,c234,c234
17971,17969,2,c5,c5,c5,c5,c5,c5,c5,c5,c5
17973,17971,3,c5,c234,c1,c1,c1,c5,c234,c1,c5
17974,17972,3,c234,c1,c1,c1,c1,c1,c1,c1,c1
17975,17973,1,c234,c234,c234,c234,c234,c234,c234,c234,c234
17976,1458,1,c234,c5,c1,c5,c5,c5,c5,c1,c1
17977,17975,2,c1,c1,c1,c1,c1,c1,c1,c1,c1
17978,17976,3,c234,c1,c1,c1,c1,c1,c1,c1,c1
17980,17978,1,c234,c1,c1,c1,c1,c1,c1,c1,c1
17982,17980,2,c5,c234,c234,c234,c234,c234,c234,c234,c234
17983,17981,3,c234,c234,c234,c234,c234,c234,c234,c234,c234
17984,438,1,c1,c1,c1,c1,c1,c5,c1,c1,c5
17985,271,1,c1,c1,c1,c1,c1,c1,c1,c1,c1
17986,17984,1,c234,c1,c1,c1,c1,c1,c1,c1,c1
17987,17985,3,c1,c234,c234,c5,c234,c234,c234,c5,c234
17988,14854,2,c5,c5,c5,c5,c5,c5,c5,c5,c5
17989,17987,2,c5,c5,c5,c5,c5,c5,c5,c5,c5
17990,1212,3,c1,c1,c1,c1,c1,c1,c1,c1,c1
17991,17989,3,c5,c5,c5,c5,c5,c5,c5,c5,c5
17993,17991,1,c234,c5,c5,c5,c5,c5,c5,c5,c5
17994,16,1,c234,c1,c1,c1,c1,c1,c1,c1,c1
17995,17993,3,c5,c234,c1,c1,c1,c234,c234,c1,c1
17996,17441,3,c1,c1,c1,c1,c1,c1,c1,c1,c1
17997,6879,3,c234,c1,c1,c1,c1,c234,c1,c1,c234
17998,107,1,c1,c1,c1,c1,c1,c5,c1,c1,c5
17999,1952,2,c234,c5,c5,c5,c5,c5,c5,c5,c5
18000,17998,2,c1,c234,c234,c1,c234,c234,c234,c1,c5
18001,17999,1,c1,c234,c234,c234,c234,c234,c234,c234,c234
18002,18000,2,c234,c5,c5,c5,c5,c5,c5,c5,c5
18004,18002,1,c5,c234,c234,c234,c234,c5,c234,c234,c5
18005,18003,2,c1,c234,c234,c234,c234,c234,c234,c234,c234
18006,6894,3,c1,c1,c1,c1,c1,c1,c1,c1,c1
18007,18005,3,c5,c5,c5,c5,c5,c5,c5,c5,c5
18008,18006,1,c1,c1,c1,c1,c1,c1,c1,c1,c1
18009,8206,3,c234,c234,c234,c234,c1,c234,c234,c234,c234
18011,18009,2,c5,c234,c234,c234,c234,c234,c234,c234,c234
18012,3394,3,c234,c234,c234,c234,c234,c1,c234,c234,c1
18013,413,3,c1,c1,c1,c1,c1,c1,c1,c1,c1
18014,18012,3,c1,c234,c234,c234,c234,c5,c234,c234,c5
18015,18013,1,c1,c5,c5,c5,c5,c5,c5,c5,c5
18016,18014,2,c5,c5,c5,c234,c5,c5,c234,c5,c234
18017,2365,3,c234,c1,c234,c234,c234,c234,c1,c234,c234
18018,18016,3,c1,c1,c1,c5,c1,c5,c1,c5,c234
18019,18017,1,c5,c5,c5,c5,c5,c5,c5,c5,c5
18021,18019,2,c1,c5,c5,c5,c5,c5,c5,c5,c5
18022,18020,2,c1,c234,c234,c234,c234,c234,c234,c234,c234
18024,18022,3,c1,c234,c234,c234,c234,c234,c234,c234,c234
18025,18023,3,c5,c5,c5,c5,c5,c5,c5,c5,c5
18026,18024,3,c5,c5,c5,c5,c5,c5,c5,c234,c5
18027,18025,1,c234,c5,c5,c5,c5,c5,c5,c5,c5
18029,18027,1,c1,c1,c1,c1,c1,c5,c1,c1,c1
18030,18028,2,c5,c234,c234,c234,c234,c5,c234,c234,c5
18031,18029,3,c5,c5,c5,c1,c5,c5,c5,c1,c5
18033,3677,3,c1,c234,c234,c234,c234,c234,c234,c234,c234
18034,18032,1,c1,c1,c1,c1,c1,c1,c1,c1,c1
18035,18033,2,c5,c5,c5,c5,c5,c5,c5,c5,c5
18036,13230,3,c1,c234,c234,c234,c234,c1,c234,c234,c234
18037,171,2,c1,c234,c234,c234,c234,c234,c234,c234,c1
18038,18036,3,c5,c1,c1,c234,c1,c1,c1,c1,c1
18040,18038,2,c1,c234,c234,c234,c234,c234,c234,c234,c234
18041,18039,1,c1,c5,c5,c5,c5,c5,c5,c5,c5
18042,18040,3,c5,c5,c5,c5,c5,c5,c5,c5,c5
18044,18042,1,c1,c1,c1,c1,c1,c5,c1,c1,c5
18045,18043,3,c234,c234,c234,c234,c234,c234,c234,c234,c234
18046,18044,2,c5,c5,c5,c5,c5,c234,c5,c5,c234
18047,18045,1,c1,c1,c1,c1,c1,c5,c1,c1,c5
18048,18046,2,c234,c5,c5,c5,c5,c5,c5,c5,c5
18050,474,3,c234,c5,c5,c5,c5,c5,c5,c5,c5
18051,18049,3,c1,c1,c1,c1,c1,c1,c1,c1,c1
18052,1114,1,c5,c1,c1,c1,c1,c1,c1,c1,c1
18053,18051,3,c5,c5,c5,c5,c5,c5,c5,c5,c5
18054,18052,1,c5,c5,c5,c5,c5,c5,c5,c5,c5
18055,18053,2,c5,c1,c1,c234,c1,c5,c1,c1,c5
18058,18056,3,c1,c234,c234,c234,c234,c234,c234,c234,c5
18059,18057,3,c5,c234,c234,c234,c234,c234,c234,c234,c234
18060,18058,1,c1,c5,c5,c5,c5,c5,c5,c5,c5
18061,18059,2,c234,c5,c5,c5,c5,c5,c5,c5,c5
18062,18060,1,c5,c5,c5,c5,c5,c5,c5,c5,c5
18063,18061,3,c1,c5,c5,c5,c5,c5,c5,c5,c5
18064,18062,1,c1,c1,c1,c5,c1,c234,c1,c5,c5
18065,18063,2,c5,c234,c234,c5,c234,c5,c234,c5,c5
18067,18065,3,c5,c234,c234,c234,c234,c234,c234,c234,c234
18069,9535,2,c5,c5,c5,c5,c5,c5,c5,c5,c5
18070,18068,2,c234,c1,c1,c5,c234,c234,c1,c234,c234
18072,18070,1,c234,c1,c1,c234,c1,c1,c1,c1,c1
18073,18071,2,c234,c234,c234,c234,c234,c234,c234,c234,c234
18075,18073,1,c5,c234,c234,c234,c234,c234,c234,c234,c234
18076,18074,1,c234,c234,c234,c234,c234,c234,c234,c234,c5
18078,3484,1,c1,c1,c1,c1,c1,c1,c1,c1,c1
18079,18077,1,c234,c1,c1,c1,c1,c5,c1,c1,c5
18080,18078,3,c5,c234,c234,c234,c234,c234,c234,c234,c234
18081,107,1,c1,c1,c1,c1,c1,c5,c1,c1,c5
18082,18080,2,c5,c234,c234,c234,c234,c234,c234,c1,c1
18083,2914,3,c5,c5,c5,c5,c5,c5,c5,c5,c5
18084,18082,2,c1,c234,c234,c234,c234,c234,c234,c234,c234
18085,3202,1,c5,c5,c5,c5,c5,c5,c5,c5,c5
18086,18084,3,c234,c5,c5,c5,c5,c5,c5,c5,c5
18087,107,1,c234,c1,c1,c1,c1,c5,c1,c1,c5
18088,18086,1,c234,c234,c234,c234,c234,c234,c234,c234,c5
18089,18087,2,c5,c5,c5,c5,c5,c5,c5,c5,c5
18090,18088,3,c5,c234,c1,c234,c234,c234,c234,c1,c1
18092,3978,3,c234,c234,c234,c234,c234,c234,c234,c234,c234
18093,18091,1,c234,c5,c5,c5,c5,c234,c5,c5,c234
18094,18092,2,c5,c234,c234,c234,c5,c234,c5,c5,c5
18095,18093,3,c1,c1,c1,c1,c1,c5,c1,c1,c1
18097,18095,1,c234,c5,c5,c5,c5,c5,c5,c5,c234
18098,668,1,c1,c234,c234,c234,c234,c234,c234,c234,c234
18099,755,2,c1,c1,c1,c1,c1,c1,c1,c1,c1
18100,18098,2,c1,c234,c234,c234,c234,c234,c234,c234,c234
18101,18099,2,c234,c1,c234,c1,c1,c1,c1,c234,c234
18102,4871,2,c5,c234,c5,c234,c234,c5,c234,c5,c5
18104,18102,3,c1,c1,c1,c1,c1,c1,c1,c234,c234
18105,18103,1,c1,c5,c5,c5,c5,c5,c5,c5,c5
18106,18104,3,c5,c5,c5,c5,c5,c5,c5,c5,c5
18107,18105,1,c234,c5,c5,c5,c5,c5,c5,c5,c5
18109,18107,2,c1,c234,c234,c234,c234,c234,c234,c234,c234
18110,5596,2,c1,c234,c234,c234,c234,c234,c234,c234,c234
18111,11578,1,c1,c1,c1,c1,c1,c1,c1,c1,c1
18113,3297,1,c234,c234,c5,c234,c234,c5,c234,c5,c5
18114,18112,1,c1,c234,c234,c234,c234,c5,c234,c234,c5
18116,18114,3,c5,c234,c234,c234,c234,c234,c234,c234,c234
18117,18115,3,c5,c1,c1,c1,c1,c5,c1,c1,c1
18118,18116,2,c1,c1,c1,c1,c1,c1,c1,c1,c1
18120,18118,3,c234,c5,c5,c5,c5,c5,c5,c5,c5
18121,18119,3,c1,c234,c234,c234,c234,c234,c234,c234,c234
18122,18120,1,c234,c234,c234,c234,c1,c5,c234,c234,c5
18123,18121,2,c5,c5,c5,c5,c5,c5,c5,c5,c5
18124,18122,2,c1,c5,c5,c5,c5,c5,c5,c5,c5
18126,18124,1,c5,c234,c234,c234,c234,c234,c234,c234,c234
18127,2765,2,c1,c1,c1,c1,c1,c1,c1,c1,c1
18128,18126,3,c234,c5,c5,c5,c1,c5,c5,c1,c1
18129,18127,2,c5,c5,c5,c5,c5,c5,c5,c5,c5
18131,18129,1,c5,c5,c5,c5,c5,c5,c5,c5,c5
18132,452,3,c234,c234,c234,c234,c234,c234,c234,c234,c234
18133,18131,1,c5,c5,c5,c5,c5,c5,c5,c5,c5
18134,18132,2,c5,c5,c5,c5,c5,c5,c5,c5,c5
18135,1864,2,c1,c1,c1,c1,c1,c1,c1,c1,c1
18136,1020,2,c234,c1,c234,c1,c1,c5,c1,c1,c1
18137,18135,3,c1,c5,c5,c5,c1,c5,c5,c1,c5
18139,18137,3,c1,c1,c1,c1,c1,c1,c1,c1,c1
18140,18138,1,c1,c5,c5,c5,c5,c5,c5,c5,c5
18141,24,3,c5,c5,c234,c5,c5,c5,c5,c5,c5
18142,18140,3,c5,c5,c5,c5,c5,c234,c5,c5,c234
18143,18141,2,c5,c5,c5,c5,c5,c5,c5,c5,c5
18144,18142,1,c5,c5,c5,c5,c5,c5,c5,c5,c5
18145,13699,1,c234,c1,c1,c1,c1,c234,c1,c234,c234
18146,18144,2,c5,c5,c5,c5,c234,c5,c5,c5,c234
18148,18146,3,c234,c1,c1,c1,c1,c1,c1,c1,c1
18149,18147,3,c5,c5,c5,c5,c5,c5,c5,c5,c5
18150,18148,2,c1,c5,c5,c5,c1,c5,c5,c5,c5
18152,16,1,c5,c1,c1,c1,c1,c1,c1,c1,c1
18153,18151,1,c234,c5,c5,c5,c5,c5,c5,c5,c5
18154,18152,3,c5,c5,c5,c5,c5,c5,c5,c5,c5
18155,18153,1,c234,c1,c1,c1,c1,c234,c1,c1,c234
18156,18154,2,c234,c5,c5,c5,c5,c5,c5,c5,c5
18157,36,2,c1,c5,c5,c5,c5,c5,c5,c5,c5
18159,18157,3,c234,c5,c5,c5,c5,c5,c5,c5,c5
18160,18158,1,c5,c234,c234,c234,c234,c234,c234,c234,c234
18161,18159,3,c234,c234,c234,c234,c234,c234,c234,c234,c234
18162,18160,2,c5,c5,c5,c5,c5,c5,c5,c5,c5
18164,36,2,c5,c5,c5,c5,c5,c5,c5,c5,c5
18165,18163,2,c234,c1,c1,c234,c1,c1,c1,c234,c234
18166,18164,1,c234,c234,c234,c234,c234,c234,c234,c234,c234
18167,18165,3,c1,c1,c234,c1,c1,c234,c1,c234,c234
18169,18167,1,c234,c234,c234,c234,c234,c234,c234,c234,c234
18170,513,2,c1,c234,c5,c234,c234,c5,c234,c5,c5
18171,18169,3,c234,c5,c5,c5,c5,c5,c5,c5,c5
18172,18170,2,c234,c5,c5,c5,c5,c5,c5,c5,c5
18173,18171,1,c1,c1,c1,c1,c1,c1,c1,c1,c1
18174,18172,3,c234,c1,c1,c1,c1,c1,c1,c1,c1
18175,18173,1,c1,c5,c5,c5,c5,c5,c5,c5,c5
18177,18175,2,c234,c1,c1,c1,c1,c1,c1,c1,c1
18178,18176,2,c5,c234,c234,c234,c234,c234,c234,c234,c234
18179,18177,3,c1,c5,c5,c5,c5,c5,c5,c5,c5
18181,309,1,c234,c234,c234,c234,c234,c5,c234,c234,c5
18182,18180,1,c1,c5,c5,c5,c5,c5,c5,c5,c5
18183,18181,3,c234,c5,c1,c5,c5,c1,c5,c5,c1
18184,18182,1,c1,c234,c234,c234,c234,c234,c234,c234,c234
18185,18183,3,c5,c5,c5,c5,c5,c5,c5,c5,c5
18186,18184,1,c1,c234,c234,c234,c234,c234,c234,c234,c234
18188,18186,1,c234,c234,c234,c234,c234,c234,c234,c234,c234
18189,18187,1,c1,c234,c234,c5,c5,c5,c5,c5,c5
18190,18188,2,c5,c5,c5,c5,c5,c5,c5,c5,c5
18192,18190,3,c234,c5,c5,c5,c5,c5,c5,c5,c1
18196,18194,1,c5,c1,c1,c1,c1,c234,c1,c1,c234
18198,166,2,c234,c1,c1,c1,c1,c1,c1,c1,c1
18199,18197,1,c5,c234,c234,c234,c234,c234,c234,c234,c234
18200,18198,2,c1,c1,c234,c1,c1,c5,c1,c234,c5
18201,18199,3,c234,c5,c5,c5,c5,c5,c5,c5,c5
18202,7,3,c234,c5,c5,c5,c5,c5,c5,c5,c5
18204,18202,2,c5,c5,c5,c5,c5,c5,c5,c5,c234
18205,18203,3,c5,c1,c1,c1,c1,c1,c1,c1,c1
18206,7,3,c234,c1,c5,c1,c1,c5,c1,c5,c5
18207,18205,1,c5,c1,c1,c1,c1,c1,c1,c1,c1
18209,18207,2,c1,c1,c1,c1,c1,c1,c1,c1,c1
18210,10505,2,c234,c1,c1,c1,c1,c234,c1,c1,c1
18212,1085,1,c1,c1,c1,c234,c234,c1,c1,c1,c1
18213,18211,1,c5,c5,c5,c5,c5,c5,c5,c5,c5
18214,18212,1,c5,c5,c5,c5,c5,c5,c5,c5,c5
18215,18213,3,c234,c5,c5,c5,c5,c5,c5,c5,c5
18216,2114,3,c1,c1,c1,c1,c1,c1,c1,c1,c1
18217,18215,3,c1,c234,c234,c234,c234,c234,c234,c234,c234
18218,18216,3,c234,c5,c5,c234,c5,c5,c5,c234,c5
18219,16,1,c234,c1,c1,c1,c1,c1,c1,c1,c1
18220,18218,2,c5,c1,c1,c1,c1,c1,c1,c1,c1
18222,18220,1,c1,c5,c5,c234,c234,c5,c5,c234,c5
18223,18221,3,c1,c5,c5,c5,c5,c5,c5,c5,c5
18224,284,3,c1,c5,c5,c1,c5,c5,c5,c1,c5
18225,18223,1,c234,c1,c1,c234,c1,c234,c1,c234,c234
18226,18224,2,c234,c1,c234,c234,c1,c234,c1,c234,c234
18228,18226,2,c1,c1,c1,c1,c1,c1,c1,c1,c1
18229,18227,3,c5,c5,c5,c5,c5,c5,c5,c5,c5
18230,18228,1,c1,c1,c1,c1,c1,c1,c1,c1,c1
18232,18230,2,c1,c1,c1,c5,c1,c1,c1,c1,c5
18233,18231,3,c5,c1,c1,c1,c1,c1,c1,c1,c1
18235,18233,2,c234,c234,c234,c234,c234,c234,c234,c234,c234
18236,18234,3,c5,c5,c5,c5,c5,c5,c5,c5,c5
18237,18235,1,c5,c5,c5,c5,c5,c5,c5,c5,c5
18238,18236,1,c1,c234,c234,c234,c1,c5,c234,c234,c5
18239,18237,2,c1,c234,c234,c234,c234,c234,c234,c1,c1
18240,18238,1,c5,c5,c5,c5,c5,c5,c5,c5,c5
18242,16,1,c234,c1,c1,c1,c1,c1,c1,c1,c1
18243,581,3,c1,c1,c1,c1,c1,c1,c1,c1,c1
18244,7,3,c1,c5,c5,c5,c5,c5,c5,c5,c5
18245,18243,2,c234,c1,c1,c1,c1,c1,c1,c1,c1
18247,18245,3,c1,c234,c234,c234,c5,c5,c234,c5,c5
18248,16,1,c234,c1,c1,c1,c1,c1,c1,c1,c1
18249,18247,3,c234,c5,c5,c5,c5,c5,c5,c5,c5
18250,18248,1,c1,c5,c5,c5,c5,c5,c5,c5,c5
18251,194,1,c234,c1,c1,c1,c1,c5,c1,c5,c5
18252,7,3,c234,c5,c5,c5,c5,c5,c5,c5,c5
18253,3584,1,c234,c234,c1,c234,c234,c1,c234,c234,c1
18254,1020,2,c5,c1,c234,c1,c1,c5,c1,c1,c1
18255,12142,3,c1,c234,c234,c234,c234,c1,c234,c234,c1
18256,178,2,c1,c1,c1,c1,c1,c1,c1,c1,c1
18257,18255,2,c5,c5,c5,c5,c5,c5,c5,c5,c5
18258,650,2,c1,c1,c1,c1,c1,c5,c1,c1,c1
18259,18257,3,c234,c1,c1,c234,c234,c234,c1,c234,c234
18260,18258,1,c5,c1,c1,c1,c1,c234,c1,c1,c1
18262,18260,2,c5,c234,c234,c234,c234,c234,c234,c234,c234
18264,18262,3,c234,c5,c5,c5,c5,c5,c5,c5,c5
18266,18264,1,c1,c5,c5,c5,c5,c5,c5,c5,c5
18267,18265,2,c234,c5,c5,c5,c5,c5,c5,c5,c5
18268,3887,1,c234,c5,c5,c5,c5,c5,c5,c5,c5
18269,18267,1,c234,c5,c5,c5,c5,c5,c5,c5,c5
18270,18268,3,c5,c234,c234,c234,c234,c234,c234,c234,c234
18271,2366,3,c234,c1,c1,c1,c1,c1,c1,c1,c1
18272,18270,3,c1,c234,c234,c234,c234,c5,c234,c234,c5
18273,271,1,c234,c1,c1,c1,c1,c1,c1,c1,c1
18274,18272,2,c1,c5,c5,c5,c5,c5,c5,c5,c5
18275,18273,1,c5,c1,c1,c234,c1,c234,c1,c234,c234
18277,18275,2,c234,c234,c1,c234,c234,c234,c1,c1,c1
18278,274,3,c234,c1,c1,c1,c1,c1,c1,c1,c1
18279,2906,2,c5,c5,c5,c5,c5,c5,c5,c5,c5
18281,18279,3,c234,c1,c1,c1,c1,c1,c1,c1,c1
18282,18280,1,c5,c5,c5,c5,c5,c5,c5,c5,c5
18283,18281,3,c234,c1,c1,c234,c1,c5,c234,c1,c1
18284,1239,3,c1,c5,c5,c5,c5,c5,c5,c5,c5
18285,18283,2,c5,c5,c5,c5,c5,c5,c5,c5,c5
18287,18285,3,c5,c234,c234,c234,c234,c234,c234,c234,c234
18288,18286,1,c5,c5,c5,c5,c5,c5,c5,c5,c5
18289,18287,1,c5,c1,c1,c1,c1,c1,c1,c1,c1
18290,18288,2,c234,c5,c5,c5,c5,c5,c5,c5,c5
18291,18289,3,c5,c234,c234,c234,c234,c234,c234,c234,c234
18292,18290,1,c1,c234,c234,c234,c234,c234,c234,c234,c234
18293,18291,3,c234,c5,c5,c5,c5,c5,c5,c5,c5
18295,18293,2,c5,c234,c234,c234,c234,c234,c234,c234,c234
18296,14584,2,c234,c1,c1,c1,c1,c1,c1,c1,c5
18298,18296,1,c5,c1,c1,c1,c1,c5,c1,c1,c5
18299,18297,3,c5,c5,c5,c5,c5,c5,c5,c5,c5
18300,7,3,c5,c5,c5,c5,c5,c5,c5,c5,c5
18301,17663,3,c234,c5,c5,c5,c5,c5,c5,c5,c5
18302,18300,2,c234,c1,c1,c1,c1,c1,c1,c1,c1
18304,18302,1,c234,c5,c5,c5,c5,c234,c5,c5,c234
18305,18303,2,c1,c5,c5,c5,c5,c234,c5,c5,c234
18306,18304,3,c1,c234,c234,c234,c234,c5,c234,c234,c5
18307,1327,3,c234,c1,c1,c1,c1,c1,c1,c1,c1
18308,18306,1,c1,c1,c1,c1,c1,c234,c1,c1,c234
18309,18307,3,c234,c5,c5,c5,c5,c234,c5,c5,c234
18310,18308,2,c5,c5,c5,c5,c5,c234,c5,c5,c1
18311,18309,3,c234,c234,c234,c5,c234,c234,c234,c234,c234
18312,18310,1,c234,c5,c5,c5,c5,c5,c5,c5,c5
18314,18312,2,c5,c5,c5,c5,c5,c234,c5,c5,c234
18317,18315,3,c5,c1,c1,c1,c1,c1,c1,c1,c5
18318,18316,1,c1,c234,c234,c234,c234,c234,c234,c234,c234
18319,18317,2,c234,c5,c5,c5,c5,c5,c5,c5,c5
18320,18318,2,c234,c234,c234,c234,c234,c234,c234,c234,c234
18321,18319,1,c234,c234,c234,c234,c234,c234,c234,c234,c5
18322,18320,1,c234,c5,c5,c5,c5,c5,c5,c5,c5
18323,18321,2,c234,c5,c5,c5,c5,c5,c5,c5,c5
18324,18322,3,c234,c234,c234,c234,c234,c234,c234,c234,c234
18325,2538,1,c5,c234,c234,c234,c234,c5,c234,c234,c5
18326,18324,1,c5,c5,c5,c5,c5,c5,c5,c5,c5
18328,18326,2,c5,c5,c5,c5,c5,c5,c5,c5,c5
18329,18327,2,c1,c234,c234,c234,c234,c234,c234,c234,c234
18330,18328,3,c1,c5,c5,c5,c5,c5,c5,c5,c5
18331,1249,2,c234,c234,c234,c234,c234,c5,c234,c234,c234
18332,18330,3,c1,c1,c1,c1,c1,c1,c1,c1,c1
18333,18331,1,c1,c234,c234,c234,c234,c234,c234,c234,c234
18334,18332,2,c5,c5,c5,c5,c5,c5,c5,c5,c5
18335,18333,2,c234,c5,c5,c5,c5,c5,c5,c5,c5
18336,675,1,c234,c5,c1,c5,c5,c1,c5,c1,c1
18337,18335,1,c5,c234,c234,c234,c234,c234,c234,c234,c234
18339,18337,3,c1,c1,c1,c1,c1,c1,c1,c1,c1
18340,1212,3,c1,c1,c1,c1,c1,c1,c1,c1,c1
18341,18339,1,c234,c5,c5,c5,c5,c5,c5,c5,c234
18343,18341,2,c234,c234,c234,c234,c234,c234,c234,c234,c234
18344,18342,3,c1,c5,c5,c5,c5,c5,c5,c5,c5
18345,18343,2,c1,c1,c1,c1,c1,c5,c1,c1,c5
18346,36,2,c234,c5,c5,c5,c5,c5,c5,c5,c5
18347,18345,3,c5,c234,c234,c5,c5,c5,c234,c234,c5
18349,18347,1,c5,c5,c5,c5,c5,c5,c5,c5,c5
18350,18348,3,c5,c234,c234,c234,c5,c234,c234,c5,c5
18351,18349,2,c5,c5,c5,c5,c5,c5,c5,c5,c5
18352,18350,1,c5,c5,c5,c5,c5,c5,c5,c5,c5
18354,18352,3,c1,c5,c5,c5,c5,c5,c5,c5,c5
18355,18353,2,c5,c5,c5,c5,c5,c5,c5,c5,c5
18356,18354,3,c234,c1,c1,c1,c1,c5,c1,c1,c5
18357,3258,2,c5,c5,c5,c1,c5,c5,c5,c5,c5
18359,18357,1,c234,c5,c5,c5,c5,c5,c5,c5,c5
18360,18358,2,c1,c1,c1,c1,c1,c5,c1,c1,c1
18361,18359,1,c234,c5,c5,c5,c5,c5,c5,c5,c234
18363,18361,1,c234,c234,c234,c234,c234,c234,c234,c234,c234
18364,18362,2,c234,c5,c5,c5,c5,c5,c5,c5,c5
18365,18363,3,c234,c5,c5,c5,c5,c1,c5,c5,c5
18366,177,1,c1,c234,c234,c234,c234,c234,c234,c234,c234
18367,18365,2,c234,c1,c1,c1,c1,c1,c1,c1,c1
18368,18366,2,c5,c5,c5,c5,c5,c234,c5,c5,c234
18370,18368,3,c234,c234,c234,c234,c234,c234,c234,c234,c234
18371,18369,1,c5,c5,c5,c5,c5,c5,c5,c5,c5
18372,18370,1,c234,c5,c5,c5,c5,c5,c5,c5,c5
18373,18371,3,c234,c1,c1,c1,c1,c1,c1,c1,c1
18374,4697,2,c1,c5,c5,c5,c5,c5,c5,c5,c5
18375,2951,1,c1,c234,c5,c234,c234,c5,c234,c1,c5
18376,18374,2,c234,c1,c1,c1,c1,c1,c1,c1,c1
18377,1020,2,c5,c1,c234,c1,c1,c5,c1,c1,c1
18380,18378,3,c5,c1,c234,c1,c234,c234,c1,c234,c234
18382,18380,1,c1,c1,c1,c234,c1,c1,c1,c1,c1
18383,18381,1,c1,c1,c1,c1,c1,c234,c1,c1,c234
18384,18382,2,c5,c5,c5,c5,c5,c5,c5,c5,c5
18385,18383,3,c1,c5,c5,c5,c5,c5,c5,c5,c5
18386,18384,1,c1,c5,c5,c5,c1,c5,c5,c5,c5
18387,18385,2,c1,c1,c1,c1,c1,c5,c1,c1,c1
18388,18386,3,c234,c1,c1,c1,c1,c5,c1,c1,c1
18389,18387,2,c5,c5,c5,c5,c5,c5,c5,c5,c5
18390,18388,3,c234,c5,c5,c5,c5,c5,c5,c5,c5
18391,18389,1,c1,c234,c1,c234,c234,c234,c234,c1,c1
18393,14974,1,c1,c1,c1,c1,c1,c1,c1,c1,c1
18395,7212,1,c234,c234,c234,c234,c234,c234,c234,c234,c234
18396,18394,1,c5,c234,c234,c234,c234,c5,c234,c234,c234
18397,18395,1,c234,c5,c5,c5,c5,c5,c5,c5,c5
18398,18396,2,c234,c1,c1,c1,c1,c1,c1,c1,c1
18399,18397,3,c5,c5,c5,c5,c5,c5,c5,c5,c5
18400,18398,2,c234,c5,c5,c5,c5,c5,c5,c5,c5
18401,178,2,c1,c1,c1,c1,c1,c1,c1,c1,c1
18403,18401,3,c5,c234,c234,c234,c234,c234,c234,c234,c234
18404,271,1,c1,c1,c1,c1,c1,c1,c1,c1,c1
18405,240,1,c5,c234,c234,c234,c234,c1,c234,c1,c1
18406,18404,1,c5,c1,c1,c1,c1,c1,c1,c1,c1
18408,18406,2,c234,c5,c5,c5,c5,c5,c5,c5,c5
18409,18407,3,c5,c5,c5,c5,c5,c5,c5,c5,c5
18410,18408,2,c234,c1,c1,c5,c1,c234,c1,c5,c5
18411,18409,1,c234,c5,c5,c5,c5,c5,c5,c5,c5
18413,18411,3,c234,c234,c234,c234,c234,c234,c234,c234,c234
18414,18412,2,c5,c234,c234,c234,c234,c234,c234,c234,c234
18415,18413,3,c5,c5,c5,c5,c5,c5,c5,c5,c5
18416,18414,1,c1,c1,c1,c234,c234,c234,c1,c234,c234
18417,755,2,c234,c1,c1,c1,c1,c1,c1,c1,c1
18419,3504,1,c234,c234,c234,c234,c234,c234,c234,c234,c234
18420,4353,3,c234,c234,c234,c234,c234,c234,c234,c234,c1
18421,18419,1,c5,c5,c5,c5,c5,c5,c5,c5,c5
18422,18420,2,c234,c234,c234,c234,c234,c234,c234,c234,c234
18423,18421,3,c1,c1,c1,c1,c1,c5,c1,c1,c5
18424,18422,1,c1,c234,c234,c5,c234,c5,c234,c234,c234
18425,18423,2,c1,c1,c1,c1,c1,c5,c1,c1,c5
18427,18425,3,c5,c234,c234,c1,c234,c234,c234,c1,c1
18428,18426,1,c5,c5,c5,c5,c5,c5,c5,c5,c5
18429,18427,3,c5,c5,c5,c5,c5,c5,c5,c5,c5
18430,18428,2,c234,c234,c1,c1,c234,c5,c1,c1,c1
18432,18430,1,c5,c5,c5,c5,c5,c5,c5,c5,c5
18433,18431,2,c1,c234,c234,c234,c234,c234,c234,c234,c1
18434,18432,3,c1,c1,c1,c1,c1,c234,c1,c1,c234
18435,18433,1,c1,c1,c1,c1,c1,c5,c1,c1,c5
18436,18434,2,c234,c234,c234,c1,c234,c234,c234,c234,c1
18437,18435,3,c1,c1,c1,c5,c1,c5,c1,c5,c5
18438,2212,2,c1,c234,c234,c234,c234,c5,c234,c234,c234
18439,18437,2,c234,c234,c234,c5,c234,c234,c234,c5,c1
18441,1336,3,c1,c1,c1,c5,c1,c5,c1,c1,c5
18443,1541,3,c5,c1,c1,c1,c1,c1,c1,c1,c234
18444,18442,3,c5,c5,c5,c5,c5,c5,c5,c5,c5
18445,457,1,c234,c1,c1,c1,c1,c1,c1,c1,c1
18446,18444,1,c234,c234,c234,c234,c234,c234,c234,c234,c234
18447,18445,3,c234,c5,c5,c234,c5,c5,c5,c234,c5
18448,3425,1,c1,c1,c1,c1,c1,c1,c1,c1,c1
18449,2833,2,c5,c5,c5,c5,c5,c5,c5,c5,c5
18450,18448,2,c234,c5,c5,c234,c5,c5,c5,c234,c5
18452,18450,1,c5,c5,c5,c5,c5,c5,c5,c5,c5
18453,18451,1,c5,c5,c5,c5,c5,c5,c5,c5,c5
18455,18453,2,c1,c5,c5,c5,c5,c5,c5,c5,c5
18456,18454,3,c1,c234,c234,c234,c234,c5,c234,c234,c5
18458,18456,2,c5,c234,c234,c234,c234,c5,c234,c234,c5
18459,18457,3,c234,c5,c5,c5,c5,c5,c5,c5,c5
18460,18458,1,c5,c5,c5,c5,c5,c5,c5,c5,c5
18461,16,1,c5,c1,c1,c1,c1,c1,c1,c1,c1
18462,18460,3,c234,c5,c5,c5,c1,c5,c5,c5,c5
18465,18463,1,c234,c5,c5,c1,c5,c5,c5,c1,c5
18466,18464,2,c234,c1,c1,c1,c1,c1,c1,c1,c234
18467,18465,2,c5,c234,c234,c234,c234,c234,c234,c234,c234
18468,18466,3,c234,c234,c234,c234,c234,c1,c234,c234,c1
18470,18468,1,c1,c1,c1,c1,c1,c1,c1,c234,c1
18471,18469,3,c1,c234,c234,c234,c234,c234,c234,c234,c5
18472,18470,2,c5,c5,c5,c5,c5,c5,c5,c5,c5
18474,18472,2,c5,c5,c5,c5,c5,c5,c5,c5,c5
18475,18473,3,c234,c234,c234,c234,c234,c234,c234,c234,c234
18476,107,1,c1,c1,c1,c1,c1,c5,c1,c1,c5
18477,18475,1,c5,c5,c5,c5,c5,c5,c5,c5,c5
18478,18476,3,c5,c234,c5,c234,c234,c234,c234,c234,c234
18479,16,1,c1,c1,c1,c1,c1,c1,c1,c1,c1
18481,11526,3,c1,c234,c234,c234,c234,c234,c234,c234,c234
18483,18481,1,c5,c5,c5,c5,c5,c5,c5,c5,c234
18485,18483,3,c5,c1,c1,c1,c1,c5,c1,c1,c1
18486,18484,2,c5,c5,c5,c5,c5,c234,c5,c5,c234
18487,18485,1,c1,c1,c1,c1,c1,c1,c1,c1,c1
18488,18486,3,c5,c5,c5,c5,c5,c5,c5,c5,c5
18490,18488,2,c5,c5,c5,c5,c5,c5,c5,c5,c5
18491,18489,2,c5,c5,c5,c5,c5,c234,c5,c5,c234
18492,18490,1,c5,c5,c5,c5,c5,c5,c5,c5,c5
18493,675,1,c5,c1,c1,c5,c1,c1,c1,c1,c1
18495,18493,1,c5,c5,c5,c5,c5,c5,c5,c5,c5
18496,18494,2,c1,c1,c1,c1,c1,c234,c1,c1,c5
18497,18495,3,c5,c234,c234,c234,c234,c5,c234,c234,c234
18498,18496,1,c234,c5,c5,c5,c5,c5,c5,c5,c5
18501,18499,2,c5,c5,c5,c5,c5,c5,c5,c5,c5
18502,18500,1,c5,c5,c5,c5,c5,c5,c5,c5,c5
18503,18501,3,c5,c5,c5,c5,c5,c5,c5,c5,c5
18504,18502,2,c234,c234,c234,c234,c234,c5,c234,c234,c5
18505,18503,3,c234,c5,c5,c5,c5,c5,c5,c5,c234
18508,18506,2,c234,c1,c1,c1,c1,c1,c1,c1,c1
18509,18507,1,c5,c5,c234,c234,c5,c5,c5,c234,c234
18510,18508,3,c1,c5,c234,c5,c1,c5,c5,c234,c5
18511,11461,2,c234,c234,c234,c234,c234,c5,c234,c234,c234
18512,18510,3,c1,c234,c234,c234,c234,c5,c234,c234,c5
18513,2765,2,c234,c1,c1,c1,c1,c1,c1,c1,c1
18514,7,3,c234,c5,c5,c5,c5,c5,c5,c5,c5
18516,18514,1,c234,c5,c5,c5,c5,c1,c5,c5,c1
18518,18516,2,c5,c5,c5,c5,c5,c5,c5,c5,c5
18519,18517,1,c234,c234,c234,c234,c234,c234,c234,c234,c234
18520,4658,1,c1,c1,c1,c1,c1,c1,c1,c1,c1
18521,18519,2,c1,c1,c1,c1,c1,c1,c1,c1,c1
18523,18521,3,c1,c5,c5,c5,c5,c5,c5,c5,c5
18524,18522,3,c5,c5,c5,c5,c5,c5,c5,c5,c5
18525,18523,1,c5,c234,c234,c234,c234,c5,c234,c234,c234
18526,18524,2,c5,c234,c234,c234,c234,c5,c234,c234,c5
18528,18526,2,c5,c234,c234,c234,c234,c5,c234,c234,c5
18529,18527,1,c5,c5,c5,c5,c5,c5,c5,c5,c5
18530,18528,3,c234,c5,c234,c234,c5,c234,c5,c5,c234
18531,773,1,c1,c1,c1,c234,c1,c5,c1,c1,c5
18534,18532,2,c234,c234,c234,c234,c1,c234,c234,c234,c234
18535,18533,1,c5,c5,c5,c5,c5,c5,c5,c5,c234
18536,18534,3,c1,c5,c5,c5,c5,c5,c5,c1,c5
18537,18535,3,c1,c1,c1,c1,c1,c1,c1,c1,c1
18538,18536,1,c1,c234,c234,c234,c234,c234,c234,c234,c234
18539,18537,2,c234,c1,c1,c1,c1,c234,c1,c1,c234
18540,737,3,c1,c5,c5,c5,c5,c5,c5,c5,c5
18541,18539,1,c5,c234,c234,c234,c234,c234,c234,c234,c234
18542,18540,3,c5,c1,c1,c1,c1,c1,c1,c1,c1
18545,18543,2,c5,c5,c5,c5,c5,c5,c5,c5,c1
18546,36,2,c5,c5,c5,c5,c5,c5,c5,c5,c5
18547,18545,3,c1,c5,c1,c234,c5,c234,c5,c1,c1
18548,8223,2,c5,c234,c234,c234,c234,c234,c234,c234,c234
18549,18547,1,c234,c1,c1,c1,c1,c1,c1,c1,c1
18550,4623,2,c1,c1,c1,c1,c1,c1,c1,c1,c1
18551,18549,2,c1,c234,c234,c234,c234,c234,c234,c234,c1
18553,18551,2,c1,c5,c5,c5,c5,c5,c5,c5,c5
18554,18552,3,c5,c5,c234,c5,c234,c234,c234,c234,c234
18555,18553,1,c1,c5,c5,c5,c5,c234,c5,c234,c234
18557,675,1,c1,c5,c1,c5,c5,c5,c5,c1,c1
18558,18556,3,c1,c5,c5,c5,c5,c5,c5,c5,c5
18559,18557,1,c5,c234,c234,c234,c234,c234,c234,c234,c1
18560,7,3,c1,c5,c5,c5,c5,c5,c5,c5,c5
18563,18561,2,c5,c5,c5,c5,c5,c5,c5,c5,c5
18564,319,2,c234,c5,c5,c5,c5,c5,c5,c5,c5
18565,18563,3,c234,c1,c1,c1,c1,c1,c1,c1,c234
18566,18564,1,c5,c5,c5,c5,c5,c5,c5,c5,c234
18567,18565,3,c1,c1,c1,c1,c1,c1,c1,c1,c1
18569,18567,1,c234,c234,c234,c234,c234,c234,c234,c234,c234
18570,798,2,c1,c1,c1,c1,c1,c234,c1,c1,c234
18572,18570,2,c1,c1,c1,c1,c1,c1,c1,c1,c234
18573,18571,3,c1,c1,c1,c1,c1,c1,c1,c1,c1
18574,18572,2,c1,c5,c5,c5,c5,c5,c5,c5,c234
18575,18573,2,c1,c1,c1,c1,c1,c5,c1,c1,c234
18576,18574,1,c5,c234,c234,c234,c1,c234,c234,c1,c5
18578,53,3,c1,c1,c1,c1,c1,c1,c1,c1,c1
18579,18577,3,c5,c5,c5,c5,c5,c5,c5,c5,c5
18580,18578,1,c1,c5,c5,c5,c5,c5,c5,c5,c5
18581,9356,1,c5,c5,c5,c5,c5,c5,c5,c5,c5
18583,18581,3,c5,c5,c5,c5,c5,c5,c5,c5,c5
18585,18583,2,c1,c234,c5,c234,c234,c5,c234,c234,c5
18586,18584,2,c1,c5,c1,c5,c5,c5,c5,c5,c5
18587,18585,3,c5,c5,c5,c5,c5,c5,c5,c5,c5
18589,18587,3,c234,c1,c1,c234,c234,c234,c1,c234,c234
18590,18588,1,c234,c1,c1,c1,c1,c5,c1,c1,c5
18591,18589,1,c234,c5,c5,c5,c5,c5,c5,c5,c234
18592,18590,2,c5,c234,c234,c234,c234,c234,c234,c234,c234
18594,18592,3,c1,c234,c234,c234,c234,c234,c234,c234,c5
18595,2507,2,c1,c1,c1,c1,c1,c1,c1,c1,c1
18596,18594,3,c1,c234,c234,c234,c234,c234,c234,c234,c234
18597,18595,1,c234,c234,c234,c234,c234,c234,c234,c234,c234
18599,18597,2,c234,c234,c234,c234,c234,c5,c234,c234,c5
18600,18598,2,c5,c234,c234,c234,c234,c234,c234,c234,c234
18601,1783,3,c234,c1,c1,c1,c1,c1,c1,c1,c1
18602,18600,3,c234,c234,c234,c234,c1,c234,c1,c234,c234
18603,18601,1,c5,c1,c1,c1,c1,c234,c1,c1,c5
18604,18602,2,c5,c5,c5,c5,c5,c5,c5,c5,c5
18605,24,3,c5,c5,c5,c5,c5,c5,c5,c5,c5
18606,18604,3,c5,c5,c234,c234,c234,c5,c234,c234,c5
18607,18605,2,c234,c5,c5,c5,c5,c5,c5,c5,c5
18608,36,2,c234,c5,c5,c5,c5,c5,c5,c5,c5
18610,24,3,c5,c234,c234,c234,c234,c234,c234,c234,c234
18611,7,3,c234,c5,c5,c5,c5,c5,c5,c5,c5
18612,18610,1,c234,c234,c234,c234,c234,c234,c234,c234,c234
18613,18611,1,c5,c1,c1,c1,c1,c1,c1,c1,c1
18614,18612,2,c1,c234,c234,c234,c234,c5,c234,c234,c5
18616,18614,3,c5,c5,c5,c5,c5,c5,c5,c5,c5
18617,18615,3,c234,c1,c1,c1,c1,c1,c1,c1,c1
18618,18616,1,c234,c5,c5,c5,c5,c5,c5,c5,c5
18619,18617,2,c1,c234,c234,c234,c234,c234,c234,c234,c234
18621,18619,1,c5,c1,c1,c1,c1,c5,c1,c1,c5
18622,18620,2,c234,c234,c234,c234,c234,c234,c234,c234,c234
18623,18621,3,c5,c5,c5,c5,c5,c5,c5,c5,c5
18625,18623,2,c5,c1,c1,c1,c1,c1,c1,c234,c5
18626,7000,2,c234,c5,c5,c5,c5,c5,c5,c5,c5
18627,18625,1,c234,c234,c1,c1,c5,c234,c234,c1,c1
18628,18626,3,c5,c234,c234,c234,c234,c234,c234,c234,c234
18629,18627,1,c234,c234,c234,c234,c234,c234,c234,c234,c234
18630,18628,2,c5,c5,c5,c5,c5,c5,c5,c5,c5
18632,18630,3,c1,c5,c5,c5,c5,c5,c5,c5,c5
18633,675,1,c1,c1,c1,c5,c1,c1,c1,c1,c1
18634,18632,1,c234,c5,c5,c5,c5,c5,c5,c5,c5
18635,18633,2,c1,c234,c234,c234,c5,c5,c234,c234,c5
18637,7,3,c234,c5,c5,c5,c5,c5,c5,c5,c5
18638,18636,1,c5,c234,c234,c234,c234,c234,c234,c234,c5
18639,5596,2,c1,c234,c234,c234,c234,c234,c234,c234,c234
18640,18638,3,c234,c5,c5,c234,c5,c5,c5,c234,c5
18641,18639,3,c5,c234,c234,c1,c234,c234,c1,c234,c234
18642,18640,1,c234,c5,c5,c5,c5,c5,c5,c5,c5
18643,12392,2,c5,c5,c5,c5,c5,c5,c5,c5,c1
18645,2095,2,c1,c1,c1,c1,c1,c1,c1,c1,c1
18646,18644,2,c234,c234,c234,c234,c234,c234,c234,c234,c234
18647,18645,1,c234,c5,c5,c5,c5,c5,c5,c5,c5
18648,18646,3,c5,c5,c5,c5,c5,c5,c5,c5,c5
18649,18647,2,c1,c234,c234,c234,c234,c234,c234,c234,c234
18651,18649,3,c5,c5,c234,c5,c234,c234,c5,c234,c234
18652,18650,1,c5,c234,c234,c234,c234,c234,c234,c234,c234
18653,271,1,c1,c1,c1,c1,c1,c1,c1,c1,c1
18655,18653,2,c5,c234,c1,c234,c234,c234,c234,c1,c1
18657,403,3,c5,c1,c234,c234,c234,c234,c1,c234,c234
18658,8259,2,c5,c5,c5,c5,c5,c1,c5,c5,c1
18659,18657,3,c234,c5,c5,c5,c5,c5,c5,c5,c5
18660,18658,3,c5,c5,c5,c5,c5,c5,c5,c5,c1
18661,9788,3,c1,c1,c1,c1,c1,c1,c1,c1,c1
18662,18660,1,c5,c5,c5,c5,c5,c5,c5,c5,c5
18663,16,1,c1,c1,c1,c1,c1,c1,c1,c1,c1
18665,18663,1,c5,c5,c1,c5,c5,c5,c5,c5,c5
18666,18664,3,c234,c5,c5,c5,c5,c5,c5,c5,c5
18667,18665,2,c234,c5,c5,c5,c5,c5,c5,c5,c234
18668,3451,1,c1,c1,c1,c1,c1,c1,c1,c1,c1
18669,18667,2,c234,c234,c234,c234,c234,c234,c234,c234,c234
18671,375,1,c1,c1,c1,c1,c1,c1,c1,c1,c1
18672,18670,1,c5,c5,c5,c234,c5,c5,c5,c5,c5
18673,18671,2,c1,c5,c5,c5,c5,c234,c5,c5,c234
18675,8993,3,c234,c234,c234,c5,c234,c234,c234,c5,c234
18676,18674,3,c5,c5,c5,c5,c5,c5,c5,c5,c5
18677,18675,1,c234,c234,c234,c234,c234,c234,c234,c234,c234
18678,18676,3,c1,c234,c234,c234,c234,c234,c234,c234,c234
18679,18677,1,c5,c234,c234,c234,c234,c234,c234,c234,c234
18681,18679,2,c234,c234,c234,c234,c234,c234,c234,c234,c234
18682,18680,3,c234,c234,c234,c234,c234,c5,c234,c234,c5
18683,737,3,c1,c5,c5,c5,c5,c5,c5,c5,c5
18684,18682,2,c234,c5,c5,c5,c5,c5,c5,c5,c5
18685,18683,1,c5,c5,c5,c5,c5,c5,c5,c5,c5
18686,18684,3,c5,c5,c1,c5,c5,c5,c5,c5,c5
18689,18687,1,c234,c5,c5,c5,c5,c5,c5,c5,c5
18690,18688,2,c234,c5,c5,c5,c5,c5,c5,c5,c5
18691,166,2,c234,c1,c1,c1,c1,c1,c1,c1,c1
18692,18690,3,c234,c1,c1,c1,c1,c234,c1,c1,c234
18693,1020,2,c234,c1,c234,c1,c1,c5,c1,c1,c1
18694,18692,3,c5,c5,c5,c5,c5,c5,c5,c5,c5
18696,18694,1,c234,c5,c5,c5,c5,c5,c5,c5,c5
18697,18695,2,c5,c234,c234,c234,c234,c234,c234,c234,c234
18698,18696,1,c1,c1,c1,c1,c1,c234,c1,c1,c234
18700,18698,1,c5,c5,c5,c5,c5,c5,c5,c5,c5
18702,18700,2,c5,c234,c234,c234,c234,c234,c234,c234,c5
18704,18702,3,c5,c1,c5,c5,c234,c234,c1,c5,c234
18705,18703,1,c234,c234,c234,c234,c234,c234,c234,c234,c5
18707,7,3,c234,c5,c5,c5,c5,c5,c5,c5,c5
18708,18706,3,c5,c5,c5,c5,c5,c5,c5,c5,c5
18709,18707,2,c1,c5,c5,c5,c5,c5,c5,c5,c5
18710,18708,1,c5,c5,c5,c5,c5,c5,c5,c5,c5
18711,18709,3,c234,c5,c5,c5,c5,c5,c5,c5,c5
18714,18712,2,c1,c1,c1,c1,c1,c1,c1,c1,c1
18715,18713,1,c234,c5,c5,c5,c5,c5,c5,c5,c5
18716,11533,3,c5,c234,c234,c234,c234,c234,c234,c234,c5
18717,18715,2,c5,c5,c5,c5,c5,c5,c5,c5,c5
18718,18716,3,c234,c5,c5,c5,c5,c234,c5,c5,c234
18720,18718,2,c5,c234,c234,c234,c234,c5,c234,c234,c5
18721,18719,1,c234,c234,c234,c234,c234,c234,c234,c234,c234
18722,18720,3,c5,c5,c5,c5,c5,c5,c5,c5,c5
18724,18722,1,c1,c5,c1,c5,c5,c234,c5,c1,c1
18725,18723,2,c234,c5,c5,c5,c5,c5,c5,c5,c5
18727,18725,3,c5,c234,c234,c234,c234,c234,c234,c234,c234
18729,18727,1,c5,c5,c5,c5,c5,c5,c5,c5,c234
18730,18728,2,c1,c5,c5,c5,c5,c5,c5,c5,c5
18731,18729,3,c234,c234,c234,c234,c234,c234,c234,c234,c234
18732,18730,1,c234,c5,c5,c5,c5,c5,c5,c5,c234
18733,18731,3,c234,c5,c5,c1,c5,c1,c5,c1,c1
18734,1020,2,c5,c1,c234,c1,c1,c5,c1,c1,c1
18735,18733,2,c234,c5,c5,c5,c5,c5,c5,c5,c5
18736,3646,2,c5,c5,c5,c5,c5,c5,c5,c5,c5
18739,18737,1,c5,c5,c5,c5,c5,c5,c5,c5,c5
18740,18738,2,c1,c5,c5,c1,c5,c5,c5,c5,c5
18741,18739,3,c5,c5,c5,c5,c5,c234,c5,c5,c5
18744,11910,2,c5,c234,c234,c234,c234,c234,c234,c5,c234
18745,18743,2,c234,c5,c5,c5,c5,c5,c5,c5,c5
18746,18744,1,c234,c234,c234,c234,c234,c234,c234,c234,c234
18748,18746,3,c5,c234,c234,c234,c234,c234,c234,c234,c234
18749,18747,1,c234,c1,c1,c1,c1,c1,c1,c1,c1
18750,18748,2,c234,c1,c1,c1,c1,c1,c1,c5,c1
18751,18749,3,c5,c234,c234,c234,c234,c234,c234,c234,c234
18752,18750,1,c1,c234,c234,c234,c234,c234,c234,c234,c234
18754,271,1,c1,c1,c1,c1,c1,c1,c1,c1,c1
18755,18753,3,c1,c234,c234,c234,c234,c234,c234,c234,c234
18756,7,3,c1,c5,c5,c5,c5,c5,c5,c5,c5
18757,18755,2,c1,c1,c1,c1,c1,c1,c1,c1,c1
18759,18757,1,c234,c5,c5,c5,c5,c5,c5,c5,c5
18760,18758,1,c1,c5,c5,c5,c5,c5,c5,c5,c5
18761,18759,2,c1,c1,c1,c1,c1,c234,c1,c1,c1
18763,18761,3,c5,c5,c5,c5,c5,c5,c5,c5,c5
18764,16,1,c1,c1,c1,c1,c1,c1,c1,c1,c1
18765,13201,2,c1,c1,c1,c1,c1,c1,c1,c1,c1
18766,3231,3,c234,c234,c5,c234,c234,c5,c5,c5,c5
18767,4176,2,c234,c1,c1,c1,c1,c1,c1,c1,c1
18768,18766,2,c5,c5,c5,c5,c5,c5,c5,c5,c5
18769,18767,3,c5,c234,c234,c234,c234,c234,c234,c234,c234
18771,18769,3,c1,c5,c5,c5,c5,c5,c5,c5,c5
18772,18770,3,c234,c1,c1,c1,c1,c5,c1,c1,c5
18773,11268,1,c1,c5,c1,c5,c5,c1,c5,c1,c1
18775,18773,1,c5,c5,c5,c5,c5,c5,c5,c5,c5
18776,18774,2,c1,c5,c5,c5,c5,c234,c5,c5,c5
18777,18775,1,c5,c234,c234,c234,c234,c5,c234,c234,c5
18779,18777,2,c5,c234,c234,c234,c234,c234,c234,c234,c234
18780,7063,2,c1,c5,c5,c1,c1,c5,c5,c1,c5
18781,18779,3,c5,c5,c5,c5,c5,c5,c5,c5,c5
18782,675,1,c234,c5,c1,c5,c5,c1,c5,c1,c1
18783,18781,1,c234,c1,c1,c1,c1,c1,c1,c1,c1
18784,18782,2,c5,c5,c5,c5,c5,c5,c5,c5,c5
18785,18783,3,c234,c1,c1,c1,c1,c1,c1,c1,c1
18787,18785,2,c234,c5,c5,c5,c5,c5,c5,c5,c5
18788,8810,2,c1,c1,c1,c1,c1,c1,c1,c1,c1
18789,18787,1,c234,c5,c5,c5,c5,c234,c5,c5,c234
18790,18788,3,c5,c5,c5,c5,c5,c5,c5,c5,c5
18792,18790,3,c5,c234,c234,c234,c234,c234,c234,c234,c234
18793,18791,1,c234,c5,c5,c5,c5,c5,c5,c5,c5
18794,18792,2,c5,c234,c234,c234,c234,c234,c234,c234,c234
18796,4987,1,c1,c5,c5,c5,c5,c5,c5,c5,c5
18797,18795,2,c5,c5,c5,c5,c5,c234,c5,c5,c234
18798,18796,1,c5,c5,c5,c5,c5,c5,c5,c5,c5
18799,18797,2,c5,c1,c1,c1,c1,c5,c1,c5,c5
18800,18798,3,c234,c5,c5,c5,c5,c5,c5,c5,c5
18801,18799,1,c234,c1,c1,c1,c1,c1,c1,c1,c1
18803,18801,2,c1,c1,c1,c1,c1,c5,c1,c1,c5
18804,7,3,c5,c5,c5,c5,c5,c5,c5,c5,c5
18805,18803,3,c234,c234,c234,c234,c234,c234,c234,c234,c234
18806,18804,1,c5,c5,c5,c5,c5,c5,c5,c5,c5
18807,18805,2,c234,c5,c5,c5,c5,c5,c5,c5,c5
18808,18806,1,c234,c5,c5,c5,c5,c5,c5,c5,c5
18810,18808,3,c1,c1,c1,c1,c1,c5,c1,c1,c5
18811,18809,2,c234,c1,c1,c1,c1,c1,c1,c1,c1
18812,6919,1,c5,c5,c5,c5,c5,c5,c5,c5,c5
18813,18811,3,c5,c5,c5,c5,c5,c234,c5,c5,c234
18814,18812,1,c234,c5,c5,c5,c5,c5,c5,c5,c5
18816,18814,2,c5,c5,c5,c5,c5,c5,c5,c5,c234
18817,18815,3,c234,c1,c1,c234,c1,c1,c1,c1,c1
18818,18816,3,c5,c5,c5,c1,c234,c5,c5,c234,c234
18819,946,1,c1,c5,c1,c5,c1,c5,c5,c1,c5
18820,18818,1,c5,c5,c5,c5,c5,c5,c5,c5,c5
18822,4491,2,c234,c234,c234,c234,c234,c234,c234,c234,c1
18823,18821,2,c1,c5,c1,c1,c1,c5,c1,c1,c1
18824,18822,1,c5,c234,c234,c234,c234,c234,c234,c234,c234
18825,8935,2,c1,c1,c1,c1,c1,c1,c1,c1,c1
18826,18824,2,c234,c5,c5,c5,c5,c5,c5,c5,c5
18828,18826,3,c234,c234,c234,c234,c234,c234,c234,c234,c234
18829,18827,1,c234,c234,c234,c234,c234,c234,c234,c234,c234
18830,18828,1,c1,c234,c234,c234,c234,c234,c234,c234,c234
18832,18830,2,c1,c1,c1,c1,c1,c5,c1,c1,c5
18833,1172,2,c1,c1,c1,c5,c1,c1,c1,c5,c1
18834,16,1,c1,c1,c1,c1,c1,c1,c1,c1,c1
18835,18833,3,c5,c5,c5,c5,c5,c5,c5,c5,c5
18836,18834,3,c5,c5,c5,c5,c234,c5,c5,c234,c234
18838,18836,1,c1,c5,c5,c5,c5,c5,c5,c5,c5
18839,2742,1,c5,c234,c234,c1,c234,c234,c234,c234,c234
18840,18838,2,c5,c5,c5,c5,c5,c5,c5,c5,c5
18841,18839,2,c234,c234,c234,c234,c234,c5,c234,c234,c5
18842,18840,3,c5,c5,c5,c5,c5,c5,c5,c5,c5
18844,18842,1,c234,c5,c5,c234,c234,c5,c5,c234,c5
18845,18843,2,c234,c5,c5,c5,c5,c5,c5,c5,c5
18846,18844,3,c234,c5,c5,c5,c5,c5,c5,c5,c5
18848,18846,3,c1,c1,c1,c1,c1,c1,c1,c1,c1
18849,18847,1,c234,c234,c234,c234,c234,c234,c234,c234,c5
18850,18848,2,c5,c5,c5,c5,c5,c234,c5,c5,c234
18851,18849,1,c5,c234,c234,c234,c234,c5,c234,c234,c5
18853,18851,2,c234,c234,c234,c234,c234,c5,c234,c234,c5
18854,18852,3,c5,c234,c234,c234,c234,c5,c234,c234,c5
18855,18853,1,c234,c234,c234,c234,c234,c234,c234,c234,c234
18856,18854,2,c1,c5,c5,c5,c5,c5,c5,c5,c5
18857,1378,3,c1,c5,c5,c5,c5,c5,c5,c5,c5
18858,18856,2,c5,c5,c5,c5,c234,c5,c5,c5,c234
18859,14021,1,c5,c1,c1,c1,c1,c1,c1,c1,c1
18860,18858,3,c1,c5,c5,c5,c5,c5,c5,c1,c5
18861,17623,1,c1,c1,c1,c1,c1,c1,c1,c1,c1
18862,11595,2,c234,c234,c234,c234,c5,c234,c234,c234,c234
18865,18863,3,c5,c234,c234,c234,c234,c5,c234,c234,c5
18866,0,3,c234,c1,c1,c1,c1,c1,c1,c1,c1
18867,18865,1,c1,c5,c5,c5,c5,c234,c5,c234,c234
18868,18866,2,c5,c5,c5,c5,c5,c5,c5,c5,c5
18869,5682,3,c1,c5,c5,c5,c5,c5,c5,c5,c5
18871,1336,3,c1,c1,c1,c5,c1,c5,c1,c1,c5
18872,18870,2,c5,c5,c5,c5,c5,c5,c5,c5,c5
18873,680,1,c1,c1,c1,c1,c1,c5,c1,c1,c5
18874,18872,1,c234,c234,c234,c234,c234,c234,c234,c234,c234
18875,18873,3,c5,c5,c5,c5,c5,c5,c5,c5,c5
18876,18874,2,c234,c234,c234,c234,c234,c5,c234,c234,c1
18877,1540,1,c1,c1,c1,c1,c1,c1,c1,c1,c1
18878,18876,3,c1,c1,c1,c1,c234,c234,c1,c1,c234
18879,18877,1,c1,c1,c1,c1,c1,c5,c1,c1,c5
18880,18878,2,c234,c5,c5,c5,c5,c5,c5,c5,c5
18882,18880,1,c234,c1,c1,c1,c1,c1,c1,c1,c1
18883,18170,2,c5,c5,c5,c1,c5,c5,c5,c1,c1
18884,2121,1,c5,c234,c234,c1,c234,c234,c234,c1,c234
18886,18884,3,c234,c234,c234,c234,c234,c234,c234,c234,c234
18888,18886,3,c1,c5,c5,c234,c234,c234,c5,c234,c234
18889,18887,2,c5,c5,c5,c5,c5,c5,c5,c5,c5
18890,18888,1,c234,c5,c5,c5,c5,c5,c5,c5,c5
18891,18889,3,c5,c5,c234,c234,c5,c5,c5,c234,c5
18892,18890,2,c1,c5,c5,c5,c5,c5,c5,c5,c5
18894,18892,3,c1,c234,c234,c234,c234,c234,c234,c234,c234
18895,18893,1,c234,c234,c234,c234,c234,c234,c234,c234,c234
18896,18894,2,c234,c5,c5,c5,c5,c5,c5,c5,c5
18897,18895,3,c234,c1,c1,c1,c1,c234,c1,c1,c1
18898,5044,2,c1,c5,c5,c5,c5,c5,c5,c5,c5
18899,36,2,c5,c5,c5,c5,c5,c5,c5,c5,c5
18901,474,3,c234,c5,c5,c5,c5,c5,c5,c5,c5
18902,271,1,c234,c1,c1,c1,c1,c1,c1,c1,c1
18903,513,2,c1,c234,c5,c234,c234,c5,c234,c5,c5
18904,18902,1,c5,c5,c5,c5,c5,c5,c5,c5,c5
18905,18903,2,c1,c1,c1,c1,c1,c1,c1,c1,c5
18906,18904,2,c5,c5,c5,c5,c5,c5,c5,c5,c5
18908,18906,3,c234,c234,c234,c234,c234,c234,c234,c234,c234
18909,18907,1,c234,c5,c5,c5,c5,c5,c5,c5,c5
18910,18908,3,c5,c234,c234,c234,c234,c5,c234,c234,c5
18911,18909,2,c234,c1,c5,c1,c1,c5,c1,c1,c5
18913,18911,3,c1,c1,c1,c1,c1,c1,c1,c1,c1
18914,3350,1,c234,c5,c5,c5,c5,c5,c5,c5,c5
18915,18913,1,c5,c5,c5,c5,c5,c5,c5,c5,c5
18916,18914,2,c5,c234,c234,c234,c234,c234,c234,c234,c234
18917,0,3,c234,c1,c1,c1,c1,c1,c1,c1,c1
18918,18916,3,c234,c1,c1,c1,c1,c1,c1,c1,c1
18919,524,1,c1,c1,c234,c1,c234,c234,c1,c1,c234
18920,18918,1,c5,c5,c5,c5,c5,c5,c5,c5,c5
18921,18919,2,c234,c234,c234,c234,c234,c234,c234,c234,c234
18922,18920,1,c5,c1,c1,c1,c1,c1,c1,c1,c1
18923,18921,1,c1,c234,c234,c234,c234,c5,c234,c234,c5
18925,18923,3,c1,c234,c234,c234,c234,c234,c234,c234,c1
18926,18924,3,c1,c5,c5,c5,c5,c5,c5,c5,c5
18929,194,1,c1,c5,c5,c5,c5,c5,c5,c5,c5
18930,18928,2,c234,c234,c234,c234,c234,c5,c234,c234,c5
18931,18929,3,c234,c5,c5,c5,c5,c5,c5,c5,c5
18932,18930,1,c5,c234,c234,c234,c234,c234,c234,c234,c234
18934,18932,2,c1,c234,c234,c234,c234,c234,c234,c234,c234
18935,18933,3,c5,c234,c234,c234,c1,c234,c234,c1,c1
18936,11578,1,c1,c1,c1,c1,c1,c1,c1,c1,c1
18937,18935,2,c234,c5,c5,c5,c5,c5,c5,c5,c5
18938,18936,1,c234,c5,c5,c5,c5,c5,c5,c5,c5
18940,18938,3,c234,c234,c234,c234,c234,c234,c234,c234,c234
18941,18939,1,c5,c234,c234,c234,c234,c234,c234,c234,c5
18942,18940,3,c5,c5,c5,c5,c5,c5,c5,c5,c5
18943,18941,3,c1,c1,c1,c1,c1,c5,c1,c1,c5
18944,18942,2,c5,c1,c1,c1,c1,c234,c1,c1,c1
18945,1401,1,c234,c234,c234,c234,c234,c234,c234,c234,c234
18946,18944,2,c234,c234,c234,c234,c234,c234,c234,c234,c234
18948,18946,3,c234,c5,c5,c5,c5,c234,c5,c5,c234
18949,18947,1,c5,c5,c5,c5,c5,c5,c5,c5,c5
18950,18948,1,c234,c5,c5,c5,c5,c1,c5,c5,c234
18952,18950,2,c234,c5,c5,c5,c5,c5,c5,c5,c5
18953,18951,3,c1,c234,c234,c5,c234,c234,c234,c5,c234
18954,18952,2,c1,c234,c234,c234,c234,c234,c234,c234,c1
18956,18954,1,c5,c5,c5,c5,c5,c234,c5,c5,c234
18957,18955,1,c234,c5,c5,c5,c5,c5,c5,c5,c5
18958,18956,3,c234,c5,c5,c5,c5,c5,c5,c5,c5
18961,18959,1,c5,c5,c5,c234,c5,c234,c5,c5,c234
18962,18960,1,c234,c1,c1,c1,c1,c1,c1,c1,c1
18963,7297,2,c1,c234,c234,c234,c234,c234,c234,c234,c234
18964,18962,2,c5,c5,c5,c5,c5,c5,c5,c5,c5
18965,18963,3,c5,c5,c5,c1,c1,c234,c5,c1,c1
18967,18965,1,c5,c234,c234,c234,c234,c234,c234,c234,c234
18968,252,1,c234,c234,c5,c234,c234,c234,c234,c234,c234
18969,18967,2,c1,c234,c234,c234,c234,c234,c234,c234,c234
18970,18968,3,c234,c5,c5,c5,c5,c5,c5,c5,c5
18972,18970,1,c1,c234,c234,c234,c234,c234,c234,c234,c234
18973,18971,2,c234,c5,c5,c5,c5,c5,c5,c1,c1
18974,18972,3,c234,c1,c1,c1,c1,c1,c1,c1,c1
18975,7667,1,c234,c1,c1,c1,c1,c1,c1,c1,c1
18976,18974,3,c234,c5,c5,c5,c5,c5,c5,c5,c5
18979,11778,3,c1,c5,c5,c5,c5,c234,c5,c5,c234
18980,18978,1,c1,c5,c5,c5,c5,c5,c5,c5,c5
18981,18979,2,c5,c5,c5,c5,c5,c234,c5,c5,c234
18982,18980,1,c234,c5,c5,c5,c5,c5,c5,c5,c5
18983,1928,2,c5,c1,c1,c1,c1,c1,c1,c1,c1
18985,18983,1,c234,c1,c1,c1,c1,c1,c1,c1,c1
18986,18984,2,c234,c5,c5,c5,c5,c5,c5,c5,c5
18987,18985,1,c1,c1,c1,c1,c1,c1,c1,c1,c1
18988,18986,3,c5,c1,c1,c1,c1,c1,c1,c1,c1
18989,18987,2,c5,c234,c234,c234,c234,c234,c234,c234,c234
18991,18989,3,c234,c5,c5,c5,c5,c5,c5,c5,c5
18992,1755,1,c234,c1,c1,c1,c1,c234,c1,c1,c1
18993,18991,1,c234,c5,c5,c234,c5,c5,c5,c234,c234
18994,11595,2,c234,c234,c234,c234,c5,c234,c234,c234,c234
18995,18993,3,c5,c234,c5,c5,c234,c234,c234,c5,c1
18996,18994,2,c1,c234,c234,c234,c234,c234,c234,c234,c234
18998,18996,1,c5,c1,c1,c234,c234,c234,c1,c234,c234
18999,18997,2,c234,c5,c5,c5,c5,c5,c5,c5,c1
19000,18998,3,c5,c5,c234,c5,c5,c5,c5,c234,c234
19001,18999,3,c1,c234,c234,c234,c1,c1,c234,c1,c1
19002,19000,1,c5,c1,c1,c1,c1,c1,c1,c1,c1
19005,19003,2,c234,c5,c5,c5,c5,c5,c5,c5,c5
19006,19004,1,c5,c5,c5,c5,c5,c5,c5,c5,c5
19007,19005,2,c1,c234,c234,c234,c234,c234,c234,c234,c234
19008,271,1,c5,c1,c1,c1,c1,c1,c1,c1,c1
19010,2269,2,c234,c234,c234,c234,c234,c5,c234,c234,c5
19011,19009,3,c234,c5,c5,c5,c5,c5,c5,c5,c5
19013,6169,3,c234,c234,c234,c234,c234,c234,c234,c234,c234
19014,19012,1,c1,c234,c234,c234,c234,c1,c234,c234,c1
19015,19013,2,c5,c5,c5,c5,c5,c5,c5,c5,c5
19017,19015,1,c234,c234,c234,c234,c234,c234,c234,c234,c234
19018,10421,1,c1,c5,c5,c5,c5,c5,c5,c5,c5
19019,19017,3,c234,c234,c234,c234,c234,c234,c234,c234,c234
19020,19018,3,c234,c1,c1,c1,c1,c234,c1,c1,c1
19021,16,1,c1,c1,c1,c1,c1,c1,c1,c1,c1
19022,19020,2,c5,c5,c5,c5,c5,c5,c5,c5,c5
19023,19021,1,c1,c1,c1,c1,c1,c234,c1,c1,c234
19024,19022,2,c234,c1,c1,c1,c1,c234,c1,c1,c5
19026,1015,1,c5,c234,c5,c234,c234,c5,c234,c5,c5
19027,798,2,c1,c1,c1,c1,c1,c1,c1,c1,c1
19028,19026,1,c5,c5,c5,c5,c5,c5,c5,c5,c5
19029,19027,1,c5,c1,c1,c1,c1,c5,c1,c1,c5
19032,9774,1,c234,c234,c234,c234,c234,c234,c234,c234,c234
19033,19031,2,c1,c234,c234,c234,c234,c234,c234,c234,c234
19034,19032,2,c234,c234,c234,c234,c234,c234,c234,c1,c234
19035,19033,1,c1,c1,c1,c1,c1,c234,c1,c1,c1
19036,19034,2,c5,c5,c5,c5,c5,c5,c5,c5,c5
19037,19035,1,c234,c234,c234,c234,c234,c234,c234,c234,c234
19039,19037,3,c5,c5,c5,c234,c5,c5,c5,c234,c5
19040,19038,1,c5,c234,c234,c1,c234,c1,c234,c1,c1
19041,19039,2,c5,c1,c5,c5,c1,c5,c1,c5,c5
19042,19040,3,c5,c234,c234,c234,c234,c234,c234,c234,c234
19043,19041,1,c1,c234,c234,c234,c234,c5,c234,c234,c5
19044,1033,3,c234,c234,c234,c234,c234,c5,c234,c234,c5
19046,166,2,c1,c1,c1,c1,c1,c1,c1,c1,c1
19047,19045,2,c234,c1,c1,c1,c1,c1,c1,c1,c1
19049,19047,3,c234,c5,c5,c5,c5,c5,c5,c5,c5
19050,19048,1,c234,c234,c234,c234,c234,c5,c234,c234,c234
19052,19050,2,c234,c234,c234,c234,c234,c234,c234,c234,c234
19053,19051,3,c234,c234,c234,c234,c234,c234,c234,c234,c234
19054,19052,2,c234,c5,c5,c5,c5,c5,c5,c5,c5
19055,19053,1,c1,c1,c5,c1,c1,c5,c1,c1,c5
19056,19054,3,c1,c1,c1,c1,c1,c1,c1,c1,c1
19057,19055,1,c5,c5,c5,c5,c5,c5,c5,c5,c5
19058,2601,2,c5,c5,c5,c5,c5,c5,c5,c5,c5
19060,19058,3,c5,c5,c5,c5,c5,c234,c5,c5,c234
19061,36,2,c1,c5,c5,c5,c5,c5,c5,c5,c5
19062,19060,2,c5,c5,c5,c5,c5,c5,c5,c5,c5
19063,19061,2,c1,c1,c1,c5,c1,c5,c1,c5,c5
19064,19062,1,c5,c5,c5,c5,c5,c5,c5,c5,c5
19065,19063,1,c1,c1,c1,c1,c1,c1,c1,c1,c1
19067,19065,2,c1,c234,c234,c234,c234,c234,c234,c234,c234
19068,19066,2,c5,c234,c234,c234,c234,c5,c234,c234,c5
19071,53,3,c1,c1,c1,c1,c1,c1,c1,c1,c1
19072,19070,1,c234,c234,c234,c234,c234,c234,c234,c234,c234
19073,19071,2,c234,c1,c5,c1,c1,c5,c1,c5,c5
19074,19072,1,c1,c1,c1,c1,c1,c234,c1,c1,c234
19075,19073,1,c1,c234,c234,c234,c234,c234,c234,c234,c234
19077,36,2,c1,c5,c5,c5,c5,c5,c5,c5,c5
19078,19076,2,c1,c5,c5,c5,c5,c5,c5,c5,c5
19080,19078,3,c234,c234,c234,c234,c234,c234,c234,c234,c234
19081,19079,1,c5,c5,c5,c5,c5,c5,c5,c5,c234
19082,19080,2,c5,c5,c5,c234,c5,c5,c5,c5,c5
19083,7158,1,c1,c1,c1,c1,c1,c1,c1,c1,c1
19084,19082,3,c1,c5,c5,c5,c5,c5,c5,c5,c5
19087,6511,2,c234,c1,c1,c1,c1,c5,c1,c1,c5
19088,19086,1,c1,c1,c1,c1,c1,c1,c1,c1,c1
19089,19087,2,c1,c5,c5,c5,c5,c5,c5,c5,c5
19091,19089,3,c234,c5,c5,c5,c5,c234,c5,c5,c234
19092,19090,1,c234,c5,c5,c5,c5,c5,c5,c5,c5
19093,19091,2,c5,c234,c234,c234,c234,c234,c234,c234,c234
19094,19092,3,c234,c5,c5,c5,c5,c5,c5,c5,c5
19095,19093,2,c234,c5,c5,c5,c5,c5,c5,c5,c5
19096,19094,1,c234,c5,c5,c5,c5,c5,c5,c5,c234
19097,36,2,c234,c5,c5,c5,c5,c5,c5,c5,c5
19098,17871,3,c1,c1,c1,c1,c1,c1,c1,c1,c1
19099,271,1,c234,c1,c1,c1,c1,c1,c1,c1,c1
19101,19099,3,c5,c5,c5,c5,c5,c5,c234,c5,c5
19102,19100,1,c234,c5,c5,c5,c5,c5,c5,c5,c5
19103,6928,2,c1,c1,c1,c1,c1,c1,c1,c1,c1
19104,19102,2,c1,c5,c5,c5,c5,c5,c5,c5,c5
19105,19103,3,c234,c5,c5,c5,c5,c5,c5,c5,c5
19106,3713,1,c5,c1,c1,c1,c1,c1,c1,c1,c1
19107,19105,2,c234,c234,c234,c234,c234,c234,c234,c234,c234
19109,19107,1,c234,c5,c5,c5,c5,c5,c5,c5,c5
19111,19109,3,c5,c5,c5,c5,c5,c234,c5,c5,c234
19112,19110,3,c234,c1,c1,c1,c1,c1,c1,c1,c1
19113,19111,1,c1,c5,c5,c5,c5,c5,c5,c5,c5
19114,19112,2,c234,c234,c234,c234,c234,c5,c234,c234,c234
19115,19113,1,c5,c5,c5,c5,c5,c5,c5,c5,c5
19116,19114,1,c234,c1,c1,c5,c1,c5,c1,c5,c5
19118,19116,3,c5,c5,c5,c5,c5,c5,c5,c5,c5
19119,9788,3,c234,c1,c1,c1,c1,c1,c1,c1,c1
19120,19118,3,c1,c5,c5,c5,c5,c5,c5,c5,c5
19121,19119,1,c5,c234,c234,c234,c234,c234,c234,c234,c234
19122,12769,1,c234,c1,c1,c1,c1,c234,c1,c1,c234
19123,19121,2,c5,c5,c5,c5,c5,c5,c5,c5,c1
19124,19122,3,c5,c234,c234,c234,c234,c234,c234,c1,c1
19125,7,3,c1,c5,c5,c5,c5,c5,c5,c5,c5
19126,841,1,c1,c1,c1,c1,c1,c1,c1,c1,c1
19127,19125,1,c1,c234,c234,c234,c234,c234,c234,c234,c234
19128,19126,2,c1,c234,c234,c234,c234,c234,c234,c234,c234
19130,19128,3,c234,c5,c5,c5,c5,c5,c5,c5,c234
19131,271,1,c1,c1,c1,c1,c1,c1,c1,c1,c1
19132,19130,2,c5,c5,c5,c5,c5,c5,c5,c234,c234
19133,11119,1,c1,c5,c5,c5,c5,c5,c5,c5,c5
19135,19133,1,c1,c1,c1,c1,c1,c1,c1,c1,c1
19136,19134,3,c5,c5,c5,c5,c5,c5,c5,c5,c5
19137,19135,3,c1,c1,c1,c1,c1,c1,c1,c1,c1
19138,2606,2,c1,c5,c5,c5,c5,c5,c5,c5,c5
19139,19137,1,c234,c5,c5,c5,c5,c5,c5,c5,c5
19141,4872,1,c1,c5,c5,c5,c5,c5,c5,c5,c1
19142,3693,1,c5,c1,c1,c1,c1,c1,c1,c1,c1
19144,19142,2,c5,c234,c234,c234,c5,c5,c234,c5,c5
19145,19143,2,c234,c5,c5,c5,c5,c5,c5,c5,c5
19146,19144,1,c5,c234,c234,c234,c234,c234,c234,c234,c5
19147,19145,3,c1,c1,c1,c1,c1,c1,c1,c1,c234
19148,19146,1,c1,c1,c1,c1,c1,c1,c5,c1,c1
19149,19147,2,c5,c5,c5,c5,c5,c5,c5,c5,c5
19150,19148,2,c234,c5,c5,c5,c5,c5,c5,c5,c5
19151,19149,3,c1,c1,c1,c1,c1,c1,c1,c1,c1
19152,19150,1,c234,c5,c5,c5,c5,c5,c5,c5,c5
19153,19151,2,c234,c5,c5,c5,c5,c5,c5,c5,c5
19154,10749,3,c1,c5,c5,c5,c5,c5,c5,c5,c5
19156,19154,3,c234,c1,c1,c1,c1,c234,c1,c1,c234
19157,581,3,c1,c1,c1,c1,c1,c1,c1,c1,c1
19158,2504,1,c234,c1,c1,c1,c1,c1,c1,c1,c1
19159,19157,1,c1,c234,c1,c1,c1,c234,c234,c1,c234
19160,19158,3,c5,c5,c5,c5,c5,c234,c5,c5,c5
19162,3451,1,c5,c1,c1,c1,c1,c1,c1,c1,c1
19163,36,2,c5,c5,c5,c5,c5,c5,c5,c5,c5
19165,19163,1,c5,c5,c5,c5,c5,c5,c5,c5,c5
19166,271,1,c1,c1,c1,c1,c1,c1,c1,c1,c1
19167,19165,2,c234,c234,c234,c234,c234,c234,c234,c234,c234
19168,19166,3,c1,c5,c5,c234,c5,c5,c5,c1,c5
19169,19167,2,c234,c234,c234,c234,c234,c234,c234,c234,c234
19170,19168,1,c234,c5,c5,c5,c5,c5,c5,c1,c5
19173,19171,3,c234,c1,c234,c1,c1,c1,c1,c1,c234
19174,19172,3,c234,c5,c5,c5,c5,c5,c5,c5,c5
19175,19173,1,c5,c5,c5,c5,c5,c5,c5,c5,c1
19176,7065,2,c5,c1,c1,c234,c1,c5,c1,c234,c5
19178,7,3,c1,c5,c5,c5,c5,c5,c5,c5,c5
19179,2833,2,c5,c5,c5,c5,c5,c5,c5,c5,c5
19181,19179,2,c234,c234,c234,c234,c234,c234,c234,c234,c234
19182,19180,1,c1,c5,c5,c5,c5,c5,c5,c5,c5
19183,19181,2,c1,c5,c5,c5,c5,c5,c5,c5,c5
19184,36,2,c5,c5,c5,c5,c5,c5,c5,c5,c5
19185,19183,3,c234,c5,c5,c5,c5,c5,c5,c5,c5
19186,3437,3,c234,c1,c1,c1,c1,c1,c1,c1,c1
19187,19185,3,c5,c1,c1,c1,c1,c234,c1,c1,c1
19188,2100,2,c5,c1,c1,c1,c1,c1,c1,c1,c1
19189,19187,2,c234,c1,c1,c1,c1,c1,c1,c1,c1
19191,7701,1,c1,c1,c1,c1,c1,c1,c1,c1,c1
19192,19190,1,c5,c5,c5,c5,c5,c234,c5,c5,c234
19193,19191,3,c5,c5,c5,c5,c5,c5,c5,c5,c5
19195,19193,1,c234,c234,c234,c234,c234,c234,c234,c234,c234
19196,19194,2,c1,c1,c1,c1,c1,c234,c1,c1,c1
19197,19195,1,c234,c234,c234,c234,c234,c234,c234,c234,c234
19198,7,3,c5,c1,c5,c1,c1,c5,c1,c5,c5
19199,19197,2,c234,c5,c5,c5,c5,c5,c5,c234,c234
19200,19198,1,c5,c5,c5,c5,c5,c5,c5,c5,c5
19201,2957,3,c1,c234,c234,c234,c234,c234,c234,c1,c1
19203,19201,3,c234,c234,c234,c234,c234,c5,c234,c234,c234
19204,19202,3,c5,c5,c5,c5,c5,c5,c5,c5,c5
19205,19203,2,c234,c234,c234,c234,c234,c5,c234,c234,c5
19207,19205,1,c1,c1,c5,c234,c1,c5,c1,c5,c5
19208,19206,2,c5,c5,c5,c5,c5,c5,c5,c5,c5
19209,19207,3,c5,c5,c5,c5,c5,c5,c5,c5,c5
19210,19208,2,c5,c1,c1,c1,c1,c1,c1,c1,c1
19211,16173,2,c234,c5,c5,c5,c5,c5,c5,c5,c5
19212,457,1,c5,c234,c1,c234,c234,c234,c234,c1,c1
19213,19211,3,c5,c1,c1,c1,c1,c1,c1,c1,c1
19215,19213,1,c234,c234,c234,c234,c234,c1,c234,c234,c234
19216,19214,2,c1,c1,c1,c1,c1,c1,c1,c1,c1
19217,19215,3,c5,c5,c5,c5,c5,c5,c5,c5,c5
19218,19216,1,c5,c5,c5,c5,c5,c5,c5,c5,c5
19220,504,2,c1,c1,c1,c1,c1,c1,c1,c1,c1
19221,19219,3,c234,c1,c1,c1,c1,c5,c1,c5,c5
19222,19220,2,c1,c234,c234,c234,c234,c234,c234,c234,c234
19223,19221,1,c1,c5,c5,c5,c234,c5,c5,c5,c5
19225,19223,2,c5,c5,c5,c5,c5,c5,c5,c5,c5
19226,19224,3,c1,c1,c1,c1,c1,c1,c1,c1,c1
19227,19225,1,c1,c5,c5,c5,c5,c5,c5,c5,c5
19229,166,2,c234,c1,c1,c1,c1,c1,c1,c1,c1
19230,19228,2,c1,c1,c1,c1,c1,c1,c1,c1,c1
19231,19229,3,c5,c234,c234,c234,c234,c234,c234,c5,c234
19232,19230,1,c234,c234,c234,c5,c234,c5,c234,c234,c5
19233,19231,2,c1,c234,c234,c5,c234,c234,c234,c5,c234
19234,19232,3,c234,c5,c5,c5,c5,c5,c5,c5,c5
19235,19233,1,c5,c1,c1,c1,c1,c5,c1,c1,c5
19237,19100,1,c5,c5,c5,c5,c5,c5,c5,c5,c5
19238,19236,3,c234,c234,c234,c234,c234,c234,c234,c234,c234
19239,19237,2,c5,c1,c234,c234,c234,c234,c234,c234,c234
19241,19239,2,c5,c5,c5,c5,c5,c5,c5,c5,c5
19242,19240,1,c1,c1,c1,c1,c1,c1,c1,c1,c1
19243,19241,3,c5,c5,c5,c5,c5,c5,c5,c5,c5
19244,19242,1,c234,c5,c5,c5,c5,c5,c5,c5,c5
19245,19243,2,c5,c1,c1,c1,c1,c234,c1,c1,c1
19247,19245,3,c234,c234,c234,c234,c234,c5,c234,c234,c5
19248,19246,2,c5,c1,c1,c1,c1,c1,c1,c1,c1
19250,19248,1,c234,c234,c234,c234,c234,c234,c234,c234,c234
19252,19250,1,c234,c5,c5,c5,c5,c5,c5,c5,c5
19253,8861,1,c234,c5,c5,c5,c5,c234,c5,c5,c5
19254,19252,3,c234,c1,c1,c234,c1,c1,c1,c234,c1
19255,271,1,c1,c1,c1,c1,c1,c1,c1,c1,c1
19256,19254,2,c5,c5,c5,c5,c5,c5,c5,c5,c5
19258,19256,3,c234,c1,c1,c1,c1,c1,c1,c1,c1
19259,19257,1,c1,c5,c5,c5,c5,c5,c5,c5,c5
19261,6800,1,c1,c1,c1,c1,c1,c1,c1,c1,c1
19262,19260,2,c5,c234,c234,c5,c234,c5,c234,c5,c5
19263,19261,3,c5,c5,c5,c5,c5,c5,c5,c5,c5
19264,19262,1,c1,c234,c234,c234,c234,c234,c234,c234,c234
19265,19263,3,c234,c5,c5,c5,c5,c5,c5,c5,c5
19266,9962,1,c1,c1,c1,c1,c1,c1,c1,c1,c1
19267,19265,1,c234,c5,c5,c5,c5,c5,c5,c5,c5
19268,581,3,c1,c1,c1,c1,c1,c1,c1,c1,c1
19269,504,2,c1,c1,c1,c1,c1,c1,c1,c1,c1
19271,19269,2,c234,c234,c234,c1,c234,c234,c234,c1,c234
19272,19270,2,c5,c5,c5,c5,c5,c5,c5,c5,c5
19273,19271,3,c5,c1,c1,c1,c1,c5,c1,c1,c5
19275,19273,3,c234,c234,c234,c234,c234,c234,c234,c234,c234
19277,19275,1,c234,c5,c5,c5,c5,c5,c5,c5,c5
19278,19276,2,c1,c1,c1,c1,c1,c1,c1,c1,c1
19279,19277,1,c5,c5,c5,c5,c5,c5,c5,c5,c5
19280,19278,2,c1,c1,c1,c1,c1,c5,c1,c1,c1
19282,19280,1,c234,c5,c5,c5,c5,c5,c5,c5,c5
19283,19281,3,c5,c5,c5,c5,c5,c234,c5,c5,c234
19284,755,2,c1,c1,c1,c1,c1,c1,c1,c1,c1
19285,2734,2,c5,c1,c1,c1,c1,c1,c1,c1,c1
19286,36,2,c5,c5,c5,c5,c5,c5,c5,c5,c5
19287,19285,2,c5,c5,c5,c5,c5,c5,c5,c5,c5
19289,2900,1,c5,c5,c5,c5,c5,c5,c5,c5,c5
19290,11420,3,c1,c1,c1,c1,c1,c1,c1,c1,c1
19292,19290,3,c5,c234,c234,c234,c234,c1,c234,c1,c1
19293,19291,1,c234,c1,c1,c1,c1,c5,c1,c1,c1
19294,19292,2,c234,c5,c5,c5,c5,c5,c5,c234,c234
19295,19293,3,c5,c5,c5,c5,c5,c234,c5,c5,c234
19297,19295,1,c1,c234,c234,c234,c234,c234,c234,c1,c1
19298,406,2,c1,c1,c1,c1,c1,c1,c1,c1,c1
19299,19297,2,c5,c5,c5,c5,c5,c5,c5,c5,c5
19300,19298,3,c1,c234,c234,c234,c234,c234,c234,c234,c234
19301,19299,3,c234,c5,c5,c234,c5,c234,c5,c234,c234
19302,0,3,c234,c1,c1,c1,c1,c1,c1,c1,c1
19303,16,1,c234,c1,c1,c1,c1,c1,c1,c1,c1
19304,798,2,c234,c1,c1,c1,c1,c1,c1,c1,c1
19306,19304,1,c1,c5,c5,c5,c5,c5,c5,c5,c5
19307,19305,1,c234,c234,c234,c234,c234,c5,c234,c234,c5
19308,19306,2,c5,c5,c5,c5,c5,c5,c5,c5,c5
19309,19307,3,c1,c234,c234,c5,c234,c234,c234,c5,c234
19310,284,3,c5,c5,c5,c1,c5,c5,c5,c1,c5
19311,3010,2,c5,c5,c5,c5,c5,c5,c5,c5,c5
19313,9774,1,c234,c234,c234,c234,c234,c234,c234,c234,c234
19314,19312,2,c1,c234,c234,c234,c234,c5,c234,c234,c5
19315,3888,2,c5,c5,c234,c234,c5,c234,c5,c234,c234
19316,19314,2,c234,c234,c234,c234,c5,c5,c5,c234,c5
19317,19315,3,c1,c5,c5,c5,c5,c5,c5,c5,c5
19319,19317,1,c234,c234,c234,c234,c234,c5,c234,c234,c5
19320,19318,1,c5,c5,c5,c5,c5,c5,c5,c5,c5
19322,19320,2,c234,c5,c5,c5,c5,c5,c5,c5,c5
19323,19321,3,c5,c5,c5,c234,c5,c5,c5,c5,c5
19324,19322,1,c1,c5,c5,c5,c5,c5,c5,c5,c5
19326,19324,2,c234,c234,c234,c234,c234,c5,c234,c234,c5
19327,19325,3,c234,c234,c234,c234,c234,c234,c234,c234,c234
19329,19327,2,c234,c5,c5,c5,c5,c5,c5,c5,c5
19330,126,1,c234,c5,c5,c5,c5,c5,c5,c5,c5
19331,19329,1,c5,c234,c234,c234,c234,c234,c234,c234,c5
19332,19330,2,c5,c5,c5,c5,c5,c5,c5,c5,c234
19333,19331,3,c1,c234,c234,c234,c1,c234,c234,c1,c1
19334,19332,1,c234,c234,c234,c234,c234,c234,c234,c234,c234
19335,19333,2,c1,c1,c1,c1,c1,c1,c1,c1,c5
19337,600,1,c234,c234,c234,c234,c234,c5,c234,c234,c5
19338,91,3,c1,c1,c1,c1,c1,c1,c1,c1,c1
19339,19337,3,c1,c234,c234,c234,c234,c234,c234,c234,c5
19340,12578,1,c1,c1,c1,c1,c1,c1,c1,c1,c1
19341,19339,1,c234,c5,c5,c5,c5,c5,c5,c5,c5
19342,19340,3,c5,c234,c234,c234,c234,c234,c234,c234,c1
19344,19342,2,c1,c234,c234,c234,c234,c234,c234,c234,c5
19345,252,1,c1,c1,c5,c1,c1,c234,c1,c1,c1
19347,19345,1,c5,c5,c5,c5,c5,c5,c5,c5,c5
19348,19346,2,c234,c1,c1,c1,c1,c1,c1,c1,c1
19349,19347,3,c5,c5,c5,c5,c5,c5,c5,c5,c5
19350,19348,3,c5,c5,c5,c5,c5,c5,c5,c5,c5
19351,17156,2,c234,c1,c1,c1,c1,c234,c1,c1,c234
19352,19350,1,c234,c1,c1,c1,c1,c1,c1,c1,c1
19354,19352,2,c5,c5,c5,c5,c5,c5,c5,c5,c5
19355,19353,1,c5,c5,c5,c5,c5,c5,c5,c5,c234
19357,19355,3,c5,c5,c5,c5,c5,c5,c5,c5,c5
19358,16,1,c1,c1,c1,c1,c1,c1,c1,c1,c1
19359,19357,2,c234,c5,c5,c5,c5,c234,c5,c5,c234
19360,19358,1,c234,c234,c234,c234,c234,c234,c234,c234,c234
19361,19359,2,c5,c5,c5,c5,c5,c5,c5,c5,c5
19362,12859,2,c5,c1,c1,c1,c1,c1,c1,c1,c1
19365,4491,2,c5,c234,c234,c234,c234,c234,c234,c234,c1
19366,19364,3,c234,c234,c1,c1,c1,c234,c234,c1,c1
19367,19365,1,c234,c5,c5,c5,c5,c5,c5,c5,c5
19368,2323,2,c1,c1,c1,c234,c234,c234,c1,c234,c234
19369,19367,3,c1,c234,c234,c1,c234,c234,c234,c234,c1
19370,2317,3,c5,c234,c234,c5,c234,c234,c234,c5,c234
19371,19369,3,c234,c1,c1,c234,c5,c5,c1,c5,c5
19372,19370,2,c1,c234,c234,c234,c234,c234,c234,c234,c234
19373,504,2,c1,c1,c1,c1,c1,c1,c1,c1,c1
19375,19373,3,c5,c234,c234,c234,c234,c5,c234,c234,c234
19376,19374,2,c1,c234,c234,c234,c234,c234,c234,c5,c5
19378,271,1,c1,c1,c1,c1,c1,c1,c1,c1,c1
19379,19377,3,c5,c234,c5,c234,c234,c234,c234,c234,c1
19382,19380,1,c234,c5,c5,c5,c5,c234,c5,c5,c5
19383,19381,3,c1,c234,c234,c234,c1,c234,c234,c234,c234
19384,16827,3,c5,c5,c5,c5,c5,c5,c5,c5,c1
19386,19384,1,c1,c234,c234,c234,c234,c5,c234,c234,c5
19387,19385,2,c5,c5,c5,c5,c5,c5,c5,c5,c5
19388,19386,3,c5,c5,c5,c5,c5,c5,c5,c5,c5
19389,19387,2,c1,c1,c1,c1,c1,c1,c1,c1,c1
19390,19388,1,c234,c234,c234,c234,c234,c234,c234,c234,c234
19392,19390,3,c5,c234,c234,c234,c234,c234,c234,c234,c234
19393,19391,1,c1,c234,c234,c234,c234,c234,c234,c234,c234
19394,2121,1,c1,c234,c234,c1,c234,c234,c234,c1,c1
19395,3027,3,c234,c234,c234,c234,c234,c234,c234,c234,c234
19396,19394,2,c5,c234,c234,c234,c234,c5,c234,c5,c5
19398,923,3,c5,c234,c234,c234,c234,c5,c234,c234,c234
19399,19397,1,c234,c5,c5,c5,c5,c5,c5,c5,c5
19400,19398,2,c1,c1,c1,c1,c1,c1,c1,c1,c1
19401,19399,3,c5,c234,c234,c234,c234,c234,c234,c234,c234
19402,19400,1,c5,c5,c5,c5,c5,c5,c5,c5,c5
19404,19402,1,c1,c1,c1,c1,c1,c234,c1,c1,c234
19405,19403,2,c234,c5,c5,c5,c5,c5,c5,c5,c5
19406,19404,3,c5,c5,c5,c5,c5,c5,c5,c5,c5
19407,4179,1,c5,c1,c1,c1,c1,c5,c1,c1,c5
19408,19406,1,c234,c5,c5,c5,c5,c5,c5,c5,c5
19410,19408,2,c1,c1,c1,c1,c1,c5,c1,c1,c5
19411,19409,1,c5,c234,c234,c234,c234,c234,c234,c234,c234
19413,19411,3,c5,c234,c234,c234,c234,c234,c234,c234,c234
19414,914,1,c5,c1,c1,c1,c1,c1,c1,c1,c1
19415,16,1,c1,c1,c1,c1,c1,c1,c1,c1,c1
19416,19414,2,c1,c1,c1,c1,c1,c1,c1,c1,c1
19417,19415,2,c5,c1,c1,c1,c1,c1,c1,c1,c1
19418,19416,2,c1,c1,c1,c1,c1,c1,c1,c1,c1
19419,19417,3,c5,c1,c1,c1,c5,c1,c1,c5,c5
19420,19418,1,c1,c5,c5,c5,c5,c5,c5,c5,c5
19422,19420,3,c5,c234,c234,c234,c234,c5,c234,c234,c5
19423,19421,1,c5,c234,c234,c234,c234,c234,c234,c234,c5
19424,19422,2,c5,c5,c5,c5,c5,c5,c5,c5,c5
19425,19423,2,c234,c5,c5,c5,c5,c5,c5,c5,c5
19427,19425,3,c234,c5,c5,c5,c5,c5,c5,c5,c5
19428,2499,3,c234,c5,c5,c5,c5,c5,c5,c5,c5
19429,36,2,c234,c5,c5,c5,c5,c5,c5,c5,c5
19430,19428,1,c1,c5,c5,c5,c5,c5,c5,c5,c5
19431,19429,3,c234,c234,c234,c234,c234,c5,c234,c234,c5
19432,19430,1,c234,c234,c234,c234,c234,c234,c234,c234,c234
19433,19431,3,c5,c5,c5,c5,c5,c5,c5,c5,c5
19434,19432,2,c5,c5,c5,c5,c5,c5,c5,c5,c5
19436,1790,3,c5,c234,c234,c234,c234,c234,c234,c234,c234
19437,19435,2,c234,c234,c234,c234,c234,c5,c234,c234,c5
19438,19436,3,c5,c234,c1,c234,c1,c1,c234,c1,c1
19440,19438,1,c5,c1,c1,c234,c1,c1,c1,c1,c1
19442,19440,3,c234,c1,c1,c1,c1,c1,c1,c1,c1
19443,19441,1,c5,c1,c1,c1,c1,c234,c1,c5,c234
19444,19442,2,c5,c234,c234,c234,c234,c234,c234,c234,c234
19445,36,2,c5,c5,c5,c5,c5,c5,c5,c5,c5
19446,19444,2,c1,c1,c1,c1,c1,c1,c1,c1,c1
19447,36,2,c1,c5,c5,c5,c5,c5,c5,c5,c5
19448,19446,1,c234,c234,c5,c234,c5,c234,c234,c234,c234
19449,19447,3,c5,c1,c1,c1,c1,c5,c1,c1,c1
19450,19448,1,c5,c5,c5,c5,c5,c5,c5,c5,c5
19451,841,1,c1,c1,c1,c1,c1,c1,c1,c1,c1
19452,19450,2,c234,c1,c1,c1,c1,c1,c1,c1,c1
19453,19451,3,c5,c5,c5,c5,c5,c5,c5,c5,c5
19454,19452,3,c5,c234,c234,c234,c234,c5,c234,c234,c5
19455,19453,1,c5,c5,c5,c5,c5,c5,c5,c5,c5
19456,19454,2,c234,c5,c5,c5,c5,c5,c5,c5,c5
19457,0,3,c234,c1,c1,c1,c1,c1,c1,c1,c1
19459,3888,2,c1,c234,c234,c234,c234,c234,c5,c234,c234
19460,6774,1,c5,c5,c5,c5,c5,c5,c5,c5,c5
19461,19459,2,c234,c5,c5,c5,c5,c5,c5,c5,c5
19462,19460,1,c5,c5,c5,c5,c5,c5,c5,c5,c5
19464,19462,3,c234,c5,c5,c5,c5,c5,c5,c5,c5
19465,19463,2,c5,c5,c5,c5,c5,c5,c5,c5,c5
19467,19465,1,c5,c5,c5,c5,c5,c5,c5,c5,c5
19468,19466,2,c5,c234,c234,c234,c234,c234,c234,c234,c234
19469,19467,3,c5,c234,c234,c234,c234,c234,c234,c234,c234
19470,19468,3,c234,c5,c5,c5,c5,c5,c5,c5,c5
19471,819,2,c234,c1,c1,c1,c1,c1,c1,c1,c234
19472,19470,1,c234,c1,c1,c1,c1,c234,c1,c1,c1
19474,6471,1,c5,c5,c5,c5,c5,c5,c5,c5,c5
19476,19474,2,c234,c234,c234,c234,c234,c234,c234,c234,c234
19477,19475,1,c1,c1,c1,c1,c1,c5,c1,c1,c5
19479,19477,2,c1,c1,c1,c1,c1,c1,c1,c1,c1
19480,19478,3,c234,c234,c234,c234,c234,c5,c234,c234,c5
19481,349,1,c234,c1,c1,c1,c1,c5,c1,c1,c5
19482,7,3,c1,c1,c5,c1,c1,c5,c1,c5,c5
19484,19482,3,c5,c5,c5,c5,c5,c5,c5,c5,c5
19485,19483,1,c234,c234,c234,c234,c234,c234,c234,c234,c234
19486,2317,3,c1,c234,c234,c234,c234,c234,c234,c234,c234
19487,7,3,c1,c5,c5,c5,c5,c5,c5,c5,c5
19488,504,2,c234,c1,c1,c1,c1,c1,c1,c1,c1
19489,16,1,c234,c1,c1,c1,c1,c1,c1,c1,c1
19490,19488,2,c1,c5,c5,c5,c5,c5,c5,c5,c5
19491,36,2,c234,c5,c5,c5,c5,c5,c5,c5,c5
19493,19491,2,c1,c5,c5,c5,c5,c5,c5,c5,c5
19494,19492,1,c234,c1,c1,c1,c1,c5,c1,c1,c5
19495,19493,3,c1,c234,c234,c234,c234,c234,c234,c234,c234
19496,19494,1,c5,c5,c5,c5,c5,c5,c5,c5,c5
19497,2741,3,c1,c5,c234,c234,c5,c234,c5,c234,c234
19499,19497,2,c1,c234,c234,c234,c234,c234,c234,c234,c234
19500,724,3,c5,c1,c1,c1,c1,c1,c1,c1,c1
19501,19499,3,c5,c5,c5,c5,c5,c5,c5,c1,c1
19502,16247,2,c1,c5,c5,c5,c5,c5,c5,c5,c5
19503,19501,1,c5,c5,c5,c5,c5,c5,c5,c5,c5
19504,1293,1,c5,c234,c234,c234,c234,c234,c234,c234,c234
19506,19504,2,c5,c5,c5,c5,c5,c5,c5,c5,c5
19507,19505,1,c1,c234,c234,c234,c234,c234,c234,c234,c1
19508,15774,3,c1,c1,c1,c1,c1,c1,c1,c1,c1
19509,19507,2,c1,c5,c5,c5,c5,c5,c5,c5,c5
19510,19508,2,c5,c5,c5,c5,c5,c5,c5,c5,c5
19511,19509,3,c234,c1,c1,c1,c1,c5,c1,c1,c5
19512,4132,2,c1,c1,c1,c1,c1,c1,c1,c1,c1
19514,19512,1,c5,c1,c1,c234,c1,c234,c1,c1,c1
19516,19514,3,c234,c5,c5,c5,c5,c5,c5,c5,c5
19517,19515,2,c234,c5,c5,c5,c5,c5,c5,c5,c5
19518,19516,3,c234,c1,c1,c1,c1,c234,c1,c1,c1
19519,19517,3,c5,c234,c234,c234,c234,c234,c234,c234,c234
19520,19518,3,c234,c234,c234,c5,c1,c5,c234,c5,c5
19521,19519,2,c5,c5,c5,c5,c5,c5,c5,c5,c5
19524,19522,1,c1,c5,c5,c5,c5,c5,c5,c5,c5
19525,19523,1,c5,c1,c1,c1,c1,c1,c1,c1,c1
19526,19524,2,c5,c1,c5,c1,c1,c1,c1,c1,c1
19528,641,3,c234,c5,c5,c5,c5,c5,c5,c5,c5
19529,19527,3,c1,c234,c234,c234,c234,c234,c234,c234,c234
19530,1579,1,c234,c5,c234,c5,c5,c5,c5,c5,c5
19531,19529,1,c234,c234,c234,c234,c234,c5,c234,c234,c5
19532,19530,2,c5,c234,c234,c234,c234,c234,c234,c234,c234
19533,1942,1,c5,c5,c5,c5,c5,c5,c5,c5,c5
19534,19532,3,c1,c1,c1,c1,c1,c1,c1,c1,c1
19535,19533,1,c234,c234,c234,c234,c234,c234,c234,c234,c234
19537,19535,2,c1,c234,c234,c234,c1,c234,c234,c1,c1
19538,19536,3,c234,c234,c234,c234,c234,c234,c234,c234,c234
19540,19538,1,c1,c5,c5,c234,c5,c234,c5,c234,c234
19541,19539,2,c234,c5,c5,c5,c5,c5,c5,c5,c5
19542,920,2,c1,c1,c1,c1,c1,c1,c1,c1,c1
19543,19541,3,c5,c5,c5,c5,c5,c5,c5,c5,c5
19544,3677,3,c1,c234,c234,c234,c234,c234,c234,c234,c234
19545,271,1,c5,c1,c1,c1,c1,c1,c1,c1,c1
19546,19544,1,c1,c1,c1,c1,c1,c1,c1,c1,c1
19547,19545,2,c1,c5,c5,c5,c5,c5,c5,c5,c5
19549,19547,3,c1,c1,c1,c1,c1,c1,c1,c1,c1
19550,16017,2,c234,c1,c1,c1,c1,c1,c1,c1,c1
19551,36,2,c234,c5,c5,c5,c5,c5,c5,c5,c5
19552,19550,1,c5,c1,c5,c234,c1,c234,c1,c234,c234
19553,19551,2,c5,c5,c5,c5,c5,c234,c5,c5,c234
19555,2536,2,c234,c1,c1,c1,c1,c1,c1,c1,c1
19556,1361,2,c234,c1,c1,c1,c1,c1,c1,c1,c1
19558,19556,3,c1,c234,c234,c234,c234,c234,c234,c234,c234
19559,19557,2,c234,c1,c1,c1,c1,c5,c1,c1,c5
19560,19558,2,c1,c5,c5,c5,c5,c5,c5,c5,c5
19561,19559,1,c5,c5,c5,c5,c5,c5,c5,c5,c5
19563,19561,3,c5,c5,c1,c5,c5,c5,c5,c1,c1
19564,6228,3,c1,c1,c1,c1,c1,c1,c1,c234,c1
19565,19563,3,c234,c5,c5,c5,c5,c5,c5,c5,c5
19566,19564,1,c234,c234,c234,c234,c234,c5,c234,c234,c234
19568,16040,2,c1,c1,c1,c1,c1,c1,c1,c1,c1
19569,19567,2,c234,c234,c234,c234,c234,c234,c234,c234,c234
19571,19569,3,c5,c5,c5,c5,c5,c5,c5,c5,c5
19572,10105,1,c5,c5,c5,c5,c5,c5,c5,c5,c5
19573,19571,1,c5,c5,c5,c5,c5,c5,c5,c5,c5
19574,3584,1,c234,c234,c1,c234,c1,c1,c234,c234,c1
19575,19573,2,c1,c1,c1,c1,c1,c1,c1,c1,c234
19576,19574,1,c234,c234,c234,c1,c234,c1,c234,c234,c1
19577,19575,3,c234,c5,c5,c5,c5,c5,c5,c5,c5
19579,19577,2,c1,c1,c1,c1,c1,c234,c1,c1,c1
19580,19578,1,c5,c5,c5,c5,c234,c5,c5,c5,c5
19581,19579,2,c1,c5,c5,c234,c5,c5,c5,c1,c5
19582,19580,3,c5,c234,c234,c234,c234,c234,c234,c234,c1
19584,19582,2,c5,c234,c234,c234,c234,c234,c234,c234,c234
19585,19583,1,c234,c1,c1,c1,c1,c1,c1,c1,c1
19586,7,3,c1,c5,c5,c5,c5,c5,c5,c5,c5
19587,19585,3,c1,c5,c5,c5,c5,c5,c5,c5,c5
19588,19586,3,c234,c234,c234,c5,c234,c234,c234,c234,c234
19589,7,3,c5,c5,c5,c5,c5,c5,c5,c5,c5
19591,19589,1,c234,c1,c1,c1,c1,c234,c1,c1,c234
19592,19590,3,c234,c234,c234,c234,c234,c234,c234,c234,c5
19595,19593,2,c5,c5,c5,c5,c5,c5,c5,c5,c5
19596,19594,1,c234,c1,c1,c5,c1,c5,c1,c1,c5
19597,3313,3,c5,c5,c5,c5,c5,c5,c5,c5,c5
19598,19596,2,c5,c5,c5,c5,c5,c5,c5,c5,c5
19599,19597,1,c1,c5,c5,c5,c234,c5,c5,c5,c5
19600,19598,2,c5,c5,c5,c5,c5,c5,c5,c5,c5
19602,19600,3,c5,c5,c5,c5,c1,c5,c5,c5,c5
19603,19601,1,c5,c234,c234,c234,c234,c5,c234,c234,c234
19604,271,1,c1,c1,c1,c1,c1,c1,c1,c1,c1
19605,19603,3,c5,c5,c5,c5,c5,c5,c5,c5,c5
19606,5529,3,c234,c1,c1,c1,c1,c1,c1,c1,c1
19608,19606,2,c1,c234,c234,c234,c234,c234,c234,c234,c234
19609,19607,2,c234,c1,c1,c234,c234,c234,c234,c1,c234
19610,19608,1,c5,c5,c5,c5,c5,c5,c5,c5,c5
19611,19609,3,c5,c1,c234,c234,c1,c234,c1,c234,c234
19613,19611,2,c5,c5,c5,c5,c5,c5,c5,c5,c5
19614,19612,1,c234,c1,c1,c1,c1,c1,c1,c1,c1
19615,19613,3,c5,c234,c5,c234,c234,c5,c5,c5,c5
19616,19614,1,c234,c1,c1,c1,c1,c5,c1,c1,c5
19618,19616,1,c1,c234,c234,c234,c1,c234,c234,c234,c5
19620,19618,2,c234,c5,c5,c5,c5,c5,c5,c5,c5
19621,19619,2,c1,c234,c234,c234,c234,c234,c234,c234,c234
19623,1239,3,c1,c5,c5,c5,c5,c5,c5,c5,c5
19624,19622,3,c234,c234,c234,c234,c234,c234,c234,c234,c234
19626,19624,1,c5,c5,c5,c5,c5,c5,c5,c5,c5
19627,19625,2,c234,c1,c1,c1,c1,c5,c1,c1,c5
19628,19626,3,c1,c5,c5,c5,c5,c5,c5,c5,c5
19629,19627,3,c234,c5,c5,c5,c5,c5,c5,c5,c5
19630,581,3,c234,c1,c1,c1,c1,c1,c1,c1,c1
19631,19629,1,c234,c234,c234,c234,c234,c234,c234,c234,c234
19633,19631,2,c5,c234,c234,c234,c234,c234,c234,c234,c234
19634,610,2,c5,c1,c1,c1,c1,c1,c1,c1,c1
19635,13298,3,c1,c1,c1,c1,c1,c1,c1,c1,c5
19636,1212,3,c1,c1,c1,c1,c1,c1,c1,c1,c1
19637,1790,3,c234,c234,c1,c234,c234,c1,c234,c1,c1
19638,14893,3,c234,c1,c1,c1,c1,c5,c1,c1,c1
19639,19637,3,c1,c234,c234,c234,c234,c234,c234,c234,c5
19640,19638,1,c5,c5,c5,c5,c5,c5,c5,c5,c5
19642,19640,1,c234,c5,c5,c5,c5,c5,c5,c5,c5
19643,19641,2,c1,c1,c1,c1,c1,c1,c1,c1,c1
19644,19642,1,c234,c234,c234,c234,c234,c234,c234,c234,c234
19645,19643,2,c234,c5,c5,c1,c1,c5,c5,c1,c5
19646,19644,2,c234,c1,c1,c1,c1,c1,c1,c1,c1
19648,19646,3,c5,c1,c5,c1,c1,c5,c1,c1,c5
19649,19647,3,c5,c5,c234,c5,c5,c5,c5,c5,c234
19650,19648,1,c1,c1,c1,c1,c1,c1,c1,c1,c1
19651,4623,2,c1,c1,c1,c1,c1,c1,c1,c1,c1
19652,6559,3,c5,c5,c5,c5,c5,c5,c5,c5,c5
19653,3978,3,c234,c234,c234,c234,c234,c234,c234,c234,c234
19654,19652,2,c1,c5,c5,c5,c5,c5,c5,c5,c5
19655,19653,2,c5,c5,c5,c5,c5,c5,c5,c5,c5
19656,19654,1,c1,c1,c1,c1,c1,c1,c1,c1,c1
19657,11268,1,c5,c5,c5,c5,c5,c5,c5,c5,c1
19658,19656,3,c234,c5,c5,c5,c5,c5,c5,c5,c5
19659,939,3,c1,c234,c234,c1,c234,c1,c1,c1,c1
19661,19659,1,c234,c5,c5,c5,c5,c234,c5,c5,c5
19663,19661,3,c5,c5,c5,c5,c5,c5,c5,c5,c5
19664,19662,1,c234,c5,c5,c5,c5,c5,c5,c5,c5
19665,19663,3,c5,c5,c5,c5,c5,c5,c5,c5,c5
19666,19664,2,c5,c5,c5,c5,c5,c5,c5,c5,c5
19668,19666,1,c1,c234,c5,c5,c5,c5,c5,c5,c5
19669,19667,2,c234,c1,c1,c1,c1,c1,c1,c1,c1
19670,19668,3,c5,c234,c234,c5,c5,c234,c234,c5,c234
19671,19669,1,c234,c5,c5,c5,c5,c5,c5,c5,c234
19672,19670,2,c234,c1,c1,c1,c1,c234,c1,c1,c234
19674,117,3,c1,c1,c1,c1,c1,c1,c1,c1,c1
19675,19673,3,c1,c1,c1,c5,c1,c234,c1,c1,c1
19676,19674,3,c5,c5,c5,c5,c5,c5,c5,c234,c5
19677,19675,1,c234,c1,c1,c234,c234,c234,c1,c234,c234
19679,19677,1,c234,c1,c1,c1,c1,c1,c1,c1,c1
19680,1490,3,c234,c5,c5,c5,c5,c5,c5,c5,c5
19681,19679,2,c234,c234,c234,c234,c234,c5,c234,c234,c5
19682,252,1,c5,c1,c234,c1,c1,c1,c1,c234,c234
19683,19681,1,c1,c1,c1,c1,c1,c1,c1,c1,c1
19684,19682,3,c5,c5,c5,c1,c1,c5,c5,c1,c5
19686,7,3,c1,c1,c5,c1,c1,c5,c1,c5,c5
19687,19685,2,c5,c1,c1,c1,c1,c5,c1,c1,c1
19688,19686,2,c1,c1,c1,c1,c1,c234,c1,c1,c1
19690,7901,2,c5,c234,c234,c234,c5,c234,c5,c5,c234
19691,19689,1,c234,c5,c234,c5,c5,c5,c5,c5,c234
19692,19690,3,c5,c1,c1,c1,c1,c1,c1,c1,c5
19694,19692,1,c234,c1,c1,c1,c1,c5,c1,c1,c1
19695,19693,3,c1,c234,c234,c234,c1,c234,c234,c234,c1
19696,19694,2,c1,c1,c1,c1,c5,c1,c1,c1,c1
19697,19695,2,c5,c5,c5,c5,c5,c5,c5,c5,c5
19698,19696,3,c234,c234,c234,c234,c234,c234,c234,c234,c234
19699,7,3,c234,c5,c5,c5,c5,c5,c5,c5,c5
19701,19699,1,c1,c5,c5,c1,c5,c5,c5,c5,c5
19702,91,3,c1,c1,c1,c1,c1,c1,c1,c1,c1
19703,19701,2,c234,c5,c5,c5,c5,c5,c5,c5,c234
19704,19702,1,c5,c1,c1,c1,c1,c5,c1,c1,c5
19705,7,3,c1,c5,c5,c5,c5,c5,c5,c5,c5
19706,19704,3,c5,c1,c1,c1,c1,c1,c1,c1,c1
19708,19706,3,c5,c5,c5,c5,c5,c5,c5,c5,c5
19710,19708,3,c5,c5,c5,c5,c5,c5,c5,c5,c5
19712,19710,1,c234,c234,c234,c234,c234,c234,c234,c234,c234
19713,19711,2,c1,c5,c5,c5,c5,c5,c5,c5,c5
19714,19712,2,c234,c1,c1,c1,c1,c1,c1,c1,c1
19716,19714,1,c1,c234,c234,c234,c234,c234,c234,c234,c234
19717,19715,3,c234,c5,c5,c5,c5,c5,c5,c5,c5
19718,19716,1,c234,c1,c1,c5,c1,c5,c1,c1,c5
19719,19717,2,c1,c5,c5,c5,c5,c5,c5,c5,c5
19720,19718,1,c5,c5,c5,c5,c5,c5,c5,c5,c234
19722,19720,3,c234,c234,c234,c5,c234,c234,c5,c5,c234
19723,19721,2,c5,c5,c5,c5,c5,c5,c5,c5,c5
19724,19722,3,c1,c234,c234,c234,c234,c234,c234,c5,c234
19725,19723,1,c5,c234,c234,c234,c234,c5,c234,c234,c5
19727,19725,2,c5,c234,c234,c234,c234,c234,c234,c234,c234
19728,19726,3,c234,c1,c1,c1,c1,c1,c1,c1,c1
19729,19727,1,c1,c1,c1,c1,c1,c5,c1,c1,c5
19730,19728,2,c1,c1,c1,c1,c1,c1,c1,c1,c1
19731,19729,3,c234,c234,c234,c234,c234,c234,c234,c234,c234
19733,19731,1,c5,c5,c5,c5,c5,c1,c5,c5,c1
19734,1598,3,c5,c234,c234,c234,c234,c234,c234,c234,c234
19735,19733,2,c234,c234,c5,c234,c5,c234,c5,c234,c5
19736,19734,3,c234,c234,c234,c234,c234,c234,c234,c234,c234
19737,19735,1,c5,c5,c5,c5,c5,c5,c5,c5,c5
19738,19736,2,c234,c1,c1,c1,c1,c1,c1,c1,c1
19740,19738,1,c1,c1,c1,c1,c1,c5,c1,c1,c5
19741,939,3,c1,c234,c234,c1,c234,c1,c1,c1,c1
19742,331,2,c5,c234,c234,c234,c234,c5,c234,c234,c5
19743,19741,1,c234,c1,c1,c1,c1,c1,c1,c1,c1
19744,19742,3,c1,c234,c234,c234,c234,c234,c234,c234,c1
19746,19744,2,c1,c234,c234,c234,c234,c1,c234,c234,c1
19747,19745,3,c5,c1,c1,c1,c1,c234,c1,c1,c234
19748,19746,2,c1,c1,c1,c1,c1,c1,c1,c5,c5
19749,19747,1,c234,c234,c234,c234,c234,c5,c234,c234,c5
19750,19748,3,c5,c5,c5,c5,c5,c5,c5,c5,c5
19751,19749,3,c5,c5,c5,c5,c5,c5,c5,c234,c234
19752,19750,1,c234,c234,c234,c234,c234,c234,c234,c234,c1
19754,19752,2,c5,c234,c234,c234,c234,c5,c234,c234,c5
19756,19754,2,c5,c5,c5,c5,c5,c5,c5,c5,c5
19757,19755,1,c234,c5,c5,c5,c5,c5,c5,c5,c5
19758,19756,3,c234,c234,c234,c234,c234,c5,c234,c234,c5
19759,19757,1,c5,c5,c5,c5,c5,c5,c5,c5,c5
19760,1212,3,c1,c1,c1,c1,c1,c1,c1,c1,c1
19762,19760,2,c5,c5,c5,c5,c5,c5,c5,c5,c5
19764,19762,3,c234,c1,c1,c1,c1,c1,c1,c1,c1
19765,19763,1,c1,c5,c5,c5,c5,c234,c5,c5,c234
19768,19766,3,c234,c5,c5,c5,c5,c5,c5,c5,c5
19769,19767,2,c5,c5,c5,c5,c5,c5,c5,c5,c5
19770,19768,1,c234,c234,c234,c234,c234,c234,c234,c234,c234
19771,19769,2,c1,c1,c1,c1,c1,c1,c1,c1,c1
19772,19770,3,c5,c1,c1,c1,c1,c1,c1,c1,c1
19773,19771,1,c5,c5,c5,c5,c5,c5,c5,c5,c5
19775,19773,2,c1,c234,c234,c234,c234,c234,c234,c234,c234
19776,19774,3,c234,c5,c5,c5,c234,c5,c5,c5,c5
19777,19775,1,c5,c5,c5,c5,c5,c5,c5,c5,c5
19779,19777,2,c234,c1,c1,c1,c1,c1,c1,c1,c1
19780,19778,3,c5,c234,c234,c234,c234,c234,c234,c234,c234
19781,19779,1,c1,c1,c1,c1,c1,c1,c1,c1,c1
19782,1748,3,c234,c234,c234,c5,c234,c5,c234,c5,c5
19783,5866,2,c5,c5,c5,c5,c5,c5,c5,c5,c5
19784,12911,3,c234,c234,c234,c234,c234,c234,c234,c234,c5
19785,14845,1,c5,c1,c1,c1,c1,c1,c1,c1,c1
19786,779,1,c1,c1,c1,c1,c1,c1,c1,c1,c1
19787,1800,3,c5,c1,c5,c1,c5,c1,c1,c1,c1
19788,19786,2,c234,c5,c5,c5,c5,c1,c5,c1,c1
19789,19787,2,c234,c5,c5,c5,c5,c5,c5,c5,c5
19790,271,1,c1,c1,c1,c1,c1,c1,c1,c1,c1
19791,19789,3,c1,c234,c234,c234,c234,c234,c234,c234,c234
19792,19790,3,c234,c234,c234,c234,c234,c5,c234,c234,c1
19794,19792,1,c234,c234,c234,c234,c234,c234,c234,c234,c234
19796,19794,1,c5,c1,c1,c1,c1,c5,c1,c1,c1
19797,19795,2,c5,c5,c5,c5,c5,c5,c5,c5,c5
19798,19796,3,c5,c1,c1,c1,c1,c234,c1,c1,c1
19799,19797,1,c234,c234,c234,c234,c1,c234,c234,c1,c234
19800,19798,1,c234,c234,c234,c234,c234,c234,c234,c234,c234
19802,6511,2,c1,c1,c1,c1,c1,c5,c1,c1,c5
19803,19801,2,c5,c1,c1,c1,c1,c5,c1,c1,c5
19804,19802,3,c5,c234,c234,c234,c234,c234,c234,c234,c234
19805,19803,2,c5,c234,c234,c1,c1,c1,c1,c1,c1
19807,19805,3,c1,c5,c5,c5,c5,c5,c5,c5,c5
19808,19806,1,c234,c5,c5,c5,c5,c5,c5,c5,c5
19809,19807,2,c5,c1,c1,c234,c1,c234,c1,c1,c234
19810,19808,3,c5,c1,c1,c1,c1,c1,c1,c1,c1
19811,16743,1,c234,c1,c1,c1,c1,c1,c1,c1,c1
19813,19811,2,c1,c5,c5,c5,c5,c5,c5,c5,c5
19814,19812,3,c1,c5,c5,c5,c5,c5,c5,c5,c5
19815,19813,1,c234,c234,c234,c5,c5,c234,c234,c5,c234
19818,2833,2,c5,c5,c5,c5,c5,c5,c5,c5,c5
19819,19817,1,c234,c234,c234,c234,c234,c5,c234,c234,c5
19820,19818,2,c5,c5,c5,c5,c5,c5,c5,c5,c5
19821,5532,3,c234,c5,c5,c5,c5,c5,c5,c5,c5
19822,331,2,c5,c234,c234,c234,c234,c5,c234,c234,c5
19823,19821,3,c1,c1,c1,c1,c1,c1,c1,c1,c1
19825,19823,1,c5,c1,c1,c1,c1,c1,c1,c1,c1
19826,19824,2,c1,c5,c5,c5,c5,c5,c5,c5,c5
19828,5402,2,c1,c1,c1,c1,c1,c1,c1,c1,c1
19829,19827,3,c1,c234,c234,c234,c234,c5,c234,c234,c234
19830,19828,1,c234,c5,c5,c5,c5,c5,c5,c5,c5
19831,19829,2,c1,c5,c5,c1,c5,c5,c5,c1,c5
19834,3409,2,c1,c1,c1,c1,c1,c1,c1,c1,c1
19835,19833,3,c5,c234,c234,c234,c234,c234,c234,c234,c234
19836,19834,1,c234,c5,c5,c5,c5,c5,c5,c5,c5
19837,19835,2,c234,c5,c5,c5,c5,c234,c5,c234,c234
19838,19836,3,c234,c5,c5,c5,c5,c234,c5,c5,c5
19839,19837,1,c5,c1,c1,c1,c1,c1,c1,c1,c234
19841,19839,3,c1,c1,c1,c1,c1,c1,c1,c1,c1
19842,19840,3,c234,c1,c1,c1,c1,c1,c1,c1,c1
19844,1453,1,c234,c5,c1,c5,c1,c5,c5,c1,c5
19845,19843,2,c1,c5,c5,c5,c5,c5,c5,c5,c5
19846,19844,1,c234,c1,c5,c1,c234,c5,c1,c5,c5
19847,19845,2,c234,c5,c5,c5,c5,c5,c5,c5,c5
19849,19847,2,c1,c5,c5,c5,c5,c5,c5,c5,c234
19850,19848,1,c5,c234,c234,c234,c234,c234,c234,c5,c234
19851,19849,3,c234,c234,c234,c234,c234,c234,c234,c234,c5
19852,19850,1,c5,c5,c5,c5,c5,c5,c5,c5,c5
19853,36,2,c1,c5,c5,c5,c5,c5,c5,c5,c5
19854,19852,2,c234,c1,c5,c1,c1,c5,c1,c1,c5
19856,19854,3,c234,c234,c234,c234,c1,c234,c234,c1,c1
19857,19855,1,c1,c1,c1,c1,c1,c1,c1,c1,c1
19858,19856,2,c5,c234,c234,c234,c5,c5,c234,c5,c5
19860,19858,2,c234,c5,c5,c234,c5,c234,c5,c5,c234
19861,19859,3,c234,c5,c5,c5,c5,c5,c5,c5,c5
19862,19860,1,c5,c5,c5,c5,c5,c5,c5,c5,c5
19863,19861,3,c5,c5,c5,c5,c5,c5,c5,c5,c5
19865,271,1,c1,c1,c1,c1,c1,c1,c1,c1,c1
19866,19864,1,c234,c234,c234,c5,c234,c234,c234,c5,c234
19867,19865,1,c1,c234,c234,c234,c234,c234,c234,c234,c234
19868,19866,2,c5,c5,c5,c5,c5,c5,c5,c5,c5
19869,19867,3,c5,c5,c5,c5,c5,c5,c5,c5,c5
19870,13441,2,c5,c5,c5,c5,c5,c5,c5,c5,c5
19872,19870,3,c5,c234,c234,c234,c234,c234,c234,c234,c234
19873,19871,2,c5,c5,c5,c5,c5,c5,c5,c5,c5
19874,19872,1,c5,c5,c5,c5,c5,c5,c5,c5,c5
19875,19873,3,c1,c1,c1,c1,c1,c1,c1,c1,c1
19877,19875,2,c1,c234,c234,c234,c234,c234,c234,c234,c234
19878,4648,1,c5,c234,c234,c234,c234,c5,c234,c5,c5
19879,19877,3,c234,c5,c234,c5,c5,c5,c5,c5,c5
19880,19878,1,c5,c5,c5,c5,c5,c5,c5,c5,c5
19881,19879,1,c1,c5,c5,c5,c5,c5,c5,c5,c5
19882,19880,2,c1,c234,c234,c234,c234,c5,c234,c234,c5
19884,10996,3,c5,c1,c1,c1,c1,c1,c1,c1,c1
19885,19883,2,c5,c5,c5,c5,c5,c5,c5,c5,c5
19886,19884,3,c234,c234,c234,c234,c234,c234,c234,c234,c234
19887,19885,1,c234,c1,c1,c1,c1,c1,c1,c1,c1
19888,19886,2,c234,c5,c5,c5,c5,c5,c5,c5,c5
19889,1239,3,c1,c5,c5,c5,c5,c5,c5,c5,c5
19890,1020,2,c5,c1,c234,c1,c1,c5,c1,c1,c1
19892,19890,1,c1,c5,c5,c5,c5,c5,c5,c5,c5
19893,19891,3,c1,c1,c1,c1,c1,c1,c1,c1,c1
19894,19892,2,c1,c234,c234,c234,c234,c234,c234,c234,c5
19895,7,3,c234,c5,c5,c5,c5,c5,c5,c5,c5
19896,6928,2,c1,c1,c1,c1,c1,c1,c1,c1,c1
19897,1239,3,c5,c5,c5,c5,c5,c5,c5,c5,c5
19898,19896,3,c234,c5,c5,c5,c5,c234,c5,c5,c234
19900,19898,1,c1,c234,c234,c234,c234,c234,c234,c234,c234
19901,19899,2,c5,c1,c1,c1,c1,c1,c1,c1,c1
19902,19900,3,c234,c234,c234,c234,c234,c234,c234,c234,c5
19903,19901,1,c5,c234,c234,c234,c234,c234,c234,c1,c1
19904,19902,3,c5,c234,c234,c234,c234,c1,c234,c234,c234
19906,19904,1,c234,c5,c5,c5,c5,c5,c5,c5,c5
19907,19905,3,c5,c5,c5,c5,c5,c5,c5,c5,c5
19908,19906,2,c5,c5,c5,c5,c5,c5,c5,c5,c5
19909,19907,1,c1,c5,c5,c5,c5,c5,c5,c5,c5
19910,19908,3,c5,c5,c5,c5,c5,c5,c5,c5,c5
19912,19910,2,c1,c5,c5,c5,c5,c5,c5,c5,c5
19913,19911,2,c234,c234,c234,c234,c234,c234,c234,c234,c234
19915,252,1,c1,c1,c234,c1,c1,c234,c1,c234,c234
19916,19914,1,c1,c234,c234,c234,c234,c234,c234,c234,c234
19917,240,1,c1,c234,c234,c234,c234,c1,c234,c1,c1
19918,19916,3,c234,c1,c1,c1,c1,c234,c1,c1,c1
19919,19917,3,c5,c1,c1,c1,c1,c1,c1,c1,c1
19920,19918,1,c234,c234,c234,c234,c234,c1,c234,c234,c1
19922,19920,2,c5,c1,c1,c1,c1,c1,c1,c1,c1
19923,19921,1,c5,c5,c5,c5,c234,c5,c5,c5,c5
19924,381,3,c234,c1,c1,c1,c1,c234,c1,c1,c1
19926,19924,2,c1,c234,c234,c234,c234,c234,c234,c234,c234
19927,19925,3,c5,c234,c234,c234,c234,c234,c234,c234,c5
19929,19927,1,c1,c234,c234,c234,c234,c234,c234,c234,c234
19930,19928,3,c5,c5,c5,c5,c5,c5,c5,c5,c5
19931,19929,2,c1,c5,c5,c5,c5,c5,c5,c5,c5
19932,19930,1,c234,c1,c1,c1,c1,c1,c1,c1,c1
19933,5163,1,c5,c1,c1,c1,c1,c234,c1,c1,c234
19935,19933,3,c234,c234,c1,c234,c234,c234,c234,c234,c234
19936,19934,2,c5,c5,c5,c5,c5,c5,c5,c5,c5
19937,19935,3,c234,c5,c5,c5,c5,c5,c5,c5,c5
19938,19936,1,c5,c5,c5,c1,c5,c5,c5,c5,c5
19939,19937,1,c5,c1,c1,c1,c1,c1,c1,c1,c1
19940,19938,2,c234,c1,c1,c1,c1,c1,c1,c1,c1
19941,19939,2,c234,c5,c5,c5,c5,c5,c5,c5,c5
19943,19941,1,c5,c5,c5,c5,c5,c5,c5,c5,c5
19944,19942,3,c1,c1,c1,c1,c1,c1,c1,c1,c1
19946,19944,3,c234,c234,c234,c234,c1,c234,c234,c234,c1
19947,19945,1,c1,c234,c234,c234,c234,c1,c234,c234,c234
19948,24,3,c234,c234,c234,c234,c234,c234,c234,c234,c234
19949,3602,1,c1,c5,c5,c1,c5,c5,c5,c1,c1
19950,13053,2,c234,c234,c234,c234,c234,c5,c234,c234,c5
19951,7,3,c1,c5,c5,c5,c5,c5,c5,c5,c5
19952,19950,2,c1,c234,c234,c234,c234,c234,c234,c234,c234
19953,19951,2,c5,c5,c5,c5,c5,c5,c5,c5,c5
19954,19952,1,c5,c234,c234,c234,c234,c234,c234,c234,c234
19957,8675,2,c234,c5,c5,c5,c5,c5,c5,c5,c5
19958,19956,3,c234,c234,c234,c234,c234,c5,c234,c234,c234
19959,19957,1,c234,c5,c5,c5,c5,c5,c5,c5,c5
19961,19959,2,c234,c234,c234,c234,c234,c234,c234,c234,c234
19962,19960,3,c234,c234,c234,c234,c234,c234,c234,c1,c1
19964,19962,1,c1,c5,c5,c5,c5,c5,c5,c5,c5
19965,1683,2,c234,c5,c5,c5,c5,c234,c5,c5,c234
19966,19964,2,c234,c234,c234,c234,c5,c5,c234,c234,c5
19969,5277,2,c5,c234,c5,c5,c234,c5,c5,c5,c5
19970,19968,3,c5,c5,c5,c5,c5,c5,c5,c5,c5
19972,19970,2,c5,c234,c234,c234,c234,c234,c234,c234,c5
19973,19971,3,c234,c5,c5,c5,c5,c5,c5,c5,c5
19974,19972,3,c1,c234,c234,c234,c234,c234,c234,c234,c234
19975,19973,1,c234,c5,c5,c5,c5,c5,c5,c5,c5
19976,19974,1,c234,c1,c1,c1,c234,c234,c1,c1,c234
19978,19976,2,c234,c5,c5,c5,c5,c5,c5,c5,c5
19979,3693,1,c1,c1,c1,c1,c1,c1,c1,c1,c1
19980,19978,1,c5,c5,c5,c5,c5,c5,c5,c5,c5
19981,19979,3,c5,c5,c5,c5,c5,c5,c5,c5,c5
19982,19980,2,c5,c234,c234,c234,c234,c5,c234,c234,c5
19983,19981,1,c234,c1,c5,c1,c1,c5,c1,c5,c5
19985,16,1,c1,c1,c1,c1,c1,c1,c1,c1,c1
19986,19984,2,c234,c1,c1,c1,c1,c1,c1,c1,c1
19987,19985,3,c5,c5,c5,c5,c5,c5,c5,c5,c5
19988,19986,1,c1,c1,c1,c1,c1,c234,c1,c1,c234
19990,6363,2,c1,c5,c5,c5,c5,c5,c5,c5,c5
19991,19989,1,c5,c5,c234,c234,c5,c5,c5,c234,c5
19992,587,1,c1,c1,c1,c1,c1,c1,c1,c1,c1
19993,10139,2,c234,c5,c5,c5,c5,c1,c5,c5,c1
19994,19992,3,c5,c234,c234,c234,c1,c234,c234,c1,c1
19996,19994,2,c234,c1,c1,c1,c1,c5,c1,c234,c234
19997,19995,2,c234,c5,c5,c5,c5,c5,c5,c5,c5
19998,19996,1,c5,c5,c5,c5,c5,c5,c5,c5,c5
19999,19997,3,c234,c5,c5,c5,c5,c5,c5,c5,c5
20000,19998,1,c234,c1,c1,c1,c1,c1,c1,c1,c1
20001,19999,2,c5,c234,c5,c5,c234,c5,c234,c5,c5
20002,11526,3,c1,c234,c234,c234,c234,c234,c234,c234,c1
20004,20002,3,c5,c5,c1,c1,c5,c1,c5,c1,c1
20005,20003,3,c1,c1,c1,c1,c1,c1,c1,c1,c1
20006,20004,1,c234,c1,c1,c1,c1,c1,c1,c1,c234
20007,20005,1,c234,c5,c5,c5,c5,c5,c5,c5,c5
20008,20006,2,c234,c5,c5,c5,c5,c5,c5,c5,c5
20010,20008,3,c234,c5,c1,c5,c1,c5,c5,c1,c1
20011,20009,1,c234,c1,c1,c234,c1,c234,c1,c234,c234
20012,36,2,c1,c5,c5,c5,c5,c5,c5,c5,c5
20013,20011,2,c1,c234,c234,c234,c234,c1,c234,c234,c1
20014,20012,3,c1,c5,c234,c5,c5,c5,c5,c234,c5
20015,20013,1,c5,c5,c5,c5,c5,c5,c5,c5,c5
20017,1020,2,c234,c1,c234,c1,c1,c5,c1,c1,c1
20019,20017,3,c234,c1,c5,c5,c1,c234,c1,c5,c234
20020,20018,2,c5,c5,c5,c5,c5,c5,c5,c5,c5
20021,20019,2,c1,c1,c1,c1,c1,c1,c1,c1,c1
20022,117,3,c1,c1,c1,c1,c1,c1,c1,c1,c1
20023,20021,1,c234,c234,c234,c234,c234,c5,c234,c234,c5
20024,20022,2,c5,c234,c234,c234,c234,c5,c234,c234,c5
20025,20023,3,c5,c5,c5,c5,c5,c5,c5,c5,c5
20026,36,2,c5,c5,c5,c5,c5,c5,c5,c5,c5
20029,20027,3,c234,c1,c1,c1,c1,c5,c1,c1,c5
20030,20028,1,c234,c234,c234,c234,c234,c234,c234,c234,c234
20032,20030,1,c5,c234,c234,c234,c234,c234,c234,c234,c234
20033,20031,3,c1,c1,c1,c1,c1,c234,c1,c1,c234
20034,20032,2,c5,c5,c5,c5,c5,c5,c5,c5,c5
20035,20033,1,c234,c1,c1,c1,c1,c1,c1,c1,c1
20037,20035,3,c5,c5,c5,c5,c5,c234,c5,c5,c5
20038,20036,1,c234,c234,c234,c234,c234,c234,c234,c234,c234
20039,20037,2,c5,c5,c5,c5,c5,c5,c5,c5,c5
20040,20038,3,c1,c5,c5,c5,c5,c5,c5,c5,c5
20041,20039,2,c1,c1,c1,c1,c1,c1,c1,c1,c234
20042,13230,3,c1,c234,c234,c234,c234,c234,c234,c234,c234
20043,33,3,c1,c1,c1,c1,c1,c1,c1,c1,c1
20044,675,1,c234,c5,c1,c5,c5,c5,c5,c1,c1
20045,20043,3,c234,c5,c5,c5,c5,c5,c5,c5,c5
20046,2269,2,c234,c234,c234,c234,c234,c5,c234,c234,c5
20047,20045,1,c1,c234,c234,c234,c234,c1,c234,c234,c1
20050,20048,2,c5,c234,c234,c234,c1,c5,c234,c1,c5
20051,20049,2,c5,c1,c1,c1,c1,c5,c1,c1,c5
20052,20050,3,c1,c5,c5,c5,c5,c5,c5,c5,c5
20054,3451,1,c5,c1,c1,c1,c1,c1,c1,c1,c1
20055,20053,1,c234,c1,c1,c1,c1,c1,c1,c1,c1
20056,20054,1,c5,c234,c234,c234,c234,c234,c234,c234,c5
20057,20055,2,c1,c5,c5,c5,c5,c234,c5,c1,c5
20058,20056,3,c1,c234,c234,c234,c234,c5,c234,c234,c5
20059,13474,1,c1,c1,c1,c1,c1,c1,c1,c1,c1
20060,20058,1,c234,c5,c5,c5,c5,c5,c5,c5,c5
20061,9279,3,c234,c5,c5,c5,c5,c5,c5,c5,c5
20062,24,3,c234,c5,c5,c5,c5,c5,c5,c234,c234
20063,1661,1,c1,c1,c1,c1,c1,c1,c1,c1,c5
20064,20062,3,c5,c5,c5,c5,c5,c5,c5,c5,c5
20065,20063,1,c234,c5,c5,c5,c5,c5,c5,c5,c234
20066,178,2,c5,c1,c1,c1,c1,c1,c1,c1,c1
20067,20065,3,c234,c1,c1,c1,c1,c1,c1,c1,c1
20068,16,1,c234,c1,c1,c1,c1,c1,c1,c1,c1
20069,20067,2,c234,c5,c5,c5,c5,c5,c5,c5,c5
20072,20070,1,c234,c5,c5,c5,c5,c5,c5,c5,c5
20073,20071,3,c234,c1,c1,c1,c1,c1,c1,c1,c1
20074,20072,2,c5,c234,c5,c5,c234,c5,c234,c5,c5
20075,20073,1,c1,c5,c5,c5,c5,c5,c5,c5,c5
20076,20074,2,c1,c5,c5,c5,c5,c5,c5,c5,c5
20077,20075,1,c5,c1,c1,c1,c1,c1,c1,c1,c1
20080,16,1,c1,c1,c1,c1,c1,c1,c1,c1,c1
20081,20079,3,c234,c1,c1,c1,c1,c1,c1,c1,c1
20082,20080,2,c5,c234,c5,c5,c234,c234,c5,c5,c234
20083,13169,3,c234,c234,c5,c234,c5,c234,c234,c234,c234
20084,381,3,c234,c1,c1,c1,c1,c1,c1,c1,c1
20085,20083,3,c1,c234,c234,c234,c234,c234,c234,c234,c1
20086,20084,1,c234,c1,c1,c1,c1,c1,c1,c1,c1
20087,9807,3,c234,c5,c5,c5,c5,c5,c5,c5,c5
20088,1157,1,c5,c5,c5,c5,c5,c5,c5,c5,c5
20089,20087,2,c1,c1,c1,c1,c1,c5,c1,c1,c5
20090,20088,3,c1,c5,c5,c5,c5,c5,c5,c5,c5
20092,1458,1,c1,c5,c1,c5,c5,c5,c5,c1,c1
20093,20091,1,c5,c5,c5,c5,c5,c234,c5,c5,c234
