excel_row,group_id,role,development_fold
2,0,development,3
3,1,development,3
4,2,development,3
5,3,development,3
6,4,development,1
7,5,development,1
8,6,development,3
9,7,development,3
10,8,development,3
11,9,development,1
12,10,development,1
13,11,development,3
14,12,development,1
15,13,development,3
16,14,holdout,0
17,15,development,1
18,16,development,1
19,17,development,3
20,18,development,3
21,19,holdout,0
22,20,development,1
23,21,development,2
24,22,holdout,0
25,23,development,1
26,24,development,3
27,25,development,1
28,26,holdout,0
29,27,development,3
30,28,development,1
31,29,development,2
32,30,holdout,0
33,31,development,3
34,32,development,1
35,33,development,3
36,34,holdout,0
37,35,development,1
38,36,development,2
39,37,development,3
40,38,holdout,0
41,39,development,3
42,40,development,1
43,41,development,1
44,42,development,2
45,43,holdout,0
46,44,development,3
47,45,development,1
48,46,holdout,0
49,47,development,2
50,48,development,3
51,49,development,1
52,50,development,3
53,51,holdout,0
54,52,development,1
55,53,development,3
56,54,development,2
57,55,development,1
58,56,holdout,0
59,57,holdout,0
60,58,development,2
61,59,development,3
62,60,development,1
63,61,development,2
64,62,holdout,0
65,63,development,3
66,64,development,1
67,65,holdout,0
68,66,holdout,0
69,67,development,3
70,68,development,2
71,69,holdout,0
72,70,development,1
73,71,development,3
74,72,development,2
75,73,holdout,0
76,74,development,3
77,75,development,2
78,76,development,1
79,77,development,1
80,78,holdout,0
81,79,development,2
82,80,development,3
83,81,development,1
84,82,holdout,0
85,83,development,2
86,84,development,3
87,85,development,1
88,86,holdout,0
89,16,development,1
90,88,development,2
91,89,development,1
92,90,holdout,0
93,91,development,3
94,92,development,2
95,93,development,3
96,94,development,1
97,95,holdout,0
98,96,development,2
99,97,development,3
100,98,development,1
101,99,development,2
102,100,development,1
103,101,holdout,0
104,102,development,3
105,103,development,2
106,104,development,3
107,105,holdout,0
108,106,development,1
109,107,development,1
110,108,development,2
111,109,holdout,0
112,110,development,3
113,111,development,1
114,112,development,2
115,113,development,3
116,114,holdout,0
117,115,development,2
118,116,development,1
119,117,development,3
120,118,holdout,0
121,119,development,1
122,120,development,2
123,121,holdout,0
124,122,development,3
125,16,development,1
126,16,development,1
127,125,development,2
128,126,development,1
129,127,development,1
130,128,holdout,0
131,129,development,1
132,130,development,2
133,131,development,3
134,132,development,3
135,133,holdout,0
136,134,development,2
137,135,holdout,0
138,136,development,1
139,137,development,2
140,138,development,3
141,139,development,2
142,140,development,1
143,141,holdout,0
144,142,development,3
145,143,holdout,0
146,3,development,3
147,145,development,1
148,146,development,3
149,147,development,2
150,148,development,3
151,149,holdout,0
152,150,development,2
153,151,development,2
154,0,development,3
155,153,development,1
156,154,development,3
157,155,holdout,0
158,156,development,1
159,36,development,2
160,16,development,1
161,159,development,2
162,160,development,3
163,161,development,1
164,162,development,1
165,163,holdout,0
166,164,development,3
167,165,holdout,0
168,166,development,2
169,167,development,2
170,168,holdout,0
171,169,development,1
172,170,development,2
173,171,development,2
174,172,development,3
175,173,holdout,0
176,174,development,1
177,175,development,3
178,176,development,3
179,177,development,1
180,178,development,2
181,179,holdout,0
182,180,development,2
183,181,development,1
184,182,holdout,0
185,183,development,3
186,184,development,1
187,185,development,3
188,186,development,2
189,187,holdout,0
190,188,development,1
191,189,development,2
192,190,development,1
193,171,development,2
194,192,development,3
195,193,holdout,0
196,194,development,1
197,195,development,3
198,36,development,2
199,197,development,1
200,198,holdout,0
201,199,development,1
202,200,development,2
203,201,development,2
204,202,development,3
205,203,development,1
206,204,development,2
207,205,holdout,0
208,16,development,1
209,207,development,3
210,208,development,3
211,209,development,2
212,210,development,2
213,211,holdout,0
214,212,development,3
215,213,development,2
216,214,development,3
217,215,development,2
218,216,holdout,0
219,217,development,2
220,218,development,1
221,219,development,3
222,220,development,1
223,221,holdout,0
224,222,development,2
225,223,development,1
226,224,development,3
227,225,development,2
228,226,holdout,0
229,227,development,1
230,228,development,3
231,229,development,2
232,230,development,1
233,231,development,3
234,36,development,2
235,233,development,1
236,234,holdout,0
237,235,development,2
238,236,development,3
239,237,development,2
240,238,development,3
241,239,holdout,0
242,240,development,1
243,241,development,1
244,242,development,2
245,243,development,3
246,244,holdout,0
247,245,development,1
248,246,development,3
249,247,development,2
250,248,holdout,0
251,249,development,2
252,250,development,3
253,251,development,1
254,252,development,1
255,253,holdout,0
256,254,development,3
257,255,development,1
258,256,development,3
259,257,development,2
260,258,development,2
261,259,holdout,0
262,260,development,2
263,261,development,3
264,262,development,2
265,7,development,3
266,264,development,1
267,265,holdout,0
268,266,development,3
269,267,development,1
270,268,development,3
271,269,development,2
272,270,holdout,0
273,271,development,1
274,272,development,2
275,273,development,3
276,274,development,3
277,38,holdout,0
278,276,holdout,0
279,277,development,2
280,278,development,1
281,279,development,2
282,280,development,1
283,281,development,1
284,282,holdout,0
285,283,development,3
286,284,development,3
287,285,holdout,0
288,286,development,2
289,287,development,1
290,288,development,2
291,16,development,1
292,290,development,3
293,291,development,3
294,292,holdout,0
295,293,development,2
296,294,development,2
297,295,development,1
298,296,holdout,0
299,297,development,3
300,298,development,1
301,299,development,2
302,300,development,3
303,301,holdout,0
304,302,development,3
305,303,development,1
306,304,development,2
307,305,development,1
308,306,holdout,0
309,307,development,2
310,308,development,2
311,309,development,1
312,310,development,1
313,311,holdout,0
314,312,development,3
315,313,development,2
316,314,development,3
317,315,development,1
318,316,development,3
319,317,development,1
320,318,holdout,0
321,319,development,2
322,320,holdout,0
323,321,development,3
324,322,development,3
325,323,development,1
326,324,development,2
327,240,development,1
328,326,development,1
329,327,development,2
330,328,holdout,0
331,329,development,3
332,330,development,1
333,331,development,2
334,332,holdout,0
335,319,development,2
336,334,development,3
337,335,development,1
338,336,holdout,0
339,337,development,3
340,338,development,2
341,339,development,1
342,340,development,1
343,341,development,2
344,342,development,3
345,343,holdout,0
346,344,development,2
347,345,development,2
348,346,development,2
349,347,development,3
350,348,holdout,0
351,349,development,1
352,350,development,3
353,351,holdout,0
354,352,development,2
355,320,holdout,0
356,354,development,1
357,355,development,3
358,356,development,1
359,357,development,2
360,358,holdout,0
361,359,development,1
362,360,development,3
363,361,development,2
364,362,holdout,0
365,363,development,3
366,364,development,1
367,365,development,2
368,366,development,1
369,367,development,1
370,368,development,3
371,369,holdout,0
372,370,development,2
373,371,holdout,0
374,372,development,3
375,373,development,2
376,374,development,1
377,375,development,1
378,376,development,3
379,377,holdout,0
380,378,development,2
381,379,development,3
382,380,development,1
383,381,development,3
384,382,development,2
385,383,development,1
386,384,holdout,0
387,385,development,2
388,386,development,3
389,387,holdout,0
390,388,development,1
391,389,development,3
392,390,development,1
393,391,development,2
394,392,holdout,0
395,393,development,2
396,394,development,3
397,395,development,1
398,396,development,2
399,397,development,3
400,398,development,3
401,399,holdout,0
402,7,development,3
403,401,development,1
404,402,development,2
405,403,development,3
406,404,holdout,0
407,405,development,1
408,406,development,2
409,407,development,3
410,408,development,1
411,349,development,1
412,410,holdout,0
413,411,development,1
414,412,development,2
415,413,development,3
416,414,development,2
417,415,holdout,0
418,416,development,3
419,417,development,1
420,418,development,3
421,419,development,2
422,420,development,1
423,421,holdout,0
424,422,development,2
425,423,development,3
426,424,holdout,0
427,425,holdout,0
428,426,development,1
429,427,development,2
430,91,development,3
431,429,development,3
432,430,development,1
433,431,holdout,0
434,432,development,2
435,433,holdout,0
436,434,development,3
437,435,development,2
438,436,development,1
439,437,development,3
440,438,development,1
441,439,development,2
442,440,development,1
443,441,development,3
444,442,development,2
445,443,development,3
446,444,holdout,0
447,445,development,1
448,446,development,2
449,447,development,3
450,448,holdout,0
451,449,development,2
452,450,development,1
453,451,development,3
454,452,development,3
455,453,holdout,0
456,454,development,1
457,455,development,2
458,456,development,2
459,457,development,1
460,458,holdout,0
461,459,development,3
462,460,development,2
463,166,development,2
464,462,development,1
465,463,development,3
466,464,holdout,0
467,465,development,1
468,466,development,3
469,467,development,2
470,468,development,1
471,469,holdout,0
472,470,development,2
473,471,development,3
474,472,development,1
475,473,development,2
476,474,development,3
477,475,holdout,0
478,476,development,3
479,477,development,1
480,478,development,2
481,479,holdout,0
482,480,development,1
483,481,development,2
484,482,development,3
485,483,development,1
486,484,development,3
487,383,development,1
488,486,holdout,0
489,487,development,3
490,488,development,2
491,489,development,1
492,490,holdout,0
493,491,development,2
494,492,development,2
495,493,development,1
496,494,development,3
497,495,development,2
498,284,development,3
499,497,holdout,0
500,274,development,3
501,499,development,3
502,500,development,1
503,16,development,1
504,502,development,3
505,503,holdout,0
506,504,development,2
507,505,development,2
508,7,development,3
509,507,development,1
510,508,development,1
511,284,development,3
512,510,development,3
513,511,holdout,0
514,512,development,1
515,513,development,2
516,514,development,3
517,515,holdout,0
518,516,development,3
519,517,development,3
520,513,development,2
521,519,development,1
522,520,holdout,0
523,521,development,2
524,522,development,3
525,523,development,3
526,524,development,1
527,525,holdout,0
528,526,development,2
529,527,development,2
530,528,development,3
531,421,holdout,0
532,530,development,1
533,531,development,3
534,532,holdout,0
535,533,development,2
536,438,development,1
537,535,development,1
538,16,development,1
539,537,development,2
540,538,development,3
541,539,development,1
542,540,development,2
543,541,holdout,0
544,542,development,3
545,543,development,1
546,544,holdout,0
547,545,development,2
548,546,development,3
549,547,development,3
550,548,development,1
551,549,holdout,0
552,550,development,2
553,551,development,2
554,552,development,1
555,553,development,2
556,554,holdout,0
557,555,development,3
558,556,development,3
559,557,development,1
560,558,development,1
561,559,development,2
562,560,holdout,0
563,561,development,3
564,562,development,1
565,563,development,1
566,107,development,1
567,565,holdout,0
568,566,development,2
569,421,holdout,0
570,568,development,3
571,569,development,1
572,570,development,3
573,571,holdout,0
574,572,development,2
575,573,development,1
576,574,development,2
577,575,development,3
578,576,development,3
579,577,holdout,0
580,578,development,2
581,579,development,1
582,580,holdout,0
583,581,development,3
584,117,development,3
585,583,development,2
586,584,development,3
587,585,development,3
588,586,holdout,0
589,587,development,1
590,588,development,2
591,589,development,1
592,474,development,3
593,591,development,3
594,592,development,1
595,593,holdout,0
596,594,development,2
597,595,development,3
598,596,development,1
599,597,development,3
600,598,holdout,0
601,599,development,2
602,600,development,1
603,601,development,2
604,602,development,3
605,603,development,1
606,604,development,3
607,605,holdout,0
608,606,development,2
609,607,development,3
610,608,development,1
611,609,holdout,0
612,610,development,2
613,611,development,3
614,612,development,1
615,613,holdout,0
616,614,development,2
617,615,development,3
618,616,development,2
619,617,development,1
620,618,holdout,0
621,619,development,3
622,620,development,2
623,621,development,1
624,622,development,1
625,623,holdout,0
626,624,development,3
627,625,development,3
628,626,development,2
629,627,development,1
630,628,holdout,0
631,629,development,2
632,630,development,1
633,631,development,2
634,632,development,3
635,633,holdout,0
636,634,development,3
637,635,development,1
638,636,holdout,0
639,637,development,3
640,638,development,2
641,639,development,2
642,640,development,1
643,641,development,3
644,642,holdout,0
645,643,development,2
646,644,development,1
647,645,development,1
648,646,development,3
649,647,development,2
650,648,holdout,0
651,649,development,1
652,650,development,2
653,549,holdout,0
654,652,development,3
655,653,development,3
656,654,development,1
657,655,holdout,0
658,656,development,1
659,657,development,2
660,658,development,3
661,659,development,3
662,660,development,1
663,661,holdout,0
664,662,development,2
665,663,development,2
666,664,development,1
667,665,development,3
668,666,holdout,0
669,667,development,2
670,668,development,1
671,669,development,3
672,670,holdout,0
673,671,development,1
674,672,development,3
675,673,development,2
676,271,development,1
677,675,development,1
678,676,development,2
679,677,development,2
680,678,development,3
681,679,holdout,0
682,680,development,1
683,681,development,3
684,682,development,2
685,683,holdout,0
686,91,development,3
687,685,development,1
688,686,development,3
689,687,holdout,0
690,688,development,1
691,689,development,2
692,690,development,3
693,691,development,2
694,692,holdout,0
695,693,development,1
696,694,development,3
697,695,development,1
698,696,development,1
699,697,development,2
700,698,holdout,0
701,699,development,3
702,700,development,3
703,701,development,1
704,702,holdout,0
705,703,development,2
706,704,development,1
707,705,development,2
708,706,development,1
709,707,development,2
710,708,development,3
711,709,development,3
712,710,development,3
713,711,holdout,0
714,712,development,1
715,713,development,2
716,714,development,1
717,715,holdout,0
718,716,development,2
719,717,development,3
720,718,development,3
721,719,holdout,0
722,720,development,1
723,721,development,2
724,722,development,1
725,723,development,2
726,724,development,3
727,725,development,1
728,724,development,3
729,727,holdout,0
730,728,development,2
731,729,development,1
732,730,holdout,0
733,731,development,3
734,732,development,2
735,733,development,3
736,734,development,2
737,735,development,1
738,736,holdout,0
739,737,development,3
740,738,development,3
741,739,development,1
742,740,development,2
743,741,holdout,0
744,742,development,1
745,743,development,2
746,744,development,3
747,745,development,1
748,746,development,3
749,747,holdout,0
750,38,holdout,0
751,749,development,2
752,750,development,1
753,751,development,3
754,271,development,1
755,613,holdout,0
756,754,holdout,0
757,755,development,2
758,756,development,2
759,757,development,1
760,680,development,1
761,759,development,2
762,16,development,1
763,761,holdout,0
764,762,development,3
765,7,development,3
766,764,development,3
767,271,development,1
768,766,development,1
769,91,development,3
770,768,development,1
771,769,holdout,0
772,770,development,2
773,771,development,3
774,772,development,2
775,773,development,1
776,774,development,3
777,775,development,2
778,271,development,1
779,777,holdout,0
780,778,development,3
781,779,development,1
782,780,holdout,0
783,781,development,1
784,782,holdout,0
785,783,development,3
786,784,development,1
787,785,development,1
788,786,development,2
789,787,development,3
790,788,development,2
791,789,development,3
792,713,development,2
793,791,holdout,0
794,792,development,2
795,793,development,1
796,794,development,3
797,715,holdout,0
798,796,development,1
799,797,holdout,0
800,798,development,2
801,799,development,3
802,800,development,1
803,801,development,2
804,802,development,3
805,803,holdout,0
806,804,development,1
807,805,development,3
808,806,development,2
809,807,holdout,0
810,808,development,1
811,809,development,3
812,810,development,2
813,811,development,1
814,812,development,2
815,813,holdout,0
816,814,development,2
817,815,holdout,0
818,816,development,3
819,817,development,3
820,818,development,1
821,819,development,2
822,820,development,2
823,821,development,1
824,822,development,3
825,823,development,3
826,824,holdout,0
827,825,development,1
828,826,development,2
829,827,holdout,0
830,828,development,2
831,829,development,3
832,830,development,1
833,831,development,1
834,832,development,2
835,833,development,3
836,834,holdout,0
837,835,development,3
838,836,development,1
839,7,development,3
840,838,holdout,0
841,839,development,2
842,840,development,1
843,841,development,1
844,842,development,2
845,843,development,3
846,844,development,2
847,845,holdout,0
848,846,development,3
849,847,development,1
850,848,development,3
851,849,holdout,0
852,271,development,1
853,851,development,3
854,852,holdout,0
855,853,development,2
856,854,development,1
857,855,development,2
858,856,holdout,0
859,857,development,3
860,858,development,3
861,859,development,2
862,860,holdout,0
863,861,development,1
864,0,development,3
865,863,development,1
866,864,development,2
867,865,development,3
868,866,development,1
869,194,development,1
870,868,development,2
871,869,holdout,0
872,870,development,3
873,871,development,1
874,872,development,2
875,873,development,1
876,874,holdout,0
877,875,development,2
878,876,development,2
879,877,development,3
880,878,development,3
881,879,holdout,0
882,880,development,1
883,881,development,2
884,882,development,3
885,883,holdout,0
886,884,development,1
887,24,development,3
888,886,development,3
889,887,development,2
890,888,development,2
891,889,development,1
892,890,holdout,0
893,891,development,2
894,892,development,3
895,893,holdout,0
896,894,development,2
897,895,holdout,0
898,896,development,3
899,897,development,1
900,898,development,1
901,899,development,2
902,900,holdout,0
903,901,development,3
904,902,development,3
905,903,development,1
906,53,development,3
907,905,holdout,0
908,906,development,2
909,907,development,1
910,908,development,2
911,909,development,1
912,910,development,3
913,911,holdout,0
914,912,development,3
915,913,development,2
916,914,development,1
917,549,holdout,0
918,916,holdout,0
919,917,development,2
920,918,development,3
921,919,development,1
922,920,development,2
923,921,development,2
924,922,holdout,0
925,923,development,3
926,924,development,1
927,925,development,2
928,926,holdout,0
929,927,development,3
930,928,development,1
931,929,development,3
932,16,development,1
933,931,development,2
934,932,holdout,0
935,933,development,1
936,934,development,2
937,935,development,3
938,936,development,2
939,937,holdout,0
940,938,development,1
941,939,development,3
942,940,development,1
943,941,development,2
944,942,holdout,0
945,943,development,3
946,944,development,2
947,945,holdout,0
948,946,development,1
949,947,development,3
950,948,development,2
951,949,development,1
952,950,development,3
953,951,development,2
954,383,development,1
955,953,holdout,0
956,954,development,3
957,955,development,2
958,956,development,1
959,957,holdout,0
960,958,development,1
961,959,development,3
962,960,development,2
963,961,holdout,0
964,107,development,1
965,963,development,2
966,964,development,3
967,240,development,1
968,966,development,3
969,967,development,1
970,968,holdout,0
971,969,development,2
972,970,development,1
973,971,development,3
974,972,development,1
975,973,holdout,0
976,974,development,2
977,975,development,3
978,976,development,3
979,977,development,1
980,978,holdout,0
981,319,development,2
982,980,development,2
983,694,development,3
984,7,development,3
985,983,development,1
986,33,development,3
987,16,development,1
988,986,development,2
989,987,development,3
990,988,holdout,0
991,989,development,1
992,990,development,2
993,991,development,3
994,992,development,1
995,271,development,1
996,994,holdout,0
997,995,development,2
998,996,development,3
999,997,development,1
1000,16,development,1
1001,999,development,2
1002,1000,development,3
1003,1001,development,1
1004,1002,holdout,0
1005,1003,development,3
1006,1004,development,1
1007,1005,holdout,0
1008,1006,development,1
1009,1007,development,2
1010,16,development,1
1011,1009,development,2
1012,1010,development,3
1013,1011,holdout,0
1014,1012,development,1
1015,1013,development,2
1016,1014,development,3
1017,1015,development,1
1018,1016,development,2
1019,1017,holdout,0
1020,1018,development,3
1021,1019,development,1
1022,1020,development,2
1023,7,development,3
1024,1022,holdout,0
1025,271,development,1
1026,1024,development,3
1027,1025,development,1
1028,1026,development,3
1029,1027,development,2
1030,1028,development,1
1031,1029,development,3
1032,1030,development,1
1033,1031,holdout,0
1034,1032,development,2
1035,1033,development,3
1036,1034,development,2
1037,1035,development,1
1038,1036,development,2
1039,1037,holdout,0
1040,1038,development,3
1041,1039,development,3
1042,683,holdout,0
1043,1041,development,2
1044,1042,development,1
1045,1043,holdout,0
1046,1044,development,3
1047,1045,development,1
1048,33,development,3
1049,1047,development,2
1050,1048,holdout,0
1051,1049,development,3
1052,1050,development,1
1053,1051,development,1
1054,7,development,3
1055,1053,development,1
1056,1054,holdout,0
1057,1055,development,2
1058,421,holdout,0
1059,1057,development,1
1060,1058,development,3
1061,1059,development,2
1062,1060,development,3
1063,1061,development,2
1064,1062,holdout,0
1065,1063,development,3
1066,1064,development,1
1067,1065,holdout,0
1068,1066,holdout,0
1069,1067,development,2
1070,1068,development,1
1071,1069,development,1
1072,1070,development,3
1073,1071,holdout,0
1074,1072,development,3
1075,1073,development,2
1076,1074,development,1
1077,1075,development,2
1078,1076,holdout,0
1079,1077,development,3
1080,1078,development,1
1081,1079,development,2
1082,1080,development,3
1083,1081,holdout,0
1084,1082,development,1
1085,1083,development,2
1086,1084,development,3
1087,1085,development,1
1088,1086,holdout,0
1089,1087,development,2
1090,1088,development,3
1091,1089,development,1
1092,1090,development,2
1093,1091,development,3
1094,1092,holdout,0
1095,675,development,1
1096,7,development,3
1097,194,development,1
1098,1096,development,3
1099,1097,development,1
1100,1098,development,2
1101,1099,holdout,0
1102,1100,development,1
1103,1101,development,3
1104,1102,development,1
1105,1103,development,2
1106,1104,development,2
1107,1105,holdout,0
1108,1106,development,3
1109,1107,development,2
1110,1108,development,1
1111,1109,development,3
1112,1110,holdout,0
1113,1111,development,3
1114,1112,development,2
1115,1113,holdout,0
1116,1114,development,1
1117,1115,development,1
1118,16,development,1
1119,1117,development,2
1120,271,development,1
1121,1119,development,3
1122,1120,development,2
1123,1121,holdout,0
1124,1122,development,3
1125,7,development,3
1126,430,development,1
1127,1125,development,1
1128,1126,holdout,0
1129,1127,development,2
1130,1128,development,3
1131,1129,development,1
1132,107,development,1
1133,1131,development,1
1134,1132,development,3
1135,1133,development,2
1136,1134,development,3
1137,349,development,1
1138,1136,holdout,0
1139,1137,development,2
1140,1138,holdout,0
1141,1139,development,1
1142,1140,development,3
1143,1141,development,1
1144,1142,development,2
1145,1143,holdout,0
1146,1144,development,3
1147,1145,development,2
1148,1146,development,1
1149,1147,development,3
1150,1148,development,1
1151,1149,holdout,0
1152,1150,development,2
1153,1151,development,3
1154,1152,holdout,0
1155,1153,development,3
1156,1154,development,1
1157,1155,development,2
1158,633,holdout,0
1159,1157,development,1
1160,504,development,2
1161,1159,development,3
1162,1160,development,1
1163,1161,holdout,0
1164,1162,development,2
1165,1163,development,3
1166,1164,development,2
1167,1165,development,1
1168,1166,development,2
1169,675,development,1
1170,1168,holdout,0
1171,1169,development,3
1172,1170,holdout,0
1173,1171,holdout,0
1174,1172,development,2
1175,1173,development,1
1176,1174,development,3
1177,1175,development,2
1178,1176,development,3
1179,217,development,2
1180,1178,development,1
1181,1179,development,3
1182,1180,development,2
1183,1181,holdout,0
1184,1182,development,3
1185,1183,development,1
1186,1184,development,2
1187,1185,development,1
1188,1186,development,2
1189,1187,holdout,0
1190,1188,development,1
1191,1189,development,3
1192,1190,development,2
1193,1191,holdout,0
1194,1192,development,3
1195,1193,development,2
1196,1194,development,1
1197,1195,holdout,0
1198,1196,development,3
1199,1197,development,1
1200,1198,development,2
1201,1199,holdout,0
1202,1200,development,3
1203,1201,development,1
1204,1202,development,2
1205,1203,development,2
1206,1204,development,3
1207,1205,holdout,0
1208,1206,development,1
1209,1207,development,3
1210,1208,development,2
1211,1209,development,1
1212,7,development,3
1213,1211,holdout,0
1214,1212,development,3
1215,1213,development,1
1216,1214,development,2
1217,1215,development,3
1218,1216,development,2
1219,1217,holdout,0
1220,1218,development,1
1221,406,development,2
1222,1220,development,1
1223,1221,development,2
1224,36,development,2
1225,406,development,2
1226,1224,holdout,0
1227,1225,development,3
1228,1226,development,1
1229,107,development,1
1230,1228,development,2
1231,1229,development,3
1232,1230,development,1
1233,1231,holdout,0
1234,1232,development,2
1235,1233,development,2
1236,1234,development,3
1237,694,development,3
1238,1236,development,1
1239,1237,holdout,0
1240,1238,development,2
1241,1239,development,3
1242,1240,development,1
1243,1241,development,2
1244,1242,development,3
1245,1243,holdout,0
1246,1244,development,3
1247,1245,development,1
1248,1246,development,2
1249,1247,development,1
1250,1248,holdout,0
1251,1249,development,2
1252,1250,development,3
1253,1251,development,1
1254,1252,development,2
1255,1253,holdout,0
1256,1254,development,3
1257,1255,development,2
1258,7,development,3
1259,1257,development,3
1260,1258,development,1
1261,779,development,1
1262,1260,holdout,0
1263,1261,development,1
1264,271,development,1
1265,24,development,3
1266,1264,development,2
1267,1265,holdout,0
1268,1266,development,3
1269,1267,development,3
1270,1268,development,2
1271,1269,development,3
1272,1270,development,1
1273,1271,development,3
1274,1272,development,1
1275,1273,holdout,0
1276,1274,development,2
1277,1275,development,3
1278,1276,development,2
1279,1277,development,1
1280,1278,development,3
1281,1279,holdout,0
1282,1280,development,1
1283,1281,development,2
1284,1282,holdout,0
1285,1283,development,2
1286,1284,development,3
1287,1285,holdout,0
1288,1286,development,3
1289,1287,development,1
1290,1288,development,2
1291,1289,development,1
1292,1290,development,3
1293,1291,development,2
1294,1292,holdout,0
1295,1293,development,1
1296,1294,development,3
1297,1295,development,2
1298,1296,holdout,0
1299,1297,development,1
1300,1298,development,2
1301,1299,development,3
1302,1300,development,1
1303,1301,holdout,0
1304,1302,development,2
1305,1303,development,3
1306,1304,development,1
1307,1305,development,2
1308,1306,holdout,0
1309,1307,development,3
1310,1308,development,1
1311,1309,development,2
1312,1310,development,3
1313,1311,development,1
1314,1312,holdout,0
1315,1313,development,2
1316,1314,development,3
1317,1315,development,3
1318,36,development,2
1319,1317,development,1
1320,1318,holdout,0
1321,1319,development,2
1322,1320,development,1
1323,1321,development,3
1324,1322,development,2
1325,1323,holdout,0
1326,1324,development,1
1327,1325,development,2
1328,1326,development,3
1329,1327,development,3
1330,1328,holdout,0
1331,1329,development,1
1332,1330,development,3
1333,1331,development,3
1334,1332,development,2
1335,1333,development,1
1336,1334,holdout,0
1337,1335,development,2
1338,1336,development,3
1339,1337,development,3
1340,1338,development,1
1341,1339,holdout,0
1342,1340,development,2
1343,1341,development,3
1344,1342,development,1
1345,1343,development,2
1346,1344,holdout,0
1347,1345,development,3
1348,1346,development,1
1349,1347,development,2
1350,1348,holdout,0
1351,1349,development,3
1352,1350,development,1
1353,1351,development,2
1354,1157,development,1
1355,1353,development,1
1356,1354,development,3
1357,1355,holdout,0
1358,1356,development,1
1359,1357,development,2
1360,1358,development,2
1361,1359,holdout,0
1362,474,development,3
1363,1361,development,2
1364,1362,development,3
1365,1363,development,1
1366,1364,development,2
1367,1365,holdout,0
1368,1366,development,3
1369,1367,development,2
1370,1368,development,1
1371,1369,development,3
1372,1370,holdout,0
1373,1371,development,2
1374,1372,development,1
1375,1373,development,3
1376,1374,development,1
1377,1375,holdout,0
1378,1376,development,2
1379,349,development,1
1380,1378,development,3
1381,1379,development,1
1382,1380,development,2
1383,1381,holdout,0
1384,1382,development,2
1385,1383,development,3
1386,1384,development,1
1387,1385,development,2
1388,1386,development,3
1389,1387,holdout,0
1390,1388,development,3
1391,1389,development,1
1392,1145,development,2
1393,1391,development,2
1394,240,development,1
1395,1393,development,2
1396,1394,holdout,0
1397,1172,development,2
1398,1396,development,1
1399,16,development,1
1400,349,development,1
1401,1399,development,1
1402,1400,development,2
1403,1401,development,1
1404,1402,development,2
1405,1403,development,1
1406,1404,holdout,0
1407,1405,development,2
1408,587,development,1
1409,1407,development,3
1410,1408,holdout,0
1411,1099,holdout,0
1412,1410,development,1
1413,1411,development,2
1414,1412,holdout,0
1415,1413,development,3
1416,1414,development,1
1417,1415,development,2
1418,1416,development,3
1419,1417,development,1
1420,1418,development,2
1421,1419,development,3
1422,1420,holdout,0
1423,171,development,2
1424,1422,development,2
1425,1423,development,1
1426,1424,development,3
1427,1425,development,2
1428,1426,development,3
1429,383,development,1
1430,53,development,3
1431,1429,holdout,0
1432,7,development,3
1433,1431,development,1
1434,1432,development,2
1435,1433,development,1
1436,1434,development,3
1437,1435,development,1
1438,1436,holdout,0
1439,1437,development,2
1440,1438,development,3
1441,194,development,1
1442,1440,holdout,0
1443,1441,holdout,0
1444,1442,development,1
1445,1443,development,2
1446,1444,development,3
1447,1445,development,1
1448,1446,development,2
1449,1447,holdout,0
1450,1448,development,3
1451,1449,development,3
1452,1450,development,2
1453,1451,development,2
1454,1452,development,3
1455,1453,development,1
1456,1454,holdout,0
1457,1455,development,2
1458,1456,development,1
1459,1457,development,3
1460,1458,development,1
1461,1459,holdout,0
1462,1460,development,2
1463,658,development,3
1464,274,development,3
1465,1463,development,3
1466,1464,development,3
1467,1465,development,1
1468,675,development,1
1469,1467,development,2
1470,1468,holdout,0
1471,1469,development,1
1472,1470,development,2
1473,1471,development,3
1474,1472,holdout,0
1475,1473,development,1
1476,1474,development,2
1477,1475,development,3
1478,1476,development,1
1479,1477,holdout,0
1480,16,development,1
1481,1479,development,2
1482,421,holdout,0
1483,1481,development,3
1484,1482,development,1
1485,1483,development,2
1486,1484,development,2
1487,1485,development,3
1488,1486,development,1
1489,1102,development,1
1490,1488,holdout,0
1491,1489,development,1
1492,1490,development,3
1493,1491,development,3
1494,1492,development,1
1495,1493,holdout,0
1496,1494,development,2
1497,1495,development,3
1498,1496,holdout,0
1499,1497,development,1
1500,1498,development,2
1501,252,development,1
1502,1500,development,3
1503,1501,holdout,0
1504,1502,development,1
1505,1503,development,3
1506,1504,development,2
1507,1170,holdout,0
1508,1506,development,1
1509,1507,holdout,0
1510,1508,development,2
1511,1509,holdout,0
1512,1510,development,3
1513,1511,development,1
1514,1512,development,1
1515,1513,development,3
1516,1514,development,2
1517,1515,development,2
1518,1516,development,3
1519,1517,development,1
1520,1518,development,3
1521,1519,holdout,0
1522,1520,development,1
1523,1521,development,2
1524,1522,development,3
1525,1523,holdout,0
1526,1524,development,1
1527,1525,development,2
1528,1526,development,3
1529,587,development,1
1530,1528,holdout,0
1531,1529,development,1
1532,349,development,1
1533,1531,development,2
1534,7,development,3
1535,1533,development,3
1536,1534,holdout,0
1537,1535,development,2
1538,1536,development,1
1539,1336,development,3
1540,33,development,3
1541,1539,development,3
1542,1540,development,1
1543,1541,development,3
1544,1542,holdout,0
1545,1543,development,2
1546,211,holdout,0
1547,755,development,2
1548,1546,development,2
1549,1547,development,1
1550,7,development,3
1551,1549,development,3
1552,1550,development,1
1553,1551,holdout,0
1554,1552,development,2
1555,1553,development,3
1556,1554,development,1
1557,1555,holdout,0
1558,1556,development,2
1559,1557,development,2
1560,1558,development,3
1561,1559,holdout,0
1562,1560,development,2
1563,211,holdout,0
1564,1562,development,3
1565,1563,development,1
1566,1564,development,1
1567,1565,development,2
1568,1566,development,3
1569,1567,holdout,0
1570,1568,development,1
1571,126,development,1
1572,1570,development,2
1573,1571,holdout,0
1574,1572,development,3
1575,1573,development,2
1576,1574,development,1
1577,1575,development,3
1578,1576,holdout,0
1579,1577,development,1
1580,1578,development,2
1581,1579,development,1
1582,1580,development,3
1583,1581,development,2
1584,1582,holdout,0
1585,1583,development,3
1586,1303,development,3
1587,1585,development,1
1588,1586,holdout,0
1589,1587,development,3
1590,1588,development,2
1591,1589,development,2
1592,1590,development,1
1593,1591,development,3
1594,1592,holdout,0
1595,349,development,1
1596,749,development,2
1597,1595,development,1
1598,1596,development,2
1599,1597,development,1
1600,1598,development,3
1601,1599,holdout,0
1602,1559,holdout,0
1603,1601,development,1
1604,1602,development,3
1605,1603,development,2
1606,1604,holdout,0
1607,1605,development,1
1608,211,holdout,0
1609,1607,development,2
1610,1131,development,1
1611,1609,development,3
1612,36,development,2
1613,1611,holdout,0
1614,1612,development,1
1615,1613,development,2
1616,1614,development,3
1617,168,holdout,0
1618,1157,development,1
1619,1617,development,1
1620,1618,development,2
1621,1619,holdout,0
1622,1620,development,1
1623,1621,development,3
1624,1622,development,2
1625,1623,holdout,0
1626,1624,development,3
1627,1625,development,1
1628,1626,development,3
1629,1401,development,1
1630,1628,development,2
1631,1115,development,1
1632,1630,development,1
1633,1631,holdout,0
1634,1632,development,3
1635,1633,holdout,0
1636,1634,development,2
1637,1635,development,2
1638,1636,development,3
1639,1637,development,1
1640,1638,holdout,0
1641,1639,development,1
1642,1640,development,2
1643,331,development,2
1644,1642,development,2
1645,1643,holdout,0
1646,1644,development,3
1647,1645,development,1
1648,1646,development,2
1649,1647,development,3
1650,1648,development,1
1651,168,holdout,0
1652,1650,development,2
1653,1651,holdout,0
1654,1652,development,1
1655,1653,development,2
1656,1654,development,3
1657,1458,development,1
1658,1656,development,3
1659,1657,development,3
1660,1658,development,1
1661,1659,holdout,0
1662,1660,development,2
1663,1661,development,1
1664,1662,development,2
1665,1663,development,3
1666,1664,holdout,0
1667,1665,development,1
1668,1666,development,2
1669,1667,development,3
1670,1668,development,1
1671,1669,holdout,0
1672,1670,development,2
1673,1671,development,1
1674,1672,development,3
1675,1673,holdout,0
1676,1674,development,2
1677,1675,development,3
1678,1676,development,1
1679,38,holdout,0
1680,1678,development,1
1681,1679,development,2
1682,1680,development,3
1683,1681,holdout,0
1684,1682,development,1
1685,1683,development,2
1686,1684,holdout,0
1687,1685,development,3
1688,1686,development,3
1689,1687,development,2
1690,1688,development,1
1691,1689,development,1
1692,1690,development,3
1693,1691,holdout,0
1694,1692,development,2
1695,675,development,1
1696,1239,development,3
1697,1695,development,1
1698,1696,development,2
1699,1697,development,3
1700,1698,holdout,0
1701,1157,development,1
1702,1700,development,2
1703,1701,development,1
1704,1702,development,2
1705,36,development,2
1706,1704,holdout,0
1707,1705,development,2
1708,1706,development,3
1709,1707,development,3
1710,1708,holdout,0
1711,1709,development,1
1712,1710,development,1
1713,1711,development,2
1714,1712,development,1
1715,1713,holdout,0
1716,504,development,2
1717,1715,development,3
1718,1716,development,2
1719,1717,development,3
1720,1718,development,3
1721,1719,holdout,0
1722,1720,development,1
1723,1721,development,2
1724,1722,development,1
1725,1723,development,2
1726,1724,development,3
1727,1725,holdout,0
1728,1726,development,1
1729,1727,development,2
1730,1728,development,3
1731,1729,development,2
1732,1730,holdout,0
1733,1731,development,1
1734,1732,development,3
1735,1733,development,1
1736,33,development,3
1737,3,development,3
1738,1736,development,2
1739,1737,development,3
1740,1738,holdout,0
1741,36,development,2
1742,1740,development,1
1743,1741,development,2
1744,1742,holdout,0
1745,1743,development,3
1746,1744,development,2
1747,1745,development,2
1748,1746,development,1
1749,1747,holdout,0
1750,1748,development,3
1751,1749,development,2
1752,1750,development,3
1753,1751,development,1
1754,1752,holdout,0
1755,1753,development,2
1756,1754,development,1
1757,1755,development,1
1758,1756,development,2
1759,1757,development,3
1760,406,development,2
1761,1759,development,1
1762,1760,development,2
1763,1761,development,3
1764,1195,holdout,0
1765,1763,holdout,0
1766,178,development,2
1767,1765,development,1
1768,1766,holdout,0
1769,1767,development,2
1770,1768,development,3
1771,729,development,1
1772,1770,development,1
1773,1771,development,2
1774,1772,holdout,0
1775,1773,development,3
1776,1774,development,1
1777,1609,development,3
1778,1776,development,2
1779,1777,development,3
1780,1778,development,1
1781,1779,development,2
1782,16,development,1
1783,1781,holdout,0
1784,1782,development,2
1785,1783,development,3
1786,1784,development,3
1787,1785,development,1
1788,1786,holdout,0
1789,1787,development,1
1790,1788,development,1
1791,1789,development,2
1792,1790,development,3
1793,1791,development,3
1794,1792,holdout,0
1795,1793,development,2
1796,1794,development,3
1797,1795,holdout,0
1798,1796,development,1
1799,1797,development,2
1800,1798,development,1
1801,1799,development,2
1802,1800,development,3
1803,1801,development,2
1804,1802,holdout,0
1805,1803,development,1
1806,1804,development,3
1807,1559,holdout,0
1808,1806,holdout,0
1809,843,development,3
1810,1808,development,1
1811,1809,development,2
1812,1810,development,3
1813,1811,development,3
1814,1812,development,1
1815,1813,holdout,0
1816,1814,development,2
1817,1815,development,1
1818,603,development,1
1819,1817,holdout,0
1820,1818,development,3
1821,1819,development,2
1822,1820,development,2
1823,1821,development,1
1824,211,holdout,0
1825,1823,development,3
1826,1824,development,1
1827,1825,holdout,0
1828,1826,development,2
1829,1827,development,3
1830,1828,development,1
1831,1829,development,2
1832,1830,development,1
1833,1831,holdout,0
1834,1832,development,3
1835,1833,holdout,0
1836,1834,development,1
1837,1835,development,2
1838,194,development,1
1839,1837,development,3
1840,271,development,1
1841,1839,development,1
1842,271,development,1
1843,1841,holdout,0
1844,1842,development,2
1845,1843,development,3
1846,1844,development,2
1847,1845,development,1
1848,1846,development,3
1849,107,development,1
1850,1848,holdout,0
1851,1849,development,1
1852,1850,development,3
1853,1851,development,2
1854,117,development,3
1855,1853,holdout,0
1856,1854,development,2
1857,1855,development,1
1858,1856,development,3
1859,1857,development,3
1860,1858,holdout,0
1861,1859,development,1
1862,1860,development,2
1863,295,development,1
1864,1862,development,1
1865,1863,development,3
1866,1864,development,2
1867,1865,development,2
1868,1866,development,1
1869,1867,holdout,0
1870,1868,development,3
1871,1869,development,1
1872,194,development,1
1873,1871,development,3
1874,1872,holdout,0
1875,513,development,2
1876,1874,development,2
1877,1875,development,1
1878,1876,development,2
1879,1877,holdout,0
1880,1878,development,3
1881,1879,development,2
1882,1880,development,1
1883,1881,development,1
1884,1882,development,3
1885,1883,development,2
1886,1884,development,3
1887,1885,holdout,0
1888,1886,development,1
1889,1887,holdout,0
1890,1888,development,2
1891,1889,development,3
1892,1890,development,1
1893,1891,holdout,0
1894,1892,development,2
1895,1893,development,3
1896,7,development,3
1897,1895,development,1
1898,1896,development,3
1899,0,development,3
1900,1898,holdout,0
1901,1899,development,2
1902,1900,development,1
1903,1901,holdout,0
1904,1902,development,2
1905,1903,development,3
1906,1783,development,3
1907,271,development,1
1908,1906,development,3
1909,452,development,3
1910,1908,development,1
1911,1909,holdout,0
1912,1910,development,3
1913,1911,development,2
1914,1912,development,2
1915,1913,development,1
1916,1914,development,3
1917,1915,holdout,0
1918,1916,development,3
1919,1917,development,1
1920,1918,holdout,0
1921,452,development,3
1922,1920,development,2
1923,1921,development,1
1924,1922,development,3
1925,1172,development,2
1926,1924,development,3
1927,1925,development,2
1928,1926,development,3
1929,1927,holdout,0
1930,1928,development,2
1931,25,development,1
1932,1930,development,1
1933,1931,development,1
1934,1932,holdout,0
1935,1933,development,2
1936,1934,development,3
1937,1935,development,2
1938,1936,development,1
1939,1937,development,2
1940,1938,development,3
1941,1939,holdout,0
1942,1940,development,2
1943,1336,development,3
1944,1942,development,1
1945,946,development,1
1946,1944,development,3
1947,1945,development,3
1948,1946,holdout,0
1949,1033,development,3
1950,1948,development,1
1951,1949,development,3
1952,1950,development,2
1953,1951,holdout,0
1954,1952,development,2
1955,1953,development,3
1956,1954,development,1
1957,1955,development,1
1958,1956,holdout,0
1959,1957,development,2
1960,1958,development,3
1961,1959,development,2
1962,1960,development,1
1963,1961,development,3
1964,1962,development,1
1965,1963,development,3
1966,1964,development,2
1967,1965,holdout,0
1968,1966,development,1
1969,1967,development,3
1970,1968,development,2
1971,1969,holdout,0
1972,1970,holdout,0
1973,271,development,1
1974,1972,development,1
1975,1973,development,2
1976,1974,development,1
1977,1975,development,3
1978,1976,development,2
1979,1977,holdout,0
1980,1978,development,3
1981,1979,development,1
1982,1980,development,2
1983,1981,holdout,0
1984,1982,development,3
1985,1983,development,1
1986,1984,development,2
1987,1985,development,3
1988,1986,development,2
1989,1987,holdout,0
1990,1988,development,1
1991,1020,development,2
1992,1990,development,3
1993,1991,development,2
1994,1992,development,1
1995,1993,development,3
1996,1994,holdout,0
1997,1995,development,1
1998,1996,development,2
1999,1997,development,3
2000,1998,development,3
2001,777,holdout,0
2002,1212,development,3
2003,2001,development,1
2004,1631,holdout,0
2005,2003,holdout,0
2006,2004,development,1
2007,2005,development,2
2008,2006,development,2
2009,2007,holdout,0
2010,2008,holdout,0
2011,2009,development,3
2012,2010,development,3
2013,2011,development,1
2014,16,development,1
2015,715,holdout,0
2016,798,development,2
2017,1331,development,3
2018,2016,holdout,0
2019,2017,development,2
2020,2018,development,2
2021,2019,development,3
2022,2020,development,1
2023,349,development,1
2024,2022,development,1
2025,2023,development,2
2026,2024,holdout,0
2027,2025,development,2
2028,2026,development,3
2029,2027,development,1
2030,2028,development,3
2031,2029,development,1
2032,2030,development,2
2033,611,development,3
2034,2032,development,3
2035,1892,development,2
2036,2034,holdout,0
2037,2035,development,1
2038,2036,development,1
2039,2037,development,2
2040,2038,holdout,0
2041,2039,development,1
2042,2040,development,2
2043,2041,development,3
2044,2042,development,1
2045,2043,development,2
2046,2044,holdout,0
2047,2045,development,3
2048,2046,development,1
2049,2047,development,2
2050,2048,development,3
2051,2049,development,1
2052,2050,development,2
2053,2051,holdout,0
2054,257,development,2
2055,2053,development,3
2056,2054,development,2
2057,2055,holdout,0
2058,2056,development,1
2059,107,development,1
2060,2058,development,3
2061,2059,development,2
2062,2060,development,1
2063,36,development,2
2064,2062,development,2
2065,2063,holdout,0
2066,2064,development,3
2067,2065,development,1
2068,2066,development,2
2069,612,development,1
2070,166,development,2
2071,2069,holdout,0
2072,2070,development,3
2073,2071,development,2
2074,1239,development,3
2075,2073,development,1
2076,2074,development,3
2077,675,development,1
2078,2076,holdout,0
2079,2077,development,1
2080,2078,development,3
2081,2079,development,2
2082,2080,development,2
2083,36,development,2
2084,2082,development,1
2085,2083,development,3
2086,1035,development,1
2087,2085,holdout,0
2088,2086,development,1
2089,2087,development,2
2090,2088,development,2
2091,2089,holdout,0
2092,2090,development,3
2093,2091,development,1
2094,2092,development,3
2095,2093,development,1
2096,2094,development,3
2097,2095,development,2
2098,2096,holdout,0
2099,2097,development,1
2100,2098,holdout,0
2101,2099,development,3
2102,2100,development,2
2103,2101,development,1
2104,2102,development,2
2105,2103,holdout,0
2106,2104,development,3
2107,16,development,1
2108,2106,development,1
2109,2107,development,2
2110,2108,holdout,0
2111,2109,development,1
2112,2110,holdout,0
2113,2111,development,3
2114,2112,development,2
2115,2113,development,2
2116,2114,development,3
2117,2115,holdout,0
2118,2116,holdout,0
2119,271,development,1
2120,2118,development,1
2121,2119,development,1
2122,2120,development,2
2123,2121,development,1
2124,2122,development,3
2125,2123,development,3
2126,2124,holdout,0
2127,2125,development,2
2128,2126,development,1
2129,2127,development,3
2130,2128,holdout,0
2131,166,development,2
2132,2130,development,2
2133,2131,development,1
2134,2132,holdout,0
2135,2133,development,2
2136,2134,development,3
2137,2135,development,1
2138,2136,development,2
2139,2137,holdout,0
2140,1501,holdout,0
2141,2139,development,2
2142,103,development,2
2143,0,development,3
2144,211,holdout,0
2145,2143,development,3
2146,2144,development,1
2147,2145,development,3
2148,2146,holdout,0
2149,2147,development,1
2150,2148,development,2
2151,2149,development,3
2152,2150,development,1
2153,2151,holdout,0
2154,2152,development,2
2155,1361,development,2
2156,2154,development,3
2157,2155,development,1
2158,2156,development,2
2159,2157,holdout,0
2160,2158,development,1
2161,2159,development,3
2162,2160,development,2
2163,2161,development,3
2164,2162,holdout,0
2165,2163,development,1
2166,2164,development,3
2167,2165,development,2
2168,2166,development,1
2169,2167,development,2
2170,2168,development,3
2171,2169,holdout,0
2172,2170,development,2
2173,2171,development,1
2174,2172,holdout,0
2175,2173,development,3
2176,2174,development,1
2177,2175,development,3
2178,2176,development,1
2179,2177,development,2
2180,2178,holdout,0
2181,2179,development,3
2182,2180,development,1
2183,1099,holdout,0
2184,126,development,1
2185,770,development,2
2186,2184,development,2
2187,2185,holdout,0
2188,2186,development,3
2189,2187,development,1
2190,2188,development,3
2191,2189,holdout,0
2192,2190,development,2
2193,2191,development,1
2194,2192,development,2
2195,2193,development,3
2196,2194,development,1
2197,2195,holdout,0
2198,2196,development,3
2199,2197,development,2
2200,2198,development,3
2201,2199,development,1
2202,2200,development,2
2203,2201,development,2
2204,2202,development,1
2205,2203,holdout,0
2206,2204,development,2
2207,2205,development,3
2208,2206,holdout,0
2209,2207,development,2
2210,2208,development,1
2211,2209,development,3
2212,2210,development,1
2213,2211,holdout,0
2214,2212,development,2
2215,2213,development,3
2216,2214,development,1
2217,2215,development,2
2218,2216,holdout,0
2219,2217,development,2
2220,2218,development,3
2221,2219,development,1
2222,2220,development,3
2223,675,development,1
2224,2222,development,1
2225,2223,development,2
2226,2224,development,1
2227,2225,development,3
2228,2226,development,2
2229,2227,development,3
2230,1154,development,1
2231,737,development,3
2232,2230,holdout,0
2233,2231,development,1
2234,2232,development,2
2235,107,development,1
2236,2234,development,3
2237,2235,development,3
2238,2236,holdout,0
2239,271,development,1
2240,2238,development,1
2241,168,holdout,0
2242,2240,development,1
2243,2241,development,2
2244,2242,holdout,0
2245,2243,development,1
2246,2244,development,3
2247,2245,holdout,0
2248,19,holdout,0
2249,2247,development,2
2250,2248,development,1
2251,2249,development,3
2252,2250,development,2
2253,2251,development,1
2254,2252,development,2
2255,2253,development,3
2256,2254,development,1
2257,2255,holdout,0
2258,2256,development,2
2259,2257,development,3
2260,2258,development,1
2261,2259,development,2
2262,2260,holdout,0
2263,2261,development,3
2264,2262,development,1
2265,735,development,1
2266,2264,development,2
2267,2265,holdout,0
2268,2266,development,3
2269,2267,development,1
2270,2268,development,3
2271,2269,development,2
2272,2270,development,1
2273,2271,holdout,0
2274,2272,development,2
2275,36,development,2
2276,2274,development,3
2277,2275,development,1
2278,2276,holdout,0
2279,2277,development,2
2280,2278,development,3
2281,2279,development,1
2282,2280,development,2
2283,2281,holdout,0
2284,735,development,1
2285,2283,development,2
2286,2284,development,1
2287,16,development,1
2288,2286,development,3
2289,2287,development,2
2290,2288,holdout,0
2291,2289,development,3
2292,549,holdout,0
2293,2291,development,1
2294,2292,development,2
2295,2293,development,1
2296,2294,holdout,0
2297,2295,development,1
2298,2296,development,3
2299,2297,development,2
2300,2298,development,2
2301,2299,holdout,0
2302,2300,development,3
2303,421,holdout,0
2304,2302,development,1
2305,2303,development,3
2306,2304,development,1
2307,2305,development,2
2308,2306,holdout,0
2309,2307,development,3
2310,2308,development,1
2311,2309,development,2
2312,2310,development,3
2313,2311,development,1
2314,2312,holdout,0
2315,2313,development,2
2316,2314,development,3
2317,2315,development,1
2318,2316,development,2
2319,2317,development,3
2320,1859,development,1
2321,2319,holdout,0
2322,2320,development,3
2323,2321,development,1
2324,1661,development,1
2325,2323,development,2
2326,2324,holdout,0
2327,2325,holdout,0
2328,2326,development,1
2329,2327,development,2
2330,2328,development,1
2331,2329,development,2
2332,2330,holdout,0
2333,2331,development,1
2334,2332,development,2
2335,2333,development,2
2336,2334,development,1
2337,2335,holdout,0
2338,2336,development,3
2339,2337,development,2
2340,2338,development,3
2341,2339,development,2
2342,2340,development,3
2343,2341,holdout,0
2344,946,development,1
2345,2343,development,3
2346,2344,development,1
2347,2345,development,1
2348,2346,development,1
2349,2347,development,2
2350,2348,development,3
2351,2349,holdout,0
2352,2350,development,1
2353,168,holdout,0
2354,2352,development,2
2355,2353,development,3
2356,2354,development,2
2357,24,development,3
2358,2356,holdout,0
2359,2357,development,1
2360,2358,development,1
2361,16,development,1
2362,2360,development,3
2363,271,development,1
2364,2362,holdout,0
2365,2363,development,2
2366,2364,development,1
2367,2365,development,3
2368,2366,development,3
2369,2367,development,1
2370,1292,holdout,0
2371,2369,holdout,0
2372,2370,development,2
2373,2371,development,1
2374,2372,development,2
2375,2373,holdout,0
2376,513,development,2
2377,2375,development,3
2378,2376,development,2
2379,2377,development,1
2380,2378,development,3
2381,2379,development,1
2382,2380,holdout,0
2383,2381,development,2
2384,2382,development,3
2385,2383,development,1
2386,2384,holdout,0
2387,2385,development,2
2388,2386,development,3
2389,2387,development,2
2390,107,development,1
2391,2389,development,3
2392,2390,holdout,0
2393,2391,development,1
2394,2392,development,2
2395,2393,development,3
2396,36,development,2
2397,1621,development,3
2398,2396,holdout,0
2399,2397,development,1
2400,2398,development,2
2401,2399,development,3
2402,1598,development,3
2403,2401,development,3
2404,2402,development,1
2405,2403,development,2
2406,2404,holdout,0
2407,2405,development,2
2408,2406,development,1
2409,2407,development,3
2410,2408,development,1
2411,2409,development,2
2412,2410,development,3
2413,504,development,2
2414,2412,holdout,0
2415,2413,development,1
2416,2414,development,3
2417,2415,development,2
2418,2416,development,2
2419,211,holdout,0
2420,2418,development,1
2421,2419,holdout,0
2422,2420,development,3
2423,2421,development,3
2424,2422,development,1
2425,1198,development,2
2426,2424,development,3
2427,2425,holdout,0
2428,2426,development,3
2429,2427,development,1
2430,2428,development,2
2431,2429,development,1
2432,2430,development,2
2433,2431,holdout,0
2434,2432,development,3
2435,2433,development,1
2436,2434,development,3
2437,2435,development,2
2438,2436,holdout,0
2439,2437,development,1
2440,2438,development,1
2441,2439,development,3
2442,2440,holdout,0
2443,2441,development,1
2444,2442,development,2
2445,474,development,3
2446,2444,holdout,0
2447,2445,development,3
2448,2446,development,1
2449,2447,development,2
2450,2448,development,3
2451,715,holdout,0
2452,2450,development,1
2453,2451,development,2
2454,349,development,1
2455,2453,holdout,0
2456,2454,development,3
2457,2455,development,1
2458,2456,development,3
2459,1239,development,3
2460,2458,development,1
2461,2459,holdout,0
2462,2460,development,2
2463,2461,development,3
2464,2462,development,1
2465,841,development,1
2466,271,development,1
2467,2465,development,3
2468,2466,development,2
2469,2467,holdout,0
2470,2468,holdout,0
2471,2469,development,3
2472,2470,development,1
2473,2471,development,2
2474,2472,development,2
2475,2473,holdout,0
2476,2474,development,3
2477,2475,development,1
2478,1540,development,1
2479,2477,development,1
2480,2478,holdout,0
2481,2479,development,2
2482,2480,development,3
2483,2481,development,1
2484,2482,development,2
2485,2483,holdout,0
2486,2484,development,3
2487,1292,holdout,0
2488,2486,development,1
2489,2487,development,3
2490,2488,development,2
2491,2489,development,2
2492,36,development,2
2493,2491,holdout,0
2494,194,development,1
2495,2493,development,1
2496,2494,development,3
2497,2495,development,1
2498,2496,holdout,0
2499,675,development,1
2500,2498,development,2
2501,2499,development,3
2502,715,holdout,0
2503,2501,development,1
2504,2502,development,2
2505,2503,development,3
2506,2504,development,1
2507,2505,holdout,0
2508,7,development,3
2509,2507,development,2
2510,2508,development,3
2511,2509,holdout,0
2512,2510,development,1
2513,2511,development,3
2514,2512,development,2
2515,2513,development,1
2516,2514,development,2
2517,2515,development,3
2518,1583,development,3
2519,2517,holdout,0
2520,2518,development,1
2521,2519,development,2
2522,2520,holdout,0
2523,2521,development,3
2524,2522,development,2
2525,2523,development,1
2526,2524,development,3
2527,2525,development,1
2528,2526,development,2
2529,2527,holdout,0
2530,2528,development,2
2531,2529,development,3
2532,2530,development,1
2533,2531,development,3
2534,2532,development,1
2535,2533,holdout,0
2536,2534,development,2
2537,2535,development,3
2538,2536,development,2
2539,2537,holdout,0
2540,2538,development,1
2541,2539,development,3
2542,2540,development,2
2543,2541,development,1
2544,2542,holdout,0
2545,2543,development,3
2546,2544,development,1
2547,2545,development,2
2548,2546,development,3
2549,2547,holdout,0
2550,2548,development,1
2551,2549,development,3
2552,2550,development,2
2553,784,development,1
2554,2552,development,1
2555,244,holdout,0
2556,2554,holdout,0
2557,2555,development,2
2558,2556,development,3
2559,2557,development,1
2560,2558,holdout,0
2561,7,development,3
2562,7,development,3
2563,2561,holdout,0
2564,2562,development,2
2565,2563,development,2
2566,2564,development,3
2567,2565,holdout,0
2568,2566,development,1
2569,513,development,2
2570,2568,development,2
2571,2569,holdout,0
2572,2570,development,3
2573,2571,development,3
2574,2572,development,1
2575,2573,development,2
2576,2574,development,1
2577,271,development,1
2578,2576,holdout,0
2579,2577,development,2
2580,2578,development,3
2581,2579,holdout,0
2582,271,development,1
2583,2581,development,1
2584,2582,development,2
2585,2583,development,3
2586,2584,holdout,0
2587,2585,development,1
2588,2586,development,2
2589,2587,development,3
2590,2588,holdout,0
2591,2589,development,1
2592,2590,development,2
2593,2591,development,3
2594,2592,development,3
2595,2593,holdout,0
2596,2594,development,2
2597,2595,development,3
2598,2596,development,1
2599,2530,development,1
2600,2598,development,1
2601,2599,holdout,0
2602,166,development,2
2603,2601,development,2
2604,2602,development,2
2605,2603,development,3
2606,2604,holdout,0
2607,2605,development,1
2608,2606,development,2
2609,2607,development,3
2610,2608,holdout,0
2611,845,holdout,0
2612,2344,development,1
2613,2611,development,3
2614,91,development,3
2615,2613,development,2
2616,2614,development,3
2617,16,development,1
2618,2616,development,1
2619,2617,development,1
2620,2618,holdout,0
2621,2619,development,2
2622,352,development,2
2623,1559,holdout,0
2624,2622,holdout,0
2625,2623,development,3
2626,2455,development,1
2627,2625,development,2
2628,2626,development,1
2629,16,development,1
2630,2628,development,3
2631,2629,development,1
2632,2630,holdout,0
2633,715,holdout,0
2634,1611,holdout,0
2635,2633,development,2
2636,2634,holdout,0
2637,2635,development,3
2638,2636,development,3
2639,2637,development,1
2640,2638,development,2
2641,2639,holdout,0
2642,53,development,3
2643,2641,development,2
2644,2642,development,1
2645,36,development,2
2646,2644,development,3
2647,2645,development,1
2648,2646,holdout,0
2649,2647,development,1
2650,2648,development,2
2651,2649,holdout,0
2652,2650,development,3
2653,2651,development,3
2654,2652,development,2
2655,2653,development,1
2656,2654,development,1
2657,2655,development,2
2658,2656,holdout,0
2659,2657,development,3
2660,2658,development,1
2661,2659,development,2
2662,2660,development,3
2663,737,development,3
2664,2662,holdout,0
2665,2663,development,1
2666,2664,development,2
2667,2665,holdout,0
2668,2666,holdout,0
2669,2667,development,3
2670,2668,development,3
2671,2669,development,1
2672,2670,development,2
2673,2671,development,1
2674,2672,development,2
2675,2673,development,3
2676,2674,development,1
2677,2675,development,3
2678,2676,development,2
2679,2677,development,3
2680,2678,development,1
2681,2679,holdout,0
2682,2680,development,2
2683,2681,holdout,0
2684,2682,development,3
2685,1020,development,2
2686,2684,development,2
2687,2685,development,1
2688,2686,development,3
2689,633,holdout,0
2690,2688,development,1
2691,2689,development,2
2692,2690,development,2
2693,2691,holdout,0
2694,2692,development,3
2695,2693,development,1
2696,2694,development,1
2697,2695,development,2
2698,2696,holdout,0
2699,2697,development,3
2700,2698,development,1
2701,271,development,1
2702,2700,development,3
2703,2701,development,2
2704,2702,development,1
2705,2703,holdout,0
2706,2704,development,2
2707,2705,development,3
2708,2706,development,2
2709,2707,development,3
2710,2708,development,1
2711,2709,development,1
2712,2710,holdout,0
2713,2711,development,2
2714,2712,development,3
2715,2713,development,1
2716,2714,development,3
2717,271,development,1
2718,1099,holdout,0
2719,2717,development,1
2720,2718,development,2
2721,2719,holdout,0
2722,946,development,1
2723,2721,development,1
2724,2722,holdout,0
2725,2723,development,3
2726,117,development,3
2727,2725,development,2
2728,2726,development,3
2729,2727,development,1
2730,2728,development,2
2731,47,development,2
2732,2730,development,3
2733,2731,holdout,0
2734,1293,development,1
2735,2733,development,1
2736,2734,development,2
2737,2735,holdout,0
2738,2736,development,3
2739,2737,development,2
2740,2738,holdout,0
2741,1458,development,1
2742,2740,development,1
2743,2741,development,3
2744,2742,development,1
2745,38,holdout,0
2746,2744,development,3
2747,2745,development,2
2748,2746,development,1
2749,2747,holdout,0
2750,2748,development,1
2751,2749,development,2
2752,2750,development,3
2753,2751,development,1
2754,2752,holdout,0
2755,2753,development,2
2756,2754,development,3
2757,2755,development,2
2758,2756,development,1
2759,2757,development,3
2760,2758,holdout,0
2761,2759,development,1
2762,2760,development,2
2763,2761,development,2
2764,2762,development,3
2765,2763,holdout,0
2766,2764,development,1
2767,2765,development,2
2768,2766,holdout,0
2769,2767,development,3
2770,2768,development,2
2771,16,development,1
2772,2770,development,1
2773,2771,development,3
2774,2772,development,1
2775,2773,development,2
2776,2774,holdout,0
2777,1212,development,3
2778,2776,holdout,0
2779,2777,development,3
2780,2778,development,1
2781,2779,development,2
2782,2780,holdout,0
2783,2781,development,3
2784,2782,development,1
2785,2783,development,2
2786,2784,development,3
2787,2785,development,3
2788,2786,holdout,0
2789,2787,development,1
2790,2788,holdout,0
2791,2789,development,2
2792,2790,development,2
2793,2791,holdout,0
2794,2792,development,3
2795,2793,development,1
2796,2794,development,1
2797,2795,development,2
2798,2796,development,3
2799,2797,development,2
2800,2798,holdout,0
2801,2799,development,1
2802,211,holdout,0
2803,2801,development,3
2804,2802,development,2
2805,2803,holdout,0
2806,2804,development,1
2807,2805,development,3
2808,2806,development,1
2809,2807,holdout,0
2810,2808,development,2
2811,2809,development,3
2812,2810,development,2
2813,2811,development,1
2814,2812,development,3
2815,25,development,1
2816,2814,holdout,0
2817,2815,holdout,0
2818,2816,development,2
2819,2817,development,2
2820,2818,development,1
2821,2819,development,1
2822,38,holdout,0
2823,2821,development,3
2824,2822,holdout,0
2825,2823,development,2
2826,2824,development,3
2827,2825,development,1
2828,2826,development,2
2829,2827,development,1
2830,1952,development,2
2831,2829,development,3
2832,2830,holdout,0
2833,7,development,3
2834,2832,development,3
2835,2833,development,2
2836,2834,holdout,0
2837,2835,development,1
2838,2836,development,2
2839,2837,development,3
2840,2838,holdout,0
2841,2839,development,1
2842,2840,development,3
2843,2841,holdout,0
2844,2842,development,2
2845,178,development,2
2846,784,development,1
2847,2845,development,2
2848,2846,development,1
2849,2847,development,3
2850,2848,development,1
2851,2849,development,3
2852,2850,development,2
2853,1239,development,3
2854,2852,holdout,0
2855,2520,holdout,0
2856,2854,development,3
2857,2855,development,1
2858,2856,development,2
2859,633,holdout,0
2860,2858,development,1
2861,2859,holdout,0
2862,2860,development,2
2863,2861,development,3
2864,16,development,1
2865,2863,holdout,0
2866,2864,development,1
2867,2865,holdout,0
2868,2866,development,2
2869,271,development,1
2870,1145,development,2
2871,2869,development,2
2872,2870,development,3
2873,2871,development,1
2874,2872,holdout,0
2875,2873,development,3
2876,2874,development,1
2877,2875,holdout,0
2878,2876,development,2
2879,1458,development,1
2880,1213,development,1
2881,16,development,1
2882,2880,development,3
2883,2881,development,2
2884,2882,development,1
2885,2883,development,3
2886,1783,development,3
2887,2885,development,1
2888,2886,holdout,0
2889,284,development,3
2890,2888,development,2
2891,2889,development,3
2892,2890,development,1
2893,2891,development,2
2894,2892,development,3
2895,2893,holdout,0
2896,2894,development,1
2897,2895,development,2
2898,2896,development,3
2899,1020,development,2
2900,2898,development,3
2901,2899,holdout,0
2902,2900,development,1
2903,2901,development,2
2904,2902,development,1
2905,406,development,2
2906,2904,development,2
2907,2905,development,3
2908,2906,development,2
2909,2907,holdout,0
2910,2908,development,1
2911,2909,development,3
2912,2910,development,1
2913,2911,holdout,0
2914,2912,development,2
2915,2913,development,1
2916,2914,development,3
2917,2915,development,1
2918,452,development,3
2919,2917,holdout,0
2920,2918,holdout,0
2921,2919,development,3
2922,2920,development,2
2923,2921,holdout,0
2924,2922,development,3
2925,2923,development,1
2926,2924,development,2
2927,2925,development,1
2928,2926,holdout,0
2929,2927,development,2
2930,2928,development,3
2931,2929,development,1
2932,2930,development,2
2933,2931,development,3
2934,2932,holdout,0
2935,16,development,1
2936,2934,development,1
2937,648,holdout,0
2938,2936,development,2
2939,2937,development,3
2940,2938,development,3
2941,2939,holdout,0
2942,2940,development,1
2943,2941,holdout,0
2944,2942,development,2
2945,2943,development,2
2946,2944,development,1
2947,2945,holdout,0
2948,2946,development,3
2949,2947,development,1
2950,2948,development,2
2951,2949,development,3
2952,2950,holdout,0
2953,2951,development,1
2954,2952,development,2
2955,2953,development,3
2956,2954,development,1
2957,2955,holdout,0
2958,2956,development,2
2959,2957,development,3
2960,2958,development,1
2961,2959,development,2
2962,641,development,3
2963,1145,development,2
2964,2962,development,3
2965,2963,holdout,0
2966,2964,development,1
2967,2965,development,2
2968,2966,development,3
2969,2967,development,1
2970,2968,holdout,0
2971,2969,development,2
2972,2970,development,3
2973,438,development,1
2974,724,development,3
2975,2973,development,1
2976,2974,development,3
2977,2975,development,3
2978,2976,development,2
2979,271,development,1
2980,2978,holdout,0
2981,2979,holdout,0
2982,2980,development,1
2983,2981,development,2
2984,2982,development,3
2985,2983,holdout,0
2986,2984,development,1
2987,7,development,3
2988,53,development,3
2989,2987,development,2
2990,16,development,1
2991,2989,development,3
2992,2990,development,3
2993,2991,holdout,0
2994,2992,development,1
2995,2993,development,2
2996,2994,development,3
2997,2995,development,1
2998,2996,development,2
2999,1145,development,2
3000,2998,development,2
3001,2999,development,3
3002,3000,development,1
3003,3001,holdout,0
3004,3002,development,2
3005,3003,holdout,0
3006,3004,development,3
3007,3005,holdout,0
3008,421,holdout,0
3009,3007,development,1
3010,3008,development,3
3011,3009,development,2
3012,3010,development,2
3013,3011,development,1
3014,319,development,2
3015,3013,development,3
3016,3014,development,1
3017,3015,holdout,0
3018,3016,development,2
3019,16,development,1
3020,3018,development,3
3021,3019,development,1
3022,3020,development,2
3023,3021,development,1
3024,3022,holdout,0
3025,3023,development,3
3026,3024,development,2
3027,3025,development,1
3028,3026,holdout,0
3029,3027,development,3
3030,3028,development,1
3031,3029,development,2
3032,3030,holdout,0
3033,3031,development,3
3034,3032,development,1
3035,3033,development,2
3036,3034,development,3
3037,3035,development,2
3038,3036,holdout,0
3039,3037,development,1
3040,3038,development,3
3041,3039,development,1
3042,3040,development,2
3043,1458,development,1
3044,3042,development,3
3045,3043,holdout,0
3046,3044,development,3
3047,3045,holdout,0
3048,3046,development,1
3049,3047,development,2
3050,3048,development,1
3051,3049,development,3
3052,3050,holdout,0
3053,3051,development,2
3054,1212,development,3
3055,3053,development,1
3056,3054,development,2
3057,7,development,3
3058,3056,development,3
3059,3057,development,1
3060,3058,holdout,0
3061,2442,development,2
3062,3060,development,3
3063,3061,development,1
3064,3062,development,3
3065,3063,development,2
3066,3064,holdout,0
3067,3065,development,1
3068,3066,development,2
3069,3067,development,3
3070,271,development,1
3071,3069,development,1
3072,3070,development,2
3073,3071,development,2
3074,3072,holdout,0
3075,3073,development,3
3076,3074,development,1
3077,3075,development,3
3078,3076,holdout,0
3079,3077,development,1
3080,3078,development,2
3081,3079,development,1
3082,3080,development,3
3083,3081,development,2
3084,3082,development,3
3085,3083,development,1
3086,3084,holdout,0
3087,3085,development,1
3088,3086,holdout,0
3089,3087,development,2
3090,3088,development,3
3091,3089,development,1
3092,3090,development,2
3093,3091,development,2
3094,3092,holdout,0
3095,3093,development,1
3096,271,development,1
3097,3095,development,3
3098,3096,development,2
3099,474,development,3
3100,3098,development,3
3101,2917,holdout,0
3102,3100,holdout,0
3103,3101,development,1
3104,474,development,3
3105,3103,development,2
3106,36,development,2
3107,3105,development,3
3108,3106,development,1
3109,24,development,3
3110,3108,holdout,0
3111,3109,development,2
3112,3110,development,3
3113,3111,development,1
3114,3112,development,2
3115,3113,holdout,0
3116,3114,development,2
3117,3115,development,2
3118,3116,development,3
3119,3117,development,1
3120,3118,holdout,0
3121,3119,development,1
3122,3120,development,3
3123,3121,development,2
3124,3122,development,3
3125,3123,development,1
3126,3124,development,2
3127,3125,development,3
3128,3126,development,1
3129,3127,development,1
3130,3128,development,2
3131,3129,development,2
3132,1725,holdout,0
3133,3131,development,3
3134,3132,development,1
3135,3133,holdout,0
3136,3134,development,3
3137,3135,development,1
3138,3,development,3
3139,3137,holdout,0
3140,3138,development,2
3141,271,development,1
3142,3140,development,1
3143,3141,development,3
3144,3142,holdout,0
3145,2957,development,3
3146,3144,development,2
3147,3145,development,3
3148,3146,development,1
3149,107,development,1
3150,3148,development,2
3151,3149,holdout,0
3152,3150,development,3
3153,3151,development,2
3154,3152,development,1
3155,3153,holdout,0
3156,2365,development,3
3157,3155,holdout,0
3158,3156,development,3
3159,3157,development,1
3160,3158,development,2
3161,3159,development,3
3162,3160,development,2
3163,3161,holdout,0
3164,3162,development,3
3165,3163,development,1
3166,3164,development,1
3167,3165,holdout,0
3168,3166,development,2
3169,3167,development,3
3170,3168,development,3
3171,7,development,3
3172,3170,development,3
3173,3171,holdout,0
3174,1774,development,1
3175,3173,development,1
3176,2455,development,1
3177,3175,development,2
3178,3176,development,1
3179,3177,holdout,0
3180,3178,development,2
3181,3179,development,3
3182,3180,development,1
3183,3181,development,2
3184,3182,development,2
3185,3183,development,3
3186,53,development,3
3187,3185,holdout,0
3188,3186,development,3
3189,3187,development,1
3190,3188,development,1
3191,166,development,2
3192,3190,development,2
3193,383,development,1
3194,3051,development,2
3195,3193,development,3
3196,724,development,3
3197,38,holdout,0
3198,3196,holdout,0
3199,3197,development,1
3200,841,development,1
3201,3199,development,3
3202,2657,development,3
3203,3201,development,2
3204,3202,development,1
3205,3203,holdout,0
3206,3204,development,2
3207,3205,development,3
3208,3206,holdout,0
3209,3207,development,2
3210,3208,development,1
3211,3209,development,3
3212,3210,holdout,0
3213,3211,development,3
3214,3212,development,1
3215,3213,development,2
3216,1293,development,1
3217,3215,development,1
3218,3216,holdout,0
3219,3217,development,2
3220,3218,development,3
3221,3219,development,1
3222,3220,development,2
3223,3221,holdout,0
3224,3222,development,3
3225,3223,development,2
3226,3224,development,3
3227,3225,development,1
3228,3226,holdout,0
3229,3227,holdout,0
3230,3228,development,1
3231,3229,development,2
3232,3230,development,1
3233,3231,development,3
3234,3232,development,2
3235,24,development,3
3236,3234,development,1
3237,3235,holdout,0
3238,3236,holdout,0
3239,3237,development,1
3240,1604,holdout,0
3241,3239,development,2
3242,3240,development,3
3243,3241,development,1
3244,1198,development,2
3245,3243,development,3
3246,3244,development,2
3247,3245,holdout,0
3248,3246,development,2
3249,3247,development,1
3250,3248,development,3
3251,3249,development,1
3252,3250,development,2
3253,3251,holdout,0
3254,3252,development,3
3255,3253,holdout,0
3256,3254,development,1
3257,3255,development,2
3258,3256,development,2
3259,3257,development,3
3260,3258,development,2
3261,3259,development,2
3262,3260,development,1
3263,3261,holdout,0
3264,3262,development,2
3265,126,development,1
3266,1361,development,2
3267,3265,development,3
3268,3266,holdout,0
3269,3267,development,1
3270,3268,development,2
3271,966,development,3
3272,3270,development,1
3273,7,development,3
3274,3272,development,3
3275,3273,holdout,0
3276,7,development,3
3277,513,development,2
3278,3276,development,2
3279,3277,development,3
3280,3278,development,1
3281,3279,development,2
3282,3280,development,3
3283,3281,holdout,0
3284,3282,development,3
3285,3283,development,1
3286,3284,development,2
3287,3285,holdout,0
3288,3286,development,1
3289,3287,development,2
3290,3288,development,3
3291,3289,development,1
3292,3290,development,3
3293,3291,development,2
3294,3292,development,1
3295,3293,holdout,0
3296,3294,development,2
3297,3295,development,3
3298,3296,holdout,0
3299,3297,development,1
3300,3298,development,2
3301,3299,development,3
3302,2299,holdout,0
3303,3301,development,1
3304,3302,development,2
3305,3303,holdout,0
3306,3304,development,1
3307,3305,development,2
3308,3306,development,3
3309,3307,development,1
3310,3308,holdout,0
3311,3309,development,2
3312,3310,development,3
3313,3311,development,2
3314,3312,development,1
3315,3313,development,3
3316,3314,development,2
3317,3315,development,3
3318,1133,development,2
3319,3317,holdout,0
3320,3318,holdout,0
3321,3319,development,1
3322,3320,development,3
3323,7,development,3
3324,3322,holdout,0
3325,3323,development,2
3326,3324,development,1
3327,3325,development,3
3328,3326,development,2
3329,271,development,1
3330,3328,development,2
3331,3329,development,1
3332,3330,holdout,0
3333,3331,development,3
3334,3332,development,2
3335,3333,development,1
3336,3334,holdout,0
3337,3335,development,2
3338,3336,development,3
3339,3337,development,1
3340,3338,holdout,0
3341,3339,development,2
3342,3340,development,3
3343,3341,development,2
3344,3342,development,1
3345,3343,development,1
3346,3344,development,3
3347,168,holdout,0
3348,3346,holdout,0
3349,3347,development,2
3350,3348,development,3
3351,3349,holdout,0
3352,3350,development,1
3353,3351,development,3
3354,274,development,3
3355,3353,development,2
3356,3354,development,2
3357,3355,development,1
3358,3356,development,3
3359,3357,development,1
3360,3358,holdout,0
3361,3359,development,2
3362,3360,development,3
3363,3361,development,1
3364,3362,holdout,0
3365,3363,development,2
3366,3364,development,1
3367,3365,development,3
3368,3366,development,2
3369,3367,development,3
3370,3368,development,2
3371,3369,holdout,0
3372,3370,development,1
3373,252,development,1
3374,3372,development,2
3375,3373,holdout,0
3376,3374,development,3
3377,3375,development,1
3378,3376,development,2
3379,3377,holdout,0
3380,3378,development,2
3381,3379,development,3
3382,3380,development,1
3383,3381,development,3
3384,16,development,1
3385,3383,development,2
3386,3384,holdout,0
3387,3385,development,3
3388,3386,development,1
3389,3387,development,2
3390,3388,development,3
3391,3389,holdout,0
3392,3390,development,1
3393,3391,development,1
3394,107,development,1
3395,3393,development,2
3396,3394,development,3
3397,0,development,3
3398,7,development,3
3399,3397,development,1
3400,3398,development,2
3401,3399,development,3
3402,3400,development,1
3403,3401,holdout,0
3404,3402,development,2
3405,3403,development,3
3406,3404,holdout,0
3407,3405,development,1
3408,3406,development,3
3409,3407,development,2
3410,3408,development,1
3411,3409,development,2
3412,3410,development,3
3413,3411,holdout,0
3414,3412,development,1
3415,3413,development,2
3416,3414,development,1
3417,3415,development,1
3418,3416,development,2
3419,3417,holdout,0
3420,3418,development,1
3421,3419,development,2
3422,3420,development,3
3423,3421,development,3
3424,3422,holdout,0
3425,2366,development,3
3426,3424,development,1
3427,3425,development,1
3428,2594,development,2
3429,737,development,3
3430,3428,holdout,0
3431,3429,development,2
3432,3430,development,2
3433,3431,development,1
3434,3432,development,3
3435,3433,holdout,0
3436,3434,development,1
3437,3435,development,3
3438,3436,development,2
3439,3437,development,3
3440,3438,development,1
3441,3439,development,2
3442,3440,holdout,0
3443,3441,development,1
3444,271,development,1
3445,3443,development,3
3446,3444,holdout,0
3447,3445,development,1
3448,3446,development,3
3449,3447,development,2
3450,3448,holdout,0
3451,3449,development,2
3452,3185,holdout,0
3453,3451,development,1
3454,421,holdout,0
3455,3453,development,3
3456,3454,development,3
3457,3455,development,1
3458,3456,development,2
3459,3457,holdout,0
3460,3458,development,2
3461,3459,development,1
3462,3460,holdout,0
3463,3461,development,2
3464,729,development,1
3465,3463,development,2
3466,581,development,3
3467,3465,development,1
3468,1604,holdout,0
3469,3467,development,1
3470,2563,development,2
3471,3469,development,2
3472,3470,holdout,0
3473,3471,development,1
3474,3472,development,3
3475,36,development,2
3476,3474,development,2
3477,3475,development,2
3478,3476,development,3
3479,3477,holdout,0
3480,3478,development,1
3481,3479,development,1
3482,3480,holdout,0
3483,3481,development,2
3484,3482,development,3
3485,2753,development,2
3486,3484,development,1
3487,3485,development,2
3488,3486,development,3
3489,3487,development,1
3490,3488,development,2
3491,3489,development,3
3492,3490,holdout,0
3493,3491,holdout,0
3494,3492,development,1
3495,3493,development,3
3496,3494,development,2
3497,3495,development,1
3498,3496,holdout,0
3499,3497,development,3
3500,3498,development,2
3501,3499,development,1
3502,3500,development,2
3503,3501,holdout,0
3504,3502,development,3
3505,3503,development,3
3506,3504,development,1
3507,3505,development,2
3508,3506,development,1
3509,737,development,3
3510,3508,holdout,0
3511,3509,development,2
3512,3510,development,3
3513,3511,development,1
3514,3512,development,3
3515,3513,development,2
3516,271,development,1
3517,36,development,2
3518,3516,development,1
3519,0,development,3
3520,2898,development,3
3521,1559,holdout,0
3522,3520,holdout,0
3523,3521,development,3
3524,3522,holdout,0
3525,1790,development,3
3526,3524,development,2
3527,3525,development,1
3528,3526,development,3
3529,3527,development,2
3530,3528,development,3
3531,3529,development,1
3532,3530,development,2
3533,3531,development,1
3534,3532,holdout,0
3535,3533,development,2
3536,3534,holdout,0
3537,3535,development,3
3538,3536,development,1
3539,3537,development,2
3540,923,development,3
3541,3539,development,3
3542,3540,development,2
3543,0,development,3
3544,3542,development,3
3545,3543,development,1
3546,3544,holdout,0
3547,2957,development,3
3548,3546,development,1
3549,3547,holdout,0
3550,3548,development,2
3551,3549,development,3
3552,3550,development,2
3553,3551,holdout,0
3554,3552,development,3
3555,3553,development,1
3556,3554,development,3
3557,211,holdout,0
3558,3556,development,1
3559,3557,development,2
3560,3558,development,3
3561,3559,holdout,0
3562,3560,development,1
3563,3561,development,1
3564,3562,development,2
3565,3563,development,3
3566,3564,development,1
3567,3565,development,3
3568,3566,development,2
3569,3567,holdout,0
3570,3568,development,1
3571,3569,development,3
3572,16,development,1
3573,3571,development,1
3574,3572,holdout,0
3575,3573,development,2
3576,3574,development,2
3577,107,development,1
3578,3576,development,2
3579,3577,development,3
3580,3578,development,1
3581,3579,development,3
3582,3580,holdout,0
3583,3581,development,3
3584,3582,holdout,0
3585,1859,development,1
3586,3584,development,1
3587,3585,development,2
3588,1579,development,1
3589,3587,holdout,0
3590,3588,development,1
3591,3589,development,2
3592,3590,development,3
3593,3591,development,1
3594,675,development,1
3595,3593,holdout,0
3596,3594,development,2
3597,3595,development,3
3598,3596,development,1
3599,3597,development,2
3600,3598,holdout,0
3601,3599,development,3
3602,3600,development,1
3603,7,development,3
3604,3602,development,1
3605,3603,development,3
3606,3604,holdout,0
3607,3605,development,2
3608,3606,development,3
3609,3607,development,1
3610,3608,development,3
3611,3609,holdout,0
3612,3610,development,2
3613,1145,development,2
3614,3612,development,1
3615,252,development,1
3616,3614,development,2
3617,3615,development,2
3618,1249,development,2
3619,3617,development,1
3620,2741,development,3
3621,3619,development,1
3622,3620,holdout,0
3623,3621,development,3
3624,3622,development,2
3625,3623,holdout,0
3626,3624,development,3
3627,3625,development,1
3628,3626,development,1
3629,3627,development,3
3630,3628,holdout,0
3631,3629,development,2
3632,178,development,2
3633,3631,development,1
3634,94,development,1
3635,3633,development,2
3636,581,development,3
3637,3635,development,3
3638,3636,development,1
3639,3637,holdout,0
3640,3638,development,1
3641,421,holdout,0
3642,3640,development,2
3643,3641,development,3
3644,3642,development,1
3645,3643,development,2
3646,3644,holdout,0
3647,3645,development,3
3648,3646,development,2
3649,3647,development,1
3650,3648,development,2
3651,3649,development,3
3652,2919,development,3
3653,3651,holdout,0
3654,3652,development,1
3655,3653,development,2
3656,3654,development,3
3657,3655,holdout,0
3658,3656,development,1
3659,3657,development,2
3660,3658,development,3
3661,3659,development,2
3662,3660,development,1
3663,3661,development,3
3664,3662,development,3
3665,3663,holdout,0
3666,3103,development,2
3667,240,development,1
3668,7,development,3
3669,3667,development,1
3670,274,development,3
3671,3669,development,2
3672,3670,development,1
3673,3671,development,2
3674,3672,holdout,0
3675,3673,development,3
3676,3674,holdout,0
3677,3675,development,2
3678,3676,development,1
3679,3677,development,3
3680,3678,development,3
3681,1020,development,2
3682,3680,holdout,0
3683,3681,development,1
3684,3682,development,2
3685,3683,holdout,0
3686,3684,development,1
3687,3685,development,3
3688,3686,development,2
3689,3687,development,1
3690,3688,holdout,0
3691,3689,development,2
3692,3690,development,1
3693,3691,holdout,0
3694,3692,development,2
3695,3693,development,1
3696,3694,development,3
3697,211,holdout,0
3698,3696,development,2
3699,3697,development,1
3700,3698,development,3
3701,3699,development,1
3702,3700,holdout,0
3703,3701,development,2
3704,3702,development,1
3705,349,development,1
3706,3704,development,3
3707,3705,development,2
3708,3706,holdout,0
3709,3707,development,1
3710,3708,development,3
3711,3709,development,2
3712,3710,development,1
3713,178,development,2
3714,3712,holdout,0
3715,3713,development,1
3716,438,development,1
3717,3715,development,2
3718,3716,development,3
3719,3717,holdout,0
3720,3718,development,1
3721,3719,development,2
3722,3720,development,3
3723,3721,development,2
3724,3722,holdout,0
3725,3723,development,3
3726,3724,development,2
3727,3725,development,3
3728,3726,development,1
3729,3727,development,2
3730,3728,holdout,0
3731,3123,development,1
3732,3730,development,3
3733,3731,development,1
3734,3732,development,1
3735,3733,development,2
3736,168,holdout,0
3737,3735,holdout,0
3738,3736,development,3
3739,3737,development,1
3740,1662,development,2
3741,3739,development,2
3742,3740,holdout,0
3743,3741,development,3
3744,3742,development,1
3745,7,development,3
3746,3744,development,3
3747,3745,development,3
3748,3746,holdout,0
3749,3747,development,3
3750,3748,development,2
3751,3749,development,1
3752,3750,development,2
3753,3751,development,3
3754,3752,development,1
3755,3753,development,2
3756,1020,development,2
3757,3755,development,3
3758,1688,development,1
3759,24,development,3
3760,3758,holdout,0
3761,3759,development,1
3762,3760,holdout,0
3763,3761,development,2
3764,613,holdout,0
3765,3763,development,3
3766,3764,development,3
3767,3765,holdout,0
3768,3766,development,1
3769,3767,development,2
3770,3768,development,1
3771,3769,holdout,0
3772,3770,development,2
3773,611,development,3
3774,3772,development,3
3775,3773,development,2
3776,683,holdout,0
3777,3775,development,1
3778,3776,holdout,0
3779,3777,development,3
3780,3778,development,1
3781,3779,development,2
3782,3780,development,2
3783,3781,development,3
3784,3782,holdout,0
3785,3783,development,1
3786,3784,development,3
3787,3785,development,2
3788,3786,development,1
3789,3787,development,3
3790,3788,holdout,0
3791,3789,development,1
3792,3790,development,2
3793,3791,development,2
3794,3792,development,3
3795,3793,development,1
3796,3794,holdout,0
3797,3795,development,3
3798,3796,development,1
3799,3797,development,2
3800,3798,development,3
3801,3799,holdout,0
3802,3800,development,1
3803,3801,development,2
3804,3802,development,3
3805,3803,development,1
3806,3804,development,2
3807,3805,holdout,0
3808,3806,development,3
3809,3807,development,2
3810,33,development,3
3811,3809,development,3
3812,3810,holdout,0
3813,3811,development,1
3814,3812,development,2
3815,3813,development,3
3816,3814,development,1
3817,3815,holdout,0
3818,3816,development,2
3819,3817,development,3
3820,91,development,3
3821,3819,holdout,0
3822,1458,development,1
3823,3821,development,1
3824,3822,development,2
3825,3823,development,3
3826,723,development,2
3827,3825,development,1
3828,3826,development,2
3829,3827,development,3
3830,3828,holdout,0
3831,3829,development,2
3832,3830,holdout,0
3833,3831,development,1
3834,3832,development,2
3835,683,holdout,0
3836,1540,development,1
3837,3835,development,3
3838,3836,development,3
3839,3837,development,2
3840,3838,development,2
3841,633,holdout,0
3842,3840,holdout,0
3843,3841,development,3
3844,3842,development,2
3845,1020,development,2
3846,3844,development,3
3847,3845,development,2
3848,3846,holdout,0
3849,633,holdout,0
3850,3848,development,3
3851,7,development,3
3852,3850,development,2
3853,3851,development,3
3854,3852,holdout,0
3855,3853,development,3
3856,3854,development,1
3857,3855,development,2
3858,3856,development,2
3859,3857,development,1
3860,1559,holdout,0
3861,3859,development,3
3862,3860,development,1
3863,3861,holdout,0
3864,3862,development,1
3865,3863,holdout,0
3866,3864,development,3
3867,3865,development,1
3868,3866,development,2
3869,3867,development,1
3870,3868,development,2
3871,3869,holdout,0
3872,3870,development,3
3873,3871,development,1
3874,3872,development,2
3875,36,development,2
3876,3874,development,3
3877,3875,development,1
3878,3876,development,2
3879,3877,holdout,0
3880,3878,development,3
3881,3879,development,1
3882,3880,holdout,0
3883,33,development,3
3884,3882,development,2
3885,3883,development,3
3886,3884,development,3
3887,3885,holdout,0
3888,3886,development,2
3889,3887,development,1
3890,3888,development,2
3891,504,development,2
3892,3890,development,1
3893,3891,holdout,0
3894,3892,development,2
3895,3893,development,3
3896,3894,development,2
3897,2408,development,1
3898,1496,holdout,0
3899,3897,development,1
3900,3898,holdout,0
3901,3899,development,3
3902,3900,development,1
3903,3901,holdout,0
3904,2210,development,1
3905,3903,development,2
3906,36,development,2
3907,3905,development,3
3908,3906,development,1
3909,3907,holdout,0
3910,3908,development,3
3911,3909,development,2
3912,3910,development,1
3913,3911,development,2
3914,3912,development,3
3915,3913,development,1
3916,3914,holdout,0
3917,2335,holdout,0
3918,3916,development,3
3919,3917,development,1
3920,3918,development,2
3921,3919,holdout,0
3922,3920,development,2
3923,3921,development,3
3924,713,development,2
3925,3923,development,1
3926,271,development,1
3927,3925,development,2
3928,3926,development,3
3929,3927,development,1
3930,3928,development,2
3931,3929,development,3
3932,3930,holdout,0
3933,3931,development,2
3934,3932,development,1
3935,3933,holdout,0
3936,3934,development,3
3937,3935,development,1
3938,3936,development,2
3939,3937,development,3
3940,3938,development,1
3941,3939,development,1
3942,3940,holdout,0
3943,3941,development,2
3944,3942,development,3
3945,3943,holdout,0
3946,3944,development,2
3947,3945,development,3
3948,3946,development,3
3949,3947,holdout,0
3950,3948,development,1
3951,3949,development,2
3952,3950,development,1
3953,36,development,2
3954,1239,development,3
3955,3953,development,2
3956,421,holdout,0
3957,16,development,1
3958,3643,development,2
3959,3957,development,3
3960,3958,development,1
3961,3959,development,3
3962,3960,holdout,0
3963,3961,development,1
3964,166,development,2
3965,3963,development,3
3966,3964,holdout,0
3967,3965,development,2
3968,3966,development,1
3969,3967,development,2
3970,3968,development,3
3971,3969,development,1
3972,3970,holdout,0
3973,3971,development,3
3974,3972,development,2
3975,3973,development,1
3976,240,development,1
3977,1790,development,3
3978,3976,holdout,0
3979,3977,development,3
3980,3978,development,3
3981,3979,development,2
3982,3980,development,2
3983,3981,holdout,0
3984,3982,development,1
3985,3983,development,3
3986,53,development,3
3987,3985,development,1
3988,729,development,1
3989,3987,development,2
3990,3988,development,3
3991,421,holdout,0
3992,3990,development,2
3993,349,development,1
3994,3992,holdout,0
3995,3993,development,1
3996,3994,development,3
3997,3995,holdout,0
3998,3996,development,1
3999,3997,development,2
4000,3998,development,2
4001,3999,development,3
4002,4000,development,2
4003,4001,development,3
4004,4002,development,1
4005,240,development,1
4006,4004,holdout,0
4007,4005,development,1
4008,4006,holdout,0
4009,4007,development,2
4010,4008,development,3
4011,4009,development,1
4012,4010,holdout,0
4013,7,development,3
4014,178,development,2
4015,4013,development,3
4016,4014,holdout,0
4017,4015,development,1
4018,4016,development,2
4019,4017,development,3
4020,4018,development,2
4021,4019,development,2
4022,4020,holdout,0
4023,4021,development,1
4024,4022,development,3
4025,4023,holdout,0
4026,349,development,1
4027,4025,development,1
4028,4026,development,3
4029,4027,development,2
4030,211,holdout,0
4031,4029,holdout,0
4032,4030,development,1
4033,16,development,1
4034,4032,development,2
4035,4033,development,3
4036,4034,development,2
4037,4035,development,1
4038,4036,holdout,0
4039,4037,development,3
4040,4038,development,1
4041,4039,development,2
4042,4040,holdout,0
4043,4041,development,3
4044,4042,development,3
4045,4043,development,1
4046,4044,development,2
4047,4045,development,2
4048,4046,development,3
4049,4047,holdout,0
4050,4048,development,1
4051,557,development,1
4052,4050,development,2
4053,4051,development,3
4054,4052,development,1
4055,4053,development,2
4056,4054,development,3
4057,7,development,3
4058,421,holdout,0
4059,2753,development,2
4060,4058,holdout,0
4061,4059,development,1
4062,4060,development,3
4063,4061,holdout,0
4064,4062,development,2
4065,4063,development,2
4066,4064,development,1
4067,4065,development,3
4068,117,development,3
4069,4067,holdout,0
4070,4068,development,1
4071,4069,development,2
4072,4070,development,3
4073,257,development,2
4074,4072,development,2
4075,36,development,2
4076,4074,development,1
4077,4075,development,3
4078,4076,holdout,0
4079,4077,development,1
4080,4078,development,2
4081,4079,development,3
4082,4080,holdout,0
4083,4081,development,1
4084,4082,development,3
4085,4083,development,1
4086,4084,development,2
4087,4085,holdout,0
4088,4086,development,3
4089,4087,holdout,0
4090,4088,development,2
4091,4089,development,1
4092,4090,development,3
4093,4091,development,3
4094,4092,development,1
4095,4093,development,3
4096,4094,development,2
4097,4095,holdout,0
4098,4096,development,2
4099,4097,development,3
4100,715,holdout,0
4101,4099,development,1
4102,2719,holdout,0
4103,4101,development,2
4104,839,development,2
4105,4103,holdout,0
4106,211,holdout,0
4107,4105,development,2
4108,4106,development,3
4109,4107,development,3
4110,4108,development,1
4111,4109,development,2
4112,4110,holdout,0
4113,4111,development,3
4114,4112,development,1
4115,4113,development,1
4116,4114,holdout,0
4117,4115,development,3
4118,4116,development,2
4119,4117,development,1
4120,4118,development,3
4121,4119,holdout,0
4122,4120,development,1
4123,4121,development,2
4124,4122,development,2
4125,1336,development,3
4126,4124,development,3
4127,4125,holdout,0
4128,4126,development,1
4129,117,development,3
4130,4128,development,3
4131,4129,development,2
4132,4130,development,3
4133,4131,holdout,0
4134,4132,development,2
4135,4133,development,2
4136,4134,development,1
4137,4135,development,3
4138,4136,holdout,0
4139,4137,development,1
4140,4138,development,2
4141,4139,development,3
4142,594,development,2
4143,4141,development,1
4144,4142,development,2
4145,4143,holdout,0
4146,4144,development,1
4147,4145,development,3
4148,4146,development,1
4149,4147,holdout,0
4150,4148,development,3
4151,4149,development,2
4152,4150,development,1
4153,4151,development,2
4154,633,holdout,0
4155,4153,holdout,0
4156,16,development,1
4157,4155,development,3
4158,4156,development,2
4159,4157,development,3
4160,1336,development,3
4161,4159,development,2
4162,36,development,2
4163,4161,development,1
4164,4162,holdout,0
4165,4163,development,3
4166,271,development,1
4167,194,development,1
4168,4166,development,1
4169,33,development,3
4170,4168,development,2
4171,4169,development,1
4172,4170,development,3
4173,4171,development,3
4174,4172,development,2
4175,4173,development,3
4176,4174,holdout,0
4177,4175,development,1
4178,4176,development,2
4179,4177,holdout,0
4180,4178,development,3
4181,4179,development,1
4182,4180,development,2
4183,4181,holdout,0
4184,4182,development,3
4185,4183,development,1
4186,4184,development,2
4187,4009,development,1
4188,1157,development,1
4189,4187,holdout,0
4190,4188,development,1
4191,4189,development,3
4192,4190,development,2
4193,4191,development,2
4194,4192,holdout,0
4195,4193,development,3
4196,4194,development,2
4197,4195,development,3
4198,1114,development,1
4199,4197,development,1
4200,4198,holdout,0
4201,4199,development,1
4202,4200,development,3
4203,16,development,1
4204,4202,development,2
4205,16,development,1
4206,7,development,3
4207,4205,development,1
4208,4206,development,3
4209,4207,holdout,0
4210,4208,development,2
4211,4209,development,1
4212,1611,holdout,0
4213,4211,development,3
4214,4212,development,1
4215,24,development,3
4216,211,holdout,0
4217,4215,development,2
4218,4216,development,3
4219,4217,holdout,0
4220,644,development,1
4221,4219,development,1
4222,4220,development,3
4223,3036,holdout,0
4224,4222,holdout,0
4225,4223,development,2
4226,4224,development,1
4227,4225,holdout,0
4228,4226,development,2
4229,4227,development,3
4230,4228,development,1
4231,4229,development,2
4232,4230,development,3
4233,4231,development,2
4234,4232,development,3
4235,4233,holdout,0
4236,4234,development,1
4237,4235,development,2
4238,4236,development,1
4239,4237,development,3
4240,4238,development,1
4241,4239,holdout,0
4242,4240,development,3
4243,4241,development,2
4244,421,holdout,0
4245,4243,development,1
4246,4244,holdout,0
4247,4245,development,2
4248,211,holdout,0
4249,4247,development,3
4250,4248,development,2
4251,4249,development,1
4252,4250,holdout,0
4253,1768,development,3
4254,4252,development,3
4255,16,development,1
4256,194,development,1
4257,4255,development,3
4258,4256,development,1
4259,4257,development,1
4260,4258,development,2
4261,4259,holdout,0
4262,4260,development,3
4263,4261,development,2
4264,66,holdout,0
4265,4263,development,1
4266,4264,development,1
4267,4265,holdout,0
4268,4266,development,2
4269,4267,development,3
4270,4268,development,1
4271,16,development,1
4272,4270,development,2
4273,36,development,2
4274,4272,development,3
4275,1020,development,2
4276,4274,development,1
4277,4275,holdout,0
4278,4276,development,2
4279,4277,development,3
4280,4278,holdout,0
4281,4279,development,2
4282,4280,development,1
4283,4281,development,3
4284,1035,development,1
4285,3076,holdout,0
4286,724,development,3
4287,4285,holdout,0
4288,4286,development,1
4289,4287,development,2
4290,4288,development,1
4291,4289,development,1
4292,4290,holdout,0
4293,4291,development,3
4294,4292,development,1
4295,4293,development,3
4296,4294,development,2
4297,4295,development,2
4298,4296,development,1
4299,4297,holdout,0
4300,4298,development,3
4301,4299,development,1
4302,4300,development,1
4303,4301,development,2
4304,4302,holdout,0
4305,4303,development,3
4306,4304,development,2
4307,4305,development,2
4308,4306,development,3
4309,4307,holdout,0
4310,4308,development,1
4311,4309,development,3
4312,4310,development,2
4313,4311,development,2
4314,4312,holdout,0
4315,4313,development,1
4316,4314,development,1
4317,1681,holdout,0
4318,4316,development,3
4319,4317,development,3
4320,4318,development,2
4321,4319,holdout,0
4322,4320,development,2
4323,0,development,3
4324,4322,development,1
4325,4323,development,3
4326,7,development,3
4327,4325,holdout,0
4328,4326,development,1
4329,4327,development,2
4330,755,development,2
4331,4329,development,3
4332,4330,development,1
4333,3394,development,3
4334,7,development,3
4335,4333,holdout,0
4336,4334,development,2
4337,4335,development,3
4338,4336,development,2
4339,4337,development,1
4340,4338,holdout,0
4341,4339,development,3
4342,107,development,1
4343,4341,development,3
4344,4342,holdout,0
4345,4343,development,1
4346,16,development,1
4347,38,holdout,0
4348,4346,development,2
4349,4347,development,2
4350,4348,development,3
4351,4349,development,1
4352,4350,development,1
4353,671,development,1
4354,4352,development,2
4355,4353,development,3
4356,4354,development,1
4357,4355,holdout,0
4358,4356,development,2
4359,4357,development,3
4360,4358,development,2
4361,4359,holdout,0
4362,4360,development,3
4363,675,development,1
4364,309,development,1
4365,271,development,1
4366,4364,development,1
4367,4365,development,3
4368,4366,holdout,0
4369,4367,holdout,0
4370,4368,development,2
4371,4369,development,1
4372,4370,development,3
4373,4371,development,3
4374,4372,development,2
4375,4373,development,2
4376,4374,development,1
4377,4375,holdout,0
4378,4376,development,3
4379,4377,development,1
4380,4378,development,2
4381,4379,development,1
4382,4380,development,3
4383,4381,holdout,0
4384,4382,development,2
4385,4383,development,1
4386,4384,development,2
4387,4385,development,2
4388,4386,holdout,0
4389,4387,development,3
4390,1559,holdout,0
4391,4389,development,1
4392,4390,development,1
4393,4391,development,2
4394,1145,development,2
4395,4393,holdout,0
4396,4394,development,1
4397,4395,development,3
4398,4396,development,2
4399,4397,development,3
4400,4398,development,1
4401,4399,development,3
4402,4400,holdout,0
4403,4401,holdout,0
4404,4402,development,3
4405,4403,development,2
4406,1015,development,1
4407,4405,development,1
4408,4406,development,2
4409,4407,holdout,0
4410,4408,development,3
4411,4409,development,3
4412,4410,development,1
4413,4411,development,2
4414,7,development,3
4415,4413,development,1
4416,4414,holdout,0
4417,4415,development,2
4418,4416,development,3
4419,4417,development,1
4420,4418,development,2
4421,4419,holdout,0
4422,4420,development,3
4423,4421,development,1
4424,4422,development,2
4425,4423,development,1
4426,4424,holdout,0
4427,1212,development,3
4428,4426,development,3
4429,4427,development,2
4430,4428,development,3
4431,4293,development,3
4432,3203,holdout,0
4433,4431,holdout,0
4434,4432,development,2
4435,4433,development,3
4436,4434,development,1
4437,36,development,2
4438,4436,development,1
4439,4437,development,2
4440,4438,holdout,0
4441,4439,development,2
4442,4440,development,3
4443,4441,development,3
4444,4442,development,1
4445,4443,development,1
4446,4444,holdout,0
4447,4445,development,2
4448,4446,development,3
4449,4447,holdout,0
4450,4448,development,3
4451,4449,development,1
4452,4450,development,2
4453,4451,development,1
4454,4452,holdout,0
4455,4453,development,3
4456,36,development,2
4457,4455,development,2
4458,1458,development,1
4459,4457,development,1
4460,4458,development,3
4461,4459,holdout,0
4462,16,development,1
4463,4461,development,3
4464,3728,holdout,0
4465,4463,development,1
4466,7,development,3
4467,4465,development,1
4468,798,development,2
4469,4467,development,2
4470,16,development,1
4471,4469,development,3
4472,4470,development,1
4473,4471,holdout,0
4474,4472,development,3
4475,4473,development,3
4476,4474,development,1
4477,4475,holdout,0
4478,4476,development,3
4479,4477,development,1
4480,36,development,2
4481,4479,development,2
4482,4480,development,1
4483,4481,holdout,0
4484,4482,development,2
4485,4483,development,3
4486,4484,development,1
4487,4485,development,1
4488,4179,development,1
4489,4487,holdout,0
4490,2157,holdout,0
4491,4489,development,2
4492,4490,development,3
4493,4491,development,2
4494,4492,holdout,0
4495,950,development,3
4496,4494,development,3
4497,217,development,2
4498,4496,development,2
4499,4497,development,1
4500,4498,development,3
4501,4499,holdout,0
4502,349,development,1
4503,4501,development,2
4504,1681,holdout,0
4505,4503,development,1
4506,4504,development,3
4507,4505,development,3
4508,4506,development,2
4509,4507,holdout,0
4510,4508,development,2
4511,4509,development,1
4512,4510,development,3
4513,4511,development,2
4514,4512,holdout,0
4515,4513,development,1
4516,4514,development,3
4517,4515,development,2
4518,4516,holdout,0
4519,4517,holdout,0
4520,4518,development,1
4521,4519,development,3
4522,166,development,2
4523,4521,development,1
4524,4522,development,2
4525,7,development,3
4526,4524,holdout,0
4527,4525,holdout,0
4528,4526,development,3
4529,4527,development,1
4530,4528,development,2
4531,4529,development,3
4532,4530,development,1
4533,4531,development,2
4534,4532,development,3
4535,779,development,1
4536,4534,holdout,0
4537,1458,development,1
4538,4536,development,1
4539,4537,development,3
4540,737,development,3
4541,4539,development,2
4542,4540,development,1
4543,4541,development,2
4544,4542,development,3
4545,4543,holdout,0
4546,4544,development,1
4547,4545,development,2
4548,4546,development,3
4549,349,development,1
4550,4548,holdout,0
4551,4549,development,1
4552,4550,development,2
4553,4551,development,3
4554,4552,holdout,0
4555,4553,development,1
4556,4554,development,3
4557,557,development,1
4558,4556,development,2
4559,1145,development,2
4560,4558,development,1
4561,4559,development,2
4562,1239,development,3
4563,36,development,2
4564,4562,development,2
4565,4563,holdout,0
4566,4564,development,3
4567,4565,development,1
4568,4566,development,3
4569,4567,development,1
4570,4568,holdout,0
4571,2957,development,3
4572,1790,development,3
4573,4571,development,3
4574,4572,development,2
4575,4573,development,1
4576,1933,development,2
4577,2908,development,1
4578,4576,holdout,0
4579,4577,development,2
4580,4578,development,3
4581,4579,development,1
4582,4580,development,3
4583,4581,development,2
4584,4582,development,1
4585,4583,holdout,0
4586,4584,development,2
4587,4585,development,3
4588,4586,development,2
4589,4587,development,1
4590,4588,holdout,0
4591,4589,development,3
4592,4590,development,1
4593,4591,development,1
4594,4592,development,3
4595,4593,development,3
4596,4594,development,1
4597,4595,holdout,0
4598,38,holdout,0
4599,4597,development,3
4600,4598,development,1
4601,4599,development,3
4602,4600,development,3
4603,4601,holdout,0
4604,4602,development,1
4605,4603,holdout,0
4606,4604,development,1
4607,4605,development,2
4608,4606,development,1
4609,4607,development,3
4610,4608,development,2
4611,2957,development,3
4612,4610,development,2
4613,4611,holdout,0
4614,4612,development,3
4615,4613,development,1
4616,4614,development,3
4617,4615,development,1
4618,4616,holdout,0
4619,4617,development,2
4620,136,development,1
4621,2317,development,3
4622,4620,development,3
4623,4621,development,1
4624,4622,holdout,0
4625,4623,development,2
4626,4624,development,3
4627,4625,development,1
4628,4626,holdout,0
4629,4627,development,2
4630,4628,development,3
4631,4629,development,1
4632,4630,development,1
4633,4631,holdout,0
4634,4632,development,2
4635,4633,development,3
4636,4634,development,2
4637,166,development,2
4638,4636,development,1
4639,178,development,2
4640,1071,holdout,0
4641,4639,development,3
4642,4640,holdout,0
4643,4641,development,3
4644,16,development,1
4645,4643,development,2
4646,4017,development,3
4647,4645,development,2
4648,4646,holdout,0
4649,1986,development,2
4650,4648,development,1
4651,36,development,2
4652,4650,development,3
4653,4651,development,1
4654,4652,development,3
4655,4653,development,2
4656,7,development,3
4657,4655,development,2
4658,4550,development,2
4659,4657,holdout,0
4660,4658,development,1
4661,4659,development,3
4662,4660,development,1
4663,4661,holdout,0
4664,4662,development,3
4665,4663,development,2
4666,4664,development,1
4667,798,development,2
4668,4666,development,3
4669,4667,holdout,0
4670,4668,development,2
4671,4669,development,1
4672,4670,development,2
4673,4671,development,3
4674,1020,development,2
4675,4673,development,2
4676,4674,development,1
4677,4675,holdout,0
4678,272,development,2
4679,4677,development,3
4680,4678,development,1
4681,3746,holdout,0
4682,4680,holdout,0
4683,4681,development,2
4684,4682,development,3
4685,4683,development,1
4686,2106,development,1
4687,4685,development,3
4688,4686,holdout,0
4689,4687,development,2
4690,4688,development,1
4691,4689,development,2
4692,4690,development,3
4693,4691,holdout,0
4694,4692,development,2
4695,4693,development,1
4696,4694,development,1
4697,4695,development,3
4698,4696,holdout,0
4699,4697,development,2
4700,4698,development,1
4701,4699,development,3
4702,4700,development,2
4703,4701,development,3
4704,2344,development,1
4705,4703,development,1
4706,4704,holdout,0
4707,4705,development,1
4708,4706,development,2
4709,4707,development,3
4710,4708,development,2
4711,4709,holdout,0
4712,4710,development,3
4713,4711,development,1
4714,4712,development,1
4715,4713,development,2
4716,7,development,3
4717,4715,development,3
4718,4716,development,3
4719,4717,holdout,0
4720,4718,development,1
4721,4719,development,3
4722,4720,development,3
4723,4721,holdout,0
4724,1239,development,3
4725,1808,development,1
4726,4724,development,1
4727,4725,development,1
4728,4726,development,3
4729,117,development,3
4730,4728,holdout,0
4731,4729,development,2
4732,178,development,2
4733,4731,development,1
4734,4732,development,3
4735,4733,development,3
4736,4734,development,2
4737,7,development,3
4738,2365,development,3
4739,4737,holdout,0
4740,4738,development,1
4741,4739,development,2
4742,4740,development,1
4743,4741,development,2
4744,4742,holdout,0
4745,4743,development,3
4746,4744,development,3
4747,4745,development,1
4748,4746,development,2
4749,25,development,1
4750,4748,development,3
4751,274,development,3
4752,1145,development,2
4753,4751,holdout,0
4754,4752,development,1
4755,4753,development,2
4756,4754,development,3
4757,4755,holdout,0
4758,36,development,2
4759,4757,holdout,0
4760,4758,development,1
4761,4759,development,2
4762,4760,development,3
4763,4761,development,2
4764,3035,development,2
4765,4763,development,1
4766,4764,development,3
4767,168,holdout,0
4768,4766,development,1
4769,4767,development,2
4770,4768,development,1
4771,4769,holdout,0
4772,4770,development,3
4773,4771,development,2
4774,16,development,1
4775,4773,development,3
4776,4774,development,1
4777,735,development,1
4778,1579,development,1
4779,4777,development,3
4780,16,development,1
4781,4779,holdout,0
4782,4780,development,1
4783,4781,development,2
4784,4782,development,1
4785,91,development,3
4786,4784,development,3
4787,4785,holdout,0
4788,4786,development,2
4789,4787,development,2
4790,4788,development,1
4791,4789,development,3
4792,3036,holdout,0
4793,4791,holdout,0
4794,4792,development,2
4795,4793,development,1
4796,4794,development,3
4797,4795,development,3
4798,4796,development,1
4799,4797,holdout,0
4800,4798,development,2
4801,4799,development,1
4802,4800,development,2
4803,16,development,1
4804,4802,holdout,0
4805,4803,development,2
4806,4804,development,3
4807,4805,development,1
4808,349,development,1
4809,4807,development,2
4810,4808,development,3
4811,4809,holdout,0
4812,4810,development,2
4813,4811,development,3
4814,4812,development,1
4815,4813,holdout,0
4816,4814,development,1
4817,4815,development,2
4818,4816,development,3
4819,4817,development,1
4820,4818,holdout,0
4821,4819,development,2
4822,271,development,1
4823,4821,development,3
4824,4822,development,2
4825,4823,development,1
4826,4824,holdout,0
4827,4825,development,3
4828,38,holdout,0
4829,4827,development,3
4830,729,development,1
4831,4829,development,1
4832,504,development,2
4833,4831,development,2
4834,4832,holdout,0
4835,4833,holdout,0
4836,4834,development,1
4837,4835,development,2
4838,3258,development,2
4839,4837,development,3
4840,4838,development,1
4841,4839,development,1
4842,4840,holdout,0
4843,1283,development,2
4844,4842,development,2
4845,1496,holdout,0
4846,4844,development,3
4847,4845,development,1
4848,4846,development,2
4849,4847,development,3
4850,4848,holdout,0
4851,7,development,3
4852,457,development,1
4853,4851,development,1
4854,4852,development,2
4855,4853,development,3
4856,4854,holdout,0
4857,4855,development,2
4858,989,development,1
4859,4857,development,1
4860,4858,development,3
4861,4859,development,3
4862,4860,development,1
4863,4861,development,2
4864,4862,development,1
4865,4863,development,2
4866,4864,holdout,0
4867,4865,development,3
4868,2288,holdout,0
4869,7,development,3
4870,4868,development,1
4871,4869,development,3
4872,194,development,1
4873,4871,development,2
4874,4872,development,1
4875,4873,development,2
4876,4874,holdout,0
4877,4875,development,3
4878,4876,development,1
4879,36,development,2
4880,2917,holdout,0
4881,4879,holdout,0
4882,4880,development,3
4883,4881,development,2
4884,4882,development,1
4885,1145,development,2
4886,2753,development,2
4887,4885,development,1
4888,4886,holdout,0
4889,4887,development,2
4890,349,development,1
4891,7,development,3
4892,4890,development,3
4893,4891,development,2
4894,474,development,3
4895,4893,development,3
4896,4894,holdout,0
4897,4895,development,2
4898,4896,development,1
4899,4897,development,3
4900,4898,development,3
4901,4899,development,1
4902,1020,development,2
4903,4901,holdout,0
4904,4902,development,2
4905,16,development,1
4906,4904,development,1
4907,94,development,1
4908,349,development,1
4909,2365,development,3
4910,4908,development,2
4911,4909,development,3
4912,4910,holdout,0
4913,4911,development,3
4914,4912,development,1
4915,4913,development,2
4916,4914,development,1
4917,36,development,2
4918,4916,development,3
4919,4917,holdout,0
4920,4918,development,2
4921,4919,development,2
4922,4920,development,1
4923,581,development,3
4924,4922,development,3
4925,36,development,2
4926,4924,holdout,0
4927,4925,development,1
4928,4926,development,2
4929,4927,development,3
4930,4928,holdout,0
4931,4929,development,2
4932,4930,development,1
4933,4931,development,3
4934,4932,holdout,0
4935,7,development,3
4936,4934,development,1
4937,946,development,1
4938,4936,development,2
4939,284,development,3
4940,126,development,1
4941,4491,development,2
4942,4940,development,3
4943,4941,development,1
4944,211,holdout,0
4945,4943,development,2
4946,4944,development,3
4947,4945,holdout,0
4948,4946,development,1
4949,4947,development,2
4950,4948,holdout,0
4951,4949,development,3
4952,4950,development,2
4953,4951,development,1
4954,4952,development,3
4955,4953,development,1
4956,4954,holdout,0
4957,4813,holdout,0
4958,4956,development,2
4959,4957,development,3
4960,4958,development,1
4961,4959,development,3
4962,4960,development,2
4963,33,development,3
4964,4962,development,3
4965,4963,holdout,0
4966,4964,development,2
4967,4965,development,1
4968,715,holdout,0
4969,4967,holdout,0
4970,4968,development,1
4971,4969,development,2
4972,4970,development,1
4973,4971,development,3
4974,4972,development,2
4975,211,holdout,0
4976,4974,holdout,0
4977,513,development,2
4978,4976,development,3
4979,4977,development,1
4980,4978,development,2
4981,4979,development,3
4982,4980,development,1
4983,4981,holdout,0
4984,4982,development,1
4985,4983,development,3
4986,4984,development,2
4987,4985,development,1
4988,4986,holdout,0
4989,4987,development,1
4990,4988,development,2
4991,4989,development,3
4992,4990,holdout,0
4993,4991,development,3
4994,4992,development,2
4995,4993,development,1
4996,770,development,2
4997,4995,development,2
4998,4996,holdout,0
4999,4997,development,3
5000,4998,development,1
5001,4999,development,3
5002,5000,holdout,0
5003,557,development,1
5004,5002,development,2
5005,5003,development,2
5006,755,development,2
5007,19,holdout,0
5008,5006,development,1
5009,5007,development,3
5010,5008,development,1
5011,513,development,2
5012,5010,development,2
5013,5011,holdout,0
5014,5012,development,3
5015,5013,development,1
5016,5014,holdout,0
5017,16,development,1
5018,5016,development,3
5019,5017,development,2
5020,5018,development,3
5021,194,development,1
5022,5020,development,1
5023,5021,development,3
5024,5022,holdout,0
5025,1926,development,3
5026,5024,development,2
5027,5025,development,1
5028,5026,development,1
5029,2366,development,3
5030,16,development,1
5031,5029,development,2
5032,5030,holdout,0
5033,5031,development,3
5034,5032,development,3
5035,5033,development,2
5036,5034,holdout,0
5037,5035,development,2
5038,5036,development,1
5039,5037,development,3
5040,5038,development,2
5041,5039,development,3
5042,5040,holdout,0
5043,5041,development,1
5044,271,development,1
5045,5043,development,1
5046,5044,development,2
5047,5045,development,3
5048,5046,development,1
5049,5047,holdout,0
5050,5048,development,3
5051,5049,development,2
5052,5050,development,3
5053,38,holdout,0
5054,5052,development,1
5055,5053,development,2
5056,5054,development,3
5057,5055,holdout,0
5058,5056,development,1
5059,5057,development,2
5060,5058,development,1
5061,5059,development,3
5062,5060,holdout,0
5063,16,development,1
5064,5062,development,2
5065,5063,development,3
5066,5064,development,1
5067,5065,holdout,0
5068,5066,development,3
5069,5067,development,2
5070,36,development,2
5071,5069,development,3
5072,5070,development,1
5073,5071,holdout,0
5074,5072,development,2
5075,306,holdout,0
5076,5074,development,1
5077,5075,development,3
5078,5076,development,1
5079,5077,development,1
5080,5078,holdout,0
5081,5079,development,2
5082,5080,development,3
5083,5081,holdout,0
5084,4987,development,1
5085,5083,development,1
5086,5084,development,2
5087,3074,development,1
5088,5086,holdout,0
5089,5087,development,2
5090,5088,development,3
5091,5089,development,2
5092,5090,development,1
5093,5091,development,3
5094,5092,holdout,0
5095,5093,development,2
5096,408,development,1
5097,5095,development,1
5098,5096,development,3
5099,5097,development,1
5100,19,holdout,0
5101,16,development,1
5102,5100,holdout,0
5103,5101,holdout,0
5104,271,development,1
5105,5103,development,1
5106,5104,development,3
5107,5105,development,2
5108,5106,development,2
5109,5107,development,3
5110,16,development,1
5111,2366,development,3
5112,5110,development,1
5113,4766,development,1
5114,3202,development,1
5115,5113,development,2
5116,5114,development,3
5117,5115,development,1
5118,4009,development,1
5119,5117,holdout,0
5120,5118,development,2
5121,5119,development,2
5122,5120,development,1
5123,5121,development,3
5124,5122,development,1
5125,4744,development,3
5126,5124,development,3
5127,5125,development,1
5128,5126,development,2
5129,5127,development,3
5130,5128,holdout,0
5131,5129,development,1
5132,5130,development,2
5133,5131,development,3
5134,5132,holdout,0
5135,5133,development,3
5136,5134,development,1
5137,5135,development,2
5138,5136,development,1
5139,5137,development,3
5140,5138,development,1
5141,5139,holdout,0
5142,713,development,2
5143,5141,development,2
5144,633,holdout,0
5145,5143,development,2
5146,5144,development,2
5147,5145,holdout,0
5148,5146,development,3
5149,5147,development,1
5150,5148,development,3
5151,5149,development,2
5152,2317,development,3
5153,5151,holdout,0
5154,5152,development,1
5155,5153,development,2
5156,5154,development,3
5157,5155,development,1
5158,5156,development,2
5159,5157,holdout,0
5160,5158,development,3
5161,5159,development,1
5162,5160,development,2
5163,5161,development,3
5164,5162,holdout,0
5165,5163,development,1
5166,4491,development,2
5167,5165,development,2
5168,5166,development,3
5169,5167,holdout,0
5170,5168,development,1
5171,5169,development,2
5172,5170,development,3
5173,5171,development,2
5174,5172,development,1
5175,5173,holdout,0
5176,5174,holdout,0
5177,5175,development,3
5178,5176,development,3
5179,5177,development,1
5180,5178,development,2
5181,5179,development,2
5182,5180,holdout,0
5183,5181,development,1
5184,5182,development,3
5185,194,development,1
5186,5184,development,2
5187,5185,development,1
5188,5186,holdout,0
5189,5187,development,3
5190,5188,development,3
5191,5189,development,1
5192,5190,development,2
5193,5191,holdout,0
5194,5192,development,1
5195,5193,development,2
5196,5194,development,2
5197,5195,holdout,0
5198,5196,development,3
5199,5197,development,1
5200,5198,holdout,0
5201,5199,development,3
5202,5200,development,3
5203,1020,development,2
5204,5202,development,1
5205,5203,development,2
5206,5204,development,1
5207,5205,development,2
5208,2793,development,1
5209,1559,holdout,0
5210,5208,holdout,0
5211,5209,development,2
5212,5210,development,3
5213,5211,development,1
5214,5212,development,3
5215,5213,holdout,0
5216,36,development,2
5217,5215,development,1
5218,5216,development,2
5219,5217,development,3
5220,187,holdout,0
5221,5219,development,2
5222,5220,development,1
5223,2734,development,2
5224,5222,development,3
5225,1212,development,3
5226,5224,development,1
5227,5225,holdout,0
5228,5226,development,2
5229,5227,holdout,0
5230,5228,development,3
5231,5229,development,2
5232,5230,development,1
5233,1725,holdout,0
5234,5232,development,3
5235,36,development,2
5236,5234,development,1
5237,5235,holdout,0
5238,5236,development,1
5239,5237,development,2
5240,5238,development,3
5241,5239,holdout,0
5242,5240,development,1
5243,36,development,2
5244,5242,development,2
5245,5243,development,3
5246,5244,development,1
5247,5245,holdout,0
5248,474,development,3
5249,5247,development,3
5250,2753,development,2
5251,5249,development,2
5252,613,holdout,0
5253,5251,development,3
5254,5252,development,1
5255,5253,development,2
5256,5254,development,3
5257,5255,holdout,0
5258,3888,development,2
5259,5257,development,2
5260,3,development,3
5261,5259,development,3
5262,5260,development,1
5263,5261,development,3
5264,5262,development,1
5265,675,development,1
5266,5264,development,2
5267,5265,development,1
5268,16,development,1
5269,5267,development,2
5270,1172,development,2
5271,5269,holdout,0
5272,240,development,1
5273,5271,holdout,0
5274,5272,development,2
5275,5273,development,3
5276,5274,development,1
5277,5275,holdout,0
5278,5276,development,3
5279,5277,development,2
5280,5278,holdout,0
5281,178,development,2
5282,5280,development,1
5283,5281,development,1
5284,3978,development,3
5285,5283,development,2
5286,5284,development,3
5287,5285,development,3
5288,36,development,2
5289,5287,development,2
5290,5288,holdout,0
5291,5289,development,1
5292,5290,development,2
5293,5291,development,3
5294,5292,development,1
5295,5293,holdout,0
5296,5294,holdout,0
5297,5295,development,2
5298,5296,development,3
5299,5297,development,1
5300,5298,development,2
5301,5299,holdout,0
5302,5300,development,3
5303,211,holdout,0
5304,1336,development,3
5305,5303,development,3
5306,5304,development,1
5307,5305,holdout,0
5308,5306,development,2
5309,5307,development,1
5310,5308,development,3
5311,5309,holdout,0
5312,36,development,2
5313,5311,development,1
5314,5312,development,1
5315,3887,development,1
5316,5314,development,1
5317,19,holdout,0
5318,5316,development,3
5319,5317,development,2
5320,5318,holdout,0
5321,5319,development,3
5322,5320,development,1
5323,5321,holdout,0
5324,5322,development,3
5325,5323,development,1
5326,5324,development,2
5327,5325,development,3
5328,5326,development,2
5329,19,holdout,0
5330,7,development,3
5331,5329,development,3
5332,5330,holdout,0
5333,5331,development,1
5334,2114,development,3
5335,5333,development,3
5336,650,development,2
5337,5335,holdout,0
5338,3202,development,1
5339,7,development,3
5340,5338,development,3
5341,271,development,1
5342,5340,development,1
5343,5341,development,2
5344,5342,development,1
5345,5343,development,2
5346,1914,development,3
5347,946,development,1
5348,5346,holdout,0
5349,5347,development,3
5350,724,development,3
5351,5349,development,1
5352,5350,development,3
5353,5351,development,2
5354,5352,development,2
5355,5353,holdout,0
5356,126,development,1
5357,5355,development,3
5358,1385,development,2
5359,5357,development,1
5360,5358,holdout,0
5361,319,development,2
5362,5360,development,2
5363,5361,holdout,0
5364,5362,development,1
5365,5363,development,3
5366,5364,development,1
5367,5365,development,2
5368,244,holdout,0
5369,5367,development,3
5370,5368,development,1
5371,5369,development,2
5372,5141,development,2
5373,5371,holdout,0
5374,5372,development,3
5375,5373,development,1
5376,5374,development,3
5377,5375,holdout,0
5378,36,development,2
5379,2951,development,1
5380,5378,development,2
5381,5379,development,2
5382,5380,development,1
5383,3077,development,1
5384,5382,development,3
5385,5383,holdout,0
5386,5384,development,1
5387,5385,development,2
5388,5386,development,3
5389,5387,development,1
5390,5388,development,2
5391,5389,development,3
5392,5390,holdout,0
5393,7,development,3
5394,271,development,1
5395,5393,development,1
5396,5394,development,2
5397,5395,development,3
5398,5396,holdout,0
5399,5397,development,3
5400,5398,development,2
5401,5399,development,1
5402,658,development,3
5403,5401,holdout,0
5404,5402,development,2
5405,5403,development,1
5406,5404,development,1
5407,5405,development,3
5408,5406,development,3
5409,16,development,1
5410,4176,development,2
5411,5409,development,2
5412,5410,holdout,0
5413,5411,development,2
5414,5412,development,1
5415,5413,holdout,0
5416,383,development,1
5417,1747,holdout,0
5418,5416,development,3
5419,5417,development,1
5420,5418,development,2
5421,5419,development,3
5422,5420,development,1
5423,5421,holdout,0
5424,5422,development,2
5425,5423,development,3
5426,5424,development,3
5427,5425,development,1
5428,5426,development,2
5429,5427,development,3
5430,5428,holdout,0
5431,5429,development,1
5432,5430,development,2
5433,5431,development,3
5434,5432,holdout,0
5435,5433,development,1
5436,5434,development,2
5437,5435,holdout,0
5438,5436,development,3
5439,5437,development,1
5440,5438,development,3
5441,166,development,2
5442,5440,development,2
5443,5441,holdout,0
5444,5442,development,3
5445,5443,development,1
5446,5444,development,2
5447,5445,development,2
5448,5446,development,3
5449,5447,development,1
5450,5448,holdout,0
5451,16,development,1
5452,5450,development,2
5453,5451,development,3
5454,5452,development,3
5455,5453,holdout,0
5456,5454,development,1
5457,5455,development,2
5458,5456,development,1
5459,5457,development,2
5460,271,development,1
5461,5459,development,3
5462,5460,development,1
5463,5461,holdout,0
5464,675,development,1
5465,5463,development,2
5466,5464,development,2
5467,117,development,3
5468,5466,holdout,0
5469,5467,development,3
5470,3380,development,1
5471,5469,development,1
5472,5470,development,3
5473,5471,development,1
5474,5472,holdout,0
5475,5473,development,2
5476,5474,development,3
5477,5475,development,1
5478,5476,development,2
5479,5477,development,2
5480,5478,holdout,0
5481,5479,development,3
5482,5480,development,1
5483,5481,development,2
5484,5482,holdout,0
5485,126,development,1
5486,5484,development,3
5487,5485,development,1
5488,5486,development,3
5489,5487,development,2
5490,168,holdout,0
5491,5489,development,3
5492,5490,development,1
5493,5491,development,2
5494,5492,holdout,0
5495,2810,development,2
5496,5494,development,3
5497,5495,holdout,0
5498,5496,development,3
5499,5497,development,2
5500,5498,development,1
5501,421,holdout,0
5502,5500,development,1
5503,271,development,1
5504,5502,holdout,0
5505,3560,development,1
5506,5504,development,2
5507,5505,development,3
5508,719,holdout,0
5509,5507,development,1
5510,5508,development,2
5511,5509,development,3
5512,5510,development,3
5513,5511,holdout,0
5514,36,development,2
5515,5513,development,1
5516,5514,development,2
5517,5515,development,1
5518,5516,development,2
5519,5517,development,3
5520,5518,development,2
5521,5519,holdout,0
5522,1385,development,2
5523,5521,development,1
5524,5522,development,3
5525,5523,holdout,0
5526,5524,holdout,0
5527,5525,development,3
5528,5526,development,1
5529,271,development,1
5530,5528,development,2
5531,5529,development,3
5532,5530,development,1
5533,5531,holdout,0
5534,5532,development,3
5535,5533,development,1
5536,5534,development,2
5537,5535,holdout,0
5538,5536,development,3
5539,5537,development,1
5540,349,development,1
5541,5539,development,2
5542,5540,development,3
5543,5541,development,1
5544,5542,holdout,0
5545,5543,development,3
5546,5544,development,2
5547,421,holdout,0
5548,5546,development,2
5549,5547,holdout,0
5550,5548,development,1
5551,5549,development,3
5552,5550,development,1
5553,5551,development,2
5554,240,development,1
5555,5553,holdout,0
5556,7,development,3
5557,5555,development,3
5558,5556,development,1
5559,3478,development,1
5560,5558,development,2
5561,5559,development,1
5562,5560,holdout,0
5563,5561,development,3
5564,5562,development,2
5565,5563,development,1
5566,5564,development,2
5567,5565,holdout,0
5568,5566,development,1
5569,5567,development,3
5570,5568,development,2
5571,5569,development,2
5572,4598,development,1
5573,5571,development,3
5574,5572,development,1
5575,7,development,3
5576,5574,holdout,0
5577,5575,development,3
5578,5576,development,1
5579,5577,holdout,0
5580,5578,holdout,0
5581,7,development,3
5582,5580,development,1
5583,5581,development,2
5584,5582,development,3
5585,5583,development,1
5586,5584,development,2
5587,7,development,3
5588,5586,development,3
5589,5587,development,2
5590,91,development,3
5591,24,development,3
5592,5590,development,3
5593,5591,development,1
5594,5592,holdout,0
5595,5593,development,3
5596,271,development,1
5597,5595,development,1
5598,5596,development,2
5599,5597,development,3
5600,5598,holdout,0
5601,5599,development,1
5602,5600,development,2
5603,271,development,1
5604,5602,development,3
5605,5603,holdout,0
5606,5604,development,1
5607,5605,development,1
5608,5606,development,2
5609,5607,development,3
5610,5608,development,2
5611,5609,holdout,0
5612,5610,development,3
5613,5611,development,1
5614,5612,development,1
5615,5613,development,2
5616,5614,development,3
5617,5615,development,1
5618,5616,development,3
5619,5617,development,2
5620,5618,holdout,0
5621,5619,development,2
5622,5620,development,3
5623,5621,holdout,0
5624,5622,development,1
5625,5623,development,1
5626,5624,development,2
5627,5625,development,3
5628,7,development,3
5629,5627,development,1
5630,5628,development,2
5631,5629,holdout,0
5632,5630,development,3
5633,2998,development,2
5634,5632,development,1
5635,5633,holdout,0
5636,5634,development,1
5637,5635,development,2
5638,5636,development,3
5639,5637,development,1
5640,5638,development,2
5641,7,development,3
5642,271,development,1
5643,2585,development,1
5644,5642,development,3
5645,3074,development,1
5646,5644,holdout,0
5647,5645,development,1
5648,5646,development,3
5649,5647,development,2
5650,5648,development,1
5651,4009,development,1
5652,5650,holdout,0
5653,713,development,2
5654,5652,development,2
5655,5653,development,3
5656,5654,development,3
5657,5655,development,1
5658,5656,development,2
5659,5657,development,2
5660,5658,holdout,0
5661,3425,development,1
5662,4297,holdout,0
5663,5661,development,1
5664,5662,development,3
5665,5663,development,1
5666,5664,development,2
5667,5665,holdout,0
5668,5666,holdout,0
5669,5667,development,2
5670,5668,development,3
5671,5669,development,3
5672,5670,holdout,0
5673,5671,development,1
5674,5672,development,1
5675,375,development,1
5676,5674,development,3
5677,16,development,1
5678,5676,development,2
5679,5677,development,3
5680,5678,holdout,0
5681,5679,holdout,0
5682,5680,development,1
5683,5681,development,2
5684,5682,development,3
5685,5683,development,1
5686,5684,development,2
5687,16,development,1
5688,5686,development,3
5689,5687,development,1
5690,5688,holdout,0
5691,5689,development,2
5692,5690,development,3
5693,5691,development,2
5694,5692,holdout,0
5695,5693,development,1
5696,5694,development,3
5697,349,development,1
5698,5696,development,3
5699,16,development,1
5700,5698,development,1
5701,5699,development,2
5702,5700,development,1
5703,5701,holdout,0
5704,5702,development,3
5705,5703,development,1
5706,5704,development,3
5707,5705,holdout,0
5708,7,development,3
5709,5707,development,1
5710,5708,development,3
5711,5709,development,1
5712,5710,development,2
5713,5711,development,3
5714,5712,holdout,0
5715,94,development,1
5716,1020,development,2
5717,5715,development,1
5718,5716,development,3
5719,5717,development,2
5720,3024,development,2
5721,5719,development,2
5722,5720,development,1
5723,5721,development,3
5724,5722,development,2
5725,5723,development,3
5726,5724,holdout,0
5727,735,development,1
5728,5726,development,1
5729,5727,development,2
5730,5728,development,1
5731,36,development,2
5732,94,development,1
5733,5731,development,2
5734,3425,development,1
5735,5733,development,3
5736,271,development,1
5737,1212,development,3
5738,5736,holdout,0
5739,5737,development,3
5740,5738,development,1
5741,1033,development,3
5742,5740,development,2
5743,5741,development,3
5744,5742,holdout,0
5745,36,development,2
5746,5744,development,3
5747,5745,development,2
5748,5746,development,1
5749,91,development,3
5750,5748,development,1
5751,5749,development,2
5752,5750,development,3
5753,5751,holdout,0
5754,5752,development,3
5755,5753,development,1
5756,2765,development,2
5757,5755,development,2
5758,5756,holdout,0
5759,5757,development,3
5760,5758,development,1
5761,16,development,1
5762,5760,development,2
5763,1172,development,2
5764,5762,development,3
5765,5763,development,3
5766,5764,holdout,0
5767,3011,development,1
5768,5766,development,1
5769,5767,development,2
5770,5768,development,2
5771,5769,development,1
5772,5770,holdout,0
5773,5771,development,3
5774,1683,development,2
5775,117,development,3
5776,5774,development,1
5777,5775,development,2
5778,5776,holdout,0
5779,3765,holdout,0
5780,5778,development,2
5781,5779,development,3
5782,5780,development,1
5783,33,development,3
5784,5782,holdout,0
5785,107,development,1
5786,5784,development,3
5787,5785,development,1
5788,5786,development,2
5789,5787,holdout,0
5790,5788,development,2
5791,5789,development,3
5792,5790,development,1
5793,5791,holdout,0
5794,5792,development,1
5795,5793,development,2
5796,5794,development,1
5797,5795,development,2
5798,5796,holdout,0
5799,5797,holdout,0
5800,989,development,1
5801,5799,development,1
5802,5800,development,2
5803,5801,development,1
5804,5802,development,2
5805,5803,development,3
5806,5804,holdout,0
5807,5805,development,1
5808,5806,development,2
5809,5807,development,3
5810,5808,holdout,0
5811,5809,development,1
5812,5810,development,2
5813,5811,development,2
5814,0,development,3
5815,5813,development,3
5816,5814,development,3
5817,5815,development,1
5818,5816,holdout,0
5819,5817,development,1
5820,5818,development,2
5821,5819,development,3
5822,5820,holdout,0
5823,5821,holdout,0
5824,5822,development,1
5825,5823,development,2
5826,5824,development,3
5827,5825,development,1
5828,107,development,1
5829,5827,development,2
5830,5828,holdout,0
5831,5829,development,1
5832,5830,development,3
5833,5831,development,2
5834,5832,development,3
5835,5833,holdout,0
5836,36,development,2
5837,5835,development,3
5838,5836,development,1
5839,349,development,1
5840,5838,development,2
5841,5839,development,1
5842,5840,development,3
5843,2114,development,3
5844,5842,holdout,0
5845,16,development,1
5846,5844,development,2
5847,5845,development,3
5848,5846,development,2
5849,5847,development,1
5850,5848,development,2
5851,5849,holdout,0
5852,737,development,3
5853,5851,development,1
5854,182,holdout,0
5855,5853,development,2
5856,3978,development,3
5857,5855,holdout,0
5858,5856,development,3
5859,5857,development,2
5860,5858,development,1
5861,3831,development,1
5862,5860,development,3
5863,5861,holdout,0
5864,5862,development,1
5865,5863,development,2
5866,5864,development,3
5867,5865,development,1
5868,5866,development,2
5869,5867,holdout,0
5870,5868,development,3
5871,5869,development,1
5872,5870,development,2
5873,5871,holdout,0
5874,5872,development,1
5875,5873,development,3
5876,5874,development,2
5877,5875,development,3
5878,675,development,1
5879,5877,development,3
5880,5878,development,1
5881,5879,holdout,0
5882,3425,development,1
5883,5881,development,2
5884,7,development,3
5885,5883,holdout,0
5886,5884,development,2
5887,5885,development,1
5888,5886,development,3
5889,5887,development,3
5890,5888,development,1
5891,271,development,1
5892,5890,development,2
5893,5891,holdout,0
5894,5892,development,1
5895,5893,development,3
5896,5894,development,1
5897,5895,development,2
5898,5896,development,3
5899,5897,development,1
5900,5898,development,2
5901,5899,holdout,0
5902,5900,development,3
5903,5901,development,1
5904,421,holdout,0
5905,5903,development,1
5906,5904,development,2
5907,5905,holdout,0
5908,5906,development,3
5909,5907,development,3
5910,5908,development,2
5911,38,holdout,0
5912,5910,development,1
5913,5911,holdout,0
5914,5912,development,2
5915,5913,development,1
5916,5914,development,2
5917,5915,holdout,0
5918,5916,development,1
5919,5917,development,2
5920,5918,development,1
5921,5919,development,2
5922,5920,development,1
5923,5921,holdout,0
5924,5922,development,1
5925,5923,development,2
5926,5924,development,2
5927,5925,development,1
5928,5926,holdout,0
5929,5927,development,1
5930,5928,development,2
5931,5929,development,2
5932,5930,development,1
5933,5931,holdout,0
5934,5932,development,1
5935,5933,development,2
5936,5934,development,1
5937,5935,holdout,0
5938,5936,development,2
5939,5937,development,2
5940,5938,development,1
5941,5939,development,1
5942,5940,development,2
5943,5941,holdout,0
5944,5942,development,2
5945,5943,development,1
5946,5944,development,1
5947,5945,holdout,0
5948,5946,development,2
5949,5947,development,2
5950,5948,development,2
5951,724,development,3
5952,5950,development,1
5953,5951,development,1
5954,5952,development,1
5955,5953,holdout,0
5956,5954,development,2
5957,5955,development,2
5958,5956,development,1
5959,5957,development,2
5960,5958,holdout,0
5961,5959,development,1
5962,5960,development,1
5963,5961,development,1
5964,5962,development,2
5965,5963,holdout,0
5966,5964,development,2
5967,5965,development,1
5968,5966,development,2
5969,186,development,2
5970,5968,development,1
5971,36,development,2
5972,5970,development,1
5973,5971,holdout,0
5974,5972,development,2
5975,3765,holdout,0
5976,5974,development,1
5977,5975,development,2
5978,5976,development,1
5979,5977,holdout,0
5980,5978,development,2
5981,5979,development,1
5982,5980,development,2
5983,5981,development,2
5984,5982,holdout,0
5985,5983,development,1
5986,5984,development,2
5987,5985,development,1
5988,36,development,2
5989,5987,development,2
5990,271,development,1
5991,5989,development,1
5992,5990,holdout,0
5993,5991,development,2
5994,5992,development,1
5995,5993,development,1
5996,5994,development,2
5997,5995,development,1
5998,5996,development,2
5999,5997,holdout,0
6000,5998,development,1
6001,5999,holdout,0
6002,724,development,3
6003,6001,development,2
6004,6002,development,3
6005,6003,development,1
6006,1099,holdout,0
6007,3491,holdout,0
6008,6006,development,2
6009,6007,holdout,0
6010,6008,development,2
6011,6009,development,1
6012,6010,development,2
6013,6011,development,3
6014,6012,holdout,0
6015,6013,development,1
6016,6014,development,2
6017,3231,development,3
6018,6016,development,1
6019,2753,development,2
6020,6018,development,3
6021,6019,development,1
6022,6020,holdout,0
6023,6021,development,2
6024,6022,development,3
6025,6023,development,1
6026,6024,holdout,0
6027,6025,development,2
6028,6026,development,3
6029,1239,development,3
6030,6028,development,2
6031,4721,holdout,0
6032,6030,development,1
6033,749,development,2
6034,1198,development,2
6035,6033,holdout,0
6036,6034,development,3
6037,6035,development,1
6038,6036,development,2
6039,6037,holdout,0
6040,6038,development,3
6041,6039,development,1
6042,6040,development,2
6043,6041,development,3
6044,6042,development,3
6045,5568,development,2
6046,6044,development,1
6047,6045,holdout,0
6048,6046,development,1
6049,6047,development,2
6050,6048,development,2
6051,6049,holdout,0
6052,6050,development,3
6053,6051,development,1
6054,6052,development,1
6055,6053,holdout,0
6056,6054,development,2
6057,6055,holdout,0
6058,6056,development,1
6059,6057,development,3
6060,6058,development,2
6061,6059,development,3
6062,6060,development,3
6063,1845,development,1
6064,6062,holdout,0
6065,2799,development,1
6066,6064,development,2
6067,6065,development,1
6068,6066,development,1
6069,474,development,3
6070,6068,development,2
6071,6069,development,3
6072,6070,development,3
6073,6071,holdout,0
6074,6072,development,1
6075,694,development,3
6076,6074,development,2
6077,6075,holdout,0
6078,33,development,3
6079,6077,development,3
6080,6078,development,1
6081,770,development,2
6082,6080,development,2
6083,6081,development,1
6084,7,development,3
6085,6083,holdout,0
6086,438,development,1
6087,6085,development,2
6088,6086,development,3
6089,6087,development,1
6090,6088,development,2
6091,6089,development,3
6092,6090,holdout,0
6093,182,holdout,0
6094,6092,development,2
6095,6093,development,1
6096,6094,development,3
6097,2742,development,1
6098,6096,development,3
6099,6097,development,3
6100,6098,holdout,0
6101,6099,development,1
6102,6100,holdout,0
6103,6101,development,2
6104,513,development,2
6105,6103,development,2
6106,6104,development,1
6107,6105,development,3
6108,6106,development,3
6109,6107,development,1
6110,6108,development,2
6111,683,holdout,0
6112,6110,development,1
6113,6111,development,2
6114,6112,holdout,0
6115,3971,development,3
6116,6114,development,3
6117,306,holdout,0
6118,6116,development,2
6119,107,development,1
6120,6118,development,1
6121,6119,holdout,0
6122,6120,development,3
6123,6121,development,1
6124,6122,development,2
6125,6123,development,3
6126,6124,development,1
6127,2833,development,2
6128,6126,holdout,0
6129,6127,development,2
6130,6128,development,3
6131,6129,holdout,0
6132,6130,development,1
6133,6131,development,1
6134,6132,development,2
6135,6133,development,3
6136,6134,development,2
6137,6135,development,3
6138,1501,holdout,0
6139,6137,holdout,0
6140,6138,development,1
6141,6139,development,2
6142,6140,development,2
6143,6141,holdout,0
6144,6142,development,3
6145,6143,development,2
6146,6144,development,1
6147,6145,development,3
6148,3394,development,3
6149,6147,development,1
6150,6148,holdout,0
6151,6149,development,2
6152,1387,holdout,0
6153,319,development,2
6154,6152,development,3
6155,6153,development,3
6156,6154,holdout,0
6157,6155,development,3
6158,6156,development,1
6159,6157,development,2
6160,6158,development,1
6161,6159,development,2
6162,6160,development,3
6163,6161,holdout,0
6164,6162,development,1
6165,6163,development,2
6166,6164,development,3
6167,4325,holdout,0
6168,6166,holdout,0
6169,6167,development,1
6170,6168,development,2
6171,6169,development,3
6172,6170,holdout,0
6173,737,development,3
6174,6172,development,1
6175,6173,development,2
6176,6174,development,1
6177,6175,development,2
6178,6176,development,3
6179,474,development,3
6180,6178,holdout,0
6181,3202,development,1
6182,6180,development,1
6183,6181,development,2
6184,6182,development,3
6185,6183,development,1
6186,6184,development,2
6187,6185,development,3
6188,6186,development,2
6189,6187,development,3
6190,6188,holdout,0
6191,6189,holdout,0
6192,5603,holdout,0
6193,6191,development,1
6194,6192,development,2
6195,6193,development,1
6196,6194,development,3
6197,6195,holdout,0
6198,6196,development,2
6199,6197,development,1
6200,1258,development,1
6201,6199,development,3
6202,6200,development,3
6203,6201,development,1
6204,6202,development,2
6205,6203,development,1
6206,6204,holdout,0
6207,6205,development,2
6208,6206,development,1
6209,6207,holdout,0
6210,3311,development,2
6211,6209,development,3
6212,6210,development,3
6213,16,development,1
6214,6212,development,2
6215,6213,development,1
6216,6214,development,2
6217,6215,development,3
6218,6216,holdout,0
6219,6217,development,3
6220,6218,development,2
6221,6219,holdout,0
6222,6220,development,1
6223,6221,development,1
6224,16,development,1
6225,6223,development,1
6226,257,development,2
6227,6225,development,2
6228,6226,holdout,0
6229,6227,development,3
6230,6228,development,3
6231,6229,development,2
6232,6230,development,3
6233,6231,development,2
6234,6232,development,1
6235,6233,holdout,0
6236,6234,development,1
6237,6235,development,2
6238,6236,development,3
6239,6237,development,3
6240,581,development,3
6241,6239,holdout,0
6242,6240,development,1
6243,91,development,3
6244,6242,development,3
6245,7,development,3
6246,6244,development,2
6247,6245,development,1
6248,0,development,3
6249,5342,development,1
6250,6248,holdout,0
6251,6249,development,2
6252,5896,development,3
6253,6251,development,3
6254,6252,development,1
6255,6253,holdout,0
6256,6254,development,2
6257,6255,development,3
6258,2530,development,1
6259,6257,development,2
6260,6258,holdout,0
6261,6259,development,1
6262,6260,development,3
6263,7,development,3
6264,6262,development,3
6265,6263,development,1
6266,6264,holdout,0
6267,6265,development,2
6268,3837,development,2
6269,406,development,2
6270,6268,development,2
6271,6269,development,1
6272,6270,development,2
6273,6271,development,3
6274,3440,holdout,0
6275,6273,development,3
6276,1327,development,3
6277,6275,holdout,0
6278,6276,development,1
6279,6277,development,2
6280,6278,development,1
6281,6279,development,2
6282,6280,holdout,0
6283,6281,development,3
6284,1020,development,2
6285,1145,development,2
6286,6284,development,1
6287,6285,development,2
6288,6286,holdout,0
6289,6287,development,3
6290,6288,development,2
6291,6289,development,1
6292,6290,development,3
6293,6291,development,1
6294,6292,development,2
6295,6293,holdout,0
6296,6294,development,3
6297,6295,development,1
6298,6296,development,2
6299,6297,development,3
6300,6298,development,1
6301,6299,development,3
6302,6300,development,2
6303,7,development,3
6304,6302,development,1
6305,1157,development,1
6306,6304,development,2
6307,5603,holdout,0
6308,6306,development,2
6309,6307,development,3
6310,6308,development,1
6311,36,development,2
6312,549,holdout,0
6313,6311,development,2
6314,6312,development,3
6315,6313,development,1
6316,715,holdout,0
6317,6315,development,2
6318,6316,development,3
6319,6317,development,3
6320,6318,holdout,0
6321,6319,development,1
6322,36,development,2
6323,6321,development,2
6324,6322,development,2
6325,6323,holdout,0
6326,6324,development,1
6327,6325,development,3
6328,6326,development,1
6329,6327,development,2
6330,6328,development,3
6331,6329,development,1
6332,6330,holdout,0
6333,403,development,3
6334,6332,development,2
6335,6333,development,1
6336,6334,holdout,0
6337,6335,development,3
6338,6336,development,1
6339,6337,development,2
6340,6338,development,3
6341,6339,development,1
6342,6340,holdout,0
6343,1020,development,2
6344,6342,development,2
6345,6343,development,3
6346,6344,development,1
6347,6345,development,3
6348,6346,development,1
6349,6347,holdout,0
6350,633,holdout,0
6351,6349,development,2
6352,6350,development,2
6353,3533,development,2
6354,6352,development,3
6355,6353,development,1
6356,47,development,2
6357,3010,development,2
6358,714,development,1
6359,6357,holdout,0
6360,6358,development,2
6361,6359,development,2
6362,6360,development,1
6363,724,development,3
6364,6362,holdout,0
6365,6363,development,2
6366,6364,development,3
6367,6365,development,3
6368,6366,development,2
6369,6367,development,1
6370,6368,holdout,0
6371,6369,development,1
6372,6370,holdout,0
6373,6371,development,2
6374,6372,development,3
6375,6373,development,1
6376,613,holdout,0
6377,6375,development,2
6378,6376,development,3
6379,6377,development,1
6380,6378,development,2
6381,6379,development,3
6382,271,development,1
6383,6381,holdout,0
6384,504,development,2
6385,271,development,1
6386,6384,development,2
6387,6385,development,1
6388,1133,development,2
6389,6387,holdout,0
6390,6388,development,1
6391,3394,development,3
6392,7,development,3
6393,6391,development,2
6394,6392,development,3
6395,6393,development,3
6396,6394,holdout,0
6397,6395,development,3
6398,3035,development,2
6399,6397,development,1
6400,6398,development,1
6401,4491,development,2
6402,6400,development,2
6403,6401,development,3
6404,6402,development,2
6405,6403,development,1
6406,6404,holdout,0
6407,421,holdout,0
6408,6406,development,3
6409,6407,holdout,0
6410,6408,development,1
6411,6409,development,2
6412,6410,development,1
6413,6411,development,3
6414,6412,development,2
6415,6413,holdout,0
6416,6414,development,3
6417,6415,development,1
6418,6416,development,2
6419,4754,development,3
6420,6418,development,3
6421,6419,holdout,0
6422,6420,development,1
6423,6421,development,2
6424,6422,development,3
6425,6423,development,1
6426,6424,holdout,0
6427,6425,development,2
6428,6426,development,3
6429,6427,development,1
6430,6428,development,2
6431,6429,holdout,0
6432,6430,development,2
6433,36,development,2
6434,6432,development,2
6435,6433,development,3
6436,1249,development,2
6437,6435,development,1
6438,6436,holdout,0
6439,6437,development,3
6440,6438,development,2
6441,6439,development,1
6442,6440,holdout,0
6443,6441,development,2
6444,6442,development,1
6445,2242,holdout,0
6446,6444,development,2
6447,6445,holdout,0
6448,6446,development,1
6449,6447,development,2
6450,6448,development,3
6451,816,development,3
6452,6450,development,1
6453,6451,development,2
6454,6452,development,3
6455,6453,holdout,0
6456,6454,development,1
6457,6455,development,3
6458,6456,development,2
6459,6457,development,2
6460,6458,development,1
6461,6459,development,3
6462,6460,development,2
6463,6461,holdout,0
6464,6462,development,3
6465,6463,development,1
6466,6464,holdout,0
6467,6465,development,2
6468,6466,development,3
6469,6467,development,1
6470,6468,development,2
6471,6469,holdout,0
6472,6470,development,3
6473,6471,development,1
6474,6472,development,3
6475,6473,development,2
6476,6474,holdout,0
6477,271,development,1
6478,6476,development,1
6479,6477,development,2
6480,6478,development,3
6481,406,development,2
6482,6480,development,1
6483,6481,development,3
6484,6482,development,2
6485,6483,development,1
6486,6484,holdout,0
6487,7,development,3
6488,6486,development,2
6489,6487,development,3
6490,6488,development,3
6491,6489,holdout,0
6492,271,development,1
6493,6491,development,1
6494,6492,development,2
6495,6493,development,1
6496,6494,holdout,0
6497,6495,development,2
6498,784,development,1
6499,6497,development,3
6500,6498,development,1
6501,1631,holdout,0
6502,6500,development,2
6503,633,holdout,0
6504,6502,holdout,0
6505,6503,development,3
6506,6504,development,1
6507,6505,development,3
6508,6506,development,1
6509,6507,development,2
6510,6508,development,3
6511,6509,holdout,0
6512,6510,development,1
6513,6511,development,2
6514,6512,development,2
6515,6513,development,3
6516,6514,holdout,0
6517,6515,development,2
6518,6516,development,1
6519,6517,development,2
6520,6518,holdout,0
6521,6519,development,3
6522,6520,development,3
6523,6521,development,1
6524,6522,development,1
6525,91,development,3
6526,16,development,1
6527,6525,development,2
6528,6526,holdout,0
6529,7,development,3
6530,6528,development,3
6531,24,development,3
6532,6530,development,3
6533,0,development,3
6534,6532,development,3
6535,6533,development,1
6536,6534,development,2
6537,6535,development,1
6538,6536,holdout,0
6539,107,development,1
6540,6538,development,2
6541,6539,holdout,0
6542,6540,development,3
6543,421,holdout,0
6544,6542,development,1
6545,6169,development,3
6546,6544,development,2
6547,6545,development,3
6548,6546,development,1
6549,6547,development,2
6550,6548,holdout,0
6551,6549,holdout,0
6552,6550,development,3
6553,6551,development,1
6554,6552,development,3
6555,271,development,1
6556,6554,holdout,0
6557,6555,development,2
6558,6556,development,1
6559,6557,development,2
6560,6558,holdout,0
6561,6559,development,3
6562,6560,development,3
6563,6561,development,1
6564,6562,development,2
6565,939,development,3
6566,6564,development,1
6567,6565,holdout,0
6568,6566,development,1
6569,6567,development,2
6570,6568,development,3
6571,6569,development,1
6572,6570,holdout,0
6573,16,development,1
6574,257,development,2
6575,1025,development,1
6576,166,development,2
6577,6575,development,3
6578,6576,development,1
6579,4245,development,2
6580,6578,development,2
6581,6579,development,1
6582,6580,development,1
6583,6581,holdout,0
6584,6582,development,2
6585,421,holdout,0
6586,7,development,3
6587,6585,development,3
6588,6586,development,2
6589,613,holdout,0
6590,6588,holdout,0
6591,2703,holdout,0
6592,6590,development,2
6593,19,holdout,0
6594,6592,development,1
6595,735,development,1
6596,6594,development,2
6597,6595,development,3
6598,470,development,2
6599,6597,holdout,0
6600,6598,development,1
6601,6599,development,2
6602,6600,development,3
6603,6601,holdout,0
6604,6602,development,1
6605,6603,development,1
6606,349,development,1
6607,6605,development,2
6608,6606,development,3
6609,271,development,1
6610,6608,development,2
6611,6609,holdout,0
6612,6610,development,1
6613,6611,development,3
6614,7,development,3
6615,6613,development,2
6616,1496,holdout,0
6617,6615,holdout,0
6618,6616,development,3
6619,7,development,3
6620,6618,development,2
6621,6619,development,3
6622,6620,development,1
6623,6621,development,3
6624,6622,development,2
6625,6623,development,2
6626,6624,holdout,0
6627,988,holdout,0
6628,6626,development,3
6629,6627,development,1
6630,6628,development,1
6631,406,development,2
6632,6630,holdout,0
6633,713,development,2
6634,6632,development,2
6635,6633,development,3
6636,6634,holdout,0
6637,6635,development,1
6638,38,holdout,0
6639,3010,development,2
6640,6638,development,2
6641,6639,development,3
6642,6640,development,1
6643,6641,holdout,0
6644,6642,development,3
6645,6643,development,1
6646,6644,development,2
6647,7,development,3
6648,6646,development,2
6649,6647,development,3
6650,6648,holdout,0
6651,6649,development,1
6652,6650,development,3
6653,6651,development,2
6654,16,development,1
6655,6653,development,1
6656,6654,development,2
6657,6655,development,3
6658,6656,development,1
6659,6657,holdout,0
6660,6658,development,2
6661,6659,development,3
6662,6660,holdout,0
6663,6661,development,1
6664,6662,development,2
6665,6663,development,3
6666,6664,development,2
6667,6665,development,1
6668,6666,holdout,0
6669,6667,development,3
6670,6668,development,2
6671,271,development,1
6672,7,development,3
6673,6671,development,1
6674,6672,holdout,0
6675,6673,development,3
6676,6674,development,1
6677,6675,development,2
6678,6676,development,3
6679,6677,development,3
6680,6678,development,1
6681,6679,development,2
6682,6680,holdout,0
6683,6681,development,2
6684,6682,development,3
6685,6683,development,1
6686,3440,holdout,0
6687,6685,holdout,0
6688,6686,development,1
6689,6687,development,2
6690,6688,development,3
6691,6689,development,2
6692,6690,holdout,0
6693,6691,development,3
6694,6692,development,1
6695,6693,development,1
6696,6694,development,2
6697,6695,development,3
6698,6696,development,3
6699,6697,development,1
6700,6698,holdout,0
6701,6699,development,3
6702,6700,holdout,0
6703,6701,development,1
6704,6702,development,2
6705,6703,development,2
6706,6704,development,3
6707,6705,holdout,0
6708,6706,development,3
6709,6707,development,1
6710,6708,development,2
6711,6709,holdout,0
6712,6710,development,1
6713,6711,development,2
6714,6712,development,2
6715,6713,development,3
6716,1212,development,3
6717,6715,development,1
6718,2157,holdout,0
6719,6717,development,3
6720,6718,holdout,0
6721,6719,development,3
6722,284,development,3
6723,6721,development,1
6724,6722,holdout,0
6725,6723,development,2
6726,6724,development,1
6727,6725,development,2
6728,6726,development,3
6729,38,holdout,0
6730,6728,holdout,0
6731,6729,development,1
6732,6730,development,1
6733,319,development,2
6734,6732,development,2
6735,6733,development,3
6736,6734,development,2
6737,6735,development,1
6738,6736,development,3
6739,6737,development,2
6740,6738,development,3
6741,6739,holdout,0
6742,6740,development,1
6743,6741,holdout,0
6744,6742,development,3
6745,6743,development,2
6746,6744,development,1
6747,6745,development,2
6748,6746,holdout,0
6749,6747,development,3
6750,6748,development,1
6751,6749,development,1
6752,6750,holdout,0
6753,6751,development,2
6754,6752,development,2
6755,6753,development,3
6756,6754,development,2
6757,6755,development,1
6758,648,holdout,0
6759,6757,development,3
6760,6758,development,1
6761,6759,holdout,0
6762,6760,development,2
6763,6761,holdout,0
6764,6762,development,1
6765,6763,development,3
6766,6764,development,2
6767,6226,holdout,0
6768,6766,development,3
6769,1755,development,1
6770,6768,development,1
6771,6769,holdout,0
6772,6770,holdout,0
6773,6771,development,3
6774,3258,development,2
6775,6773,development,2
6776,6774,development,1
6777,6775,development,3
6778,6776,development,2
6779,713,development,2
6780,2499,development,3
6781,6779,development,1
6782,6780,development,2
6783,6781,development,3
6784,6782,holdout,0
6785,6783,development,1
6786,6784,development,3
6787,6785,development,2
6788,6786,development,2
6789,6787,holdout,0
6790,6788,development,1
6791,6789,development,3
6792,6790,development,1
6793,6791,development,2
6794,6792,holdout,0
6795,6793,development,2
6796,3888,development,2
6797,6795,development,3
6798,6796,development,1
6799,6797,holdout,0
6800,6798,development,3
6801,1172,development,2
6802,6800,development,1
6803,6801,development,2
6804,6802,development,3
6805,0,development,3
6806,989,development,1
6807,6805,development,2
6808,6806,holdout,0
6809,6807,development,3
6810,6808,development,1
6811,6809,development,1
6812,6810,development,3
6813,6811,development,1
6814,6812,holdout,0
6815,36,development,2
6816,504,development,2
6817,6815,development,2
6818,6816,development,3
6819,6817,development,1
6820,6818,development,2
6821,6819,holdout,0
6822,6820,development,1
6823,6821,development,3
6824,6822,holdout,0
6825,6823,development,1
6826,6824,development,2
6827,6825,development,3
6828,6826,development,2
6829,6827,development,1
6830,6828,development,3
6831,6829,holdout,0
6832,6830,development,2
6833,6831,development,1
6834,6832,development,3
6835,6833,development,2
6836,6834,holdout,0
6837,6835,development,1
6838,6836,development,2
6839,6837,development,3
6840,166,development,2
6841,735,development,1
6842,6840,development,3
6843,6841,development,2
6844,6842,development,1
6845,6843,holdout,0
6846,6844,development,1
6847,6845,holdout,0
6848,6846,development,3
6849,6847,development,2
6850,6848,development,3
6851,6849,development,1
6852,6821,development,3
6853,6851,development,3
6854,1859,development,1
6855,6853,holdout,0
6856,6854,development,2
6857,6855,development,1
6858,36,development,2
6859,6857,development,2
6860,6858,development,3
6861,6859,holdout,0
6862,6860,development,1
6863,4009,development,1
6864,6862,development,3
6865,6863,development,2
6866,6864,development,1
6867,6865,development,2
6868,6866,development,3
6869,271,development,1
6870,6868,development,2
6871,6869,holdout,0
6872,6870,development,1
6873,6871,development,3
6874,6872,holdout,0
6875,6873,development,2
6876,6874,development,1
6877,6875,development,3
6878,6876,development,1
6879,6877,holdout,0
6880,6878,development,2
6881,6879,development,3
6882,6880,development,1
6883,6881,development,2
6884,6882,development,3
6885,6883,development,1
6886,6884,holdout,0
6887,6885,development,2
6888,6886,development,2
6889,6887,development,3
6890,6888,holdout,0
6891,6889,development,1
6892,6890,development,3
6893,6891,development,1
6894,6892,development,2
6895,6893,holdout,0
6896,6894,development,3
6897,4176,development,2
6898,6896,development,1
6899,6897,development,3
6900,36,development,2
6901,3258,development,2
6902,6900,holdout,0
6903,6901,development,2
6904,1099,holdout,0
6905,3231,development,3
6906,6904,development,1
6907,735,development,1
6908,6906,holdout,0
6909,6907,development,3
6910,6908,development,2
6911,6909,development,2
6912,1020,development,2
6913,168,holdout,0
6914,6912,development,1
6915,6913,development,3
6916,3746,holdout,0
6917,6915,holdout,0
6918,6916,development,1
6919,6917,development,2
6920,6918,development,3
6921,6919,development,1
6922,6920,development,2
6923,6921,holdout,0
6924,6800,development,1
6925,6923,development,3
6926,6924,development,3
6927,457,development,1
6928,6926,development,1
6929,16,development,1
6930,6928,development,2
6931,6929,development,2
6932,6930,holdout,0
6933,2834,holdout,0
6934,6932,development,1
6935,6933,development,3
6936,6425,development,2
6937,6935,development,1
6938,177,development,1
6939,724,development,3
6940,6938,holdout,0
6941,6939,development,2
6942,6940,development,3
6943,6941,development,1
6944,6942,development,2
6945,6943,development,3
6946,6944,development,1
6947,6945,development,2
6948,6946,development,3
6949,6947,development,2
6950,6948,development,3
6951,6949,development,1
6952,6950,holdout,0
6953,6951,development,3
6954,6952,development,2
6955,5236,development,1
6956,6954,holdout,0
6957,6955,development,2
6958,6956,development,1
6959,421,holdout,0
6960,6958,development,3
6961,6959,development,2
6962,6960,holdout,0
6963,36,development,2
6964,6962,development,1
6965,6963,development,3
6966,6964,holdout,0
6967,6965,development,1
6968,6966,holdout,0
6969,6967,development,2
6970,6968,development,3
6971,6969,development,1
6972,6970,development,3
6973,6971,development,2
6974,6972,holdout,0
6975,6973,development,2
6976,6974,development,1
6977,6975,development,1
6978,6976,development,2
6979,6977,development,3
6980,931,development,2
6981,3185,holdout,0
6982,4103,holdout,0
6983,6981,development,3
6984,6982,holdout,0
6985,6983,development,1
6986,6984,development,2
6987,319,development,2
6988,6986,development,3
6989,4588,holdout,0
6990,6988,development,1
6991,2157,holdout,0
6992,6990,development,2
6993,6916,development,1
6994,6992,development,3
6995,6993,holdout,0
6996,6994,development,2
6997,6995,development,1
6998,6996,development,1
6999,6997,holdout,0
7000,6998,development,1
7001,3549,development,3
7002,7000,development,2
7003,7001,development,3
7004,7002,development,2
7005,7003,holdout,0
7006,7004,development,3
7007,7005,development,3
7008,7006,development,1
7009,7007,development,2
7010,7008,development,1
7011,7009,holdout,0
7012,7010,development,2
7013,7011,development,3
7014,7012,development,1
7015,1195,holdout,0
7016,652,development,3
7017,7015,holdout,0
7018,7016,holdout,0
7019,7017,development,2
7020,7018,development,3
7021,7019,development,1
7022,7020,development,2
7023,7021,development,1
7024,7022,development,3
7025,7023,development,3
7026,7024,holdout,0
7027,349,development,1
7028,19,holdout,0
7029,7027,development,2
7030,7028,development,1
7031,7000,development,2
7032,7030,development,2
7033,7031,development,3
7034,7032,development,1
7035,7033,holdout,0
7036,421,holdout,0
7037,7035,development,1
7038,7036,development,3
7039,7037,holdout,0
7040,16,development,1
7041,7039,development,2
7042,7040,development,3
7043,7041,development,1
7044,7042,development,2
7045,7043,holdout,0
7046,7044,development,3
7047,1239,development,3
7048,7046,development,3
7049,7047,development,1
7050,5627,development,1
7051,7049,holdout,0
7052,7050,development,2
7053,7051,development,1
7054,7052,development,3
7055,4491,development,2
7056,7054,development,2
7057,7055,holdout,0
7058,7056,development,1
7059,7057,holdout,0
7060,7058,development,2
7061,7059,development,3
7062,7060,development,3
7063,7061,holdout,0
7064,3870,development,3
7065,7063,development,2
7066,7064,development,1
7067,7065,development,2
7068,7066,development,3
7069,7067,development,1
7070,7068,development,2
7071,3394,development,3
7072,7070,holdout,0
7073,7071,development,3
7074,7072,development,2
7075,7073,development,1
7076,7074,development,2
7077,7075,development,3
7078,942,holdout,0
7079,7077,development,1
7080,7078,holdout,0
7081,7079,development,2
7082,7080,holdout,0
7083,3484,development,1
7084,7082,development,3
7085,7083,development,1
7086,7084,development,2
7087,7085,development,3
7088,7086,development,1
7089,7087,development,3
7090,7088,holdout,0
7091,7089,development,2
7092,7090,development,2
7093,7091,development,1
7094,7,development,3
7095,7093,holdout,0
7096,7094,development,3
7097,7095,development,2
7098,7096,holdout,0
7099,7097,development,1
7100,7098,development,3
7101,7099,development,1
7102,7100,development,2
7103,7101,holdout,0
7104,7102,development,3
7105,7103,development,2
7106,7104,development,1
7107,7105,development,2
7108,7106,development,3
7109,7107,development,1
7110,7108,holdout,0
7111,7109,development,3
7112,7110,holdout,0
7113,7111,development,2
7114,7112,development,1
7115,7113,development,3
7116,7114,holdout,0
7117,7115,development,2
7118,7116,development,3
7119,1212,development,3
7120,7118,development,1
7121,7119,development,2
7122,7120,development,2
7123,7121,holdout,0
7124,7122,development,1
7125,3887,development,1
7126,7124,development,3
7127,7,development,3
7128,7126,development,2
7129,6363,development,2
7130,7128,development,3
7131,7129,development,1
7132,406,development,2
7133,7131,holdout,0
7134,7132,development,2
7135,7133,development,2
7136,7134,development,3
7137,7135,development,1
7138,7136,development,1
7139,7137,holdout,0
7140,7138,development,3
7141,7139,development,3
7142,7140,development,2
7143,7141,holdout,0
7144,7142,holdout,0
7145,784,development,1
7146,1385,development,2
7147,7145,development,1
7148,5866,development,2
7149,7147,development,3
7150,7148,development,2
7151,7149,development,3
7152,7150,development,1
7153,7151,holdout,0
7154,614,development,2
7155,7153,development,2
7156,7154,development,1
7157,7155,development,2
7158,7156,development,3
7159,7157,holdout,0
7160,7158,development,1
7161,16,development,1
7162,7160,development,3
7163,7161,development,2
7164,7162,holdout,0
7165,7163,development,2
7166,7164,development,1
7167,7165,development,1
7168,6762,development,1
7169,7,development,3
7170,7168,development,3
7171,7169,development,2
7172,7170,holdout,0
7173,7171,development,3
7174,3231,development,3
7175,7173,development,1
7176,7174,development,2
7177,7175,holdout,0
7178,7176,development,3
7179,7177,development,1
7180,7178,development,3
7181,7179,development,2
7182,7180,development,1
7183,7181,holdout,0
7184,7182,development,2
7185,7183,development,3
7186,7184,holdout,0
7187,194,development,1
7188,7186,development,1
7189,7187,development,2
7190,7188,development,1
7191,7189,development,3
7192,7190,development,3
7193,7191,holdout,0
7194,7192,development,1
7195,7193,development,3
7196,7194,development,2
7197,7195,development,1
7198,7196,holdout,0
7199,7197,development,3
7200,7198,development,2
7201,7199,holdout,0
7202,7200,development,1
7203,7201,development,2
7204,7202,development,2
7205,7203,holdout,0
7206,7204,development,1
7207,7205,development,3
7208,7206,development,1
7209,7207,development,3
7210,7208,holdout,0
7211,7209,development,2
7212,7210,development,2
7213,7211,development,3
7214,7212,development,1
7215,36,development,2
7216,7214,development,1
7217,7215,holdout,0
7218,7216,development,2
7219,7217,development,3
7220,19,holdout,0
7221,7219,development,1
7222,7220,development,3
7223,7221,holdout,0
7224,7222,development,2
7225,7223,development,1
7226,7224,development,2
7227,7225,development,3
7228,7226,development,2
7229,7227,development,1
7230,7228,development,3
7231,7229,holdout,0
7232,7230,development,1
7233,7231,development,2
7234,7232,development,3
7235,16,development,1
7236,7234,development,1
7237,7235,holdout,0
7238,7236,development,2
7239,349,development,1
7240,16,development,1
7241,7239,development,3
7242,7240,holdout,0
7243,7241,development,2
7244,729,development,1
7245,7243,development,1
7246,7244,development,1
7247,7245,development,3
7248,7246,holdout,0
7249,7247,development,1
7250,1725,holdout,0
7251,7249,development,2
7252,7250,development,3
7253,7251,development,1
7254,7252,development,3
7255,7253,holdout,0
7256,7254,development,2
7257,7255,development,1
7258,7256,development,2
7259,7257,holdout,0
7260,7258,development,3
7261,7259,development,1
7262,7,development,3
7263,7261,development,2
7264,7262,development,1
7265,7263,holdout,0
7266,7264,development,3
7267,7265,development,1
7268,7266,development,1
7269,923,development,3
7270,7268,development,2
7271,7269,holdout,0
7272,7270,development,3
7273,7271,development,3
7274,798,development,2
7275,3262,development,2
7276,3035,development,2
7277,7275,holdout,0
7278,7276,development,1
7279,7277,development,2
7280,7278,development,1
7281,7279,development,2
7282,7280,development,3
7283,7281,development,1
7284,7282,development,2
7285,7283,holdout,0
7286,7284,development,3
7287,7285,development,2
7288,7286,development,1
7289,7287,holdout,0
7290,7288,development,1
7291,271,development,1
7292,7290,development,3
7293,7291,development,1
7294,7292,development,3
7295,7293,holdout,0
7296,7294,development,2
7297,7295,development,1
7298,3010,development,2
7299,7297,development,2
7300,7298,holdout,0
7301,7299,development,3
7302,7300,development,1
7303,7301,development,2
7304,7302,development,1
7305,7303,development,3
7306,7304,development,2
7307,7305,holdout,0
7308,7306,development,3
7309,107,development,1
7310,3973,development,1
7311,7309,development,2
7312,7310,development,1
7313,7311,development,3
7314,7312,development,3
7315,7313,holdout,0
7316,7314,development,1
7317,7315,development,2
7318,7316,holdout,0
7319,7317,development,2
7320,7318,development,1
7321,7319,holdout,0
7322,7320,development,3
7323,7321,development,1
7324,7322,development,2
7325,7323,development,3
7326,1755,development,1
7327,7325,development,2
7328,7326,development,3
7329,7327,development,3
7330,7328,holdout,0
7331,7329,development,1
7332,7330,development,1
7333,7331,development,2
7334,7332,holdout,0
7335,7333,development,3
7336,7334,development,1
7337,2536,development,2
7338,7336,development,2
7339,7337,development,2
7340,7338,development,3
7341,7339,holdout,0
7342,7000,development,2
7343,7341,development,1
7344,7342,development,1
7345,7343,development,3
7346,7344,holdout,0
7347,7345,development,2
7348,7346,development,1
7349,7347,development,2
7350,7348,development,3
7351,4491,development,2
7352,7350,development,1
7353,7351,holdout,0
7354,6675,development,2
7355,2365,development,3
7356,7354,holdout,0
7357,7355,development,3
7358,7356,development,2
7359,7357,development,1
7360,7358,development,2
7361,7359,development,2
7362,7360,development,3
7363,7361,holdout,0
7364,7362,development,1
7365,7363,development,2
7366,7364,development,2
7367,7365,development,3
7368,7366,development,3
7369,7367,development,1
7370,7368,development,2
7371,7369,holdout,0
7372,7370,development,2
7373,7371,holdout,0
7374,7372,holdout,0
7375,7373,development,1
7376,7374,development,2
7377,7375,development,3
7378,7376,development,3
7379,7377,development,1
7380,271,development,1
7381,0,development,3
7382,7380,development,1
7383,7381,development,2
7384,7382,development,3
7385,7383,development,1
7386,7384,holdout,0
7387,7385,development,2
7388,7386,development,3
7389,7387,development,1
7390,7388,holdout,0
7391,7389,development,3
7392,7390,development,2
7393,7391,development,2
7394,7392,development,3
7395,7393,development,3
7396,7394,holdout,0
7397,0,development,3
7398,271,development,1
7399,7397,development,1
7400,7398,development,1
7401,7399,development,2
7402,7400,development,3
7403,7401,holdout,0
7404,7402,development,3
7405,7403,development,1
7406,7404,development,2
7407,7405,development,3
7408,7406,holdout,0
7409,7407,development,3
7410,7408,development,2
7411,7409,development,1
7412,7410,development,3
7413,1131,development,1
7414,7412,holdout,0
7415,7413,development,1
7416,7414,development,2
7417,7415,development,3
7418,7416,development,1
7419,7417,holdout,0
7420,331,development,2
7421,1085,development,1
7422,7420,development,2
7423,7421,development,3
7424,7422,development,2
7425,7423,development,1
7426,7424,holdout,0
7427,7425,development,3
7428,7426,development,1
7429,7427,development,2
7430,7428,development,3
7431,7429,development,1
7432,7430,development,2
7433,7431,holdout,0
7434,7432,development,2
7435,7433,holdout,0
7436,7434,development,3
7437,7435,development,1
7438,7436,development,1
7439,7437,development,2
7440,7438,development,3
7441,7439,development,2
7442,7440,development,3
7443,7441,holdout,0
7444,7442,development,1
7445,7443,development,2
7446,7444,holdout,0
7447,271,development,1
7448,724,development,3
7449,7447,development,3
7450,7448,development,2
7451,7449,development,1
7452,7450,development,3
7453,7451,development,1
7454,7452,development,3
7455,7453,development,2
7456,1583,development,3
7457,7455,development,1
7458,7456,holdout,0
7459,7457,development,3
7460,7458,development,1
7461,7459,holdout,0
7462,7460,development,2
7463,7461,development,3
7464,177,development,1
7465,7463,holdout,0
7466,7464,development,3
7467,7465,development,1
7468,7466,development,3
7469,7467,development,1
7470,7468,development,2
7471,7469,holdout,0
7472,7470,development,1
7473,1071,holdout,0
7474,7,development,3
7475,7473,development,3
7476,1783,development,3
7477,7475,holdout,0
7478,7476,development,2
7479,7477,development,1
7480,7478,development,2
7481,7479,development,3
7482,7480,holdout,0
7483,7481,development,1
7484,7482,development,1
7485,7483,development,2
7486,7484,development,3
7487,7485,development,2
7488,7486,holdout,0
7489,7487,development,3
7490,7,development,3
7491,7489,holdout,0
7492,581,development,3
7493,7491,development,3
7494,7492,development,1
7495,7493,development,2
7496,7494,development,1
7497,7495,development,2
7498,7496,development,3
7499,2563,development,2
7500,7498,development,1
7501,7499,holdout,0
7502,7500,development,1
7503,7501,development,2
7504,7502,development,3
7505,7503,development,2
7506,7504,development,3
7507,7505,holdout,0
7508,7506,development,1
7509,7507,development,3
7510,7508,development,2
7511,7509,holdout,0
7512,7510,development,2
7513,7511,development,3
7514,7512,development,1
7515,7513,holdout,0
7516,7514,development,2
7517,7515,development,3
7518,7516,development,1
7519,7517,development,3
7520,7518,holdout,0
7521,613,holdout,0
7522,2366,development,3
7523,7521,development,2
7524,284,development,3
7525,7523,development,1
7526,7524,development,3
7527,7525,development,2
7528,648,holdout,0
7529,7527,development,2
7530,7528,holdout,0
7531,7529,holdout,0
7532,7530,development,3
7533,2753,development,2
7534,7532,development,1
7535,7533,development,2
7536,7534,development,3
7537,2269,development,2
7538,375,development,1
7539,7537,development,1
7540,7538,holdout,0
7541,7539,development,1
7542,7540,development,2
7543,7541,holdout,0
7544,349,development,1
7545,452,development,3
7546,7544,development,3
7547,7545,development,1
7548,16,development,1
7549,7547,development,2
7550,1132,development,3
7551,675,development,1
7552,7550,development,3
7553,7551,development,1
7554,5627,development,1
7555,7553,development,2
7556,7554,holdout,0
7557,7555,development,1
7558,7556,holdout,0
7559,7557,development,2
7560,36,development,2
7561,7559,development,3
7562,7560,development,2
7563,7561,development,2
7564,7562,development,3
7565,7563,holdout,0
7566,7564,development,1
7567,7565,development,3
7568,7566,development,1
7569,7567,development,2
7570,7568,development,1
7571,2261,development,3
7572,7570,development,3
7573,7571,holdout,0
7574,7572,development,2
7575,7573,development,3
7576,7574,holdout,0
7577,7575,development,2
7578,7576,development,1
7579,7577,development,3
7580,7578,development,1
7581,7579,holdout,0
7582,295,development,1
7583,1015,development,1
7584,6226,holdout,0
7585,7583,holdout,0
7586,7584,development,2
7587,7585,development,1
7588,7586,development,3
7589,7587,development,2
7590,7588,development,3
7591,284,development,3
7592,7590,development,3
7593,7591,development,1
7594,7592,holdout,0
7595,7593,development,1
7596,7594,development,2
7597,7595,development,2
7598,7596,development,3
7599,7597,development,1
7600,7598,development,2
7601,7599,holdout,0
7602,7600,development,3
7603,7601,development,1
7604,7602,development,3
7605,7603,development,2
7606,271,development,1
7607,7605,development,2
7608,7606,development,1
7609,7607,development,3
7610,7608,holdout,0
7611,7609,development,1
7612,349,development,1
7613,7611,development,3
7614,7612,development,1
7615,7613,holdout,0
7616,7614,development,3
7617,7615,development,2
7618,7616,development,1
7619,7617,development,2
7620,7618,development,2
7621,784,development,1
7622,7620,development,3
7623,7621,holdout,0
7624,7622,development,3
7625,7623,development,1
7626,7624,development,3
7627,7625,development,1
7628,3584,development,1
7629,7627,holdout,0
7630,7628,development,2
7631,7629,development,1
7632,7630,development,3
7633,7631,development,2
7634,7632,development,3
7635,107,development,1
7636,271,development,1
7637,7635,development,3
7638,7636,development,1
7639,7637,development,2
7640,421,holdout,0
7641,7639,holdout,0
7642,7640,development,1
7643,5448,holdout,0
7644,7642,holdout,0
7645,7643,development,2
7646,7644,development,3
7647,7645,development,1
7648,7646,development,2
7649,7647,holdout,0
7650,7648,development,3
7651,7649,development,1
7652,4874,holdout,0
7653,7651,development,2
7654,7652,development,1
7655,7653,holdout,0
7656,7654,development,3
7657,7655,development,3
7658,7656,development,2
7659,7657,development,1
7660,2558,holdout,0
7661,7659,development,2
7662,7660,holdout,0
7663,7661,development,3
7664,7662,development,1
7665,7663,development,2
7666,7664,holdout,0
7667,7665,development,2
7668,7666,development,3
7669,7667,development,1
7670,1145,development,2
7671,7669,development,1
7672,271,development,1
7673,7671,holdout,0
7674,7672,development,3
7675,7673,development,2
7676,2157,holdout,0
7677,7675,development,3
7678,271,development,1
7679,7677,development,2
7680,7678,development,1
7681,7679,development,3
7682,7680,holdout,0
7683,1401,development,1
7684,7682,development,2
7685,7683,development,1
7686,7684,development,3
7687,7685,development,1
7688,7686,development,2
7689,7687,holdout,0
7690,7688,development,2
7691,349,development,1
7692,7690,development,3
7693,7691,holdout,0
7694,7692,development,3
7695,1152,holdout,0
7696,7694,holdout,0
7697,7695,development,1
7698,7696,development,2
7699,7697,development,1
7700,7698,development,3
7701,7699,development,2
7702,7700,development,1
7703,7701,development,1
7704,7702,holdout,0
7705,7703,development,2
7706,7704,development,3
7707,7705,holdout,0
7708,675,development,1
7709,7707,development,3
7710,7708,development,2
7711,7709,development,1
7712,7710,development,2
7713,7711,development,3
7714,271,development,1
7715,7713,holdout,0
7716,1132,development,3
7717,7715,development,2
7718,7716,development,1
7719,7717,development,3
7720,7718,development,1
7721,421,holdout,0
7722,879,holdout,0
7723,7721,holdout,0
7724,7722,development,3
7725,7723,development,2
7726,7724,development,1
7727,7725,development,2
7728,2317,development,3
7729,4176,development,2
7730,7728,development,3
7731,7729,holdout,0
7732,7730,development,1
7733,3035,development,2
7734,7732,development,2
7735,7733,development,3
7736,7734,development,1
7737,7735,development,1
7738,107,development,1
7739,16,development,1
7740,7738,holdout,0
7741,7739,development,2
7742,7740,development,3
7743,7741,development,3
7744,7742,development,1
7745,7743,development,2
7746,6450,development,1
7747,819,development,2
7748,7746,holdout,0
7749,633,holdout,0
7750,7748,development,1
7751,7749,development,2
7752,7750,holdout,0
7753,7751,development,3
7754,7752,development,2
7755,7753,development,1
7756,7754,development,3
7757,7755,development,1
7758,7756,holdout,0
7759,7757,development,2
7760,7758,development,3
7761,7759,development,2
7762,7760,development,1
7763,7761,holdout,0
7764,3185,holdout,0
7765,7763,development,3
7766,7764,development,1
7767,724,development,3
7768,7766,development,3
7769,7767,development,1
7770,1076,holdout,0
7771,7769,holdout,0
7772,7770,development,2
7773,7771,development,2
7774,240,development,1
7775,7773,development,3
7776,7774,development,1
7777,2258,development,1
7778,7776,holdout,0
7779,7777,development,2
7780,7778,development,3
7781,7779,development,1
7782,7780,holdout,0
7783,1073,development,2
7784,7782,development,2
7785,7783,development,3
7786,7784,development,1
7787,16,development,1
7788,7786,development,2
7789,7787,development,3
7790,7788,development,3
7791,7789,holdout,0
7792,7790,development,2
7793,7791,development,1
7794,7792,development,2
7795,7793,holdout,0
7796,7794,development,1
7797,7795,development,1
7798,7796,development,3
7799,7797,development,2
7800,7798,development,3
7801,7799,holdout,0
7802,6728,holdout,0
7803,7801,development,1
7804,7802,holdout,0
7805,7803,development,2
7806,7804,development,1
7807,7805,development,3
7808,7806,development,2
7809,7807,development,3
7810,2944,development,1
7811,7809,development,1
7812,7810,development,2
7813,7811,holdout,0
7814,2594,development,2
7815,1292,holdout,0
7816,7814,development,3
7817,7815,development,1
7818,7816,development,2
7819,7817,development,3
7820,3646,development,2
7821,7819,development,1
7822,7820,holdout,0
7823,7821,development,1
7824,7822,development,2
7825,7823,development,3
7826,166,development,2
7827,7825,development,3
7828,1198,development,2
7829,7827,holdout,0
7830,7828,development,2
7831,6928,development,2
7832,7830,holdout,0
7833,7831,development,3
7834,7832,development,1
7835,7833,holdout,0
7836,7834,development,2
7837,7835,development,2
7838,7836,development,1
7839,7837,development,3
7840,7838,holdout,0
7841,244,holdout,0
7842,7840,development,2
7843,7841,development,2
7844,7842,development,1
7845,7843,development,3
7846,2944,development,1
7847,4293,development,3
7848,1172,development,2
7849,7847,holdout,0
7850,7848,development,1
7851,7849,development,2
7852,7850,development,3
7853,16,development,1
7854,7852,development,1
7855,7853,holdout,0
7856,36,development,2
7857,7855,development,2
7858,271,development,1
7859,7857,development,3
7860,107,development,1
7861,7859,development,3
7862,7860,development,1
7863,7861,development,2
7864,7862,holdout,0
7865,7863,development,1
7866,7864,development,2
7867,7865,development,3
7868,7866,development,1
7869,3036,holdout,0
7870,7868,development,2
7871,7869,holdout,0
7872,7870,development,3
7873,7871,development,1
7874,7872,development,2
7875,7873,holdout,0
7876,869,holdout,0
7877,7875,development,3
7878,7876,development,1
7879,7877,development,2
7880,7878,development,2
7881,7879,holdout,0
7882,7880,development,3
7883,7881,development,1
7884,7882,development,1
7885,7883,development,3
7886,7884,development,2
7887,1172,development,2
7888,3887,development,1
7889,0,development,3
7890,675,development,1
7891,7889,holdout,0
7892,7890,development,3
7893,7891,development,3
7894,7892,development,1
7895,7893,development,2
7896,7894,holdout,0
7897,403,development,3
7898,7896,development,1
7899,7897,development,2
7900,7898,holdout,0
7901,7899,development,3
7902,7900,development,1
7903,7901,development,2
7904,7902,holdout,0
7905,7903,development,2
7906,293,development,2
7907,7905,development,3
7908,7906,development,1
7909,1808,development,1
7910,7908,holdout,0
7911,16,development,1
7912,7910,development,3
7913,33,development,3
7914,134,development,2
7915,7913,development,2
7916,7914,development,1
7917,7915,holdout,0
7918,7916,development,3
7919,7917,development,1
7920,7918,development,2
7921,504,development,2
7922,6892,development,2
7923,7921,development,3
7924,7922,development,3
7925,7923,development,1
7926,7924,holdout,0
7927,7925,development,2
7928,7926,development,1
7929,7927,holdout,0
7930,7928,development,2
7931,7929,development,3
7932,7930,development,2
7933,7288,development,1
7934,7932,development,3
7935,7933,development,1
7936,7934,holdout,0
7937,7935,holdout,0
7938,1559,holdout,0
7939,7937,development,1
7940,7938,development,2
7941,7939,development,3
7942,7940,development,3
7943,7606,development,1
7944,7942,holdout,0
7945,7943,development,2
7946,7944,development,1
7947,7945,development,3
7948,194,development,1
7949,504,development,2
7950,7948,development,1
7951,7949,holdout,0
7952,7950,development,3
7953,7951,holdout,0
7954,7952,development,2
7955,7953,development,3
7956,7954,development,1
7957,7955,development,2
7958,7956,holdout,0
7959,7957,development,1
7960,7958,development,3
7961,7959,development,2
7962,7960,holdout,0
7963,7961,development,1
7964,7962,development,2
7965,7963,development,3
7966,7964,development,1
7967,7965,development,2
7968,612,development,1
7969,819,development,2
7970,7968,holdout,0
7971,7969,development,3
7972,7970,development,3
7973,7971,development,1
7974,7972,holdout,0
7975,7973,development,2
7976,729,development,1
7977,7975,development,1
7978,7976,development,2
7979,7977,development,3
7980,7978,development,1
7981,7979,holdout,0
7982,7980,development,2
7983,7981,development,2
7984,7982,development,3
7985,7983,development,1
7986,7984,holdout,0
7987,7985,development,2
7988,7986,development,3
7989,7987,holdout,0
7990,7988,development,1
7991,7989,development,2
7992,7990,development,3
7993,7991,development,3
7994,7992,development,1
7995,1559,holdout,0
7996,7994,development,2
7997,7995,holdout,0
7998,7996,development,2
7999,7997,development,1
8000,7998,holdout,0
8001,7999,development,3
8002,375,development,1
8003,8001,development,1
8004,8002,development,2
8005,8003,development,3
8006,8004,development,1
8007,8005,development,2
8008,8006,holdout,0
8009,16,development,1
8010,8008,development,3
8011,8009,development,2
8012,8010,development,1
8013,8011,development,3
8014,8012,holdout,0
8015,8013,development,2
8016,8014,holdout,0
8017,8015,development,1
8018,8016,development,3
8019,8017,development,3
8020,8018,development,2
8021,8019,development,1
8022,8020,development,2
8023,8021,development,3
8024,8022,holdout,0
8025,8023,development,1
8026,8024,development,3
8027,116,development,1
8028,879,holdout,0
8029,8027,development,2
8030,931,development,2
8031,8029,development,3
8032,8030,development,2
8033,8031,holdout,0
8034,8032,development,1
8035,8033,development,1
8036,4238,development,1
8037,8035,holdout,0
8038,8036,development,3
8039,3260,development,1
8040,8038,development,2
8041,8039,development,3
8042,8040,development,1
8043,8041,development,2
8044,8042,development,3
8045,8043,holdout,0
8046,8044,development,1
8047,8045,development,3
8048,36,development,2
8049,1258,development,1
8050,8048,development,2
8051,8049,development,1
8052,8050,holdout,0
8053,3010,development,2
8054,8052,development,3
8055,8053,development,1
8056,8054,development,1
8057,8055,holdout,0
8058,1559,holdout,0
8059,271,development,1
8060,5560,holdout,0
8061,8059,development,2
8062,274,development,3
8063,8061,development,2
8064,8062,development,3
8065,8063,development,2
8066,8064,holdout,0
8067,8065,development,1
8068,8066,development,3
8069,8067,development,1
8070,1157,development,1
8071,3646,development,2
8072,3767,development,2
8073,8071,holdout,0
8074,8072,development,2
8075,8073,development,3
8076,8074,development,1
8077,8075,development,2
8078,8076,development,3
8079,8077,development,2
8080,2269,development,2
8081,939,development,3
8082,8080,development,3
8083,8081,holdout,0
8084,8082,development,1
8085,724,development,3
8086,8084,development,3
8087,8085,development,2
8088,8086,development,1
8089,8087,holdout,0
8090,8088,development,3
8091,8089,development,1
8092,8090,development,3
8093,8091,development,1
8094,8092,holdout,0
8095,8093,development,2
8096,8094,development,3
8097,8095,development,2
8098,1033,development,3
8099,8097,development,1
8100,8098,development,1
8101,8099,holdout,0
8102,8100,development,1
8103,8101,development,2
8104,8102,development,3
8105,8103,development,2
8106,8104,holdout,0
8107,8105,development,3
8108,8106,development,2
8109,5358,holdout,0
8110,8108,development,1
8111,8109,holdout,0
8112,8110,development,3
8113,8111,development,1
8114,8112,development,2
8115,8113,development,3
8116,8114,development,1
8117,8115,holdout,0
8118,8116,development,2
8119,4491,development,2
8120,8118,development,1
8121,8119,development,3
8122,3409,development,2
8123,1559,holdout,0
8124,2317,development,3
8125,8123,development,2
8126,8124,holdout,0
8127,8125,development,3
8128,8126,development,2
8129,36,development,2
8130,8128,development,3
8131,8129,holdout,0
8132,8130,development,1
8133,8131,development,2
8134,8132,development,1
8135,8133,development,3
8136,8134,development,1
8137,8135,development,3
8138,8136,development,2
8139,8137,holdout,0
8140,8138,development,1
8141,8139,holdout,0
8142,8140,development,2
8143,8141,development,3
8144,798,development,2
8145,8143,development,1
8146,8144,development,2
8147,8145,development,3
8148,8146,holdout,0
8149,7,development,3
8150,8148,development,1
8151,8149,development,2
8152,8150,development,3
8153,8151,development,2
8154,8152,holdout,0
8155,170,development,2
8156,8154,holdout,0
8157,7229,holdout,0
8158,8156,development,3
8159,8157,holdout,0
8160,8158,development,1
8161,94,development,1
8162,8160,development,2
8163,8161,development,3
8164,8162,development,1
8165,3787,development,3
8166,8164,development,2
8167,8165,development,2
8168,8166,holdout,0
8169,8167,development,3
8170,8168,development,1
8171,8169,development,2
8172,8170,development,3
8173,7,development,3
8174,8172,holdout,0
8175,8173,development,1
8176,1327,development,3
8177,7392,development,3
8178,94,development,1
8179,8177,development,2
8180,8178,development,1
8181,8179,development,3
8182,8180,development,2
8183,8181,holdout,0
8184,8182,development,3
8185,816,development,3
8186,8184,development,3
8187,8185,development,2
8188,8186,holdout,0
8189,8187,development,1
8190,8188,development,1
8191,8189,development,2
8192,8190,development,1
8193,8191,holdout,0
8194,8192,development,2
8195,8193,development,3
8196,8194,development,1
8197,1378,development,3
8198,8196,development,2
8199,349,development,1
8200,1914,development,3
8201,2530,development,1
8202,8200,holdout,0
8203,8201,development,3
8204,8202,development,2
8205,8203,holdout,0
8206,8204,development,1
8207,8205,development,3
8208,8206,development,3
8209,8207,holdout,0
8210,2185,holdout,0
8211,8209,development,1
8212,8210,development,2
8213,8211,development,1
8214,8212,development,2
8215,211,holdout,0
8216,5954,development,2
8217,8215,holdout,0
8218,16,development,1
8219,1496,holdout,0
8220,8218,development,3
8221,8219,development,2
8222,8220,development,1
8223,8221,holdout,0
8224,8222,development,3
8225,8223,development,2
8226,1157,development,1
8227,8225,development,1
8228,8226,development,3
8229,8227,holdout,0
8230,1212,development,3
8231,8229,development,1
8232,8230,development,2
8233,8231,development,3
8234,8232,development,1
8235,8233,holdout,0
8236,8234,development,3
8237,8235,development,2
8238,8236,development,2
8239,8237,holdout,0
8240,8238,development,1
8241,8239,development,3
8242,8240,development,2
8243,274,development,3
8244,8242,development,1
8245,1020,development,2
8246,8244,holdout,0
8247,8245,development,1
8248,8246,development,2
8249,2662,holdout,0
8250,8248,development,3
8251,8249,development,2
8252,8250,holdout,0
8253,8251,development,3
8254,8252,development,1
8255,271,development,1
8256,8254,development,3
8257,8255,development,2
8258,8256,development,1
8259,8257,holdout,0
8260,8258,development,3
8261,8259,development,2
8262,1848,holdout,0
8263,8261,development,2
8264,8262,development,1
8265,8263,holdout,0
8266,8264,development,3
8267,8265,development,1
8268,8266,development,2
8269,8267,holdout,0
8270,6169,development,3
8271,8269,development,3
8272,8270,development,1
8273,8271,development,3
8274,274,development,3
8275,8273,development,2
8276,8274,holdout,0
8277,8275,development,2
8278,16,development,1
8279,798,development,2
8280,8278,development,3
8281,8279,development,1
8282,8280,development,2
8283,8281,holdout,0
8284,3602,development,1
8285,8283,development,3
8286,8284,development,1
8287,8285,development,3
8288,8286,development,2
8289,8287,holdout,0
8290,8288,development,3
8291,8289,development,2
8292,8290,development,1
8293,8291,development,1
8294,8292,development,2
8295,8293,holdout,0
8296,8294,development,3
8297,295,development,1
8298,8296,development,1
8299,8297,development,2
8300,16,development,1
8301,8299,holdout,0
8302,8300,development,3
8303,8301,development,2
8304,8302,development,1
8305,8303,development,3
8306,3559,holdout,0
8307,8305,development,1
8308,1631,holdout,0
8309,8307,development,2
8310,8308,holdout,0
8311,38,holdout,0
8312,8310,development,3
8313,8311,holdout,0
8314,8312,development,2
8315,8313,development,1
8316,8314,development,1
8317,8315,development,2
8318,8316,development,3
8319,8317,development,3
8320,8318,development,3
8321,8319,holdout,0
8322,8320,holdout,0
8323,8321,development,1
8324,16,development,1
8325,8323,development,2
8326,8324,holdout,0
8327,8325,development,3
8328,8326,development,1
8329,8327,development,2
8330,8328,holdout,0
8331,3828,holdout,0
8332,8330,development,3
8333,8331,development,1
8334,8332,development,2
8335,8333,development,1
8336,8334,holdout,0
8337,1496,holdout,0
8338,8336,development,3
8339,8337,development,3
8340,610,development,2
8341,8339,development,2
8342,8340,development,3
8343,8341,development,1
8344,7,development,3
8345,8343,holdout,0
8346,8344,development,2
8347,8345,development,1
8348,4501,development,2
8349,8347,development,2
8350,8348,development,3
8351,8349,holdout,0
8352,1790,development,3
8353,8351,development,2
8354,3425,development,1
8355,8353,holdout,0
8356,166,development,2
8357,8355,development,1
8358,8356,development,3
8359,4009,development,1
8360,8358,development,1
8361,8359,development,2
8362,8360,holdout,0
8363,1405,development,2
8364,8362,development,3
8365,8363,development,1
8366,8364,development,2
8367,8365,development,3
8368,8366,development,1
8369,8367,development,3
8370,8368,development,1
8371,8369,development,2
8372,177,development,1
8373,8371,development,2
8374,8372,development,3
8375,8373,holdout,0
8376,8374,development,3
8377,8375,development,1
8378,8376,holdout,0
8379,166,development,2
8380,8378,development,2
8381,8379,development,2
8382,8380,development,1
8383,8381,development,1
8384,8382,development,2
8385,8383,holdout,0
8386,244,holdout,0
8387,8385,development,3
8388,8386,development,3
8389,8387,development,1
8390,8388,holdout,0
8391,8389,development,2
8392,8390,development,3
8393,8391,development,1
8394,8392,development,3
8395,8393,development,2
8396,8394,development,2
8397,8395,holdout,0
8398,8396,development,1
8399,8397,development,3
8400,8398,development,1
8401,8399,holdout,0
8402,8400,development,2
8403,8401,development,2
8404,5083,development,1
8405,6928,development,2
8406,8404,development,1
8407,274,development,3
8408,8406,holdout,0
8409,8407,development,3
8410,8408,development,1
8411,1132,development,3
8412,1157,development,1
8413,8411,holdout,0
8414,8412,development,3
8415,8413,development,2
8416,8414,development,1
8417,8415,development,2
8418,8416,development,3
8419,8417,holdout,0
8420,8418,development,1
8421,8419,development,2
8422,8420,development,3
8423,5596,development,2
8424,5448,holdout,0
8425,7,development,3
8426,8424,holdout,0
8427,8425,development,2
8428,8426,development,1
8429,5416,development,3
8430,8428,development,1
8431,271,development,1
8432,8430,development,3
8433,8431,development,2
8434,1145,development,2
8435,8433,development,3
8436,295,development,1
8437,8435,development,1
8438,8436,holdout,0
8439,8437,holdout,0
8440,8438,development,2
8441,8439,development,3
8442,8440,development,1
8443,8441,development,2
8444,8442,development,3
8445,8443,development,1
8446,8444,holdout,0
8447,8445,development,2
8448,8446,development,3
8449,8447,development,2
8450,8448,development,3
8451,8449,development,1
8452,8450,holdout,0
8453,8451,development,1
8454,8452,development,2
8455,7264,development,3
8456,8454,development,1
8457,8455,development,3
8458,8456,development,2
8459,8457,holdout,0
8460,8458,development,3
8461,2455,development,1
8462,8460,development,1
8463,8461,development,3
8464,1108,development,1
8465,8463,holdout,0
8466,1986,development,2
8467,8465,development,1
8468,8466,development,2
8469,8467,development,2
8470,8468,development,3
8471,8469,development,1
8472,8470,holdout,0
8473,715,holdout,0
8474,8472,development,2
8475,8473,development,3
8476,8474,development,1
8477,16,development,1
8478,8476,development,1
8479,8477,holdout,0
8480,8478,development,2
8481,205,holdout,0
8482,1927,holdout,0
8483,8481,development,3
8484,8482,development,1
8485,8483,development,2
8486,8484,holdout,0
8487,8485,development,1
8488,8486,development,3
8489,8487,development,2
8490,8488,development,3
8491,8489,development,1
8492,2765,development,2
8493,8491,development,2
8494,8492,holdout,0
8495,8493,development,1
8496,8494,development,3
8497,8495,holdout,0
8498,8496,development,2
8499,8497,development,3
8500,8498,development,2
8501,8499,development,1
8502,8500,development,2
8503,8501,development,3
8504,8502,development,1
8505,8503,holdout,0
8506,8504,development,2
8507,8505,development,2
8508,1024,development,3
8509,8507,holdout,0
8510,107,development,1
8511,8509,development,3
8512,36,development,2
8513,8511,development,1
8514,8512,development,2
8515,91,development,3
8516,8514,development,1
8517,8515,development,3
8518,8516,holdout,0
8519,8517,development,2
8520,5394,development,2
8521,8519,development,3
8522,8520,development,1
8523,8521,holdout,0
8524,504,development,2
8525,8523,development,1
8526,8524,development,2
8527,8525,development,3
8528,8526,development,1
8529,8527,development,2
8530,6928,development,2
8531,8529,development,3
8532,178,development,2
8533,8531,holdout,0
8534,8532,development,2
8535,8533,development,1
8536,8534,development,3
8537,1718,development,3
8538,8536,holdout,0
8539,8537,development,1
8540,8538,development,2
8541,8539,development,3
8542,8540,development,3
8543,8541,development,1
8544,4297,holdout,0
8545,8543,development,1
8546,271,development,1
8547,8545,holdout,0
8548,168,holdout,0
8549,8547,holdout,0
8550,8548,development,2
8551,8549,development,2
8552,36,development,2
8553,1688,development,1
8554,8552,holdout,0
8555,8553,development,1
8556,8554,development,2
8557,8555,development,3
8558,8556,development,1
8559,2040,development,2
8560,8558,holdout,0
8561,8559,development,2
8562,1239,development,3
8563,8561,development,3
8564,8562,development,1
8565,8563,development,2
8566,7,development,3
8567,8565,holdout,0
8568,5847,development,1
8569,8567,development,3
8570,8568,development,2
8571,8569,development,1
8572,8570,development,3
8573,8571,holdout,0
8574,8572,development,1
8575,8573,development,2
8576,8574,development,1
8577,8575,development,3
8578,8576,development,2
8579,8577,development,3
8580,8578,holdout,0
8581,271,development,1
8582,8580,development,1
8583,8581,development,3
8584,8582,development,2
8585,16,development,1
8586,8584,holdout,0
8587,8585,development,1
8588,8586,development,2
8589,8587,development,3
8590,8588,holdout,0
8591,8589,development,2
8592,8590,development,1
8593,8591,development,3
8594,8592,development,1
8595,8593,development,3
8596,8594,development,2
8597,8595,development,1
8598,8596,development,2
8599,8597,holdout,0
8600,8598,development,3
8601,8599,holdout,0
8602,8600,development,2
8603,8601,development,2
8604,8602,development,1
8605,8603,development,3
8606,8604,development,2
8607,4979,development,3
8608,8606,development,1
8609,8607,holdout,0
8610,8608,development,3
8611,8609,holdout,0
8612,8610,development,2
8613,8611,development,3
8614,8612,development,1
8615,8613,development,1
8616,8614,holdout,0
8617,7,development,3
8618,8616,development,2
8619,8617,development,3
8620,8618,development,1
8621,8619,development,2
8622,8620,development,3
8623,8621,development,1
8624,8622,holdout,0
8625,8623,development,3
8626,8624,development,2
8627,8625,development,1
8628,8626,holdout,0
8629,1552,development,2
8630,8628,development,1
8631,8629,development,2
8632,8630,development,3
8633,240,development,1
8634,8632,development,2
8635,8633,development,2
8636,8634,holdout,0
8637,8635,development,2
8638,1986,development,2
8639,8637,development,3
8640,8638,holdout,0
8641,8639,development,3
8642,8640,holdout,0
8643,107,development,1
8644,136,development,1
8645,819,development,2
8646,8644,development,1
8647,8645,development,1
8648,7251,development,1
8649,19,holdout,0
8650,8648,development,2
8651,8649,development,3
8652,8650,holdout,0
8653,8651,development,1
8654,8652,development,2
8655,8653,development,3
8656,274,development,3
8657,8655,development,1
8658,16,development,1
8659,8657,holdout,0
8660,8658,development,2
8661,8659,development,1
8662,8660,development,2
8663,8661,development,3
8664,8662,holdout,0
8665,8663,development,3
8666,8664,development,3
8667,8665,development,3
8668,8666,development,1
8669,8667,development,2
8670,8668,development,1
8671,8669,development,2
8672,8670,holdout,0
8673,271,development,1
8674,8672,holdout,0
8675,8673,development,3
8676,8674,development,1
8677,8675,development,2
8678,8676,development,3
8679,8677,development,1
8680,8678,development,3
8681,8679,development,2
8682,8680,holdout,0
8683,38,holdout,0
8684,8682,development,1
8685,8683,development,2
8686,8684,holdout,0
8687,8685,development,1
8688,8686,development,3
8689,8687,development,2
8690,8688,development,3
8691,8689,development,1
8692,8690,development,2
8693,8691,development,3
8694,8692,holdout,0
8695,7,development,3
8696,8694,development,2
8697,1303,development,3
8698,8696,development,1
8699,8697,development,3
8700,8698,holdout,0
8701,8699,development,2
8702,8700,development,1
8703,8701,development,3
8704,8702,development,1
8705,8703,holdout,0
8706,406,development,2
8707,8705,development,2
8708,8706,development,3
8709,8707,development,1
8710,8708,development,2
8711,8709,development,3
8712,8710,holdout,0
8713,2121,development,1
8714,8712,development,2
8715,8713,development,1
8716,8714,development,3
8717,504,development,2
8718,8716,development,1
8719,1845,development,1
8720,319,development,2
8721,8719,development,2
8722,8720,development,3
8723,8721,holdout,0
8724,8722,development,3
8725,19,holdout,0
8726,8724,development,1
8727,8725,holdout,0
8728,8726,development,1
8729,8727,development,2
8730,19,holdout,0
8731,7,development,3
8732,8730,development,2
8733,8731,development,3
8734,16,development,1
8735,8733,holdout,0
8736,45,development,1
8737,8735,development,1
8738,3251,holdout,0
8739,8737,development,2
8740,8738,development,3
8741,724,development,3
8742,16,development,1
8743,8741,development,2
8744,1551,holdout,0
8745,8743,development,1
8746,8744,holdout,0
8747,8745,development,3
8748,1790,development,3
8749,8747,holdout,0
8750,8748,development,1
8751,8749,development,3
8752,8750,development,2
8753,7,development,3
8754,8752,development,1
8755,8753,development,2
8756,8754,development,3
8757,8755,holdout,0
8758,8756,development,1
8759,3076,holdout,0
8760,8758,development,3
8761,8759,development,2
8762,8760,holdout,0
8763,3010,development,2
8764,8762,development,1
8765,8763,development,3
8766,8764,holdout,0
8767,8765,development,2
8768,8766,development,2
8769,8767,development,3
8770,8768,development,3
8771,8769,development,1
8772,8770,development,1
8773,7,development,3
8774,8772,holdout,0
8775,8773,development,2
8776,3973,development,1
8777,8775,development,3
8778,6928,development,2
8779,8777,development,1
8780,8778,development,2
8781,8779,holdout,0
8782,16,development,1
8783,724,development,3
8784,8782,development,1
8785,8783,development,3
8786,8784,development,2
8787,8785,development,1
8788,8786,development,3
8789,713,development,2
8790,1768,development,3
8791,8789,development,2
8792,8790,holdout,0
8793,33,development,3
8794,8792,development,3
8795,8793,development,1
8796,8794,development,2
8797,8795,holdout,0
8798,8796,development,2
8799,16,development,1
8800,8798,development,1
8801,8799,development,1
8802,8800,development,3
8803,8801,development,1
8804,2594,development,2
8805,8803,development,1
8806,8804,holdout,0
8807,8805,development,3
8808,274,development,3
8809,6774,development,1
8810,8808,holdout,0
8811,8809,development,3
8812,8810,development,2
8813,8811,development,1
8814,8812,development,2
8815,633,holdout,0
8816,8814,holdout,0
8817,8815,development,3
8818,8816,development,1
8819,8817,development,2
8820,8818,development,3
8821,8819,holdout,0
8822,8820,development,1
8823,8821,development,2
8824,8822,development,1
8825,8823,development,3
8826,8824,holdout,0
8827,8825,development,2
8828,8826,development,3
8829,8827,development,1
8830,8828,development,2
8831,349,development,1
8832,8830,holdout,0
8833,8831,development,3
8834,8832,development,1
8835,8833,development,1
8836,8834,development,2
8837,3409,development,2
8838,8836,development,3
8839,8837,holdout,0
8840,8838,holdout,0
8841,8839,development,2
8842,7934,holdout,0
8843,8841,development,3
8844,8842,holdout,0
8845,8843,development,3
8846,8844,development,1
8847,8845,development,2
8848,1195,holdout,0
8849,8847,holdout,0
8850,8848,development,1
8851,8849,development,2
8852,8850,development,3
8853,8851,development,3
8854,8852,holdout,0
8855,8853,development,1
8856,8854,development,2
8857,8855,development,3
8858,798,development,2
8859,513,development,2
8860,8858,development,1
8861,8859,development,2
8862,658,development,3
8863,8861,development,1
8864,8862,holdout,0
8865,8863,development,2
8866,8864,development,3
8867,8865,development,1
8868,8866,development,2
8869,8867,development,3
8870,8868,holdout,0
8871,8869,development,2
8872,8870,holdout,0
8873,8871,development,1
8874,8872,development,1
8875,8873,development,2
8876,8874,development,3
8877,8875,development,1
8878,8876,development,2
8879,8877,holdout,0
8880,8878,development,3
8881,8879,development,1
8882,8880,development,3
8883,8881,holdout,0
8884,8882,development,1
8885,8883,development,2
8886,8884,development,3
8887,8885,holdout,0
8888,8886,development,2
8889,8887,development,1
8890,8888,holdout,0
8891,8889,development,2
8892,8890,development,3
8893,8891,development,1
8894,8892,development,3
8895,8893,development,2
8896,4088,development,2
8897,8895,development,2
8898,1501,holdout,0
8899,4510,development,3
8900,8898,development,1
8901,8899,development,3
8902,8900,holdout,0
8903,8901,development,1
8904,1496,holdout,0
8905,8206,development,3
8906,8904,development,2
8907,8905,development,3
8908,8906,development,3
8909,8907,holdout,0
8910,8908,development,1
8911,8909,development,2
8912,8910,development,2
8913,7,development,3
8914,8912,development,1
8915,8913,development,3
8916,8914,holdout,0
8917,8915,development,1
8918,8916,development,2
8919,8917,holdout,0
8920,8918,development,3
8921,8919,development,1
8922,8920,development,2
8923,8921,development,3
8924,8922,holdout,0
8925,8923,development,1
8926,8924,development,2
8927,6774,development,1
8928,8926,development,3
8929,271,development,1
8930,16,development,1
8931,8929,development,2
8932,8930,development,1
8933,8931,holdout,0
8934,8932,development,3
8935,36,development,2
8936,7776,holdout,0
8937,8935,development,2
8938,1938,development,3
8939,8937,development,3
8940,8938,holdout,0
8941,8939,development,1
8942,8940,development,1
8943,8941,development,2
8944,5832,development,3
8945,8943,holdout,0
8946,8944,development,3
8947,166,development,2
8948,8946,development,1
8949,8947,development,1
8950,8948,holdout,0
8951,8949,development,2
8952,1902,development,2
8953,8951,development,3
8954,8952,development,1
8955,8953,holdout,0
8956,8954,development,2
8957,8955,development,3
8958,24,development,3
8959,8957,development,1
8960,8958,development,2
8961,271,development,1
8962,8960,development,3
8963,8961,holdout,0
8964,8962,development,1
8965,879,holdout,0
8966,30,holdout,0
8967,8965,development,2
8968,8966,development,3
8969,5456,development,1
8970,2413,development,1
8971,8969,development,2
8972,8970,development,3
8973,8971,development,1
8974,8972,development,1
8975,6363,development,2
8976,8974,holdout,0
8977,8975,development,2
8978,8976,development,3
8979,8977,holdout,0
8980,8978,development,1
8981,8979,development,2
8982,8980,development,3
8983,421,holdout,0
8984,8982,development,3
8985,8983,holdout,0
8986,612,development,1
8987,8985,development,1
8988,8986,development,2
8989,2900,development,1
8990,8988,development,3
8991,1145,development,2
8992,8990,holdout,0
8993,8991,development,1
8994,8992,development,2
8995,8993,development,3
8996,8994,development,1
8997,8995,holdout,0
8998,1749,development,2
8999,8997,development,2
9000,8998,development,3
9001,8999,development,1
9002,178,development,2
9003,9001,development,2
9004,9002,holdout,0
9005,24,development,3
9006,9004,development,3
9007,9005,development,1
9008,9006,development,3
9009,9007,development,2
9010,9008,development,1
9011,9009,holdout,0
9012,271,development,1
9013,9011,development,2
9014,1496,holdout,0
9015,9013,development,3
9016,9014,development,1
9017,9015,development,2
9018,9016,holdout,0
9019,9017,development,1
9020,9018,holdout,0
9021,9019,development,3
9022,9020,development,2
9023,9021,development,3
9024,9022,development,3
9025,6928,development,2
9026,9024,development,1
9027,9025,development,2
9028,9026,development,1
9029,9027,development,2
9030,366,development,1
9031,9029,holdout,0
9032,9030,development,3
9033,9031,development,2
9034,9032,development,1
9035,9033,holdout,0
9036,9034,development,3
9037,9035,development,1
9038,9036,development,2
9039,9037,development,3
9040,9038,holdout,0
9041,9039,development,1
9042,9040,development,3
9043,9041,development,2
9044,3869,holdout,0
9045,9043,development,1
9046,16,development,1
9047,1099,holdout,0
9048,9046,holdout,0
9049,9047,development,2
9050,3257,development,3
9051,9049,development,3
9052,1142,development,2
9053,9051,development,1
9054,9052,development,2
9055,9053,holdout,0
9056,9054,development,2
9057,4244,holdout,0
9058,9056,development,3
9059,1783,development,3
9060,9058,development,1
9061,36,development,2
9062,9060,development,2
9063,9061,development,2
9064,9062,development,3
9065,9063,holdout,0
9066,9064,development,3
9067,9065,holdout,0
9068,9066,development,1
9069,9067,development,2
9070,9068,development,1
9071,9069,development,3
9072,9070,development,1
9073,9071,development,2
9074,9072,holdout,0
9075,5609,holdout,0
9076,9074,holdout,0
9077,3440,holdout,0
9078,9076,development,3
9079,271,development,1
9080,9078,development,1
9081,9079,development,2
9082,9080,development,3
9083,9081,development,2
9084,9082,development,1
9085,6481,development,3
9086,9084,development,3
9087,2536,development,2
9088,2261,development,3
9089,9087,holdout,0
9090,9088,development,3
9091,9089,development,1
9092,9090,development,2
9093,9091,holdout,0
9094,9092,development,1
9095,9093,development,2
9096,9094,development,3
9097,9095,development,1
9098,9096,holdout,0
9099,0,development,3
9100,9098,development,2
9101,9099,development,3
9102,9100,development,1
9103,9101,development,2
9104,9102,development,3
9105,9103,holdout,0
9106,9104,development,1
9107,9105,development,2
9108,9106,development,3
9109,9107,development,1
9110,9108,holdout,0
9111,1725,holdout,0
9112,9110,development,3
9113,9111,development,2
9114,5682,development,3
9115,421,holdout,0
9116,9114,development,1
9117,7251,development,1
9118,9116,development,3
9119,9117,development,2
9120,9118,development,3
9121,9119,holdout,0
9122,9120,development,1
9123,9121,development,2
9124,9122,development,1
9125,9123,holdout,0
9126,9124,development,3
9127,9125,development,1
9128,9126,development,2
9129,9127,development,2
9130,9128,development,3
9131,9129,development,2
9132,9130,holdout,0
9133,240,development,1
9134,9132,development,3
9135,271,development,1
9136,211,holdout,0
9137,9135,development,1
9138,9136,development,2
9139,9137,holdout,0
9140,9138,development,1
9141,9139,development,1
9142,3908,development,3
9143,9141,development,3
9144,9142,holdout,0
9145,9143,development,3
9146,9144,development,2
9147,9145,development,2
9148,25,development,1
9149,9147,development,1
9150,9148,development,2
9151,9149,development,3
9152,9150,holdout,0
9153,9151,development,1
9154,9152,development,2
9155,9153,development,2
9156,9154,development,3
9157,9155,development,1
9158,9156,holdout,0
9159,9157,development,3
9160,9158,development,3
9161,9159,holdout,0
9162,9160,development,1
9163,9161,development,2
9164,9162,development,2
9165,9163,holdout,0
9166,9164,development,1
9167,9165,development,3
9168,9166,development,1
9169,675,development,1
9170,9168,development,2
9171,9169,holdout,0
9172,9170,development,2
9173,9171,development,3
9174,9172,development,3
9175,9173,development,1
9176,9174,development,1
9177,9175,development,2
9178,9176,holdout,0
9179,9177,development,1
9180,9178,holdout,0
9181,9179,development,3
9182,9180,development,2
9183,9181,development,3
9184,94,development,1
9185,9183,development,3
9186,3209,development,3
9187,271,development,1
9188,16,development,1
9189,9187,development,1
9190,9188,holdout,0
9191,9189,development,2
9192,9190,development,1
9193,9191,development,3
9194,9192,development,2
9195,9193,holdout,0
9196,1725,holdout,0
9197,9195,development,1
9198,9196,development,2
9199,9197,development,3
9200,9198,development,1
9201,9199,development,2
9202,9200,development,3
9203,6436,holdout,0
9204,9202,development,1
9205,9203,development,2
9206,9204,development,3
9207,9205,development,2
9208,9206,holdout,0
9209,9207,holdout,0
9210,3821,development,1
9211,9209,development,1
9212,9210,development,3
9213,9211,development,3
9214,381,development,3
9215,36,development,2
9216,9214,development,1
9217,9215,holdout,0
9218,9216,development,2
9219,9217,development,3
9220,683,holdout,0
9221,9219,development,2
9222,9220,development,1
9223,9221,holdout,0
9224,9222,development,1
9225,9223,development,3
9226,9224,holdout,0
9227,9225,development,2
9228,9226,development,3
9229,94,development,1
9230,9228,development,1
9231,9229,development,3
9232,9230,development,2
9233,9231,holdout,0
9234,9232,development,1
9235,9233,holdout,0
9236,9234,development,2
9237,9235,development,3
9238,9236,development,3
9239,9237,holdout,0
9240,9238,development,1
9241,406,development,2
9242,9240,development,3
9243,171,development,2
9244,9242,development,2
9245,9243,development,1
9246,9244,development,2
9247,9245,holdout,0
9248,9246,development,3
9249,5416,development,3
9250,9248,holdout,0
9251,9249,development,1
9252,9250,development,2
9253,9251,development,3
9254,9252,development,1
9255,9253,development,2
9256,9254,holdout,0
9257,9255,development,3
9258,9256,development,1
9259,9257,development,2
9260,9258,development,3
9261,9259,development,3
9262,9260,development,1
9263,9261,holdout,0
9264,9262,development,2
9265,9263,development,2
9266,24,development,3
9267,8206,development,3
9268,9266,holdout,0
9269,16,development,1
9270,9268,development,1
9271,9269,holdout,0
9272,8400,development,2
9273,9271,development,1
9274,9272,development,2
9275,9273,development,3
9276,9274,development,2
9277,9275,development,1
9278,9276,development,3
9279,9277,development,2
9280,9278,holdout,0
9281,9279,development,3
9282,9280,development,1
9283,211,holdout,0
9284,9282,development,1
9285,9283,holdout,0
9286,9284,development,2
9287,9285,development,3
9288,73,holdout,0
9289,9287,development,2
9290,9288,development,1
9291,9289,development,3
9292,9290,holdout,0
9293,9291,development,1
9294,9292,development,2
9295,9293,development,2
9296,9294,holdout,0
9297,3074,development,1
9298,9296,development,3
9299,9297,development,3
9300,3185,holdout,0
9301,9299,development,3
9302,9300,holdout,0
9303,9301,development,1
9304,9302,development,2
9305,38,holdout,0
9306,9304,development,1
9307,9305,development,2
9308,5529,development,3
9309,177,development,1
9310,9308,development,3
9311,9309,holdout,0
9312,9310,development,1
9313,9311,development,2
9314,9312,development,2
9315,9313,development,3
9316,9314,development,1
9317,9315,development,3
9318,9316,development,1
9319,9317,development,2
9320,9318,holdout,0
9321,9319,development,3
9322,9320,development,3
9323,9321,development,3
9324,9322,development,1
9325,9323,development,2
9326,271,development,1
9327,9325,holdout,0
9328,9326,development,1
9329,9327,development,2
9330,9328,development,3
9331,9329,development,1
9332,9330,holdout,0
9333,3076,holdout,0
9334,9332,development,2
9335,9333,development,2
9336,9334,development,3
9337,675,development,1
9338,9336,holdout,0
9339,9337,development,3
9340,9338,development,1
9341,9339,development,2
9342,724,development,3
9343,9341,holdout,0
9344,9342,development,1
9345,735,development,1
9346,9344,development,3
9347,9345,development,3
9348,9346,development,3
9349,9347,holdout,0
9350,9348,development,1
9351,9349,development,2
9352,9350,development,3
9353,9351,development,3
9354,9352,development,1
9355,9353,holdout,0
9356,9354,development,2
9357,9355,development,3
9358,9356,development,1
9359,9357,development,2
9360,9358,development,3
9361,9359,development,1
9362,9360,holdout,0
9363,9361,development,2
9364,0,development,3
9365,9363,development,3
9366,9358,development,3
9367,9365,holdout,0
9368,1172,development,2
9369,9367,development,1
9370,9368,development,2
9371,9369,development,3
9372,1213,development,1
9373,9371,holdout,0
9374,9372,development,1
9375,9373,development,1
9376,9374,development,2
9377,9375,development,1
9378,3409,development,2
9379,9377,holdout,0
9380,5416,development,3
9381,9379,development,3
9382,9380,development,2
9383,9381,development,3
9384,3908,development,3
9385,9383,holdout,0
9386,9384,development,1
9387,9385,development,3
9388,3584,development,1
9389,271,development,1
9390,9388,development,2
9391,9389,development,1
9392,9390,development,2
9393,9391,holdout,0
9394,6228,development,3
9395,9393,development,3
9396,9394,development,1
9397,9395,development,2
9398,9396,holdout,0
9399,9397,development,3
9400,9398,development,3
9401,9399,development,1
9402,9400,development,2
9403,9401,development,3
9404,9402,development,1
9405,9403,holdout,0
9406,9404,development,2
9407,9405,development,1
9408,9406,development,1
9409,9407,development,3
9410,9408,development,2
9411,9409,development,1
9412,9410,holdout,0
9413,271,development,1
9414,9412,development,3
9415,9413,development,1
9416,9414,holdout,0
9417,9415,development,2
9418,7440,development,3
9419,9417,development,1
9420,36,development,2
9421,6872,holdout,0
9422,9420,development,2
9423,9421,development,3
9424,194,development,1
9425,9423,holdout,0
9426,9424,development,1
9427,1933,development,2
9428,9426,development,2
9429,9427,development,3
9430,9428,development,2
9431,9429,development,1
9432,9170,development,2
9433,9431,development,3
9434,36,development,2
9435,9433,development,1
9436,9434,holdout,0
9437,16,development,1
9438,9436,development,1
9439,675,development,1
9440,9438,holdout,0
9441,403,development,3
9442,2833,development,2
9443,5382,development,3
9444,9442,development,2
9445,9443,development,3
9446,5866,development,2
9447,9445,development,2
9448,6363,development,2
9449,9447,holdout,0
9450,9448,development,3
9451,9449,development,1
9452,9450,development,2
9453,9451,development,3
9454,9452,development,1
9455,194,development,1
9456,1647,development,3
9457,9455,development,2
9458,613,holdout,0
9459,3865,development,1
9460,9458,development,3
9461,9459,development,2
9462,6821,development,3
9463,504,development,2
9464,9462,holdout,0
9465,9463,development,3
9466,9464,holdout,0
9467,9465,development,1
9468,474,development,3
9469,2864,development,1
9470,7,development,3
9471,4871,development,2
9472,1085,development,1
9473,1292,holdout,0
9474,9472,development,1
9475,9473,development,2
9476,9474,development,1
9477,36,development,2
9478,715,holdout,0
9479,36,development,2
9480,9478,holdout,0
9481,9479,development,3
9482,9480,development,2
9483,504,development,2
9484,1574,development,1
9485,9483,development,3
9486,9484,development,3
9487,36,development,2
9488,9486,development,1
9489,9487,development,3
9490,9488,holdout,0
9491,16,development,1
9492,9490,development,2
9493,16,development,1
9494,9492,development,2
9495,9493,development,1
9496,9494,holdout,0
9497,7042,development,2
9498,9496,development,3
9499,9497,development,1
9500,9498,development,3
9501,9499,development,2
9502,9500,holdout,0
9503,9501,development,3
9504,9502,development,1
9505,9503,development,2
9506,5409,development,2
9507,9505,holdout,0
9508,9506,development,3
9509,9507,development,1
9510,5448,holdout,0
9511,9509,development,3
9512,9510,development,2
9513,9511,holdout,0
9514,9512,development,2
9515,16,development,1
9516,9514,development,3
9517,9515,development,1
9518,9516,development,1
9519,9517,holdout,0
9520,9518,development,2
9521,9519,development,3
9522,9520,development,1
9523,779,development,1
9524,9522,development,2
9525,9523,holdout,0
9526,126,development,1
9527,9525,development,3
9528,33,development,3
9529,9527,development,3
9530,9528,development,2
9531,9529,development,1
9532,9530,holdout,0
9533,2864,development,1
9534,9532,development,3
9535,9533,development,2
9536,737,development,3
9537,9535,development,2
9538,9536,development,1
9539,9537,development,3
9540,274,development,3
9541,9539,holdout,0
9542,9540,development,2
9543,9541,development,3
9544,9542,development,1
9545,9543,holdout,0
9546,9544,development,1
9547,9545,development,3
9548,9546,development,2
9549,9547,development,1
9550,9548,development,1
9551,9549,holdout,0
9552,9550,holdout,0
9553,0,development,3
9554,9552,development,2
9555,9553,development,3
9556,2719,holdout,0
9557,9555,development,2
9558,9556,development,3
9559,9557,development,1
9560,244,holdout,0
9561,9559,holdout,0
9562,9560,development,2
9563,9561,development,3
9564,9562,development,1
9565,9563,development,2
9566,36,development,2
9567,9565,development,3
9568,9566,holdout,0
9569,9567,development,2
9570,9568,development,3
9571,9569,development,1
9572,9570,development,2
9573,9571,holdout,0
9574,9572,development,1
9575,9573,development,3
9576,9574,development,2
9577,715,holdout,0
9578,9576,development,1
9579,9577,holdout,0
9580,284,development,3
9581,9579,development,3
9582,9580,development,1
9583,9581,development,2
9584,9582,development,3
9585,9583,development,1
9586,9584,holdout,0
9587,16,development,1
9588,9586,development,2
9589,9587,development,3
9590,1142,development,2
9591,9589,development,2
9592,9590,holdout,0
9593,4872,development,1
9594,9592,development,3
9595,9593,development,1
9596,675,development,1
9597,9595,development,3
9598,9596,holdout,0
9599,9597,development,1
9600,9598,development,2
9601,9599,development,2
9602,9600,holdout,0
9603,9601,development,1
9604,9602,development,3
9605,9603,development,2
9606,9604,development,1
9607,9605,holdout,0
9608,4874,holdout,0
9609,9607,development,3
9610,9608,development,1
9611,9609,holdout,0
9612,9610,development,3
9613,9611,development,2
9614,9612,development,1
9615,9613,development,2
9616,9614,development,3
9617,9615,development,1
9618,9616,development,3
9619,0,development,3
9620,9618,development,2
9621,9619,holdout,0
9622,9620,holdout,0
9623,9621,development,1
9624,9622,holdout,0
9625,612,development,1
9626,9624,development,2
9627,9625,development,3
9628,168,holdout,0
9629,9627,development,1
9630,9628,development,2
9631,9629,development,3
9632,1540,development,1
9633,9631,development,2
9634,9632,development,1
9635,9633,holdout,0
9636,9634,development,3
9637,9635,development,1
9638,9636,development,2
9639,7934,holdout,0
9640,9638,development,3
9641,9639,holdout,0
9642,7667,development,1
9643,9641,development,3
9644,3582,holdout,0
9645,9643,development,1
9646,3693,development,1
9647,9645,development,2
9648,9646,development,1
9649,9647,development,3
9650,9648,holdout,0
9651,9649,development,2
9652,9650,development,1
9653,6915,holdout,0
9654,9652,development,2
9655,1662,development,2
9656,9654,development,1
9657,9655,development,3
9658,9656,development,2
9659,9657,holdout,0
9660,9658,development,3
9661,9659,development,2
9662,9660,holdout,0
9663,117,development,3
9664,581,development,3
9665,9663,development,1
9666,9664,development,2
9667,9665,development,3
9668,9666,development,2
9669,9667,holdout,0
9670,549,holdout,0
9671,9669,holdout,0
9672,9670,development,1
9673,9671,development,3
9674,9672,development,3
9675,8677,development,1
9676,9674,development,1
9677,1115,development,1
9678,9676,development,2
9679,9677,holdout,0
9680,9678,development,2
9681,349,development,1
9682,9680,holdout,0
9683,271,development,1
9684,9682,development,1
9685,9683,development,3
9686,9684,development,1
9687,9685,development,2
9688,9686,development,3
9689,9687,development,1
9690,735,development,1
9691,9689,development,1
9692,9690,holdout,0
9693,9691,development,2
9694,9692,development,3
9695,9693,development,2
9696,194,development,1
9697,9695,development,1
9698,1559,holdout,0
9699,9697,development,2
9700,9698,holdout,0
9701,9699,development,3
9702,9700,development,1
9703,7,development,3
9704,9702,development,3
9705,1292,holdout,0
9706,9704,development,1
9707,9705,holdout,0
9708,9706,development,2
9709,9707,development,3
9710,9708,development,1
9711,9709,development,2
9712,194,development,1
9713,9711,holdout,0
9714,9712,development,3
9715,9713,development,2
9716,9714,development,2
9717,9715,development,3
9718,3311,development,2
9719,9717,holdout,0
9720,9718,development,1
9721,9719,development,3
9722,9720,development,2
9723,9721,development,3
9724,9722,holdout,0
9725,9723,development,1
9726,9724,development,1
9727,9725,development,2
9728,1133,development,2
9729,9727,development,1
9730,349,development,1
9731,9729,holdout,0
9732,9730,development,2
9733,9731,development,3
9734,9732,development,2
9735,9733,development,1
9736,9734,development,3
9737,9735,holdout,0
9738,295,development,1
9739,38,holdout,0
9740,9738,development,3
9741,9739,development,2
9742,1749,development,2
9743,613,holdout,0
9744,9742,development,1
9745,1212,development,3
9746,9744,holdout,0
9747,1191,holdout,0
9748,9746,holdout,0
9749,9747,development,2
9750,675,development,1
9751,9749,development,2
9752,9750,development,3
9753,9751,development,1
9754,4874,holdout,0
9755,9753,development,2
9756,7,development,3
9757,9755,holdout,0
9758,9756,development,3
9759,9757,development,1
9760,9758,development,1
9761,271,development,1
9762,9760,development,2
9763,9761,development,3
9764,9762,development,2
9765,9763,development,2
9766,9764,holdout,0
9767,9765,development,3
9768,9766,holdout,0
9769,9767,development,2
9770,9768,development,1
9771,9769,development,3
9772,9770,development,3
9773,9771,holdout,0
9774,9772,development,1
9775,9773,development,2
9776,9774,development,1
9777,9775,development,2
9778,9776,development,3
9779,7,development,3
9780,5163,development,1
9781,9779,development,1
9782,9780,holdout,0
9783,9781,development,2
9784,4622,holdout,0
9785,9783,development,3
9786,9784,holdout,0
9787,9785,development,1
9788,9786,holdout,0
9789,9787,development,2
9790,9788,development,3
9791,3175,development,2
9792,9790,development,2
9793,9791,development,3
9794,9792,holdout,0
9795,9724,development,1
9796,9794,development,1
9797,194,development,1
9798,9796,development,1
9799,9797,development,3
9800,474,development,3
9801,166,development,2
9802,9800,development,2
9803,9801,holdout,0
9804,2344,development,1
9805,9803,development,3
9806,9804,development,1
9807,9805,development,2
9808,9806,development,1
9809,9807,development,3
9810,9808,holdout,0
9811,9809,development,1
9812,9810,development,2
9813,9811,development,2
9814,1020,development,2
9815,9813,holdout,0
9816,252,development,1
9817,9815,development,3
9818,9816,development,1
9819,9817,development,2
9820,9818,development,3
9821,9819,holdout,0
9822,9820,development,1
9823,24,development,3
9824,9822,development,2
9825,9823,holdout,0
9826,9824,development,3
9827,9825,development,3
9828,9826,development,1
9829,9827,development,2
9830,9828,development,1
9831,9829,development,1
9832,9830,holdout,0
9833,9831,development,2
9834,9832,development,3
9835,9833,development,1
9836,9834,development,3
9837,9835,development,2
9838,9836,holdout,0
9839,9837,development,1
9840,9838,development,3
9841,9839,development,2
9842,9840,development,2
9843,3010,development,2
9844,9842,holdout,0
9845,9843,development,1
9846,9844,development,3
9847,3584,development,1
9848,9846,development,1
9849,9847,development,2
9850,9848,holdout,0
9851,1598,development,3
9852,2734,development,2
9853,9851,development,3
9854,9852,development,1
9855,9853,development,3
9856,9854,development,2
9857,9855,holdout,0
9858,9856,development,1
9859,9857,development,2
9860,9858,development,3
9861,9859,holdout,0
9862,9860,development,1
9863,9861,development,2
9864,9862,development,3
9865,9863,development,2
9866,9864,holdout,0
9867,9865,development,1
9868,9866,development,3
9869,923,development,3
9870,9868,development,1
9871,6262,development,3
9872,9870,holdout,0
9873,1401,development,1
9874,9872,development,2
9875,9873,development,3
9876,349,development,1
9877,504,development,2
9878,9876,development,1
9879,9877,development,2
9880,9878,development,3
9881,9879,holdout,0
9882,5976,development,1
9883,581,development,3
9884,9882,development,2
9885,9883,development,1
9886,9884,development,3
9887,9885,holdout,0
9888,9886,development,3
9889,9887,development,1
9890,9888,development,2
9891,9889,holdout,0
9892,1233,development,2
9893,9891,development,1
9894,3777,development,3
9895,9893,development,2
9896,9894,development,3
9897,9895,development,1
9898,5954,development,2
9899,7073,development,1
9900,9898,development,2
9901,9899,development,3
9902,9900,holdout,0
9903,9901,development,1
9904,9902,development,2
9905,1198,development,2
9906,9904,development,3
9907,9905,development,2
9908,9906,development,3
9909,9907,development,1
9910,9908,holdout,0
9911,9909,development,1
9912,9910,development,2
9913,36,development,2
9914,9912,holdout,0
9915,9913,development,1
9916,9914,development,3
9917,9915,development,2
9918,5163,development,1
9919,9917,development,3
9920,9918,development,1
9921,9919,holdout,0
9922,9920,holdout,0
9923,452,development,3
9924,9922,development,3
9925,2157,holdout,0
9926,9924,development,2
9927,9925,development,2
9928,9926,holdout,0
9929,9927,development,1
9930,9928,development,3
9931,9929,development,2
9932,9930,development,1
9933,9931,development,3
9934,9932,holdout,0
9935,452,development,3
9936,9934,development,1
9937,798,development,2
9938,9936,development,3
9939,9937,development,1
9940,9938,holdout,0
9941,611,development,3
9942,9940,development,2
9943,9941,development,2
9944,284,development,3
9945,9943,development,3
9946,9944,development,2
9947,9945,development,1
9948,9946,holdout,0
9949,9947,development,3
9950,9948,development,1
9951,271,development,1
9952,2344,development,1
9953,9951,development,3
9954,9952,holdout,0
9955,770,development,2
9956,9954,development,2
9957,9955,development,1
9958,9956,development,2
9959,240,development,1
9960,9958,development,2
9961,9959,development,3
9962,9960,holdout,0
9963,9961,development,3
9964,9962,development,1
9965,9963,development,2
9966,9964,development,1
9967,9965,development,1
9968,9966,development,2
9969,9967,development,3
9970,675,development,1
9971,3185,holdout,0
9972,9970,holdout,0
9973,9971,development,3
9974,9972,development,3
9975,9973,development,1
9976,9974,development,2
9977,9975,development,2
9978,9976,holdout,0
9979,9977,development,1
9980,9978,development,3
9981,9979,development,1
9982,1212,development,3
9983,9981,holdout,0
9984,9982,development,2
9985,9983,development,3
9986,613,holdout,0
9987,9985,development,1
9988,9986,development,2
9989,9987,holdout,0
9990,9988,development,3
9991,9989,development,3
9992,9990,development,1
9993,9991,development,2
9994,9992,holdout,0
9995,9993,development,2
9996,1458,development,1
9997,9995,development,1
9998,9996,development,1
9999,9997,holdout,0
10000,9998,development,2
10001,9999,development,1
10002,7,development,3
10003,3458,development,2
10004,10002,development,2
10005,2957,development,3
10006,10004,development,1
10007,10005,development,3
10008,10006,holdout,0
10009,6965,development,1
10010,10008,development,2
10011,10009,development,1
10012,10010,development,2
10013,10011,holdout,0
10014,10012,development,2
10015,10013,holdout,0
10016,10014,development,1
10017,10015,development,3
10018,10016,development,1
10019,1378,development,3
10020,10018,holdout,0
10021,10019,development,2
10022,10020,development,3
10023,10021,development,2
10024,10022,development,1
10025,10023,development,3
10026,10024,holdout,0
10027,10025,development,1
10028,10026,development,2
10029,10027,development,3
10030,10028,development,1
10031,10029,development,2
10032,10030,holdout,0
10033,10031,development,3
10034,10032,development,1
10035,10033,development,2
10036,271,development,1
10037,10035,development,3
10038,10036,development,1
10039,10037,holdout,0
10040,10038,development,2
10041,10039,development,3
10042,3779,development,2
10043,10041,holdout,0
10044,421,holdout,0
10045,10043,development,2
10046,10044,development,1
10047,10045,development,2
10048,10046,holdout,0
10049,10047,development,3
10050,10048,development,1
10051,10049,development,2
10052,10050,development,3
10053,10051,development,1
10054,715,holdout,0
10055,10053,development,3
10056,10054,holdout,0
10057,10055,development,3
10058,10056,development,2
10059,1385,development,2
10060,10058,development,1
10061,10059,holdout,0
10062,10060,development,2
10063,4744,development,3
10064,271,development,1
10065,4009,development,1
10066,10064,development,3
10067,10065,development,1
10068,10066,development,2
10069,10067,holdout,0
10070,8259,development,2
10071,10069,development,2
10072,7,development,3
10073,10071,development,3
10074,10072,development,1
10075,10073,development,2
10076,5169,development,2
10077,10075,development,1
10078,10076,holdout,0
10079,10077,development,2
10080,1611,holdout,0
10081,10079,development,3
10082,10080,development,3
10083,10081,development,3
10084,10082,holdout,0
10085,10083,development,1
10086,10084,development,2
10087,10085,development,1
10088,10086,development,2
10089,1331,development,3
10090,10088,holdout,0
10091,24,development,3
10092,10090,development,1
10093,10091,development,3
10094,240,development,1
10095,10093,development,2
10096,271,development,1
10097,10095,holdout,0
10098,10096,development,1
10099,274,development,3
10100,10098,development,2
10101,10099,development,3
10102,715,holdout,0
10103,729,development,1
10104,10102,development,1
10105,10103,development,1
10106,10104,development,3
10107,10105,development,1
10108,24,development,3
10109,10107,holdout,0
10110,10108,development,2
10111,10109,development,3
10112,10110,development,2
10113,10111,development,1
10114,10112,development,3
10115,10113,development,1
10116,3226,holdout,0
10117,319,development,2
10118,10116,development,3
10119,10117,holdout,0
10120,10118,development,2
10121,10119,development,3
10122,10120,development,2
10123,10121,development,1
10124,426,development,1
10125,10123,development,3
10126,10124,holdout,0
10127,3746,holdout,0
10128,295,development,1
10129,10127,development,1
10130,3908,development,3
10131,10129,development,2
10132,10130,development,3
10133,2793,development,1
10134,770,development,2
10135,10133,holdout,0
10136,10134,development,1
10137,10135,development,3
10138,10136,development,2
10139,10137,development,1
10140,10138,development,1
10141,10139,development,2
10142,7,development,3
10143,10141,development,1
10144,10142,development,3
10145,10143,development,1
10146,10144,holdout,0
10147,612,development,1
10148,9399,development,1
10149,10147,development,3
10150,10148,development,2
10151,10149,development,1
10152,10150,development,2
10153,10151,development,2
10154,10152,holdout,0
10155,10153,development,3
10156,10154,development,3
10157,406,development,2
10158,10156,development,1
10159,10157,development,1
10160,8389,development,2
10161,10159,holdout,0
10162,10160,development,1
10163,10161,development,2
10164,10162,development,3
10165,10163,holdout,0
10166,10164,development,3
10167,10165,development,2
10168,10166,holdout,0
10169,10167,development,2
10170,10168,development,1
10171,10169,development,3
10172,612,development,1
10173,611,development,3
10174,10172,development,1
10175,10173,development,2
10176,6340,holdout,0
10177,812,development,2
10178,274,development,3
10179,784,development,1
10180,10178,development,3
10181,10179,development,1
10182,10180,development,2
10183,10181,holdout,0
10184,10182,development,3
10185,10183,holdout,0
10186,10184,development,1
10187,10185,development,3
10188,271,development,1
10189,10187,development,2
10190,10188,holdout,0
10191,10189,development,2
10192,10190,development,1
10193,10191,holdout,0
10194,10192,development,3
10195,10193,development,3
10196,271,development,1
10197,10195,development,1
10198,10196,development,3
10199,10197,development,2
10200,10198,development,1
10201,10199,development,2
10202,10200,holdout,0
10203,10201,development,3
10204,10202,development,1
10205,10203,development,2
10206,10204,development,3
10207,10205,holdout,0
10208,3035,development,2
10209,194,development,1
10210,10208,development,1
10211,10209,development,2
10212,10210,development,3
10213,10211,development,1
10214,7,development,3
10215,10213,development,2
10216,10214,holdout,0
10217,10215,development,3
10218,10216,development,1
10219,10217,development,2
10220,10218,development,3
10221,8391,development,1
10222,16,development,1
10223,10221,holdout,0
10224,10222,development,2
10225,10223,holdout,0
10226,819,development,2
10227,10225,development,1
10228,421,holdout,0
10229,10227,development,3
10230,10228,development,1
10231,10229,development,2
10232,211,holdout,0
10233,10231,development,3
10234,36,development,2
10235,10233,holdout,0
10236,10234,development,3
10237,5746,development,1
10238,252,development,1
10239,10237,development,1
10240,10238,development,3
10241,10239,development,2
10242,10240,holdout,0
10243,737,development,3
10244,7,development,3
10245,10243,development,1
10246,36,development,2
10247,10245,development,3
10248,10246,development,2
10249,10247,holdout,0
10250,10248,development,1
10251,10249,development,2
10252,2504,development,1
10253,1249,development,2
10254,271,development,1
10255,10253,development,3
10256,10254,development,1
10257,10255,development,2
10258,10256,holdout,0
10259,10257,development,3
10260,4716,development,3
10261,24,development,3
10262,10260,development,2
10263,5833,holdout,0
10264,10262,development,1
10265,271,development,1
10266,10264,holdout,0
10267,10265,development,1
10268,1540,development,1
10269,10267,development,3
10270,10268,development,2
10271,10269,development,3
10272,10270,holdout,0
10273,10271,development,3
10274,10272,development,1
10275,10273,development,2
10276,1850,development,3
10277,10275,holdout,0
10278,457,development,1
10279,178,development,2
10280,10278,development,1
10281,116,development,1
10282,1577,development,1
10283,3973,development,1
10284,10282,development,2
10285,10283,development,3
10286,10284,development,1
10287,10285,development,3
10288,10286,holdout,0
10289,10287,holdout,0
10290,10288,development,2
10291,10289,development,1
10292,10290,development,2
10293,10291,holdout,0
10294,10292,development,3
10295,10293,development,2
10296,4581,development,2
10297,10295,development,1
10298,10296,development,3
10299,10297,development,1
10300,10298,holdout,0
10301,10299,development,2
10302,10300,development,3
10303,10301,development,1
10304,10302,development,3
10305,36,development,2
10306,715,holdout,0
10307,10305,holdout,0
10308,10306,development,2
10309,3425,development,1
10310,9666,development,2
10311,10309,development,3
10312,10310,development,1
10313,10311,development,3
10314,10312,development,2
10315,10313,development,2
10316,10314,holdout,0
10317,3908,development,3
10318,10316,development,1
10319,10317,development,1
10320,1416,development,3
10321,10319,development,1
10322,10320,development,3
10323,10321,holdout,0
10324,10322,development,2
10325,10323,development,1
10326,10324,development,2
10327,10325,development,3
10328,10326,holdout,0
10329,10327,development,2
10330,10328,development,1
10331,10329,development,3
10332,10330,holdout,0
10333,10331,development,1
10334,452,development,3
10335,10333,development,2
10336,10334,development,3
10337,10335,development,3
10338,10336,development,3
10339,10337,development,1
10340,10338,holdout,0
10341,10339,development,1
10342,10340,development,2
10343,10341,holdout,0
10344,10342,development,2
10345,10343,development,3
10346,10344,development,2
10347,10345,development,1
10348,10346,holdout,0
10349,24,development,3
10350,10348,development,3
10351,10349,development,1
10352,10350,development,2
10353,10351,development,3
10354,10352,development,2
10355,3256,development,2
10356,10354,holdout,0
10357,10355,development,3
10358,879,holdout,0
10359,10357,development,1
10360,10358,holdout,0
10361,10359,development,1
10362,10360,development,2
10363,10361,development,3
10364,10362,development,1
10365,6879,development,3
10366,10364,development,2
10367,10365,development,3
10368,10366,holdout,0
10369,10367,development,3
10370,10368,development,1
10371,10369,development,2
10372,10370,development,1
10373,3260,development,1
10374,10372,holdout,0
10375,10373,development,3
10376,10374,development,2
10377,10375,development,1
10378,10376,holdout,0
10379,5813,development,3
10380,3584,development,1
10381,10379,holdout,0
10382,10380,development,3
10383,10381,development,2
10384,107,development,1
10385,10383,development,1
10386,10384,development,3
10387,10385,development,1
10388,10386,holdout,0
10389,9981,holdout,0
10390,10388,development,2
10391,10389,holdout,0
10392,10390,development,2
10393,10391,development,3
10394,10392,development,1
10395,10393,development,3
10396,10394,development,3
10397,10395,development,1
10398,10396,development,2
10399,10397,development,1
10400,10393,development,3
10401,1212,development,3
10402,10400,development,2
10403,10401,development,2
10404,10402,holdout,0
10405,7052,development,3
10406,10404,development,3
10407,10405,development,1
10408,10406,holdout,0
10409,10407,development,3
10410,10408,development,1
10411,504,development,2
10412,2344,development,1
10413,1790,development,3
10414,10412,development,3
10415,10413,development,2
10416,10414,development,1
10417,10415,development,2
10418,10416,development,3
10419,7068,development,2
10420,3643,development,2
10421,10419,holdout,0
10422,10420,development,2
10423,10421,development,1
10424,10422,development,3
10425,10423,development,3
10426,16,development,1
10427,10425,holdout,0
10428,10426,development,1
10429,10427,development,2
10430,19,holdout,0
10431,10429,holdout,0
10432,10430,development,1
10433,10431,development,2
10434,10432,development,3
10435,5866,development,2
10436,1385,development,2
10437,10435,development,1
10438,10436,development,2
10439,10437,holdout,0
10440,10438,development,2
10441,107,development,1
10442,10440,development,1
10443,8396,development,1
10444,10442,development,3
10445,10443,development,2
10446,166,development,2
10447,3440,holdout,0
10448,10446,holdout,0
10449,1249,development,2
10450,10448,development,1
10451,10449,development,3
10452,10450,development,2
10453,36,development,2
10454,10452,holdout,0
10455,10453,development,3
10456,10454,development,1
10457,10455,development,3
10458,10456,development,1
10459,10457,holdout,0
10460,10458,development,2
10461,10459,development,3
10462,10460,development,1
10463,10461,development,2
10464,10462,development,3
10465,10463,development,1
10466,10464,holdout,0
10467,10465,development,2
10468,10466,development,3
10469,10467,development,1
10470,10468,holdout,0
10471,10469,development,3
10472,10470,development,2
10473,10471,development,1
10474,581,development,3
10475,36,development,2
10476,10474,development,3
10477,10475,development,1
10478,10476,development,2
10479,10477,development,1
10480,10478,holdout,0
10481,10479,development,2
10482,10480,holdout,0
10483,10481,development,1
10484,8922,holdout,0
10485,10483,development,2
10486,3202,development,1
10487,10485,development,2
10488,10486,development,1
10489,10487,development,2
10490,271,development,1
10491,10489,holdout,0
10492,10490,development,1
10493,271,development,1
10494,1212,development,3
10495,10493,development,3
10496,10494,development,1
10497,10495,development,2
10498,10496,holdout,0
10499,10497,development,2
10500,10498,development,3
10501,7,development,3
10502,10500,holdout,0
10503,10501,development,1
10504,10502,development,2
10505,10503,development,3
10506,10504,development,1
10507,10505,development,2
10508,10506,development,2
10509,10507,holdout,0
10510,10508,development,3
10511,10509,development,3
10512,10510,development,3
10513,10511,development,1
10514,5440,development,2
10515,6530,development,3
10516,10514,development,1
10517,10515,holdout,0
10518,10516,development,3
10519,0,development,3
10520,10518,development,2
10521,10519,development,2
10522,10520,development,1
10523,10521,development,3
10524,10522,holdout,0
10525,10523,development,1
10526,10524,development,2
10527,10525,holdout,0
10528,10526,development,3
10529,99,development,2
10530,319,development,2
10531,10529,development,2
10532,10530,development,1
10533,10531,development,2
10534,10532,development,3
10535,10533,development,1
10536,10534,holdout,0
10537,1085,development,1
10538,10536,development,2
10539,10537,development,3
10540,10538,holdout,0
10541,7,development,3
10542,10540,development,3
10543,10541,development,1
10544,10542,development,2
10545,10543,development,2
10546,1749,development,2
10547,10545,development,3
10548,10546,development,1
10549,10547,holdout,0
10550,10548,development,2
10551,349,development,1
10552,10550,development,2
10553,10551,development,1
10554,10552,development,3
10555,10553,holdout,0
10556,10554,development,1
10557,10555,development,2
10558,4491,development,2
10559,504,development,2
10560,10558,holdout,0
10561,10559,development,1
10562,10560,development,3
10563,1145,development,2
10564,10562,development,3
10565,10563,development,2
10566,10564,development,2
10567,10565,development,1
10568,10566,development,1
10569,421,holdout,0
10570,10568,holdout,0
10571,10569,development,3
10572,10570,development,2
10573,10571,development,3
10574,10572,development,3
10575,10573,holdout,0
10576,10574,development,1
10577,10575,development,2
10578,10576,development,1
10579,10577,development,2
10580,10578,development,3
10581,10579,development,1
10582,0,development,3
10583,1597,development,1
10584,10582,development,2
10585,10583,development,3
10586,10584,holdout,0
10587,19,holdout,0
10588,737,development,3
10589,10587,holdout,0
10590,10588,development,1
10591,10589,holdout,0
10592,10590,development,2
10593,10591,development,3
10594,10592,development,1
10595,10593,development,2
10596,10594,development,3
10597,10595,holdout,0
10598,3,development,3
10599,10597,development,1
10600,10598,development,3
10601,10599,development,2
10602,10600,development,1
10603,10601,development,2
10604,10602,development,3
10605,10603,development,1
10606,0,development,3
10607,10605,holdout,0
10608,10606,development,1
10609,10607,development,2
10610,10608,holdout,0
10611,10609,development,3
10612,10610,development,3
10613,10611,development,1
10614,10612,development,2
10615,10613,holdout,0
10616,10614,development,2
10617,10615,development,1
10618,10616,development,3
10619,178,development,2
10620,10618,development,1
10621,10619,development,2
10622,10620,holdout,0
10623,2810,development,2
10624,10622,development,3
10625,10623,development,2
10626,10624,development,1
10627,10625,development,3
10628,10626,development,3
10629,10627,development,1
10630,10628,development,2
10631,10629,holdout,0
10632,10630,development,1
10633,9884,development,3
10634,10632,development,2
10635,10633,development,3
10636,1604,holdout,0
10637,10635,development,2
10638,10636,development,1
10639,10637,development,3
10640,10638,holdout,0
10641,10639,development,1
10642,10640,development,2
10643,4009,development,1
10644,7,development,3
10645,10643,development,3
10646,10644,holdout,0
10647,10645,development,1
10648,10646,development,2
10649,10647,development,3
10650,10648,development,1
10651,10649,development,2
10652,989,development,1
10653,10651,development,3
10654,10652,development,1
10655,10653,holdout,0
10656,10654,development,2
10657,10655,development,3
10658,10656,development,3
10659,10657,holdout,0
10660,36,development,2
10661,10659,development,2
10662,421,holdout,0
10663,4176,development,2
10664,713,development,2
10665,10663,development,1
10666,1551,holdout,0
10667,10665,holdout,0
10668,10666,development,3
10669,10667,development,2
10670,10668,development,2
10671,10669,development,3
10672,10670,development,1
10673,10671,development,3
10674,10672,holdout,0
10675,10673,development,1
10676,10674,development,2
10677,10675,development,2
10678,10676,development,3
10679,1783,development,3
10680,10678,development,2
10681,7,development,3
10682,10680,development,1
10683,36,development,2
10684,10682,development,1
10685,10683,development,3
10686,2269,development,2
10687,10685,development,2
10688,10686,development,1
10689,6418,development,3
10690,10688,development,3
10691,10689,development,2
10692,10690,development,3
10693,10691,development,1
10694,10692,development,1
10695,349,development,1
10696,745,development,1
10697,5141,development,2
10698,8975,development,2
10699,10697,development,2
10700,10698,development,3
10701,10699,development,1
10702,2741,development,3
10703,10701,development,2
10704,5163,development,1
10705,10703,development,3
10706,10704,development,1
10707,10705,holdout,0
10708,10706,holdout,0
10709,10707,development,2
10710,4721,holdout,0
10711,10709,development,3
10712,10710,development,1
10713,10711,development,2
10714,177,development,1
10715,10713,development,3
10716,10714,development,2
10717,10715,development,1
10718,10716,development,3
10719,6433,development,3
10720,166,development,2
10721,116,development,1
10722,10720,development,2
10723,10721,development,3
10724,10722,development,1
10725,10723,holdout,0
10726,10724,development,1
10727,10725,development,2
10728,10726,development,3
10729,36,development,2
10730,10728,development,2
10731,271,development,1
10732,798,development,2
10733,36,development,2
10734,16,development,1
10735,10733,development,1
10736,10734,development,3
10737,10735,development,1
10738,10736,development,2
10739,10278,development,1
10740,10738,development,3
10741,10739,development,2
10742,10740,holdout,0
10743,10741,development,1
10744,168,holdout,0
10745,0,development,3
10746,421,holdout,0
10747,38,holdout,0
10748,10746,development,3
10749,10747,development,2
10750,10748,development,1
10751,10749,development,3
10752,10750,development,1
10753,10751,development,2
10754,10752,holdout,0
10755,10753,development,3
10756,10754,development,1
10757,10755,development,2
10758,504,development,2
10759,10757,development,3
10760,10758,development,1
10761,10759,development,2
10762,5568,development,2
10763,10761,holdout,0
10764,10762,development,3
10765,10763,development,3
10766,10764,development,1
10767,271,development,1
10768,10766,holdout,0
10769,10767,development,2
10770,1790,development,3
10771,10769,development,2
10772,10770,development,1
10773,10771,development,3
10774,19,holdout,0
10775,10773,development,1
10776,10774,holdout,0
10777,168,holdout,0
10778,10776,development,3
10779,10777,development,2
10780,10778,development,2
10781,10779,development,2
10782,10780,development,1
10783,271,development,1
10784,10782,holdout,0
10785,713,development,2
10786,10784,development,3
10787,10785,development,1
10788,10786,development,3
10789,10787,holdout,0
10790,10788,development,1
10791,10789,development,3
10792,10790,development,2
10793,10791,development,1
10794,1755,development,1
10795,10793,holdout,0
10796,2089,holdout,0
10797,10795,development,2
10798,10796,development,1
10799,10797,development,3
10800,10798,development,2
10801,4245,development,2
10802,10800,holdout,0
10803,10801,development,1
10804,10802,development,3
10805,10803,development,1
10806,10804,development,2
10807,10805,development,3
10808,10806,holdout,0
10809,10807,development,2
10810,10808,development,1
10811,10809,development,3
10812,10810,development,1
10813,38,holdout,0
10814,10812,development,2
10815,10813,development,3
10816,581,development,3
10817,10815,development,2
10818,10816,holdout,0
10819,633,holdout,0
10820,10818,development,3
10821,6474,holdout,0
10822,33,development,3
10823,10821,holdout,0
10824,10822,development,1
10825,10823,development,1
10826,10824,development,2
10827,10825,development,3
10828,10826,development,1
10829,10827,holdout,0
10830,10828,development,2
10831,10829,development,3
10832,10830,development,1
10833,10831,development,2
10834,10832,holdout,0
10835,10833,development,3
10836,10834,development,2
10837,10835,development,1
10838,641,development,3
10839,10837,holdout,0
10840,10838,development,3
10841,1850,development,3
10842,9160,development,1
10843,10841,development,2
10844,10842,development,1
10845,10843,holdout,0
10846,10844,development,1
10847,10845,development,3
10848,10846,development,2
10849,10847,development,2
10850,10848,development,1
10851,10849,holdout,0
10852,10850,development,3
10853,10851,development,1
10854,10852,development,2
10855,2944,development,1
10856,10854,development,2
10857,10855,holdout,0
10858,10856,development,1
10859,10857,development,1
10860,10858,development,3
10861,10859,development,1
10862,10860,holdout,0
10863,10861,development,3
10864,10862,development,1
10865,10863,development,2
10866,10864,development,2
10867,10865,holdout,0
10868,271,development,1
10869,10867,development,3
10870,10868,development,1
10871,10869,development,3
10872,798,development,2
10873,10871,development,2
10874,9806,development,1
10875,10873,development,1
10876,10874,holdout,0
10877,10875,development,2
10878,10876,development,3
10879,16,development,1
10880,10878,development,1
10881,2833,development,2
10882,10880,development,3
10883,10881,development,2
10884,10882,development,2
10885,10883,holdout,0
10886,10884,development,1
10887,10885,holdout,0
10888,10886,development,3
10889,10887,development,1
10890,10888,development,2
10891,6530,development,3
10892,10890,development,3
10893,10891,holdout,0
10894,10892,development,1
10895,10893,development,2
10896,581,development,3
10897,10895,development,2
10898,10896,development,3
10899,10897,holdout,0
10900,6403,development,1
10901,10899,development,1
10902,1596,development,2
10903,10901,development,1
10904,271,development,1
10905,10903,development,2
10906,10904,development,3
10907,10905,development,1
10908,10906,holdout,0
10909,10907,development,1
10910,10908,development,2
10911,10909,development,3
10912,10910,development,1
10913,10911,development,3
10914,10912,holdout,0
10915,10913,development,1
10916,675,development,1
10917,3887,development,1
10918,38,holdout,0
10919,10917,development,2
10920,2751,development,1
10921,10919,development,2
10922,10920,holdout,0
10923,724,development,3
10924,10922,development,2
10925,10923,development,3
10926,10924,development,1
10927,271,development,1
10928,1292,holdout,0
10929,10927,development,2
10930,10928,development,3
10931,10929,holdout,0
10932,7,development,3
10933,10931,development,2
10934,10932,development,1
10935,2900,development,1
10936,10934,holdout,0
10937,10935,development,3
10938,10936,development,1
10939,1152,holdout,0
10940,10938,development,3
10941,10939,development,2
10942,10940,development,1
10943,10941,holdout,0
10944,10942,development,2
10945,10943,development,3
10946,24,development,3
10947,10945,development,1
10948,6800,development,1
10949,16,development,1
10950,10948,development,2
10951,7,development,3
10952,10950,holdout,0
10953,939,development,3
10954,10952,development,3
10955,10953,development,1
10956,10954,development,2
10957,10955,holdout,0
10958,10956,development,3
10959,6915,holdout,0
10960,9463,development,3
10961,10959,development,3
10962,94,development,1
10963,10961,development,2
10964,3258,development,2
10965,194,development,1
10966,3746,holdout,0
10967,1790,development,3
10968,4009,development,1
10969,10967,development,1
10970,10968,holdout,0
10971,10969,development,1
10972,10970,development,2
10973,10971,development,1
10974,10972,holdout,0
10975,10973,development,3
10976,10974,development,3
10977,10975,development,2
10978,10976,holdout,0
10979,10977,development,3
10980,271,development,1
10981,10979,development,1
10982,10980,development,2
10983,10981,development,3
10984,91,development,3
10985,10983,holdout,0
10986,10984,development,1
10987,10985,development,2
10988,10986,development,2
10989,10987,development,1
10990,38,holdout,0
10991,10989,holdout,0
10992,10990,development,3
10993,10991,development,3
10994,10992,development,1
10995,10993,development,2
10996,10994,development,1
10997,10995,holdout,0
10998,10996,development,3
10999,10997,development,2
11000,319,development,2
11001,10999,development,1
11002,11000,holdout,0
11003,11001,development,3
11004,11002,development,2
11005,36,development,2
11006,178,development,2
11007,11005,development,2
11008,11006,development,3
11009,36,development,2
11010,11008,holdout,0
11011,438,development,1
11012,6800,development,1
11013,11011,development,1
11014,11012,development,2
11015,11013,development,3
11016,11014,development,2
11017,11015,development,1
11018,36,development,2
11019,11017,holdout,0
11020,11018,development,3
11021,11019,development,2
11022,11020,development,3
11023,11021,holdout,0
11024,11022,development,3
11025,53,development,3
11026,11024,development,1
11027,11025,development,2
11028,11026,holdout,0
11029,11027,development,1
11030,271,development,1
11031,11029,development,2
11032,11030,development,2
11033,11031,development,3
11034,349,development,1
11035,11033,holdout,0
11036,11034,development,3
11037,11035,development,1
11038,271,development,1
11039,4872,development,1
11040,11038,development,3
11041,7,development,3
11042,11040,development,3
11043,11041,development,1
11044,11042,development,2
11045,211,holdout,0
11046,3076,holdout,0
11047,715,holdout,0
11048,11046,holdout,0
11049,675,development,1
11050,11048,development,1
11051,11049,development,2
11052,11050,development,3
11053,11051,holdout,0
11054,11052,development,1
11055,11053,development,3
11056,11054,development,2
11057,11055,holdout,0
11058,11056,development,2
11059,11057,development,3
11060,11058,development,1
11061,11059,holdout,0
11062,11060,development,1
11063,284,development,3
11064,11062,development,2
11065,11063,development,3
11066,11064,development,1
11067,11065,development,2
11068,11066,holdout,0
11069,11067,development,3
11070,194,development,1
11071,11069,development,1
11072,271,development,1
11073,11071,development,2
11074,11072,holdout,0
11075,11073,development,3
11076,1071,holdout,0
11077,11075,development,3
11078,11076,development,1
11079,11077,development,2
11080,16,development,1
11081,11079,development,1
11082,11080,holdout,0
11083,11081,development,3
11084,11082,development,2
11085,11083,development,1
11086,36,development,2
11087,11085,development,2
11088,11086,development,3
11089,11087,holdout,0
11090,91,development,3
11091,729,development,1
11092,11090,development,1
11093,271,development,1
11094,11092,development,2
11095,11093,development,2
11096,11094,holdout,0
11097,11095,development,1
11098,613,holdout,0
11099,11097,development,3
11100,11098,development,2
11101,11099,development,1
11102,11100,development,3
11103,11101,development,1
11104,11102,holdout,0
11105,11103,development,2
11106,11104,development,3
11107,11105,development,2
11108,11106,development,1
11109,11107,holdout,0
11110,11108,development,3
11111,11109,development,2
11112,11110,development,3
11113,11111,development,1
11114,1725,holdout,0
11115,11113,holdout,0
11116,11114,development,2
11117,11115,development,1
11118,11116,development,2
11119,11117,development,3
11120,11118,development,2
11121,11119,development,1
11122,11120,development,3
11123,11121,development,2
11124,11122,holdout,0
11125,11123,development,3
11126,11124,holdout,0
11127,11125,development,2
11128,11126,development,1
11129,11127,development,1
11130,6733,development,3
11131,11129,development,2
11132,11130,development,3
11133,11131,development,3
11134,36,development,2
11135,11133,holdout,0
11136,11134,development,1
11137,1212,development,3
11138,7393,development,3
11139,11137,development,2
11140,11138,development,2
11141,2811,development,1
11142,11140,holdout,0
11143,11141,development,3
11144,11142,development,1
11145,11143,development,1
11146,11144,development,2
11147,11145,holdout,0
11148,1725,holdout,0
11149,11147,holdout,0
11150,11148,development,1
11151,11149,development,3
11152,11150,development,2
11153,11151,holdout,0
11154,11152,holdout,0
11155,11153,development,3
11156,11154,development,1
11157,11155,development,2
11158,11156,holdout,0
11159,3051,development,2
11160,11158,holdout,0
11161,11159,development,3
11162,11160,development,1
11163,11161,development,3
11164,11162,development,2
11165,11163,development,1
11166,773,development,1
11167,11165,development,2
11168,11166,holdout,0
11169,16,development,1
11170,11168,development,3
11171,11169,development,3
11172,11170,development,1
11173,11171,development,2
11174,11172,development,2
11175,2578,development,3
11176,1755,development,1
11177,107,development,1
11178,11176,holdout,0
11179,11177,development,1
11180,11178,development,1
11181,11179,development,3
11182,11180,development,2
11183,11181,holdout,0
11184,11182,development,1
11185,11183,development,3
11186,11184,development,1
11187,11185,development,3
11188,271,development,1
11189,6306,development,2
11190,11188,holdout,0
11191,11189,development,2
11192,9981,holdout,0
11193,252,development,1
11194,11192,development,1
11195,11193,development,2
11196,11194,development,3
11197,271,development,1
11198,217,development,2
11199,1336,development,3
11200,11198,holdout,0
11201,2594,development,2
11202,11200,development,2
11203,11201,development,2
11204,11202,development,3
11205,11203,development,1
11206,11204,development,1
11207,194,development,1
11208,11206,holdout,0
11209,11207,development,2
11210,11208,development,3
11211,11209,development,1
11212,11210,development,2
11213,9451,development,3
11214,2898,development,3
11215,11213,holdout,0
11216,11214,development,3
11217,11215,development,3
11218,729,development,1
11219,11217,development,1
11220,11218,holdout,0
11221,11219,development,2
11222,11220,development,1
11223,11221,development,3
11224,11222,development,2
11225,11223,development,1
11226,11224,holdout,0
11227,11225,development,3
11228,11226,development,2
11229,11227,development,1
11230,11228,development,3
11231,864,development,2
11232,11123,development,3
11233,11231,development,2
11234,11232,development,1
11235,11233,development,2
11236,11234,holdout,0
11237,11235,development,3
11238,11236,development,3
11239,11237,holdout,0
11240,11238,development,2
11241,11239,development,1
11242,11240,development,1
11243,11241,development,2
11244,11242,development,3
11245,11243,development,3
11246,1327,development,3
11247,11245,holdout,0
11248,11246,development,1
11249,11247,development,2
11250,11248,development,1
11251,11249,holdout,0
11252,11250,development,2
11253,2261,development,3
11254,11252,development,3
11255,11253,development,1
11256,11254,holdout,0
11257,11255,development,3
11258,3260,development,1
11259,11257,development,2
11260,11258,development,1
11261,11259,development,2
11262,11260,development,3
11263,194,development,1
11264,11262,development,3
11265,4491,development,2
11266,11264,development,1
11267,11265,development,2
11268,11266,holdout,0
11269,706,development,1
11270,11268,development,1
11271,633,holdout,0
11272,11270,development,2
11273,11271,holdout,0
11274,11272,development,3
11275,11273,development,3
11276,6425,development,2
11277,3,development,3
11278,11276,holdout,0
11279,11277,development,1
11280,11278,development,2
11281,11279,development,1
11282,11280,development,2
11283,11281,development,3
11284,11282,holdout,0
11285,11283,development,2
11286,11284,development,1
11287,11285,development,3
11288,11286,holdout,0
11289,11287,development,2
11290,11288,development,1
11291,11289,development,2
11292,11290,development,3
11293,11291,development,1
11294,11292,development,3
11295,11293,holdout,0
11296,11294,development,2
11297,271,development,1
11298,16,development,1
11299,2703,holdout,0
11300,11298,development,2
11301,11299,holdout,0
11302,1662,development,2
11303,11301,development,1
11304,11302,development,3
11305,11303,development,3
11306,11304,development,1
11307,11305,holdout,0
11308,11306,development,2
11309,11307,development,1
11310,11308,development,2
11311,11309,development,1
11312,11310,holdout,0
11313,11311,development,2
11314,11312,development,2
11315,7,development,3
11316,11314,development,1
11317,11315,development,1
11318,11316,holdout,0
11319,11317,development,2
11320,11318,development,2
11321,438,development,1
11322,11320,development,1
11323,8023,development,1
11324,2317,development,3
11325,11323,development,1
11326,11324,holdout,0
11327,11325,development,1
11328,11326,development,2
11329,11327,development,2
11330,33,development,3
11331,11329,development,1
11332,11330,development,2
11333,11331,development,2
11334,11332,holdout,0
11335,11333,development,1
11336,16,development,1
11337,11335,development,1
11338,11336,development,3
11339,11337,holdout,0
11340,11338,development,2
11341,3036,holdout,0
11342,11340,development,2
11343,11341,development,3
11344,11342,holdout,0
11345,11343,development,1
11346,11344,development,1
11347,11345,development,2
11348,11346,development,3
11349,11347,development,2
11350,11348,development,1
11351,11349,development,3
11352,11350,holdout,0
11353,11351,holdout,0
11354,11352,development,1
11355,11353,development,3
11356,1213,development,1
11357,11355,development,2
11358,11356,development,2
11359,1385,development,2
11360,11358,development,3
11361,11359,development,1
11362,2606,development,2
11363,11361,development,3
11364,1198,development,2
11365,11363,holdout,0
11366,11364,development,2
11367,11365,development,1
11368,11366,development,3
11369,11367,development,2
11370,11368,development,1
11371,11369,holdout,0
11372,11370,development,3
11373,319,development,2
11374,3202,development,1
11375,819,development,2
11376,11374,development,2
11377,11375,development,3
11378,11376,holdout,0
11379,11377,development,1
11380,11378,development,1
11381,11379,development,2
11382,11380,development,3
11383,11381,development,1
11384,11382,development,2
11385,11383,development,3
11386,11384,development,1
11387,6965,development,1
11388,11386,holdout,0
11389,11387,development,3
11390,91,development,3
11391,11389,development,2
11392,1725,holdout,0
11393,11391,holdout,0
11394,11392,development,2
11395,11393,development,1
11396,11394,development,3
11397,11395,development,1
11398,11396,development,2
11399,11397,holdout,0
11400,11398,development,3
11401,271,development,1
11402,1683,development,2
11403,11401,development,1
11404,11402,development,3
11405,7599,holdout,0
11406,11404,development,2
11407,11405,holdout,0
11408,4716,development,3
11409,11407,development,1
11410,168,holdout,0
11411,11409,development,2
11412,11410,development,3
11413,11411,development,1
11414,11412,holdout,0
11415,11413,development,1
11416,7000,development,2
11417,11415,development,2
11418,11416,development,1
11419,11417,development,3
11420,11418,holdout,0
11421,11419,development,2
11422,11420,development,3
11423,16,development,1
11424,963,development,2
11425,11423,development,1
11426,11424,holdout,0
11427,11425,development,1
11428,7,development,3
11429,11427,development,2
11430,11428,development,3
11431,11429,holdout,0
11432,11430,development,2
11433,11431,holdout,0
11434,11432,development,1
11435,11433,development,2
11436,11434,development,3
11437,5127,development,3
11438,11436,development,3
11439,11437,holdout,0
11440,11438,development,1
11441,11439,development,2
11442,11440,development,3
11443,11441,development,1
11444,11442,development,2
11445,11443,holdout,0
11446,11444,development,3
11447,11445,development,3
11448,11446,development,1
11449,11447,holdout,0
11450,36,development,2
11451,11449,development,2
11452,8023,development,1
11453,11451,development,1
11454,11452,development,2
11455,7,development,3
11456,11454,development,1
11457,11455,development,3
11458,11456,holdout,0
11459,11457,development,2
11460,11458,development,1
11461,11459,development,3
11462,11460,holdout,0
11463,11461,development,2
11464,4095,holdout,0
11465,11463,development,2
11466,11464,development,1
11467,11465,development,3
11468,11466,holdout,0
11469,11467,development,2
11470,11468,development,1
11471,11469,development,3
11472,11470,development,3
11473,6680,holdout,0
11474,11472,holdout,0
11475,11473,development,1
11476,11474,development,2
11477,3654,development,3
11478,16,development,1
11479,11477,development,1
11480,11478,development,3
11481,11479,development,1
11482,19,holdout,0
11483,306,holdout,0
11484,11482,holdout,0
11485,11483,development,2
11486,11484,development,3
11487,9463,development,3
11488,11486,development,1
11489,11487,development,2
11490,11488,development,1
11491,11489,holdout,0
11492,11490,development,3
11493,11491,development,3
11494,1755,development,1
11495,11493,development,2
11496,421,holdout,0
11497,11495,development,2
11498,11496,development,1
11499,11497,holdout,0
11500,11498,development,3
11501,11499,development,1
11502,171,development,2
11503,11501,holdout,0
11504,11502,development,1
11505,11503,holdout,0
11506,11504,development,2
11507,11505,development,2
11508,11506,development,2
11509,11507,development,1
11510,11508,development,1
11511,36,development,2
11512,11510,development,2
11513,11511,development,1
11514,11512,development,2
11515,11513,development,1
11516,1783,development,3
11517,11515,holdout,0
11518,11516,development,1
11519,2730,development,3
11520,11518,development,2
11521,11519,holdout,0
11522,11520,development,1
11523,11521,development,2
11524,11522,development,3
11525,11523,development,2
11526,11524,development,1
11527,11525,development,1
11528,11526,development,3
11529,349,development,1
11530,11528,development,2
11531,2919,development,3
11532,11530,holdout,0
11533,9074,holdout,0
11534,11532,development,2
11535,11533,development,3
11536,11534,development,1
11537,11535,holdout,0
11538,11536,development,2
11539,11537,development,3
11540,11538,development,1
11541,11539,development,2
11542,11540,development,1
11543,11541,holdout,0
11544,11542,development,3
11545,11543,development,2
11546,11544,development,3
11547,11545,development,1
11548,11546,development,1
11549,11547,holdout,0
11550,11548,development,2
11551,11549,development,3
11552,11550,development,1
11553,11551,development,2
11554,3076,holdout,0
11555,11553,development,2
11556,11554,development,3
11557,11555,holdout,0
11558,11556,development,1
11559,11557,development,2
11560,11558,holdout,0
11561,11559,development,1
11562,11560,development,3
11563,11561,development,3
11564,11562,development,2
11565,1198,development,2
11566,11564,development,2
11567,11565,development,1
11568,11566,holdout,0
11569,11567,development,2
11570,11568,development,3
11571,11569,holdout,0
11572,11570,development,1
11573,11571,development,2
11574,11572,development,1
11575,11573,development,3
11576,11574,holdout,0
11577,11575,development,2
11578,91,development,3
11579,11577,development,3
11580,11578,development,1
11581,11579,development,2
11582,11580,development,1
11583,11581,holdout,0
11584,11582,development,3
11585,178,development,2
11586,11584,development,2
11587,36,development,2
11588,1212,development,3
11589,3320,development,3
11590,11588,holdout,0
11591,11589,development,1
11592,11590,development,3
11593,11591,development,1
11594,11592,development,2
11595,11593,development,1
11596,11594,development,3
11597,11595,development,2
11598,11596,development,3
11599,373,development,2
11600,11598,development,3
11601,11599,holdout,0
11602,11600,development,2
11603,11601,development,3
11604,11602,holdout,0
11605,11603,development,1
11606,11604,development,1
11607,11605,development,3
11608,11606,development,2
11609,11607,development,3
11610,11608,development,1
11611,11609,holdout,0
11612,11610,development,3
11613,11611,development,2
11614,36,development,2
11615,11613,development,1
11616,11614,development,2
11617,3973,development,1
11618,2578,development,3
11619,11617,holdout,0
11620,421,holdout,0
11621,11619,development,2
11622,11620,development,3
11623,11621,development,3
11624,11622,development,1
11625,11623,holdout,0
11626,11624,development,2
11627,11625,development,3
11628,11626,development,1
11629,11627,development,1
11630,11628,development,1
11631,11629,development,2
11632,11630,holdout,0
11633,11631,development,3
11634,11632,development,2
11635,11633,development,3
11636,11634,holdout,0
11637,11635,development,2
11638,11636,holdout,0
11639,3887,development,1
11640,7981,development,2
11641,11639,development,1
11642,11640,development,3
11643,11641,development,3
11644,11642,holdout,0
11645,11643,development,1
11646,11644,development,2
11647,11645,development,3
11648,11646,development,2
11649,11647,development,1
11650,11648,holdout,0
11651,11649,development,2
11652,11650,development,3
11653,11651,development,1
11654,11652,development,3
11655,11653,development,2
11656,11654,holdout,0
11657,11655,development,1
11658,11656,development,2
11659,271,development,1
11660,1212,development,3
11661,2157,holdout,0
11662,9463,development,3
11663,11661,development,3
11664,11662,development,1
11665,4510,development,3
11666,11664,holdout,0
11667,1604,holdout,0
11668,1293,development,1
11669,11667,holdout,0
11670,11668,development,2
11671,770,development,2
11672,11670,development,3
11673,11671,development,3
11674,11672,development,1
11675,36,development,2
11676,11674,development,1
11677,2530,development,1
11678,11676,development,2
11679,4445,development,2
11680,11678,holdout,0
11681,5603,holdout,0
11682,11680,development,1
11683,4721,holdout,0
11684,11682,development,2
11685,11683,development,2
11686,11684,holdout,0
11687,211,holdout,0
11688,11686,development,3
11689,11687,development,1
11690,2269,development,2
11691,11689,development,3
11692,11690,development,1
11693,11691,holdout,0
11694,11692,development,2
11695,11693,development,1
11696,11694,development,3
11697,11695,development,2
11698,11696,holdout,0
11699,2095,development,2
11700,11698,development,3
11701,11699,development,1
11702,11700,development,2
11703,194,development,1
11704,11702,development,3
11705,11703,holdout,0
11706,11704,development,1
11707,11705,development,2
11708,33,development,3
11709,11707,development,3
11710,11708,development,1
11711,11709,holdout,0
11712,284,development,3
11713,11711,development,3
11714,11712,development,1
11715,11713,development,3
11716,11714,development,2
11717,11715,development,2
11718,1662,development,2
11719,7,development,3
11720,11718,development,1
11721,11719,holdout,0
11722,36,development,2
11723,11721,development,3
11724,11722,development,1
11725,252,development,1
11726,11724,development,2
11727,1875,development,1
11728,1170,holdout,0
11729,11727,holdout,0
11730,11728,development,2
11731,11729,development,3
11732,11730,development,1
11733,11731,development,2
11734,11732,holdout,0
11735,271,development,1
11736,11734,development,3
11737,11735,development,1
11738,11736,development,1
11739,11737,development,2
11740,11738,development,3
11741,11739,holdout,0
11742,11740,development,1
11743,11741,development,3
11744,4754,development,3
11745,11743,development,1
11746,33,development,3
11747,11745,holdout,0
11748,11746,development,2
11749,11747,development,3
11750,11748,development,1
11751,11749,development,2
11752,11750,development,2
11753,11751,development,3
11754,11752,holdout,0
11755,11753,development,1
11756,11754,development,3
11757,7862,holdout,0
11758,11756,development,2
11759,11757,holdout,0
11760,11758,development,1
11761,11759,development,3
11762,11760,development,2
11763,11761,holdout,0
11764,11762,development,1
11765,11763,development,3
11766,11764,development,1
11767,11765,holdout,0
11768,16,development,1
11769,11767,development,2
11770,11768,development,3
11771,11769,development,2
11772,11770,development,1
11773,11771,holdout,0
11774,11772,development,3
11775,11773,development,1
11776,11774,development,2
11777,11775,development,3
11778,11776,development,1
11779,11777,development,2
11780,11778,development,3
11781,6458,development,1
11782,11780,development,1
11783,11781,holdout,0
11784,11782,development,1
11785,11783,holdout,0
11786,11784,development,2
11787,11785,development,3
11788,7862,holdout,0
11789,11787,development,1
11790,11788,holdout,0
11791,11789,development,2
11792,1385,development,2
11793,2833,development,2
11794,11792,development,3
11795,11793,development,2
11796,11794,development,1
11797,11795,development,3
11798,11796,holdout,0
11799,11797,development,1
11800,11798,development,2
11801,11799,development,3
11802,11800,development,2
11803,11801,holdout,0
11804,11802,development,1
11805,11803,development,3
11806,3051,development,2
11807,1691,holdout,0
11808,11806,development,1
11809,11807,development,2
11810,11808,development,1
11811,11809,holdout,0
11812,5470,development,3
11813,11811,development,3
11814,11812,development,1
11815,11813,development,2
11816,11814,holdout,0
11817,675,development,1
11818,11816,development,3
11819,11817,development,1
11820,11818,development,2
11821,11819,holdout,0
11822,11820,development,2
11823,194,development,1
11824,11822,development,3
11825,11823,development,1
11826,11824,development,3
11827,11825,development,2
11828,11826,development,1
11829,11827,holdout,0
11830,11828,development,3
11831,11829,development,1
11832,11830,development,2
11833,11831,development,3
11834,11832,development,1
11835,11833,holdout,0
11836,1559,holdout,0
11837,11835,development,2
11838,11836,development,3
11839,11837,development,3
11840,11838,development,2
11841,11839,development,1
11842,349,development,1
11843,11841,holdout,0
11844,11842,development,1
11845,11843,development,1
11846,11844,development,2
11847,11845,holdout,0
11848,11846,development,3
11849,11847,development,2
11850,11848,development,3
11851,2536,development,2
11852,11850,development,1
11853,11851,development,2
11854,11852,holdout,0
11855,11853,development,1
11856,724,development,3
11857,11855,development,3
11858,864,development,2
11859,11857,development,3
11860,11858,holdout,0
11861,11859,development,2
11862,9614,development,3
11863,11861,development,1
11864,66,holdout,0
11865,352,development,2
11866,11864,development,2
11867,11865,development,3
11868,11866,development,1
11869,284,development,3
11870,11868,holdout,0
11871,11869,development,2
11872,11870,development,3
11873,11871,development,1
11874,11872,holdout,0
11875,11873,development,2
11876,11874,development,2
11877,8737,development,2
11878,571,holdout,0
11879,1020,development,2
11880,11878,holdout,0
11881,11879,development,3
11882,11880,development,3
11883,683,holdout,0
11884,11882,development,2
11885,11883,development,1
11886,11884,development,1
11887,11885,development,2
11888,11886,development,2
11889,11887,holdout,0
11890,11888,development,1
11891,11889,development,3
11892,11890,development,1
11893,11891,holdout,0
11894,11892,development,2
11895,11893,development,3
11896,11894,holdout,0
11897,11895,development,1
11898,7381,development,2
11899,8817,development,2
11900,11898,development,2
11901,11899,development,3
11902,11900,development,3
11903,11901,development,2
11904,11902,development,1
11905,11903,development,2
11906,11904,holdout,0
11907,11905,holdout,0
11908,11906,development,3
11909,770,development,2
11910,11908,development,1
11911,11909,development,1
11912,11910,development,2
11913,11911,development,3
11914,11912,holdout,0
11915,11913,development,3
11916,1808,development,1
11917,11915,development,1
11918,11916,development,2
11919,211,holdout,0
11920,11918,development,1
11921,11919,development,2
11922,11920,development,3
11923,715,holdout,0
11924,11922,holdout,0
11925,11923,development,1
11926,11924,development,2
11927,11925,holdout,0
11928,11926,development,2
11929,11927,development,3
11930,11928,development,1
11931,11929,development,3
11932,11930,development,2
11933,11931,holdout,0
11934,11932,development,1
11935,11933,development,1
11936,11934,holdout,0
11937,11935,development,2
11938,1336,development,3
11939,11937,development,3
11940,11938,development,2
11941,11939,development,1
11942,11940,holdout,0
11943,11941,development,2
11944,16,development,1
11945,11943,development,3
11946,11944,development,1
11947,11945,development,2
11948,11946,development,3
11949,11947,holdout,0
11950,1024,development,3
11951,36,development,2
11952,11950,development,1
11953,11951,development,2
11954,11952,development,3
11955,11953,holdout,0
11956,5325,development,3
11957,646,development,3
11958,11956,development,1
11959,11957,development,2
11960,3074,development,1
11961,11959,development,3
11962,11960,development,1
11963,11961,holdout,0
11964,11962,development,2
11965,7065,development,2
11966,11964,development,3
11967,11965,development,1
11968,11966,holdout,0
11969,11967,development,2
11970,11968,development,3
11971,11969,development,1
11972,11970,development,3
11973,11971,development,2
11974,11972,development,2
11975,11973,development,3
11976,11974,development,1
11977,11975,development,1
11978,11976,development,2
11979,11977,development,3
11980,11978,development,2
11981,10013,holdout,0
11982,11980,holdout,0
11983,11981,development,1
11984,11982,development,3
11985,1170,holdout,0
11986,2601,development,2
11987,11985,development,1
11988,11986,holdout,0
11989,11987,development,2
11990,11988,development,3
11991,11989,development,1
11992,11990,development,2
11993,11991,holdout,0
11994,11992,development,3
11995,11993,development,1
11996,16,development,1
11997,11995,development,2
11998,11996,development,3
11999,6262,development,3
12000,11998,development,2
12001,11999,holdout,0
12002,12000,holdout,0
12003,12001,development,1
12004,12002,development,3
12005,36,development,2
12006,12004,development,1
12007,12005,holdout,0
12008,12006,development,3
12009,2741,development,3
12010,12008,development,2
12011,12009,development,1
12012,12010,development,2
12013,2830,holdout,0
12014,12012,development,3
12015,12013,holdout,0
12016,3929,development,3
12017,12015,development,1
12018,12016,development,3
12019,12017,development,2
12020,12018,development,2
12021,306,holdout,0
12022,1845,development,1
12023,12021,holdout,0
12024,12022,development,1
12025,9080,development,3
12026,12024,holdout,0
12027,12025,development,3
12028,1458,development,1
12029,715,holdout,0
12030,2863,holdout,0
12031,12029,development,1
12032,12030,development,2
12033,12031,development,3
12034,12032,development,2
12035,12033,development,1
12036,1172,development,2
12037,7065,development,2
12038,12036,holdout,0
12039,1212,development,3
12040,12038,development,3
12041,12039,development,1
12042,12040,development,1
12043,12041,holdout,0
12044,12042,development,3
12045,4244,holdout,0
12046,2833,development,2
12047,7,development,3
12048,438,development,1
12049,12047,development,2
12050,6169,development,3
12051,12049,development,3
12052,12050,development,1
12053,36,development,2
12054,12052,holdout,0
12055,12053,development,1
12056,12054,development,3
12057,12055,development,2
12058,0,development,3
12059,12057,development,3
12060,474,development,3
12061,12059,holdout,0
12062,12060,development,2
12063,91,development,3
12064,12062,development,1
12065,12063,development,3
12066,12064,development,1
12067,12065,holdout,0
12068,12066,development,2
12069,12067,development,3
12070,12068,development,2
12071,12069,development,1
12072,12070,holdout,0
12073,12071,development,3
12074,10911,development,3
12075,12073,development,1
12076,12074,development,2
12077,12075,development,3
12078,12076,holdout,0
12079,12077,development,3
12080,3451,development,1
12081,12079,development,1
12082,12080,development,2
12083,12081,development,3
12084,33,development,3
12085,12083,holdout,0
12086,3467,development,1
12087,12085,development,1
12088,12086,development,2
12089,2507,development,2
12090,12088,development,3
12091,12089,holdout,0
12092,12090,holdout,0
12093,3425,development,1
12094,3035,development,2
12095,12093,development,1
12096,12094,development,2
12097,12095,development,1
12098,12096,development,2
12099,7,development,3
12100,12098,development,3
12101,12099,development,1
12102,12100,development,2
12103,12101,development,3
12104,675,development,1
12105,33,development,3
12106,12104,development,1
12107,6476,development,1
12108,12106,development,2
12109,2100,development,2
12110,12108,holdout,0
12111,12109,development,3
12112,331,development,2
12113,3011,development,1
12114,12112,development,1
12115,12113,holdout,0
12116,12114,development,2
12117,12115,development,3
12118,1902,development,2
12119,1579,development,1
12120,12118,development,1
12121,12119,development,2
12122,12120,holdout,0
12123,12121,development,3
12124,1020,development,2
12125,12123,development,1
12126,12124,development,1
12127,12125,development,2
12128,12126,development,3
12129,10883,holdout,0
12130,12128,development,2
12131,12129,holdout,0
12132,12130,development,3
12133,12131,development,1
12134,12132,holdout,0
12135,12133,development,1
12136,12134,development,2
12137,12135,development,3
12138,12136,development,2
12139,12137,holdout,0
12140,12138,development,3
12141,12139,development,1
12142,12140,development,2
12143,2121,development,1
12144,12142,development,3
12145,2460,development,2
12146,12144,development,3
12147,12145,development,1
12148,12146,holdout,0
12149,12147,development,2
12150,12148,development,3
12151,349,development,1
12152,12150,development,1
12153,12151,holdout,0
12154,12152,development,2
12155,12153,development,2
12156,12154,development,1
12157,12155,development,3
12158,12156,development,1
12159,5323,development,1
12160,12158,development,2
12161,12159,holdout,0
12162,12160,development,3
12163,12161,development,1
12164,12162,development,2
12165,2906,development,2
12166,12164,development,3
12167,12165,holdout,0
12168,12166,development,3
12169,12167,development,1
12170,12168,development,2
12171,12169,holdout,0
12172,12170,development,2
12173,271,development,1
12174,12172,development,1
12175,12173,development,3
12176,1258,development,1
12177,12175,development,1
12178,12176,development,2
12179,12177,holdout,0
12180,12178,development,3
12181,91,development,3
12182,12180,development,3
12183,12181,development,1
12184,12182,holdout,0
12185,12183,development,2
12186,12184,development,2
12187,12185,development,3
12188,12186,development,1
12189,12187,development,1
12190,12188,holdout,0
12191,12189,development,3
12192,1142,development,2
12193,581,development,3
12194,12192,development,1
12195,7,development,3
12196,12194,development,1
12197,12195,development,2
12198,12196,development,3
12199,12197,holdout,0
12200,12198,development,1
12201,1559,holdout,0
12202,12200,development,2
12203,12201,holdout,0
12204,12202,development,3
12205,12203,development,1
12206,12204,development,1
12207,12205,development,2
12208,2765,development,2
12209,12207,holdout,0
12210,12208,development,2
12211,12209,development,3
12212,12210,holdout,0
12213,12211,development,1
12214,12212,development,2
12215,12213,development,3
12216,2753,development,2
12217,12215,development,1
12218,12216,development,2
12219,12217,development,2
12220,12218,holdout,0
12221,12219,development,3
12222,12220,holdout,0
12223,12221,development,3
12224,12222,development,1
12225,12223,development,1
12226,2741,development,3
12227,819,development,2
12228,12226,holdout,0
12229,12227,development,1
12230,36,development,2
12231,12229,development,2
12232,12230,development,3
12233,12231,development,2
12234,12232,development,1
12235,12233,development,3
12236,3746,holdout,0
12237,12235,development,2
12238,12236,holdout,0
12239,7975,development,1
12240,1933,development,2
12241,12239,development,2
12242,12240,development,3
12243,12241,development,1
12244,737,development,3
12245,12243,development,3
12246,12244,holdout,0
12247,12245,development,1
12248,12246,holdout,0
12249,12247,development,2
12250,12248,development,2
12251,12249,holdout,0
12252,12250,development,3
12253,12251,development,1
12254,12252,development,1
12255,6742,development,3
12256,36,development,2
12257,421,holdout,0
12258,12256,holdout,0
12259,12257,development,2
12260,5568,development,2
12261,2495,development,1
12262,12260,development,3
12263,12261,development,3
12264,12262,development,2
12265,12263,holdout,0
12266,12264,development,3
12267,1076,holdout,0
12268,12266,development,1
12269,12267,development,2
12270,12268,development,2
12271,12269,development,1
12272,12270,development,3
12273,12271,development,2
12274,12272,development,1
12275,12273,development,2
12276,12274,development,3
12277,12275,holdout,0
12278,12276,development,3
12279,1132,development,3
12280,12278,development,1
12281,12279,development,1
12282,1239,development,3
12283,16,development,1
12284,12282,development,3
12285,5470,development,3
12286,12284,holdout,0
12287,12285,development,2
12288,12286,development,1
12289,12287,development,2
12290,1212,development,3
12291,12289,holdout,0
12292,12290,development,3
12293,12291,development,1
12294,4491,development,2
12295,4009,development,1
12296,4058,holdout,0
12297,12295,development,2
12298,12296,development,3
12299,12297,holdout,0
12300,12298,development,2
12301,3202,development,1
12302,12300,development,3
12303,12301,development,3
12304,12302,development,1
12305,53,development,3
12306,12304,development,1
12307,12305,holdout,0
12308,12306,development,2
12309,7,development,3
12310,284,development,3
12311,12309,development,2
12312,12310,development,3
12313,12311,development,1
12314,271,development,1
12315,12313,holdout,0
12316,12314,development,2
12317,38,holdout,0
12318,12316,development,2
12319,12317,development,1
12320,12318,development,3
12321,7,development,3
12322,38,holdout,0
12323,12321,holdout,0
12324,12322,development,1
12325,12323,development,2
12326,12324,holdout,0
12327,12325,development,3
12328,613,holdout,0
12329,671,development,1
12330,178,development,2
12331,12329,development,1
12332,12330,development,3
12333,319,development,2
12334,10942,development,2
12335,12333,development,2
12336,12334,development,1
12337,12335,development,2
12338,12336,development,3
12339,12337,holdout,0
12340,12338,development,2
12341,12339,development,1
12342,12340,development,3
12343,12341,development,3
12344,16,development,1
12345,12343,development,1
12346,12344,development,3
12347,12345,holdout,0
12348,12346,development,2
12349,12347,development,1
12350,12348,holdout,0
12351,12349,development,2
12352,12350,development,3
12353,12351,development,2
12354,12352,development,3
12355,12353,development,3
12356,12354,holdout,0
12357,12355,development,1
12358,12356,development,2
12359,12357,development,1
12360,12358,development,3
12361,12359,holdout,0
12362,12360,development,1
12363,12361,development,2
12364,12362,development,3
12365,12363,development,1
12366,12364,development,1
12367,12365,development,2
12368,12366,holdout,0
12369,12367,development,3
12370,12368,development,2
12371,12369,development,3
12372,12370,holdout,0
12373,12371,development,1
12374,12372,development,2
12375,12373,development,3
12376,12374,holdout,0
12377,12375,development,1
12378,257,development,2
12379,12377,development,2
12380,12378,development,2
12381,12379,development,3
12382,9981,holdout,0
12383,12381,holdout,0
12384,12382,development,2
12385,16,development,1
12386,12384,development,1
12387,284,development,3
12388,12386,development,1
12389,10584,holdout,0
12390,12388,development,3
12391,12389,holdout,0
12392,349,development,1
12393,12391,development,3
12394,12392,development,2
12395,12393,development,3
12396,12394,development,3
12397,12395,holdout,0
12398,11170,development,1
12399,12397,development,1
12400,12398,development,2
12401,12399,development,1
12402,12400,development,2
12403,6860,development,1
12404,12402,development,1
12405,12403,development,3
12406,12404,holdout,0
12407,12405,development,2
12408,12406,development,3
12409,12407,holdout,0
12410,12408,development,1
12411,3646,development,2
12412,12410,development,2
12413,284,development,3
12414,12412,development,3
12415,12413,development,3
12416,12414,holdout,0
12417,12415,development,1
12418,4009,development,1
12419,126,development,1
12420,12418,development,2
12421,12419,development,1
12422,12420,development,3
12423,12421,holdout,0
12424,168,holdout,0
12425,107,development,1
12426,12424,development,2
12427,9529,development,1
12428,16,development,1
12429,931,development,2
12430,12428,development,2
12431,12429,development,1
12432,716,development,2
12433,2606,development,2
12434,12432,development,3
12435,12433,development,1
12436,12434,development,2
12437,12435,development,3
12438,3251,holdout,0
12439,12437,holdout,0
12440,12438,development,2
12441,12439,holdout,0
12442,12440,development,1
12443,12441,development,3
12444,12442,development,1
12445,240,development,1
12446,12444,development,2
12447,12445,development,1
12448,12446,development,3
12449,12447,development,3
12450,12448,development,2
12451,12449,holdout,0
12452,12450,development,2
12453,12451,holdout,0
12454,12452,development,1
12455,12453,development,3
12456,12454,development,1
12457,2919,development,3
12458,12456,development,2
12459,3394,development,3
12460,12458,development,3
12461,12459,holdout,0
12462,12460,development,1
12463,7,development,3
12464,271,development,1
12465,12463,development,2
12466,1212,development,3
12467,12465,development,3
12468,12466,holdout,0
12469,12467,development,1
12470,12468,development,3
12471,12469,development,1
12472,12470,development,2
12473,12471,holdout,0
12474,7,development,3
12475,12473,development,2
12476,12474,development,3
12477,12475,development,1
12478,12476,development,3
12479,12477,holdout,0
12480,12478,development,1
12481,12479,development,1
12482,38,holdout,0
12483,12481,development,2
12484,12482,holdout,0
12485,3185,holdout,0
12486,12484,development,3
12487,12485,development,2
12488,12486,development,1
12489,12487,holdout,0
12490,12488,development,2
12491,12489,holdout,0
12492,2765,development,2
12493,12491,development,1
12494,12492,development,1
12495,12493,development,2
12496,504,development,2
12497,12495,development,3
12498,12496,holdout,0
12499,12497,development,1
12500,16,development,1
12501,12499,development,2
12502,16,development,1
12503,12501,development,3
12504,12502,development,2
12505,12503,development,3
12506,784,development,1
12507,117,development,3
12508,12506,holdout,0
12509,12507,development,3
12510,12508,development,2
12511,12509,development,1
12512,9790,development,2
12513,12511,development,1
12514,12512,holdout,0
12515,6423,development,1
12516,12514,development,2
12517,12515,development,3
12518,12516,development,1
12519,12517,development,1
12520,12518,holdout,0
12521,12519,development,2
12522,10144,holdout,0
12523,12521,development,3
12524,12522,development,2
12525,12523,development,3
12526,12524,development,1
12527,12525,holdout,0
12528,12526,development,2
12529,12527,development,1
12530,12528,holdout,0
12531,16,development,1
12532,7,development,3
12533,3251,holdout,0
12534,686,development,3
12535,12533,development,3
12536,12534,development,1
12537,12535,development,3
12538,12536,development,2
12539,12537,holdout,0
12540,36,development,2
12541,12539,development,2
12542,12540,development,1
12543,12541,development,2
12544,12542,development,3
12545,2834,holdout,0
12546,12544,development,2
12547,12545,development,1
12548,12546,development,3
12549,4009,development,1
12550,12548,holdout,0
12551,12549,development,1
12552,12550,holdout,0
12553,12551,development,2
12554,12552,development,3
12555,12553,development,1
12556,12554,holdout,0
12557,12555,development,3
12558,12556,development,2
12559,12557,development,3
12560,12558,holdout,0
12561,12559,development,1
12562,12560,development,2
12563,12561,development,1
12564,12562,development,2
12565,12563,development,3
12566,12564,holdout,0
12567,12565,development,1
12568,12566,development,3
12569,2467,holdout,0
12570,12568,holdout,0
12571,12569,development,2
12572,11925,holdout,0
12573,12571,development,1
12574,12572,development,2
12575,12573,development,3
12576,12574,development,3
12577,12575,holdout,0
12578,12576,development,1
12579,12577,development,2
12580,12578,development,1
12581,12579,holdout,0
12582,12580,development,3
12583,12581,development,2
12584,12582,development,1
12585,12583,development,2
12586,12584,holdout,0
12587,12585,development,3
12588,12586,holdout,0
12589,12587,development,2
12590,12588,development,1
12591,12589,holdout,0
12592,12590,development,3
12593,12591,development,1
12594,12592,development,2
12595,12593,development,3
12596,12594,holdout,0
12597,12595,development,3
12598,1933,development,2
12599,12597,development,1
12600,12598,development,2
12601,12599,development,3
12602,12600,development,1
12603,12601,holdout,0
12604,12602,development,2
12605,12603,development,3
12606,12604,development,2
12607,12605,development,3
12608,12606,development,1
12609,12607,holdout,0
12610,12608,development,2
12611,271,development,1
12612,12610,development,3
12613,12611,development,1
12614,12612,holdout,0
12615,12613,development,1
12616,12614,development,2
12617,683,holdout,0
12618,12616,development,3
12619,12617,development,1
12620,12618,holdout,0
12621,5243,development,3
12622,12620,development,3
12623,12621,development,2
12624,244,holdout,0
12625,12623,development,3
12626,12624,development,2
12627,2520,holdout,0
12628,166,development,2
12629,12627,holdout,0
12630,319,development,2
12631,12629,development,3
12632,12630,development,1
12633,12631,development,1
12634,12632,holdout,0
12635,211,holdout,0
12636,12634,development,2
12637,12635,development,1
12638,12636,development,3
12639,12637,development,2
12640,12638,development,3
12641,12639,holdout,0
12642,12640,development,1
12643,12641,holdout,0
12644,12642,development,3
12645,12643,development,2
12646,12644,development,1
12647,7,development,3
12648,2157,holdout,0
12649,12647,development,2
12650,12648,development,1
12651,12649,holdout,0
12652,12650,development,3
12653,12651,holdout,0
12654,12652,development,2
12655,12653,development,3
12656,12654,development,1
12657,12655,holdout,0
12658,12656,development,3
12659,12657,development,2
12660,12658,development,2
12661,12659,holdout,0
12662,12660,development,3
12663,12661,development,1
12664,12662,development,2
12665,194,development,1
12666,12664,holdout,0
12667,12665,development,1
12668,38,holdout,0
12669,12667,development,3
12670,12668,development,1
12671,1157,development,1
12672,2833,development,2
12673,12671,holdout,0
12674,12672,development,3
12675,12673,development,2
12676,12674,development,1
12677,12675,development,2
12678,12676,holdout,0
12679,12677,development,3
12680,12678,development,1
12681,12679,holdout,0
12682,12680,development,2
12683,675,development,1
12684,12682,development,1
12685,12683,development,3
12686,12684,development,2
12687,12685,development,3
12688,12686,development,2
12689,12687,holdout,0
12690,12688,development,1
12691,12689,holdout,0
12692,211,holdout,0
12693,675,development,1
12694,1239,development,3
12695,12693,development,3
12696,12694,development,1
12697,12695,development,2
12698,12696,holdout,0
12699,12697,development,2
12700,271,development,1
12701,12699,development,3
12702,12700,development,2
12703,12701,development,1
12704,36,development,2
12705,12703,holdout,0
12706,12704,development,3
12707,12705,development,1
12708,12706,development,2
12709,12707,development,3
12710,12708,holdout,0
12711,12709,development,2
12712,12710,development,3
12713,12711,development,1
12714,12712,holdout,0
12715,12713,development,1
12716,12714,development,1
12717,36,development,2
12718,12716,development,2
12719,12717,development,2
12720,12718,holdout,0
12721,349,development,1
12722,12720,development,2
12723,12721,development,3
12724,12722,development,2
12725,12723,development,3
12726,12724,holdout,0
12727,1574,development,1
12728,12726,development,1
12729,24,development,3
12730,12728,development,2
12731,12729,development,3
12732,12730,holdout,0
12733,12731,development,2
12734,4179,development,1
12735,12733,development,1
12736,271,development,1
12737,9839,development,2
12738,12736,holdout,0
12739,12737,development,3
12740,12738,development,1
12741,7,development,3
12742,12740,development,2
12743,12741,development,3
12744,12742,holdout,0
12745,12743,development,3
12746,319,development,2
12747,5925,development,1
12748,12746,development,1
12749,12747,holdout,0
12750,12748,development,2
12751,271,development,1
12752,12750,development,1
12753,12751,development,2
12754,12752,holdout,0
12755,12753,development,3
12756,12754,development,1
12757,12755,development,2
12758,12756,development,3
12759,12757,holdout,0
12760,12758,development,1
12761,36,development,2
12762,12760,development,2
12763,12761,development,3
12764,12762,holdout,0
12765,12763,development,1
12766,271,development,1
12767,36,development,2
12768,12766,development,3
12769,12767,holdout,0
12770,12768,development,2
12771,12769,development,1
12772,12770,development,3
12773,3036,holdout,0
12774,12772,development,2
12775,12773,development,1
12776,6800,development,1
12777,12775,holdout,0
12778,12776,development,2
12779,12777,development,3
12780,10911,development,3
12781,612,development,1
12782,12780,holdout,0
12783,12781,development,1
12784,12782,development,3
12785,12783,development,2
12786,8371,development,2
12787,12785,holdout,0
12788,12786,development,3
12789,675,development,1
12790,12788,development,1
12791,12789,development,1
12792,12790,development,2
12793,24,development,3
12794,12792,development,1
12795,12793,holdout,0
12796,12794,development,2
12797,271,development,1
12798,12796,development,3
12799,12797,development,2
12800,7,development,3
12801,12799,holdout,0
12802,12800,development,1
12803,12801,development,3
12804,12802,development,1
12805,12803,development,1
12806,12804,holdout,0
12807,12805,development,2
12808,12806,development,3
12809,1020,development,2
12810,12808,holdout,0
12811,12809,development,2
12812,3478,development,1
12813,12811,development,3
12814,12812,development,3
12815,12813,development,1
12816,12814,holdout,0
12817,12815,development,2
12818,178,development,2
12819,1609,development,3
12820,257,development,2
12821,12819,development,1
12822,12820,development,2
12823,12821,development,3
12824,12822,holdout,0
12825,12823,development,3
12826,12824,development,1
12827,12825,development,2
12828,12826,development,1
12829,12827,holdout,0
12830,12828,development,2
12831,12829,development,3
12832,5448,holdout,0
12833,12831,holdout,0
12834,12832,development,3
12835,1611,holdout,0
12836,36,development,2
12837,12835,development,1
12838,12836,holdout,0
12839,36,development,2
12840,3478,development,1
12841,1725,holdout,0
12842,12840,development,2
12843,12841,development,1
12844,12842,development,2
12845,12843,development,3
12846,12844,development,2
12847,12845,holdout,0
12848,12846,development,1
12849,36,development,2
12850,12848,development,1
12851,12849,development,3
12852,12850,development,2
12853,12851,development,3
12854,12852,holdout,0
12855,12853,development,1
12856,12854,development,3
12857,12855,development,2
12858,8812,development,2
12859,16,development,1
12860,12858,development,1
12861,12859,development,2
12862,12860,holdout,0
12863,12861,development,3
12864,12862,development,1
12865,12863,holdout,0
12866,12864,development,2
12867,12865,development,3
12868,12866,development,1
12869,12867,development,3
12870,12868,development,2
12871,12869,holdout,0
12872,12870,development,2
12873,12871,development,1
12874,12872,holdout,0
12875,12873,development,1
12876,12874,development,3
12877,12875,development,3
12878,12876,development,2
12879,12877,development,2
12880,12878,development,3
12881,12879,development,1
12882,38,holdout,0
12883,12881,holdout,0
12884,12882,development,1
12885,12883,development,2
12886,12884,development,1
12887,7158,development,1
12888,12886,development,3
12889,12887,holdout,0
12890,6675,development,2
12891,613,holdout,0
12892,2076,holdout,0
12893,12891,development,1
12894,12892,development,3
12895,24,development,3
12896,274,development,3
12897,779,development,1
12898,12896,development,2
12899,12897,holdout,0
12900,12898,development,3
12901,12899,development,1
12902,12900,development,2
12903,12901,development,1
12904,421,holdout,0
12905,12903,development,3
12906,274,development,3
12907,12905,holdout,0
12908,12906,development,2
12909,3035,development,2
12910,36,development,2
12911,12909,development,1
12912,12910,development,2
12913,12911,development,3
12914,4009,development,1
12915,12913,holdout,0
12916,12914,development,1
12917,1848,holdout,0
12918,12916,development,2
12919,6618,development,2
12920,12918,development,1
12921,1099,holdout,0
12922,12920,development,3
12923,12921,development,2
12924,12922,holdout,0
12925,12923,development,3
12926,12924,development,1
12927,12925,development,2
12928,12926,holdout,0
12929,12927,development,3
12930,12928,development,2
12931,244,holdout,0
12932,12930,development,1
12933,12931,holdout,0
12934,12932,development,3
12935,12933,development,2
12936,12934,development,1
12937,12935,development,1
12938,12936,development,2
12939,12937,holdout,0
12940,12938,development,3
12941,12939,development,1
12942,12940,development,3
12943,2810,development,2
12944,12942,development,2
12945,12943,development,2
12946,12944,holdout,0
12947,12945,holdout,0
12948,12946,development,2
12949,12947,development,1
12950,12948,development,3
12951,12949,development,1
12952,12950,development,3
12953,12951,holdout,0
12954,12952,development,2
12955,12953,development,1
12956,12131,development,1
12957,12955,development,2
12958,12956,development,3
12959,12957,development,1
12960,36,development,2
12961,12959,development,2
12962,8259,development,2
12963,12961,development,3
12964,12962,holdout,0
12965,12963,development,1
12966,12964,development,2
12967,12965,development,3
12968,12966,holdout,0
12969,12967,development,1
12970,16,development,1
12971,12969,development,2
12972,5423,development,3
12973,12971,development,3
12974,3425,development,1
12975,12973,development,2
12976,12974,holdout,0
12977,7284,development,3
12978,12976,development,1
12979,12977,development,3
12980,12978,development,2
12981,166,development,2
12982,12980,development,3
12983,12981,development,1
12984,426,development,1
12985,12983,holdout,0
12986,12984,development,2
12987,12985,development,3
12988,12986,development,1
12989,12987,development,2
12990,12988,development,3
12991,12989,holdout,0
12992,12990,development,2
12993,12991,development,3
12994,12992,development,2
12995,12993,development,3
12996,12994,development,2
12997,12995,holdout,0
12998,12996,development,1
12999,6304,development,2
13000,6800,development,1
13001,3635,development,3
13002,13000,development,3
13003,675,development,1
13004,13002,development,2
13005,13003,development,3
13006,13004,holdout,0
13007,13005,development,2
13008,2982,development,3
13009,6127,development,2
13010,13008,development,1
13011,13009,development,3
13012,513,development,2
13013,13011,holdout,0
13014,13012,development,2
13015,13013,development,1
13016,13014,development,3
13017,13015,development,2
13018,13016,development,1
13019,13017,development,3
13020,13018,development,1
13021,13019,holdout,0
13022,13020,development,2
13023,2116,holdout,0
13024,2365,development,3
13025,6038,development,3
13026,13024,development,3
13027,13025,holdout,0
13028,13026,development,1
13029,13027,development,2
13030,13028,development,3
13031,349,development,1
13032,13030,development,2
13033,798,development,2
13034,13032,holdout,0
13035,13033,development,1
13036,7,development,3
13037,293,development,2
13038,13036,development,3
13039,13037,holdout,0
13040,10603,development,1
13041,13039,development,2
13042,13040,development,1
13043,10486,development,1
13044,13042,development,2
13045,13043,development,3
13046,13044,development,1
13047,633,holdout,0
13048,13046,holdout,0
13049,13047,development,2
13050,13048,development,3
13051,13049,holdout,0
13052,5423,development,3
13053,13051,development,3
13054,13052,development,1
13055,13053,development,2
13056,13054,development,2
13057,13055,development,1
13058,13056,holdout,0
13059,13057,development,3
13060,13058,development,1
13061,11595,development,2
13062,13060,holdout,0
13063,13061,development,3
13064,13062,development,2
13065,13063,development,1
13066,13064,development,3
13067,2076,holdout,0
13068,13066,holdout,0
13069,13067,development,1
13070,680,development,1
13071,13069,development,2
13072,13070,development,3
13073,4353,development,3
13074,13072,development,1
13075,7,development,3
13076,53,development,3
13077,1145,development,2
13078,13076,holdout,0
13079,13077,development,2
13080,13078,development,3
13081,13079,development,1
13082,13080,holdout,0
13083,13081,development,2
13084,13082,development,3
13085,1559,holdout,0
13086,13084,development,3
13087,13085,development,1
13088,13086,development,2
13089,13087,development,1
13090,13088,development,3
13091,13089,holdout,0
13092,611,development,3
13093,13091,development,2
13094,13092,development,1
13095,13093,development,3
13096,13094,development,2
13097,13095,development,1
13098,3582,holdout,0
13099,13097,holdout,0
13100,13098,development,2
13101,13099,holdout,0
13102,13100,development,2
13103,1152,holdout,0
13104,13102,development,3
13105,13103,development,1
13106,13104,development,2
13107,13105,development,3
13108,13106,holdout,0
13109,2919,development,3
13110,13108,development,2
13111,13109,development,1
13112,13110,development,3
13113,1145,development,2
13114,1195,holdout,0
13115,13113,development,1
13116,13114,holdout,0
13117,13115,development,2
13118,13116,development,3
13119,13117,development,2
13120,13118,development,2
13121,13119,holdout,0
13122,1292,holdout,0
13123,13121,development,1
13124,13122,development,1
13125,13123,development,3
13126,13124,development,2
13127,13125,holdout,0
13128,13126,development,2
13129,13127,development,3
13130,13128,development,1
13131,13129,development,3
13132,13130,development,1
13133,13131,holdout,0
13134,2833,development,2
13135,13133,development,2
13136,13134,holdout,0
13137,13135,development,3
13138,13136,development,3
13139,13137,development,1
13140,13138,development,2
13141,13139,development,3
13142,13140,development,1
13143,939,development,3
13144,13142,development,2
13145,13143,development,1
13146,13144,development,3
13147,13145,development,2
13148,13146,holdout,0
13149,13147,holdout,0
13150,13148,development,1
13151,13149,development,2
13152,3437,development,3
13153,13151,holdout,0
13154,13152,development,3
13155,13153,development,1
13156,13154,development,2
13157,13155,holdout,0
13158,1755,development,1
13159,13157,development,3
13160,13158,development,2
13161,13159,development,1
13162,13160,holdout,0
13163,36,development,2
13164,13162,development,3
13165,13163,development,1
13166,946,development,1
13167,13165,development,2
13168,126,development,1
13169,9614,development,3
13170,13168,development,3
13171,13169,development,3
13172,13170,development,1
13173,3451,development,1
13174,13172,development,3
13175,7,development,3
13176,13174,holdout,0
13177,13175,development,2
13178,13176,development,1
13179,13177,development,2
13180,13178,holdout,0
13181,13179,development,2
13182,271,development,1
13183,13181,development,3
13184,13182,development,1
13185,6928,development,2
13186,13184,development,1
13187,13185,holdout,0
13188,1902,development,2
13189,13187,development,2
13190,13188,development,3
13191,513,development,2
13192,13190,holdout,0
13193,13191,development,1
13194,13192,development,2
13195,38,holdout,0
13196,13194,development,3
13197,13195,development,1
13198,13196,development,2
13199,13197,holdout,0
13200,13198,development,1
13201,13199,development,3
13202,13200,development,3
13203,13201,development,2
13204,13202,holdout,0
13205,13203,development,2
13206,13204,development,1
13207,13205,development,3
13208,16,development,1
13209,613,holdout,0
13210,13208,development,1
13211,13209,development,2
13212,16,development,1
13213,13211,holdout,0
13214,13212,development,3
13215,13213,development,3
13216,4179,development,1
13217,13215,development,1
13218,13216,development,2
13219,770,development,2
13220,13218,development,1
13221,13219,holdout,0
13222,13220,development,2
13223,13221,development,3
13224,13222,development,1
13225,713,development,2
13226,13224,development,2
13227,13225,holdout,0
13228,13226,development,3
13229,13227,development,1
13230,13228,development,2
13231,13229,holdout,0
13232,13230,development,3
13233,13231,development,1
13234,13232,development,3
13235,13233,development,2
13236,13234,holdout,0
13237,13235,development,1
13238,2591,development,3
13239,16,development,1
13240,2460,development,2
13241,13239,development,3
13242,13240,development,2
13243,13241,holdout,0
13244,13242,development,2
13245,5872,development,1
13246,19,holdout,0
13247,13245,development,1
13248,13246,development,3
13249,13247,development,3
13250,13248,development,1
13251,13249,holdout,0
13252,13250,development,2
13253,9092,development,1
13254,306,holdout,0
13255,13253,development,3
13256,13254,development,1
13257,36,development,2
13258,13256,holdout,0
13259,13257,development,2
13260,13258,development,2
13261,13259,development,1
13262,13260,development,3
13263,4132,development,2
13264,13262,development,1
13265,1145,development,2
13266,13264,development,2
13267,13265,development,3
13268,13266,holdout,0
13269,13267,development,2
13270,13268,development,3
13271,19,holdout,0
13272,5668,development,3
13273,3185,holdout,0
13274,13272,development,2
13275,13273,holdout,0
13276,13274,development,1
13277,13275,development,3
13278,13276,development,2
13279,13277,development,1
13280,13278,development,3
13281,683,holdout,0
13282,727,holdout,0
13283,1212,development,3
13284,13282,holdout,0
13285,13283,development,1
13286,13284,development,1
13287,13285,development,2
13288,13286,holdout,0
13289,13287,development,3
13290,13288,development,3
13291,13289,development,2
13292,13290,development,2
13293,13291,holdout,0
13294,13292,development,3
13295,421,holdout,0
13296,1494,development,2
13297,13295,development,1
13298,13296,development,2
13299,13297,development,3
13300,13298,development,3
13301,13299,development,1
13302,13300,development,1
13303,13301,holdout,0
13304,7073,development,1
13305,13303,development,2
13306,13304,development,1
13307,13305,development,2
13308,13306,holdout,0
13309,6928,development,2
13310,13308,development,3
13311,13309,development,1
13312,13310,development,3
13313,613,holdout,0
13314,13312,development,2
13315,13313,holdout,0
13316,13314,development,1
13317,13315,holdout,0
13318,13316,development,2
13319,13317,development,3
13320,2317,development,3
13321,13319,development,3
13322,13320,holdout,0
13323,13321,development,1
13324,406,development,2
13325,1145,development,2
13326,13324,development,1
13327,13325,development,2
13328,13326,development,2
13329,36,development,2
13330,13328,holdout,0
13331,13329,development,3
13332,13330,development,3
13333,715,holdout,0
13334,13332,development,1
13335,13333,development,3
13336,13334,development,1
13337,13335,holdout,0
13338,13336,development,3
13339,1336,development,3
13340,13338,development,2
13341,13339,development,2
13342,13340,development,1
13343,13341,holdout,0
13344,13342,development,3
13345,13343,development,1
13346,13344,development,2
13347,504,development,2
13348,13346,holdout,0
13349,13347,development,1
13350,13348,development,3
13351,8128,development,3
13352,13350,development,3
13353,13351,development,2
13354,13352,holdout,0
13355,107,development,1
13356,13354,development,1
13357,13355,holdout,0
13358,13356,development,2
13359,13357,development,1
13360,13358,development,3
13361,13359,development,3
13362,4310,development,2
13363,421,holdout,0
13364,13362,holdout,0
13365,675,development,1
13366,1249,development,2
13367,13365,development,2
13368,13366,development,3
13369,3582,holdout,0
13370,13368,development,1
13371,13369,holdout,0
13372,13370,development,2
13373,13371,development,3
13374,4874,holdout,0
13375,13373,development,2
13376,5067,development,2
13377,13375,development,1
13378,1913,development,1
13379,2563,development,2
13380,13378,development,3
13381,13379,development,1
13382,13380,holdout,0
13383,12361,development,2
13384,13382,development,1
13385,13383,development,2
13386,2495,development,1
13387,13385,development,3
13388,13386,holdout,0
13389,13387,development,2
13390,13388,development,3
13391,4103,holdout,0
13392,3779,development,2
13393,13391,development,1
13394,13392,development,2
13395,13393,holdout,0
13396,13394,development,3
13397,9502,development,1
13398,549,holdout,0
13399,942,holdout,0
13400,13398,development,1
13401,6800,development,1
13402,13400,development,3
13403,13401,holdout,0
13404,13402,development,2
13405,13403,development,2
13406,13404,development,1
13407,13405,development,3
13408,13406,development,2
13409,13407,development,1
13410,13408,holdout,0
13411,13409,development,3
13412,13410,development,2
13413,13411,development,1
13414,1597,development,1
13415,13413,development,3
13416,13414,holdout,0
13417,13415,development,3
13418,13416,development,2
13419,13417,development,3
13420,13418,development,1
13421,13419,development,3
13422,13420,holdout,0
13423,13421,development,2
13424,13422,development,1
13425,13423,development,2
13426,13424,holdout,0
13427,13425,development,3
13428,13426,holdout,0
13429,13427,development,2
13430,13428,holdout,0
13431,13429,development,3
13432,13430,development,1
13433,13431,development,1
13434,10144,holdout,0
13435,13433,development,3
13436,13434,development,1
13437,13435,development,2
13438,2917,holdout,0
13439,13437,holdout,0
13440,13438,development,2
13441,13439,development,3
13442,1136,holdout,0
13443,13441,development,2
13444,2601,development,2
13445,13443,development,1
13446,13444,development,1
13447,13445,development,3
13448,13446,holdout,0
13449,9610,development,3
13450,706,development,1
13451,13449,development,1
13452,272,development,2
13453,13451,holdout,0
13454,13452,development,1
13455,13453,development,2
13456,13454,development,3
13457,13455,development,1
13458,13456,holdout,0
13459,13457,development,2
13460,13458,development,3
13461,13459,development,2
13462,13460,development,3
13463,13461,development,1
13464,13462,holdout,0
13465,13463,development,2
13466,16,development,1
13467,13465,development,3
13468,13466,development,2
13469,9981,holdout,0
13470,13468,development,1
13471,13469,development,3
13472,13470,holdout,0
13473,13471,development,1
13474,13472,holdout,0
13475,13473,development,2
13476,13474,development,1
13477,13475,development,3
13478,13476,development,2
13479,13477,development,3
13480,13478,holdout,0
13481,13479,development,1
13482,13480,development,3
13483,13481,development,2
13484,845,holdout,0
13485,2811,development,1
13486,13484,development,1
13487,13485,holdout,0
13488,13486,development,2
13489,13487,development,3
13490,13488,development,2
13491,36,development,2
13492,13490,development,3
13493,13491,holdout,0
13494,2157,holdout,0
13495,3458,development,2
13496,13494,development,1
13497,349,development,1
13498,13496,development,1
13499,13497,development,2
13500,13498,development,1
13501,3076,holdout,0
13502,13500,holdout,0
13503,13501,development,3
13504,13502,development,2
13505,13503,development,3
13506,13504,development,2
13507,13505,development,3
13508,1850,development,3
13509,13507,holdout,0
13510,13508,development,1
13511,713,development,2
13512,13510,holdout,0
13513,13511,development,1
13514,13512,development,1
13515,13513,development,2
13516,13514,development,3
13517,13515,development,1
13518,13516,development,2
13519,13517,holdout,0
13520,13518,development,1
13521,13519,development,3
13522,2753,development,2
13523,13521,holdout,0
13524,1832,development,3
13525,13523,development,2
13526,13524,holdout,0
13527,13525,development,2
13528,13526,development,3
13529,13527,development,1
13530,13528,development,3
13531,13529,development,1
13532,13530,development,2
13533,33,development,3
13534,13532,development,3
13535,7,development,3
13536,24,development,3
13537,1848,holdout,0
13538,13536,development,1
13539,5975,development,2
13540,13538,holdout,0
13541,13539,development,2
13542,452,development,3
13543,182,holdout,0
13544,13542,development,3
13545,13543,development,1
13546,7,development,3
13547,33,development,3
13548,10369,development,2
13549,13547,development,1
13550,13548,development,3
13551,13549,development,2
13552,13550,holdout,0
13553,13551,development,1
13554,13552,development,3
13555,13553,development,2
13556,13554,development,3
13557,13555,holdout,0
13558,7,development,3
13559,13557,development,1
13560,13558,development,2
13561,13559,development,1
13562,13560,development,2
13563,78,holdout,0
13564,13562,holdout,0
13565,6398,development,1
13566,2710,holdout,0
13567,13565,development,3
13568,8334,holdout,0
13569,13567,holdout,0
13570,13568,development,1
13571,13569,development,2
13572,13570,development,2
13573,13571,development,1
13574,4009,development,1
13575,3084,holdout,0
13576,13574,development,3
13577,13575,development,1
13578,13576,holdout,0
13579,13577,development,3
13580,13578,development,2
13581,13579,holdout,0
13582,13580,development,1
13583,13581,development,2
13584,13582,development,3
13585,13583,development,3
13586,3115,development,2
13587,13585,holdout,0
13588,989,development,1
13589,13587,development,1
13590,13588,development,2
13591,13589,development,1
13592,13590,development,2
13593,13591,holdout,0
13594,13592,development,1
13595,16,development,1
13596,107,development,1
13597,13595,development,3
13598,13596,holdout,0
13599,13597,development,2
13600,1494,development,2
13601,13599,development,3
13602,513,development,2
13603,13601,development,2
13604,13602,development,1
13605,1145,development,2
13606,13604,development,3
13607,13605,holdout,0
13608,13606,development,1
13609,5596,development,2
13610,13608,development,2
13611,513,development,2
13612,3562,development,2
13613,13611,development,3
13614,13612,development,1
13615,13613,holdout,0
13616,13614,development,2
13617,13615,development,3
13618,13616,development,1
13619,13617,development,2
13620,13618,development,3
13621,1136,holdout,0
13622,13620,holdout,0
13623,13621,development,1
13624,13622,development,2
13625,13623,development,2
13626,13624,holdout,0
13627,13625,development,3
13628,13626,development,3
13629,13627,development,1
13630,13628,holdout,0
13631,13629,development,1
13632,13630,development,3
13633,9678,development,2
13634,16,development,1
13635,13633,development,2
13636,13634,development,1
13637,1559,holdout,0
13638,13636,development,1
13639,13637,holdout,0
13640,13638,development,3
13641,13639,development,2
13642,13640,development,1
13643,13641,holdout,0
13644,13642,development,3
13645,13643,development,2
13646,13644,development,2
13647,91,development,3
13648,13646,development,3
13649,13647,holdout,0
13650,13648,development,1
13651,271,development,1
13652,13650,development,1
13653,13651,development,1
13654,13652,development,2
13655,4721,holdout,0
13656,8536,holdout,0
13657,13655,development,1
13658,13656,holdout,0
13659,13657,development,2
13660,13658,development,3
13661,13659,development,3
13662,13660,development,2
13663,13661,development,1
13664,13662,holdout,0
13665,13663,holdout,0
13666,13664,development,3
13667,13665,development,1
13668,13666,development,2
13669,13667,holdout,0
13670,13668,development,2
13671,13669,development,3
13672,13670,development,1
13673,13671,development,3
13674,13672,development,1
13675,0,development,3
13676,13674,development,3
13677,13675,development,2
13678,13676,holdout,0
13679,13677,development,1
13680,13678,holdout,0
13681,13679,development,2
13682,271,development,1
13683,13681,development,3
13684,13682,development,1
13685,13683,development,2
13686,2440,holdout,0
13687,13685,development,1
13688,375,development,1
13689,13687,holdout,0
13690,13688,development,3
13691,13689,development,1
13692,13690,development,2
13693,13691,development,3
13694,13692,development,1
13695,13693,holdout,0
13696,13694,development,2
13697,13695,development,3
13698,403,development,3
13699,13697,development,2
13700,13698,holdout,0
13701,13699,development,1
13702,13700,development,3
13703,13701,development,2
13704,13702,development,1
13705,13703,holdout,0
13706,13704,development,3
13707,13705,development,1
13708,13706,development,2
13709,126,development,1
13710,375,development,1
13711,13709,development,3
13712,13710,development,2
13713,1213,development,1
13714,13712,holdout,0
13715,8074,development,1
13716,13714,development,1
13717,13715,development,3
13718,13716,development,2
13719,7,development,3
13720,13718,development,3
13721,13719,development,1
13722,13720,holdout,0
13723,13721,development,1
13724,13722,development,3
13725,13723,development,2
13726,13724,development,1
13727,13725,development,2
13728,13726,holdout,0
13729,13727,development,3
13730,1559,holdout,0
13731,7,development,3
13732,13730,development,1
13733,13731,development,2
13734,13732,development,3
13735,2741,development,3
13736,12724,holdout,0
13737,13735,development,2
13738,13736,development,3
13739,13737,development,1
13740,13738,development,3
13741,13739,holdout,0
13742,13740,development,1
13743,13741,development,2
13744,13742,holdout,0
13745,13743,development,3
13746,13744,development,1
13747,13745,development,2
13748,13746,development,3
13749,13747,holdout,0
13750,13748,development,1
13751,13749,development,3
13752,13750,development,2
13753,16,development,1
13754,13752,development,1
13755,13753,holdout,0
13756,16,development,1
13757,13755,development,2
13758,1458,development,1
13759,13757,development,3
13760,13758,holdout,0
13761,1152,holdout,0
13762,3185,holdout,0
13763,13761,development,1
13764,1102,development,1
13765,13763,development,3
13766,13764,development,2
13767,5627,development,1
13768,13766,development,2
13769,13767,holdout,0
13770,13768,development,1
13771,13769,development,3
13772,3115,development,2
13773,3260,development,1
13774,13772,development,1
13775,13773,development,2
13776,13774,development,3
13777,13775,holdout,0
13778,13776,development,1
13779,13777,development,2
13780,13778,development,3
13781,13779,development,2
13782,13780,holdout,0
13783,16,development,1
13784,13782,development,1
13785,13783,development,2
13786,13784,development,3
13787,13785,development,1
13788,13786,holdout,0
13789,13787,development,3
13790,13788,development,2
13791,13789,development,1
13792,13790,holdout,0
13793,683,holdout,0
13794,2366,development,3
13795,13793,development,3
13796,13794,development,1
13797,13795,development,1
13798,1084,development,3
13799,13797,development,2
13800,13798,holdout,0
13801,13799,development,3
13802,13800,development,3
13803,4631,holdout,0
13804,13802,development,1
13805,13803,holdout,0
13806,13804,development,3
13807,13805,development,2
13808,166,development,2
13809,13807,development,2
13810,91,development,3
13811,13809,development,1
13812,13810,holdout,0
13813,13811,development,2
13814,13812,development,3
13815,587,development,1
13816,13814,development,1
13817,13815,development,2
13818,7,development,3
13819,13817,development,2
13820,13818,holdout,0
13821,13819,development,3
13822,13820,development,1
13823,13821,development,3
13824,13822,holdout,0
13825,13823,development,2
13826,13824,development,2
13827,13825,development,1
13828,13826,development,2
13829,13827,development,2
13830,13828,holdout,0
13831,13829,holdout,0
13832,13830,development,3
13833,504,development,2
13834,13832,holdout,0
13835,13441,development,2
13836,13834,development,1
13837,252,development,1
13838,107,development,1
13839,13837,development,3
13840,13838,holdout,0
13841,16,development,1
13842,3582,holdout,0
13843,13841,development,1
13844,13842,development,2
13845,13843,development,3
13846,13844,development,3
13847,13845,development,1
13848,12728,development,2
13849,1808,development,1
13850,13848,development,3
13851,13849,holdout,0
13852,13850,development,2
13853,13851,holdout,0
13854,16,development,1
13855,13853,development,1
13856,13854,development,2
13857,13855,development,3
13858,13856,development,3
13859,13857,development,3
13860,13858,development,1
13861,13859,holdout,0
13862,2797,development,2
13863,13861,development,2
13864,252,development,1
13865,168,holdout,0
13866,13864,development,1
13867,13865,development,2
13868,13866,development,1
13869,13867,development,1
13870,13868,development,2
13871,13869,holdout,0
13872,13870,development,3
13873,452,development,3
13874,13872,development,2
13875,13873,development,3
13876,13874,holdout,0
13877,13875,development,3
13878,13876,holdout,0
13879,13877,development,2
13880,2863,holdout,0
13881,7,development,3
13882,13880,development,1
13883,13881,development,3
13884,13882,development,1
13885,13883,development,2
13886,13884,development,2
13887,13885,holdout,0
13888,0,development,3
13889,7184,holdout,0
13890,13888,development,3
13891,2455,development,1
13892,13890,development,1
13893,13891,development,2
13894,3251,holdout,0
13895,633,holdout,0
13896,13894,holdout,0
13897,1790,development,3
13898,13896,development,3
13899,13897,development,1
13900,13898,development,2
13901,13899,development,3
13902,13900,holdout,0
13903,13901,development,1
13904,13902,development,2
13905,13903,development,3
13906,13904,development,3
13907,13905,holdout,0
13908,13906,development,1
13909,2730,development,3
13910,13908,development,2
13911,13909,holdout,0
13912,13910,development,1
13913,13911,development,2
13914,13912,development,3
13915,13913,development,2
13916,13914,development,3
13917,13915,development,1
13918,13916,development,2
13919,13917,holdout,0
13920,587,development,1
13921,13919,holdout,0
13922,13920,development,3
13923,13921,development,1
13924,13922,development,1
13925,13923,development,2
13926,1239,development,3
13927,13925,holdout,0
13928,13926,development,3
13929,13927,development,1
13930,13928,development,3
13931,13929,holdout,0
13932,13930,development,3
13933,4009,development,1
13934,13932,development,2
13935,11351,holdout,0
13936,8009,development,2
13937,13935,development,1
13938,13936,development,2
13939,13937,development,2
13940,7,development,3
13941,13939,development,1
13942,13940,holdout,0
13943,13941,development,1
13944,13942,development,3
13945,13943,development,3
13946,13944,development,2
13947,737,development,3
13948,841,development,1
13949,13947,development,1
13950,13948,development,2
13951,13949,holdout,0
13952,13950,development,3
13953,13951,development,1
13954,13952,holdout,0
13955,13953,development,3
13956,13954,development,2
13957,13955,development,1
13958,13956,development,2
13959,13957,development,3
13960,13958,holdout,0
13961,13959,holdout,0
13962,13960,development,1
13963,13961,development,2
13964,13962,holdout,0
13965,13963,development,3
13966,13964,development,2
13967,13965,holdout,0
13968,13966,development,3
13969,2811,development,1
13970,13968,development,1
13971,271,development,1
13972,13970,development,1
13973,13971,development,3
13974,13972,development,2
13975,36,development,2
13976,13974,development,1
13977,13975,development,3
13978,13976,development,1
13979,16,development,1
13980,13978,holdout,0
13981,13979,development,2
13982,8493,development,1
13983,13981,development,2
13984,13982,holdout,0
13985,13983,development,3
13986,13984,development,1
13987,2114,development,3
13988,13986,development,2
13989,13987,development,3
13990,1085,development,1
13991,13989,holdout,0
13992,612,development,1
13993,13991,development,1
13994,13992,development,2
13995,13993,development,3
13996,13994,development,3
13997,13995,holdout,0
13998,13996,development,2
13999,13997,development,1
14000,13998,development,2
14001,13999,development,1
14002,274,development,3
14003,14001,development,3
14004,14002,development,1
14005,7,development,3
14006,14004,holdout,0
14007,14005,development,2
14008,14006,development,3
14009,14007,development,3
14010,14008,development,1
14011,14009,holdout,0
14012,14010,development,2
14013,1755,development,1
14014,1845,development,1
14015,14013,development,1
14016,14014,development,2
14017,14015,development,1
14018,14016,holdout,0
14019,14017,development,2
14020,1195,holdout,0
14021,14019,development,3
14022,14020,development,2
14023,14021,development,1
14024,14022,development,3
14025,14023,development,1
14026,14024,holdout,0
14027,14025,development,3
14028,675,development,1
14029,14027,development,2
14030,14028,development,3
14031,14029,holdout,0
14032,724,development,3
14033,14031,development,1
14034,14032,development,2
14035,14033,holdout,0
14036,14034,development,1
14037,14035,development,3
14038,9981,holdout,0
14039,14037,development,1
14040,14038,development,2
14041,946,development,1
14042,14040,development,2
14043,107,development,1
14044,14042,holdout,0
14045,14043,development,2
14046,14044,holdout,0
14047,14045,development,3
14048,14046,development,3
14049,24,development,3
14050,14048,development,1
14051,14049,development,1
14052,14050,development,2
14053,14051,holdout,0
14054,223,development,1
14055,14053,development,3
14056,14054,development,1
14057,14055,development,3
14058,14056,holdout,0
14059,2834,holdout,0
14060,14058,development,2
14061,14059,development,1
14062,14060,holdout,0
14063,14061,development,3
14064,2742,development,1
14065,4721,holdout,0
14066,14064,development,2
14067,14065,development,2
14068,14066,development,1
14069,107,development,1
14070,14068,development,3
14071,14069,development,1
14072,14070,development,2
14073,14071,holdout,0
14074,14072,development,3
14075,770,development,2
14076,33,development,3
14077,14075,development,1
14078,14076,development,1
14079,319,development,2
14080,14078,development,3
14081,14079,development,2
14082,14080,development,3
14083,14081,development,1
14084,14082,development,2
14085,14083,development,3
14086,14084,holdout,0
14087,715,holdout,0
14088,2076,holdout,0
14089,14087,development,1
14090,14088,development,2
14091,14089,holdout,0
14092,14090,development,3
14093,14091,development,3
14094,14092,development,1
14095,14093,holdout,0
14096,14094,development,1
14097,14095,development,2
14098,14096,development,2
14099,14097,holdout,0
14100,14098,development,3
14101,14099,development,1
14102,14100,development,1
14103,14101,development,2
14104,14102,development,3
14105,14103,holdout,0
14106,14104,development,2
14107,14105,development,3
14108,14106,development,1
14109,14107,development,2
14110,14108,holdout,0
14111,14109,development,3
14112,14110,holdout,0
14113,14111,holdout,0
14114,14112,development,1
14115,14113,development,2
14116,14114,development,3
14117,10996,development,3
14118,14116,development,1
14119,14117,development,2
14120,14118,development,1
14121,14119,development,3
14122,14120,development,3
14123,14121,holdout,0
14124,14122,development,2
14125,14123,development,1
14126,14124,holdout,0
14127,14125,development,2
14128,14126,development,1
14129,14127,development,2
14130,14128,development,3
14131,14129,holdout,0
14132,14130,development,3
14133,14131,development,1
14134,14132,development,2
14135,14133,holdout,0
14136,14134,development,3
14137,14135,holdout,0
14138,14136,development,2
14139,14137,development,1
14140,14138,development,3
14141,14139,development,1
14142,14140,holdout,0
14143,14141,development,2
14144,14142,development,3
14145,14143,development,1
14146,14144,development,2
14147,14145,development,3
14148,14146,development,1
14149,14147,development,2
14150,14148,holdout,0
14151,735,development,1
14152,4754,development,3
14153,14151,development,1
14154,271,development,1
14155,14153,holdout,0
14156,14154,development,3
14157,14155,development,2
14158,14156,development,3
14159,14157,development,1
14160,14158,holdout,0
14161,14159,development,2
14162,14160,development,3
14163,5347,development,3
14164,14162,development,1
14165,14163,development,3
14166,14164,holdout,0
14167,14165,development,2
14168,1848,holdout,0
14169,14167,development,1
14170,14168,development,2
14171,14169,development,3
14172,14170,development,1
14173,14171,holdout,0
14174,4176,development,2
14175,14173,development,2
14176,14174,development,3
14177,2317,development,3
14178,14176,development,1
14179,14177,development,2
14180,3175,development,2
14181,14179,development,3
14182,3869,holdout,0
14183,14181,development,1
14184,14182,holdout,0
14185,7,development,3
14186,14184,development,2
14187,14185,holdout,0
14188,14186,development,3
14189,14187,development,1
14190,166,development,2
14191,14189,development,2
14192,14190,development,2
14193,14191,development,3
14194,14192,development,1
14195,14193,development,3
14196,14194,development,1
14197,14195,holdout,0
14198,14196,development,3
14199,1661,development,1
14200,14198,development,3
14201,14199,holdout,0
14202,14200,development,2
14203,14201,holdout,0
14204,14202,development,1
14205,14203,development,2
14206,14204,development,3
14207,14205,development,1
14208,14206,development,2
14209,14207,holdout,0
14210,14208,development,3
14211,14209,development,2
14212,520,holdout,0
14213,14211,development,1
14214,421,holdout,0
14215,14213,development,3
14216,2269,development,2
14217,14215,development,3
14218,715,holdout,0
14219,14217,development,2
14220,14218,holdout,0
14221,14219,development,2
14222,14220,development,1
14223,14221,holdout,0
14224,1385,development,2
14225,14223,development,3
14226,14224,development,2
14227,14225,development,1
14228,2116,holdout,0
14229,240,development,1
14230,3380,development,1
14231,14229,development,2
14232,14230,holdout,0
14233,14231,development,3
14234,923,development,3
14235,14233,development,1
14236,713,development,2
14237,14235,development,3
14238,14236,development,2
14239,14237,holdout,0
14240,452,development,3
14241,14239,development,1
14242,14240,development,2
14243,14241,development,3
14244,14242,development,3
14245,14243,development,1
14246,14244,development,2
14247,14245,holdout,0
14248,14246,development,1
14249,126,development,1
14250,14248,development,3
14251,14249,development,2
14252,14250,holdout,0
14253,14251,development,2
14254,14252,development,1
14255,14253,development,3
14256,8396,development,1
14257,16,development,1
14258,14256,development,1
14259,1293,development,1
14260,504,development,2
14261,5609,holdout,0
14262,14260,development,2
14263,14261,development,3
14264,14262,holdout,0
14265,14263,development,1
14266,2238,development,1
14267,14265,development,3
14268,14266,development,2
14269,14267,holdout,0
14270,14268,development,1
14271,14269,development,2
14272,14270,development,3
14273,14271,development,2
14274,14272,development,1
14275,14273,development,3
14276,14274,holdout,0
14277,14275,development,2
14278,14276,development,1
14279,14277,development,1
14280,14278,holdout,0
14281,14279,development,3
14282,116,development,1
14283,14281,development,3
14284,14282,development,2
14285,381,development,3
14286,14284,holdout,0
14287,923,development,3
14288,14286,development,1
14289,14287,development,3
14290,3175,development,2
14291,14289,development,2
14292,14290,development,1
14293,14291,development,1
14294,14292,holdout,0
14295,16,development,1
14296,14294,development,2
14297,349,development,1
14298,14296,development,3
14299,14297,development,3
14300,5382,development,3
14301,14299,holdout,0
14302,14300,development,2
14303,14301,development,2
14304,14302,development,1
14305,14303,development,3
14306,14304,development,1
14307,14305,development,3
14308,14306,holdout,0
14309,724,development,3
14310,2095,development,2
14311,2269,development,2
14312,14310,development,2
14313,14311,development,1
14314,14312,development,2
14315,14313,development,3
14316,14314,development,2
14317,14315,development,1
14318,14316,holdout,0
14319,14317,development,3
14320,14318,development,1
14321,14319,development,2
14322,14320,holdout,0
14323,14321,development,3
14324,14322,development,1
14325,1020,development,2
14326,14324,holdout,0
14327,14325,development,3
14328,14326,development,2
14329,14327,development,2
14330,14328,development,1
14331,14329,development,3
14332,14330,development,1
14333,14331,development,2
14334,14332,development,3
14335,14333,holdout,0
14336,14334,development,3
14337,178,development,2
14338,14336,development,1
14339,14337,development,2
14340,14338,development,1
14341,14339,development,2
14342,14340,holdout,0
14343,14341,development,3
14344,14342,development,3
14345,14343,development,1
14346,14344,holdout,0
14347,14345,development,2
14348,14346,development,2
14349,14347,development,1
14350,504,development,2
14351,14349,holdout,0
14352,14350,development,1
14353,14351,development,3
14354,14352,development,2
14355,14353,development,3
14356,14354,development,1
14357,14355,holdout,0
14358,14356,development,2
14359,14357,development,3
14360,14358,development,1
14361,14359,holdout,0
14362,2833,development,2
14363,1559,holdout,0
14364,1611,holdout,0
14365,14363,development,2
14366,14364,development,3
14367,12031,development,3
14368,14366,development,1
14369,14367,development,2
14370,14368,development,3
14371,14369,holdout,0
14372,733,development,3
14373,14371,development,1
14374,101,holdout,0
14375,7,development,3
14376,53,development,3
14377,211,holdout,0
14378,14376,development,2
14379,14377,development,3
14380,14378,holdout,0
14381,14379,development,1
14382,14380,development,2
14383,14381,development,3
14384,14382,development,1
14385,14383,development,3
14386,14384,holdout,0
14387,14385,development,2
14388,14386,development,1
14389,14387,development,3
14390,1560,development,2
14391,14389,holdout,0
14392,14390,holdout,0
14393,2944,development,1
14394,14392,development,1
14395,14393,development,2
14396,14394,development,3
14397,14395,development,2
14398,129,development,1
14399,14397,holdout,0
14400,14398,development,1
14401,14399,development,3
14402,36,development,2
14403,14401,development,3
14404,11283,development,2
14405,14403,holdout,0
14406,14404,development,1
14407,14405,development,2
14408,14406,development,1
14409,14407,development,2
14410,9540,development,2
14411,14409,holdout,0
14412,16,development,1
14413,14411,holdout,0
14414,271,development,1
14415,14413,development,3
14416,14414,development,2
14417,4491,development,2
14418,14416,development,1
14419,14417,development,1
14420,166,development,2
14421,14419,development,3
14422,1071,holdout,0
14423,14421,development,3
14424,14422,development,3
14425,14423,development,1
14426,587,development,1
14427,3582,holdout,0
14428,14426,development,2
14429,6287,development,3
14430,271,development,1
14431,14429,development,2
14432,14430,development,1
14433,14431,holdout,0
14434,16,development,1
14435,14433,development,3
14436,14434,development,2
14437,1401,development,1
14438,14436,holdout,0
14439,14437,holdout,0
14440,14438,development,1
14441,14439,development,3
14442,14440,development,1
14443,14441,development,2
14444,14442,development,2
14445,5396,holdout,0
14446,10369,development,2
14447,14445,development,3
14448,117,development,3
14449,14447,development,1
14450,14448,development,1
14451,10369,development,2
14452,14450,development,3
14453,14451,holdout,0
14454,14452,development,1
14455,14453,development,2
14456,14454,development,3
14457,14455,development,1
14458,14456,development,2
14459,14457,holdout,0
14460,14458,development,1
14461,14459,development,3
14462,14460,development,2
14463,14461,development,3
14464,1661,development,1
14465,14463,holdout,0
14466,1020,development,2
14467,14465,development,2
14468,14466,development,3
14469,14467,development,1
14470,14468,development,1
14471,14469,holdout,0
14472,14470,development,2
14473,1583,development,3
14474,14472,development,1
14475,1020,development,2
14476,14474,development,3
14477,14475,holdout,0
14478,14476,development,2
14479,16,development,1
14480,14478,holdout,0
14481,14479,development,3
14482,14480,development,2
14483,14481,development,1
14484,14482,development,3
14485,14483,development,1
14486,14484,development,2
14487,14485,holdout,0
14488,14486,development,1
14489,14487,development,3
14490,14488,development,2
14491,14489,holdout,0
14492,14490,development,3
14493,14491,development,1
14494,14492,development,2
14495,14493,holdout,0
14496,14494,development,3
14497,14495,development,2
14498,7,development,3
14499,14497,development,1
14500,14498,development,2
14501,715,holdout,0
14502,14500,development,3
14503,14501,holdout,0
14504,14502,development,1
14505,8400,development,2
14506,14504,development,3
14507,14505,development,2
14508,14506,holdout,0
14509,14507,development,1
14510,715,holdout,0
14511,14509,development,2
14512,14510,development,3
14513,1579,development,1
14514,14512,development,2
14515,25,development,1
14516,14514,holdout,0
14517,14515,development,1
14518,14516,development,3
14519,14517,development,1
14520,14518,development,2
14521,14519,development,1
14522,680,development,1
14523,14521,holdout,0
14524,14522,development,3
14525,14523,development,2
14526,14524,development,1
14527,14525,development,3
14528,14526,holdout,0
14529,14527,development,2
14530,14528,development,3
14531,14529,holdout,0
14532,14530,development,3
14533,4648,development,1
14534,14532,development,1
14535,14533,development,2
14536,14534,development,1
14537,2863,holdout,0
14538,14536,development,2
14539,14537,development,3
14540,14538,development,1
14541,14539,holdout,0
14542,4009,development,1
14543,1579,development,1
14544,14542,development,2
14545,14543,development,2
14546,14544,development,3
14547,14545,development,2
14548,14546,development,1
14549,14547,holdout,0
14550,14548,development,3
14551,14549,development,1
14552,14550,holdout,0
14553,14551,development,2
14554,14552,development,3
14555,14553,development,1
14556,14554,holdout,0
14557,14555,development,2
14558,914,development,1
14559,4899,development,1
14560,2100,development,2
14561,14559,development,3
14562,14560,development,1
14563,14561,development,3
14564,271,development,1
14565,16,development,1
14566,14564,development,2
14567,14565,development,1
14568,14566,development,3
14569,14567,holdout,0
14570,14568,development,3
14571,14569,development,3
14572,14570,development,2
14573,5682,development,3
14574,14572,holdout,0
14575,14573,development,1
14576,14574,development,3
14577,14575,holdout,0
14578,1927,holdout,0
14579,1378,development,3
14580,14578,development,2
14581,14579,holdout,0
14582,3478,development,1
14583,14581,development,2
14584,14582,development,1
14585,14583,development,1
14586,14584,development,2
14587,14585,holdout,0
14588,14586,development,3
14589,14587,development,1
14590,14588,development,3
14591,14589,development,2
14592,14590,development,1
14593,14591,holdout,0
14594,14592,development,2
14595,421,holdout,0
14596,1611,holdout,0
14597,14595,development,3
14598,14596,development,2
14599,14597,development,1
14600,14598,holdout,0
14601,14599,development,3
14602,14600,development,1
14603,14601,development,2
14604,14602,development,2
14605,421,holdout,0
14606,14604,development,3
14607,14605,holdout,0
14608,166,development,2
14609,14607,development,1
14610,14608,development,2
14611,14609,development,2
14612,14610,development,3
14613,14611,development,1
14614,14612,holdout,0
14615,633,holdout,0
14616,14614,development,3
14617,14615,development,1
14618,6820,development,1
14619,1438,development,3
14620,14618,development,1
14621,14619,holdout,0
14622,14620,development,2
14623,14621,development,3
14624,14622,development,3
14625,14623,development,2
14626,14624,development,3
14627,14625,development,1
14628,14626,holdout,0
14629,14627,development,2
14630,14628,development,3
14631,737,development,3
14632,14630,development,1
14633,8365,development,3
14634,14632,holdout,0
14635,14633,development,3
14636,14634,development,2
14637,14635,development,3
14638,14636,development,1
14639,14637,development,1
14640,14638,holdout,0
14641,14639,development,1
14642,438,development,1
14643,14641,development,2
14644,14642,development,2
14645,1071,holdout,0
14646,9712,development,3
14647,211,holdout,0
14648,14646,holdout,0
14649,14647,development,3
14650,8187,development,1
14651,14649,development,1
14652,14650,development,2
14653,14651,holdout,0
14654,3582,holdout,0
14655,14653,development,3
14656,14654,development,2
14657,14655,development,1
14658,14656,development,3
14659,1790,development,3
14660,107,development,1
14661,14659,holdout,0
14662,14660,development,1
14663,14661,development,1
14664,14662,development,2
14665,4922,development,3
14666,14664,development,3
14667,14665,holdout,0
14668,14666,development,1
14669,14667,development,2
14670,14668,development,3
14671,14669,development,1
14672,14670,development,2
14673,14671,development,3
14674,14672,development,1
14675,1725,holdout,0
14676,14674,holdout,0
14677,1924,development,3
14678,19,holdout,0
14679,14677,development,2
14680,14678,development,2
14681,14679,holdout,0
14682,14680,development,3
14683,14681,development,1
14684,14682,development,3
14685,14683,development,1
14686,14684,holdout,0
14687,504,development,2
14688,271,development,1
14689,14687,development,2
14690,14688,development,3
14691,14689,development,2
14692,1725,holdout,0
14693,14691,development,1
14694,14692,holdout,0
14695,16,development,1
14696,14694,development,3
14697,14695,development,2
14698,14696,development,1
14699,14697,development,3
14700,14698,development,2
14701,14699,development,3
14702,14700,holdout,0
14703,36,development,2
14704,419,development,2
14705,14703,development,1
14706,14704,development,2
14707,271,development,1
14708,2017,development,2
14709,14707,holdout,0
14710,14708,development,3
14711,211,holdout,0
14712,14710,development,1
14713,14711,development,1
14714,14712,development,2
14715,14713,development,1
14716,14714,holdout,0
14717,14715,development,2
14718,6268,development,2
14719,14717,development,3
14720,14718,development,1
14721,14719,development,2
14722,14720,development,1
14723,14721,development,3
14724,14722,holdout,0
14725,14723,development,2
14726,14724,holdout,0
14727,421,holdout,0
14728,9792,holdout,0
14729,257,development,2
14730,14728,development,1
14731,14729,development,2
14732,14730,development,3
14733,14731,development,3
14734,14732,holdout,0
14735,1552,development,2
14736,14734,development,1
14737,14735,holdout,0
14738,7,development,3
14739,14737,development,2
14740,14738,development,2
14741,14739,development,3
14742,14740,development,1
14743,14741,development,3
14744,14742,development,1
14745,36,development,2
14746,14744,holdout,0
14747,14745,development,2
14748,14746,development,3
14749,14747,development,1
14750,14748,development,2
14751,14749,development,3
14752,14750,development,1
14753,14751,development,3
14754,14752,holdout,0
14755,14753,development,3
14756,36,development,2
14757,14755,development,2
14758,14756,holdout,0
14759,19,holdout,0
14760,14758,development,1
14761,14759,development,2
14762,14760,development,1
14763,14761,development,2
14764,1292,holdout,0
14765,14763,development,3
14766,7,development,3
14767,14765,holdout,0
14768,14766,development,3
14769,91,development,3
14770,14768,development,1
14771,14769,development,2
14772,14770,development,3
14773,14771,holdout,0
14774,6226,holdout,0
14775,14773,development,1
14776,770,development,2
14777,14775,holdout,0
14778,14776,development,2
14779,6800,development,1
14780,1790,development,3
14781,14779,development,3
14782,14780,development,2
14783,14781,development,1
14784,14782,development,3
14785,0,development,3
14786,14784,development,2
14787,178,development,2
14788,16,development,1
14789,271,development,1
14790,14788,development,3
14791,14789,development,3
14792,14790,development,1
14793,14791,development,1
14794,14792,development,2
14795,14793,holdout,0
14796,14794,development,2
14797,14795,development,3
14798,14796,development,1
14799,14797,holdout,0
14800,14798,development,2
14801,14799,development,3
14802,1336,development,3
14803,1033,development,3
14804,14802,development,1
14805,14803,development,2
14806,14804,development,2
14807,14805,holdout,0
14808,14806,development,3
14809,3202,development,1
14810,675,development,1
14811,14809,development,1
14812,14810,holdout,0
14813,36,development,2
14814,14812,development,2
14815,271,development,1
14816,14814,development,3
14817,14815,development,1
14818,13795,development,1
14819,14817,holdout,0
14820,14818,development,2
14821,14819,development,3
14822,14820,development,2
14823,1845,development,1
14824,14822,development,1
14825,30,holdout,0
14826,8675,development,2
14827,12098,development,3
14828,14826,holdout,0
14829,14827,development,3
14830,14828,development,1
14831,14829,holdout,0
14832,14830,development,2
14833,14831,development,3
14834,14832,development,1
14835,14833,development,2
14836,14834,holdout,0
14837,14835,development,3
14838,14836,development,3
14839,166,development,2
14840,14838,development,1
14841,14839,development,2
14842,14840,holdout,0
14843,14841,development,3
14844,14842,development,2
14845,421,holdout,0
14846,3525,development,1
14847,14845,development,1
14848,14846,development,3
14849,14847,development,2
14850,5280,development,1
14851,14849,holdout,0
14852,14850,development,3
14853,14851,development,1
14854,14852,development,1
14855,14853,holdout,0
14856,14854,development,2
14857,14855,development,3
14858,14856,holdout,0
14859,16,development,1
14860,7434,development,3
14861,14859,development,1
14862,14860,development,2
14863,14861,development,3
14864,14862,development,3
14865,14863,development,2
14866,14864,holdout,0
14867,14865,development,1
14868,14866,development,2
14869,14867,development,1
14870,213,development,2
14871,14869,development,2
14872,126,development,1
14873,2587,development,3
14874,14872,development,3
14875,2317,development,3
14876,14874,development,3
14877,1541,development,3
14878,14876,holdout,0
14879,3394,development,3
14880,5603,holdout,0
14881,14879,development,1
14882,14880,development,2
14883,14881,development,1
14884,14882,development,2
14885,14883,holdout,0
14886,14884,development,3
14887,633,holdout,0
14888,36,development,2
14889,14887,development,1
14890,7,development,3
14891,14889,development,2
14892,14890,holdout,0
14893,1212,development,3
14894,14892,development,2
14895,14893,development,3
14896,3693,development,1
14897,14895,development,3
14898,1902,development,2
14899,14897,holdout,0
14900,14898,development,3
14901,14899,development,1
14902,14900,development,1
14903,14901,development,2
14904,14902,development,1
14905,14903,development,2
14906,4491,development,2
14907,713,development,2
14908,14906,development,3
14909,166,development,2
14910,14908,development,2
14911,4697,development,2
14912,14910,holdout,0
14913,595,development,3
14914,715,holdout,0
14915,1725,holdout,0
14916,14914,development,1
14917,7,development,3
14918,38,holdout,0
14919,14917,development,3
14920,14918,development,3
14921,252,development,1
14922,600,development,1
14923,38,holdout,0
14924,7,development,3
14925,14923,development,1
14926,14924,holdout,0
14927,14925,holdout,0
14928,14926,development,2
14929,38,holdout,0
14930,14928,development,1
14931,14929,development,1
14932,9080,development,3
14933,14931,development,1
14934,10967,development,1
14935,14933,development,2
14936,14934,development,3
14937,14935,holdout,0
14938,14936,development,2
14939,6511,development,2
14940,14938,development,3
14941,14939,development,3
14942,14940,development,1
14943,14941,development,2
14944,53,development,3
14945,14943,holdout,0
14946,14944,development,1
14947,14945,development,3
14948,14946,holdout,0
14949,14947,development,3
14950,14948,development,2
14951,3,development,3
14952,14950,development,1
14953,14951,development,2
14954,10911,development,3
14955,14953,holdout,0
14956,14954,development,3
14957,14955,development,2
14958,14956,development,1
14959,14957,holdout,0
14960,14958,development,2
14961,14959,development,3
14962,14960,development,1
14963,14961,holdout,0
14964,2753,development,2
14965,14963,development,3
14966,9356,development,1
14967,14965,development,1
14968,14966,holdout,0
14969,14967,development,2
14970,923,development,3
14971,14969,development,3
14972,14970,development,1
14973,7,development,3
14974,14972,development,3
14975,14973,development,2
14976,14974,development,1
14977,14975,development,3
14978,14976,development,2
14979,36,development,2
14980,9834,development,3
14981,14979,holdout,0
14982,14980,development,1
14983,14981,holdout,0
14984,14982,development,2
14985,14983,development,3
14986,13502,development,2
14987,14985,holdout,0
14988,16,development,1
14989,14987,development,2
14990,14988,development,1
14991,14989,development,2
14992,14990,development,3
14993,2622,holdout,0
14994,14992,development,1
14995,14993,holdout,0
14996,879,holdout,0
14997,14995,development,3
14998,7934,holdout,0
14999,14997,development,1
15000,14998,development,2
15001,14999,development,2
15002,15000,holdout,0
15003,4658,development,1
15004,15002,development,3
15005,12770,development,3
15006,15004,development,1
15007,10603,development,1
15008,15006,development,3
15009,15007,development,1
15010,15008,development,2
15011,15009,holdout,0
15012,15010,development,3
15013,713,development,2
15014,10967,development,1
15015,15013,development,1
15016,15014,development,3
15017,15015,development,2
15018,15016,development,1
15019,1927,holdout,0
15020,15018,development,2
15021,15019,holdout,0
15022,15020,development,3
15023,15021,development,2
15024,15022,holdout,0
15025,15023,development,1
15026,3440,holdout,0
15027,15025,development,3
15028,5096,development,3
15029,15027,development,1
15030,16,development,1
15031,15029,development,3
15032,15030,development,2
15033,504,development,2
15034,15032,development,3
15035,15033,holdout,0
15036,15034,development,1
15037,15035,development,2
15038,36,development,2
15039,15037,development,2
15040,15038,holdout,0
15041,15039,development,1
15042,3777,development,3
15043,15041,development,3
15044,15042,development,2
15045,914,development,1
15046,15044,development,1
15047,15045,development,2
15048,15046,development,3
15049,15047,holdout,0
15050,271,development,1
15051,15049,development,1
15052,15050,development,2
15053,15051,holdout,0
15054,946,development,1
15055,15053,development,3
15056,15054,development,1
15057,15055,development,2
15058,15056,development,2
15059,15057,development,1
15060,15058,holdout,0
15061,15059,holdout,0
15062,15060,development,3
15063,15061,development,3
15064,1020,development,2
15065,15063,holdout,0
15066,15064,development,1
15067,15065,development,2
15068,7284,development,3
15069,15067,development,3
15070,15068,development,1
15071,15069,development,2
15072,15070,development,3
15073,15071,holdout,0
15074,33,development,3
15075,15073,development,1
15076,15074,development,2
15077,15075,development,3
15078,15076,development,1
15079,8334,holdout,0
15080,15078,holdout,0
15081,15079,development,2
15082,15080,development,3
15083,319,development,2
15084,15082,development,1
15085,15083,development,2
15086,15084,development,2
15087,15085,holdout,0
15088,211,holdout,0
15089,15087,development,3
15090,15088,development,3
15091,15089,holdout,0
15092,271,development,1
15093,15091,development,1
15094,15092,development,1
15095,4296,development,1
15096,15094,development,3
15097,15095,development,2
15098,15096,development,3
15099,15097,holdout,0
15100,15098,development,2
15101,15099,development,3
15102,15100,development,1
15103,15101,development,3
15104,15102,holdout,0
15105,381,development,3
15106,15104,development,1
15107,15105,development,2
15108,15106,development,1
15109,15107,development,2
15110,15108,holdout,0
15111,15109,development,3
15112,15110,development,3
15113,9092,development,1
15114,15112,development,1
15115,15113,development,2
15116,15114,holdout,0
15117,15115,development,1
15118,724,development,3
15119,438,development,1
15120,15118,development,3
15121,15119,development,2
15122,15120,holdout,0
15123,15121,development,1
15124,15122,development,2
15125,11619,development,2
15126,16,development,1
15127,15125,development,3
15128,15126,development,2
15129,15127,development,1
15130,12911,development,3
15131,15129,holdout,0
15132,15130,development,1
15133,15131,holdout,0
15134,15132,development,3
15135,15133,development,2
15136,6226,holdout,0
15137,15135,development,3
15138,15136,development,1
15139,15137,development,2
15140,15138,development,3
15141,777,holdout,0
15142,7776,holdout,0
15143,15141,development,1
15144,15142,holdout,0
15145,15143,development,2
15146,15144,development,3
15147,10302,development,3
15148,15146,holdout,0
15149,15147,development,1
15150,15148,development,2
15151,15149,development,2
15152,15150,development,3
15153,3973,development,1
15154,15152,development,1
15155,15153,holdout,0
15156,15154,development,2
15157,15155,development,3
15158,11595,development,2
15159,15157,development,1
15160,15158,development,2
15161,15159,development,3
15162,15160,holdout,0
15163,15161,development,1
15164,15162,development,2
15165,15163,development,3
15166,15164,holdout,0
15167,15165,development,2
15168,15166,development,1
15169,15167,development,3
15170,0,development,3
15171,15169,development,1
15172,15170,holdout,0
15173,15171,development,2
15174,15172,development,3
15175,15173,development,2
15176,7000,development,2
15177,15175,development,1
15178,0,development,3
15179,613,holdout,0
15180,15178,holdout,0
15181,15179,development,3
15182,15180,development,1
15183,611,development,3
15184,15182,development,3
15185,15183,development,2
15186,15184,holdout,0
15187,331,development,2
15188,15186,development,1
15189,19,holdout,0
15190,15188,development,2
15191,15189,development,3
15192,15190,development,1
15193,15191,holdout,0
15194,15192,development,2
15195,15193,development,1
15196,2116,holdout,0
15197,15195,development,2
15198,15196,development,3
15199,15197,holdout,0
15200,15198,development,1
15201,15199,development,3
15202,15200,development,2
15203,15201,development,2
15204,15202,development,1
15205,4979,development,3
15206,15204,holdout,0
15207,15205,development,3
15208,1496,holdout,0
15209,15207,development,2
15210,15208,development,3
15211,15209,holdout,0
15212,15210,development,1
15213,15211,development,1
15214,15212,development,2
15215,15213,development,1
15216,15214,development,3
15217,15215,development,2
15218,36,development,2
15219,16,development,1
15220,2366,development,3
15221,15219,development,3
15222,15220,holdout,0
15223,3888,development,2
15224,15222,development,2
15225,879,holdout,0
15226,15224,development,3
15227,15225,development,1
15228,15226,holdout,0
15229,15227,development,2
15230,15228,development,1
15231,15229,holdout,0
15232,15230,development,2
15233,15231,development,1
15234,15232,development,3
15235,15233,development,2
15236,16,development,1
15237,15235,holdout,0
15238,15236,development,1
15239,2089,holdout,0
15240,257,development,2
15241,15239,development,2
15242,15240,development,1
15243,15241,development,2
15244,15242,holdout,0
15245,15243,development,2
15246,15244,development,3
15247,4009,development,1
15248,6226,holdout,0
15249,168,holdout,0
15250,15248,development,1
15251,15249,development,2
15252,15250,development,3
15253,15251,holdout,0
15254,15252,development,1
15255,1902,development,2
15256,15254,development,2
15257,15255,development,3
15258,15256,holdout,0
15259,15257,development,3
15260,274,development,3
15261,15259,development,1
15262,15260,development,2
15263,15261,development,2
15264,15262,development,3
15265,15263,development,1
15266,319,development,2
15267,3186,development,3
15268,459,development,3
15269,15267,holdout,0
15270,15268,development,1
15271,271,development,1
15272,15270,development,1
15273,15271,development,3
15274,15272,development,2
15275,15273,holdout,0
15276,1142,development,2
15277,15275,development,1
15278,15276,development,1
15279,7,development,3
15280,15278,development,3
15281,1725,holdout,0
15282,750,development,1
15283,15281,holdout,0
15284,2601,development,2
15285,15283,development,1
15286,15284,development,2
15287,15285,development,2
15288,15286,development,2
15289,15287,development,3
15290,15288,development,1
15291,2741,development,3
15292,8023,development,1
15293,15291,holdout,0
15294,1239,development,3
15295,15293,development,3
15296,15294,development,1
15297,15295,holdout,0
15298,15296,development,2
15299,406,development,2
15300,15298,development,3
15301,15299,development,1
15302,166,development,2
15303,15301,holdout,0
15304,15302,development,2
15305,15303,development,3
15306,750,development,1
15307,4009,development,1
15308,33,development,3
15309,15307,development,1
15310,15308,development,2
15311,1453,development,1
15312,1327,development,3
15313,15311,development,3
15314,15312,development,2
15315,284,development,3
15316,15314,holdout,0
15317,11572,development,1
15318,15316,development,1
15319,15317,development,3
15320,15318,development,1
15321,15319,holdout,0
15322,15320,development,1
15323,15321,development,2
15324,15322,development,3
15325,15323,development,2
15326,129,development,1
15327,271,development,1
15328,15326,development,3
15329,15327,development,1
15330,15328,development,2
15331,15329,development,3
15332,15330,holdout,0
15333,15331,development,1
15334,15332,development,2
15335,15333,holdout,0
15336,15334,holdout,0
15337,15335,development,3
15338,15336,development,3
15339,15337,development,1
15340,12098,development,3
15341,271,development,1
15342,3978,development,3
15343,7,development,3
15344,15342,development,2
15345,15343,development,3
15346,15344,development,1
15347,15345,development,1
15348,2017,development,2
15349,211,holdout,0
15350,15348,holdout,0
15351,15349,development,3
15352,15350,development,2
15353,15351,development,1
15354,5254,development,3
15355,15353,development,2
15356,3888,development,2
15357,15355,development,3
15358,15356,development,1
15359,2617,development,1
15360,15358,development,2
15361,168,holdout,0
15362,15360,development,3
15363,15361,holdout,0
15364,15362,development,1
15365,25,development,1
15366,15364,holdout,0
15367,15365,development,2
15368,15366,development,3
15369,15367,development,1
15370,3380,development,1
15371,15369,development,2
15372,15370,holdout,0
15373,15371,development,3
15374,15372,development,1
15375,15373,development,2
15376,15374,development,3
15377,15375,development,1
15378,715,holdout,0
15379,15377,development,2
15380,15378,development,2
15381,15379,holdout,0
15382,15380,development,3
15383,15381,development,1
15384,36,development,2
15385,2269,development,2
15386,13487,development,3
15387,15385,development,2
15388,1559,holdout,0
15389,15387,development,3
15390,2536,development,2
15391,15389,development,3
15392,15390,development,2
15393,15391,development,1
15394,15392,holdout,0
15395,15393,development,1
15396,15394,development,2
15397,15395,holdout,0
15398,15396,development,3
15399,15397,development,1
15400,15398,development,3
15401,15399,development,2
15402,15400,development,2
15403,15401,development,1
15404,15402,holdout,0
15405,15403,development,3
15406,15404,holdout,0
15407,168,holdout,0
15408,8866,development,2
15409,15407,development,2
15410,15408,development,1
15411,15409,development,2
15412,15410,development,3
15413,735,development,1
15414,15412,development,1
15415,15413,development,2
15416,15414,development,3
15417,271,development,1
15418,15416,holdout,0
15419,15417,development,1
15420,15418,development,2
15421,15419,holdout,0
15422,383,development,1
15423,15421,development,3
15424,15422,holdout,0
15425,15240,development,1
15426,9956,development,2
15427,15425,development,3
15428,15426,development,1
15429,15427,development,2
15430,15428,development,1
15431,15429,development,1
15432,15430,development,2
15433,15431,development,3
15434,15432,development,1
15435,15433,holdout,0
15436,15434,development,2
15437,15435,holdout,0
15438,1303,development,3
15439,15437,development,3
15440,15438,development,2
15441,15439,development,1
15442,15440,development,3
15443,1401,development,1
15444,15442,holdout,0
15445,15443,development,2
15446,15444,development,1
15447,15445,development,3
15448,3185,holdout,0
15449,15447,development,3
15450,15448,development,1
15451,15449,development,2
15452,15450,holdout,0
15453,3202,development,1
15454,1496,holdout,0
15455,15453,development,2
15456,11361,development,3
15457,15455,development,1
15458,15456,development,1
15459,3779,development,2
15460,15458,development,1
15461,15459,holdout,0
15462,117,development,3
15463,15461,holdout,0
15464,15462,development,2
15465,15463,development,1
15466,15464,development,2
15467,3076,holdout,0
15468,15466,development,1
15469,15467,development,3
15470,15468,development,2
15471,421,holdout,0
15472,15470,development,3
15473,15471,holdout,0
15474,15472,development,1
15475,3180,development,1
15476,15474,development,2
15477,15475,development,3
15478,15476,holdout,0
15479,15477,development,1
15480,15478,development,2
15481,7776,holdout,0
15482,15480,development,3
15483,15481,development,1
15484,6038,development,3
15485,15483,holdout,0
15486,15484,development,3
15487,15485,development,2
15488,15486,development,2
15489,15487,development,1
15490,15488,development,3
15491,15489,development,3
15492,11558,holdout,0
15493,15491,holdout,0
15494,15492,development,1
15495,15493,development,2
15496,15494,development,3
15497,15495,development,2
15498,15496,holdout,0
15499,271,development,1
15500,15498,development,1
15501,15499,development,3
15502,15500,development,1
15503,15501,holdout,0
15504,15502,development,2
15505,15503,development,3
15506,15504,holdout,0
15507,15505,development,1
15508,15506,development,2
15509,15507,holdout,0
15510,16,development,1
15511,15509,development,3
15512,15510,development,1
15513,15511,development,2
15514,15512,development,3
15515,724,development,3
15516,15514,holdout,0
15517,15515,development,1
15518,15516,development,2
15519,1597,development,1
15520,7,development,3
15521,15519,development,3
15522,15520,development,1
15523,15521,holdout,0
15524,15522,development,2
15525,15523,development,3
15526,15524,development,1
15527,15525,development,3
15528,3582,holdout,0
15529,15527,development,2
15530,6774,development,1
15531,15529,holdout,0
15532,15530,development,1
15533,15531,development,2
15534,557,development,1
15535,581,development,3
15536,15534,development,3
15537,15535,development,1
15538,15536,development,3
15539,36,development,2
15540,15538,holdout,0
15541,15539,development,2
15542,15540,development,1
15543,252,development,1
15544,15542,holdout,0
15545,15543,development,2
15546,15544,development,3
15547,15545,development,1
15548,15546,development,3
15549,15547,development,1
15550,15548,development,2
15551,15549,development,2
15552,15550,holdout,0
15553,15551,development,3
15554,15552,holdout,0
15555,15553,development,1
15556,15554,holdout,0
15557,13062,development,2
15558,15556,development,2
15559,15557,development,3
15560,15558,development,1
15561,15559,development,2
15562,1583,development,3
15563,15561,development,3
15564,15562,development,1
15565,15563,holdout,0
15566,15564,development,2
15567,15565,development,3
15568,2157,holdout,0
15569,15567,holdout,0
15570,15568,development,1
15571,15569,development,2
15572,15570,development,1
15573,15571,development,3
15574,15572,development,1
15575,15573,holdout,0
15576,15574,development,2
15577,15575,development,3
15578,15576,development,1
15579,3887,development,1
15580,1566,development,3
15581,15579,holdout,0
15582,15580,development,2
15583,3350,development,1
15584,15582,development,3
15585,15583,development,2
15586,15584,development,1
15587,15585,development,2
15588,15586,holdout,0
15589,15587,development,3
15590,15588,development,1
15591,15589,development,2
15592,15590,holdout,0
15593,14338,development,1
15594,6742,development,3
15595,15593,development,3
15596,8833,development,1
15597,15595,development,1
15598,15596,development,2
15599,15597,development,3
15600,15598,holdout,0
15601,15599,development,1
15602,15600,development,3
15603,15601,development,2
15604,15602,development,1
15605,15603,development,2
15606,15604,holdout,0
15607,15605,development,1
15608,15606,development,3
15609,15607,development,3
15610,15608,development,1
15611,15609,holdout,0
15612,15610,development,2
15613,15611,development,1
15614,15612,holdout,0
15615,15613,development,2
15616,15614,development,3
15617,284,development,3
15618,15616,development,1
15619,15617,development,2
15620,15618,development,3
15621,240,development,1
15622,15620,development,1
15623,15621,holdout,0
15624,15622,development,2
15625,15623,development,3
15626,15624,development,1
15627,10067,holdout,0
15628,15626,development,2
15629,15627,development,3
15630,15628,holdout,0
15631,15629,development,1
15632,0,development,3
15633,15631,development,2
15634,15632,holdout,0
15635,15633,development,3
15636,15634,development,1
15637,15635,development,2
15638,15636,development,3
15639,15637,holdout,0
15640,15638,development,1
15641,15639,development,3
15642,15640,development,2
15643,15641,development,2
15644,6169,development,3
15645,15643,holdout,0
15646,15644,development,1
15647,15645,development,3
15648,7,development,3
15649,15647,development,1
15650,15648,development,2
15651,15649,development,3
15652,15650,holdout,0
15653,15651,holdout,0
15654,252,development,1
15655,5833,holdout,0
15656,349,development,1
15657,15655,development,1
15658,15656,development,3
15659,15657,development,2
15660,680,development,1
15661,1401,development,1
15662,117,development,3
15663,171,development,2
15664,15662,development,1
15665,1020,development,2
15666,15664,development,1
15667,7422,development,2
15668,946,development,1
15669,15667,development,2
15670,15668,development,3
15671,419,development,2
15672,24,development,3
15673,436,development,1
15674,15672,holdout,0
15675,15673,development,2
15676,15674,development,3
15677,15675,development,2
15678,15676,holdout,0
15679,15677,development,1
15680,15678,holdout,0
15681,2898,development,3
15682,15680,development,3
15683,735,development,1
15684,15682,development,1
15685,15683,development,3
15686,15684,development,2
15687,15685,holdout,0
15688,15686,development,3
15689,15687,development,1
15690,15688,development,2
15691,15689,development,3
15692,381,development,3
15693,15691,development,1
15694,1746,development,1
15695,15693,holdout,0
15696,15694,development,3
15697,15695,development,2
15698,15696,development,1
15699,15697,development,2
15700,15698,development,3
15701,15699,development,1
15702,15700,holdout,0
15703,4443,development,1
15704,9369,development,3
15705,15703,development,2
15706,15704,holdout,0
15707,15705,development,3
15708,15706,development,1
15709,15707,development,2
15710,15708,holdout,0
15711,15709,development,1
15712,15710,development,3
15713,15711,holdout,0
15714,15712,development,1
15715,15713,development,2
15716,15714,development,3
15717,15715,development,2
15718,15716,development,1
15719,15717,holdout,0
15720,15718,development,3
15721,15719,development,1
15722,15720,development,3
15723,15721,holdout,0
15724,15722,development,2
15725,15723,development,2
15726,15724,development,1
15727,15725,development,3
15728,6774,development,1
15729,36,development,2
15730,6471,development,1
15731,15729,development,3
15732,1611,holdout,0
15733,15731,holdout,0
15734,15732,development,1
15735,15733,development,2
15736,15734,development,1
15737,15735,development,2
15738,15736,development,3
15739,15737,holdout,0
15740,15738,development,1
15741,15739,development,2
15742,15740,development,3
15743,15741,development,1
15744,15742,development,2
15745,15743,holdout,0
15746,16,development,1
15747,15745,development,2
15748,107,development,1
15749,15747,development,3
15750,15748,development,3
15751,15749,holdout,0
15752,15750,development,1
15753,15751,development,1
15754,15752,development,3
15755,15753,development,2
15756,15754,development,1
15757,15755,holdout,0
15758,15756,development,2
15759,15757,holdout,0
15760,15758,development,3
15761,10278,development,1
15762,7042,development,2
15763,15761,development,1
15764,36,development,2
15765,3804,development,2
15766,15764,development,2
15767,15765,development,1
15768,15766,development,3
15769,15767,holdout,0
15770,15768,development,2
15771,15769,development,2
15772,15770,holdout,0
15773,15771,development,3
15774,15772,development,1
15775,15773,holdout,0
15776,15774,development,3
15777,7836,development,1
15778,6169,development,3
15779,15777,development,1
15780,15778,development,2
15781,15779,development,3
15782,3697,development,1
15783,15781,development,1
15784,15782,development,1
15785,15783,holdout,0
15786,28,development,1
15787,3563,development,3
15788,4591,development,1
15789,15787,development,2
15790,15788,development,3
15791,8438,development,2
15792,15790,holdout,0
15793,15791,development,2
15794,641,development,3
15795,15793,development,3
15796,15794,development,1
15797,15795,development,1
15798,15796,holdout,0
15799,8935,development,2
15800,15798,development,2
15801,15799,development,3
15802,15800,development,3
15803,15801,development,1
15804,15802,holdout,0
15805,15803,development,3
15806,15804,development,2
15807,15805,development,1
15808,16,development,1
15809,15807,development,2
15810,15808,holdout,0
15811,15809,development,1
15812,15810,development,2
15813,15811,development,3
15814,15812,development,2
15815,4009,development,1
15816,15814,development,1
15817,15815,development,2
15818,15816,holdout,0
15819,15817,development,1
15820,15818,development,3
15821,869,holdout,0
15822,15820,holdout,0
15823,15821,development,2
15824,15822,development,3
15825,15823,development,1
15826,15824,development,2
15827,15825,development,3
15828,15826,development,1
15829,15827,development,2
15830,816,development,3
15831,10942,development,2
15832,15830,holdout,0
15833,15831,development,3
15834,15832,development,1
15835,15833,holdout,0
15836,438,development,1
15837,15835,development,1
15838,15836,development,2
15839,5423,development,3
15840,15838,development,3
15841,15839,development,1
15842,15840,development,2
15843,513,development,2
15844,15842,holdout,0
15845,194,development,1
15846,15844,development,3
15847,15845,development,1
15848,15846,development,2
15849,271,development,1
15850,15848,holdout,0
15851,15849,development,3
15852,15850,development,1
15853,15851,development,2
15854,15852,development,3
15855,2317,development,3
15856,1496,holdout,0
15857,15855,development,1
15858,15856,holdout,0
15859,15857,development,3
15860,15858,development,1
15861,244,holdout,0
15862,15860,development,2
15863,15861,holdout,0
15864,15862,development,2
15865,15863,development,1
15866,15864,development,3
15867,15865,development,1
15868,15866,holdout,0
15869,15867,development,2
15870,15868,development,2
15871,675,development,1
15872,15870,development,3
15873,15871,development,3
15874,2834,holdout,0
15875,15467,development,3
15876,15874,holdout,0
15877,36,development,2
15878,15876,development,1
15879,15877,development,3
15880,15878,development,1
15881,15879,development,2
15882,15880,holdout,0
15883,194,development,1
15884,15882,development,3
15885,421,holdout,0
15886,15884,holdout,0
15887,15885,development,3
15888,15886,development,1
15889,15887,development,2
15890,15888,development,1
15891,15889,development,2
15892,15890,development,3
15893,15891,development,1
15894,452,development,3
15895,36,development,2
15896,15894,holdout,0
15897,15895,development,3
15898,3887,development,1
15899,15897,development,2
15900,15898,development,1
15901,15899,development,3
15902,2753,development,2
15903,1458,development,1
15904,15902,holdout,0
15905,15903,development,2
15906,15904,development,2
15907,15905,development,1
15908,15906,development,3
15909,15907,holdout,0
15910,1790,development,3
15911,15909,development,1
15912,14509,development,2
15913,15911,development,2
15914,15912,development,3
15915,9583,development,1
15916,15914,holdout,0
15917,15915,development,1
15918,15916,development,1
15919,15917,development,2
15920,15918,development,3
15921,15919,development,2
15922,15920,development,3
15923,15921,development,2
15924,15922,holdout,0
15925,15923,development,1
15926,15924,development,3
15927,15925,holdout,0
15928,15926,holdout,0
15929,15927,development,3
15930,15928,development,1
15931,15929,development,2
15932,15930,holdout,0
15933,15931,development,1
15934,36,development,2
15935,15933,development,3
15936,15934,development,2
15937,15935,development,2
15938,3551,holdout,0
15939,15937,development,1
15940,15938,holdout,0
15941,9724,development,1
15942,15940,development,3
15943,15941,development,1
15944,15942,development,3
15945,15943,development,2
15946,15944,holdout,0
15947,15945,development,1
15948,15119,development,2
15949,15947,development,2
15950,15948,development,2
15951,15949,holdout,0
15952,211,holdout,0
15953,36,development,2
15954,5866,development,2
15955,15953,development,2
15956,1249,development,2
15957,15955,development,3
15958,15956,development,1
15959,15957,development,3
15960,15958,development,1
15961,1688,development,1
15962,15960,development,1
15963,15961,holdout,0
15964,650,development,2
15965,3746,holdout,0
15966,15964,holdout,0
15967,2530,development,1
15968,5866,development,2
15969,1212,development,3
15970,15968,development,2
15971,15969,holdout,0
15972,15970,development,3
15973,15971,holdout,0
15974,6352,development,3
15975,13487,development,3
15976,15974,development,2
15977,349,development,1
15978,15976,development,3
15979,15977,development,1
15980,15978,development,2
15981,4009,development,1
15982,7,development,3
15983,15981,development,1
15984,7544,development,3
15985,15983,development,3
15986,15984,holdout,0
15987,107,development,1
15988,15986,development,2
15989,15987,development,3
15990,15988,development,1
15991,15989,development,2
15992,5448,holdout,0
15993,15991,holdout,0
15994,36,development,2
15995,15993,development,3
15996,7669,development,1
15997,15995,development,2
15998,15996,holdout,0
15999,15997,development,3
16000,15998,development,1
16001,15999,development,3
16002,16000,development,2
16003,9074,holdout,0
16004,16002,holdout,0
16005,16003,development,1
16006,16004,development,2
16007,2753,development,2
16008,9176,holdout,0
16009,16007,development,3
16010,16008,development,2
16011,7,development,3
16012,16010,development,2
16013,16011,holdout,0
16014,16012,development,2
16015,16013,development,1
16016,16014,holdout,0
16017,36,development,2
16018,16016,development,3
16019,16017,development,2
16020,16018,development,3
16021,16019,development,1
16022,16020,holdout,0
16023,16021,development,1
16024,16022,development,2
16025,16023,development,3
16026,3405,development,1
16027,16025,development,1
16028,16026,development,2
16029,16027,holdout,0
16030,16028,development,3
16031,16029,development,3
16032,16030,development,3
16033,16031,holdout,0
16034,16032,development,1
16035,16033,development,2
16036,16034,development,1
16037,16035,development,2
16038,16036,development,3
16039,16037,holdout,0
16040,16038,development,1
16041,24,development,3
16042,16040,development,2
16043,16041,development,3
16044,16042,holdout,0
16045,610,development,2
16046,16044,development,1
16047,10505,development,2
16048,16046,development,2
16049,16047,development,3
16050,16048,development,1
16051,16049,holdout,0
16052,16050,development,1
16053,16051,development,2
16054,16052,development,3
16055,16053,development,2
16056,16054,holdout,0
16057,16055,development,3
16058,16056,development,1
16059,16057,development,2
16060,12809,development,2
16061,16059,development,3
16062,16060,holdout,0
16063,16061,development,2
16064,16062,development,1
16065,1453,development,1
16066,819,development,2
16067,271,development,1
16068,1172,development,2
16069,16067,development,3
16070,16068,development,1
16071,16069,holdout,0
16072,16070,development,2
16073,16071,development,3
16074,2834,holdout,0
16075,16073,development,1
16076,715,holdout,0
16077,7,development,3
16078,16076,development,2
16079,16077,holdout,0
16080,16078,development,3
16081,4491,development,2
16082,16080,development,1
16083,16081,development,2
16084,16,development,1
16085,16083,development,3
16086,16084,development,2
16087,16085,development,1
16088,16086,holdout,0
16089,16087,development,3
16090,16088,development,3
16091,16089,development,1
16092,7,development,3
16093,16091,holdout,0
16094,10105,development,1
16095,16093,development,2
16096,16094,development,1
16097,1102,development,1
16098,16096,development,3
16099,16097,development,2
16100,16098,holdout,0
16101,16099,holdout,0
16102,16100,development,1
16103,16101,development,2
16104,178,development,2
16105,16103,development,2
16106,16104,development,3
16107,16105,development,3
16108,16106,development,3
16109,16107,development,1
16110,16108,development,2
16111,1609,development,3
16112,16110,holdout,0
16113,12584,holdout,0
16114,1292,holdout,0
16115,16113,development,2
16116,3973,development,1
16117,16115,development,3
16118,16116,development,1
16119,16117,development,3
16120,16118,development,1
16121,2741,development,3
16122,16120,holdout,0
16123,16121,development,2
16124,16122,development,1
16125,16123,development,2
16126,1152,holdout,0
16127,16125,development,3
16128,16126,development,2
16129,16127,development,3
16130,16128,holdout,0
16131,16129,development,1
16132,1662,development,2
16133,16131,development,2
16134,16132,development,1
16135,16133,development,3
16136,16134,development,3
16137,16135,development,3
16138,16136,holdout,0
16139,16137,development,1
16140,349,development,1
16141,16139,development,2
16142,16140,development,2
16143,16141,development,1
16144,1239,development,3
16145,36,development,2
16146,91,development,3
16147,16145,development,3
16148,16146,development,2
16149,16147,holdout,0
16150,16148,development,1
16151,16149,development,2
16152,16150,holdout,0
16153,16151,development,3
16154,16152,development,1
16155,2442,development,2
16156,16154,holdout,0
16157,16155,development,2
16158,16156,development,3
16159,16157,development,3
16160,16158,development,1
16161,16,development,1
16162,16160,development,3
16163,16161,holdout,0
16164,16162,development,2
16165,16163,development,1
16166,16164,development,2
16167,16165,development,3
16168,4953,development,1
16169,6872,holdout,0
16170,16168,development,2
16171,16169,development,3
16172,16170,development,1
16173,16171,holdout,0
16174,16172,development,1
16175,16173,development,2
16176,16174,development,1
16177,16175,holdout,0
16178,16176,development,2
16179,8651,development,1
16180,16178,development,1
16181,16179,development,3
16182,16180,development,2
16183,16181,development,3
16184,16182,holdout,0
16185,16183,development,1
16186,16184,development,2
16187,16185,holdout,0
16188,16186,development,1
16189,16187,holdout,0
16190,271,development,1
16191,1790,development,3
16192,16190,development,3
16193,16191,development,2
16194,271,development,1
16195,3887,development,1
16196,16194,development,3
16197,715,holdout,0
16198,16196,development,1
16199,16197,development,3
16200,735,development,1
16201,5242,development,2
16202,16200,development,2
16203,16201,development,1
16204,16202,holdout,0
16205,16203,development,2
16206,16204,development,3
16207,16205,development,3
16208,16206,development,2
16209,16207,holdout,0
16210,4987,development,1
16211,16209,development,1
16212,1157,development,1
16213,271,development,1
16214,16212,development,1
16215,16213,development,1
16216,16,development,1
16217,16215,development,2
16218,16216,development,3
16219,36,development,2
16220,16218,development,2
16221,713,development,2
16222,16220,holdout,0
16223,4179,development,1
16224,16222,development,3
16225,16223,development,1
16226,2854,development,3
16227,166,development,2
16228,11778,development,3
16229,729,development,1
16230,16228,holdout,0
16231,16229,development,2
16232,7188,development,1
16233,16231,development,3
16234,240,development,1
16235,16233,development,1
16236,16234,development,2
16237,16235,holdout,0
16238,16236,development,3
16239,16237,development,1
16240,16238,development,3
16241,319,development,2
16242,6268,development,2
16243,1150,development,2
16244,2157,holdout,0
16245,16243,development,2
16246,16244,holdout,0
16247,16245,development,3
16248,16246,development,1
16249,16247,development,2
16250,16248,development,3
16251,16249,development,1
16252,16250,development,2
16253,16251,holdout,0
16254,16252,development,3
16255,16253,development,1
16256,16254,holdout,0
16257,16255,development,2
16258,16256,development,3
16259,16257,development,2
16260,16258,development,1
16261,16259,development,3
16262,16260,development,1
16263,7984,holdout,0
16264,16262,holdout,0
16265,16263,development,1
16266,16264,holdout,0
16267,3654,development,3
16268,16266,development,2
16269,16267,development,3
16270,7,development,3
16271,4389,development,1
16272,462,development,1
16273,16271,development,2
16274,16272,development,3
16275,16273,development,1
16276,284,development,3
16277,16275,development,2
16278,16276,development,3
16279,16277,development,1
16280,16278,holdout,0
16281,16279,development,2
16282,16280,holdout,0
16283,16281,development,3
16284,16282,development,1
16285,16283,development,2
16286,16284,development,2
16287,839,development,2
16288,16286,development,3
16289,16287,holdout,0
16290,16288,development,3
16291,1611,holdout,0
16292,16290,development,1
16293,16291,development,1
16294,16292,development,3
16295,16293,development,2
16296,16294,development,1
16297,1195,holdout,0
16298,16296,holdout,0
16299,16297,development,2
16300,16298,development,1
16301,16299,holdout,0
16302,16300,development,3
16303,16301,development,1
16304,16302,development,2
16305,2095,development,2
16306,16304,development,3
16307,16,development,1
16308,10851,development,1
16309,16307,development,1
16310,16308,holdout,0
16311,1085,development,1
16312,16310,development,2
16313,16311,development,3
16314,16312,development,1
16315,16313,holdout,0
16316,16314,development,3
16317,16315,development,1
16318,168,holdout,0
16319,16317,development,2
16320,16318,development,2
16321,16319,holdout,0
16322,16320,development,2
16323,16321,development,3
16324,474,development,3
16325,16323,development,1
16326,9358,development,3
16327,16325,development,2
16328,16326,development,3
16329,7451,development,1
16330,12983,holdout,0
16331,16329,development,1
16332,474,development,3
16333,16331,development,3
16334,16332,holdout,0
16335,16333,development,1
16336,16334,development,3
16337,16335,holdout,0
16338,16336,development,3
16339,16337,development,1
16340,16338,development,2
16341,16339,development,3
16342,16340,development,1
16343,9170,development,2
16344,16342,holdout,0
16345,16343,development,2
16346,3584,development,1
16347,16345,development,3
16348,16346,development,2
16349,16347,development,1
16350,271,development,1
16351,16349,development,2
16352,16350,development,3
16353,16351,holdout,0
16354,16352,development,1
16355,36,development,2
16356,16354,holdout,0
16357,16355,development,2
16358,16356,development,1
16359,16357,development,1
16360,16358,development,3
16361,16359,holdout,0
16362,16360,development,2
16363,166,development,2
16364,581,development,3
16365,166,development,2
16366,1401,development,1
16367,1212,development,3
16368,16366,development,3
16369,16367,development,1
16370,16368,development,2
16371,16369,holdout,0
16372,16370,development,1
16373,16371,development,3
16374,16372,development,1
16375,319,development,2
16376,16374,development,2
16377,16375,development,3
16378,16376,development,1
16379,194,development,1
16380,16378,development,3
16381,16379,holdout,0
16382,16380,development,2
16383,16381,holdout,0
16384,16,development,1
16385,7643,development,2
16386,16384,development,1
16387,16385,holdout,0
16388,3405,development,1
16389,16387,development,3
16390,16388,development,1
16391,1145,development,2
16392,16390,development,2
16393,16391,development,2
16394,1132,development,3
16395,16393,development,3
16396,6145,development,3
16397,16395,development,1
16398,16396,development,2
16399,16397,development,3
16400,16398,holdout,0
16401,16399,development,1
16402,16400,development,2
16403,16401,development,3
16404,16402,development,1
16405,16403,holdout,0
16406,16404,development,1
16407,16405,development,2
16408,16406,development,2
16409,16407,development,1
16410,19,holdout,0
16411,16409,development,3
16412,16410,holdout,0
16413,14281,development,3
16414,16412,development,1
16415,16413,development,3
16416,16414,holdout,0
16417,16415,development,2
16418,16416,development,1
16419,16417,holdout,0
16420,16418,development,2
16421,9788,development,3
16422,8206,development,3
16423,349,development,1
16424,16422,development,3
16425,16423,holdout,0
16426,16424,development,1
16427,9442,development,2
16428,16426,development,3
16429,16427,development,2
16430,16428,development,1
16431,16429,development,3
16432,7667,development,1
16433,178,development,2
16434,11857,development,3
16435,16433,development,2
16436,16434,holdout,0
16437,16435,development,1
16438,16436,development,2
16439,1292,holdout,0
16440,16438,holdout,0
16441,16439,development,3
16442,16440,development,1
16443,16441,development,3
16444,16442,development,1
16445,16443,development,2
16446,16444,development,2
16447,16445,development,2
16448,16446,holdout,0
16449,16447,development,3
16450,16448,development,1
16451,16449,holdout,0
16452,16450,development,1
16453,16451,development,3
16454,16452,development,2
16455,7599,holdout,0
16456,16454,development,3
16457,12944,holdout,0
16458,16456,holdout,0
16459,16457,development,1
16460,16458,development,2
16461,2834,holdout,0
16462,16460,development,3
16463,16461,development,3
16464,0,development,3
16465,16463,development,2
16466,16464,holdout,0
16467,16465,development,1
16468,563,development,1
16469,16467,development,1
16470,16468,development,2
16471,16469,holdout,0
16472,16470,development,3
16473,3185,holdout,0
16474,16472,development,1
16475,16473,development,3
16476,36,development,2
16477,16475,holdout,0
16478,504,development,2
16479,4009,development,1
16480,16478,development,2
16481,16479,development,1
16482,1195,holdout,0
16483,16481,development,2
16484,8187,development,1
16485,271,development,1
16486,16484,holdout,0
16487,16485,holdout,0
16488,16486,development,3
16489,16487,development,3
16490,613,holdout,0
16491,16489,development,1
16492,16490,development,2
16493,4019,development,2
16494,194,development,1
16495,16493,development,1
16496,16494,holdout,0
16497,16495,development,2
16498,16496,development,3
16499,16497,development,2
16500,271,development,1
16501,16499,development,3
16502,16500,holdout,0
16503,16501,development,1
16504,16502,development,3
16505,16503,development,1
16506,421,holdout,0
16507,16505,development,2
16508,16506,development,1
16509,16507,development,2
16510,16508,holdout,0
16511,16509,development,3
16512,16510,development,1
16513,1566,development,3
16514,274,development,3
16515,16513,development,3
16516,16514,holdout,0
16517,272,development,2
16518,16516,development,1
16519,16517,development,2
16520,16518,development,2
16521,16519,holdout,0
16522,16520,development,3
16523,16521,development,2
16524,16522,development,1
16525,16523,development,3
16526,2530,development,1
16527,16525,holdout,0
16528,16526,development,2
16529,16527,development,1
16530,9616,development,3
16531,1808,development,1
16532,5323,development,1
16533,36,development,2
16534,16532,development,3
16535,16533,holdout,0
16536,16534,development,2
16537,16535,holdout,0
16538,3186,development,3
16539,5416,development,3
16540,16538,development,2
16541,16539,development,1
16542,16540,development,2
16543,16541,development,3
16544,16542,development,1
16545,16543,development,2
16546,16544,holdout,0
16547,16545,development,3
16548,16546,development,2
16549,16,development,1
16550,16548,holdout,0
16551,16549,development,1
16552,16550,development,1
16553,16551,development,3
16554,16552,development,3
16555,16553,development,2
16556,16,development,1
16557,613,holdout,0
16558,16556,holdout,0
16559,16557,development,1
16560,16558,development,2
16561,16559,development,3
16562,178,development,2
16563,16561,holdout,0
16564,16562,development,1
16565,24,development,3
16566,16564,development,2
16567,25,development,1
16568,16,development,1
16569,16567,development,2
16570,16568,development,3
16571,16569,development,1
16572,16570,holdout,0
16573,2742,development,1
16574,16572,development,1
16575,16573,development,2
16576,16574,development,3
16577,16575,holdout,0
16578,16576,development,3
16579,16577,development,1
16580,16578,development,2
16581,16579,development,3
16582,715,holdout,0
16583,16581,holdout,0
16584,16582,development,3
16585,9242,development,2
16586,16584,development,1
16587,16585,development,2
16588,16586,development,1
16589,16587,holdout,0
16590,706,development,1
16591,16589,development,2
16592,16590,development,3
16593,16591,development,1
16594,16592,holdout,0
16595,16593,development,2
16596,271,development,1
16597,16595,development,3
16598,16596,development,1
16599,16597,development,2
16600,16598,development,3
16601,16599,development,1
16602,3674,holdout,0
16603,7,development,3
16604,16602,holdout,0
16605,16603,development,2
16606,16604,development,3
16607,16605,development,1
16608,16606,development,2
16609,16607,holdout,0
16610,16608,development,3
16611,36,development,2
16612,1790,development,3
16613,16611,development,1
16614,16612,development,3
16615,1186,development,2
16616,16614,development,2
16617,16615,holdout,0
16618,16616,development,1
16619,16617,development,2
16620,16618,development,3
16621,1212,development,3
16622,16620,development,2
16623,16621,holdout,0
16624,7073,development,1
16625,16623,development,3
16626,16624,development,1
16627,16625,development,2
16628,166,development,2
16629,16627,development,1
16630,16628,holdout,0
16631,16629,development,3
16632,16630,development,1
16633,16631,development,2
16634,16632,development,3
16635,16633,development,1
16636,16634,holdout,0
16637,16635,development,2
16638,7889,holdout,0
16639,16637,development,3
16640,16638,holdout,0
16641,16639,development,2
16642,16640,development,1
16643,16641,development,3
16644,36,development,2
16645,16643,development,2
16646,16644,development,1
16647,271,development,1
16648,16646,holdout,0
16649,16647,development,3
16650,271,development,1
16651,16649,development,1
16652,7934,holdout,0
16653,421,holdout,0
16654,16652,development,3
16655,16653,development,2
16656,16654,development,1
16657,5958,holdout,0
16658,16656,holdout,0
16659,16657,development,3
16660,16658,development,2
16661,16659,development,3
16662,474,development,3
16663,5357,development,1
16664,16662,holdout,0
16665,16663,development,2
16666,16664,development,1
16667,16665,development,3
16668,16666,holdout,0
16669,16667,development,1
16670,16668,development,2
16671,16669,development,3
16672,16670,development,1
16673,8812,development,2
16674,271,development,1
16675,16673,holdout,0
16676,16674,development,2
16677,16675,development,3
16678,16676,development,1
16679,16677,development,2
16680,16678,holdout,0
16681,16679,development,3
16682,16680,development,1
16683,16681,development,2
16684,16682,development,3
16685,16683,holdout,0
16686,16684,development,1
16687,10851,development,1
16688,675,development,1
16689,16687,development,3
16690,16688,development,2
16691,16689,development,1
16692,16690,development,2
16693,0,development,3
16694,1755,development,1
16695,16693,development,3
16696,16694,holdout,0
16697,16695,development,2
16698,16696,development,1
16699,16697,holdout,0
16700,36,development,2
16701,16699,development,3
16702,4501,development,2
16703,16701,development,1
16704,16702,holdout,0
16705,16703,development,2
16706,16704,development,2
16707,16705,development,1
16708,16706,development,3
16709,16707,development,2
16710,16708,holdout,0
16711,16709,development,1
16712,16710,development,1
16713,16,development,1
16714,3010,development,2
16715,1015,development,1
16716,16,development,1
16717,16715,development,3
16718,3894,development,2
16719,16717,development,2
16720,16718,holdout,0
16721,421,holdout,0
16722,16720,development,3
16723,16721,development,3
16724,16722,development,1
16725,16723,development,2
16726,16724,development,1
16727,16725,holdout,0
16728,16726,development,2
16729,16727,development,3
16730,271,development,1
16731,16729,development,1
16732,16730,development,2
16733,16731,holdout,0
16734,16732,development,1
16735,16733,development,2
16736,16734,development,3
16737,7000,development,2
16738,1050,development,1
16739,16737,development,1
16740,16738,development,3
16741,16739,holdout,0
16742,16740,holdout,0
16743,16741,development,3
16744,419,development,2
16745,16743,development,1
16746,16744,development,2
16747,16745,development,1
16748,16746,holdout,0
16749,16747,development,3
16750,13393,holdout,0
16751,6127,development,2
16752,2378,development,3
16753,16751,development,2
16754,16752,development,3
16755,16753,development,1
16756,16754,holdout,0
16757,16755,development,2
16758,16756,development,1
16759,16,development,1
16760,587,development,1
16761,2898,development,3
16762,16760,development,2
16763,2908,development,1
16764,16762,development,2
16765,16763,holdout,0
16766,16764,development,3
16767,16765,development,3
16768,16766,development,1
16769,16767,development,2
16770,16768,development,1
16771,16769,development,3
16772,16770,holdout,0
16773,16771,development,1
16774,16772,development,3
16775,16773,holdout,0
16776,7461,development,3
16777,16775,development,2
16778,16776,development,1
16779,16777,development,3
16780,16778,development,2
16781,271,development,1
16782,331,development,2
16783,16781,holdout,0
16784,16782,development,1
16785,16783,development,2
16786,16784,holdout,0
16787,16785,development,3
16788,16786,development,1
16789,36,development,2
16790,16788,holdout,0
16791,16789,development,2
16792,7421,development,3
16793,16791,development,3
16794,16792,development,3
16795,16793,development,1
16796,16794,holdout,0
16797,19,holdout,0
16798,16796,development,2
16799,1790,development,3
16800,16798,development,1
16801,16799,development,2
16802,16800,holdout,0
16803,16801,development,3
16804,16802,development,2
16805,648,holdout,0
16806,16804,development,1
16807,9666,development,2
16808,5423,development,3
16809,2854,development,3
16810,16,development,1
16811,1136,holdout,0
16812,16810,development,3
16813,16811,holdout,0
16814,8135,development,3
16815,16813,development,2
16816,16814,development,1
16817,16815,development,3
16818,16816,holdout,0
16819,16817,development,1
16820,16818,development,3
16821,16819,development,2
16822,16820,development,1
16823,16821,development,3
16824,16822,holdout,0
16825,16823,development,2
16826,16824,development,1
16827,16825,development,1
16828,16826,holdout,0
16829,16827,development,3
16830,16828,development,2
16831,16829,development,3
16832,16830,development,1
16833,15131,holdout,0
16834,16832,development,3
16835,16833,holdout,0
16836,16834,development,1
16837,16835,development,2
16838,16836,development,2
16839,16837,holdout,0
16840,16838,development,3
16841,16839,development,3
16842,16840,development,1
16843,16841,development,2
16844,16272,development,3
16845,16843,development,3
16846,16844,development,3
16847,3767,development,2
16848,16846,holdout,0
16849,16847,development,1
16850,16848,development,2
16851,16849,development,1
16852,16850,development,1
16853,3251,holdout,0
16854,16852,holdout,0
16855,295,development,1
16856,16854,development,2
16857,16855,development,3
16858,16856,holdout,0
16859,16857,development,1
16860,16858,development,2
16861,16859,development,3
16862,16860,development,1
16863,36,development,2
16864,1020,development,2
16865,16863,holdout,0
16866,14294,development,2
16867,16865,development,2
16868,16866,development,3
16869,16867,development,3
16870,16868,development,1
16871,16869,development,2
16872,675,development,1
16873,16871,development,1
16874,16872,holdout,0
16875,91,development,3
16876,16874,development,2
16877,16875,development,2
16878,16876,holdout,0
16879,5096,development,3
16880,16878,development,1
16881,16879,development,1
16882,841,development,1
16883,16881,development,2
16884,16882,development,2
16885,16883,holdout,0
16886,271,development,1
16887,16885,development,1
16888,16886,development,3
16889,271,development,1
16890,16888,development,2
16891,16889,development,1
16892,16890,holdout,0
16893,16891,development,3
16894,724,development,3
16895,16893,development,1
16896,16894,development,2
16897,16895,development,3
16898,16896,holdout,0
16899,16897,development,3
16900,16898,development,1
16901,16899,development,2
16902,16900,development,1
16903,16901,holdout,0
16904,7073,development,1
16905,16903,development,2
16906,421,holdout,0
16907,16905,development,3
16908,16906,development,1
16909,16907,development,2
16910,16908,development,3
16911,16909,development,1
16912,1271,development,3
16913,16911,holdout,0
16914,16912,development,2
16915,16913,holdout,0
16916,16914,development,3
16917,16915,development,1
16918,10897,holdout,0
16919,16917,development,2
16920,7,development,3
16921,16919,development,1
16922,16920,development,3
16923,16921,development,2
16924,16922,holdout,0
16925,16923,development,1
16926,16924,development,3
16927,16925,development,3
16928,16926,holdout,0
16929,16927,holdout,0
16930,16928,development,2
16931,16929,development,1
16932,16930,development,2
16933,16931,development,1
16934,2269,development,2
16935,4716,development,3
16936,16934,development,3
16937,16935,development,2
16938,16936,development,3
16939,16937,development,1
16940,16938,development,2
16941,11206,holdout,0
16942,10505,development,2
16943,16941,development,3
16944,16942,development,2
16945,16943,development,1
16946,770,development,2
16947,16945,development,3
16948,16946,development,1
16949,9929,development,2
16950,107,development,1
16951,16949,holdout,0
16952,16950,development,2
16953,16951,development,3
16954,16952,holdout,0
16955,16953,development,3
16956,16954,development,1
16957,6894,development,3
16958,16956,development,2
16959,16957,development,2
16960,16958,holdout,0
16961,16959,development,1
16962,16960,development,3
16963,16961,development,1
16964,16962,holdout,0
16965,16963,development,2
16966,16964,development,3
16967,16965,development,1
16968,16966,development,2
16969,16967,development,3
16970,16968,holdout,0
16971,773,development,1
16972,16,development,1
16973,16971,development,1
16974,16972,development,2
16975,16973,development,2
16976,16974,development,3
16977,16975,development,1
16978,274,development,3
16979,10154,development,3
16980,16978,holdout,0
16981,16979,development,3
16982,16980,development,2
16983,2076,holdout,0
16984,349,development,1
16985,194,development,1
16986,16984,development,1
16987,16985,development,3
16988,652,development,3
16989,16987,holdout,0
16990,16988,development,2
16991,16989,development,1
16992,16990,holdout,0
16993,16991,development,2
16994,36,development,2
16995,16993,development,3
16996,16994,development,3
16997,1132,development,3
16998,16996,development,2
16999,16997,development,1
17000,16998,holdout,0
17001,16999,development,2
17002,17000,development,1
17003,17001,development,2
17004,2914,development,3
17005,17003,development,3
17006,17004,holdout,0
17007,17005,development,3
17008,17006,development,3
17009,17007,development,1
17010,4491,development,2
17011,17009,development,2
17012,17010,development,1
17013,17011,holdout,0
17014,17012,development,2
17015,17013,development,3
17016,17014,development,3
17017,17015,holdout,0
17018,349,development,1
17019,17017,development,1
17020,17018,development,2
17021,17019,holdout,0
17022,1559,holdout,0
17023,17021,development,2
17024,17022,development,3
17025,5470,development,3
17026,17024,development,1
17027,17025,development,1
17028,17026,development,2
17029,17027,holdout,0
17030,271,development,1
17031,474,development,3
17032,16628,holdout,0
17033,17031,development,3
17034,17032,development,3
17035,17033,development,1
17036,17034,holdout,0
17037,17035,development,2
17038,17036,holdout,0
17039,17037,development,3
17040,17038,development,1
17041,17039,development,2
17042,17040,development,3
17043,17041,development,2
17044,17042,development,1
17045,12809,development,2
17046,17044,holdout,0
17047,17045,development,1
17048,1681,holdout,0
17049,1258,development,1
17050,274,development,3
17051,17049,holdout,0
17052,17050,development,3
17053,17051,development,2
17054,452,development,3
17055,6430,development,2
17056,17054,development,3
17057,17055,development,2
17058,17056,holdout,0
17059,17057,development,3
17060,675,development,1
17061,17059,development,1
17062,17060,development,1
17063,17061,development,2
17064,5127,development,3
17065,17063,holdout,0
17066,17064,development,3
17067,17065,development,2
17068,17066,development,1
17069,17067,development,3
17070,17068,development,1
17071,17069,holdout,0
17072,17070,development,2
17073,17071,development,3
17074,17072,development,1
17075,17073,development,2
17076,17074,holdout,0
17077,17075,development,2
17078,17076,development,3
17079,17077,development,2
17080,17078,development,1
17081,1020,development,2
17082,17080,holdout,0
17083,17081,development,3
17084,17082,development,1
17085,17083,development,2
17086,17084,development,2
17087,698,holdout,0
17088,406,development,2
17089,17087,development,3
17090,2601,development,2
17091,1020,development,2
17092,17090,holdout,0
17093,17091,development,1
17094,513,development,2
17095,17093,development,2
17096,17094,development,3
17097,17095,development,3
17098,17096,holdout,0
17099,17097,development,1
17100,17098,development,2
17101,17099,development,2
17102,17100,development,3
17103,17101,development,1
17104,17102,development,1
17105,17103,development,2
17106,17104,development,3
17107,17105,development,3
17108,36,development,2
17109,17107,holdout,0
17110,17108,development,2
17111,17109,development,1
17112,17110,development,1
17113,17111,development,3
17114,17112,holdout,0
17115,17113,development,2
17116,17114,holdout,0
17117,5682,development,3
17118,17116,development,3
17119,271,development,1
17120,17118,development,2
17121,1212,development,3
17122,3768,development,1
17123,17121,development,1
17124,17122,development,3
17125,17123,development,1
17126,17124,development,2
17127,17125,development,3
17128,17126,development,2
17129,5071,holdout,0
17130,14079,development,2
17131,17129,holdout,0
17132,17130,development,3
17133,17131,development,1
17134,17132,holdout,0
17135,17133,development,2
17136,17134,development,1
17137,17135,holdout,0
17138,17136,development,1
17139,17137,development,3
17140,17138,development,2
17141,17139,development,3
17142,1115,development,1
17143,17141,development,3
17144,17142,development,2
17145,17143,development,1
17146,17144,development,2
17147,17145,development,3
17148,17146,development,1
17149,17147,holdout,0
17150,633,holdout,0
17151,755,development,2
17152,17150,development,1
17153,1361,development,2
17154,17152,holdout,0
17155,94,development,1
17156,17154,development,2
17157,17155,development,3
17158,17156,development,2
17159,17157,development,1
17160,271,development,1
17161,6872,holdout,0
17162,14021,development,1
17163,5423,development,3
17164,1611,holdout,0
17165,17163,holdout,0
17166,17164,development,3
17167,17165,development,1
17168,17166,development,2
17169,17167,development,3
17170,271,development,1
17171,17169,development,1
17172,723,development,2
17173,4697,development,2
17174,17172,development,1
17175,17173,development,2
17176,17174,holdout,0
17177,1035,development,1
17178,675,development,1
17179,17177,development,3
17180,91,development,3
17181,1385,development,2
17182,17180,development,3
17183,17181,development,3
17184,17182,development,2
17185,7073,development,1
17186,17184,holdout,0
17187,17185,development,1
17188,271,development,1
17189,17187,development,2
17190,8128,development,3
17191,17189,development,3
17192,17190,development,3
17193,17191,development,1
17194,17192,holdout,0
17195,17193,development,1
17196,17194,holdout,0
17197,17195,development,2
17198,17196,development,1
17199,17197,development,2
17200,17198,development,3
17201,17199,holdout,0
17202,17200,development,3
17203,17201,development,1
17204,12911,development,3
17205,17203,development,2
17206,17204,development,1
17207,17205,holdout,0
17208,4009,development,1
17209,17207,development,2
17210,17208,development,2
17211,17209,development,3
17212,1494,development,2
17213,11910,development,2
17214,17212,development,3
17215,17213,development,1
17216,17214,holdout,0
17217,17215,development,2
17218,17216,development,2
17219,17217,development,2
17220,16,development,1
17221,17219,development,1
17222,17220,holdout,0
17223,17221,development,3
17224,17222,development,1
17225,17223,development,2
17226,17224,development,3
17227,17225,development,2
17228,17226,holdout,0
17229,331,development,2
17230,17228,development,1
17231,17229,development,3
17232,3051,development,2
17233,17231,development,3
17234,17232,development,1
17235,17233,holdout,0
17236,17234,development,2
17237,17235,development,1
17238,17236,development,2
17239,17237,holdout,0
17240,17238,development,3
17241,2753,development,2
17242,17240,development,1
17243,17241,development,2
17244,17242,development,3
17245,2753,development,2
17246,17244,holdout,0
17247,17245,development,1
17248,17246,holdout,0
17249,17247,development,3
17250,17248,development,1
17251,17249,development,2
17252,17250,development,3
17253,7,development,3
17254,17252,development,1
17255,17253,development,2
17256,17254,development,3
17257,17255,holdout,0
17258,17256,holdout,0
17259,17257,development,2
17260,17258,holdout,0
17261,17259,development,1
17262,17260,development,2
17263,17261,development,3
17264,17262,development,2
17265,17263,development,3
17266,17264,development,1
17267,17265,development,2
17268,9287,development,2
17269,3203,holdout,0
17270,17268,holdout,0
17271,17269,development,3
17272,17270,development,1
17273,17271,development,2
17274,17272,development,1
17275,19,holdout,0
17276,178,development,2
17277,271,development,1
17278,36,development,2
17279,17277,development,3
17280,17278,holdout,0
17281,17279,development,2
17282,17280,development,3
17283,17281,development,3
17284,17282,holdout,0
17285,3405,development,1
17286,17284,development,1
17287,17285,development,2
17288,7,development,3
17289,17287,holdout,0
17290,8817,development,2
17291,17289,development,1
17292,17290,development,2
17293,17291,development,3
17294,17292,development,1
17295,17293,development,2
17296,17294,development,3
17297,17295,holdout,0
17298,6169,development,3
17299,17297,development,3
17300,17298,development,1
17301,9614,development,3
17302,17300,development,2
17303,17301,development,3
17304,17302,development,1
17305,17303,holdout,0
17306,17304,development,2
17307,17305,development,3
17308,17306,development,2
17309,17307,holdout,0
17310,17308,development,3
17311,17309,development,1
17312,17310,development,2
17313,17311,development,1
17314,17312,holdout,0
17315,3440,holdout,0
17316,17314,holdout,0
17317,16051,development,2
17318,17316,development,3
17319,17317,development,1
17320,17318,development,3
17321,17319,development,2
17322,17320,development,1
17323,17321,development,2
17324,240,development,1
17325,17323,holdout,0
17326,2558,holdout,0
17327,17325,development,3
17328,17326,development,1
17329,457,development,1
17330,17328,development,3
17331,257,development,2
17332,211,holdout,0
17333,17331,holdout,0
17334,17332,development,2
17335,17333,holdout,0
17336,17334,development,2
17337,421,holdout,0
17338,17336,development,1
17339,257,development,2
17340,17338,development,3
17341,17339,development,1
17342,17340,development,3
17343,17341,development,1
17344,17342,development,2
17345,17343,development,3
17346,17344,holdout,0
17347,17345,development,2
17348,5813,development,3
17349,17347,development,1
17350,17348,development,3
17351,17349,development,1
17352,17350,development,3
17353,17351,holdout,0
17354,17352,development,2
17355,17353,development,1
17356,17354,development,2
17357,17355,holdout,0
17358,17356,development,3
17359,17357,development,1
17360,17358,development,1
17361,17359,holdout,0
17362,17360,development,3
17363,17361,development,2
17364,17362,development,2
17365,17363,development,1
17366,17364,holdout,0
17367,17365,development,3
17368,17366,development,1
17369,17367,development,3
17370,3425,development,1
17371,17369,holdout,0
17372,17370,development,2
17373,17371,holdout,0
17374,17372,development,3
17375,17373,development,1
17376,17374,development,1
17377,17375,development,2
17378,17376,development,3
17379,17377,holdout,0
17380,17378,development,2
17381,7,development,3
17382,17380,development,3
17383,3076,holdout,0
17384,17382,holdout,0
17385,17383,development,1
17386,17384,development,2
17387,17385,development,3
17388,17386,development,1
17389,17387,development,1
17390,17388,development,2
17391,3887,development,1
17392,17390,development,3
17393,17391,development,1
17394,17392,development,3
17395,17393,holdout,0
17396,17394,development,2
17397,17395,holdout,0
17398,2365,development,3
17399,17397,development,2
17400,17398,development,1
17401,17399,development,3
17402,17400,development,1
17403,4872,development,1
17404,6581,holdout,0
17405,17403,holdout,0
17406,17404,development,2
17407,17405,development,1
17408,2536,development,2
17409,17407,development,3
17410,17408,holdout,0
17411,17409,development,2
17412,17410,development,3
17413,17411,development,3
17414,17412,development,1
17415,1378,development,3
17416,17414,development,2
17417,17415,holdout,0
17418,17416,development,2
17419,17417,development,1
17420,17418,development,3
17421,15404,holdout,0
17422,17420,development,3
17423,17421,development,1
17424,17422,holdout,0
17425,17423,development,2
17426,17424,development,1
17427,17425,development,2
17428,17426,development,3
17429,17427,holdout,0
17430,2730,development,3
17431,17429,development,3
17432,17430,development,2
17433,17431,development,3
17434,17432,development,1
17435,17433,development,1
17436,17434,holdout,0
17437,1458,development,1
17438,16,development,1
17439,17437,development,1
17440,17438,development,1
17441,1239,development,3
17442,17440,development,2
17443,17441,development,3
17444,17442,holdout,0
17445,17443,development,3
17446,17444,development,2
17447,17445,development,3
17448,17446,holdout,0
17449,17447,development,1
17450,295,development,1
17451,17449,development,3
17452,17450,development,2
17453,211,holdout,0
17454,17452,development,1
17455,17453,development,3
17456,9981,holdout,0
17457,755,development,2
17458,17456,development,1
17459,17457,development,2
17460,17458,development,2
17461,17459,holdout,0
17462,17460,development,2
17463,17461,development,3
17464,17462,development,1
17465,17463,development,3
17466,17464,development,3
17467,845,holdout,0
17468,17466,development,1
17469,17467,holdout,0
17470,17468,development,2
17471,17469,development,1
17472,17470,development,2
17473,6075,holdout,0
17474,17472,development,3
17475,17473,holdout,0
17476,17474,development,1
17477,17475,development,2
17478,17476,development,3
17479,17372,development,3
17480,17478,development,3
17481,17479,holdout,0
17482,1604,holdout,0
17483,7,development,3
17484,17482,development,1
17485,17483,development,1
17486,17484,development,2
17487,17485,development,1
17488,17486,development,2
17489,17487,holdout,0
17490,581,development,3
17491,17489,development,3
17492,17490,development,1
17493,17491,holdout,0
17494,17492,development,2
17495,17493,development,3
17496,5104,development,3
17497,17495,development,1
17498,17496,development,2
17499,648,holdout,0
17500,17498,development,3
17501,17499,development,1
17502,17500,holdout,0
17503,17501,development,2
17504,7,development,3
17505,17503,development,3
17506,36,development,2
17507,1401,development,1
17508,17506,development,3
17509,15505,development,1
17510,50,development,3
17511,17509,development,1
17512,789,development,3
17513,1212,development,3
17514,17512,holdout,0
17515,252,development,1
17516,17514,development,2
17517,17515,development,2
17518,17516,development,1
17519,17517,development,3
17520,17518,development,3
17521,17519,development,3
17522,17520,development,1
17523,633,holdout,0
17524,17522,holdout,0
17525,3074,development,1
17526,17524,development,1
17527,17525,development,2
17528,17526,development,2
17529,17527,development,3
17530,17528,holdout,0
17531,17529,development,3
17532,5416,development,3
17533,17531,development,1
17534,17532,development,2
17535,383,development,1
17536,17534,holdout,0
17537,17535,development,1
17538,17536,development,2
17539,17537,development,2
17540,17538,development,3
17541,17539,development,1
17542,17540,holdout,0
17543,271,development,1
17544,17542,development,2
17545,17543,development,3
17546,16497,development,2
17547,17545,development,1
17548,17546,holdout,0
17549,17547,development,2
17550,178,development,2
17551,17549,development,3
17552,17550,development,2
17553,17551,development,1
17554,17552,development,2
17555,17553,development,3
17556,17554,development,1
17557,17555,holdout,0
17558,7182,development,2
17559,17557,development,2
17560,17558,holdout,0
17561,17559,development,3
17562,17560,development,3
17563,36,development,2
17564,17562,development,1
17565,17563,development,2
17566,17564,development,2
17567,17565,development,1
17568,1631,holdout,0
17569,537,development,2
17570,17568,development,3
17571,17569,holdout,0
17572,17570,development,1
17573,17571,development,3
17574,17572,development,1
17575,17573,holdout,0
17576,17574,development,2
17577,17575,development,1
17578,7173,development,1
17579,17577,development,3
17580,17578,holdout,0
17581,17579,development,2
17582,17580,development,3
17583,17581,development,1
17584,17582,development,2
17585,17583,development,1
17586,17584,holdout,0
17587,17585,development,3
17588,17586,development,3
17589,16,development,1
17590,17588,development,2
17591,17589,holdout,0
17592,17590,holdout,0
17593,17591,development,1
17594,17592,development,2
17595,17593,development,1
17596,2210,development,1
17597,17595,development,2
17598,421,holdout,0
17599,17597,holdout,0
17600,117,development,3
17601,168,holdout,0
17602,17600,development,3
17603,16,development,1
17604,17602,development,2
17605,17603,development,1
17606,17604,development,3
17607,17605,holdout,0
17608,4874,holdout,0
17609,17607,development,2
17610,17608,development,1
17611,715,holdout,0
17612,17610,development,3
17613,17611,development,2
17614,17612,development,1
17615,17613,development,3
17616,17614,holdout,0
17617,17615,development,3
17618,17616,development,2
17619,17617,development,1
17620,17618,holdout,0
17621,17619,development,1
17622,17620,development,2
17623,17621,development,3
17624,0,development,3
17625,17623,development,1
17626,17624,holdout,0
17627,17625,development,2
17628,17626,development,3
17629,3010,development,2
17630,17628,development,1
17631,16,development,1
17632,17630,development,3
17633,17631,holdout,0
17634,1085,development,1
17635,17633,development,2
17636,17634,development,1
17637,17635,holdout,0
17638,1898,holdout,0
17639,843,development,3
17640,17638,development,3
17641,211,holdout,0
17642,271,development,1
17643,17641,development,2
17644,17642,development,3
17645,17643,development,1
17646,17644,holdout,0
17647,17645,development,1
17648,17646,development,2
17649,17647,holdout,0
17650,1195,holdout,0
17651,17649,development,3
17652,17650,development,2
17653,17651,development,3
17654,17652,development,2
17655,17653,holdout,0
17656,17654,development,3
17657,17655,development,2
17658,17656,development,3
17659,452,development,3
17660,17658,development,2
17661,12552,development,3
17662,17660,development,2
17663,17661,development,3
17664,17662,holdout,0
17665,17663,development,3
17666,17664,development,1
17667,17665,holdout,0
17668,17666,development,2
17669,504,development,2
17670,17668,development,1
17671,17669,development,2
17672,17670,development,1
17673,17671,holdout,0
17674,17672,development,3
17675,17673,development,2
17676,17674,development,3
17677,17675,development,1
17678,17676,holdout,0
17679,17677,development,2
17680,17678,development,3
17681,3584,development,1
17682,17680,development,1
17683,17681,development,3
17684,17682,holdout,0
17685,646,development,3
17686,17684,development,2
17687,3888,development,2
17688,17686,development,1
17689,17687,development,2
17690,17688,development,3
17691,252,development,1
17692,2114,development,3
17693,17691,development,1
17694,2708,development,1
17695,2741,development,3
17696,17694,development,2
17697,17695,holdout,0
17698,17696,development,3
17699,17697,development,1
17700,2365,development,3
17701,17699,development,2
17702,474,development,3
17703,17701,holdout,0
17704,17702,development,3
17705,17703,development,1
17706,17704,development,2
17707,19,holdout,0
17708,17706,holdout,0
17709,7,development,3
17710,17708,development,3
17711,17709,development,2
17712,17710,development,1
17713,17711,development,3
17714,4686,holdout,0
17715,14021,development,1
17716,17714,development,1
17717,17715,holdout,0
17718,17716,development,2
17719,17717,development,3
17720,17718,development,2
17721,17719,holdout,0
17722,17720,development,1
17723,17721,development,2
17724,17722,development,3
17725,17723,development,1
17726,17724,holdout,0
17727,7000,development,2
17728,17726,development,3
17729,17727,development,1
17730,17728,development,2
17731,17729,development,3
17732,17730,holdout,0
17733,3842,development,2
17734,17732,development,3
17735,17733,development,1
17736,17734,development,2
17737,17735,development,1
17738,17736,development,3
17739,7,development,3
17740,17738,development,2
17741,94,development,1
17742,17740,development,3
17743,17741,holdout,0
17744,2157,holdout,0
17745,17743,development,2
17746,17744,development,1
17747,17745,holdout,0
17748,2898,development,3
17749,17747,development,1
17750,17748,development,2
17751,17749,development,3
17752,17750,development,1
17753,17751,holdout,0
17754,17752,development,2
17755,17753,development,1
17756,17754,development,3
17757,17755,holdout,0
17758,17756,development,2
17759,946,development,1
17760,2344,development,1
17761,6492,development,2
17762,7,development,3
17763,17761,development,1
17764,17762,development,3
17765,683,holdout,0
17766,17764,development,2
17767,17765,holdout,0
17768,17766,development,3
17769,17767,development,2
17770,17768,development,1
17771,17769,development,3
17772,557,development,1
17773,10663,development,1
17774,17772,development,1
17775,17773,holdout,0
17776,17774,development,2
17777,17775,holdout,0
17778,17776,development,3
17779,17777,development,3
17780,17778,development,1
17781,17779,holdout,0
17782,17780,development,2
17783,17781,development,2
17784,17782,development,1
17785,1033,development,3
17786,17784,development,3
17787,17785,development,1
17788,17786,development,2
17789,17787,development,3
17790,17788,development,1
17791,17789,holdout,0
17792,17790,development,3
17793,17791,development,2
17794,17792,holdout,0
17795,17793,development,1
17796,1757,development,3
17797,17795,development,2
17798,17796,development,3
17799,17797,development,1
17800,17798,holdout,0
17801,17799,development,2
17802,17800,development,3
17803,17801,development,1
17804,17802,holdout,0
17805,2114,development,3
17806,3231,development,3
17807,17805,development,2
17808,17806,development,3
17809,14021,development,1
17810,17808,development,1
17811,17809,development,2
17812,17810,development,3
17813,17811,holdout,0
17814,9347,holdout,0
17815,17813,development,1
17816,17814,development,2
17817,17815,development,3
17818,17816,development,3
17819,17817,holdout,0
17820,17818,development,1
17821,17819,development,2
17822,17820,development,1
17823,17821,development,2
17824,17822,development,1
17825,17823,holdout,0
17826,17824,development,3
17827,17825,development,2
17828,17826,development,1
17829,17827,holdout,0
17830,17828,development,3
17831,17829,development,3
17832,17830,development,2
17833,17831,development,1
17834,17832,holdout,0
17835,3908,development,3
17836,17834,development,3
17837,17835,development,1
17838,17836,development,2
17839,17837,development,2
17840,7,development,3
17841,17839,development,3
17842,17840,development,1
17843,17841,holdout,0
17844,7,development,3
17845,17843,development,2
17846,17844,development,3
17847,17845,holdout,0
17848,17846,development,1
17849,33,development,3
17850,17848,development,2
17851,17849,development,3
17852,17850,development,2
17853,17851,development,1
17854,17852,holdout,0
17855,17853,development,3
17856,3257,development,3
17857,17855,development,1
17858,17856,development,2
17859,17857,holdout,0
17860,17858,development,3
17861,17859,development,1
17862,17860,development,2
17863,17861,development,3
17864,17862,development,1
17865,17863,development,2
17866,17864,holdout,0
17867,17865,development,3
17868,3551,holdout,0
17869,549,holdout,0
17870,17868,development,2
17871,17869,holdout,0
17872,17870,development,1
17873,17871,development,3
17874,9125,development,1
17875,17873,development,2
17876,17874,development,1
17877,17875,development,3
17878,17876,development,1
17879,819,development,2
17880,17878,holdout,0
17881,17879,development,3
17882,17880,development,2
17883,17881,development,1
17884,17882,holdout,0
17885,17883,development,3
17886,17884,development,1
17887,17885,development,3
17888,17886,holdout,0
17889,17887,development,2
17890,5603,holdout,0
17891,17889,development,2
17892,17890,development,3
17893,17891,development,1
17894,17892,development,3
17895,1195,holdout,0
17896,17894,development,2
17897,675,development,1
17898,271,development,1
17899,17897,holdout,0
17900,17898,development,1
17901,782,holdout,0
17902,17900,development,2
17903,107,development,1
17904,17902,holdout,0
17905,17903,development,1
17906,271,development,1
17907,6800,development,1
17908,17906,development,3
17909,17907,development,2
17910,17908,development,1
17911,17909,holdout,0
17912,17910,development,2
17913,1755,development,1
17914,17912,development,3
17915,17913,development,1
17916,3978,development,3
17917,17915,development,2
17918,1914,development,3
17919,17917,holdout,0
17920,17918,development,3
17921,7,development,3
17922,843,development,3
17923,17921,development,1
17924,17922,development,2
17925,107,development,1
17926,17924,development,3
17927,13469,development,3
17928,17926,holdout,0
17929,17927,development,1
17930,17928,development,3
17931,17929,holdout,0
17932,17930,development,2
17933,17931,development,1
17934,17932,development,2
17935,17933,development,2
17936,17934,development,3
17937,17935,development,1
17938,17936,development,1
17939,3260,development,1
17940,17938,development,3
17941,17939,holdout,0
17942,17940,development,1
17943,17941,development,2
17944,17942,development,3
17945,17943,development,1
17946,331,development,2
17947,17945,holdout,0
17948,17946,development,2
17949,17947,development,3
17950,17948,holdout,0
17951,17949,development,3
17952,755,development,2
17953,17951,development,2
17954,17952,development,1
17955,17953,development,3
17956,17954,holdout,0
17957,17955,development,1
17958,17956,development,2
17959,17957,development,3
17960,36,development,2
17961,16,development,1
17962,17960,holdout,0
17963,17961,development,1
17964,17962,development,2
17965,17714,development,1
17966,271,development,1
17967,17965,development,3
17968,17966,development,1
17969,17967,holdout,0
17970,17968,development,2
17971,17969,development,2
17972,17970,holdout,0
17973,17971,development,3
17974,17972,development,3
17975,17973,development,1
17976,1458,development,1
17977,17975,development,2
17978,17976,development,3
17979,17977,holdout,0
17980,17978,development,1
17981,17979,holdout,0
17982,17980,development,2
17983,17981,development,3
17984,438,development,1
17985,271,development,1
17986,17984,development,1
17987,17985,development,3
17988,14854,development,2
17989,17987,development,2
17990,1212,development,3
17991,17989,development,3
17992,17990,holdout,0
17993,17991,development,1
17994,16,development,1
17995,17993,development,3
17996,17441,development,3
17997,6879,development,3
17998,107,development,1
17999,1952,development,2
18000,17998,development,2
18001,17999,development,1
18002,18000,development,2
18003,18001,holdout,0
18004,18002,development,1
18005,18003,development,2
18006,6894,development,3
18007,18005,development,3
18008,18006,development,1
18009,8206,development,3
18010,18008,holdout,0
18011,18009,development,2
18012,3394,development,3
18013,413,development,3
18014,18012,development,3
18015,18013,development,1
18016,18014,development,2
18017,2365,development,3
18018,18016,development,3
18019,18017,development,1
18020,18018,holdout,0
18021,18019,development,2
18022,18020,development,2
18023,18021,holdout,0
18024,18022,development,3
18025,18023,development,3
18026,18024,development,3
18027,18025,development,1
18028,306,holdout,0
18029,18027,development,1
18030,18028,development,2
18031,18029,development,3
18032,18030,holdout,0
18033,3677,development,3
18034,18032,development,1
18035,18033,development,2
18036,13230,development,3
18037,171,development,2
18038,18036,development,3
18039,18037,holdout,0
18040,18038,development,2
18041,18039,development,1
18042,18040,development,3
18043,18041,holdout,0
18044,18042,development,1
18045,18043,development,3
18046,18044,development,2
18047,18045,development,1
18048,18046,development,2
18049,18047,holdout,0
18050,474,development,3
18051,18049,development,3
18052,1114,development,1
18053,18051,development,3
18054,18052,development,1
18055,18053,development,2
18056,18054,holdout,0
18057,18055,holdout,0
18058,18056,development,3
18059,18057,development,3
18060,18058,development,1
18061,18059,development,2
18062,18060,development,1
18063,18061,development,3
18064,18062,development,1
18065,18063,development,2
18066,18064,holdout,0
18067,18065,development,3
18068,2917,holdout,0
18069,9535,development,2
18070,18068,development,2
18071,12814,holdout,0
18072,18070,development,1
18073,18071,development,2
18074,18072,holdout,0
18075,18073,development,1
18076,18074,development,1
18077,18075,holdout,0
18078,3484,development,1
18079,18077,development,1
18080,18078,development,3
18081,107,development,1
18082,18080,development,2
18083,2914,development,3
18084,18082,development,2
18085,3202,development,1
18086,18084,development,3
18087,107,development,1
18088,18086,development,1
18089,18087,development,2
18090,18088,development,3
18091,1551,holdout,0
18092,3978,development,3
18093,18091,development,1
18094,18092,development,2
18095,18093,development,3
18096,18094,holdout,0
18097,18095,development,1
18098,668,development,1
18099,755,development,2
18100,18098,development,2
18101,18099,development,2
18102,4871,development,2
18103,18101,holdout,0
18104,18102,development,3
18105,18103,development,1
18106,18104,development,3
18107,18105,development,1
18108,18106,holdout,0
18109,18107,development,2
18110,5596,development,2
18111,11578,development,1
18112,1195,holdout,0
18113,3297,development,1
18114,18112,development,1
18115,421,holdout,0
18116,18114,development,3
18117,18115,development,3
18118,18116,development,2
18119,18117,holdout,0
18120,18118,development,3
18121,18119,development,3
18122,18120,development,1
18123,18121,development,2
18124,18122,development,2
18125,18123,holdout,0
18126,18124,development,1
18127,2765,development,2
18128,18126,development,3
18129,18127,development,2
18130,18128,holdout,0
18131,18129,development,1
18132,452,development,3
18133,18131,development,1
18134,18132,development,2
18135,1864,development,2
18136,1020,development,2
18137,18135,development,3
18138,18136,holdout,0
18139,18137,development,3
18140,18138,development,1
18141,24,development,3
18142,18140,development,3
18143,18141,development,2
18144,18142,development,1
18145,13699,development,1
18146,18144,development,2
18147,18145,holdout,0
18148,18146,development,3
18149,18147,development,3
18150,18148,development,2
18151,18149,holdout,0
18152,16,development,1
18153,18151,development,1
18154,18152,development,3
18155,18153,development,1
18156,18154,development,2
18157,36,development,2
18158,18156,holdout,0
18159,18157,development,3
18160,18158,development,1
18161,18159,development,3
18162,18160,development,2
18163,18161,holdout,0
18164,36,development,2
18165,18163,development,2
18166,18164,development,1
18167,18165,development,3
18168,18166,holdout,0
18169,18167,development,1
18170,513,development,2
18171,18169,development,3
18172,18170,development,2
18173,18171,development,1
18174,18172,development,3
18175,18173,development,1
18176,18174,holdout,0
18177,18175,development,2
18178,18176,development,2
18179,18177,development,3
18180,18178,holdout,0
18181,309,development,1
18182,18180,development,1
18183,18181,development,3
18184,18182,development,1
18185,18183,development,3
18186,18184,development,1
18187,18185,holdout,0
18188,18186,development,1
18189,18187,development,1
18190,18188,development,2
18191,18189,holdout,0
18192,18190,development,3
18193,306,holdout,0
18194,715,holdout,0
18195,18193,holdout,0
18196,18194,development,1
18197,211,holdout,0
18198,166,development,2
18199,18197,development,1
18200,18198,development,2
18201,18199,development,3
18202,7,development,3
18203,18201,holdout,0
18204,18202,development,2
18205,18203,development,3
18206,7,development,3
18207,18205,development,1
18208,18206,holdout,0
18209,18207,development,2
18210,10505,development,2
18211,18209,holdout,0
18212,1085,development,1
18213,18211,development,1
18214,18212,development,1
18215,18213,development,3
18216,2114,development,3
18217,18215,development,3
18218,18216,development,3
18219,16,development,1
18220,18218,development,2
18221,18219,holdout,0
18222,18220,development,1
18223,18221,development,3
18224,284,development,3
18225,18223,development,1
18226,18224,development,2
18227,18225,holdout,0
18228,18226,development,2
18229,18227,development,3
18230,18228,development,1
18231,5448,holdout,0
18232,18230,development,2
18233,18231,development,3
18234,18232,holdout,0
18235,18233,development,2
18236,18234,development,3
18237,18235,development,1
18238,18236,development,1
18239,18237,development,2
18240,18238,development,1
18241,18239,holdout,0
18242,16,development,1
18243,581,development,3
18244,7,development,3
18245,18243,development,2
18246,18244,holdout,0
18247,18245,development,3
18248,16,development,1
18249,18247,development,3
18250,18248,development,1
18251,194,development,1
18252,7,development,3
18253,3584,development,1
18254,1020,development,2
18255,12142,development,3
18256,178,development,2
18257,18255,development,2
18258,650,development,2
18259,18257,development,3
18260,18258,development,1
18261,9981,holdout,0
18262,18260,development,2
18263,18261,holdout,0
18264,18262,development,3
18265,18263,holdout,0
18266,18264,development,1
18267,18265,development,2
18268,3887,development,1
18269,18267,development,1
18270,18268,development,3
18271,2366,development,3
18272,18270,development,3
18273,271,development,1
18274,18272,development,2
18275,18273,development,1
18276,18274,holdout,0
18277,18275,development,2
18278,274,development,3
18279,2906,development,2
18280,18278,holdout,0
18281,18279,development,3
18282,18280,development,1
18283,18281,development,3
18284,1239,development,3
18285,18283,development,2
18286,18284,holdout,0
18287,18285,development,3
18288,18286,development,1
18289,18287,development,1
18290,18288,development,2
18291,18289,development,3
18292,18290,development,1
18293,18291,development,3
18294,18292,holdout,0
18295,18293,development,2
18296,14584,development,2
18297,18295,holdout,0
18298,18296,development,1
18299,18297,development,3
18300,7,development,3
18301,17663,development,3
18302,18300,development,2
18303,18301,holdout,0
18304,18302,development,1
18305,18303,development,2
18306,18304,development,3
18307,1327,development,3
18308,18306,development,1
18309,18307,development,3
18310,18308,development,2
18311,18309,development,3
18312,18310,development,1
18313,18311,holdout,0
18314,18312,development,2
18315,18313,holdout,0
18316,18314,holdout,0
18317,18315,development,3
18318,18316,development,1
18319,18317,development,2
18320,18318,development,2
18321,18319,development,1
18322,18320,development,1
18323,18321,development,2
18324,18322,development,3
18325,2538,development,1
18326,18324,development,1
18327,18325,holdout,0
18328,18326,development,2
18329,18327,development,2
18330,18328,development,3
18331,1249,development,2
18332,18330,development,3
18333,18331,development,1
18334,18332,development,2
18335,18333,development,2
18336,675,development,1
18337,18335,development,1
18338,18336,holdout,0
18339,18337,development,3
18340,1212,development,3
18341,18339,development,1
18342,18340,holdout,0
18343,18341,development,2
18344,18342,development,3
18345,18343,development,2
18346,36,development,2
18347,18345,development,3
18348,18346,holdout,0
18349,18347,development,1
18350,18348,development,3
18351,18349,development,2
18352,18350,development,1
18353,18351,holdout,0
18354,18352,development,3
18355,18353,development,2
18356,18354,development,3
18357,3258,development,2
18358,18356,holdout,0
18359,18357,development,1
18360,18358,development,2
18361,18359,development,1
18362,18360,holdout,0
18363,18361,development,1
18364,18362,development,2
18365,18363,development,3
18366,177,development,1
18367,18365,development,2
18368,18366,development,2
18369,18367,holdout,0
18370,18368,development,3
18371,18369,development,1
18372,18370,development,1
18373,18371,development,3
18374,4697,development,2
18375,2951,development,1
18376,18374,development,2
18377,1020,development,2
18378,1651,holdout,0
18379,18377,holdout,0
18380,18378,development,3
18381,18379,holdout,0
18382,18380,development,1
18383,18381,development,1
18384,18382,development,2
18385,18383,development,3
18386,18384,development,1
18387,18385,development,2
18388,18386,development,3
18389,18387,development,2
18390,18388,development,3
18391,18389,development,1
18392,18390,holdout,0
18393,14974,development,1
18394,18392,holdout,0
18395,7212,development,1
18396,18394,development,1
18397,18395,development,1
18398,18396,development,2
18399,18397,development,3
18400,18398,development,2
18401,178,development,2
18402,18400,holdout,0
18403,18401,development,3
18404,271,development,1
18405,240,development,1
18406,18404,development,1
18407,18405,holdout,0
18408,18406,development,2
18409,18407,development,3
18410,18408,development,2
18411,18409,development,1
18412,18410,holdout,0
18413,18411,development,3
18414,18412,development,2
18415,18413,development,3
18416,18414,development,1
18417,755,development,2
18418,18416,holdout,0
18419,3504,development,1
18420,4353,development,3
18421,18419,development,1
18422,18420,development,2
18423,18421,development,3
18424,18422,development,1
18425,18423,development,2
18426,18424,holdout,0
18427,18425,development,3
18428,18426,development,1
18429,18427,development,3
18430,18428,development,2
18431,18429,holdout,0
18432,18430,development,1
18433,18431,development,2
18434,18432,development,3
18435,18433,development,1
18436,18434,development,2
18437,18435,development,3
18438,2212,development,2
18439,18437,development,2
18440,18438,holdout,0
18441,1336,development,3
18442,18440,holdout,0
18443,1541,development,3
18444,18442,development,3
18445,457,development,1
18446,18444,development,1
18447,18445,development,3
18448,3425,development,1
18449,2833,development,2
18450,18448,development,2
18451,19,holdout,0
18452,18450,development,1
18453,18451,development,1
18454,18452,holdout,0
18455,18453,development,2
18456,18454,development,3
18457,18455,holdout,0
18458,18456,development,2
18459,18457,development,3
18460,18458,development,1
18461,16,development,1
18462,18460,development,3
18463,18461,holdout,0
18464,7184,holdout,0
18465,18463,development,1
18466,18464,development,2
18467,18465,development,2
18468,18466,development,3
18469,18467,holdout,0
18470,18468,development,1
18471,18469,development,3
18472,18470,development,2
18473,18471,holdout,0
18474,18472,development,2
18475,18473,development,3
18476,107,development,1
18477,18475,development,1
18478,18476,development,3
18479,16,development,1
18480,5040,holdout,0
18481,11526,development,3
18482,18480,holdout,0
18483,18481,development,1
18484,18482,holdout,0
18485,18483,development,3
18486,18484,development,2
18487,18485,development,1
18488,18486,development,3
18489,18487,holdout,0
18490,18488,development,2
18491,18489,development,2
18492,18490,development,1
18493,675,development,1
18494,18492,holdout,0
18495,18493,development,1
18496,18494,development,2
18497,18495,development,3
18498,18496,development,1
18499,19,holdout,0
18500,18498,holdout,0
18501,18499,development,2
18502,18500,development,1
18503,18501,development,3
18504,18502,development,2
18505,18503,development,3
18506,18504,holdout,0
18507,7862,holdout,0
18508,18506,development,2
18509,18507,development,1
18510,18508,development,3
18511,11461,development,2
18512,18510,development,3
18513,2765,development,2
18514,7,development,3
18515,18513,holdout,0
18516,18514,development,1
18517,421,holdout,0
18518,18516,development,2
18519,18517,development,1
18520,4658,development,1
18521,18519,development,2
18522,18520,holdout,0
18523,18521,development,3
18524,18522,development,3
18525,18523,development,1
18526,18524,development,2
18527,18525,holdout,0
18528,18526,development,2
18529,18527,development,1
18530,18528,development,3
18531,773,development,1
18532,18530,holdout,0
18533,18531,holdout,0
18534,18532,development,2
18535,18533,development,1
18536,18534,development,3
18537,18535,development,3
18538,18536,development,1
18539,18537,development,2
18540,737,development,3
18541,18539,development,1
18542,18540,development,3
18543,18541,holdout,0
18544,1292,holdout,0
18545,18543,development,2
18546,36,development,2
18547,18545,development,3
18548,8223,development,2
18549,18547,development,1
18550,4623,development,2
18551,18549,development,2
18552,18550,holdout,0
18553,18551,development,2
18554,18552,development,3
18555,18553,development,1
18556,38,holdout,0
18557,675,development,1
18558,18556,development,3
18559,18557,development,1
18560,7,development,3
18561,14834,holdout,0
18562,18560,holdout,0
18563,18561,development,2
18564,319,development,2
18565,18563,development,3
18566,18564,development,1
18567,18565,development,3
18568,18566,holdout,0
18569,18567,development,1
18570,798,development,2
18571,18569,holdout,0
18572,18570,development,2
18573,18571,development,3
18574,18572,development,2
18575,18573,development,2
18576,18574,development,1
18577,633,holdout,0
18578,53,development,3
18579,18577,development,3
18580,18578,development,1
18581,9356,development,1
18582,18580,holdout,0
18583,18581,development,3
18584,1725,holdout,0
18585,18583,development,2
18586,18584,development,2
18587,18585,development,3
18588,18586,holdout,0
18589,18587,development,3
18590,18588,development,1
18591,18589,development,1
18592,18590,development,2
18593,18591,holdout,0
18594,18592,development,3
18595,2507,development,2
18596,18594,development,3
18597,18595,development,1
18598,18596,holdout,0
18599,18597,development,2
18600,18598,development,2
18601,1783,development,3
18602,18600,development,3
18603,18601,development,1
18604,18602,development,2
18605,24,development,3
18606,18604,development,3
18607,18605,development,2
18608,36,development,2
18609,18607,holdout,0
18610,24,development,3
18611,7,development,3
18612,18610,development,1
18613,18611,development,1
18614,18612,development,2
18615,18613,holdout,0
18616,18614,development,3
18617,18615,development,3
18618,18616,development,1
18619,18617,development,2
18620,18618,holdout,0
18621,18619,development,1
18622,18620,development,2
18623,18621,development,3
18624,18622,holdout,0
18625,18623,development,2
18626,7000,development,2
18627,18625,development,1
18628,18626,development,3
18629,18627,development,1
18630,18628,development,2
18631,18629,holdout,0
18632,18630,development,3
18633,675,development,1
18634,18632,development,1
18635,18633,development,2
18636,18634,holdout,0
18637,7,development,3
18638,18636,development,1
18639,5596,development,2
18640,18638,development,3
18641,18639,development,3
18642,18640,development,1
18643,12392,development,2
18644,18642,holdout,0
18645,2095,development,2
18646,18644,development,2
18647,18645,development,1
18648,18646,development,3
18649,18647,development,2
18650,18648,holdout,0
18651,18649,development,3
18652,18650,development,1
18653,271,development,1
18654,3551,holdout,0
18655,18653,development,2
18656,12730,holdout,0
18657,403,development,3
18658,8259,development,2
18659,18657,development,3
18660,18658,development,3
18661,9788,development,3
18662,18660,development,1
18663,16,development,1
18664,18662,holdout,0
18665,18663,development,1
18666,18664,development,3
18667,18665,development,2
18668,3451,development,1
18669,18667,development,2
18670,18668,holdout,0
18671,375,development,1
18672,18670,development,1
18673,18671,development,2
18674,18672,holdout,0
18675,8993,development,3
18676,18674,development,3
18677,18675,development,1
18678,18676,development,3
18679,18677,development,1
18680,18678,holdout,0
18681,18679,development,2
18682,18680,development,3
18683,737,development,3
18684,18682,development,2
18685,18683,development,1
18686,18684,development,3
18687,7518,holdout,0
18688,18686,holdout,0
18689,18687,development,1
18690,18688,development,2
18691,166,development,2
18692,18690,development,3
18693,1020,development,2
18694,18692,development,3
18695,18693,holdout,0
18696,18694,development,1
18697,18695,development,2
18698,18696,development,1
18699,683,holdout,0
18700,18698,development,1
18701,18699,holdout,0
18702,18700,development,2
18703,3582,holdout,0
18704,18702,development,3
18705,18703,development,1
18706,18704,holdout,0
18707,7,development,3
18708,18706,development,3
18709,18707,development,2
18710,18708,development,1
18711,18709,development,3
18712,1099,holdout,0
18713,18711,holdout,0
18714,18712,development,2
18715,18713,development,1
18716,11533,development,3
18717,18715,development,2
18718,18716,development,3
18719,1152,holdout,0
18720,18718,development,2
18721,18719,development,1
18722,18720,development,3
18723,18721,holdout,0
18724,18722,development,1
18725,18723,development,2
18726,18724,holdout,0
18727,18725,development,3
18728,6226,holdout,0
18729,18727,development,1
18730,18728,development,2
18731,18729,development,3
18732,18730,development,1
18733,18731,development,3
18734,1020,development,2
18735,18733,development,2
18736,3646,development,2
18737,18735,holdout,0
18738,3251,holdout,0
18739,18737,development,1
18740,18738,development,2
18741,18739,development,3
18742,18740,holdout,0
18743,18741,holdout,0
18744,11910,development,2
18745,18743,development,2
18746,18744,development,1
18747,18745,holdout,0
18748,18746,development,3
18749,18747,development,1
18750,18748,development,2
18751,18749,development,3
18752,18750,development,1
18753,18751,holdout,0
18754,271,development,1
18755,18753,development,3
18756,7,development,3
18757,18755,development,2
18758,715,holdout,0
18759,18757,development,1
18760,18758,development,1
18761,18759,development,2
18762,18760,holdout,0
18763,18761,development,3
18764,16,development,1
18765,13201,development,2
18766,3231,development,3
18767,4176,development,2
18768,18766,development,2
18769,18767,development,3
18770,18768,holdout,0
18771,18769,development,3
18772,18770,development,3
18773,11268,development,1
18774,7229,holdout,0
18775,18773,development,1
18776,18774,development,2
18777,18775,development,1
18778,18776,holdout,0
18779,18777,development,2
18780,7063,development,2
18781,18779,development,3
18782,675,development,1
18783,18781,development,1
18784,18782,development,2
18785,18783,development,3
18786,18784,holdout,0
18787,18785,development,2
18788,8810,development,2
18789,18787,development,1
18790,18788,development,3
18791,18789,holdout,0
18792,18790,development,3
18793,18791,development,1
18794,18792,development,2
18795,18793,holdout,0
18796,4987,development,1
18797,18795,development,2
18798,18796,development,1
18799,18797,development,2
18800,18798,development,3
18801,18799,development,1
18802,18800,holdout,0
18803,18801,development,2
18804,7,development,3
18805,18803,development,3
18806,18804,development,1
18807,18805,development,2
18808,18806,development,1
18809,18807,holdout,0
18810,18808,development,3
18811,18809,development,2
18812,6919,development,1
18813,18811,development,3
18814,18812,development,1
18815,18813,holdout,0
18816,18814,development,2
18817,18815,development,3
18818,18816,development,3
18819,946,development,1
18820,18818,development,1
18821,18819,holdout,0
18822,4491,development,2
18823,18821,development,2
18824,18822,development,1
18825,8935,development,2
18826,18824,development,2
18827,18825,holdout,0
18828,18826,development,3
18829,18827,development,1
18830,18828,development,1
18831,7862,holdout,0
18832,18830,development,2
18833,1172,development,2
18834,16,development,1
18835,18833,development,3
18836,18834,development,3
18837,18835,holdout,0
18838,18836,development,1
18839,2742,development,1
18840,18838,development,2
18841,18839,development,2
18842,18840,development,3
18843,18841,holdout,0
18844,18842,development,1
18845,18843,development,2
18846,18844,development,3
18847,18845,holdout,0
18848,18846,development,3
18849,18847,development,1
18850,18848,development,2
18851,18849,development,1
18852,18850,holdout,0
18853,18851,development,2
18854,18852,development,3
18855,18853,development,1
18856,18854,development,2
18857,1378,development,3
18858,18856,development,2
18859,14021,development,1
18860,18858,development,3
18861,17623,development,1
18862,11595,development,2
18863,18861,holdout,0
18864,1170,holdout,0
18865,18863,development,3
18866,0,development,3
18867,18865,development,1
18868,18866,development,2
18869,5682,development,3
18870,18868,holdout,0
18871,1336,development,3
18872,18870,development,2
18873,680,development,1
18874,18872,development,1
18875,18873,development,3
18876,18874,development,2
18877,1540,development,1
18878,18876,development,3
18879,18877,development,1
18880,18878,development,2
18881,18879,holdout,0
18882,18880,development,1
18883,18170,development,2
18884,2121,development,1
18885,421,holdout,0
18886,18884,development,3
18887,18885,holdout,0
18888,18886,development,3
18889,18887,development,2
18890,18888,development,1
18891,18889,development,3
18892,18890,development,2
18893,18891,holdout,0
18894,18892,development,3
18895,18893,development,1
18896,18894,development,2
18897,18895,development,3
18898,5044,development,2
18899,36,development,2
18900,18898,holdout,0
18901,474,development,3
18902,271,development,1
18903,513,development,2
18904,18902,development,1
18905,18903,development,2
18906,18904,development,2
18907,18905,holdout,0
18908,18906,development,3
18909,18907,development,1
18910,18908,development,3
18911,18909,development,2
18912,18910,holdout,0
18913,18911,development,3
18914,3350,development,1
18915,18913,development,1
18916,18914,development,2
18917,0,development,3
18918,18916,development,3
18919,524,development,1
18920,18918,development,1
18921,18919,development,2
18922,18920,development,1
18923,18921,development,1
18924,18922,holdout,0
18925,18923,development,3
18926,18924,development,3
18927,38,holdout,0
18928,18926,holdout,0
18929,194,development,1
18930,18928,development,2
18931,18929,development,3
18932,18930,development,1
18933,18931,holdout,0
18934,18932,development,2
18935,18933,development,3
18936,11578,development,1
18937,18935,development,2
18938,18936,development,1
18939,18937,holdout,0
18940,18938,development,3
18941,18939,development,1
18942,18940,development,3
18943,18941,development,3
18944,18942,development,2
18945,1401,development,1
18946,18944,development,2
18947,18945,holdout,0
18948,18946,development,3
18949,18947,development,1
18950,18948,development,1
18951,18949,holdout,0
18952,18950,development,2
18953,18951,development,3
18954,18952,development,2
18955,18953,holdout,0
18956,18954,development,1
18957,18955,development,1
18958,18956,development,3
18959,7984,holdout,0
18960,18958,holdout,0
18961,18959,development,1
18962,18960,development,1
18963,7297,development,2
18964,18962,development,2
18965,18963,development,3
18966,9347,holdout,0
18967,18965,development,1
18968,252,development,1
18969,18967,development,2
18970,18968,development,3
18971,18969,holdout,0
18972,18970,development,1
18973,18971,development,2
18974,18972,development,3
18975,7667,development,1
18976,18974,development,3
18977,18975,holdout,0
18978,15404,holdout,0
18979,11778,development,3
18980,18978,development,1
18981,18979,development,2
18982,18980,development,1
18983,1928,development,2
18984,18982,holdout,0
18985,18983,development,1
18986,18984,development,2
18987,18985,development,1
18988,18986,development,3
18989,18987,development,2
18990,18988,holdout,0
18991,18989,development,3
18992,1755,development,1
18993,18991,development,1
18994,11595,development,2
18995,18993,development,3
18996,18994,development,2
18997,18995,holdout,0
18998,18996,development,1
18999,18997,development,2
19000,18998,development,3
19001,18999,development,3
19002,19000,development,1
19003,19001,holdout,0
19004,19002,holdout,0
19005,19003,development,2
19006,19004,development,1
19007,19005,development,2
19008,271,development,1
19009,19007,holdout,0
19010,2269,development,2
19011,19009,development,3
19012,19010,holdout,0
19013,6169,development,3
19014,19012,development,1
19015,19013,development,2
19016,19014,holdout,0
19017,19015,development,1
19018,10421,development,1
19019,19017,development,3
19020,19018,development,3
19021,16,development,1
19022,19020,development,2
19023,19021,development,1
19024,19022,development,2
19025,19023,holdout,0
19026,1015,development,1
19027,798,development,2
19028,19026,development,1
19029,19027,development,1
19030,2917,holdout,0
19031,19029,holdout,0
19032,9774,development,1
19033,19031,development,2
19034,19032,development,2
19035,19033,development,1
19036,19034,development,2
19037,19035,development,1
19038,19036,holdout,0
19039,19037,development,3
19040,19038,development,1
19041,19039,development,2
19042,19040,development,3
19043,19041,development,1
19044,1033,development,3
19045,19043,holdout,0
19046,166,development,2
19047,19045,development,2
19048,715,holdout,0
19049,19047,development,3
19050,19048,development,1
19051,19049,holdout,0
19052,19050,development,2
19053,19051,development,3
19054,19052,development,2
19055,19053,development,1
19056,19054,development,3
19057,19055,development,1
19058,2601,development,2
19059,19057,holdout,0
19060,19058,development,3
19061,36,development,2
19062,19060,development,2
19063,19061,development,2
19064,19062,development,1
19065,19063,development,1
19066,19064,holdout,0
19067,19065,development,2
19068,19066,development,2
19069,10144,holdout,0
19070,19068,holdout,0
19071,53,development,3
19072,19070,development,1
19073,19071,development,2
19074,19072,development,1
19075,19073,development,1
19076,19074,holdout,0
19077,36,development,2
19078,19076,development,2
19079,421,holdout,0
19080,19078,development,3
19081,19079,development,1
19082,19080,development,2
19083,7158,development,1
19084,19082,development,3
19085,38,holdout,0
19086,19084,holdout,0
19087,6511,development,2
19088,19086,development,1
19089,19087,development,2
19090,19088,holdout,0
19091,19089,development,3
19092,19090,development,1
19093,19091,development,2
19094,19092,development,3
19095,19093,development,2
19096,19094,development,1
19097,36,development,2
19098,17871,development,3
19099,271,development,1
19100,19098,holdout,0
19101,19099,development,3
19102,19100,development,1
19103,6928,development,2
19104,19102,development,2
19105,19103,development,3
19106,3713,development,1
19107,19105,development,2
19108,19106,holdout,0
19109,19107,development,1
19110,19108,holdout,0
19111,19109,development,3
19112,19110,development,3
19113,19111,development,1
19114,19112,development,2
19115,19113,development,1
19116,19114,development,1
19117,19115,holdout,0
19118,19116,development,3
19119,9788,development,3
19120,19118,development,3
19121,19119,development,1
19122,12769,development,1
19123,19121,development,2
19124,19122,development,3
19125,7,development,3
19126,841,development,1
19127,19125,development,1
19128,19126,development,2
19129,19127,holdout,0
19130,19128,development,3
19131,271,development,1
19132,19130,development,2
19133,11119,development,1
19134,19132,holdout,0
19135,19133,development,1
19136,19134,development,3
19137,19135,development,3
19138,2606,development,2
19139,19137,development,1
19140,19138,holdout,0
19141,4872,development,1
19142,3693,development,1
19143,19141,holdout,0
19144,19142,development,2
19145,19143,development,2
19146,19144,development,1
19147,19145,development,3
19148,19146,development,1
19149,19147,development,2
19150,19148,development,2
19151,19149,development,3
19152,19150,development,1
19153,19151,development,2
19154,10749,development,3
19155,19153,holdout,0
19156,19154,development,3
19157,581,development,3
19158,2504,development,1
19159,19157,development,1
19160,19158,development,3
19161,12730,holdout,0
19162,3451,development,1
19163,36,development,2
19164,19162,holdout,0
19165,19163,development,1
19166,271,development,1
19167,19165,development,2
19168,19166,development,3
19169,19167,development,2
19170,19168,development,1
19171,19169,holdout,0
19172,633,holdout,0
19173,19171,development,3
19174,19172,development,3
19175,19173,development,1
19176,7065,development,2
19177,19175,holdout,0
19178,7,development,3
19179,2833,development,2
19180,633,holdout,0
19181,19179,development,2
19182,19180,development,1
19183,19181,development,2
19184,36,development,2
19185,19183,development,3
19186,3437,development,3
19187,19185,development,3
19188,2100,development,2
19189,19187,development,2
19190,19188,holdout,0
19191,7701,development,1
19192,19190,development,1
19193,19191,development,3
19194,19192,holdout,0
19195,19193,development,1
19196,19194,development,2
19197,19195,development,1
19198,7,development,3
19199,19197,development,2
19200,19198,development,1
19201,2957,development,3
19202,19200,holdout,0
19203,19201,development,3
19204,19202,development,3
19205,19203,development,2
19206,19204,holdout,0
19207,19205,development,1
19208,19206,development,2
19209,19207,development,3
19210,19208,development,2
19211,16173,development,2
19212,457,development,1
19213,19211,development,3
19214,19212,holdout,0
19215,19213,development,1
19216,19214,development,2
19217,19215,development,3
19218,19216,development,1
19219,19217,holdout,0
19220,504,development,2
19221,19219,development,3
19222,19220,development,2
19223,19221,development,1
19224,19222,holdout,0
19225,19223,development,2
19226,19224,development,3
19227,19225,development,1
19228,19226,holdout,0
19229,166,development,2
19230,19228,development,2
19231,19229,development,3
19232,19230,development,1
19233,19231,development,2
19234,19232,development,3
19235,19233,development,1
19236,19234,holdout,0
19237,19100,development,1
19238,19236,development,3
19239,19237,development,2
19240,19238,holdout,0
19241,19239,development,2
19242,19240,development,1
19243,19241,development,3
19244,19242,development,1
19245,19243,development,2
19246,19244,holdout,0
19247,19245,development,3
19248,19246,development,2
19249,4721,holdout,0
19250,19248,development,1
19251,19249,holdout,0
19252,19250,development,1
19253,8861,development,1
19254,19252,development,3
19255,271,development,1
19256,19254,development,2
19257,1611,holdout,0
19258,19256,development,3
19259,19257,development,1
19260,19258,holdout,0
19261,6800,development,1
19262,19260,development,2
19263,19261,development,3
19264,19262,development,1
19265,19263,development,3
19266,9962,development,1
19267,19265,development,1
19268,581,development,3
19269,504,development,2
19270,19268,holdout,0
19271,19269,development,2
19272,19270,development,2
19273,19271,development,3
19274,421,holdout,0
19275,19273,development,3
19276,19274,holdout,0
19277,19275,development,1
19278,19276,development,2
19279,19277,development,1
19280,19278,development,2
19281,19279,holdout,0
19282,19280,development,1
19283,19281,development,3
19284,755,development,2
19285,2734,development,2
19286,36,development,2
19287,19285,development,2
19288,6188,holdout,0
19289,2900,development,1
19290,11420,development,3
19291,19289,holdout,0
19292,19290,development,3
19293,19291,development,1
19294,19292,development,2
19295,19293,development,3
19296,19294,holdout,0
19297,19295,development,1
19298,406,development,2
19299,19297,development,2
19300,19298,development,3
19301,19299,development,3
19302,0,development,3
19303,16,development,1
19304,798,development,2
19305,19303,holdout,0
19306,19304,development,1
19307,19305,development,1
19308,19306,development,2
19309,19307,development,3
19310,284,development,3
19311,3010,development,2
19312,19310,holdout,0
19313,9774,development,1
19314,19312,development,2
19315,3888,development,2
19316,19314,development,2
19317,19315,development,3
19318,19316,holdout,0
19319,19317,development,1
19320,19318,development,1
19321,19319,holdout,0
19322,19320,development,2
19323,19321,development,3
19324,19322,development,1
19325,19323,holdout,0
19326,19324,development,2
19327,19325,development,3
19328,19326,holdout,0
19329,19327,development,2
19330,126,development,1
19331,19329,development,1
19332,19330,development,2
19333,19331,development,3
19334,19332,development,1
19335,19333,development,2
19336,19334,holdout,0
19337,600,development,1
19338,91,development,3
19339,19337,development,3
19340,12578,development,1
19341,19339,development,1
19342,19340,development,3
19343,19341,holdout,0
19344,19342,development,2
19345,252,development,1
19346,549,holdout,0
19347,19345,development,1
19348,19346,development,2
19349,19347,development,3
19350,19348,development,3
19351,17156,development,2
19352,19350,development,1
19353,19351,holdout,0
19354,19352,development,2
19355,19353,development,1
19356,19354,holdout,0
19357,19355,development,3
19358,16,development,1
19359,19357,development,2
19360,19358,development,1
19361,19359,development,2
19362,12859,development,2
19363,211,holdout,0
19364,19362,holdout,0
19365,4491,development,2
19366,19364,development,3
19367,19365,development,1
19368,2323,development,2
19369,19367,development,3
19370,2317,development,3
19371,19369,development,3
19372,19370,development,2
19373,504,development,2
19374,19372,holdout,0
19375,19373,development,3
19376,19374,development,2
19377,421,holdout,0
19378,271,development,1
19379,19377,development,3
19380,19378,holdout,0
19381,65,holdout,0
19382,19380,development,1
19383,19381,development,3
19384,16827,development,3
19385,19383,holdout,0
19386,19384,development,1
19387,19385,development,2
19388,19386,development,3
19389,19387,development,2
19390,19388,development,1
19391,19389,holdout,0
19392,19390,development,3
19393,19391,development,1
19394,2121,development,1
19395,3027,development,3
19396,19394,development,2
19397,19395,holdout,0
19398,923,development,3
19399,19397,development,1
19400,19398,development,2
19401,19399,development,3
19402,19400,development,1
19403,19401,holdout,0
19404,19402,development,1
19405,19403,development,2
19406,19404,development,3
19407,4179,development,1
19408,19406,development,1
19409,19407,holdout,0
19410,19408,development,2
19411,19409,development,1
19412,19410,holdout,0
19413,19411,development,3
19414,914,development,1
19415,16,development,1
19416,19414,development,2
19417,19415,development,2
19418,19416,development,2
19419,19417,development,3
19420,19418,development,1
19421,19419,holdout,0
19422,19420,development,3
19423,19421,development,1
19424,19422,development,2
19425,19423,development,2
19426,19424,holdout,0
19427,19425,development,3
19428,2499,development,3
19429,36,development,2
19430,19428,development,1
19431,19429,development,3
19432,19430,development,1
19433,19431,development,3
19434,19432,development,2
19435,19433,holdout,0
19436,1790,development,3
19437,19435,development,2
19438,19436,development,3
19439,1076,holdout,0
19440,19438,development,1
19441,19439,holdout,0
19442,19440,development,3
19443,19441,development,1
19444,19442,development,2
19445,36,development,2
19446,19444,development,2
19447,36,development,2
19448,19446,development,1
19449,19447,development,3
19450,19448,development,1
19451,841,development,1
19452,19450,development,2
19453,19451,development,3
19454,19452,development,3
19455,19453,development,1
19456,19454,development,2
19457,0,development,3
19458,1611,holdout,0
19459,3888,development,2
19460,6774,development,1
19461,19459,development,2
19462,19460,development,1
19463,19461,holdout,0
19464,19462,development,3
19465,19463,development,2
19466,19464,holdout,0
19467,19465,development,1
19468,19466,development,2
19469,19467,development,3
19470,19468,development,3
19471,819,development,2
19472,19470,development,1
19473,168,holdout,0
19474,6471,development,1
19475,19473,holdout,0
19476,19474,development,2
19477,19475,development,1
19478,19,holdout,0
19479,19477,development,2
19480,19478,development,3
19481,349,development,1
19482,7,development,3
19483,19481,holdout,0
19484,19482,development,3
19485,19483,development,1
19486,2317,development,3
19487,7,development,3
19488,504,development,2
19489,16,development,1
19490,19488,development,2
19491,36,development,2
19492,19490,holdout,0
19493,19491,development,2
19494,19492,development,1
19495,19493,development,3
19496,19494,development,1
19497,2741,development,3
19498,19496,holdout,0
19499,19497,development,2
19500,724,development,3
19501,19499,development,3
19502,16247,development,2
19503,19501,development,1
19504,1293,development,1
19505,19503,holdout,0
19506,19504,development,2
19507,19505,development,1
19508,15774,development,3
19509,19507,development,2
19510,19508,development,2
19511,19509,development,3
19512,4132,development,2
19513,19511,holdout,0
19514,19512,development,1
19515,19513,holdout,0
19516,19514,development,3
19517,19515,development,2
19518,19516,development,3
19519,19517,development,3
19520,19518,development,3
19521,19519,development,2
19522,19520,holdout,0
19523,211,holdout,0
19524,19522,development,1
19525,19523,development,1
19526,19524,development,2
19527,19525,holdout,0
19528,641,development,3
19529,19527,development,3
19530,1579,development,1
19531,19529,development,1
19532,19530,development,2
19533,1942,development,1
19534,19532,development,3
19535,19533,development,1
19536,19534,holdout,0
19537,19535,development,2
19538,19536,development,3
19539,19537,holdout,0
19540,19538,development,1
19541,19539,development,2
19542,920,development,2
19543,19541,development,3
19544,3677,development,3
19545,271,development,1
19546,19544,development,1
19547,19545,development,2
19548,19546,holdout,0
19549,19547,development,3
19550,16017,development,2
19551,36,development,2
19552,19550,development,1
19553,19551,development,2
19554,19552,holdout,0
19555,2536,development,2
19556,1361,development,2
19557,19555,holdout,0
19558,19556,development,3
19559,19557,development,2
19560,19558,development,2
19561,19559,development,1
19562,19560,holdout,0
19563,19561,development,3
19564,6228,development,3
19565,19563,development,3
19566,19564,development,1
19567,648,holdout,0
19568,16040,development,2
19569,19567,development,2
19570,19568,holdout,0
19571,19569,development,3
19572,10105,development,1
19573,19571,development,1
19574,3584,development,1
19575,19573,development,2
19576,19574,development,1
19577,19575,development,3
19578,19576,holdout,0
19579,19577,development,2
19580,19578,development,1
19581,19579,development,2
19582,19580,development,3
19583,19581,holdout,0
19584,19582,development,2
19585,19583,development,1
19586,7,development,3
19587,19585,development,3
19588,19586,development,3
19589,7,development,3
19590,19588,holdout,0
19591,19589,development,1
19592,19590,development,3
19593,38,holdout,0
19594,19592,holdout,0
19595,19593,development,2
19596,19594,development,1
19597,3313,development,3
19598,19596,development,2
19599,19597,development,1
19600,19598,development,2
19601,19599,holdout,0
19602,19600,development,3
19603,19601,development,1
19604,271,development,1
19605,19603,development,3
19606,5529,development,3
19607,19605,holdout,0
19608,19606,development,2
19609,19607,development,2
19610,19608,development,1
19611,19609,development,3
19612,19610,holdout,0
19613,19611,development,2
19614,19612,development,1
19615,19613,development,3
19616,19614,development,1
19617,2116,holdout,0
19618,19616,development,1
19619,19617,holdout,0
19620,19618,development,2
19621,19619,development,2
19622,3251,holdout,0
19623,1239,development,3
19624,19622,development,3
19625,19623,holdout,0
19626,19624,development,1
19627,19625,development,2
19628,19626,development,3
19629,19627,development,3
19630,581,development,3
19631,19629,development,1
19632,19630,holdout,0
19633,19631,development,2
19634,610,development,2
19635,13298,development,3
19636,1212,development,3
19637,1790,development,3
19638,14893,development,3
19639,19637,development,3
19640,19638,development,1
19641,19639,holdout,0
19642,19640,development,1
19643,19641,development,2
19644,19642,development,1
19645,19643,development,2
19646,19644,development,2
19647,19645,holdout,0
19648,19646,development,3
19649,19647,development,3
19650,19648,development,1
19651,4623,development,2
19652,6559,development,3
19653,3978,development,3
19654,19652,development,2
19655,19653,development,2
19656,19654,development,1
19657,11268,development,1
19658,19656,development,3
19659,939,development,3
19660,19658,holdout,0
19661,19659,development,1
19662,19660,holdout,0
19663,19661,development,3
19664,19662,development,1
19665,19663,development,3
19666,19664,development,2
19667,19665,holdout,0
19668,19666,development,1
19669,19667,development,2
19670,19668,development,3
19671,19669,development,1
19672,19670,development,2
19673,19671,holdout,0
19674,117,development,3
19675,19673,development,3
19676,19674,development,3
19677,19675,development,1
19678,19676,holdout,0
19679,19677,development,1
19680,1490,development,3
19681,19679,development,2
19682,252,development,1
19683,19681,development,1
19684,19682,development,3
19685,6915,holdout,0
19686,7,development,3
19687,19685,development,2
19688,19686,development,2
19689,19687,holdout,0
19690,7901,development,2
19691,19689,development,1
19692,19690,development,3
19693,19691,holdout,0
19694,19692,development,1
19695,19693,development,3
19696,19694,development,2
19697,19695,development,2
19698,19696,development,3
19699,7,development,3
19700,19698,holdout,0
19701,19699,development,1
19702,91,development,3
19703,19701,development,2
19704,19702,development,1
19705,7,development,3
19706,19704,development,3
19707,19705,holdout,0
19708,19706,development,3
19709,19707,holdout,0
19710,19708,development,3
19711,19709,holdout,0
19712,19710,development,1
19713,19711,development,2
19714,19712,development,2
19715,19713,holdout,0
19716,19714,development,1
19717,19715,development,3
19718,19716,development,1
19719,19717,development,2
19720,19718,development,1
19721,19719,holdout,0
19722,19720,development,3
19723,19721,development,2
19724,19722,development,3
19725,19723,development,1
19726,19724,holdout,0
19727,19725,development,2
19728,19726,development,3
19729,19727,development,1
19730,19728,development,2
19731,19729,development,3
19732,19730,holdout,0
19733,19731,development,1
19734,1598,development,3
19735,19733,development,2
19736,19734,development,3
19737,19735,development,1
19738,19736,development,2
19739,19737,holdout,0
19740,19738,development,1
19741,939,development,3
19742,331,development,2
19743,19741,development,1
19744,19742,development,3
19745,19743,holdout,0
19746,19744,development,2
19747,19745,development,3
19748,19746,development,2
19749,19747,development,1
19750,19748,development,3
19751,19749,development,3
19752,19750,development,1
19753,19751,holdout,0
19754,19752,development,2
19755,19753,holdout,0
19756,19754,development,2
19757,19755,development,1
19758,19756,development,3
19759,19757,development,1
19760,1212,development,3
19761,19759,holdout,0
19762,19760,development,2
19763,211,holdout,0
19764,19762,development,3
19765,19763,development,1
19766,19764,holdout,0
19767,306,holdout,0
19768,19766,development,3
19769,19767,development,2
19770,19768,development,1
19771,19769,development,2
19772,19770,development,3
19773,19771,development,1
19774,19772,holdout,0
19775,19773,development,2
19776,19774,development,3
19777,19775,development,1
19778,19776,holdout,0
19779,19777,development,2
19780,19778,development,3
19781,19779,development,1
19782,1748,development,3
19783,5866,development,2
19784,12911,development,3
19785,14845,development,1
19786,779,development,1
19787,1800,development,3
19788,19786,development,2
19789,19787,development,2
19790,271,development,1
19791,19789,development,3
19792,19790,development,3
19793,19791,holdout,0
19794,19792,development,1
19795,19793,holdout,0
19796,19794,development,1
19797,19795,development,2
19798,19796,development,3
19799,19797,development,1
19800,19798,development,1
19801,19799,holdout,0
19802,6511,development,2
19803,19801,development,2
19804,19802,development,3
19805,19803,development,2
19806,19804,holdout,0
19807,19805,development,3
19808,19806,development,1
19809,19807,development,2
19810,19808,development,3
19811,16743,development,1
19812,19810,holdout,0
19813,19811,development,2
19814,19812,development,3
19815,19813,development,1
19816,503,holdout,0
19817,19815,holdout,0
19818,2833,development,2
19819,19817,development,1
19820,19818,development,2
19821,5532,development,3
19822,331,development,2
19823,19821,development,3
19824,715,holdout,0
19825,19823,development,1
19826,19824,development,2
19827,19825,holdout,0
19828,5402,development,2
19829,19827,development,3
19830,19828,development,1
19831,19829,development,2
19832,5396,holdout,0
19833,19831,holdout,0
19834,3409,development,2
19835,19833,development,3
19836,19834,development,1
19837,19835,development,2
19838,19836,development,3
19839,19837,development,1
19840,19838,holdout,0
19841,19839,development,3
19842,19840,development,3
19843,19841,holdout,0
19844,1453,development,1
19845,19843,development,2
19846,19844,development,1
19847,19845,development,2
19848,19846,holdout,0
19849,19847,development,2
19850,19848,development,1
19851,19849,development,3
19852,19850,development,1
19853,36,development,2
19854,19852,development,2
19855,19853,holdout,0
19856,19854,development,3
19857,19855,development,1
19858,19856,development,2
19859,19857,holdout,0
19860,19858,development,2
19861,19859,development,3
19862,19860,development,1
19863,19861,development,3
19864,19862,holdout,0
19865,271,development,1
19866,19864,development,1
19867,19865,development,1
19868,19866,development,2
19869,19867,development,3
19870,13441,development,2
19871,19869,holdout,0
19872,19870,development,3
19873,19871,development,2
19874,19872,development,1
19875,19873,development,3
19876,19874,holdout,0
19877,19875,development,2
19878,4648,development,1
19879,19877,development,3
19880,19878,development,1
19881,19879,development,1
19882,19880,development,2
19883,19881,holdout,0
19884,10996,development,3
19885,19883,development,2
19886,19884,development,3
19887,19885,development,1
19888,19886,development,2
19889,1239,development,3
19890,1020,development,2
19891,19889,holdout,0
19892,19890,development,1
19893,19891,development,3
19894,19892,development,2
19895,7,development,3
19896,6928,development,2
19897,1239,development,3
19898,19896,development,3
19899,19897,holdout,0
19900,19898,development,1
19901,19899,development,2
19902,19900,development,3
19903,19901,development,1
19904,19902,development,3
19905,19903,holdout,0
19906,19904,development,1
19907,19905,development,3
19908,19906,development,2
19909,19907,development,1
19910,19908,development,3
19911,19909,holdout,0
19912,19910,development,2
19913,19911,development,2
19914,19912,holdout,0
19915,252,development,1
19916,19914,development,1
19917,240,development,1
19918,19916,development,3
19919,19917,development,3
19920,19918,development,1
19921,244,holdout,0
19922,19920,development,2
19923,19921,development,1
19924,381,development,3
19925,19923,holdout,0
19926,19924,development,2
19927,19925,development,3
19928,19926,holdout,0
19929,19927,development,1
19930,19928,development,3
19931,19929,development,2
19932,19930,development,1
19933,5163,development,1
19934,19932,holdout,0
19935,19933,development,3
19936,19934,development,2
19937,19935,development,3
19938,19936,development,1
19939,19937,development,1
19940,19938,development,2
19941,19939,development,2
19942,19940,holdout,0
19943,19941,development,1
19944,19942,development,3
19945,19943,holdout,0
19946,19944,development,3
19947,19945,development,1
19948,24,development,3
19949,3602,development,1
19950,13053,development,2
19951,7,development,3
19952,19950,development,2
19953,19951,development,2
19954,19952,development,1
19955,19953,holdout,0
19956,211,holdout,0
19957,8675,development,2
19958,19956,development,3
19959,19957,development,1
19960,1848,holdout,0
19961,19959,development,2
19962,19960,development,3
19963,19961,holdout,0
19964,19962,development,1
19965,1683,development,2
19966,19964,development,2
19967,19965,holdout,0
19968,19966,holdout,0
19969,5277,development,2
19970,19968,development,3
19971,549,holdout,0
19972,19970,development,2
19973,19971,development,3
19974,19972,development,3
19975,19973,development,1
19976,19974,development,1
19977,19975,holdout,0
19978,19976,development,2
19979,3693,development,1
19980,19978,development,1
19981,19979,development,3
19982,19980,development,2
19983,19981,development,1
19984,19982,holdout,0
19985,16,development,1
19986,19984,development,2
19987,19985,development,3
19988,19986,development,1
19989,19987,holdout,0
19990,6363,development,2
19991,19989,development,1
19992,587,development,1
19993,10139,development,2
19994,19992,development,3
19995,19993,holdout,0
19996,19994,development,2
19997,19995,development,2
19998,19996,development,1
19999,19997,development,3
20000,19998,development,1
20001,19999,development,2
20002,11526,development,3
20003,20001,holdout,0
20004,20002,development,3
20005,20003,development,3
20006,20004,development,1
20007,20005,development,1
20008,20006,development,2
20009,20007,holdout,0
20010,20008,development,3
20011,20009,development,1
20012,36,development,2
20013,20011,development,2
20014,20012,development,3
20015,20013,development,1
20016,2440,holdout,0
20017,1020,development,2
20018,20016,holdout,0
20019,20017,development,3
20020,20018,development,2
20021,20019,development,2
20022,117,development,3
20023,20021,development,1
20024,20022,development,2
20025,20023,development,3
20026,36,development,2
20027,20025,holdout,0
20028,5688,holdout,0
20029,20027,development,3
20030,20028,development,1
20031,20029,holdout,0
20032,20030,development,1
20033,20031,development,3
20034,20032,development,2
20035,20033,development,1
20036,20034,holdout,0
20037,20035,development,3
20038,20036,development,1
20039,20037,development,2
20040,20038,development,3
20041,20039,development,2
20042,13230,development,3
20043,33,development,3
20044,675,development,1
20045,20043,development,3
20046,2269,development,2
20047,20045,development,1
20048,5101,holdout,0
20049,20047,holdout,0
20050,20048,development,2
20051,20049,development,2
20052,20050,development,3
20053,20051,holdout,0
20054,3451,development,1
20055,20053,development,1
20056,20054,development,1
20057,20055,development,2
20058,20056,development,3
20059,13474,development,1
20060,20058,development,1
20061,9279,development,3
20062,24,development,3
20063,1661,development,1
20064,20062,development,3
20065,20063,development,1
20066,178,development,2
20067,20065,development,3
20068,16,development,1
20069,20067,development,2
20070,20068,holdout,0
20071,20069,holdout,0
20072,20070,development,1
20073,20071,development,3
20074,20072,development,2
20075,20073,development,1
20076,20074,development,2
20077,20075,development,1
20078,20076,holdout,0
20079,12730,holdout,0
20080,16,development,1
20081,20079,development,3
20082,20080,development,2
20083,13169,development,3
20084,381,development,3
20085,20083,development,3
20086,20084,development,1
20087,9807,development,3
20088,1157,development,1
20089,20087,development,2
20090,20088,development,3
20091,20089,holdout,0
20092,1458,development,1
20093,20091,development,1
