GRID START pid=1 output=results/norberto-lora-grid-20260929-170333
DEVICE grid screening: cuda; backend=ROCM; name=AMD Radeon RX 6650 XT; requested=gpu
SCREENING START candidate-01 0.0001 4
Some weights of ModernBertForSequenceClassification were not initialized from the model checkpoint at Itau-Unibanco/NorBERTo-base and are newly initialized: ['classifier.bias', 'classifier.weight']
You should probably TRAIN this model on a down-stream task to be able to use it for predictions and inference.
  Trainable parameters: 272643; train=12982, inner_valid=3111
{'loss': 5.6488, 'grad_norm': 17.573328018188477, 'learning_rate': 7.78688524590164e-06, 'epoch': 0.024645717806531114}
  step=32/2436; epoch=0.039; training_minutes=0.51
{'loss': 5.3318, 'grad_norm': 15.5149507522583, 'learning_rate': 1.598360655737705e-05, 'epoch': 0.04929143561306223}
{'loss': 5.1493, 'grad_norm': 23.54958152770996, 'learning_rate': 2.418032786885246e-05, 'epoch': 0.07393715341959335}
  step=63/2436; epoch=0.078; training_minutes=1.01
{'loss': 4.7785, 'grad_norm': 14.768817901611328, 'learning_rate': 3.237704918032787e-05, 'epoch': 0.09858287122612445}
  step=95/2436; epoch=0.117; training_minutes=1.52
{'loss': 4.5414, 'grad_norm': 18.443988800048828, 'learning_rate': 4.057377049180328e-05, 'epoch': 0.12322858903265557}
{'loss': 4.6436, 'grad_norm': 19.211362838745117, 'learning_rate': 4.8770491803278687e-05, 'epoch': 0.1478743068391867}
  step=127/2436; epoch=0.157; training_minutes=2.02
{'loss': 4.6671, 'grad_norm': 13.754392623901367, 'learning_rate': 5.69672131147541e-05, 'epoch': 0.1725200246457178}
  step=158/2436; epoch=0.195; training_minutes=2.53
{'loss': 4.6326, 'grad_norm': 16.87481689453125, 'learning_rate': 6.516393442622951e-05, 'epoch': 0.1971657424522489}
{'loss': 4.5427, 'grad_norm': 29.37177085876465, 'learning_rate': 7.336065573770491e-05, 'epoch': 0.22181146025878004}
  step=189/2436; epoch=0.233; training_minutes=3.03
{'loss': 4.4029, 'grad_norm': 13.856192588806152, 'learning_rate': 8.155737704918032e-05, 'epoch': 0.24645717806531114}
{'loss': 4.5484, 'grad_norm': 17.93633460998535, 'learning_rate': 8.975409836065574e-05, 'epoch': 0.2711028958718423}
  step=222/2436; epoch=0.274; training_minutes=3.54
{'loss': 4.6844, 'grad_norm': 10.11965560913086, 'learning_rate': 9.795081967213115e-05, 'epoch': 0.2957486136783734}
  step=258/2436; epoch=0.318; training_minutes=4.05
{'loss': 4.3935, 'grad_norm': 16.424713134765625, 'learning_rate': 9.931569343065694e-05, 'epoch': 0.3203943314849045}
{'loss': 4.3454, 'grad_norm': 15.601905822753906, 'learning_rate': 9.840328467153285e-05, 'epoch': 0.3450400492914356}
  step=290/2436; epoch=0.357; training_minutes=4.56
{'loss': 4.3506, 'grad_norm': 11.079390525817871, 'learning_rate': 9.749087591240877e-05, 'epoch': 0.36968576709796674}
{'loss': 4.3646, 'grad_norm': 12.258017539978027, 'learning_rate': 9.657846715328468e-05, 'epoch': 0.3943314849044978}
  step=323/2436; epoch=0.398; training_minutes=5.07
{'loss': 4.401, 'grad_norm': 12.384846687316895, 'learning_rate': 9.566605839416059e-05, 'epoch': 0.41897720271102895}
  step=355/2436; epoch=0.437; training_minutes=5.58
{'loss': 4.3562, 'grad_norm': 21.43747901916504, 'learning_rate': 9.47536496350365e-05, 'epoch': 0.4436229205175601}
{'loss': 4.4156, 'grad_norm': 10.608829498291016, 'learning_rate': 9.384124087591242e-05, 'epoch': 0.4682686383240912}
  step=388/2436; epoch=0.478; training_minutes=6.08
{'loss': 4.3516, 'grad_norm': 8.182087898254395, 'learning_rate': 9.292883211678832e-05, 'epoch': 0.4929143561306223}
{'loss': 4.3198, 'grad_norm': 12.45024585723877, 'learning_rate': 9.201642335766424e-05, 'epoch': 0.5175600739371534}
  step=422/2436; epoch=0.520; training_minutes=6.58
{'loss': 4.3669, 'grad_norm': 15.579619407653809, 'learning_rate': 9.110401459854015e-05, 'epoch': 0.5422057917436846}
  step=455/2436; epoch=0.561; training_minutes=7.08
{'loss': 4.4564, 'grad_norm': 18.32744789123535, 'learning_rate': 9.019160583941606e-05, 'epoch': 0.5668515095502157}
{'loss': 4.2768, 'grad_norm': 10.351656913757324, 'learning_rate': 8.927919708029197e-05, 'epoch': 0.5914972273567468}
  step=488/2436; epoch=0.601; training_minutes=7.59
{'loss': 4.3421, 'grad_norm': 11.873014450073242, 'learning_rate': 8.836678832116789e-05, 'epoch': 0.6161429451632778}
{'loss': 4.5269, 'grad_norm': 13.777390480041504, 'learning_rate': 8.74543795620438e-05, 'epoch': 0.640788662969809}
  step=521/2436; epoch=0.642; training_minutes=8.09
{'loss': 4.3757, 'grad_norm': 18.14716911315918, 'learning_rate': 8.654197080291971e-05, 'epoch': 0.6654343807763401}
  step=555/2436; epoch=0.684; training_minutes=8.61
{'loss': 4.4517, 'grad_norm': 7.002871513366699, 'learning_rate': 8.562956204379562e-05, 'epoch': 0.6900800985828712}
{'loss': 4.4396, 'grad_norm': 10.963385581970215, 'learning_rate': 8.471715328467153e-05, 'epoch': 0.7147258163894024}
  step=587/2436; epoch=0.723; training_minutes=9.11
{'loss': 4.3129, 'grad_norm': 10.176167488098145, 'learning_rate': 8.380474452554745e-05, 'epoch': 0.7393715341959335}
  step=620/2436; epoch=0.764; training_minutes=9.63
{'loss': 4.3092, 'grad_norm': 9.258678436279297, 'learning_rate': 8.289233576642335e-05, 'epoch': 0.7640172520024646}
{'loss': 4.2849, 'grad_norm': 10.970758438110352, 'learning_rate': 8.197992700729927e-05, 'epoch': 0.7886629698089956}
  step=653/2436; epoch=0.805; training_minutes=10.13
{'loss': 4.2297, 'grad_norm': 23.039642333984375, 'learning_rate': 8.106751824817518e-05, 'epoch': 0.8133086876155268}
{'loss': 4.2678, 'grad_norm': 10.49390697479248, 'learning_rate': 8.01551094890511e-05, 'epoch': 0.8379544054220579}
  step=687/2436; epoch=0.847; training_minutes=10.64
{'loss': 4.2682, 'grad_norm': 12.312838554382324, 'learning_rate': 7.924270072992702e-05, 'epoch': 0.862600123228589}
  step=719/2436; epoch=0.886; training_minutes=11.14
{'loss': 4.4817, 'grad_norm': 18.06928825378418, 'learning_rate': 7.833029197080293e-05, 'epoch': 0.8872458410351202}
{'loss': 4.2998, 'grad_norm': 12.359548568725586, 'learning_rate': 7.741788321167884e-05, 'epoch': 0.9118915588416513}
  step=752/2436; epoch=0.927; training_minutes=11.64
{'loss': 4.3871, 'grad_norm': 10.446357727050781, 'learning_rate': 7.650547445255475e-05, 'epoch': 0.9365372766481824}
{'loss': 4.3162, 'grad_norm': 12.867931365966797, 'learning_rate': 7.559306569343067e-05, 'epoch': 0.9611829944547134}
  step=785/2436; epoch=0.967; training_minutes=12.16
{'loss': 4.354, 'grad_norm': 10.34561824798584, 'learning_rate': 7.468065693430656e-05, 'epoch': 0.9858287122612446}
{'eval_loss': 1.0840357542037964, 'eval_accuracy': 0.3902282224365156, 'eval_f1_macro': 0.3696579373213212, 'eval_balanced_accuracy': 0.38449842752119445, 'eval_runtime': 114.4139, 'eval_samples_per_second': 27.191, 'eval_steps_per_second': 3.4, 'epoch': 1.0}
  step=813/2436; epoch=1.001; training_minutes=14.48
{'loss': 4.2327, 'grad_norm': 9.104999542236328, 'learning_rate': 7.376824817518249e-05, 'epoch': 1.0098582871226125}
{'loss': 4.2231, 'grad_norm': 15.482157707214355, 'learning_rate': 7.28558394160584e-05, 'epoch': 1.0345040049291436}
  step=845/2436; epoch=1.041; training_minutes=14.98
{'loss': 4.2919, 'grad_norm': 10.882213592529297, 'learning_rate': 7.194343065693431e-05, 'epoch': 1.0591497227356748}
  step=878/2436; epoch=1.081; training_minutes=15.50
{'loss': 4.2088, 'grad_norm': 52.4305305480957, 'learning_rate': 7.103102189781023e-05, 'epoch': 1.083795440542206}
{'loss': 4.319, 'grad_norm': 9.704573631286621, 'learning_rate': 7.011861313868614e-05, 'epoch': 1.1084411583487368}
  step=910/2436; epoch=1.121; training_minutes=16.01
{'loss': 4.2194, 'grad_norm': 7.631613254547119, 'learning_rate': 6.920620437956205e-05, 'epoch': 1.133086876155268}
{'loss': 4.3421, 'grad_norm': 23.971561431884766, 'learning_rate': 6.829379562043796e-05, 'epoch': 1.157732593961799}
  step=942/2436; epoch=1.160; training_minutes=16.52
{'loss': 4.3499, 'grad_norm': 11.231886863708496, 'learning_rate': 6.738138686131387e-05, 'epoch': 1.1823783117683302}
  step=975/2436; epoch=1.201; training_minutes=17.03
{'loss': 4.2966, 'grad_norm': 7.960716724395752, 'learning_rate': 6.646897810218978e-05, 'epoch': 1.2070240295748613}
{'loss': 4.26, 'grad_norm': 16.126209259033203, 'learning_rate': 6.55565693430657e-05, 'epoch': 1.2316697473813925}
  step=1010/2436; epoch=1.244; training_minutes=17.54
{'loss': 4.3786, 'grad_norm': 16.47899627685547, 'learning_rate': 6.464416058394161e-05, 'epoch': 1.2563154651879236}
{'loss': 4.2598, 'grad_norm': 20.223543167114258, 'learning_rate': 6.373175182481752e-05, 'epoch': 1.2809611829944547}
  step=1042/2436; epoch=1.283; training_minutes=18.05
{'loss': 4.213, 'grad_norm': 18.658870697021484, 'learning_rate': 6.281934306569343e-05, 'epoch': 1.3056069008009858}
  step=1074/2436; epoch=1.323; training_minutes=18.56
{'loss': 4.4275, 'grad_norm': 8.826648712158203, 'learning_rate': 6.190693430656934e-05, 'epoch': 1.330252618607517}
{'loss': 4.27, 'grad_norm': 13.181392669677734, 'learning_rate': 6.0994525547445256e-05, 'epoch': 1.354898336414048}
  step=1108/2436; epoch=1.365; training_minutes=19.07
{'loss': 4.181, 'grad_norm': 9.264193534851074, 'learning_rate': 6.008211678832117e-05, 'epoch': 1.3795440542205792}
{'loss': 4.2777, 'grad_norm': 16.08477210998535, 'learning_rate': 5.916970802919708e-05, 'epoch': 1.4041897720271104}
  step=1141/2436; epoch=1.405; training_minutes=19.58
{'loss': 4.4039, 'grad_norm': 10.837509155273438, 'learning_rate': 5.8257299270073e-05, 'epoch': 1.4288354898336415}
  step=1172/2436; epoch=1.444; training_minutes=20.08
{'loss': 4.3588, 'grad_norm': 8.529739379882812, 'learning_rate': 5.7344890510948915e-05, 'epoch': 1.4534812076401726}
{'loss': 4.2833, 'grad_norm': 11.202943801879883, 'learning_rate': 5.643248175182482e-05, 'epoch': 1.4781269254467038}
  step=1206/2436; epoch=1.486; training_minutes=20.58
{'loss': 4.2767, 'grad_norm': 10.810517311096191, 'learning_rate': 5.5520072992700734e-05, 'epoch': 1.502772643253235}
  step=1240/2436; epoch=1.527; training_minutes=21.09
{'loss': 4.2763, 'grad_norm': 12.960909843444824, 'learning_rate': 5.460766423357665e-05, 'epoch': 1.527418361059766}
{'loss': 4.277, 'grad_norm': 11.072564125061035, 'learning_rate': 5.3695255474452554e-05, 'epoch': 1.552064078866297}
  step=1274/2436; epoch=1.569; training_minutes=21.60
{'loss': 4.2618, 'grad_norm': 12.623970985412598, 'learning_rate': 5.278284671532847e-05, 'epoch': 1.576709796672828}
{'loss': 4.1746, 'grad_norm': 14.483502388000488, 'learning_rate': 5.1870437956204386e-05, 'epoch': 1.6013555144793592}
  step=1306/2436; epoch=1.609; training_minutes=22.10
{'loss': 4.2955, 'grad_norm': 15.980552673339844, 'learning_rate': 5.095802919708029e-05, 'epoch': 1.6260012322858903}
  step=1338/2436; epoch=1.648; training_minutes=22.60
{'loss': 4.2968, 'grad_norm': 15.222710609436035, 'learning_rate': 5.0045620437956206e-05, 'epoch': 1.6506469500924215}
{'loss': 4.2576, 'grad_norm': 10.798772811889648, 'learning_rate': 4.913321167883212e-05, 'epoch': 1.6752926678989526}
  step=1371/2436; epoch=1.689; training_minutes=23.11
{'loss': 4.2197, 'grad_norm': 10.849981307983398, 'learning_rate': 4.822080291970803e-05, 'epoch': 1.6999383857054837}
{'loss': 4.3194, 'grad_norm': 9.959066390991211, 'learning_rate': 4.730839416058395e-05, 'epoch': 1.7245841035120146}
  step=1404/2436; epoch=1.730; training_minutes=23.61
{'loss': 4.2862, 'grad_norm': 8.676772117614746, 'learning_rate': 4.639598540145986e-05, 'epoch': 1.7492298213185458}
  step=1436/2436; epoch=1.769; training_minutes=24.12
{'loss': 4.1942, 'grad_norm': 14.510011672973633, 'learning_rate': 4.548357664233577e-05, 'epoch': 1.773875539125077}
{'loss': 4.194, 'grad_norm': 6.386245250701904, 'learning_rate': 4.457116788321168e-05, 'epoch': 1.798521256931608}
  step=1468/2436; epoch=1.808; training_minutes=24.62
{'loss': 4.2702, 'grad_norm': 10.000033378601074, 'learning_rate': 4.365875912408759e-05, 'epoch': 1.8231669747381392}
{'loss': 4.2623, 'grad_norm': 9.425663948059082, 'learning_rate': 4.27463503649635e-05, 'epoch': 1.8478126925446703}
  step=1502/2436; epoch=1.850; training_minutes=25.14
{'loss': 4.2395, 'grad_norm': 6.233180522918701, 'learning_rate': 4.183394160583942e-05, 'epoch': 1.8724584103512014}
  step=1535/2436; epoch=1.891; training_minutes=25.64
{'loss': 4.2683, 'grad_norm': 16.185644149780273, 'learning_rate': 4.0921532846715336e-05, 'epoch': 1.8971041281577325}
{'loss': 4.2929, 'grad_norm': 13.066669464111328, 'learning_rate': 4.0009124087591245e-05, 'epoch': 1.9217498459642637}
  step=1569/2436; epoch=1.933; training_minutes=26.15
{'loss': 4.2269, 'grad_norm': 12.583844184875488, 'learning_rate': 3.9096715328467155e-05, 'epoch': 1.9463955637707948}
{'loss': 4.1995, 'grad_norm': 11.9925537109375, 'learning_rate': 3.818430656934307e-05, 'epoch': 1.971041281577326}
  step=1602/2436; epoch=1.974; training_minutes=26.67
{'loss': 4.2016, 'grad_norm': 10.580229759216309, 'learning_rate': 3.727189781021898e-05, 'epoch': 1.995686999383857}
{'eval_loss': 1.079422116279602, 'eval_accuracy': 0.4146576663452266, 'eval_f1_macro': 0.41274238392867396, 'eval_balanced_accuracy': 0.42498296705141775, 'eval_runtime': 114.3884, 'eval_samples_per_second': 27.197, 'eval_steps_per_second': 3.401, 'epoch': 2.0}
  step=1625/2436; epoch=2.001; training_minutes=28.93
{'loss': 4.1836, 'grad_norm': 9.486056327819824, 'learning_rate': 3.635948905109489e-05, 'epoch': 2.019716574245225}
  step=1659/2436; epoch=2.043; training_minutes=29.44
{'loss': 4.1962, 'grad_norm': 10.70118236541748, 'learning_rate': 3.54470802919708e-05, 'epoch': 2.044362292051756}
{'loss': 4.2444, 'grad_norm': 17.49977684020996, 'learning_rate': 3.4534671532846717e-05, 'epoch': 2.0690080098582873}
  step=1693/2436; epoch=2.085; training_minutes=29.95
{'loss': 4.2529, 'grad_norm': 8.871722221374512, 'learning_rate': 3.3622262773722626e-05, 'epoch': 2.0936537276648184}
{'loss': 4.2623, 'grad_norm': 8.50255298614502, 'learning_rate': 3.270985401459854e-05, 'epoch': 2.1182994454713495}
  step=1726/2436; epoch=2.126; training_minutes=30.45
{'loss': 4.2236, 'grad_norm': 14.73203182220459, 'learning_rate': 3.179744525547446e-05, 'epoch': 2.1429451632778806}
  step=1757/2436; epoch=2.164; training_minutes=30.96
{'loss': 4.3207, 'grad_norm': 6.697120189666748, 'learning_rate': 3.088503649635037e-05, 'epoch': 2.167590881084412}
{'loss': 4.2659, 'grad_norm': 9.819036483764648, 'learning_rate': 2.9972627737226278e-05, 'epoch': 2.1922365988909425}
  step=1790/2436; epoch=2.205; training_minutes=31.47
{'loss': 4.3301, 'grad_norm': 23.961824417114258, 'learning_rate': 2.9060218978102195e-05, 'epoch': 2.2168823166974736}
{'loss': 4.2521, 'grad_norm': 9.997267723083496, 'learning_rate': 2.8147810218978104e-05, 'epoch': 2.2415280345040047}
  step=1824/2436; epoch=2.246; training_minutes=31.98
{'loss': 4.2306, 'grad_norm': 9.341473579406738, 'learning_rate': 2.7235401459854014e-05, 'epoch': 2.266173752310536}
  step=1858/2436; epoch=2.288; training_minutes=32.49
{'loss': 4.2396, 'grad_norm': 17.5921630859375, 'learning_rate': 2.6322992700729927e-05, 'epoch': 2.290819470117067}
{'loss': 4.1676, 'grad_norm': 6.077483654022217, 'learning_rate': 2.5410583941605843e-05, 'epoch': 2.315465187923598}
  step=1890/2436; epoch=2.328; training_minutes=32.99
{'loss': 4.301, 'grad_norm': 13.198104858398438, 'learning_rate': 2.4498175182481753e-05, 'epoch': 2.3401109057301293}
{'loss': 4.2296, 'grad_norm': 16.818552017211914, 'learning_rate': 2.3585766423357666e-05, 'epoch': 2.3647566235366604}
  step=1922/2436; epoch=2.367; training_minutes=33.50
{'loss': 4.2086, 'grad_norm': 11.34644889831543, 'learning_rate': 2.2673357664233575e-05, 'epoch': 2.3894023413431915}
  step=1954/2436; epoch=2.407; training_minutes=34.01
{'loss': 4.1721, 'grad_norm': 8.584715843200684, 'learning_rate': 2.1760948905109492e-05, 'epoch': 2.4140480591497226}
{'loss': 4.1764, 'grad_norm': 7.553812503814697, 'learning_rate': 2.08485401459854e-05, 'epoch': 2.438693776956254}
  step=1986/2436; epoch=2.446; training_minutes=34.51
{'loss': 4.1817, 'grad_norm': 10.076653480529785, 'learning_rate': 1.9936131386861314e-05, 'epoch': 2.463339494762785}
  step=2017/2436; epoch=2.484; training_minutes=35.03
{'loss': 4.236, 'grad_norm': 11.773775100708008, 'learning_rate': 1.9023722627737228e-05, 'epoch': 2.487985212569316}
{'loss': 4.1702, 'grad_norm': 9.52464771270752, 'learning_rate': 1.811131386861314e-05, 'epoch': 2.512630930375847}
  step=2049/2436; epoch=2.524; training_minutes=35.54
{'loss': 4.1728, 'grad_norm': 9.419792175292969, 'learning_rate': 1.7198905109489054e-05, 'epoch': 2.5372766481823783}
{'loss': 4.2116, 'grad_norm': 19.594810485839844, 'learning_rate': 1.6286496350364963e-05, 'epoch': 2.5619223659889094}
  step=2081/2436; epoch=2.563; training_minutes=36.05
{'loss': 4.1458, 'grad_norm': 14.06391716003418, 'learning_rate': 1.5374087591240876e-05, 'epoch': 2.5865680837954406}
  step=2113/2436; epoch=2.603; training_minutes=36.56
{'loss': 4.217, 'grad_norm': 7.462827682495117, 'learning_rate': 1.4461678832116791e-05, 'epoch': 2.6112138016019717}
{'loss': 4.1987, 'grad_norm': 9.340185165405273, 'learning_rate': 1.35492700729927e-05, 'epoch': 2.635859519408503}
  step=2145/2436; epoch=2.642; training_minutes=37.07
{'loss': 4.2256, 'grad_norm': 8.938708305358887, 'learning_rate': 1.2636861313868613e-05, 'epoch': 2.660505237215034}
  step=2177/2436; epoch=2.681; training_minutes=37.57
{'loss': 4.263, 'grad_norm': 10.087151527404785, 'learning_rate': 1.1724452554744526e-05, 'epoch': 2.685150955021565}
{'loss': 4.2353, 'grad_norm': 12.765852928161621, 'learning_rate': 1.0812043795620438e-05, 'epoch': 2.709796672828096}
  step=2209/2436; epoch=2.721; training_minutes=38.08
{'loss': 4.1389, 'grad_norm': 12.896882057189941, 'learning_rate': 9.89963503649635e-06, 'epoch': 2.7344423906346274}
{'loss': 4.2693, 'grad_norm': 23.24034309387207, 'learning_rate': 8.987226277372262e-06, 'epoch': 2.7590881084411585}
  step=2241/2436; epoch=2.760; training_minutes=38.58
{'loss': 4.0209, 'grad_norm': 14.425577163696289, 'learning_rate': 8.074817518248177e-06, 'epoch': 2.7837338262476896}
  step=2272/2436; epoch=2.799; training_minutes=39.10
{'loss': 4.2346, 'grad_norm': 12.604667663574219, 'learning_rate': 7.162408759124088e-06, 'epoch': 2.8083795440542207}
{'loss': 4.3045, 'grad_norm': 19.59498405456543, 'learning_rate': 6.25e-06, 'epoch': 2.833025261860752}
  step=2303/2436; epoch=2.837; training_minutes=39.60
{'loss': 4.0908, 'grad_norm': 14.118093490600586, 'learning_rate': 5.3375912408759125e-06, 'epoch': 2.857670979667283}
  step=2333/2436; epoch=2.874; training_minutes=40.11
{'loss': 4.1325, 'grad_norm': 17.475677490234375, 'learning_rate': 4.4251824817518255e-06, 'epoch': 2.882316697473814}
{'loss': 4.2178, 'grad_norm': 13.482644081115723, 'learning_rate': 3.512773722627737e-06, 'epoch': 2.9069624152803453}
  step=2365/2436; epoch=2.913; training_minutes=40.61
{'loss': 4.2622, 'grad_norm': 7.356432914733887, 'learning_rate': 2.60036496350365e-06, 'epoch': 2.9316081330868764}
  step=2397/2436; epoch=2.953; training_minutes=41.12
{'loss': 4.2169, 'grad_norm': 14.082503318786621, 'learning_rate': 1.6879562043795622e-06, 'epoch': 2.9562538508934075}
{'loss': 4.3744, 'grad_norm': 10.64881706237793, 'learning_rate': 7.755474452554745e-07, 'epoch': 2.9808995686999387}
  step=2430/2436; epoch=2.993; training_minutes=41.63
{'eval_loss': 1.0708472728729248, 'eval_accuracy': 0.41947926711668276, 'eval_f1_macro': 0.4190260257924349, 'eval_balanced_accuracy': 0.4214917082911413, 'eval_runtime': 115.8382, 'eval_samples_per_second': 26.856, 'eval_steps_per_second': 3.358, 'epoch': 3.0}
{'train_runtime': 2618.4773, 'train_samples_per_second': 14.874, 'train_steps_per_second': 0.93, 'train_loss': 4.3241420238476085, 'epoch': 3.0}
SCREENING COMPLETE candidate-01 0.41947926711668276
SCREENING START candidate-02 0.0003 4
Some weights of ModernBertForSequenceClassification were not initialized from the model checkpoint at Itau-Unibanco/NorBERTo-base and are newly initialized: ['classifier.bias', 'classifier.weight']
You should probably TRAIN this model on a down-stream task to be able to use it for predictions and inference.
  Trainable parameters: 272643; train=12982, inner_valid=3111
{'loss': 5.5838, 'grad_norm': 16.127866744995117, 'learning_rate': 2.3360655737704916e-05, 'epoch': 0.024645717806531114}
  step=32/2436; epoch=0.039; training_minutes=0.50
{'loss': 4.9678, 'grad_norm': 16.488277435302734, 'learning_rate': 4.795081967213115e-05, 'epoch': 0.04929143561306223}
{'loss': 4.7684, 'grad_norm': 13.297539710998535, 'learning_rate': 7.254098360655736e-05, 'epoch': 0.07393715341959335}
  step=63/2436; epoch=0.078; training_minutes=1.01
{'loss': 4.6853, 'grad_norm': 18.544147491455078, 'learning_rate': 9.713114754098361e-05, 'epoch': 0.09858287122612445}
  step=95/2436; epoch=0.117; training_minutes=1.51
{'loss': 4.4914, 'grad_norm': 16.589170455932617, 'learning_rate': 0.00012172131147540983, 'epoch': 0.12322858903265557}
{'loss': 4.5969, 'grad_norm': 17.296716690063477, 'learning_rate': 0.00014631147540983605, 'epoch': 0.1478743068391867}
  step=127/2436; epoch=0.157; training_minutes=2.02
{'loss': 4.562, 'grad_norm': 13.277109146118164, 'learning_rate': 0.0001709016393442623, 'epoch': 0.1725200246457178}
  step=158/2436; epoch=0.195; training_minutes=2.52
{'loss': 4.5078, 'grad_norm': 11.605417251586914, 'learning_rate': 0.0001954918032786885, 'epoch': 0.1971657424522489}
{'loss': 4.4757, 'grad_norm': 20.35639762878418, 'learning_rate': 0.00022008196721311473, 'epoch': 0.22181146025878004}
  step=189/2436; epoch=0.233; training_minutes=3.03
{'loss': 4.3571, 'grad_norm': 11.596376419067383, 'learning_rate': 0.00024467213114754094, 'epoch': 0.24645717806531114}
{'loss': 4.4814, 'grad_norm': 14.146026611328125, 'learning_rate': 0.0002692622950819672, 'epoch': 0.2711028958718423}
  step=222/2436; epoch=0.274; training_minutes=3.54
{'loss': 4.537, 'grad_norm': 7.871473789215088, 'learning_rate': 0.0002938524590163934, 'epoch': 0.2957486136783734}
  step=258/2436; epoch=0.318; training_minutes=4.05
{'loss': 4.339, 'grad_norm': 8.492571830749512, 'learning_rate': 0.0002979470802919708, 'epoch': 0.3203943314849045}
{'loss': 4.3527, 'grad_norm': 14.237469673156738, 'learning_rate': 0.0002952098540145985, 'epoch': 0.3450400492914356}
  step=290/2436; epoch=0.357; training_minutes=4.56
{'loss': 4.2921, 'grad_norm': 7.121109962463379, 'learning_rate': 0.00029247262773722624, 'epoch': 0.36968576709796674}
{'loss': 4.3056, 'grad_norm': 7.570666790008545, 'learning_rate': 0.000289735401459854, 'epoch': 0.3943314849044978}
  step=323/2436; epoch=0.398; training_minutes=5.07
{'loss': 4.274, 'grad_norm': 11.096314430236816, 'learning_rate': 0.0002869981751824817, 'epoch': 0.41897720271102895}
  step=356/2436; epoch=0.439; training_minutes=5.59
{'loss': 4.3091, 'grad_norm': 18.803180694580078, 'learning_rate': 0.0002842609489051095, 'epoch': 0.4436229205175601}
{'loss': 4.4106, 'grad_norm': 10.113001823425293, 'learning_rate': 0.0002815237226277372, 'epoch': 0.4682686383240912}
  step=390/2436; epoch=0.481; training_minutes=6.10
{'loss': 4.3053, 'grad_norm': 5.904641628265381, 'learning_rate': 0.00027878649635036494, 'epoch': 0.4929143561306223}
{'loss': 4.2975, 'grad_norm': 12.776570320129395, 'learning_rate': 0.00027604927007299267, 'epoch': 0.5175600739371534}
  step=424/2436; epoch=0.522; training_minutes=6.61
{'loss': 4.3379, 'grad_norm': 9.932528495788574, 'learning_rate': 0.00027331204379562045, 'epoch': 0.5422057917436846}
  step=459/2436; epoch=0.566; training_minutes=7.12
{'loss': 4.4322, 'grad_norm': 12.351927757263184, 'learning_rate': 0.0002705748175182481, 'epoch': 0.5668515095502157}
{'loss': 4.1974, 'grad_norm': 6.1870036125183105, 'learning_rate': 0.0002678375912408759, 'epoch': 0.5914972273567468}
  step=491/2436; epoch=0.605; training_minutes=7.62
{'loss': 4.3131, 'grad_norm': 6.141295433044434, 'learning_rate': 0.00026510036496350364, 'epoch': 0.6161429451632778}
{'loss': 4.5699, 'grad_norm': 11.215866088867188, 'learning_rate': 0.00026236313868613137, 'epoch': 0.640788662969809}
  step=524/2436; epoch=0.646; training_minutes=8.12
{'loss': 4.3443, 'grad_norm': 14.240401268005371, 'learning_rate': 0.0002596259124087591, 'epoch': 0.6654343807763401}
  step=557/2436; epoch=0.686; training_minutes=8.63
{'loss': 4.4303, 'grad_norm': 8.131576538085938, 'learning_rate': 0.0002568886861313868, 'epoch': 0.6900800985828712}
{'loss': 4.3694, 'grad_norm': 9.238850593566895, 'learning_rate': 0.00025415145985401455, 'epoch': 0.7147258163894024}
  step=589/2436; epoch=0.726; training_minutes=9.13
{'loss': 4.2976, 'grad_norm': 8.806866645812988, 'learning_rate': 0.00025141423357664234, 'epoch': 0.7393715341959335}
{'loss': 4.2575, 'grad_norm': 9.712881088256836, 'learning_rate': 0.00024867700729927, 'epoch': 0.7640172520024646}
  step=621/2436; epoch=0.765; training_minutes=9.63
{'loss': 4.2357, 'grad_norm': 10.0957612991333, 'learning_rate': 0.0002459397810218978, 'epoch': 0.7886629698089956}
  step=655/2436; epoch=0.807; training_minutes=10.15
{'loss': 4.1594, 'grad_norm': 20.25473976135254, 'learning_rate': 0.00024320255474452552, 'epoch': 0.8133086876155268}
{'loss': 4.2769, 'grad_norm': 8.186018943786621, 'learning_rate': 0.00024046532846715325, 'epoch': 0.8379544054220579}
  step=689/2436; epoch=0.849; training_minutes=10.66
{'loss': 4.2514, 'grad_norm': 11.856632232666016, 'learning_rate': 0.000237728102189781, 'epoch': 0.862600123228589}
{'loss': 4.4474, 'grad_norm': 14.012383460998535, 'learning_rate': 0.00023499087591240874, 'epoch': 0.8872458410351202}
  step=722/2436; epoch=0.890; training_minutes=11.18
{'loss': 4.3439, 'grad_norm': 12.76148796081543, 'learning_rate': 0.00023225364963503647, 'epoch': 0.9118915588416513}
  step=755/2436; epoch=0.930; training_minutes=11.68
{'loss': 4.3949, 'grad_norm': 8.680273056030273, 'learning_rate': 0.00022951642335766422, 'epoch': 0.9365372766481824}
{'loss': 4.2735, 'grad_norm': 10.293115615844727, 'learning_rate': 0.00022677919708029195, 'epoch': 0.9611829944547134}
  step=788/2436; epoch=0.971; training_minutes=12.19
{'loss': 4.3022, 'grad_norm': 8.829264640808105, 'learning_rate': 0.00022404197080291968, 'epoch': 0.9858287122612446}
{'eval_loss': 1.0705074071884155, 'eval_accuracy': 0.4146576663452266, 'eval_f1_macro': 0.40894572035183957, 'eval_balanced_accuracy': 0.41600044465573255, 'eval_runtime': 114.4641, 'eval_samples_per_second': 27.179, 'eval_steps_per_second': 3.398, 'epoch': 1.0}
  step=813/2436; epoch=1.001; training_minutes=14.46
{'loss': 4.2285, 'grad_norm': 7.950191974639893, 'learning_rate': 0.00022130474452554744, 'epoch': 1.0098582871226125}
{'loss': 4.1878, 'grad_norm': 12.65477466583252, 'learning_rate': 0.00021856751824817516, 'epoch': 1.0345040049291436}
  step=845/2436; epoch=1.041; training_minutes=14.97
{'loss': 4.2193, 'grad_norm': 9.911439895629883, 'learning_rate': 0.0002158302919708029, 'epoch': 1.0591497227356748}
  step=878/2436; epoch=1.081; training_minutes=15.49
{'loss': 4.1451, 'grad_norm': 13.526803016662598, 'learning_rate': 0.00021309306569343065, 'epoch': 1.083795440542206}
{'loss': 4.2497, 'grad_norm': 7.314151287078857, 'learning_rate': 0.00021035583941605838, 'epoch': 1.1084411583487368}
  step=910/2436; epoch=1.121; training_minutes=16.00
{'loss': 4.1797, 'grad_norm': 6.915965557098389, 'learning_rate': 0.0002076186131386861, 'epoch': 1.133086876155268}
{'loss': 4.3043, 'grad_norm': 22.6065673828125, 'learning_rate': 0.00020488138686131386, 'epoch': 1.157732593961799}
  step=942/2436; epoch=1.160; training_minutes=16.51
{'loss': 4.307, 'grad_norm': 10.892294883728027, 'learning_rate': 0.00020214416058394157, 'epoch': 1.1823783117683302}
  step=975/2436; epoch=1.201; training_minutes=17.01
{'loss': 4.236, 'grad_norm': 7.373607635498047, 'learning_rate': 0.00019940693430656932, 'epoch': 1.2070240295748613}
{'loss': 4.2219, 'grad_norm': 13.462182998657227, 'learning_rate': 0.00019666970802919708, 'epoch': 1.2316697473813925}
  step=1010/2436; epoch=1.244; training_minutes=17.53
{'loss': 4.3133, 'grad_norm': 14.049945831298828, 'learning_rate': 0.00019393248175182478, 'epoch': 1.2563154651879236}
{'loss': 4.2188, 'grad_norm': 15.72874641418457, 'learning_rate': 0.00019119525547445253, 'epoch': 1.2809611829944547}
  step=1042/2436; epoch=1.283; training_minutes=18.03
{'loss': 4.0948, 'grad_norm': 13.746794700622559, 'learning_rate': 0.0001884580291970803, 'epoch': 1.3056069008009858}
  step=1074/2436; epoch=1.323; training_minutes=18.54
{'loss': 4.3805, 'grad_norm': 6.469125270843506, 'learning_rate': 0.000185720802919708, 'epoch': 1.330252618607517}
{'loss': 4.217, 'grad_norm': 12.77294921875, 'learning_rate': 0.00018298357664233575, 'epoch': 1.354898336414048}
  step=1108/2436; epoch=1.365; training_minutes=19.06
{'loss': 4.1068, 'grad_norm': 8.920446395874023, 'learning_rate': 0.0001802463503649635, 'epoch': 1.3795440542205792}
{'loss': 4.2237, 'grad_norm': 11.047462463378906, 'learning_rate': 0.0001775091240875912, 'epoch': 1.4041897720271104}
  step=1141/2436; epoch=1.405; training_minutes=19.57
{'loss': 4.4241, 'grad_norm': 8.611539840698242, 'learning_rate': 0.00017477189781021896, 'epoch': 1.4288354898336415}
  step=1172/2436; epoch=1.444; training_minutes=20.07
{'loss': 4.2942, 'grad_norm': 7.3869853019714355, 'learning_rate': 0.00017203467153284672, 'epoch': 1.4534812076401726}
{'loss': 4.2381, 'grad_norm': 9.602795600891113, 'learning_rate': 0.00016929744525547442, 'epoch': 1.4781269254467038}
  step=1206/2436; epoch=1.486; training_minutes=20.57
{'loss': 4.2339, 'grad_norm': 18.44959259033203, 'learning_rate': 0.00016656021897810218, 'epoch': 1.502772643253235}
  step=1240/2436; epoch=1.527; training_minutes=21.07
{'loss': 4.2136, 'grad_norm': 10.376081466674805, 'learning_rate': 0.00016382299270072993, 'epoch': 1.527418361059766}
{'loss': 4.1902, 'grad_norm': 8.235457420349121, 'learning_rate': 0.00016108576642335763, 'epoch': 1.552064078866297}
  step=1274/2436; epoch=1.569; training_minutes=21.58
{'loss': 4.1632, 'grad_norm': 10.172514915466309, 'learning_rate': 0.0001583485401459854, 'epoch': 1.576709796672828}
{'loss': 4.0995, 'grad_norm': 13.408626556396484, 'learning_rate': 0.00015561131386861315, 'epoch': 1.6013555144793592}
  step=1306/2436; epoch=1.609; training_minutes=22.09
{'loss': 4.2797, 'grad_norm': 15.663310050964355, 'learning_rate': 0.00015287408759124085, 'epoch': 1.6260012322858903}
  step=1338/2436; epoch=1.648; training_minutes=22.59
{'loss': 4.2166, 'grad_norm': 13.126851081848145, 'learning_rate': 0.0001501368613138686, 'epoch': 1.6506469500924215}
{'loss': 4.2573, 'grad_norm': 23.135208129882812, 'learning_rate': 0.00014739963503649633, 'epoch': 1.6752926678989526}
  step=1371/2436; epoch=1.689; training_minutes=23.10
{'loss': 4.1257, 'grad_norm': 10.174915313720703, 'learning_rate': 0.00014466240875912406, 'epoch': 1.6999383857054837}
{'loss': 4.2109, 'grad_norm': 11.871467590332031, 'learning_rate': 0.00014192518248175182, 'epoch': 1.7245841035120146}
  step=1404/2436; epoch=1.730; training_minutes=23.60
{'loss': 4.2698, 'grad_norm': 7.491272449493408, 'learning_rate': 0.00013918795620437955, 'epoch': 1.7492298213185458}
  step=1436/2436; epoch=1.769; training_minutes=24.11
{'loss': 4.1178, 'grad_norm': 12.122641563415527, 'learning_rate': 0.00013645072992700727, 'epoch': 1.773875539125077}
{'loss': 4.066, 'grad_norm': 5.807056427001953, 'learning_rate': 0.00013371350364963503, 'epoch': 1.798521256931608}
  step=1468/2436; epoch=1.808; training_minutes=24.61
{'loss': 4.2346, 'grad_norm': 8.722673416137695, 'learning_rate': 0.00013097627737226276, 'epoch': 1.8231669747381392}
{'loss': 4.1723, 'grad_norm': 9.68288803100586, 'learning_rate': 0.0001282390510948905, 'epoch': 1.8478126925446703}
  step=1502/2436; epoch=1.850; training_minutes=25.12
{'loss': 4.2074, 'grad_norm': 5.82664680480957, 'learning_rate': 0.00012550182481751824, 'epoch': 1.8724584103512014}
  step=1535/2436; epoch=1.891; training_minutes=25.63
{'loss': 4.1931, 'grad_norm': 13.989402770996094, 'learning_rate': 0.00012276459854014597, 'epoch': 1.8971041281577325}
{'loss': 4.1592, 'grad_norm': 11.488962173461914, 'learning_rate': 0.00012002737226277372, 'epoch': 1.9217498459642637}
  step=1569/2436; epoch=1.933; training_minutes=26.13
{'loss': 4.1579, 'grad_norm': 11.161904335021973, 'learning_rate': 0.00011729014598540144, 'epoch': 1.9463955637707948}
{'loss': 4.0555, 'grad_norm': 10.211535453796387, 'learning_rate': 0.0001145529197080292, 'epoch': 1.971041281577326}
  step=1602/2436; epoch=1.974; training_minutes=26.65
{'loss': 4.152, 'grad_norm': 9.760711669921875, 'learning_rate': 0.00011181569343065693, 'epoch': 1.995686999383857}
{'eval_loss': 1.0698719024658203, 'eval_accuracy': 0.43522982963677276, 'eval_f1_macro': 0.4347133933615779, 'eval_balanced_accuracy': 0.44378851316696255, 'eval_runtime': 114.338, 'eval_samples_per_second': 27.209, 'eval_steps_per_second': 3.402, 'epoch': 2.0}
  step=1625/2436; epoch=2.001; training_minutes=28.91
{'loss': 4.0616, 'grad_norm': 8.19512939453125, 'learning_rate': 0.00010907846715328466, 'epoch': 2.019716574245225}
  step=1659/2436; epoch=2.043; training_minutes=29.42
{'loss': 4.1063, 'grad_norm': 10.278212547302246, 'learning_rate': 0.00010634124087591239, 'epoch': 2.044362292051756}
{'loss': 4.1332, 'grad_norm': 18.168292999267578, 'learning_rate': 0.00010360401459854014, 'epoch': 2.0690080098582873}
  step=1693/2436; epoch=2.085; training_minutes=29.93
{'loss': 4.1276, 'grad_norm': 8.446698188781738, 'learning_rate': 0.00010086678832116787, 'epoch': 2.0936537276648184}
{'loss': 4.1041, 'grad_norm': 7.979004859924316, 'learning_rate': 9.81295620437956e-05, 'epoch': 2.1182994454713495}
  step=1726/2436; epoch=2.126; training_minutes=30.43
{'loss': 4.0485, 'grad_norm': 13.194235801696777, 'learning_rate': 9.539233576642336e-05, 'epoch': 2.1429451632778806}
  step=1757/2436; epoch=2.164; training_minutes=30.94
{'loss': 4.2118, 'grad_norm': 6.315287113189697, 'learning_rate': 9.265510948905109e-05, 'epoch': 2.167590881084412}
{'loss': 4.1877, 'grad_norm': 11.005746841430664, 'learning_rate': 8.991788321167881e-05, 'epoch': 2.1922365988909425}
  step=1790/2436; epoch=2.205; training_minutes=31.45
{'loss': 4.227, 'grad_norm': 21.025745391845703, 'learning_rate': 8.718065693430657e-05, 'epoch': 2.2168823166974736}
{'loss': 4.1636, 'grad_norm': 7.823714256286621, 'learning_rate': 8.44434306569343e-05, 'epoch': 2.2415280345040047}
  step=1824/2436; epoch=2.246; training_minutes=31.96
{'loss': 4.1081, 'grad_norm': 8.009516716003418, 'learning_rate': 8.170620437956204e-05, 'epoch': 2.266173752310536}
  step=1858/2436; epoch=2.288; training_minutes=32.47
{'loss': 4.1299, 'grad_norm': 16.503646850585938, 'learning_rate': 7.896897810218977e-05, 'epoch': 2.290819470117067}
{'loss': 4.0642, 'grad_norm': 6.571949481964111, 'learning_rate': 7.623175182481751e-05, 'epoch': 2.315465187923598}
  step=1890/2436; epoch=2.328; training_minutes=32.97
{'loss': 4.1464, 'grad_norm': 11.890559196472168, 'learning_rate': 7.349452554744526e-05, 'epoch': 2.3401109057301293}
{'loss': 4.0801, 'grad_norm': 15.430438041687012, 'learning_rate': 7.075729927007298e-05, 'epoch': 2.3647566235366604}
  step=1922/2436; epoch=2.367; training_minutes=33.48
{'loss': 4.0922, 'grad_norm': 10.172629356384277, 'learning_rate': 6.802007299270073e-05, 'epoch': 2.3894023413431915}
  step=1955/2436; epoch=2.408; training_minutes=33.99
{'loss': 3.9862, 'grad_norm': 8.744041442871094, 'learning_rate': 6.528284671532847e-05, 'epoch': 2.4140480591497226}
{'loss': 4.0583, 'grad_norm': 8.573281288146973, 'learning_rate': 6.25456204379562e-05, 'epoch': 2.438693776956254}
  step=1988/2436; epoch=2.449; training_minutes=34.50
{'loss': 4.0992, 'grad_norm': 9.294764518737793, 'learning_rate': 5.980839416058393e-05, 'epoch': 2.463339494762785}
  step=2020/2436; epoch=2.488; training_minutes=35.01
{'loss': 4.2237, 'grad_norm': 9.80739974975586, 'learning_rate': 5.7071167883211676e-05, 'epoch': 2.487985212569316}
{'loss': 4.0758, 'grad_norm': 11.606219291687012, 'learning_rate': 5.433394160583941e-05, 'epoch': 2.512630930375847}
  step=2052/2436; epoch=2.527; training_minutes=35.51
{'loss': 3.9996, 'grad_norm': 10.59580135345459, 'learning_rate': 5.159671532846715e-05, 'epoch': 2.5372766481823783}
{'loss': 4.1122, 'grad_norm': 19.025686264038086, 'learning_rate': 4.885948905109488e-05, 'epoch': 2.5619223659889094}
  step=2085/2436; epoch=2.568; training_minutes=36.02
{'loss': 4.0276, 'grad_norm': 13.250235557556152, 'learning_rate': 4.6122262773722625e-05, 'epoch': 2.5865680837954406}
  step=2118/2436; epoch=2.609; training_minutes=36.52
{'loss': 4.1682, 'grad_norm': 7.849288463592529, 'learning_rate': 4.338503649635037e-05, 'epoch': 2.6112138016019717}
{'loss': 4.0752, 'grad_norm': 9.068105697631836, 'learning_rate': 4.0647810218978096e-05, 'epoch': 2.635859519408503}
  step=2151/2436; epoch=2.649; training_minutes=37.03
{'loss': 4.1131, 'grad_norm': 8.469576835632324, 'learning_rate': 3.791058394160584e-05, 'epoch': 2.660505237215034}
{'loss': 4.1725, 'grad_norm': 11.13084888458252, 'learning_rate': 3.5173357664233574e-05, 'epoch': 2.685150955021565}
  step=2184/2436; epoch=2.690; training_minutes=37.53
{'loss': 4.1119, 'grad_norm': 10.168927192687988, 'learning_rate': 3.243613138686131e-05, 'epoch': 2.709796672828096}
  step=2217/2436; epoch=2.731; training_minutes=38.04
{'loss': 4.0218, 'grad_norm': 13.822383880615234, 'learning_rate': 2.969890510948905e-05, 'epoch': 2.7344423906346274}
{'loss': 4.0886, 'grad_norm': 18.79917335510254, 'learning_rate': 2.6961678832116785e-05, 'epoch': 2.7590881084411585}
  step=2249/2436; epoch=2.770; training_minutes=38.54
{'loss': 3.852, 'grad_norm': 12.913644790649414, 'learning_rate': 2.4224452554744524e-05, 'epoch': 2.7837338262476896}
{'loss': 4.1329, 'grad_norm': 10.955408096313477, 'learning_rate': 2.1487226277372263e-05, 'epoch': 2.8083795440542207}
  step=2281/2436; epoch=2.810; training_minutes=39.04
{'loss': 4.1894, 'grad_norm': 17.59250259399414, 'learning_rate': 1.875e-05, 'epoch': 2.833025261860752}
  step=2312/2436; epoch=2.848; training_minutes=39.55
{'loss': 3.9732, 'grad_norm': 11.697922706604004, 'learning_rate': 1.6012773722627734e-05, 'epoch': 2.857670979667283}
{'loss': 4.0066, 'grad_norm': 16.118877410888672, 'learning_rate': 1.3275547445255473e-05, 'epoch': 2.882316697473814}
  step=2345/2436; epoch=2.888; training_minutes=40.06
{'loss': 4.0847, 'grad_norm': 12.504674911499023, 'learning_rate': 1.053832116788321e-05, 'epoch': 2.9069624152803453}
  step=2378/2436; epoch=2.929; training_minutes=40.57
{'loss': 4.1318, 'grad_norm': 7.638179302215576, 'learning_rate': 7.801094890510948e-06, 'epoch': 2.9316081330868764}
{'loss': 4.0984, 'grad_norm': 14.57307243347168, 'learning_rate': 5.063868613138686e-06, 'epoch': 2.9562538508934075}
  step=2412/2436; epoch=2.971; training_minutes=41.08
{'loss': 4.2775, 'grad_norm': 9.336986541748047, 'learning_rate': 2.326642335766423e-06, 'epoch': 2.9808995686999387}
{'eval_loss': 1.0576244592666626, 'eval_accuracy': 0.43812279009964644, 'eval_f1_macro': 0.43729385606712623, 'eval_balanced_accuracy': 0.44293842832692526, 'eval_runtime': 114.4497, 'eval_samples_per_second': 27.182, 'eval_steps_per_second': 3.399, 'epoch': 3.0}
{'train_runtime': 2599.693, 'train_samples_per_second': 14.981, 'train_steps_per_second': 0.937, 'train_loss': 4.244023761530032, 'epoch': 3.0}
SCREENING COMPLETE candidate-02 0.43812279009964644
SCREENING START candidate-03 0.001 4
Some weights of ModernBertForSequenceClassification were not initialized from the model checkpoint at Itau-Unibanco/NorBERTo-base and are newly initialized: ['classifier.bias', 'classifier.weight']
You should probably TRAIN this model on a down-stream task to be able to use it for predictions and inference.
  Trainable parameters: 272643; train=12982, inner_valid=3111
{'loss': 5.39, 'grad_norm': 16.2502384185791, 'learning_rate': 7.78688524590164e-05, 'epoch': 0.024645717806531114}
  step=33/2436; epoch=0.041; training_minutes=0.50
{'loss': 4.5497, 'grad_norm': 27.522327423095703, 'learning_rate': 0.0001598360655737705, 'epoch': 0.04929143561306223}
{'loss': 4.6782, 'grad_norm': 11.492918014526367, 'learning_rate': 0.00024180327868852458, 'epoch': 0.07393715341959335}
  step=64/2436; epoch=0.079; training_minutes=1.01
{'loss': 4.6045, 'grad_norm': 14.850010871887207, 'learning_rate': 0.00032377049180327874, 'epoch': 0.09858287122612445}
  step=96/2436; epoch=0.118; training_minutes=1.51
{'loss': 4.3832, 'grad_norm': 10.621508598327637, 'learning_rate': 0.0004057377049180328, 'epoch': 0.12322858903265557}
{'loss': 4.5534, 'grad_norm': 11.84735107421875, 'learning_rate': 0.0004877049180327869, 'epoch': 0.1478743068391867}
  step=128/2436; epoch=0.158; training_minutes=2.02
{'loss': 4.435, 'grad_norm': 9.063858032226562, 'learning_rate': 0.000569672131147541, 'epoch': 0.1725200246457178}
  step=159/2436; epoch=0.196; training_minutes=2.53
{'loss': 4.4057, 'grad_norm': 9.246676445007324, 'learning_rate': 0.0006516393442622951, 'epoch': 0.1971657424522489}
{'loss': 4.5244, 'grad_norm': 13.385258674621582, 'learning_rate': 0.0007336065573770492, 'epoch': 0.22181146025878004}
  step=190/2436; epoch=0.234; training_minutes=3.03
{'loss': 4.3978, 'grad_norm': 9.334464073181152, 'learning_rate': 0.0008155737704918033, 'epoch': 0.24645717806531114}
{'loss': 4.5324, 'grad_norm': 12.830842971801758, 'learning_rate': 0.0008975409836065575, 'epoch': 0.2711028958718423}
  step=223/2436; epoch=0.275; training_minutes=3.54
{'loss': 4.4837, 'grad_norm': 4.856480598449707, 'learning_rate': 0.0009795081967213116, 'epoch': 0.2957486136783734}
  step=259/2436; epoch=0.319; training_minutes=4.06
{'loss': 4.5871, 'grad_norm': 767.3096923828125, 'learning_rate': 0.0009931569343065694, 'epoch': 0.3203943314849045}
{'loss': 5.1038, 'grad_norm': 814.3826904296875, 'learning_rate': 0.0009840328467153284, 'epoch': 0.3450400492914356}
  step=291/2436; epoch=0.359; training_minutes=4.56
{'loss': 4.8466, 'grad_norm': 400.1597595214844, 'learning_rate': 0.0009749087591240876, 'epoch': 0.36968576709796674}
{'loss': 4.5562, 'grad_norm': 19.231204986572266, 'learning_rate': 0.0009657846715328468, 'epoch': 0.3943314849044978}
  step=324/2436; epoch=0.399; training_minutes=5.07
{'loss': 4.4628, 'grad_norm': 33.53982162475586, 'learning_rate': 0.0009566605839416058, 'epoch': 0.41897720271102895}
  step=356/2436; epoch=0.439; training_minutes=5.57
{'loss': 4.544, 'grad_norm': 81.39952850341797, 'learning_rate': 0.000947536496350365, 'epoch': 0.4436229205175601}
{'loss': 5.0885, 'grad_norm': 46.147361755371094, 'learning_rate': 0.0009384124087591241, 'epoch': 0.4682686383240912}
  step=390/2436; epoch=0.481; training_minutes=6.08
{'loss': 4.575, 'grad_norm': 33.031681060791016, 'learning_rate': 0.0009292883211678832, 'epoch': 0.4929143561306223}
{'loss': 4.5463, 'grad_norm': 37.004756927490234, 'learning_rate': 0.0009201642335766424, 'epoch': 0.5175600739371534}
  step=424/2436; epoch=0.522; training_minutes=6.60
{'loss': 4.9147, 'grad_norm': 28.86722183227539, 'learning_rate': 0.0009110401459854015, 'epoch': 0.5422057917436846}
  step=459/2436; epoch=0.566; training_minutes=7.11
{'loss': 4.6286, 'grad_norm': 54.61079025268555, 'learning_rate': 0.0009019160583941606, 'epoch': 0.5668515095502157}
{'loss': 4.4976, 'grad_norm': 10.282368659973145, 'learning_rate': 0.0008927919708029197, 'epoch': 0.5914972273567468}
  step=492/2436; epoch=0.606; training_minutes=7.62
{'loss': 4.3926, 'grad_norm': 4.832253932952881, 'learning_rate': 0.0008836678832116789, 'epoch': 0.6161429451632778}
{'loss': 4.5667, 'grad_norm': 18.798152923583984, 'learning_rate': 0.000874543795620438, 'epoch': 0.640788662969809}
  step=526/2436; epoch=0.648; training_minutes=8.14
{'loss': 4.746, 'grad_norm': 61.26137161254883, 'learning_rate': 0.0008654197080291971, 'epoch': 0.6654343807763401}
  step=559/2436; epoch=0.689; training_minutes=8.64
{'loss': 4.7211, 'grad_norm': 17.93978500366211, 'learning_rate': 0.0008562956204379562, 'epoch': 0.6900800985828712}
{'loss': 4.7068, 'grad_norm': 27.56385040283203, 'learning_rate': 0.0008471715328467153, 'epoch': 0.7147258163894024}
  step=591/2436; epoch=0.728; training_minutes=9.15
{'loss': 4.6684, 'grad_norm': 28.619644165039062, 'learning_rate': 0.0008380474452554745, 'epoch': 0.7393715341959335}
{'loss': 4.4629, 'grad_norm': 11.152568817138672, 'learning_rate': 0.0008289233576642336, 'epoch': 0.7640172520024646}
  step=623/2436; epoch=0.768; training_minutes=9.65
{'loss': 4.5994, 'grad_norm': 11.937163352966309, 'learning_rate': 0.0008197992700729927, 'epoch': 0.7886629698089956}
  step=656/2436; epoch=0.808; training_minutes=10.15
{'loss': 4.5036, 'grad_norm': 14.83502197265625, 'learning_rate': 0.0008106751824817519, 'epoch': 0.8133086876155268}
{'loss': 4.6611, 'grad_norm': 71.81031036376953, 'learning_rate': 0.0008015510948905109, 'epoch': 0.8379544054220579}
  step=690/2436; epoch=0.850; training_minutes=10.66
{'loss': 4.5057, 'grad_norm': 22.091140747070312, 'learning_rate': 0.0007924270072992701, 'epoch': 0.862600123228589}
{'loss': 4.4132, 'grad_norm': 8.479931831359863, 'learning_rate': 0.0007833029197080293, 'epoch': 0.8872458410351202}
  step=723/2436; epoch=0.891; training_minutes=11.18
{'loss': 4.6304, 'grad_norm': 14.027483940124512, 'learning_rate': 0.0007741788321167883, 'epoch': 0.9118915588416513}
  step=756/2436; epoch=0.932; training_minutes=11.69
{'loss': 4.5637, 'grad_norm': 12.29608154296875, 'learning_rate': 0.0007650547445255475, 'epoch': 0.9365372766481824}
{'loss': 4.4232, 'grad_norm': 16.370763778686523, 'learning_rate': 0.0007559306569343066, 'epoch': 0.9611829944547134}
  step=789/2436; epoch=0.972; training_minutes=12.19
{'loss': 4.4627, 'grad_norm': 11.697197914123535, 'learning_rate': 0.0007468065693430657, 'epoch': 0.9858287122612446}
{'eval_loss': 1.1167008876800537, 'eval_accuracy': 0.3831565413050466, 'eval_f1_macro': 0.300902900966936, 'eval_balanced_accuracy': 0.3851279477891268, 'eval_runtime': 114.439, 'eval_samples_per_second': 27.185, 'eval_steps_per_second': 3.399, 'epoch': 1.0}
  step=813/2436; epoch=1.001; training_minutes=14.45
{'loss': 4.3895, 'grad_norm': 10.26959228515625, 'learning_rate': 0.0007376824817518249, 'epoch': 1.0098582871226125}
{'loss': 4.4455, 'grad_norm': 20.897096633911133, 'learning_rate': 0.000728558394160584, 'epoch': 1.0345040049291436}
  step=845/2436; epoch=1.041; training_minutes=14.96
{'loss': 4.4426, 'grad_norm': 13.482542037963867, 'learning_rate': 0.0007194343065693431, 'epoch': 1.0591497227356748}
  step=878/2436; epoch=1.081; training_minutes=15.47
{'loss': 4.4319, 'grad_norm': 12.593697547912598, 'learning_rate': 0.0007103102189781022, 'epoch': 1.083795440542206}
{'loss': 4.4008, 'grad_norm': 17.06926155090332, 'learning_rate': 0.0007011861313868614, 'epoch': 1.1084411583487368}
  step=910/2436; epoch=1.121; training_minutes=15.98
{'loss': 4.7226, 'grad_norm': 11.290197372436523, 'learning_rate': 0.0006920620437956205, 'epoch': 1.133086876155268}
{'loss': 4.3604, 'grad_norm': 15.233904838562012, 'learning_rate': 0.0006829379562043796, 'epoch': 1.157732593961799}
  step=942/2436; epoch=1.160; training_minutes=16.49
{'loss': 4.4407, 'grad_norm': 7.369080066680908, 'learning_rate': 0.0006738138686131387, 'epoch': 1.1823783117683302}
  step=975/2436; epoch=1.201; training_minutes=17.00
{'loss': 4.4667, 'grad_norm': 4.916226387023926, 'learning_rate': 0.0006646897810218979, 'epoch': 1.2070240295748613}
{'loss': 4.3607, 'grad_norm': 19.09979820251465, 'learning_rate': 0.000655565693430657, 'epoch': 1.2316697473813925}
  step=1010/2436; epoch=1.244; training_minutes=17.51
{'loss': 4.3757, 'grad_norm': 13.68887710571289, 'learning_rate': 0.0006464416058394161, 'epoch': 1.2563154651879236}
{'loss': 4.4563, 'grad_norm': 8.822090148925781, 'learning_rate': 0.0006373175182481752, 'epoch': 1.2809611829944547}
  step=1042/2436; epoch=1.283; training_minutes=18.02
{'loss': 4.3389, 'grad_norm': 8.449420928955078, 'learning_rate': 0.0006281934306569344, 'epoch': 1.3056069008009858}
  step=1074/2436; epoch=1.323; training_minutes=18.53
{'loss': 4.4159, 'grad_norm': 17.08489990234375, 'learning_rate': 0.0006190693430656935, 'epoch': 1.330252618607517}
{'loss': 4.3144, 'grad_norm': 31.897926330566406, 'learning_rate': 0.0006099452554744525, 'epoch': 1.354898336414048}
  step=1108/2436; epoch=1.365; training_minutes=19.04
{'loss': 4.2974, 'grad_norm': 9.98963737487793, 'learning_rate': 0.0006008211678832118, 'epoch': 1.3795440542205792}
{'loss': 4.4375, 'grad_norm': 16.216472625732422, 'learning_rate': 0.0005916970802919707, 'epoch': 1.4041897720271104}
  step=1141/2436; epoch=1.405; training_minutes=19.55
{'loss': 4.567, 'grad_norm': 11.52236270904541, 'learning_rate': 0.00058257299270073, 'epoch': 1.4288354898336415}
  step=1172/2436; epoch=1.444; training_minutes=20.05
{'loss': 4.4199, 'grad_norm': 7.102749824523926, 'learning_rate': 0.0005734489051094892, 'epoch': 1.4534812076401726}
{'loss': 4.3407, 'grad_norm': 3.656339406967163, 'learning_rate': 0.0005643248175182481, 'epoch': 1.4781269254467038}
  step=1206/2436; epoch=1.486; training_minutes=20.55
{'loss': 4.3759, 'grad_norm': 9.443551063537598, 'learning_rate': 0.0005552007299270073, 'epoch': 1.502772643253235}
  step=1240/2436; epoch=1.527; training_minutes=21.06
{'loss': 4.4047, 'grad_norm': 10.584004402160645, 'learning_rate': 0.0005460766423357664, 'epoch': 1.527418361059766}
{'loss': 4.3068, 'grad_norm': 5.050451278686523, 'learning_rate': 0.0005369525547445255, 'epoch': 1.552064078866297}
  step=1274/2436; epoch=1.569; training_minutes=21.57
{'loss': 4.3454, 'grad_norm': 4.7019572257995605, 'learning_rate': 0.0005278284671532847, 'epoch': 1.576709796672828}
{'loss': 4.3176, 'grad_norm': 19.73305320739746, 'learning_rate': 0.0005187043795620438, 'epoch': 1.6013555144793592}
  step=1306/2436; epoch=1.609; training_minutes=22.07
{'loss': 4.4448, 'grad_norm': 14.876220703125, 'learning_rate': 0.0005095802919708029, 'epoch': 1.6260012322858903}
  step=1338/2436; epoch=1.648; training_minutes=22.57
{'loss': 4.4139, 'grad_norm': 17.75434112548828, 'learning_rate': 0.000500456204379562, 'epoch': 1.6506469500924215}
{'loss': 4.3545, 'grad_norm': 10.849669456481934, 'learning_rate': 0.0004913321167883212, 'epoch': 1.6752926678989526}
  step=1371/2436; epoch=1.689; training_minutes=23.08
{'loss': 4.3093, 'grad_norm': 9.132591247558594, 'learning_rate': 0.0004822080291970803, 'epoch': 1.6999383857054837}
{'loss': 4.5364, 'grad_norm': 11.817412376403809, 'learning_rate': 0.0004730839416058394, 'epoch': 1.7245841035120146}
  step=1404/2436; epoch=1.730; training_minutes=23.58
{'loss': 4.4023, 'grad_norm': 7.724029064178467, 'learning_rate': 0.0004639598540145986, 'epoch': 1.7492298213185458}
  step=1436/2436; epoch=1.769; training_minutes=24.09
{'loss': 4.2818, 'grad_norm': 9.95527458190918, 'learning_rate': 0.00045483576642335767, 'epoch': 1.773875539125077}
{'loss': 4.2699, 'grad_norm': 3.829901695251465, 'learning_rate': 0.00044571167883211677, 'epoch': 1.798521256931608}
  step=1468/2436; epoch=1.808; training_minutes=24.59
{'loss': 4.2931, 'grad_norm': 10.089730262756348, 'learning_rate': 0.0004365875912408759, 'epoch': 1.8231669747381392}
{'loss': 4.3393, 'grad_norm': 10.528804779052734, 'learning_rate': 0.00042746350364963507, 'epoch': 1.8478126925446703}
  step=1502/2436; epoch=1.850; training_minutes=25.11
{'loss': 4.3845, 'grad_norm': 5.815171241760254, 'learning_rate': 0.00041833941605839417, 'epoch': 1.8724584103512014}
  step=1535/2436; epoch=1.891; training_minutes=25.61
{'loss': 4.3874, 'grad_norm': 14.423895835876465, 'learning_rate': 0.0004092153284671533, 'epoch': 1.8971041281577325}
{'loss': 4.2497, 'grad_norm': 32.99956512451172, 'learning_rate': 0.0004000912408759124, 'epoch': 1.9217498459642637}
  step=1569/2436; epoch=1.933; training_minutes=26.12
{'loss': 4.5459, 'grad_norm': 154.67967224121094, 'learning_rate': 0.0003909671532846715, 'epoch': 1.9463955637707948}
{'loss': 4.7408, 'grad_norm': 164.21026611328125, 'learning_rate': 0.0003818430656934307, 'epoch': 1.971041281577326}
  step=1602/2436; epoch=1.974; training_minutes=26.63
{'loss': 4.4972, 'grad_norm': 193.27027893066406, 'learning_rate': 0.0003727189781021898, 'epoch': 1.995686999383857}
{'eval_loss': 1.1075607538223267, 'eval_accuracy': 0.3674059787849566, 'eval_f1_macro': 0.3642771869566557, 'eval_balanced_accuracy': 0.3766018966520683, 'eval_runtime': 114.4207, 'eval_samples_per_second': 27.189, 'eval_steps_per_second': 3.4, 'epoch': 2.0}
{'train_runtime': 1732.4706, 'train_samples_per_second': 22.48, 'train_steps_per_second': 1.406, 'train_loss': 4.503960445009429, 'epoch': 2.0}
SCREENING COMPLETE candidate-03 0.3831565413050466
SCREENING START candidate-04 0.0001 8
Some weights of ModernBertForSequenceClassification were not initialized from the model checkpoint at Itau-Unibanco/NorBERTo-base and are newly initialized: ['classifier.bias', 'classifier.weight']
You should probably TRAIN this model on a down-stream task to be able to use it for predictions and inference.
  Trainable parameters: 542979; train=12982, inner_valid=3111
{'loss': 5.636, 'grad_norm': 17.33938217163086, 'learning_rate': 7.78688524590164e-06, 'epoch': 0.024645717806531114}
  step=33/2436; epoch=0.041; training_minutes=0.50
{'loss': 5.248, 'grad_norm': 14.630110740661621, 'learning_rate': 1.598360655737705e-05, 'epoch': 0.04929143561306223}
{'loss': 5.0184, 'grad_norm': 20.175745010375977, 'learning_rate': 2.418032786885246e-05, 'epoch': 0.07393715341959335}
  step=64/2436; epoch=0.079; training_minutes=1.01
{'loss': 4.7058, 'grad_norm': 16.817337036132812, 'learning_rate': 3.237704918032787e-05, 'epoch': 0.09858287122612445}
  step=96/2436; epoch=0.118; training_minutes=1.51
{'loss': 4.5202, 'grad_norm': 16.604206085205078, 'learning_rate': 4.057377049180328e-05, 'epoch': 0.12322858903265557}
{'loss': 4.6248, 'grad_norm': 18.367855072021484, 'learning_rate': 4.8770491803278687e-05, 'epoch': 0.1478743068391867}
  step=128/2436; epoch=0.158; training_minutes=2.02
{'loss': 4.6321, 'grad_norm': 13.359431266784668, 'learning_rate': 5.69672131147541e-05, 'epoch': 0.1725200246457178}
  step=159/2436; epoch=0.196; training_minutes=2.53
{'loss': 4.5988, 'grad_norm': 14.928330421447754, 'learning_rate': 6.516393442622951e-05, 'epoch': 0.1971657424522489}
{'loss': 4.5222, 'grad_norm': 27.094423294067383, 'learning_rate': 7.336065573770491e-05, 'epoch': 0.22181146025878004}
  step=190/2436; epoch=0.234; training_minutes=3.03
{'loss': 4.3776, 'grad_norm': 11.895721435546875, 'learning_rate': 8.155737704918032e-05, 'epoch': 0.24645717806531114}
{'loss': 4.533, 'grad_norm': 15.613548278808594, 'learning_rate': 8.975409836065574e-05, 'epoch': 0.2711028958718423}
  step=223/2436; epoch=0.275; training_minutes=3.54
{'loss': 4.619, 'grad_norm': 8.705048561096191, 'learning_rate': 9.795081967213115e-05, 'epoch': 0.2957486136783734}
  step=259/2436; epoch=0.319; training_minutes=4.06
{'loss': 4.3713, 'grad_norm': 13.430096626281738, 'learning_rate': 9.931569343065694e-05, 'epoch': 0.3203943314849045}
{'loss': 4.3432, 'grad_norm': 13.588492393493652, 'learning_rate': 9.840328467153285e-05, 'epoch': 0.3450400492914356}
  step=291/2436; epoch=0.359; training_minutes=4.57
{'loss': 4.3147, 'grad_norm': 9.653921127319336, 'learning_rate': 9.749087591240877e-05, 'epoch': 0.36968576709796674}
{'loss': 4.35, 'grad_norm': 10.47679328918457, 'learning_rate': 9.657846715328468e-05, 'epoch': 0.3943314849044978}
  step=324/2436; epoch=0.399; training_minutes=5.07
{'loss': 4.3617, 'grad_norm': 13.230231285095215, 'learning_rate': 9.566605839416059e-05, 'epoch': 0.41897720271102895}
  step=356/2436; epoch=0.439; training_minutes=5.57
{'loss': 4.3365, 'grad_norm': 18.859060287475586, 'learning_rate': 9.47536496350365e-05, 'epoch': 0.4436229205175601}
{'loss': 4.4095, 'grad_norm': 9.520130157470703, 'learning_rate': 9.384124087591242e-05, 'epoch': 0.4682686383240912}
  step=390/2436; epoch=0.481; training_minutes=6.09
{'loss': 4.3434, 'grad_norm': 7.137236595153809, 'learning_rate': 9.292883211678832e-05, 'epoch': 0.4929143561306223}
{'loss': 4.317, 'grad_norm': 11.93398380279541, 'learning_rate': 9.201642335766424e-05, 'epoch': 0.5175600739371534}
  step=424/2436; epoch=0.522; training_minutes=6.60
{'loss': 4.3538, 'grad_norm': 13.802962303161621, 'learning_rate': 9.110401459854015e-05, 'epoch': 0.5422057917436846}
  step=459/2436; epoch=0.566; training_minutes=7.11
{'loss': 4.4719, 'grad_norm': 16.082534790039062, 'learning_rate': 9.019160583941606e-05, 'epoch': 0.5668515095502157}
{'loss': 4.2775, 'grad_norm': 8.873804092407227, 'learning_rate': 8.927919708029197e-05, 'epoch': 0.5914972273567468}
  step=491/2436; epoch=0.605; training_minutes=7.61
{'loss': 4.3362, 'grad_norm': 10.139779090881348, 'learning_rate': 8.836678832116789e-05, 'epoch': 0.6161429451632778}
{'loss': 4.5449, 'grad_norm': 13.931740760803223, 'learning_rate': 8.74543795620438e-05, 'epoch': 0.640788662969809}
  step=524/2436; epoch=0.646; training_minutes=8.11
{'loss': 4.3788, 'grad_norm': 18.065956115722656, 'learning_rate': 8.654197080291971e-05, 'epoch': 0.6654343807763401}
  step=557/2436; epoch=0.686; training_minutes=8.62
{'loss': 4.4504, 'grad_norm': 6.626328945159912, 'learning_rate': 8.562956204379562e-05, 'epoch': 0.6900800985828712}
{'loss': 4.4194, 'grad_norm': 10.296659469604492, 'learning_rate': 8.471715328467153e-05, 'epoch': 0.7147258163894024}
  step=589/2436; epoch=0.726; training_minutes=9.12
{'loss': 4.3086, 'grad_norm': 9.599961280822754, 'learning_rate': 8.380474452554745e-05, 'epoch': 0.7393715341959335}
{'loss': 4.2914, 'grad_norm': 9.052671432495117, 'learning_rate': 8.289233576642335e-05, 'epoch': 0.7640172520024646}
  step=621/2436; epoch=0.765; training_minutes=9.62
{'loss': 4.2664, 'grad_norm': 10.713133811950684, 'learning_rate': 8.197992700729927e-05, 'epoch': 0.7886629698089956}
  step=654/2436; epoch=0.806; training_minutes=10.12
{'loss': 4.1921, 'grad_norm': 23.381851196289062, 'learning_rate': 8.106751824817518e-05, 'epoch': 0.8133086876155268}
{'loss': 4.2835, 'grad_norm': 9.611377716064453, 'learning_rate': 8.01551094890511e-05, 'epoch': 0.8379544054220579}
  step=688/2436; epoch=0.848; training_minutes=10.64
{'loss': 4.2623, 'grad_norm': 11.452609062194824, 'learning_rate': 7.924270072992702e-05, 'epoch': 0.862600123228589}
  step=720/2436; epoch=0.887; training_minutes=11.14
{'loss': 4.4812, 'grad_norm': 17.19635009765625, 'learning_rate': 7.833029197080293e-05, 'epoch': 0.8872458410351202}
{'loss': 4.2905, 'grad_norm': 16.771427154541016, 'learning_rate': 7.741788321167884e-05, 'epoch': 0.9118915588416513}
  step=754/2436; epoch=0.929; training_minutes=11.66
{'loss': 4.4054, 'grad_norm': 10.229819297790527, 'learning_rate': 7.650547445255475e-05, 'epoch': 0.9365372766481824}
{'loss': 4.292, 'grad_norm': 11.880706787109375, 'learning_rate': 7.559306569343067e-05, 'epoch': 0.9611829944547134}
  step=786/2436; epoch=0.969; training_minutes=12.16
{'loss': 4.3476, 'grad_norm': 9.858731269836426, 'learning_rate': 7.468065693430656e-05, 'epoch': 0.9858287122612446}
{'eval_loss': 1.079067349433899, 'eval_accuracy': 0.40019286403085824, 'eval_f1_macro': 0.38335293016261546, 'eval_balanced_accuracy': 0.39662722150960805, 'eval_runtime': 114.5138, 'eval_samples_per_second': 27.167, 'eval_steps_per_second': 3.397, 'epoch': 1.0}
  step=813/2436; epoch=1.001; training_minutes=14.46
{'loss': 4.2323, 'grad_norm': 8.457507133483887, 'learning_rate': 7.376824817518249e-05, 'epoch': 1.0098582871226125}
{'loss': 4.2217, 'grad_norm': 14.658279418945312, 'learning_rate': 7.28558394160584e-05, 'epoch': 1.0345040049291436}
  step=845/2436; epoch=1.041; training_minutes=14.97
{'loss': 4.2698, 'grad_norm': 10.751628875732422, 'learning_rate': 7.194343065693431e-05, 'epoch': 1.0591497227356748}
  step=878/2436; epoch=1.081; training_minutes=15.48
{'loss': 4.1802, 'grad_norm': 12.530471801757812, 'learning_rate': 7.103102189781023e-05, 'epoch': 1.083795440542206}
{'loss': 4.3069, 'grad_norm': 8.99071216583252, 'learning_rate': 7.011861313868614e-05, 'epoch': 1.1084411583487368}
  step=910/2436; epoch=1.121; training_minutes=16.00
{'loss': 4.1958, 'grad_norm': 7.709336757659912, 'learning_rate': 6.920620437956205e-05, 'epoch': 1.133086876155268}
{'loss': 4.3221, 'grad_norm': 22.988731384277344, 'learning_rate': 6.829379562043796e-05, 'epoch': 1.157732593961799}
  step=942/2436; epoch=1.160; training_minutes=16.50
{'loss': 4.3394, 'grad_norm': 11.061983108520508, 'learning_rate': 6.738138686131387e-05, 'epoch': 1.1823783117683302}
  step=975/2436; epoch=1.201; training_minutes=17.01
{'loss': 4.2834, 'grad_norm': 7.527439594268799, 'learning_rate': 6.646897810218978e-05, 'epoch': 1.2070240295748613}
{'loss': 4.2492, 'grad_norm': 15.529671669006348, 'learning_rate': 6.55565693430657e-05, 'epoch': 1.2316697473813925}
  step=1010/2436; epoch=1.244; training_minutes=17.53
{'loss': 4.3667, 'grad_norm': 15.72817325592041, 'learning_rate': 6.464416058394161e-05, 'epoch': 1.2563154651879236}
{'loss': 4.2377, 'grad_norm': 20.290903091430664, 'learning_rate': 6.373175182481752e-05, 'epoch': 1.2809611829944547}
  step=1042/2436; epoch=1.283; training_minutes=18.03
{'loss': 4.1607, 'grad_norm': 9.334251403808594, 'learning_rate': 6.281934306569343e-05, 'epoch': 1.3056069008009858}
  step=1074/2436; epoch=1.323; training_minutes=18.54
{'loss': 4.3992, 'grad_norm': 8.000509262084961, 'learning_rate': 6.190693430656934e-05, 'epoch': 1.330252618607517}
{'loss': 4.2737, 'grad_norm': 13.05604076385498, 'learning_rate': 6.0994525547445256e-05, 'epoch': 1.354898336414048}
  step=1108/2436; epoch=1.365; training_minutes=19.05
{'loss': 4.1603, 'grad_norm': 9.289955139160156, 'learning_rate': 6.008211678832117e-05, 'epoch': 1.3795440542205792}
{'loss': 4.2628, 'grad_norm': 14.946145057678223, 'learning_rate': 5.916970802919708e-05, 'epoch': 1.4041897720271104}
  step=1141/2436; epoch=1.405; training_minutes=19.56
{'loss': 4.3917, 'grad_norm': 9.92664909362793, 'learning_rate': 5.8257299270073e-05, 'epoch': 1.4288354898336415}
  step=1172/2436; epoch=1.444; training_minutes=20.06
{'loss': 4.343, 'grad_norm': 8.386280059814453, 'learning_rate': 5.7344890510948915e-05, 'epoch': 1.4534812076401726}
{'loss': 4.2599, 'grad_norm': 11.19466781616211, 'learning_rate': 5.643248175182482e-05, 'epoch': 1.4781269254467038}
  step=1206/2436; epoch=1.486; training_minutes=20.57
{'loss': 4.2804, 'grad_norm': 9.557746887207031, 'learning_rate': 5.5520072992700734e-05, 'epoch': 1.502772643253235}
  step=1240/2436; epoch=1.527; training_minutes=21.07
{'loss': 4.2345, 'grad_norm': 12.749258041381836, 'learning_rate': 5.460766423357665e-05, 'epoch': 1.527418361059766}
{'loss': 4.327, 'grad_norm': 12.780017852783203, 'learning_rate': 5.3695255474452554e-05, 'epoch': 1.552064078866297}
  step=1274/2436; epoch=1.569; training_minutes=21.58
{'loss': 4.2382, 'grad_norm': 15.844018936157227, 'learning_rate': 5.278284671532847e-05, 'epoch': 1.576709796672828}
{'loss': 4.1484, 'grad_norm': 14.459558486938477, 'learning_rate': 5.1870437956204386e-05, 'epoch': 1.6013555144793592}
  step=1306/2436; epoch=1.609; training_minutes=22.08
{'loss': 4.2786, 'grad_norm': 15.689132690429688, 'learning_rate': 5.095802919708029e-05, 'epoch': 1.6260012322858903}
  step=1338/2436; epoch=1.648; training_minutes=22.59
{'loss': 4.2772, 'grad_norm': 14.605535507202148, 'learning_rate': 5.0045620437956206e-05, 'epoch': 1.6506469500924215}
{'loss': 4.2494, 'grad_norm': 14.032323837280273, 'learning_rate': 4.913321167883212e-05, 'epoch': 1.6752926678989526}
  step=1371/2436; epoch=1.689; training_minutes=23.10
{'loss': 4.1897, 'grad_norm': 10.865864753723145, 'learning_rate': 4.822080291970803e-05, 'epoch': 1.6999383857054837}
{'loss': 4.2829, 'grad_norm': 10.690900802612305, 'learning_rate': 4.730839416058395e-05, 'epoch': 1.7245841035120146}
  step=1404/2436; epoch=1.730; training_minutes=23.60
{'loss': 4.2805, 'grad_norm': 8.218831062316895, 'learning_rate': 4.639598540145986e-05, 'epoch': 1.7492298213185458}
  step=1436/2436; epoch=1.769; training_minutes=24.11
{'loss': 4.1693, 'grad_norm': 13.885719299316406, 'learning_rate': 4.548357664233577e-05, 'epoch': 1.773875539125077}
{'loss': 4.1422, 'grad_norm': 6.272899150848389, 'learning_rate': 4.457116788321168e-05, 'epoch': 1.798521256931608}
  step=1468/2436; epoch=1.808; training_minutes=24.61
{'loss': 4.2497, 'grad_norm': 9.555895805358887, 'learning_rate': 4.365875912408759e-05, 'epoch': 1.8231669747381392}
{'loss': 4.234, 'grad_norm': 9.712099075317383, 'learning_rate': 4.27463503649635e-05, 'epoch': 1.8478126925446703}
  step=1502/2436; epoch=1.850; training_minutes=25.13
{'loss': 4.2339, 'grad_norm': 6.0343523025512695, 'learning_rate': 4.183394160583942e-05, 'epoch': 1.8724584103512014}
  step=1535/2436; epoch=1.891; training_minutes=25.63
{'loss': 4.2403, 'grad_norm': 15.561796188354492, 'learning_rate': 4.0921532846715336e-05, 'epoch': 1.8971041281577325}
{'loss': 4.2746, 'grad_norm': 13.180424690246582, 'learning_rate': 4.0009124087591245e-05, 'epoch': 1.9217498459642637}
  step=1569/2436; epoch=1.933; training_minutes=26.14
{'loss': 4.2027, 'grad_norm': 12.801401138305664, 'learning_rate': 3.9096715328467155e-05, 'epoch': 1.9463955637707948}
{'loss': 4.151, 'grad_norm': 11.361125946044922, 'learning_rate': 3.818430656934307e-05, 'epoch': 1.971041281577326}
  step=1602/2436; epoch=1.974; training_minutes=26.65
{'loss': 4.1798, 'grad_norm': 10.269709587097168, 'learning_rate': 3.727189781021898e-05, 'epoch': 1.995686999383857}
{'eval_loss': 1.0757176876068115, 'eval_accuracy': 0.420443587270974, 'eval_f1_macro': 0.4185209364869517, 'eval_balanced_accuracy': 0.43096421969340293, 'eval_runtime': 114.3955, 'eval_samples_per_second': 27.195, 'eval_steps_per_second': 3.4, 'epoch': 2.0}
  step=1625/2436; epoch=2.001; training_minutes=28.91
{'loss': 4.1545, 'grad_norm': 8.993436813354492, 'learning_rate': 3.635948905109489e-05, 'epoch': 2.019716574245225}
  step=1659/2436; epoch=2.043; training_minutes=29.42
{'loss': 4.1728, 'grad_norm': 10.561487197875977, 'learning_rate': 3.54470802919708e-05, 'epoch': 2.044362292051756}
{'loss': 4.2274, 'grad_norm': 17.973318099975586, 'learning_rate': 3.4534671532846717e-05, 'epoch': 2.0690080098582873}
  step=1693/2436; epoch=2.085; training_minutes=29.94
{'loss': 4.2167, 'grad_norm': 8.91231632232666, 'learning_rate': 3.3622262773722626e-05, 'epoch': 2.0936537276648184}
{'loss': 4.2067, 'grad_norm': 8.433167457580566, 'learning_rate': 3.270985401459854e-05, 'epoch': 2.1182994454713495}
  step=1726/2436; epoch=2.126; training_minutes=30.44
{'loss': 4.1811, 'grad_norm': 14.203031539916992, 'learning_rate': 3.179744525547446e-05, 'epoch': 2.1429451632778806}
  step=1757/2436; epoch=2.164; training_minutes=30.95
{'loss': 4.2964, 'grad_norm': 6.498435974121094, 'learning_rate': 3.088503649635037e-05, 'epoch': 2.167590881084412}
{'loss': 4.2479, 'grad_norm': 10.206578254699707, 'learning_rate': 2.9972627737226278e-05, 'epoch': 2.1922365988909425}
  step=1790/2436; epoch=2.205; training_minutes=31.46
{'loss': 4.3035, 'grad_norm': 22.732563018798828, 'learning_rate': 2.9060218978102195e-05, 'epoch': 2.2168823166974736}
{'loss': 4.1968, 'grad_norm': 9.183113098144531, 'learning_rate': 2.8147810218978104e-05, 'epoch': 2.2415280345040047}
  step=1824/2436; epoch=2.246; training_minutes=31.97
{'loss': 4.1981, 'grad_norm': 8.920055389404297, 'learning_rate': 2.7235401459854014e-05, 'epoch': 2.266173752310536}
  step=1858/2436; epoch=2.288; training_minutes=32.48
{'loss': 4.2061, 'grad_norm': 17.278121948242188, 'learning_rate': 2.6322992700729927e-05, 'epoch': 2.290819470117067}
{'loss': 4.1232, 'grad_norm': 6.131596565246582, 'learning_rate': 2.5410583941605843e-05, 'epoch': 2.315465187923598}
  step=1890/2436; epoch=2.328; training_minutes=32.98
{'loss': 4.2691, 'grad_norm': 13.517409324645996, 'learning_rate': 2.4498175182481753e-05, 'epoch': 2.3401109057301293}
{'loss': 4.2009, 'grad_norm': 16.91330337524414, 'learning_rate': 2.3585766423357666e-05, 'epoch': 2.3647566235366604}
  step=1922/2436; epoch=2.367; training_minutes=33.49
{'loss': 4.1847, 'grad_norm': 11.08775520324707, 'learning_rate': 2.2673357664233575e-05, 'epoch': 2.3894023413431915}
  step=1955/2436; epoch=2.408; training_minutes=34.00
{'loss': 4.1257, 'grad_norm': 8.475119590759277, 'learning_rate': 2.1760948905109492e-05, 'epoch': 2.4140480591497226}
{'loss': 4.1491, 'grad_norm': 7.699914932250977, 'learning_rate': 2.08485401459854e-05, 'epoch': 2.438693776956254}
  step=1988/2436; epoch=2.449; training_minutes=34.51
{'loss': 4.1564, 'grad_norm': 9.415721893310547, 'learning_rate': 1.9936131386861314e-05, 'epoch': 2.463339494762785}
  step=2020/2436; epoch=2.488; training_minutes=35.02
{'loss': 4.2238, 'grad_norm': 11.071199417114258, 'learning_rate': 1.9023722627737228e-05, 'epoch': 2.487985212569316}
{'loss': 4.1766, 'grad_norm': 9.401630401611328, 'learning_rate': 1.811131386861314e-05, 'epoch': 2.512630930375847}
  step=2052/2436; epoch=2.527; training_minutes=35.52
{'loss': 4.1252, 'grad_norm': 9.478160858154297, 'learning_rate': 1.7198905109489054e-05, 'epoch': 2.5372766481823783}
{'loss': 4.1724, 'grad_norm': 19.636930465698242, 'learning_rate': 1.6286496350364963e-05, 'epoch': 2.5619223659889094}
  step=2085/2436; epoch=2.568; training_minutes=36.03
{'loss': 4.1145, 'grad_norm': 13.843428611755371, 'learning_rate': 1.5374087591240876e-05, 'epoch': 2.5865680837954406}
  step=2118/2436; epoch=2.609; training_minutes=36.53
{'loss': 4.1855, 'grad_norm': 7.804593086242676, 'learning_rate': 1.4461678832116791e-05, 'epoch': 2.6112138016019717}
{'loss': 4.1667, 'grad_norm': 8.863075256347656, 'learning_rate': 1.35492700729927e-05, 'epoch': 2.635859519408503}
  step=2151/2436; epoch=2.649; training_minutes=37.04
{'loss': 4.179, 'grad_norm': 8.967686653137207, 'learning_rate': 1.2636861313868613e-05, 'epoch': 2.660505237215034}
{'loss': 4.2315, 'grad_norm': 10.674043655395508, 'learning_rate': 1.1724452554744526e-05, 'epoch': 2.685150955021565}
  step=2184/2436; epoch=2.690; training_minutes=37.54
{'loss': 4.2016, 'grad_norm': 12.018851280212402, 'learning_rate': 1.0812043795620438e-05, 'epoch': 2.709796672828096}
  step=2217/2436; epoch=2.731; training_minutes=38.05
{'loss': 4.108, 'grad_norm': 13.223220825195312, 'learning_rate': 9.89963503649635e-06, 'epoch': 2.7344423906346274}
{'loss': 4.2571, 'grad_norm': 20.33074951171875, 'learning_rate': 8.987226277372262e-06, 'epoch': 2.7590881084411585}
  step=2249/2436; epoch=2.770; training_minutes=38.55
{'loss': 3.9456, 'grad_norm': 13.917593955993652, 'learning_rate': 8.074817518248177e-06, 'epoch': 2.7837338262476896}
{'loss': 4.2196, 'grad_norm': 13.392767906188965, 'learning_rate': 7.162408759124088e-06, 'epoch': 2.8083795440542207}
  step=2281/2436; epoch=2.810; training_minutes=39.06
{'loss': 4.2694, 'grad_norm': 18.108884811401367, 'learning_rate': 6.25e-06, 'epoch': 2.833025261860752}
  step=2312/2436; epoch=2.848; training_minutes=39.57
{'loss': 4.0479, 'grad_norm': 13.676361083984375, 'learning_rate': 5.3375912408759125e-06, 'epoch': 2.857670979667283}
{'loss': 4.1048, 'grad_norm': 17.485389709472656, 'learning_rate': 4.4251824817518255e-06, 'epoch': 2.882316697473814}
  step=2345/2436; epoch=2.888; training_minutes=40.07
{'loss': 4.1863, 'grad_norm': 13.440173149108887, 'learning_rate': 3.512773722627737e-06, 'epoch': 2.9069624152803453}
  step=2378/2436; epoch=2.929; training_minutes=40.59
{'loss': 4.2301, 'grad_norm': 7.3742547035217285, 'learning_rate': 2.60036496350365e-06, 'epoch': 2.9316081330868764}
{'loss': 4.1848, 'grad_norm': 14.391460418701172, 'learning_rate': 1.6879562043795622e-06, 'epoch': 2.9562538508934075}
  step=2412/2436; epoch=2.971; training_minutes=41.09
{'loss': 4.3642, 'grad_norm': 10.044411659240723, 'learning_rate': 7.755474452554745e-07, 'epoch': 2.9808995686999387}
{'eval_loss': 1.0642735958099365, 'eval_accuracy': 0.4288010286081646, 'eval_f1_macro': 0.4284003242664578, 'eval_balanced_accuracy': 0.43225065313737393, 'eval_runtime': 114.456, 'eval_samples_per_second': 27.181, 'eval_steps_per_second': 3.399, 'epoch': 3.0}
{'train_runtime': 2601.5321, 'train_samples_per_second': 14.97, 'train_steps_per_second': 0.936, 'train_loss': 4.300770557572689, 'epoch': 3.0}
SCREENING COMPLETE candidate-04 0.4288010286081646
SCREENING START candidate-05 0.0003 8
Some weights of ModernBertForSequenceClassification were not initialized from the model checkpoint at Itau-Unibanco/NorBERTo-base and are newly initialized: ['classifier.bias', 'classifier.weight']
You should probably TRAIN this model on a down-stream task to be able to use it for predictions and inference.
  Trainable parameters: 542979; train=12982, inner_valid=3111
{'loss': 5.5484, 'grad_norm': 15.569320678710938, 'learning_rate': 2.3360655737704916e-05, 'epoch': 0.024645717806531114}
  step=33/2436; epoch=0.041; training_minutes=0.50
{'loss': 4.8213, 'grad_norm': 19.44365882873535, 'learning_rate': 4.795081967213115e-05, 'epoch': 0.04929143561306223}
{'loss': 4.7222, 'grad_norm': 12.032434463500977, 'learning_rate': 7.254098360655736e-05, 'epoch': 0.07393715341959335}
  step=64/2436; epoch=0.079; training_minutes=1.01
{'loss': 4.6586, 'grad_norm': 16.685203552246094, 'learning_rate': 9.713114754098361e-05, 'epoch': 0.09858287122612445}
  step=96/2436; epoch=0.118; training_minutes=1.51
{'loss': 4.4624, 'grad_norm': 14.424951553344727, 'learning_rate': 0.00012172131147540983, 'epoch': 0.12322858903265557}
{'loss': 4.5265, 'grad_norm': 15.357670783996582, 'learning_rate': 0.00014631147540983605, 'epoch': 0.1478743068391867}
  step=128/2436; epoch=0.158; training_minutes=2.02
{'loss': 4.5236, 'grad_norm': 12.045909881591797, 'learning_rate': 0.0001709016393442623, 'epoch': 0.1725200246457178}
  step=159/2436; epoch=0.196; training_minutes=2.53
{'loss': 4.463, 'grad_norm': 10.639644622802734, 'learning_rate': 0.0001954918032786885, 'epoch': 0.1971657424522489}
{'loss': 4.4634, 'grad_norm': 16.5570011138916, 'learning_rate': 0.00022008196721311473, 'epoch': 0.22181146025878004}
  step=190/2436; epoch=0.234; training_minutes=3.03
{'loss': 4.363, 'grad_norm': 9.953822135925293, 'learning_rate': 0.00024467213114754094, 'epoch': 0.24645717806531114}
{'loss': 4.4767, 'grad_norm': 12.630218505859375, 'learning_rate': 0.0002692622950819672, 'epoch': 0.2711028958718423}
  step=223/2436; epoch=0.275; training_minutes=3.54
{'loss': 4.4763, 'grad_norm': 7.641485691070557, 'learning_rate': 0.0002938524590163934, 'epoch': 0.2957486136783734}
  step=259/2436; epoch=0.319; training_minutes=4.06
{'loss': 4.3447, 'grad_norm': 7.06239652633667, 'learning_rate': 0.0002979470802919708, 'epoch': 0.3203943314849045}
{'loss': 4.3957, 'grad_norm': 13.473390579223633, 'learning_rate': 0.0002952098540145985, 'epoch': 0.3450400492914356}
  step=291/2436; epoch=0.359; training_minutes=4.57
{'loss': 4.3152, 'grad_norm': 6.419253826141357, 'learning_rate': 0.00029247262773722624, 'epoch': 0.36968576709796674}
{'loss': 4.3022, 'grad_norm': 6.736855983734131, 'learning_rate': 0.000289735401459854, 'epoch': 0.3943314849044978}
  step=324/2436; epoch=0.399; training_minutes=5.07
{'loss': 4.2748, 'grad_norm': 9.409595489501953, 'learning_rate': 0.0002869981751824817, 'epoch': 0.41897720271102895}
  step=356/2436; epoch=0.439; training_minutes=5.58
{'loss': 4.3011, 'grad_norm': 17.381637573242188, 'learning_rate': 0.0002842609489051095, 'epoch': 0.4436229205175601}
{'loss': 4.4028, 'grad_norm': 9.811636924743652, 'learning_rate': 0.0002815237226277372, 'epoch': 0.4682686383240912}
  step=390/2436; epoch=0.481; training_minutes=6.09
{'loss': 4.2941, 'grad_norm': 5.395715713500977, 'learning_rate': 0.00027878649635036494, 'epoch': 0.4929143561306223}
{'loss': 4.2869, 'grad_norm': 12.54548454284668, 'learning_rate': 0.00027604927007299267, 'epoch': 0.5175600739371534}
  step=424/2436; epoch=0.522; training_minutes=6.60
{'loss': 4.3298, 'grad_norm': 8.376579284667969, 'learning_rate': 0.00027331204379562045, 'epoch': 0.5422057917436846}
  step=459/2436; epoch=0.566; training_minutes=7.11
{'loss': 4.4765, 'grad_norm': 11.198880195617676, 'learning_rate': 0.0002705748175182481, 'epoch': 0.5668515095502157}
{'loss': 4.1995, 'grad_norm': 5.849115371704102, 'learning_rate': 0.0002678375912408759, 'epoch': 0.5914972273567468}
  step=491/2436; epoch=0.605; training_minutes=7.61
{'loss': 4.3061, 'grad_norm': 5.541241645812988, 'learning_rate': 0.00026510036496350364, 'epoch': 0.6161429451632778}
{'loss': 4.539, 'grad_norm': 11.150189399719238, 'learning_rate': 0.00026236313868613137, 'epoch': 0.640788662969809}
  step=524/2436; epoch=0.646; training_minutes=8.11
{'loss': 4.318, 'grad_norm': 12.77180004119873, 'learning_rate': 0.0002596259124087591, 'epoch': 0.6654343807763401}
  step=557/2436; epoch=0.686; training_minutes=8.62
{'loss': 4.4407, 'grad_norm': 7.987193584442139, 'learning_rate': 0.0002568886861313868, 'epoch': 0.6900800985828712}
{'loss': 4.3717, 'grad_norm': 8.557162284851074, 'learning_rate': 0.00025415145985401455, 'epoch': 0.7147258163894024}
  step=589/2436; epoch=0.726; training_minutes=9.12
{'loss': 4.2941, 'grad_norm': 8.444663047790527, 'learning_rate': 0.00025141423357664234, 'epoch': 0.7393715341959335}
{'loss': 4.2504, 'grad_norm': 10.027456283569336, 'learning_rate': 0.00024867700729927, 'epoch': 0.7640172520024646}
  step=621/2436; epoch=0.765; training_minutes=9.62
{'loss': 4.2358, 'grad_norm': 9.983846664428711, 'learning_rate': 0.0002459397810218978, 'epoch': 0.7886629698089956}
  step=654/2436; epoch=0.806; training_minutes=10.13
{'loss': 4.1665, 'grad_norm': 20.48345184326172, 'learning_rate': 0.00024320255474452552, 'epoch': 0.8133086876155268}
{'loss': 4.2857, 'grad_norm': 7.829111576080322, 'learning_rate': 0.00024046532846715325, 'epoch': 0.8379544054220579}
  step=688/2436; epoch=0.848; training_minutes=10.64
{'loss': 4.2543, 'grad_norm': 11.05903434753418, 'learning_rate': 0.000237728102189781, 'epoch': 0.862600123228589}
  step=720/2436; epoch=0.887; training_minutes=11.14
{'loss': 4.4525, 'grad_norm': 13.46157169342041, 'learning_rate': 0.00023499087591240874, 'epoch': 0.8872458410351202}
{'loss': 4.2956, 'grad_norm': 71.79302215576172, 'learning_rate': 0.00023225364963503647, 'epoch': 0.9118915588416513}
  step=754/2436; epoch=0.929; training_minutes=11.66
{'loss': 4.3824, 'grad_norm': 8.448063850402832, 'learning_rate': 0.00022951642335766422, 'epoch': 0.9365372766481824}
{'loss': 4.2589, 'grad_norm': 10.0744047164917, 'learning_rate': 0.00022677919708029195, 'epoch': 0.9611829944547134}
  step=786/2436; epoch=0.969; training_minutes=12.16
{'loss': 4.302, 'grad_norm': 8.836551666259766, 'learning_rate': 0.00022404197080291968, 'epoch': 0.9858287122612446}
{'eval_loss': 1.0693329572677612, 'eval_accuracy': 0.4188363870138219, 'eval_f1_macro': 0.41389968372924174, 'eval_balanced_accuracy': 0.41787442857111845, 'eval_runtime': 114.5398, 'eval_samples_per_second': 27.161, 'eval_steps_per_second': 3.396, 'epoch': 1.0}
  step=813/2436; epoch=1.001; training_minutes=14.46
{'loss': 4.2311, 'grad_norm': 7.474030494689941, 'learning_rate': 0.00022130474452554744, 'epoch': 1.0098582871226125}
{'loss': 4.1585, 'grad_norm': 11.711918830871582, 'learning_rate': 0.00021856751824817516, 'epoch': 1.0345040049291436}
  step=845/2436; epoch=1.041; training_minutes=14.97
{'loss': 4.2116, 'grad_norm': 9.2352933883667, 'learning_rate': 0.0002158302919708029, 'epoch': 1.0591497227356748}
  step=878/2436; epoch=1.081; training_minutes=15.48
{'loss': 4.1299, 'grad_norm': 20.90982437133789, 'learning_rate': 0.00021309306569343065, 'epoch': 1.083795440542206}
{'loss': 4.2234, 'grad_norm': 6.566225528717041, 'learning_rate': 0.00021035583941605838, 'epoch': 1.1084411583487368}
  step=910/2436; epoch=1.121; training_minutes=16.00
{'loss': 4.1786, 'grad_norm': 6.729377746582031, 'learning_rate': 0.0002076186131386861, 'epoch': 1.133086876155268}
{'loss': 4.2917, 'grad_norm': 21.456144332885742, 'learning_rate': 0.00020488138686131386, 'epoch': 1.157732593961799}
  step=942/2436; epoch=1.160; training_minutes=16.50
{'loss': 4.2622, 'grad_norm': 10.792932510375977, 'learning_rate': 0.00020214416058394157, 'epoch': 1.1823783117683302}
  step=975/2436; epoch=1.201; training_minutes=17.01
{'loss': 4.2173, 'grad_norm': 7.16212272644043, 'learning_rate': 0.00019940693430656932, 'epoch': 1.2070240295748613}
{'loss': 4.1751, 'grad_norm': 13.079805374145508, 'learning_rate': 0.00019666970802919708, 'epoch': 1.2316697473813925}
  step=1010/2436; epoch=1.244; training_minutes=17.53
{'loss': 4.2875, 'grad_norm': 12.62508487701416, 'learning_rate': 0.00019393248175182478, 'epoch': 1.2563154651879236}
{'loss': 4.2084, 'grad_norm': 10.539542198181152, 'learning_rate': 0.00019119525547445253, 'epoch': 1.2809611829944547}
  step=1042/2436; epoch=1.283; training_minutes=18.03
{'loss': 4.0892, 'grad_norm': 10.757647514343262, 'learning_rate': 0.0001884580291970803, 'epoch': 1.3056069008009858}
  step=1074/2436; epoch=1.323; training_minutes=18.54
{'loss': 4.3431, 'grad_norm': 6.348145961761475, 'learning_rate': 0.000185720802919708, 'epoch': 1.330252618607517}
{'loss': 4.1999, 'grad_norm': 12.609418869018555, 'learning_rate': 0.00018298357664233575, 'epoch': 1.354898336414048}
  step=1108/2436; epoch=1.365; training_minutes=19.05
{'loss': 4.0744, 'grad_norm': 9.191515922546387, 'learning_rate': 0.0001802463503649635, 'epoch': 1.3795440542205792}
{'loss': 4.2071, 'grad_norm': 10.25141716003418, 'learning_rate': 0.0001775091240875912, 'epoch': 1.4041897720271104}
  step=1141/2436; epoch=1.405; training_minutes=19.56
{'loss': 4.4121, 'grad_norm': 9.277671813964844, 'learning_rate': 0.00017477189781021896, 'epoch': 1.4288354898336415}
  step=1172/2436; epoch=1.444; training_minutes=20.07
{'loss': 4.263, 'grad_norm': 7.271258354187012, 'learning_rate': 0.00017203467153284672, 'epoch': 1.4534812076401726}
{'loss': 4.2172, 'grad_norm': 10.76170539855957, 'learning_rate': 0.00016929744525547442, 'epoch': 1.4781269254467038}
  step=1206/2436; epoch=1.486; training_minutes=20.57
{'loss': 4.2212, 'grad_norm': 7.689462184906006, 'learning_rate': 0.00016656021897810218, 'epoch': 1.502772643253235}
  step=1240/2436; epoch=1.527; training_minutes=21.07
{'loss': 4.194, 'grad_norm': 10.182766914367676, 'learning_rate': 0.00016382299270072993, 'epoch': 1.527418361059766}
{'loss': 4.1828, 'grad_norm': 9.50538444519043, 'learning_rate': 0.00016108576642335763, 'epoch': 1.552064078866297}
  step=1274/2436; epoch=1.569; training_minutes=21.58
{'loss': 4.1384, 'grad_norm': 11.00015640258789, 'learning_rate': 0.0001583485401459854, 'epoch': 1.576709796672828}
{'loss': 4.1078, 'grad_norm': 13.930006980895996, 'learning_rate': 0.00015561131386861315, 'epoch': 1.6013555144793592}
  step=1306/2436; epoch=1.609; training_minutes=22.08
{'loss': 4.276, 'grad_norm': 15.213809967041016, 'learning_rate': 0.00015287408759124085, 'epoch': 1.6260012322858903}
  step=1338/2436; epoch=1.648; training_minutes=22.59
{'loss': 4.2206, 'grad_norm': 12.595108985900879, 'learning_rate': 0.0001501368613138686, 'epoch': 1.6506469500924215}
{'loss': 4.1964, 'grad_norm': 9.176384925842285, 'learning_rate': 0.00014739963503649633, 'epoch': 1.6752926678989526}
  step=1371/2436; epoch=1.689; training_minutes=23.10
{'loss': 4.1076, 'grad_norm': 9.49976634979248, 'learning_rate': 0.00014466240875912406, 'epoch': 1.6999383857054837}
{'loss': 4.14, 'grad_norm': 11.518059730529785, 'learning_rate': 0.00014192518248175182, 'epoch': 1.7245841035120146}
  step=1404/2436; epoch=1.730; training_minutes=23.60
{'loss': 4.229, 'grad_norm': 7.501972675323486, 'learning_rate': 0.00013918795620437955, 'epoch': 1.7492298213185458}
  step=1436/2436; epoch=1.769; training_minutes=24.11
{'loss': 4.0835, 'grad_norm': 11.88028335571289, 'learning_rate': 0.00013645072992700727, 'epoch': 1.773875539125077}
{'loss': 4.0242, 'grad_norm': 5.874487400054932, 'learning_rate': 0.00013371350364963503, 'epoch': 1.798521256931608}
  step=1468/2436; epoch=1.808; training_minutes=24.61
{'loss': 4.2332, 'grad_norm': 8.445369720458984, 'learning_rate': 0.00013097627737226276, 'epoch': 1.8231669747381392}
{'loss': 4.1331, 'grad_norm': 9.109786033630371, 'learning_rate': 0.0001282390510948905, 'epoch': 1.8478126925446703}
  step=1502/2436; epoch=1.850; training_minutes=25.13
{'loss': 4.1785, 'grad_norm': 5.532440662384033, 'learning_rate': 0.00012550182481751824, 'epoch': 1.8724584103512014}
  step=1535/2436; epoch=1.891; training_minutes=25.63
{'loss': 4.1775, 'grad_norm': 13.103325843811035, 'learning_rate': 0.00012276459854014597, 'epoch': 1.8971041281577325}
{'loss': 4.1202, 'grad_norm': 10.962874412536621, 'learning_rate': 0.00012002737226277372, 'epoch': 1.9217498459642637}
  step=1569/2436; epoch=1.933; training_minutes=26.14
{'loss': 4.1149, 'grad_norm': 11.265111923217773, 'learning_rate': 0.00011729014598540144, 'epoch': 1.9463955637707948}
{'loss': 4.0223, 'grad_norm': 9.781214714050293, 'learning_rate': 0.0001145529197080292, 'epoch': 1.971041281577326}
  step=1602/2436; epoch=1.974; training_minutes=26.65
{'loss': 4.1417, 'grad_norm': 9.68961238861084, 'learning_rate': 0.00011181569343065693, 'epoch': 1.995686999383857}
{'eval_loss': 1.0603256225585938, 'eval_accuracy': 0.4455159112825458, 'eval_f1_macro': 0.44612944581831265, 'eval_balanced_accuracy': 0.4502855263176564, 'eval_runtime': 114.4468, 'eval_samples_per_second': 27.183, 'eval_steps_per_second': 3.399, 'epoch': 2.0}
  step=1625/2436; epoch=2.001; training_minutes=28.91
{'loss': 4.0361, 'grad_norm': 7.980045795440674, 'learning_rate': 0.00010907846715328466, 'epoch': 2.019716574245225}
  step=1659/2436; epoch=2.043; training_minutes=29.42
{'loss': 4.0756, 'grad_norm': 10.214051246643066, 'learning_rate': 0.00010634124087591239, 'epoch': 2.044362292051756}
{'loss': 4.1052, 'grad_norm': 17.973833084106445, 'learning_rate': 0.00010360401459854014, 'epoch': 2.0690080098582873}
  step=1693/2436; epoch=2.085; training_minutes=29.94
{'loss': 4.0968, 'grad_norm': 8.893844604492188, 'learning_rate': 0.00010086678832116787, 'epoch': 2.0936537276648184}
{'loss': 4.0619, 'grad_norm': 7.879282474517822, 'learning_rate': 9.81295620437956e-05, 'epoch': 2.1182994454713495}
  step=1726/2436; epoch=2.126; training_minutes=30.44
{'loss': 4.0434, 'grad_norm': 13.158674240112305, 'learning_rate': 9.539233576642336e-05, 'epoch': 2.1429451632778806}
  step=1757/2436; epoch=2.164; training_minutes=30.95
{'loss': 4.1519, 'grad_norm': 6.206895351409912, 'learning_rate': 9.265510948905109e-05, 'epoch': 2.167590881084412}
{'loss': 4.0819, 'grad_norm': 10.613327980041504, 'learning_rate': 8.991788321167881e-05, 'epoch': 2.1922365988909425}
  step=1790/2436; epoch=2.205; training_minutes=31.46
{'loss': 4.2095, 'grad_norm': 20.322402954101562, 'learning_rate': 8.718065693430657e-05, 'epoch': 2.2168823166974736}
{'loss': 4.1254, 'grad_norm': 7.499780654907227, 'learning_rate': 8.44434306569343e-05, 'epoch': 2.2415280345040047}
  step=1824/2436; epoch=2.246; training_minutes=31.97
{'loss': 4.074, 'grad_norm': 7.639434814453125, 'learning_rate': 8.170620437956204e-05, 'epoch': 2.266173752310536}
  step=1858/2436; epoch=2.288; training_minutes=32.48
{'loss': 4.1032, 'grad_norm': 15.579201698303223, 'learning_rate': 7.896897810218977e-05, 'epoch': 2.290819470117067}
{'loss': 3.9843, 'grad_norm': 6.884256362915039, 'learning_rate': 7.623175182481751e-05, 'epoch': 2.315465187923598}
  step=1890/2436; epoch=2.328; training_minutes=32.98
{'loss': 4.1047, 'grad_norm': 10.69806957244873, 'learning_rate': 7.349452554744526e-05, 'epoch': 2.3401109057301293}
{'loss': 4.0221, 'grad_norm': 16.44135856628418, 'learning_rate': 7.075729927007298e-05, 'epoch': 2.3647566235366604}
  step=1922/2436; epoch=2.367; training_minutes=33.49
{'loss': 4.0264, 'grad_norm': 10.012950897216797, 'learning_rate': 6.802007299270073e-05, 'epoch': 2.3894023413431915}
  step=1955/2436; epoch=2.408; training_minutes=34.00
{'loss': 3.9408, 'grad_norm': 9.044394493103027, 'learning_rate': 6.528284671532847e-05, 'epoch': 2.4140480591497226}
{'loss': 3.9849, 'grad_norm': 8.696619033813477, 'learning_rate': 6.25456204379562e-05, 'epoch': 2.438693776956254}
  step=1988/2436; epoch=2.449; training_minutes=34.51
{'loss': 4.065, 'grad_norm': 9.18966007232666, 'learning_rate': 5.980839416058393e-05, 'epoch': 2.463339494762785}
  step=2020/2436; epoch=2.488; training_minutes=35.02
{'loss': 4.1338, 'grad_norm': 9.723944664001465, 'learning_rate': 5.7071167883211676e-05, 'epoch': 2.487985212569316}
{'loss': 4.0274, 'grad_norm': 8.818528175354004, 'learning_rate': 5.433394160583941e-05, 'epoch': 2.512630930375847}
  step=2052/2436; epoch=2.527; training_minutes=35.52
{'loss': 3.993, 'grad_norm': 10.206735610961914, 'learning_rate': 5.159671532846715e-05, 'epoch': 2.5372766481823783}
{'loss': 4.0562, 'grad_norm': 18.838239669799805, 'learning_rate': 4.885948905109488e-05, 'epoch': 2.5619223659889094}
  step=2085/2436; epoch=2.568; training_minutes=36.03
{'loss': 3.9689, 'grad_norm': 11.95409870147705, 'learning_rate': 4.6122262773722625e-05, 'epoch': 2.5865680837954406}
  step=2118/2436; epoch=2.609; training_minutes=36.53
{'loss': 4.139, 'grad_norm': 8.31555461883545, 'learning_rate': 4.338503649635037e-05, 'epoch': 2.6112138016019717}
{'loss': 4.0254, 'grad_norm': 8.83874797821045, 'learning_rate': 4.0647810218978096e-05, 'epoch': 2.635859519408503}
  step=2151/2436; epoch=2.649; training_minutes=37.04
{'loss': 4.067, 'grad_norm': 9.468005180358887, 'learning_rate': 3.791058394160584e-05, 'epoch': 2.660505237215034}
{'loss': 4.0876, 'grad_norm': 11.209697723388672, 'learning_rate': 3.5173357664233574e-05, 'epoch': 2.685150955021565}
  step=2184/2436; epoch=2.690; training_minutes=37.55
{'loss': 4.0538, 'grad_norm': 9.23526382446289, 'learning_rate': 3.243613138686131e-05, 'epoch': 2.709796672828096}
  step=2217/2436; epoch=2.731; training_minutes=38.05
{'loss': 4.0116, 'grad_norm': 13.004975318908691, 'learning_rate': 2.969890510948905e-05, 'epoch': 2.7344423906346274}
{'loss': 4.0143, 'grad_norm': 21.719858169555664, 'learning_rate': 2.6961678832116785e-05, 'epoch': 2.7590881084411585}
  step=2249/2436; epoch=2.770; training_minutes=38.55
{'loss': 3.7949, 'grad_norm': 12.548406600952148, 'learning_rate': 2.4224452554744524e-05, 'epoch': 2.7837338262476896}
{'loss': 4.095, 'grad_norm': 15.978759765625, 'learning_rate': 2.1487226277372263e-05, 'epoch': 2.8083795440542207}
  step=2281/2436; epoch=2.810; training_minutes=39.06
{'loss': 4.1297, 'grad_norm': 21.535892486572266, 'learning_rate': 1.875e-05, 'epoch': 2.833025261860752}
  step=2312/2436; epoch=2.848; training_minutes=39.57
{'loss': 3.9192, 'grad_norm': 9.918331146240234, 'learning_rate': 1.6012773722627734e-05, 'epoch': 2.857670979667283}
{'loss': 3.9837, 'grad_norm': 17.448469161987305, 'learning_rate': 1.3275547445255473e-05, 'epoch': 2.882316697473814}
  step=2345/2436; epoch=2.888; training_minutes=40.07
{'loss': 3.9993, 'grad_norm': 11.784392356872559, 'learning_rate': 1.053832116788321e-05, 'epoch': 2.9069624152803453}
  step=2378/2436; epoch=2.929; training_minutes=40.59
{'loss': 4.0572, 'grad_norm': 7.848226070404053, 'learning_rate': 7.801094890510948e-06, 'epoch': 2.9316081330868764}
{'loss': 4.0566, 'grad_norm': 13.948863983154297, 'learning_rate': 5.063868613138686e-06, 'epoch': 2.9562538508934075}
  step=2412/2436; epoch=2.971; training_minutes=41.09
{'loss': 4.2483, 'grad_norm': 9.82111644744873, 'learning_rate': 2.326642335766423e-06, 'epoch': 2.9808995686999387}
{'eval_loss': 1.05170476436615, 'eval_accuracy': 0.4413371906139505, 'eval_f1_macro': 0.4410164283868209, 'eval_balanced_accuracy': 0.44546499964788683, 'eval_runtime': 114.4397, 'eval_samples_per_second': 27.185, 'eval_steps_per_second': 3.399, 'epoch': 3.0}
{'train_runtime': 2601.485, 'train_samples_per_second': 14.971, 'train_steps_per_second': 0.936, 'train_loss': 4.215205651394448, 'epoch': 3.0}
SCREENING COMPLETE candidate-05 0.4455159112825458
SCREENING START candidate-06 0.001 8
Some weights of ModernBertForSequenceClassification were not initialized from the model checkpoint at Itau-Unibanco/NorBERTo-base and are newly initialized: ['classifier.bias', 'classifier.weight']
You should probably TRAIN this model on a down-stream task to be able to use it for predictions and inference.
  Trainable parameters: 542979; train=12982, inner_valid=3111
{'loss': 5.3071, 'grad_norm': 18.32098960876465, 'learning_rate': 7.78688524590164e-05, 'epoch': 0.024645717806531114}
  step=33/2436; epoch=0.041; training_minutes=0.50
{'loss': 4.4962, 'grad_norm': 25.033777236938477, 'learning_rate': 0.0001598360655737705, 'epoch': 0.04929143561306223}
{'loss': 4.6348, 'grad_norm': 11.582688331604004, 'learning_rate': 0.00024180327868852458, 'epoch': 0.07393715341959335}
  step=64/2436; epoch=0.079; training_minutes=1.01
{'loss': 4.5802, 'grad_norm': 12.555157661437988, 'learning_rate': 0.00032377049180327874, 'epoch': 0.09858287122612445}
  step=96/2436; epoch=0.118; training_minutes=1.51
{'loss': 4.3679, 'grad_norm': 8.89370059967041, 'learning_rate': 0.0004057377049180328, 'epoch': 0.12322858903265557}
{'loss': 4.4904, 'grad_norm': 10.706144332885742, 'learning_rate': 0.0004877049180327869, 'epoch': 0.1478743068391867}
  step=128/2436; epoch=0.158; training_minutes=2.02
{'loss': 4.4327, 'grad_norm': 9.900672912597656, 'learning_rate': 0.000569672131147541, 'epoch': 0.1725200246457178}
  step=159/2436; epoch=0.196; training_minutes=2.53
{'loss': 4.419, 'grad_norm': 9.673958778381348, 'learning_rate': 0.0006516393442622951, 'epoch': 0.1971657424522489}
{'loss': 4.5418, 'grad_norm': 13.6906099319458, 'learning_rate': 0.0007336065573770492, 'epoch': 0.22181146025878004}
  step=190/2436; epoch=0.234; training_minutes=3.03
{'loss': 4.4007, 'grad_norm': 8.844462394714355, 'learning_rate': 0.0008155737704918033, 'epoch': 0.24645717806531114}
{'loss': 4.5666, 'grad_norm': 12.657687187194824, 'learning_rate': 0.0008975409836065575, 'epoch': 0.2711028958718423}
  step=223/2436; epoch=0.275; training_minutes=3.54
{'loss': 4.5108, 'grad_norm': 4.29667329788208, 'learning_rate': 0.0009795081967213116, 'epoch': 0.2957486136783734}
  step=259/2436; epoch=0.319; training_minutes=4.06
{'loss': 4.3726, 'grad_norm': 8.15842342376709, 'learning_rate': 0.0009931569343065694, 'epoch': 0.3203943314849045}
{'loss': 4.4196, 'grad_norm': 9.199174880981445, 'learning_rate': 0.0009840328467153284, 'epoch': 0.3450400492914356}
  step=291/2436; epoch=0.359; training_minutes=4.57
{'loss': 4.3459, 'grad_norm': 6.922657489776611, 'learning_rate': 0.0009749087591240876, 'epoch': 0.36968576709796674}
{'loss': 4.3617, 'grad_norm': 8.602804183959961, 'learning_rate': 0.0009657846715328468, 'epoch': 0.3943314849044978}
  step=324/2436; epoch=0.399; training_minutes=5.07
{'loss': 4.2804, 'grad_norm': 7.8131794929504395, 'learning_rate': 0.0009566605839416058, 'epoch': 0.41897720271102895}
  step=356/2436; epoch=0.439; training_minutes=5.58
{'loss': 4.3152, 'grad_norm': 17.513338088989258, 'learning_rate': 0.000947536496350365, 'epoch': 0.4436229205175601}
{'loss': 4.5564, 'grad_norm': 10.377102851867676, 'learning_rate': 0.0009384124087591241, 'epoch': 0.4682686383240912}
  step=390/2436; epoch=0.481; training_minutes=6.09
{'loss': 4.262, 'grad_norm': 5.755336284637451, 'learning_rate': 0.0009292883211678832, 'epoch': 0.4929143561306223}
{'loss': 4.2084, 'grad_norm': 10.280694961547852, 'learning_rate': 0.0009201642335766424, 'epoch': 0.5175600739371534}
  step=424/2436; epoch=0.522; training_minutes=6.60
{'loss': 4.3854, 'grad_norm': 9.858999252319336, 'learning_rate': 0.0009110401459854015, 'epoch': 0.5422057917436846}
  step=459/2436; epoch=0.566; training_minutes=7.11
{'loss': 4.3631, 'grad_norm': 11.269282341003418, 'learning_rate': 0.0009019160583941606, 'epoch': 0.5668515095502157}
{'loss': 4.1907, 'grad_norm': 5.3398942947387695, 'learning_rate': 0.0008927919708029197, 'epoch': 0.5914972273567468}
  step=491/2436; epoch=0.605; training_minutes=7.61
{'loss': 4.2742, 'grad_norm': 5.432373046875, 'learning_rate': 0.0008836678832116789, 'epoch': 0.6161429451632778}
{'loss': 4.314, 'grad_norm': 6.550008296966553, 'learning_rate': 0.000874543795620438, 'epoch': 0.640788662969809}
  step=524/2436; epoch=0.646; training_minutes=8.11
{'loss': 4.4048, 'grad_norm': 9.93603515625, 'learning_rate': 0.0008654197080291971, 'epoch': 0.6654343807763401}
  step=557/2436; epoch=0.686; training_minutes=8.62
{'loss': 4.5465, 'grad_norm': 5.322793483734131, 'learning_rate': 0.0008562956204379562, 'epoch': 0.6900800985828712}
{'loss': 4.3659, 'grad_norm': 6.355642318725586, 'learning_rate': 0.0008471715328467153, 'epoch': 0.7147258163894024}
  step=589/2436; epoch=0.726; training_minutes=9.12
{'loss': 4.3272, 'grad_norm': 8.64588737487793, 'learning_rate': 0.0008380474452554745, 'epoch': 0.7393715341959335}
{'loss': 4.4851, 'grad_norm': 783.934326171875, 'learning_rate': 0.0008289233576642336, 'epoch': 0.7640172520024646}
  step=621/2436; epoch=0.765; training_minutes=9.62
{'loss': 5.4142, 'grad_norm': 33.343650817871094, 'learning_rate': 0.0008197992700729927, 'epoch': 0.7886629698089956}
  step=655/2436; epoch=0.807; training_minutes=10.14
{'loss': 4.5922, 'grad_norm': 50.1773681640625, 'learning_rate': 0.0008106751824817519, 'epoch': 0.8133086876155268}
{'loss': 4.578, 'grad_norm': 38.741127014160156, 'learning_rate': 0.0008015510948905109, 'epoch': 0.8379544054220579}
  step=689/2436; epoch=0.849; training_minutes=10.65
{'loss': 4.7959, 'grad_norm': 50.68165969848633, 'learning_rate': 0.0007924270072992701, 'epoch': 0.862600123228589}
{'loss': 4.6188, 'grad_norm': 11.507943153381348, 'learning_rate': 0.0007833029197080293, 'epoch': 0.8872458410351202}
  step=722/2436; epoch=0.890; training_minutes=11.17
{'loss': 4.557, 'grad_norm': 30.40053939819336, 'learning_rate': 0.0007741788321167883, 'epoch': 0.9118915588416513}
  step=755/2436; epoch=0.930; training_minutes=11.68
{'loss': 4.8703, 'grad_norm': 34.40065383911133, 'learning_rate': 0.0007650547445255475, 'epoch': 0.9365372766481824}
{'loss': 4.6494, 'grad_norm': 25.65761947631836, 'learning_rate': 0.0007559306569343066, 'epoch': 0.9611829944547134}
  step=788/2436; epoch=0.971; training_minutes=12.18
{'loss': 4.659, 'grad_norm': 12.723106384277344, 'learning_rate': 0.0007468065693430657, 'epoch': 0.9858287122612446}
{'eval_loss': 1.1596769094467163, 'eval_accuracy': 0.35647701703632273, 'eval_f1_macro': 0.1757252636666361, 'eval_balanced_accuracy': 0.33363499245852185, 'eval_runtime': 114.5294, 'eval_samples_per_second': 27.163, 'eval_steps_per_second': 3.397, 'epoch': 1.0}
  step=813/2436; epoch=1.001; training_minutes=14.46
{'loss': 4.5219, 'grad_norm': 16.551828384399414, 'learning_rate': 0.0007376824817518249, 'epoch': 1.0098582871226125}
{'loss': 4.4755, 'grad_norm': 29.036901473999023, 'learning_rate': 0.000728558394160584, 'epoch': 1.0345040049291436}
  step=845/2436; epoch=1.041; training_minutes=14.96
{'loss': 4.5514, 'grad_norm': 16.549392700195312, 'learning_rate': 0.0007194343065693431, 'epoch': 1.0591497227356748}
  step=878/2436; epoch=1.081; training_minutes=15.48
{'loss': 4.4902, 'grad_norm': 16.50038719177246, 'learning_rate': 0.0007103102189781022, 'epoch': 1.083795440542206}
{'loss': 4.552, 'grad_norm': 17.637056350708008, 'learning_rate': 0.0007011861313868614, 'epoch': 1.1084411583487368}
  step=910/2436; epoch=1.121; training_minutes=15.99
{'loss': 4.914, 'grad_norm': 13.61367416381836, 'learning_rate': 0.0006920620437956205, 'epoch': 1.133086876155268}
{'loss': 4.3911, 'grad_norm': 18.876211166381836, 'learning_rate': 0.0006829379562043796, 'epoch': 1.157732593961799}
  step=942/2436; epoch=1.160; training_minutes=16.50
{'loss': 4.5182, 'grad_norm': 14.081891059875488, 'learning_rate': 0.0006738138686131387, 'epoch': 1.1823783117683302}
  step=975/2436; epoch=1.201; training_minutes=17.01
{'loss': 4.4708, 'grad_norm': 8.264925956726074, 'learning_rate': 0.0006646897810218979, 'epoch': 1.2070240295748613}
{'loss': 4.4403, 'grad_norm': 19.968433380126953, 'learning_rate': 0.000655565693430657, 'epoch': 1.2316697473813925}
  step=1010/2436; epoch=1.244; training_minutes=17.52
{'loss': 4.4293, 'grad_norm': 11.32500171661377, 'learning_rate': 0.0006464416058394161, 'epoch': 1.2563154651879236}
{'loss': 4.5997, 'grad_norm': 7.6553192138671875, 'learning_rate': 0.0006373175182481752, 'epoch': 1.2809611829944547}
  step=1042/2436; epoch=1.283; training_minutes=18.03
{'loss': 4.4568, 'grad_norm': 12.527896881103516, 'learning_rate': 0.0006281934306569344, 'epoch': 1.3056069008009858}
  step=1074/2436; epoch=1.323; training_minutes=18.54
{'loss': 4.4489, 'grad_norm': 6.008483409881592, 'learning_rate': 0.0006190693430656935, 'epoch': 1.330252618607517}
{'loss': 4.4905, 'grad_norm': 15.85069751739502, 'learning_rate': 0.0006099452554744525, 'epoch': 1.354898336414048}
  step=1108/2436; epoch=1.365; training_minutes=19.05
{'loss': 4.4129, 'grad_norm': 8.736263275146484, 'learning_rate': 0.0006008211678832118, 'epoch': 1.3795440542205792}
{'loss': 4.4662, 'grad_norm': 19.63970375061035, 'learning_rate': 0.0005916970802919707, 'epoch': 1.4041897720271104}
  step=1141/2436; epoch=1.405; training_minutes=19.56
{'loss': 4.5212, 'grad_norm': 13.38756275177002, 'learning_rate': 0.00058257299270073, 'epoch': 1.4288354898336415}
  step=1172/2436; epoch=1.444; training_minutes=20.06
{'loss': 4.5517, 'grad_norm': 11.313044548034668, 'learning_rate': 0.0005734489051094892, 'epoch': 1.4534812076401726}
{'loss': 4.3942, 'grad_norm': 3.284062623977661, 'learning_rate': 0.0005643248175182481, 'epoch': 1.4781269254467038}
  step=1206/2436; epoch=1.486; training_minutes=20.56
{'loss': 4.4298, 'grad_norm': 8.655379295349121, 'learning_rate': 0.0005552007299270073, 'epoch': 1.502772643253235}
  step=1240/2436; epoch=1.527; training_minutes=21.07
{'loss': 4.4604, 'grad_norm': 9.60628604888916, 'learning_rate': 0.0005460766423357664, 'epoch': 1.527418361059766}
{'loss': 4.3945, 'grad_norm': 3.8423991203308105, 'learning_rate': 0.0005369525547445255, 'epoch': 1.552064078866297}
  step=1274/2436; epoch=1.569; training_minutes=21.58
{'loss': 4.4212, 'grad_norm': 5.333683490753174, 'learning_rate': 0.0005278284671532847, 'epoch': 1.576709796672828}
{'loss': 4.4377, 'grad_norm': 14.755302429199219, 'learning_rate': 0.0005187043795620438, 'epoch': 1.6013555144793592}
  step=1306/2436; epoch=1.609; training_minutes=22.08
{'loss': 4.444, 'grad_norm': 13.571146965026855, 'learning_rate': 0.0005095802919708029, 'epoch': 1.6260012322858903}
  step=1338/2436; epoch=1.648; training_minutes=22.58
{'loss': 4.4424, 'grad_norm': 16.67571449279785, 'learning_rate': 0.000500456204379562, 'epoch': 1.6506469500924215}
{'loss': 4.3711, 'grad_norm': 12.404548645019531, 'learning_rate': 0.0004913321167883212, 'epoch': 1.6752926678989526}
  step=1371/2436; epoch=1.689; training_minutes=23.09
{'loss': 4.3897, 'grad_norm': 10.284608840942383, 'learning_rate': 0.0004822080291970803, 'epoch': 1.6999383857054837}
{'loss': 4.3927, 'grad_norm': 10.900408744812012, 'learning_rate': 0.0004730839416058394, 'epoch': 1.7245841035120146}
  step=1404/2436; epoch=1.730; training_minutes=23.59
{'loss': 4.4241, 'grad_norm': 13.171998977661133, 'learning_rate': 0.0004639598540145986, 'epoch': 1.7492298213185458}
  step=1436/2436; epoch=1.769; training_minutes=24.10
{'loss': 4.3625, 'grad_norm': 11.051517486572266, 'learning_rate': 0.00045483576642335767, 'epoch': 1.773875539125077}
{'loss': 4.3729, 'grad_norm': 4.499612331390381, 'learning_rate': 0.00044571167883211677, 'epoch': 1.798521256931608}
  step=1468/2436; epoch=1.808; training_minutes=24.60
{'loss': 4.383, 'grad_norm': 11.394098281860352, 'learning_rate': 0.0004365875912408759, 'epoch': 1.8231669747381392}
{'loss': 4.3804, 'grad_norm': 10.06312084197998, 'learning_rate': 0.00042746350364963507, 'epoch': 1.8478126925446703}
  step=1502/2436; epoch=1.850; training_minutes=25.12
{'loss': 4.4038, 'grad_norm': 4.81624698638916, 'learning_rate': 0.00041833941605839417, 'epoch': 1.8724584103512014}
  step=1535/2436; epoch=1.891; training_minutes=25.62
{'loss': 4.4017, 'grad_norm': 13.237061500549316, 'learning_rate': 0.0004092153284671533, 'epoch': 1.8971041281577325}
{'loss': 4.3588, 'grad_norm': 8.95783805847168, 'learning_rate': 0.0004000912408759124, 'epoch': 1.9217498459642637}
  step=1569/2436; epoch=1.933; training_minutes=26.13
{'loss': 4.4304, 'grad_norm': 10.382084846496582, 'learning_rate': 0.0003909671532846715, 'epoch': 1.9463955637707948}
{'loss': 4.447, 'grad_norm': 16.632293701171875, 'learning_rate': 0.0003818430656934307, 'epoch': 1.971041281577326}
  step=1602/2436; epoch=1.974; training_minutes=26.64
{'loss': 4.3802, 'grad_norm': 6.721873760223389, 'learning_rate': 0.0003727189781021898, 'epoch': 1.995686999383857}
{'eval_loss': 1.0864768028259277, 'eval_accuracy': 0.3940855030536805, 'eval_f1_macro': 0.3445419359470738, 'eval_balanced_accuracy': 0.3746139601550578, 'eval_runtime': 114.3395, 'eval_samples_per_second': 27.208, 'eval_steps_per_second': 3.402, 'epoch': 2.0}
  step=1625/2436; epoch=2.001; training_minutes=28.90
{'loss': 4.3264, 'grad_norm': 5.471933364868164, 'learning_rate': 0.0003635948905109489, 'epoch': 2.019716574245225}
  step=1659/2436; epoch=2.043; training_minutes=29.41
{'loss': 4.3965, 'grad_norm': 10.505230903625488, 'learning_rate': 0.000354470802919708, 'epoch': 2.044362292051756}
{'loss': 4.4316, 'grad_norm': 13.650298118591309, 'learning_rate': 0.00034534671532846715, 'epoch': 2.0690080098582873}
  step=1693/2436; epoch=2.085; training_minutes=29.93
{'loss': 4.375, 'grad_norm': 15.135787010192871, 'learning_rate': 0.0003362226277372263, 'epoch': 2.0936537276648184}
{'loss': 4.4804, 'grad_norm': 5.056961536407471, 'learning_rate': 0.0003270985401459854, 'epoch': 2.1182994454713495}
  step=1726/2436; epoch=2.126; training_minutes=30.43
{'loss': 4.3782, 'grad_norm': 13.207133293151855, 'learning_rate': 0.00031797445255474455, 'epoch': 2.1429451632778806}
  step=1757/2436; epoch=2.164; training_minutes=30.94
{'loss': 4.4255, 'grad_norm': 2.6165709495544434, 'learning_rate': 0.00030885036496350364, 'epoch': 2.167590881084412}
{'loss': 4.4617, 'grad_norm': 6.993391513824463, 'learning_rate': 0.00029972627737226274, 'epoch': 2.1922365988909425}
  step=1790/2436; epoch=2.205; training_minutes=31.45
{'loss': 4.3603, 'grad_norm': 19.62485694885254, 'learning_rate': 0.00029060218978102195, 'epoch': 2.2168823166974736}
{'loss': 4.4149, 'grad_norm': 10.013884544372559, 'learning_rate': 0.00028147810218978104, 'epoch': 2.2415280345040047}
  step=1824/2436; epoch=2.246; training_minutes=31.96
{'loss': 4.3776, 'grad_norm': 7.543611526489258, 'learning_rate': 0.00027235401459854014, 'epoch': 2.266173752310536}
  step=1858/2436; epoch=2.288; training_minutes=32.47
{'loss': 4.3945, 'grad_norm': 15.64946174621582, 'learning_rate': 0.00026322992700729923, 'epoch': 2.290819470117067}
{'loss': 4.3268, 'grad_norm': 3.161442279815674, 'learning_rate': 0.00025410583941605844, 'epoch': 2.315465187923598}
  step=1890/2436; epoch=2.328; training_minutes=32.97
{'loss': 4.4425, 'grad_norm': 7.983709812164307, 'learning_rate': 0.00024498175182481754, 'epoch': 2.3401109057301293}
{'loss': 4.3881, 'grad_norm': 15.510165214538574, 'learning_rate': 0.00023585766423357666, 'epoch': 2.3647566235366604}
  step=1922/2436; epoch=2.367; training_minutes=33.48
{'loss': 4.4155, 'grad_norm': 6.0684356689453125, 'learning_rate': 0.00022673357664233575, 'epoch': 2.3894023413431915}
  step=1955/2436; epoch=2.408; training_minutes=33.99
{'loss': 4.3583, 'grad_norm': 11.134300231933594, 'learning_rate': 0.0002176094890510949, 'epoch': 2.4140480591497226}
{'loss': 4.3131, 'grad_norm': 2.2294235229492188, 'learning_rate': 0.000208485401459854, 'epoch': 2.438693776956254}
  step=1988/2436; epoch=2.449; training_minutes=34.50
{'loss': 4.3316, 'grad_norm': 5.112358093261719, 'learning_rate': 0.00019936131386861315, 'epoch': 2.463339494762785}
  step=2020/2436; epoch=2.488; training_minutes=35.00
{'loss': 4.4442, 'grad_norm': 10.696393966674805, 'learning_rate': 0.00019023722627737228, 'epoch': 2.487985212569316}
{'loss': 4.3001, 'grad_norm': 4.939235210418701, 'learning_rate': 0.00018111313868613137, 'epoch': 2.512630930375847}
  step=2052/2436; epoch=2.527; training_minutes=35.51
{'loss': 4.3427, 'grad_norm': 7.142048358917236, 'learning_rate': 0.00017198905109489052, 'epoch': 2.5372766481823783}
{'loss': 4.3738, 'grad_norm': 15.843500137329102, 'learning_rate': 0.00016286496350364962, 'epoch': 2.5619223659889094}
  step=2085/2436; epoch=2.568; training_minutes=36.02
{'loss': 4.3026, 'grad_norm': 7.53956413269043, 'learning_rate': 0.00015374087591240877, 'epoch': 2.5865680837954406}
  step=2118/2436; epoch=2.609; training_minutes=36.52
{'loss': 4.3536, 'grad_norm': 1.4401533603668213, 'learning_rate': 0.0001446167883211679, 'epoch': 2.6112138016019717}
{'loss': 4.3284, 'grad_norm': 5.222811698913574, 'learning_rate': 0.00013549270072992701, 'epoch': 2.635859519408503}
  step=2151/2436; epoch=2.649; training_minutes=37.03
{'loss': 4.3449, 'grad_norm': 4.780248641967773, 'learning_rate': 0.00012636861313868614, 'epoch': 2.660505237215034}
{'loss': 4.3518, 'grad_norm': 10.527297019958496, 'learning_rate': 0.00011724452554744526, 'epoch': 2.685150955021565}
  step=2184/2436; epoch=2.690; training_minutes=37.53
{'loss': 4.3392, 'grad_norm': 10.013586044311523, 'learning_rate': 0.00010812043795620438, 'epoch': 2.709796672828096}
  step=2217/2436; epoch=2.731; training_minutes=38.04
{'loss': 4.3505, 'grad_norm': 8.91612434387207, 'learning_rate': 9.899635036496351e-05, 'epoch': 2.7344423906346274}
{'loss': 4.3556, 'grad_norm': 6.630608558654785, 'learning_rate': 8.987226277372262e-05, 'epoch': 2.7590881084411585}
  step=2249/2436; epoch=2.770; training_minutes=38.54
{'loss': 4.3114, 'grad_norm': 11.312981605529785, 'learning_rate': 8.074817518248175e-05, 'epoch': 2.7837338262476896}
{'loss': 4.3156, 'grad_norm': 9.992119789123535, 'learning_rate': 7.162408759124088e-05, 'epoch': 2.8083795440542207}
  step=2281/2436; epoch=2.810; training_minutes=39.04
{'loss': 4.3916, 'grad_norm': 8.050765037536621, 'learning_rate': 6.25e-05, 'epoch': 2.833025261860752}
  step=2312/2436; epoch=2.848; training_minutes=39.55
{'loss': 4.2537, 'grad_norm': 10.611676216125488, 'learning_rate': 5.3375912408759125e-05, 'epoch': 2.857670979667283}
{'loss': 4.2656, 'grad_norm': 16.52846908569336, 'learning_rate': 4.425182481751825e-05, 'epoch': 2.882316697473814}
  step=2345/2436; epoch=2.888; training_minutes=40.06
{'loss': 4.3383, 'grad_norm': 10.527501106262207, 'learning_rate': 3.512773722627737e-05, 'epoch': 2.9069624152803453}
  step=2378/2436; epoch=2.929; training_minutes=40.57
{'loss': 4.4145, 'grad_norm': 10.745604515075684, 'learning_rate': 2.6003649635036498e-05, 'epoch': 2.9316081330868764}
{'loss': 4.3192, 'grad_norm': 13.753846168518066, 'learning_rate': 1.687956204379562e-05, 'epoch': 2.9562538508934075}
  step=2412/2436; epoch=2.971; training_minutes=41.08
{'loss': 4.3503, 'grad_norm': 6.294450283050537, 'learning_rate': 7.755474452554745e-06, 'epoch': 2.9808995686999387}
{'eval_loss': 1.0905555486679077, 'eval_accuracy': 0.3927997428479589, 'eval_f1_macro': 0.38890979263490116, 'eval_balanced_accuracy': 0.38853831755227514, 'eval_runtime': 114.4964, 'eval_samples_per_second': 27.171, 'eval_steps_per_second': 3.397, 'epoch': 3.0}
{'train_runtime': 2600.7827, 'train_samples_per_second': 14.975, 'train_steps_per_second': 0.937, 'train_loss': 4.4402778074267655, 'epoch': 3.0}
SCREENING COMPLETE candidate-06 0.3940855030536805
SCREENING START candidate-07 0.0001 16
Some weights of ModernBertForSequenceClassification were not initialized from the model checkpoint at Itau-Unibanco/NorBERTo-base and are newly initialized: ['classifier.bias', 'classifier.weight']
You should probably TRAIN this model on a down-stream task to be able to use it for predictions and inference.
  Trainable parameters: 1083651; train=12982, inner_valid=3111
{'loss': 5.6149, 'grad_norm': 16.987403869628906, 'learning_rate': 7.78688524590164e-06, 'epoch': 0.024645717806531114}
  step=33/2436; epoch=0.041; training_minutes=0.50
{'loss': 5.124, 'grad_norm': 14.336921691894531, 'learning_rate': 1.598360655737705e-05, 'epoch': 0.04929143561306223}
{'loss': 4.8746, 'grad_norm': 16.43073081970215, 'learning_rate': 2.418032786885246e-05, 'epoch': 0.07393715341959335}
  step=64/2436; epoch=0.079; training_minutes=1.01
{'loss': 4.6747, 'grad_norm': 18.831100463867188, 'learning_rate': 3.237704918032787e-05, 'epoch': 0.09858287122612445}
  step=96/2436; epoch=0.118; training_minutes=1.52
{'loss': 4.5089, 'grad_norm': 15.96688175201416, 'learning_rate': 4.057377049180328e-05, 'epoch': 0.12322858903265557}
{'loss': 4.5495, 'grad_norm': 17.563072204589844, 'learning_rate': 4.8770491803278687e-05, 'epoch': 0.1478743068391867}
  step=128/2436; epoch=0.158; training_minutes=2.03
{'loss': 4.5951, 'grad_norm': 12.868896484375, 'learning_rate': 5.69672131147541e-05, 'epoch': 0.1725200246457178}
  step=159/2436; epoch=0.196; training_minutes=2.54
{'loss': 4.5575, 'grad_norm': 13.107606887817383, 'learning_rate': 6.516393442622951e-05, 'epoch': 0.1971657424522489}
{'loss': 4.5019, 'grad_norm': 23.73830223083496, 'learning_rate': 7.336065573770491e-05, 'epoch': 0.22181146025878004}
  step=190/2436; epoch=0.234; training_minutes=3.04
{'loss': 4.3333, 'grad_norm': 10.522117614746094, 'learning_rate': 8.155737704918032e-05, 'epoch': 0.24645717806531114}
{'loss': 4.5119, 'grad_norm': 13.7953462600708, 'learning_rate': 8.975409836065574e-05, 'epoch': 0.2711028958718423}
  step=223/2436; epoch=0.275; training_minutes=3.55
{'loss': 4.5986, 'grad_norm': 7.890410423278809, 'learning_rate': 9.795081967213115e-05, 'epoch': 0.2957486136783734}
  step=259/2436; epoch=0.319; training_minutes=4.07
{'loss': 4.364, 'grad_norm': 11.111065864562988, 'learning_rate': 9.931569343065694e-05, 'epoch': 0.3203943314849045}
{'loss': 4.3497, 'grad_norm': 12.633923530578613, 'learning_rate': 9.840328467153285e-05, 'epoch': 0.3450400492914356}
  step=291/2436; epoch=0.359; training_minutes=4.57
{'loss': 4.3148, 'grad_norm': 8.912717819213867, 'learning_rate': 9.749087591240877e-05, 'epoch': 0.36968576709796674}
{'loss': 4.3444, 'grad_norm': 9.125223159790039, 'learning_rate': 9.657846715328468e-05, 'epoch': 0.3943314849044978}
  step=324/2436; epoch=0.399; training_minutes=5.08
{'loss': 4.3754, 'grad_norm': 11.182280540466309, 'learning_rate': 9.566605839416059e-05, 'epoch': 0.41897720271102895}
  step=356/2436; epoch=0.439; training_minutes=5.59
{'loss': 4.3211, 'grad_norm': 17.75282859802246, 'learning_rate': 9.47536496350365e-05, 'epoch': 0.4436229205175601}
{'loss': 4.3885, 'grad_norm': 8.927393913269043, 'learning_rate': 9.384124087591242e-05, 'epoch': 0.4682686383240912}
  step=390/2436; epoch=0.481; training_minutes=6.10
{'loss': 4.3598, 'grad_norm': 6.734970569610596, 'learning_rate': 9.292883211678832e-05, 'epoch': 0.4929143561306223}
{'loss': 4.3175, 'grad_norm': 11.612548828125, 'learning_rate': 9.201642335766424e-05, 'epoch': 0.5175600739371534}
  step=424/2436; epoch=0.522; training_minutes=6.61
{'loss': 4.354, 'grad_norm': 12.243941307067871, 'learning_rate': 9.110401459854015e-05, 'epoch': 0.5422057917436846}
  step=459/2436; epoch=0.566; training_minutes=7.13
{'loss': 4.456, 'grad_norm': 14.422966957092285, 'learning_rate': 9.019160583941606e-05, 'epoch': 0.5668515095502157}
{'loss': 4.2462, 'grad_norm': 7.650420188903809, 'learning_rate': 8.927919708029197e-05, 'epoch': 0.5914972273567468}
  step=491/2436; epoch=0.605; training_minutes=7.63
{'loss': 4.334, 'grad_norm': 8.572961807250977, 'learning_rate': 8.836678832116789e-05, 'epoch': 0.6161429451632778}
{'loss': 4.5296, 'grad_norm': 12.165807723999023, 'learning_rate': 8.74543795620438e-05, 'epoch': 0.640788662969809}
  step=524/2436; epoch=0.646; training_minutes=8.13
{'loss': 4.3709, 'grad_norm': 16.75240135192871, 'learning_rate': 8.654197080291971e-05, 'epoch': 0.6654343807763401}
  step=557/2436; epoch=0.686; training_minutes=8.64
{'loss': 4.4369, 'grad_norm': 6.727653503417969, 'learning_rate': 8.562956204379562e-05, 'epoch': 0.6900800985828712}
{'loss': 4.4073, 'grad_norm': 9.704865455627441, 'learning_rate': 8.471715328467153e-05, 'epoch': 0.7147258163894024}
  step=589/2436; epoch=0.726; training_minutes=9.14
{'loss': 4.2957, 'grad_norm': 9.28530216217041, 'learning_rate': 8.380474452554745e-05, 'epoch': 0.7393715341959335}
{'loss': 4.2772, 'grad_norm': 9.250288963317871, 'learning_rate': 8.289233576642335e-05, 'epoch': 0.7640172520024646}
  step=621/2436; epoch=0.765; training_minutes=9.65
{'loss': 4.2525, 'grad_norm': 10.418388366699219, 'learning_rate': 8.197992700729927e-05, 'epoch': 0.7886629698089956}
  step=654/2436; epoch=0.806; training_minutes=10.15
{'loss': 4.1775, 'grad_norm': 22.04450225830078, 'learning_rate': 8.106751824817518e-05, 'epoch': 0.8133086876155268}
{'loss': 4.2756, 'grad_norm': 8.957558631896973, 'learning_rate': 8.01551094890511e-05, 'epoch': 0.8379544054220579}
  step=688/2436; epoch=0.848; training_minutes=10.66
{'loss': 4.2511, 'grad_norm': 11.077180862426758, 'learning_rate': 7.924270072992702e-05, 'epoch': 0.862600123228589}
  step=720/2436; epoch=0.887; training_minutes=11.17
{'loss': 4.4642, 'grad_norm': 15.872106552124023, 'learning_rate': 7.833029197080293e-05, 'epoch': 0.8872458410351202}
{'loss': 4.2905, 'grad_norm': 13.316129684448242, 'learning_rate': 7.741788321167884e-05, 'epoch': 0.9118915588416513}
  step=754/2436; epoch=0.929; training_minutes=11.68
{'loss': 4.3878, 'grad_norm': 9.962811470031738, 'learning_rate': 7.650547445255475e-05, 'epoch': 0.9365372766481824}
{'loss': 4.2925, 'grad_norm': 10.77208423614502, 'learning_rate': 7.559306569343067e-05, 'epoch': 0.9611829944547134}
  step=786/2436; epoch=0.969; training_minutes=12.19
{'loss': 4.3242, 'grad_norm': 9.342079162597656, 'learning_rate': 7.468065693430656e-05, 'epoch': 0.9858287122612446}
{'eval_loss': 1.0788267850875854, 'eval_accuracy': 0.4018000642880103, 'eval_f1_macro': 0.38663270109694126, 'eval_balanced_accuracy': 0.39868608875755784, 'eval_runtime': 114.574, 'eval_samples_per_second': 27.153, 'eval_steps_per_second': 3.395, 'epoch': 1.0}
  step=813/2436; epoch=1.001; training_minutes=14.49
{'loss': 4.2258, 'grad_norm': 8.394304275512695, 'learning_rate': 7.376824817518249e-05, 'epoch': 1.0098582871226125}
{'loss': 4.199, 'grad_norm': 14.167637825012207, 'learning_rate': 7.28558394160584e-05, 'epoch': 1.0345040049291436}
  step=845/2436; epoch=1.041; training_minutes=15.00
{'loss': 4.2421, 'grad_norm': 10.558239936828613, 'learning_rate': 7.194343065693431e-05, 'epoch': 1.0591497227356748}
  step=877/2436; epoch=1.080; training_minutes=15.50
{'loss': 4.1613, 'grad_norm': 12.345159530639648, 'learning_rate': 7.103102189781023e-05, 'epoch': 1.083795440542206}
{'loss': 4.262, 'grad_norm': 8.215596199035645, 'learning_rate': 7.011861313868614e-05, 'epoch': 1.1084411583487368}
  step=908/2436; epoch=1.118; training_minutes=16.00
{'loss': 4.1914, 'grad_norm': 7.271705150604248, 'learning_rate': 6.920620437956205e-05, 'epoch': 1.133086876155268}
  step=940/2436; epoch=1.158; training_minutes=16.50
{'loss': 4.305, 'grad_norm': 22.783201217651367, 'learning_rate': 6.829379562043796e-05, 'epoch': 1.157732593961799}
{'loss': 4.326, 'grad_norm': 11.155505180358887, 'learning_rate': 6.738138686131387e-05, 'epoch': 1.1823783117683302}
  step=972/2436; epoch=1.197; training_minutes=17.01
{'loss': 4.244, 'grad_norm': 7.51329231262207, 'learning_rate': 6.646897810218978e-05, 'epoch': 1.2070240295748613}
{'loss': 4.2009, 'grad_norm': 14.96435546875, 'learning_rate': 6.55565693430657e-05, 'epoch': 1.2316697473813925}
  step=1006/2436; epoch=1.239; training_minutes=17.51
{'loss': 4.3372, 'grad_norm': 15.025528907775879, 'learning_rate': 6.464416058394161e-05, 'epoch': 1.2563154651879236}
  step=1039/2436; epoch=1.280; training_minutes=18.02
{'loss': 4.2161, 'grad_norm': 18.695110321044922, 'learning_rate': 6.373175182481752e-05, 'epoch': 1.2809611829944547}
{'loss': 4.1293, 'grad_norm': 9.674712181091309, 'learning_rate': 6.281934306569343e-05, 'epoch': 1.3056069008009858}
  step=1071/2436; epoch=1.319; training_minutes=18.53
{'loss': 4.3887, 'grad_norm': 7.4450225830078125, 'learning_rate': 6.190693430656934e-05, 'epoch': 1.330252618607517}
{'loss': 4.2271, 'grad_norm': 13.130064010620117, 'learning_rate': 6.0994525547445256e-05, 'epoch': 1.354898336414048}
  step=1104/2436; epoch=1.360; training_minutes=19.04
{'loss': 4.1217, 'grad_norm': 9.085633277893066, 'learning_rate': 6.008211678832117e-05, 'epoch': 1.3795440542205792}
  step=1137/2436; epoch=1.400; training_minutes=19.54
{'loss': 4.2522, 'grad_norm': 13.4926118850708, 'learning_rate': 5.916970802919708e-05, 'epoch': 1.4041897720271104}
{'loss': 4.3924, 'grad_norm': 9.2900972366333, 'learning_rate': 5.8257299270073e-05, 'epoch': 1.4288354898336415}
  step=1168/2436; epoch=1.439; training_minutes=20.04
{'loss': 4.3094, 'grad_norm': 8.164997100830078, 'learning_rate': 5.7344890510948915e-05, 'epoch': 1.4534812076401726}
{'loss': 4.2413, 'grad_norm': 10.457976341247559, 'learning_rate': 5.643248175182482e-05, 'epoch': 1.4781269254467038}
  step=1202/2436; epoch=1.481; training_minutes=20.55
{'loss': 4.2364, 'grad_norm': 8.34739875793457, 'learning_rate': 5.5520072992700734e-05, 'epoch': 1.502772643253235}
  step=1236/2436; epoch=1.522; training_minutes=21.05
{'loss': 4.2215, 'grad_norm': 11.879800796508789, 'learning_rate': 5.460766423357665e-05, 'epoch': 1.527418361059766}
{'loss': 4.2614, 'grad_norm': 10.774089813232422, 'learning_rate': 5.3695255474452554e-05, 'epoch': 1.552064078866297}
  step=1270/2436; epoch=1.564; training_minutes=21.56
{'loss': 4.1997, 'grad_norm': 13.813915252685547, 'learning_rate': 5.278284671532847e-05, 'epoch': 1.576709796672828}
{'loss': 4.1113, 'grad_norm': 13.930655479431152, 'learning_rate': 5.1870437956204386e-05, 'epoch': 1.6013555144793592}
  step=1303/2436; epoch=1.605; training_minutes=22.07
{'loss': 4.2735, 'grad_norm': 15.294303894042969, 'learning_rate': 5.095802919708029e-05, 'epoch': 1.6260012322858903}
  step=1335/2436; epoch=1.644; training_minutes=22.58
{'loss': 4.2358, 'grad_norm': 14.069165229797363, 'learning_rate': 5.0045620437956206e-05, 'epoch': 1.6506469500924215}
{'loss': 4.2391, 'grad_norm': 14.743534088134766, 'learning_rate': 4.913321167883212e-05, 'epoch': 1.6752926678989526}
  step=1367/2436; epoch=1.684; training_minutes=23.09
{'loss': 4.1596, 'grad_norm': 10.916971206665039, 'learning_rate': 4.822080291970803e-05, 'epoch': 1.6999383857054837}
{'loss': 4.2445, 'grad_norm': 11.290128707885742, 'learning_rate': 4.730839416058395e-05, 'epoch': 1.7245841035120146}
  step=1401/2436; epoch=1.726; training_minutes=23.60
{'loss': 4.2662, 'grad_norm': 7.919629096984863, 'learning_rate': 4.639598540145986e-05, 'epoch': 1.7492298213185458}
  step=1433/2436; epoch=1.765; training_minutes=24.10
{'loss': 4.1387, 'grad_norm': 13.263069152832031, 'learning_rate': 4.548357664233577e-05, 'epoch': 1.773875539125077}
{'loss': 4.085, 'grad_norm': 6.188682556152344, 'learning_rate': 4.457116788321168e-05, 'epoch': 1.798521256931608}
  step=1466/2436; epoch=1.806; training_minutes=24.62
{'loss': 4.2438, 'grad_norm': 9.729036331176758, 'learning_rate': 4.365875912408759e-05, 'epoch': 1.8231669747381392}
  step=1499/2436; epoch=1.847; training_minutes=25.12
{'loss': 4.2335, 'grad_norm': 9.678683280944824, 'learning_rate': 4.27463503649635e-05, 'epoch': 1.8478126925446703}
{'loss': 4.2185, 'grad_norm': 5.930605888366699, 'learning_rate': 4.183394160583942e-05, 'epoch': 1.8724584103512014}
  step=1532/2436; epoch=1.887; training_minutes=25.62
{'loss': 4.21, 'grad_norm': 15.063459396362305, 'learning_rate': 4.0921532846715336e-05, 'epoch': 1.8971041281577325}
{'loss': 4.2252, 'grad_norm': 12.848114013671875, 'learning_rate': 4.0009124087591245e-05, 'epoch': 1.9217498459642637}
  step=1564/2436; epoch=1.927; training_minutes=26.12
{'loss': 4.1653, 'grad_norm': 11.943412780761719, 'learning_rate': 3.9096715328467155e-05, 'epoch': 1.9463955637707948}
  step=1598/2436; epoch=1.969; training_minutes=26.63
{'loss': 4.1288, 'grad_norm': 10.741622924804688, 'learning_rate': 3.818430656934307e-05, 'epoch': 1.971041281577326}
{'loss': 4.1453, 'grad_norm': 10.030203819274902, 'learning_rate': 3.727189781021898e-05, 'epoch': 1.995686999383857}
{'eval_loss': 1.0753767490386963, 'eval_accuracy': 0.4214079074252652, 'eval_f1_macro': 0.4199945781980954, 'eval_balanced_accuracy': 0.4311860873326124, 'eval_runtime': 118.0961, 'eval_samples_per_second': 26.343, 'eval_steps_per_second': 3.294, 'epoch': 2.0}
  step=1625/2436; epoch=2.001; training_minutes=29.03
{'loss': 4.1251, 'grad_norm': 8.456538200378418, 'learning_rate': 3.635948905109489e-05, 'epoch': 2.019716574245225}
  step=1658/2436; epoch=2.042; training_minutes=29.54
{'loss': 4.1439, 'grad_norm': 10.778498649597168, 'learning_rate': 3.54470802919708e-05, 'epoch': 2.044362292051756}
{'loss': 4.221, 'grad_norm': 18.360496520996094, 'learning_rate': 3.4534671532846717e-05, 'epoch': 2.0690080098582873}
  step=1691/2436; epoch=2.083; training_minutes=30.06
{'loss': 4.1845, 'grad_norm': 8.338339805603027, 'learning_rate': 3.3622262773722626e-05, 'epoch': 2.0936537276648184}
{'loss': 4.1391, 'grad_norm': 8.273724555969238, 'learning_rate': 3.270985401459854e-05, 'epoch': 2.1182994454713495}
  step=1724/2436; epoch=2.123; training_minutes=30.57
{'loss': 4.1364, 'grad_norm': 13.528914451599121, 'learning_rate': 3.179744525547446e-05, 'epoch': 2.1429451632778806}
  step=1754/2436; epoch=2.160; training_minutes=31.09
{'loss': 4.2799, 'grad_norm': 6.458040714263916, 'learning_rate': 3.088503649635037e-05, 'epoch': 2.167590881084412}
{'loss': 4.2244, 'grad_norm': 10.512840270996094, 'learning_rate': 2.9972627737226278e-05, 'epoch': 2.1922365988909425}
  step=1786/2436; epoch=2.200; training_minutes=31.60
{'loss': 4.2682, 'grad_norm': 22.21925926208496, 'learning_rate': 2.9060218978102195e-05, 'epoch': 2.2168823166974736}
  step=1818/2436; epoch=2.239; training_minutes=32.10
{'loss': 4.1865, 'grad_norm': 8.793831825256348, 'learning_rate': 2.8147810218978104e-05, 'epoch': 2.2415280345040047}
{'loss': 4.1557, 'grad_norm': 8.842836380004883, 'learning_rate': 2.7235401459854014e-05, 'epoch': 2.266173752310536}
  step=1851/2436; epoch=2.280; training_minutes=32.61
{'loss': 4.1673, 'grad_norm': 16.837308883666992, 'learning_rate': 2.6322992700729927e-05, 'epoch': 2.290819470117067}
{'loss': 4.0745, 'grad_norm': 6.210636615753174, 'learning_rate': 2.5410583941605843e-05, 'epoch': 2.315465187923598}
  step=1883/2436; epoch=2.319; training_minutes=33.12
{'loss': 4.2282, 'grad_norm': 13.581976890563965, 'learning_rate': 2.4498175182481753e-05, 'epoch': 2.3401109057301293}
  step=1914/2436; epoch=2.357; training_minutes=33.64
{'loss': 4.1326, 'grad_norm': 16.47801399230957, 'learning_rate': 2.3585766423357666e-05, 'epoch': 2.3647566235366604}
{'loss': 4.1218, 'grad_norm': 10.731488227844238, 'learning_rate': 2.2673357664233575e-05, 'epoch': 2.3894023413431915}
  step=1946/2436; epoch=2.397; training_minutes=34.15
{'loss': 4.0529, 'grad_norm': 8.52501106262207, 'learning_rate': 2.1760948905109492e-05, 'epoch': 2.4140480591497226}
  step=1977/2436; epoch=2.435; training_minutes=34.65
{'loss': 4.0983, 'grad_norm': 8.144755363464355, 'learning_rate': 2.08485401459854e-05, 'epoch': 2.438693776956254}
{'loss': 4.1205, 'grad_norm': 9.144599914550781, 'learning_rate': 1.9936131386861314e-05, 'epoch': 2.463339494762785}
  step=2008/2436; epoch=2.473; training_minutes=35.16
{'loss': 4.2111, 'grad_norm': 10.466766357421875, 'learning_rate': 1.9023722627737228e-05, 'epoch': 2.487985212569316}
  step=2040/2436; epoch=2.513; training_minutes=35.67
{'loss': 4.1121, 'grad_norm': 9.649453163146973, 'learning_rate': 1.811131386861314e-05, 'epoch': 2.512630930375847}
{'loss': 4.058, 'grad_norm': 10.154814720153809, 'learning_rate': 1.7198905109489054e-05, 'epoch': 2.5372766481823783}
  step=2072/2436; epoch=2.552; training_minutes=36.18
{'loss': 4.139, 'grad_norm': 20.087629318237305, 'learning_rate': 1.6286496350364963e-05, 'epoch': 2.5619223659889094}
{'loss': 4.054, 'grad_norm': 13.736684799194336, 'learning_rate': 1.5374087591240876e-05, 'epoch': 2.5865680837954406}
  step=2104/2436; epoch=2.591; training_minutes=36.70
{'loss': 4.1648, 'grad_norm': 8.096033096313477, 'learning_rate': 1.4461678832116791e-05, 'epoch': 2.6112138016019717}
  step=2136/2436; epoch=2.631; training_minutes=37.21
{'loss': 4.1104, 'grad_norm': 8.727795600891113, 'learning_rate': 1.35492700729927e-05, 'epoch': 2.635859519408503}
{'loss': 4.131, 'grad_norm': 9.15451431274414, 'learning_rate': 1.2636861313868613e-05, 'epoch': 2.660505237215034}
  step=2168/2436; epoch=2.670; training_minutes=37.72
{'loss': 4.1955, 'grad_norm': 10.997945785522461, 'learning_rate': 1.1724452554744526e-05, 'epoch': 2.685150955021565}
{'loss': 4.1246, 'grad_norm': 11.61784839630127, 'learning_rate': 1.0812043795620438e-05, 'epoch': 2.709796672828096}
  step=2201/2436; epoch=2.711; training_minutes=38.23
{'loss': 4.081, 'grad_norm': 13.49701976776123, 'learning_rate': 9.89963503649635e-06, 'epoch': 2.7344423906346274}
  step=2233/2436; epoch=2.750; training_minutes=38.75
{'loss': 4.1628, 'grad_norm': 20.781620025634766, 'learning_rate': 8.987226277372262e-06, 'epoch': 2.7590881084411585}
{'loss': 3.8898, 'grad_norm': 13.851486206054688, 'learning_rate': 8.074817518248177e-06, 'epoch': 2.7837338262476896}
  step=2264/2436; epoch=2.789; training_minutes=39.26
{'loss': 4.1892, 'grad_norm': 14.819772720336914, 'learning_rate': 7.162408759124088e-06, 'epoch': 2.8083795440542207}
  step=2296/2436; epoch=2.828; training_minutes=39.77
{'loss': 4.2307, 'grad_norm': 20.992313385009766, 'learning_rate': 6.25e-06, 'epoch': 2.833025261860752}
{'loss': 3.9924, 'grad_norm': 12.792128562927246, 'learning_rate': 5.3375912408759125e-06, 'epoch': 2.857670979667283}
  step=2325/2436; epoch=2.864; training_minutes=40.27
{'loss': 4.0554, 'grad_norm': 17.40964698791504, 'learning_rate': 4.4251824817518255e-06, 'epoch': 2.882316697473814}
  step=2357/2436; epoch=2.903; training_minutes=40.78
{'loss': 4.1196, 'grad_norm': 13.059863090515137, 'learning_rate': 3.512773722627737e-06, 'epoch': 2.9069624152803453}
{'loss': 4.1864, 'grad_norm': 7.528343677520752, 'learning_rate': 2.60036496350365e-06, 'epoch': 2.9316081330868764}
  step=2389/2436; epoch=2.943; training_minutes=41.29
{'loss': 4.1329, 'grad_norm': 14.51071834564209, 'learning_rate': 1.6879562043795622e-06, 'epoch': 2.9562538508934075}
{'loss': 4.3161, 'grad_norm': 9.997291564941406, 'learning_rate': 7.755474452554745e-07, 'epoch': 2.9808995686999387}
  step=2423/2436; epoch=2.985; training_minutes=41.80
{'eval_loss': 1.0637295246124268, 'eval_accuracy': 0.42751526840244297, 'eval_f1_macro': 0.4274869028220485, 'eval_balanced_accuracy': 0.43203549123064944, 'eval_runtime': 118.0311, 'eval_samples_per_second': 26.357, 'eval_steps_per_second': 3.296, 'epoch': 3.0}
{'train_runtime': 2638.6795, 'train_samples_per_second': 14.76, 'train_steps_per_second': 0.923, 'train_loss': 4.269769093868963, 'epoch': 3.0}
SCREENING COMPLETE candidate-07 0.42751526840244297
SCREENING START candidate-08 0.0003 16
Some weights of ModernBertForSequenceClassification were not initialized from the model checkpoint at Itau-Unibanco/NorBERTo-base and are newly initialized: ['classifier.bias', 'classifier.weight']
You should probably TRAIN this model on a down-stream task to be able to use it for predictions and inference.
  Trainable parameters: 1083651; train=12982, inner_valid=3111
{'loss': 5.4925, 'grad_norm': 15.140423774719238, 'learning_rate': 2.3360655737704916e-05, 'epoch': 0.024645717806531114}
  step=32/2436; epoch=0.039; training_minutes=0.51
{'loss': 4.6684, 'grad_norm': 23.44986915588379, 'learning_rate': 4.795081967213115e-05, 'epoch': 0.04929143561306223}
{'loss': 4.7037, 'grad_norm': 10.853315353393555, 'learning_rate': 7.254098360655736e-05, 'epoch': 0.07393715341959335}
  step=62/2436; epoch=0.076; training_minutes=1.01
{'loss': 4.6238, 'grad_norm': 15.176519393920898, 'learning_rate': 9.713114754098361e-05, 'epoch': 0.09858287122612445}
  step=93/2436; epoch=0.115; training_minutes=1.52
{'loss': 4.4252, 'grad_norm': 11.854706764221191, 'learning_rate': 0.00012172131147540983, 'epoch': 0.12322858903265557}
{'loss': 4.5449, 'grad_norm': 13.691603660583496, 'learning_rate': 0.00014631147540983605, 'epoch': 0.1478743068391867}
  step=125/2436; epoch=0.154; training_minutes=2.04
{'loss': 4.4799, 'grad_norm': 10.652689933776855, 'learning_rate': 0.0001709016393442623, 'epoch': 0.1725200246457178}
  step=155/2436; epoch=0.191; training_minutes=2.55
{'loss': 4.4409, 'grad_norm': 9.502659797668457, 'learning_rate': 0.0001954918032786885, 'epoch': 0.1971657424522489}
{'loss': 4.4528, 'grad_norm': 18.449338912963867, 'learning_rate': 0.00022008196721311473, 'epoch': 0.22181146025878004}
  step=185/2436; epoch=0.228; training_minutes=3.06
{'loss': 4.3365, 'grad_norm': 8.556775093078613, 'learning_rate': 0.00024467213114754094, 'epoch': 0.24645717806531114}
  step=217/2436; epoch=0.267; training_minutes=3.57
{'loss': 4.4627, 'grad_norm': 11.505694389343262, 'learning_rate': 0.0002692622950819672, 'epoch': 0.2711028958718423}
{'loss': 4.4666, 'grad_norm': 7.17728853225708, 'learning_rate': 0.0002938524590163934, 'epoch': 0.2957486136783734}
  step=250/2436; epoch=0.308; training_minutes=4.07
{'loss': 4.3492, 'grad_norm': 5.9466328620910645, 'learning_rate': 0.0002979470802919708, 'epoch': 0.3203943314849045}
{'loss': 4.4337, 'grad_norm': 12.687409400939941, 'learning_rate': 0.0002952098540145985, 'epoch': 0.3450400492914356}
  step=282/2436; epoch=0.348; training_minutes=4.58
{'loss': 4.3033, 'grad_norm': 6.0484700202941895, 'learning_rate': 0.00029247262773722624, 'epoch': 0.36968576709796674}
  step=313/2436; epoch=0.386; training_minutes=5.09
{'loss': 4.3161, 'grad_norm': 6.058230400085449, 'learning_rate': 0.000289735401459854, 'epoch': 0.3943314849044978}
{'loss': 4.2462, 'grad_norm': 8.690788269042969, 'learning_rate': 0.0002869981751824817, 'epoch': 0.41897720271102895}
  step=345/2436; epoch=0.425; training_minutes=5.60
{'loss': 4.2917, 'grad_norm': 16.7717227935791, 'learning_rate': 0.0002842609489051095, 'epoch': 0.4436229205175601}
  step=378/2436; epoch=0.466; training_minutes=6.12
{'loss': 4.4112, 'grad_norm': 9.820784568786621, 'learning_rate': 0.0002815237226277372, 'epoch': 0.4682686383240912}
{'loss': 4.2972, 'grad_norm': 4.8175482749938965, 'learning_rate': 0.00027878649635036494, 'epoch': 0.4929143561306223}
  step=411/2436; epoch=0.506; training_minutes=6.63
{'loss': 4.2577, 'grad_norm': 12.950746536254883, 'learning_rate': 0.00027604927007299267, 'epoch': 0.5175600739371534}
{'loss': 4.34, 'grad_norm': 7.496705055236816, 'learning_rate': 0.00027331204379562045, 'epoch': 0.5422057917436846}
  step=443/2436; epoch=0.546; training_minutes=7.13
{'loss': 4.411, 'grad_norm': 10.642663955688477, 'learning_rate': 0.0002705748175182481, 'epoch': 0.5668515095502157}
  step=476/2436; epoch=0.587; training_minutes=7.63
{'loss': 4.1894, 'grad_norm': 5.424733638763428, 'learning_rate': 0.0002678375912408759, 'epoch': 0.5914972273567468}
{'loss': 4.3025, 'grad_norm': 5.394326686859131, 'learning_rate': 0.00026510036496350364, 'epoch': 0.6161429451632778}
  step=507/2436; epoch=0.625; training_minutes=8.14
{'loss': 4.534, 'grad_norm': 11.896255493164062, 'learning_rate': 0.00026236313868613137, 'epoch': 0.640788662969809}
  step=540/2436; epoch=0.665; training_minutes=8.66
{'loss': 4.3095, 'grad_norm': 11.971393585205078, 'learning_rate': 0.0002596259124087591, 'epoch': 0.6654343807763401}
{'loss': 4.4439, 'grad_norm': 7.700419902801514, 'learning_rate': 0.0002568886861313868, 'epoch': 0.6900800985828712}
  step=571/2436; epoch=0.704; training_minutes=9.16
{'loss': 4.358, 'grad_norm': 7.879826068878174, 'learning_rate': 0.00025415145985401455, 'epoch': 0.7147258163894024}
{'loss': 4.2849, 'grad_norm': 8.304848670959473, 'learning_rate': 0.00025141423357664234, 'epoch': 0.7393715341959335}
  step=602/2436; epoch=0.742; training_minutes=9.66
{'loss': 4.2528, 'grad_norm': 9.331550598144531, 'learning_rate': 0.00024867700729927, 'epoch': 0.7640172520024646}
  step=635/2436; epoch=0.783; training_minutes=10.17
{'loss': 4.2415, 'grad_norm': 12.156272888183594, 'learning_rate': 0.0002459397810218978, 'epoch': 0.7886629698089956}
{'loss': 4.1541, 'grad_norm': 16.37500762939453, 'learning_rate': 0.00024320255474452552, 'epoch': 0.8133086876155268}
  step=667/2436; epoch=0.822; training_minutes=10.68
{'loss': 4.2883, 'grad_norm': 7.162838935852051, 'learning_rate': 0.00024046532846715325, 'epoch': 0.8379544054220579}
  step=698/2436; epoch=0.860; training_minutes=11.19
{'loss': 4.2649, 'grad_norm': 9.884467124938965, 'learning_rate': 0.000237728102189781, 'epoch': 0.862600123228589}
{'loss': 4.408, 'grad_norm': 11.743711471557617, 'learning_rate': 0.00023499087591240874, 'epoch': 0.8872458410351202}
  step=730/2436; epoch=0.900; training_minutes=11.69
{'loss': 4.313, 'grad_norm': 23.81158447265625, 'learning_rate': 0.00023225364963503647, 'epoch': 0.9118915588416513}
{'loss': 4.3965, 'grad_norm': 7.528502941131592, 'learning_rate': 0.00022951642335766422, 'epoch': 0.9365372766481824}
  step=762/2436; epoch=0.939; training_minutes=12.21
{'loss': 4.2465, 'grad_norm': 9.475478172302246, 'learning_rate': 0.00022677919708029195, 'epoch': 0.9611829944547134}
  step=794/2436; epoch=0.978; training_minutes=12.71
{'loss': 4.2493, 'grad_norm': 7.95604133605957, 'learning_rate': 0.00022404197080291968, 'epoch': 0.9858287122612446}
{'eval_loss': 1.0615007877349854, 'eval_accuracy': 0.42719382835101255, 'eval_f1_macro': 0.42168318158735474, 'eval_balanced_accuracy': 0.4229599180803125, 'eval_runtime': 118.0443, 'eval_samples_per_second': 26.355, 'eval_steps_per_second': 3.295, 'epoch': 1.0}
  step=813/2436; epoch=1.001; training_minutes=14.96
{'loss': 4.2103, 'grad_norm': 8.17807674407959, 'learning_rate': 0.00022130474452554744, 'epoch': 1.0098582871226125}
{'loss': 4.1152, 'grad_norm': 10.440196990966797, 'learning_rate': 0.00021856751824817516, 'epoch': 1.0345040049291436}
  step=844/2436; epoch=1.039; training_minutes=15.47
{'loss': 4.1949, 'grad_norm': 8.085412979125977, 'learning_rate': 0.0002158302919708029, 'epoch': 1.0591497227356748}
  step=876/2436; epoch=1.079; training_minutes=15.99
{'loss': 4.1518, 'grad_norm': 22.85188102722168, 'learning_rate': 0.00021309306569343065, 'epoch': 1.083795440542206}
{'loss': 4.1899, 'grad_norm': 6.588019371032715, 'learning_rate': 0.00021035583941605838, 'epoch': 1.1084411583487368}
  step=906/2436; epoch=1.116; training_minutes=16.49
{'loss': 4.1722, 'grad_norm': 6.531470775604248, 'learning_rate': 0.0002076186131386861, 'epoch': 1.133086876155268}
  step=937/2436; epoch=1.154; training_minutes=16.99
{'loss': 4.2444, 'grad_norm': 19.804208755493164, 'learning_rate': 0.00020488138686131386, 'epoch': 1.157732593961799}
{'loss': 4.2778, 'grad_norm': 10.355083465576172, 'learning_rate': 0.00020214416058394157, 'epoch': 1.1823783117683302}
  step=968/2436; epoch=1.192; training_minutes=17.50
{'loss': 4.1866, 'grad_norm': 7.383157730102539, 'learning_rate': 0.00019940693430656932, 'epoch': 1.2070240295748613}
{'loss': 4.1906, 'grad_norm': 12.867587089538574, 'learning_rate': 0.00019666970802919708, 'epoch': 1.2316697473813925}
  step=1002/2436; epoch=1.234; training_minutes=18.02
{'loss': 4.2346, 'grad_norm': 12.123626708984375, 'learning_rate': 0.00019393248175182478, 'epoch': 1.2563154651879236}
  step=1034/2436; epoch=1.274; training_minutes=18.53
{'loss': 4.2344, 'grad_norm': 9.765057563781738, 'learning_rate': 0.00019119525547445253, 'epoch': 1.2809611829944547}
{'loss': 4.0551, 'grad_norm': 32.76536178588867, 'learning_rate': 0.0001884580291970803, 'epoch': 1.3056069008009858}
  step=1065/2436; epoch=1.312; training_minutes=19.03
{'loss': 4.3172, 'grad_norm': 6.150392532348633, 'learning_rate': 0.000185720802919708, 'epoch': 1.330252618607517}
  step=1096/2436; epoch=1.350; training_minutes=19.54
{'loss': 4.1928, 'grad_norm': 12.107624053955078, 'learning_rate': 0.00018298357664233575, 'epoch': 1.354898336414048}
{'loss': 4.0263, 'grad_norm': 13.826265335083008, 'learning_rate': 0.0001802463503649635, 'epoch': 1.3795440542205792}
  step=1128/2436; epoch=1.389; training_minutes=20.04
{'loss': 4.2084, 'grad_norm': 9.152758598327637, 'learning_rate': 0.0001775091240875912, 'epoch': 1.4041897720271104}
  step=1159/2436; epoch=1.428; training_minutes=20.55
{'loss': 4.3595, 'grad_norm': 9.602635383605957, 'learning_rate': 0.00017477189781021896, 'epoch': 1.4288354898336415}
{'loss': 4.2331, 'grad_norm': 6.877162933349609, 'learning_rate': 0.00017203467153284672, 'epoch': 1.4534812076401726}
  step=1191/2436; epoch=1.467; training_minutes=21.05
{'loss': 4.1918, 'grad_norm': 7.321028709411621, 'learning_rate': 0.00016929744525547442, 'epoch': 1.4781269254467038}
{'loss': 4.1671, 'grad_norm': 7.905451774597168, 'learning_rate': 0.00016656021897810218, 'epoch': 1.502772643253235}
  step=1224/2436; epoch=1.508; training_minutes=21.56
{'loss': 4.1162, 'grad_norm': 9.892585754394531, 'learning_rate': 0.00016382299270072993, 'epoch': 1.527418361059766}
  step=1256/2436; epoch=1.547; training_minutes=22.07
{'loss': 4.1533, 'grad_norm': 9.443170547485352, 'learning_rate': 0.00016108576642335763, 'epoch': 1.552064078866297}
{'loss': 4.1084, 'grad_norm': 19.589374542236328, 'learning_rate': 0.0001583485401459854, 'epoch': 1.576709796672828}
  step=1289/2436; epoch=1.588; training_minutes=22.58
{'loss': 4.1098, 'grad_norm': 13.206396102905273, 'learning_rate': 0.00015561131386861315, 'epoch': 1.6013555144793592}
  step=1320/2436; epoch=1.626; training_minutes=23.09
{'loss': 4.2679, 'grad_norm': 15.095053672790527, 'learning_rate': 0.00015287408759124085, 'epoch': 1.6260012322858903}
{'loss': 4.2505, 'grad_norm': 11.622946739196777, 'learning_rate': 0.0001501368613138686, 'epoch': 1.6506469500924215}
  step=1352/2436; epoch=1.665; training_minutes=23.59
{'loss': 4.1734, 'grad_norm': 10.175997734069824, 'learning_rate': 0.00014739963503649633, 'epoch': 1.6752926678989526}
{'loss': 4.0656, 'grad_norm': 8.890291213989258, 'learning_rate': 0.00014466240875912406, 'epoch': 1.6999383857054837}
  step=1384/2436; epoch=1.705; training_minutes=24.10
{'loss': 4.1072, 'grad_norm': 11.070663452148438, 'learning_rate': 0.00014192518248175182, 'epoch': 1.7245841035120146}
  step=1415/2436; epoch=1.743; training_minutes=24.60
{'loss': 4.1744, 'grad_norm': 7.661716461181641, 'learning_rate': 0.00013918795620437955, 'epoch': 1.7492298213185458}
{'loss': 4.0506, 'grad_norm': 11.332501411437988, 'learning_rate': 0.00013645072992700727, 'epoch': 1.773875539125077}
  step=1446/2436; epoch=1.781; training_minutes=25.10
{'loss': 3.9724, 'grad_norm': 5.675814151763916, 'learning_rate': 0.00013371350364963503, 'epoch': 1.798521256931608}
  step=1477/2436; epoch=1.819; training_minutes=25.62
{'loss': 4.2392, 'grad_norm': 8.541121482849121, 'learning_rate': 0.00013097627737226276, 'epoch': 1.8231669747381392}
{'loss': 4.0758, 'grad_norm': 8.855687141418457, 'learning_rate': 0.0001282390510948905, 'epoch': 1.8478126925446703}
  step=1510/2436; epoch=1.860; training_minutes=26.13
{'loss': 4.1516, 'grad_norm': 5.679782390594482, 'learning_rate': 0.00012550182481751824, 'epoch': 1.8724584103512014}
{'loss': 4.1824, 'grad_norm': 11.962543487548828, 'learning_rate': 0.00012276459854014597, 'epoch': 1.8971041281577325}
  step=1543/2436; epoch=1.901; training_minutes=26.64
{'loss': 4.031, 'grad_norm': 10.104708671569824, 'learning_rate': 0.00012002737226277372, 'epoch': 1.9217498459642637}
  step=1575/2436; epoch=1.940; training_minutes=27.14
{'loss': 4.0769, 'grad_norm': 11.861797332763672, 'learning_rate': 0.00011729014598540144, 'epoch': 1.9463955637707948}
{'loss': 3.9818, 'grad_norm': 9.323205947875977, 'learning_rate': 0.0001145529197080292, 'epoch': 1.971041281577326}
  step=1606/2436; epoch=1.978; training_minutes=27.66
{'loss': 4.0902, 'grad_norm': 9.587151527404785, 'learning_rate': 0.00011181569343065693, 'epoch': 1.995686999383857}
{'eval_loss': 1.0552324056625366, 'eval_accuracy': 0.44294439087110254, 'eval_f1_macro': 0.44285532894425916, 'eval_balanced_accuracy': 0.443704280702168, 'eval_runtime': 117.9738, 'eval_samples_per_second': 26.37, 'eval_steps_per_second': 3.297, 'epoch': 2.0}
  step=1625/2436; epoch=2.001; training_minutes=29.92
{'loss': 3.9592, 'grad_norm': 7.7284417152404785, 'learning_rate': 0.00010907846715328466, 'epoch': 2.019716574245225}
  step=1658/2436; epoch=2.042; training_minutes=30.43
{'loss': 3.9651, 'grad_norm': 9.204191207885742, 'learning_rate': 0.00010634124087591239, 'epoch': 2.044362292051756}
{'loss': 3.9688, 'grad_norm': 16.73880386352539, 'learning_rate': 0.00010360401459854014, 'epoch': 2.0690080098582873}
  step=1691/2436; epoch=2.083; training_minutes=30.95
{'loss': 4.0057, 'grad_norm': 8.97900104522705, 'learning_rate': 0.00010086678832116787, 'epoch': 2.0936537276648184}
{'loss': 3.9845, 'grad_norm': 7.375360012054443, 'learning_rate': 9.81295620437956e-05, 'epoch': 2.1182994454713495}
  step=1724/2436; epoch=2.123; training_minutes=31.46
{'loss': 3.9359, 'grad_norm': 12.869659423828125, 'learning_rate': 9.539233576642336e-05, 'epoch': 2.1429451632778806}
  step=1754/2436; epoch=2.160; training_minutes=31.98
{'loss': 4.0519, 'grad_norm': 6.67241907119751, 'learning_rate': 9.265510948905109e-05, 'epoch': 2.167590881084412}
{'loss': 3.9416, 'grad_norm': 10.884552001953125, 'learning_rate': 8.991788321167881e-05, 'epoch': 2.1922365988909425}
  step=1786/2436; epoch=2.200; training_minutes=32.49
{'loss': 4.1513, 'grad_norm': 18.968496322631836, 'learning_rate': 8.718065693430657e-05, 'epoch': 2.2168823166974736}
  step=1818/2436; epoch=2.239; training_minutes=32.99
{'loss': 4.0507, 'grad_norm': 7.931092262268066, 'learning_rate': 8.44434306569343e-05, 'epoch': 2.2415280345040047}
{'loss': 3.9607, 'grad_norm': 7.785204887390137, 'learning_rate': 8.170620437956204e-05, 'epoch': 2.266173752310536}
  step=1851/2436; epoch=2.280; training_minutes=33.50
{'loss': 4.0373, 'grad_norm': 14.209238052368164, 'learning_rate': 7.896897810218977e-05, 'epoch': 2.290819470117067}
{'loss': 3.8887, 'grad_norm': 7.727311134338379, 'learning_rate': 7.623175182481751e-05, 'epoch': 2.315465187923598}
  step=1883/2436; epoch=2.319; training_minutes=34.01
{'loss': 4.0126, 'grad_norm': 10.354510307312012, 'learning_rate': 7.349452554744526e-05, 'epoch': 2.3401109057301293}
  step=1914/2436; epoch=2.357; training_minutes=34.52
{'loss': 3.9964, 'grad_norm': 15.789791107177734, 'learning_rate': 7.075729927007298e-05, 'epoch': 2.3647566235366604}
{'loss': 3.9174, 'grad_norm': 9.350720405578613, 'learning_rate': 6.802007299270073e-05, 'epoch': 2.3894023413431915}
  step=1946/2436; epoch=2.397; training_minutes=35.03
{'loss': 3.8692, 'grad_norm': 10.098949432373047, 'learning_rate': 6.528284671532847e-05, 'epoch': 2.4140480591497226}
  step=1977/2436; epoch=2.435; training_minutes=35.53
{'loss': 3.8658, 'grad_norm': 10.361736297607422, 'learning_rate': 6.25456204379562e-05, 'epoch': 2.438693776956254}
{'loss': 4.0, 'grad_norm': 9.616459846496582, 'learning_rate': 5.980839416058393e-05, 'epoch': 2.463339494762785}
  step=2008/2436; epoch=2.473; training_minutes=36.05
{'loss': 4.0919, 'grad_norm': 10.571111679077148, 'learning_rate': 5.7071167883211676e-05, 'epoch': 2.487985212569316}
  step=2040/2436; epoch=2.513; training_minutes=36.55
{'loss': 3.914, 'grad_norm': 9.576972961425781, 'learning_rate': 5.433394160583941e-05, 'epoch': 2.512630930375847}
{'loss': 3.8377, 'grad_norm': 10.146089553833008, 'learning_rate': 5.159671532846715e-05, 'epoch': 2.5372766481823783}
  step=2072/2436; epoch=2.552; training_minutes=37.07
{'loss': 3.951, 'grad_norm': 18.973529815673828, 'learning_rate': 4.885948905109488e-05, 'epoch': 2.5619223659889094}
{'loss': 3.8971, 'grad_norm': 11.994462013244629, 'learning_rate': 4.6122262773722625e-05, 'epoch': 2.5865680837954406}
  step=2104/2436; epoch=2.591; training_minutes=37.58
{'loss': 4.1011, 'grad_norm': 8.296796798706055, 'learning_rate': 4.338503649635037e-05, 'epoch': 2.6112138016019717}
  step=2136/2436; epoch=2.631; training_minutes=38.09
{'loss': 3.8814, 'grad_norm': 9.69550895690918, 'learning_rate': 4.0647810218978096e-05, 'epoch': 2.635859519408503}
{'loss': 3.9788, 'grad_norm': 8.900197982788086, 'learning_rate': 3.791058394160584e-05, 'epoch': 2.660505237215034}
  step=2168/2436; epoch=2.670; training_minutes=38.61
{'loss': 4.0527, 'grad_norm': 11.948131561279297, 'learning_rate': 3.5173357664233574e-05, 'epoch': 2.685150955021565}
{'loss': 4.0052, 'grad_norm': 8.05669116973877, 'learning_rate': 3.243613138686131e-05, 'epoch': 2.709796672828096}
  step=2201/2436; epoch=2.711; training_minutes=39.12
{'loss': 3.9095, 'grad_norm': 12.672516822814941, 'learning_rate': 2.969890510948905e-05, 'epoch': 2.7344423906346274}
  step=2233/2436; epoch=2.750; training_minutes=39.63
{'loss': 3.9063, 'grad_norm': 26.31900405883789, 'learning_rate': 2.6961678832116785e-05, 'epoch': 2.7590881084411585}
{'loss': 3.6596, 'grad_norm': 12.038640975952148, 'learning_rate': 2.4224452554744524e-05, 'epoch': 2.7837338262476896}
  step=2264/2436; epoch=2.789; training_minutes=40.15
{'loss': 3.9911, 'grad_norm': 11.121575355529785, 'learning_rate': 2.1487226277372263e-05, 'epoch': 2.8083795440542207}
  step=2296/2436; epoch=2.828; training_minutes=40.66
{'loss': 4.0297, 'grad_norm': 14.104879379272461, 'learning_rate': 1.875e-05, 'epoch': 2.833025261860752}
{'loss': 3.7801, 'grad_norm': 8.842123985290527, 'learning_rate': 1.6012773722627734e-05, 'epoch': 2.857670979667283}
  step=2325/2436; epoch=2.864; training_minutes=41.16
{'loss': 3.9016, 'grad_norm': 17.254669189453125, 'learning_rate': 1.3275547445255473e-05, 'epoch': 2.882316697473814}
  step=2357/2436; epoch=2.903; training_minutes=41.67
{'loss': 3.8731, 'grad_norm': 11.925235748291016, 'learning_rate': 1.053832116788321e-05, 'epoch': 2.9069624152803453}
{'loss': 3.9962, 'grad_norm': 9.515073776245117, 'learning_rate': 7.801094890510948e-06, 'epoch': 2.9316081330868764}
  step=2389/2436; epoch=2.943; training_minutes=42.18
{'loss': 3.948, 'grad_norm': 12.989202499389648, 'learning_rate': 5.063868613138686e-06, 'epoch': 2.9562538508934075}
{'loss': 4.1645, 'grad_norm': 11.000504493713379, 'learning_rate': 2.326642335766423e-06, 'epoch': 2.9808995686999387}
  step=2423/2436; epoch=2.985; training_minutes=42.69
{'eval_loss': 1.055128812789917, 'eval_accuracy': 0.4371584699453552, 'eval_f1_macro': 0.4376122524153745, 'eval_balanced_accuracy': 0.44128407215782905, 'eval_runtime': 117.989, 'eval_samples_per_second': 26.367, 'eval_steps_per_second': 3.297, 'epoch': 3.0}
{'train_runtime': 2691.7343, 'train_samples_per_second': 14.469, 'train_steps_per_second': 0.905, 'train_loss': 4.170495185163025, 'epoch': 3.0}
SCREENING COMPLETE candidate-08 0.44294439087110254
SCREENING START candidate-09 0.001 16
Some weights of ModernBertForSequenceClassification were not initialized from the model checkpoint at Itau-Unibanco/NorBERTo-base and are newly initialized: ['classifier.bias', 'classifier.weight']
You should probably TRAIN this model on a down-stream task to be able to use it for predictions and inference.
  Trainable parameters: 1083651; train=12982, inner_valid=3111
{'loss': 5.2008, 'grad_norm': 22.625322341918945, 'learning_rate': 7.78688524590164e-05, 'epoch': 0.024645717806531114}
  step=32/2436; epoch=0.039; training_minutes=0.51
{'loss': 4.4843, 'grad_norm': 19.408275604248047, 'learning_rate': 0.0001598360655737705, 'epoch': 0.04929143561306223}
{'loss': 4.6083, 'grad_norm': 10.836438179016113, 'learning_rate': 0.00024180327868852458, 'epoch': 0.07393715341959335}
  step=62/2436; epoch=0.076; training_minutes=1.01
{'loss': 4.5577, 'grad_norm': 10.543479919433594, 'learning_rate': 0.00032377049180327874, 'epoch': 0.09858287122612445}
  step=93/2436; epoch=0.115; training_minutes=1.52
{'loss': 4.3611, 'grad_norm': 7.562046051025391, 'learning_rate': 0.0004057377049180328, 'epoch': 0.12322858903265557}
{'loss': 4.5175, 'grad_norm': 9.614620208740234, 'learning_rate': 0.0004877049180327869, 'epoch': 0.1478743068391867}
  step=125/2436; epoch=0.154; training_minutes=2.04
{'loss': 4.4786, 'grad_norm': 9.469728469848633, 'learning_rate': 0.000569672131147541, 'epoch': 0.1725200246457178}
  step=155/2436; epoch=0.191; training_minutes=2.55
{'loss': 4.377, 'grad_norm': 9.716212272644043, 'learning_rate': 0.0006516393442622951, 'epoch': 0.1971657424522489}
{'loss': 4.6211, 'grad_norm': 13.353731155395508, 'learning_rate': 0.0007336065573770492, 'epoch': 0.22181146025878004}
  step=185/2436; epoch=0.228; training_minutes=3.06
{'loss': 4.4099, 'grad_norm': 8.329476356506348, 'learning_rate': 0.0008155737704918033, 'epoch': 0.24645717806531114}
  step=217/2436; epoch=0.267; training_minutes=3.56
{'loss': 4.5804, 'grad_norm': 13.36983585357666, 'learning_rate': 0.0008975409836065575, 'epoch': 0.2711028958718423}
{'loss': 4.4985, 'grad_norm': 5.057119369506836, 'learning_rate': 0.0009795081967213116, 'epoch': 0.2957486136783734}
  step=250/2436; epoch=0.308; training_minutes=4.06
{'loss': 4.3879, 'grad_norm': 10.26098346710205, 'learning_rate': 0.0009931569343065694, 'epoch': 0.3203943314849045}
{'loss': 4.4062, 'grad_norm': 10.000815391540527, 'learning_rate': 0.0009840328467153284, 'epoch': 0.3450400492914356}
  step=282/2436; epoch=0.348; training_minutes=4.58
{'loss': 4.3772, 'grad_norm': 7.498814105987549, 'learning_rate': 0.0009749087591240876, 'epoch': 0.36968576709796674}
  step=313/2436; epoch=0.386; training_minutes=5.09
{'loss': 4.366, 'grad_norm': 126.61554718017578, 'learning_rate': 0.0009657846715328468, 'epoch': 0.3943314849044978}
{'loss': 6.0713, 'grad_norm': 36.56217956542969, 'learning_rate': 0.0009566605839416058, 'epoch': 0.41897720271102895}
  step=345/2436; epoch=0.425; training_minutes=5.60
{'loss': 4.5629, 'grad_norm': 69.05917358398438, 'learning_rate': 0.000947536496350365, 'epoch': 0.4436229205175601}
  step=378/2436; epoch=0.466; training_minutes=6.11
{'loss': 5.0187, 'grad_norm': 71.42375946044922, 'learning_rate': 0.0009384124087591241, 'epoch': 0.4682686383240912}
{'loss': 4.704, 'grad_norm': 47.12561798095703, 'learning_rate': 0.0009292883211678832, 'epoch': 0.4929143561306223}
  step=411/2436; epoch=0.506; training_minutes=6.62
{'loss': 4.6945, 'grad_norm': 25.87394142150879, 'learning_rate': 0.0009201642335766424, 'epoch': 0.5175600739371534}
{'loss': 4.7152, 'grad_norm': 22.871849060058594, 'learning_rate': 0.0009110401459854015, 'epoch': 0.5422057917436846}
  step=443/2436; epoch=0.546; training_minutes=7.12
{'loss': 4.6327, 'grad_norm': 43.78850173950195, 'learning_rate': 0.0009019160583941606, 'epoch': 0.5668515095502157}
  step=476/2436; epoch=0.587; training_minutes=7.63
{'loss': 4.5685, 'grad_norm': 10.867962837219238, 'learning_rate': 0.0008927919708029197, 'epoch': 0.5914972273567468}
{'loss': 4.4448, 'grad_norm': 3.355233669281006, 'learning_rate': 0.0008836678832116789, 'epoch': 0.6161429451632778}
  step=507/2436; epoch=0.625; training_minutes=8.14
{'loss': 4.4877, 'grad_norm': 16.754077911376953, 'learning_rate': 0.000874543795620438, 'epoch': 0.640788662969809}
  step=540/2436; epoch=0.665; training_minutes=8.65
{'loss': 4.7456, 'grad_norm': 19.499040603637695, 'learning_rate': 0.0008654197080291971, 'epoch': 0.6654343807763401}
{'loss': 4.6435, 'grad_norm': 8.483098030090332, 'learning_rate': 0.0008562956204379562, 'epoch': 0.6900800985828712}
  step=571/2436; epoch=0.704; training_minutes=9.15
{'loss': 4.6025, 'grad_norm': 19.11595344543457, 'learning_rate': 0.0008471715328467153, 'epoch': 0.7147258163894024}
{'loss': 4.6881, 'grad_norm': 27.36017608642578, 'learning_rate': 0.0008380474452554745, 'epoch': 0.7393715341959335}
  step=602/2436; epoch=0.742; training_minutes=9.66
{'loss': 4.4843, 'grad_norm': 6.118535041809082, 'learning_rate': 0.0008289233576642336, 'epoch': 0.7640172520024646}
  step=635/2436; epoch=0.783; training_minutes=10.17
{'loss': 4.4864, 'grad_norm': 7.094504356384277, 'learning_rate': 0.0008197992700729927, 'epoch': 0.7886629698089956}
{'loss': 4.5121, 'grad_norm': 12.50385570526123, 'learning_rate': 0.0008106751824817519, 'epoch': 0.8133086876155268}
  step=667/2436; epoch=0.822; training_minutes=10.68
{'loss': 4.5073, 'grad_norm': 16.42049217224121, 'learning_rate': 0.0008015510948905109, 'epoch': 0.8379544054220579}
  step=698/2436; epoch=0.860; training_minutes=11.18
{'loss': 4.5222, 'grad_norm': 16.064096450805664, 'learning_rate': 0.0007924270072992701, 'epoch': 0.862600123228589}
{'loss': 4.4117, 'grad_norm': 8.456960678100586, 'learning_rate': 0.0007833029197080293, 'epoch': 0.8872458410351202}
  step=730/2436; epoch=0.900; training_minutes=11.69
{'loss': 4.52, 'grad_norm': 10.004959106445312, 'learning_rate': 0.0007741788321167883, 'epoch': 0.9118915588416513}
{'loss': 4.5685, 'grad_norm': 6.630160808563232, 'learning_rate': 0.0007650547445255475, 'epoch': 0.9365372766481824}
  step=762/2436; epoch=0.939; training_minutes=12.20
{'loss': 4.4567, 'grad_norm': 15.700471878051758, 'learning_rate': 0.0007559306569343066, 'epoch': 0.9611829944547134}
  step=794/2436; epoch=0.978; training_minutes=12.71
{'loss': 4.4904, 'grad_norm': 10.56105899810791, 'learning_rate': 0.0007468065693430657, 'epoch': 0.9858287122612446}
{'eval_loss': 1.1532511711120605, 'eval_accuracy': 0.3561555769848923, 'eval_f1_macro': 0.175080982855337, 'eval_balanced_accuracy': 0.3333333333333333, 'eval_runtime': 118.0011, 'eval_samples_per_second': 26.364, 'eval_steps_per_second': 3.297, 'epoch': 1.0}
  step=813/2436; epoch=1.001; training_minutes=14.96
{'loss': 4.3976, 'grad_norm': 8.853058815002441, 'learning_rate': 0.0007376824817518249, 'epoch': 1.0098582871226125}
{'loss': 4.4722, 'grad_norm': 14.297460556030273, 'learning_rate': 0.000728558394160584, 'epoch': 1.0345040049291436}
  step=844/2436; epoch=1.039; training_minutes=15.47
{'loss': 4.4211, 'grad_norm': 6.948240280151367, 'learning_rate': 0.0007194343065693431, 'epoch': 1.0591497227356748}
  step=876/2436; epoch=1.079; training_minutes=15.98
{'loss': 4.4108, 'grad_norm': 6.400515079498291, 'learning_rate': 0.0007103102189781022, 'epoch': 1.083795440542206}
{'loss': 4.3999, 'grad_norm': 4.189907550811768, 'learning_rate': 0.0007011861313868614, 'epoch': 1.1084411583487368}
  step=906/2436; epoch=1.116; training_minutes=16.49
{'loss': 4.5568, 'grad_norm': 4.093262672424316, 'learning_rate': 0.0006920620437956205, 'epoch': 1.133086876155268}
  step=937/2436; epoch=1.154; training_minutes=16.99
{'loss': 4.4256, 'grad_norm': 18.03980255126953, 'learning_rate': 0.0006829379562043796, 'epoch': 1.157732593961799}
{'loss': 4.4456, 'grad_norm': 8.775907516479492, 'learning_rate': 0.0006738138686131387, 'epoch': 1.1823783117683302}
  step=968/2436; epoch=1.192; training_minutes=17.50
{'loss': 4.4506, 'grad_norm': 4.709474563598633, 'learning_rate': 0.0006646897810218979, 'epoch': 1.2070240295748613}
{'loss': 4.3909, 'grad_norm': 12.725177764892578, 'learning_rate': 0.000655565693430657, 'epoch': 1.2316697473813925}
  step=1002/2436; epoch=1.234; training_minutes=18.01
{'loss': 4.3988, 'grad_norm': 12.566926002502441, 'learning_rate': 0.0006464416058394161, 'epoch': 1.2563154651879236}
  step=1034/2436; epoch=1.274; training_minutes=18.52
{'loss': 4.4223, 'grad_norm': 7.640944480895996, 'learning_rate': 0.0006373175182481752, 'epoch': 1.2809611829944547}
{'loss': 4.3996, 'grad_norm': 5.815622329711914, 'learning_rate': 0.0006281934306569344, 'epoch': 1.3056069008009858}
  step=1065/2436; epoch=1.312; training_minutes=19.03
{'loss': 4.415, 'grad_norm': 2.513176918029785, 'learning_rate': 0.0006190693430656935, 'epoch': 1.330252618607517}
  step=1096/2436; epoch=1.350; training_minutes=19.53
{'loss': 4.4528, 'grad_norm': 11.263925552368164, 'learning_rate': 0.0006099452554744525, 'epoch': 1.354898336414048}
{'loss': 4.3864, 'grad_norm': 7.104262351989746, 'learning_rate': 0.0006008211678832118, 'epoch': 1.3795440542205792}
  step=1128/2436; epoch=1.389; training_minutes=20.04
{'loss': 4.4575, 'grad_norm': 10.737412452697754, 'learning_rate': 0.0005916970802919707, 'epoch': 1.4041897720271104}
  step=1159/2436; epoch=1.428; training_minutes=20.54
{'loss': 4.4303, 'grad_norm': 5.05988883972168, 'learning_rate': 0.00058257299270073, 'epoch': 1.4288354898336415}
{'loss': 4.4733, 'grad_norm': 6.522360324859619, 'learning_rate': 0.0005734489051094892, 'epoch': 1.4534812076401726}
  step=1191/2436; epoch=1.467; training_minutes=21.05
{'loss': 4.3751, 'grad_norm': 2.7538905143737793, 'learning_rate': 0.0005643248175182481, 'epoch': 1.4781269254467038}
{'loss': 4.3955, 'grad_norm': 3.1759581565856934, 'learning_rate': 0.0005552007299270073, 'epoch': 1.502772643253235}
  step=1224/2436; epoch=1.508; training_minutes=21.56
{'loss': 4.3833, 'grad_norm': 7.554269790649414, 'learning_rate': 0.0005460766423357664, 'epoch': 1.527418361059766}
  step=1256/2436; epoch=1.547; training_minutes=22.06
{'loss': 4.4359, 'grad_norm': 6.381129741668701, 'learning_rate': 0.0005369525547445255, 'epoch': 1.552064078866297}
{'loss': 4.4234, 'grad_norm': 5.977662563323975, 'learning_rate': 0.0005278284671532847, 'epoch': 1.576709796672828}
  step=1289/2436; epoch=1.588; training_minutes=22.57
{'loss': 4.3707, 'grad_norm': 10.22343921661377, 'learning_rate': 0.0005187043795620438, 'epoch': 1.6013555144793592}
  step=1320/2436; epoch=1.626; training_minutes=23.09
{'loss': 4.4324, 'grad_norm': 12.017284393310547, 'learning_rate': 0.0005095802919708029, 'epoch': 1.6260012322858903}
{'loss': 4.3869, 'grad_norm': 12.927011489868164, 'learning_rate': 0.000500456204379562, 'epoch': 1.6506469500924215}
  step=1352/2436; epoch=1.665; training_minutes=23.59
{'loss': 4.357, 'grad_norm': 8.592131614685059, 'learning_rate': 0.0004913321167883212, 'epoch': 1.6752926678989526}
{'loss': 4.3978, 'grad_norm': 6.503988265991211, 'learning_rate': 0.0004822080291970803, 'epoch': 1.6999383857054837}
  step=1384/2436; epoch=1.705; training_minutes=24.09
{'loss': 4.3652, 'grad_norm': 9.198495864868164, 'learning_rate': 0.0004730839416058394, 'epoch': 1.7245841035120146}
  step=1415/2436; epoch=1.743; training_minutes=24.59
{'loss': 4.4317, 'grad_norm': 9.513106346130371, 'learning_rate': 0.0004639598540145986, 'epoch': 1.7492298213185458}
{'loss': 4.3329, 'grad_norm': 8.549057006835938, 'learning_rate': 0.00045483576642335767, 'epoch': 1.773875539125077}
  step=1446/2436; epoch=1.781; training_minutes=25.10
{'loss': 4.3563, 'grad_norm': 3.606748342514038, 'learning_rate': 0.00044571167883211677, 'epoch': 1.798521256931608}
  step=1477/2436; epoch=1.819; training_minutes=25.61
{'loss': 4.3674, 'grad_norm': 8.330979347229004, 'learning_rate': 0.0004365875912408759, 'epoch': 1.8231669747381392}
{'loss': 4.3745, 'grad_norm': 6.481660842895508, 'learning_rate': 0.00042746350364963507, 'epoch': 1.8478126925446703}
  step=1510/2436; epoch=1.860; training_minutes=26.12
{'loss': 4.3654, 'grad_norm': 3.1949682235717773, 'learning_rate': 0.00041833941605839417, 'epoch': 1.8724584103512014}
{'loss': 4.3923, 'grad_norm': 10.614870071411133, 'learning_rate': 0.0004092153284671533, 'epoch': 1.8971041281577325}
  step=1543/2436; epoch=1.901; training_minutes=26.63
{'loss': 4.3129, 'grad_norm': 7.912072658538818, 'learning_rate': 0.0004000912408759124, 'epoch': 1.9217498459642637}
  step=1575/2436; epoch=1.940; training_minutes=27.13
{'loss': 4.4361, 'grad_norm': 10.027376174926758, 'learning_rate': 0.0003909671532846715, 'epoch': 1.9463955637707948}
{'loss': 4.341, 'grad_norm': 9.105875968933105, 'learning_rate': 0.0003818430656934307, 'epoch': 1.971041281577326}
  step=1606/2436; epoch=1.978; training_minutes=27.65
{'loss': 4.371, 'grad_norm': 7.065257549285889, 'learning_rate': 0.0003727189781021898, 'epoch': 1.995686999383857}
{'eval_loss': 1.0999559164047241, 'eval_accuracy': 0.33461909353905495, 'eval_f1_macro': 0.27538255982858734, 'eval_balanced_accuracy': 0.3593439097754154, 'eval_runtime': 117.9385, 'eval_samples_per_second': 26.378, 'eval_steps_per_second': 3.298, 'epoch': 2.0}
{'train_runtime': 1793.1644, 'train_samples_per_second': 21.719, 'train_steps_per_second': 1.358, 'train_loss': 4.496861609919318, 'epoch': 2.0}
SCREENING COMPLETE candidate-09 0.3561555769848923
SCREENING COMPLETE; NO CV RUN ['candidate-05', 'candidate-08', 'candidate-02'] results/norberto-lora-grid-20260929-170333
