excel_row,group_id,role
2,0,train
3,1,train
4,2,train
5,3,validation
6,4,validation
7,5,train
8,6,validation
9,7,train
10,8,validation
11,9,train
12,10,validation
13,11,validation
14,12,train
15,13,train
17,15,validation
18,16,train
19,17,train
20,18,train
22,20,validation
23,21,train
25,23,train
26,24,train
27,25,validation
29,27,train
30,28,train
31,29,train
33,31,validation
34,32,train
35,33,train
37,35,train
38,36,train
39,37,train
41,39,train
42,40,train
43,41,train
44,42,train
46,44,train
47,45,train
49,47,validation
50,48,train
51,49,train
52,50,train
54,52,train
55,53,train
56,54,train
57,55,validation
60,58,train
61,59,train
62,60,train
63,61,train
65,63,validation
66,64,train
69,67,train
70,68,train
72,70,train
73,71,train
74,72,train
76,74,train
77,75,train
78,76,train
79,77,train
81,79,train
82,80,train
83,81,train
85,83,validation
86,84,train
87,85,train
89,16,train
90,88,validation
91,89,train
93,91,train
94,92,validation
95,93,train
96,94,train
98,96,train
99,97,train
100,98,train
101,99,train
102,100,train
104,102,validation
105,103,validation
106,104,train
108,106,train
109,107,train
110,108,validation
112,110,train
113,111,train
114,112,train
115,113,train
117,115,train
118,116,train
119,117,train
121,119,train
122,120,validation
124,122,validation
125,16,train
126,16,train
127,125,validation
128,126,train
129,127,validation
131,129,validation
132,130,train
133,131,train
134,132,train
136,134,train
138,136,validation
139,137,train
140,138,train
141,139,train
142,140,train
144,142,train
146,3,validation
147,145,validation
148,146,train
149,147,train
150,148,train
152,150,train
153,151,train
154,0,train
155,153,train
156,154,validation
158,156,train
159,36,train
160,16,train
161,159,train
162,160,validation
163,161,train
164,162,train
166,164,train
168,166,train
169,167,train
171,169,train
172,170,validation
173,171,train
174,172,validation
176,174,train
177,175,train
178,176,train
179,177,train
180,178,train
182,180,train
183,181,train
185,183,validation
186,184,train
187,185,train
188,186,validation
190,188,train
191,189,validation
192,190,train
193,171,train
194,192,train
196,194,train
197,195,validation
198,36,train
199,197,train
201,199,train
202,200,train
203,201,train
204,202,train
205,203,train
206,204,validation
208,16,train
209,207,train
210,208,train
211,209,train
212,210,validation
214,212,validation
215,213,train
216,214,validation
217,215,train
219,217,train
220,218,validation
221,219,train
222,220,validation
224,222,train
225,223,train
226,224,train
227,225,validation
229,227,train
230,228,train
231,229,train
232,230,train
233,231,train
234,36,train
235,233,train
237,235,train
238,236,train
239,237,train
240,238,train
242,240,validation
243,241,validation
244,242,train
245,243,train
247,245,train
248,246,train
249,247,train
251,249,validation
252,250,train
253,251,train
254,252,train
256,254,train
257,255,train
258,256,train
259,257,train
260,258,train
262,260,train
263,261,validation
264,262,train
265,7,train
266,264,train
268,266,train
269,267,validation
270,268,train
271,269,validation
273,271,train
274,272,train
275,273,train
276,274,validation
279,277,train
280,278,train
281,279,train
282,280,validation
283,281,train
285,283,train
286,284,train
288,286,train
289,287,train
290,288,train
291,16,train
292,290,train
293,291,train
295,293,validation
296,294,train
297,295,train
299,297,validation
300,298,train
301,299,validation
302,300,train
304,302,validation
305,303,train
306,304,train
307,305,train
309,307,train
310,308,validation
311,309,train
312,310,train
314,312,train
315,313,train
316,314,train
317,315,validation
318,316,train
319,317,validation
321,319,train
323,321,train
324,322,train
325,323,train
326,324,train
327,240,validation
328,326,train
329,327,train
331,329,validation
332,330,train
333,331,train
335,319,train
336,334,validation
337,335,train
339,337,validation
340,338,train
341,339,validation
342,340,train
343,341,train
344,342,validation
346,344,train
347,345,train
348,346,train
349,347,validation
351,349,validation
352,350,train
354,352,train
356,354,train
357,355,train
358,356,train
359,357,train
361,359,train
362,360,train
363,361,train
365,363,train
366,364,train
367,365,train
368,366,train
369,367,train
370,368,train
372,370,train
374,372,train
375,373,train
376,374,validation
377,375,train
378,376,train
380,378,train
381,379,train
382,380,train
383,381,train
384,382,train
385,383,validation
387,385,train
388,386,train
390,388,train
391,389,train
392,390,validation
393,391,train
395,393,train
396,394,train
397,395,train
398,396,train
399,397,validation
400,398,train
402,7,train
403,401,train
404,402,train
405,403,train
407,405,train
408,406,train
409,407,train
410,408,train
411,349,validation
413,411,train
414,412,train
415,413,train
416,414,train
418,416,train
419,417,train
420,418,train
421,419,validation
422,420,train
424,422,train
425,423,train
428,426,train
429,427,validation
430,91,train
431,429,train
432,430,validation
434,432,validation
436,434,train
437,435,train
438,436,train
439,437,train
440,438,train
441,439,train
442,440,validation
443,441,validation
444,442,train
445,443,train
447,445,train
448,446,train
449,447,train
451,449,train
452,450,train
453,451,train
454,452,train
456,454,train
457,455,train
458,456,validation
459,457,train
461,459,train
462,460,train
463,166,train
464,462,train
465,463,validation
467,465,train
468,466,train
469,467,train
470,468,validation
472,470,train
473,471,train
474,472,train
475,473,train
476,474,train
478,476,train
479,477,train
480,478,train
482,480,validation
483,481,train
484,482,train
485,483,train
486,484,train
487,383,validation
489,487,train
490,488,validation
491,489,train
493,491,train
494,492,train
495,493,train
496,494,train
497,495,train
498,284,train
500,274,validation
501,499,train
502,500,train
503,16,train
504,502,train
506,504,validation
507,505,train
508,7,train
509,507,train
510,508,train
511,284,train
512,510,train
514,512,validation
515,513,train
516,514,train
518,516,validation
519,517,train
520,513,train
521,519,train
523,521,train
524,522,train
525,523,validation
526,524,train
528,526,train
529,527,train
530,528,train
532,530,train
533,531,train
535,533,validation
536,438,train
537,535,train
538,16,train
539,537,train
540,538,train
541,539,train
542,540,validation
544,542,train
545,543,train
547,545,validation
548,546,train
549,547,train
550,548,train
552,550,train
553,551,train
554,552,train
555,553,train
557,555,train
558,556,train
559,557,train
560,558,train
561,559,train
563,561,train
564,562,train
565,563,validation
566,107,train
568,566,train
570,568,validation
571,569,train
572,570,train
574,572,train
575,573,train
576,574,train
577,575,validation
578,576,train
580,578,train
581,579,validation
583,581,train
584,117,train
585,583,validation
586,584,train
587,585,validation
589,587,train
590,588,train
591,589,train
592,474,train
593,591,train
594,592,train
596,594,validation
597,595,train
598,596,train
599,597,train
601,599,train
602,600,train
603,601,train
604,602,train
605,603,train
606,604,train
608,606,validation
609,607,train
610,608,train
612,610,train
613,611,train
614,612,train
616,614,train
617,615,train
618,616,train
619,617,train
621,619,train
622,620,train
623,621,train
624,622,validation
626,624,train
627,625,train
628,626,train
629,627,train
631,629,train
632,630,train
633,631,train
634,632,validation
636,634,train
637,635,train
639,637,train
640,638,train
641,639,validation
642,640,train
643,641,validation
645,643,train
646,644,train
647,645,train
648,646,train
649,647,train
651,649,train
652,650,validation
654,652,train
655,653,train
656,654,train
658,656,train
659,657,train
660,658,train
661,659,train
662,660,train
664,662,train
665,663,train
666,664,train
667,665,train
669,667,train
670,668,train
671,669,train
673,671,train
674,672,validation
675,673,train
676,271,train
677,675,train
678,676,validation
679,677,train
680,678,train
682,680,validation
683,681,train
684,682,train
686,91,train
687,685,train
688,686,validation
690,688,train
691,689,validation
692,690,train
693,691,train
695,693,train
696,694,train
697,695,train
698,696,validation
699,697,train
701,699,train
702,700,validation
703,701,train
705,703,train
706,704,train
707,705,train
708,706,train
709,707,train
710,708,train
711,709,train
712,710,train
714,712,validation
715,713,train
716,714,train
718,716,validation
719,717,train
720,718,train
722,720,train
723,721,train
724,722,train
725,723,train
726,724,train
727,725,train
728,724,train
730,728,validation
731,729,train
733,731,train
734,732,train
735,733,train
736,734,train
737,735,train
739,737,validation
740,738,train
741,739,train
742,740,validation
744,742,train
745,743,train
746,744,train
747,745,train
748,746,train
751,749,train
752,750,train
753,751,train
754,271,train
757,755,train
758,756,train
759,757,validation
760,680,validation
761,759,train
762,16,train
764,762,train
765,7,train
766,764,train
767,271,train
768,766,train
769,91,train
770,768,train
772,770,train
773,771,train
774,772,train
775,773,train
776,774,train
777,775,train
778,271,train
780,778,validation
781,779,train
783,781,validation
785,783,train
786,784,train
787,785,train
788,786,train
789,787,train
790,788,validation
791,789,validation
792,713,train
794,792,train
795,793,train
796,794,train
798,796,train
800,798,train
801,799,validation
802,800,train
803,801,train
804,802,train
806,804,train
807,805,train
808,806,train
810,808,train
811,809,train
812,810,validation
813,811,train
814,812,train
816,814,train
818,816,train
819,817,train
820,818,train
821,819,train
822,820,train
823,821,train
824,822,train
825,823,train
827,825,train
828,826,validation
830,828,train
831,829,train
832,830,train
833,831,validation
834,832,train
835,833,train
837,835,train
838,836,train
839,7,train
841,839,train
842,840,train
843,841,train
844,842,train
845,843,train
846,844,train
848,846,train
849,847,train
850,848,train
852,271,train
853,851,train
855,853,train
856,854,train
857,855,validation
859,857,train
860,858,validation
861,859,validation
863,861,train
864,0,train
865,863,validation
866,864,validation
867,865,validation
868,866,validation
869,194,train
870,868,train
872,870,train
873,871,validation
874,872,train
875,873,train
877,875,train
878,876,validation
879,877,train
880,878,train
882,880,train
883,881,validation
884,882,train
886,884,train
887,24,train
888,886,train
889,887,train
890,888,train
891,889,validation
893,891,train
894,892,validation
896,894,train
898,896,validation
899,897,train
900,898,validation
901,899,train
903,901,train
904,902,train
905,903,train
906,53,train
908,906,train
909,907,validation
910,908,train
911,909,validation
912,910,train
914,912,train
915,913,train
916,914,validation
919,917,train
920,918,train
921,919,validation
922,920,train
923,921,train
925,923,train
926,924,validation
927,925,validation
929,927,train
930,928,train
931,929,validation
932,16,train
933,931,train
935,933,train
936,934,train
937,935,train
938,936,validation
940,938,train
941,939,train
942,940,train
943,941,train
945,943,train
946,944,validation
948,946,train
949,947,validation
950,948,train
951,949,train
952,950,train
953,951,train
954,383,validation
956,954,train
957,955,train
958,956,train
960,958,train
961,959,train
962,960,validation
964,107,train
965,963,train
966,964,train
967,240,validation
968,966,train
969,967,train
971,969,validation
972,970,train
973,971,train
974,972,train
976,974,train
977,975,train
978,976,train
979,977,train
981,319,train
982,980,train
983,694,train
984,7,train
985,983,train
986,33,train
987,16,train
988,986,train
989,987,train
991,989,train
992,990,train
993,991,train
994,992,train
995,271,train
997,995,train
998,996,train
999,997,train
1000,16,train
1001,999,validation
1002,1000,validation
1003,1001,train
1005,1003,train
1006,1004,train
1008,1006,train
1009,1007,train
1010,16,train
1011,1009,train
1012,1010,train
1014,1012,validation
1015,1013,train
1016,1014,train
1017,1015,train
1018,1016,train
1020,1018,train
1021,1019,train
1022,1020,train
1023,7,train
1025,271,train
1026,1024,train
1027,1025,train
1028,1026,train
1029,1027,validation
1030,1028,validation
1031,1029,train
1032,1030,train
1034,1032,train
1035,1033,train
1036,1034,validation
1037,1035,train
1038,1036,train
1040,1038,train
1041,1039,train
1043,1041,train
1044,1042,validation
1046,1044,train
1047,1045,train
1048,33,train
1049,1047,train
1051,1049,train
1052,1050,train
1053,1051,train
1054,7,train
1055,1053,validation
1057,1055,train
1059,1057,train
1060,1058,train
1061,1059,train
1062,1060,train
1063,1061,train
1065,1063,train
1066,1064,train
1069,1067,train
1070,1068,train
1071,1069,train
1072,1070,train
1074,1072,train
1075,1073,train
1076,1074,train
1077,1075,validation
1079,1077,train
1080,1078,train
1081,1079,train
1082,1080,train
1084,1082,train
1085,1083,train
1086,1084,train
1087,1085,train
1089,1087,train
1090,1088,train
1091,1089,train
1092,1090,train
1093,1091,train
1095,675,train
1096,7,train
1097,194,train
1098,1096,validation
1099,1097,validation
1100,1098,train
1102,1100,train
1103,1101,train
1104,1102,train
1105,1103,train
1106,1104,train
1108,1106,validation
1109,1107,validation
1110,1108,train
1111,1109,validation
1113,1111,validation
1114,1112,train
1116,1114,train
1117,1115,train
1118,16,train
1119,1117,validation
1120,271,train
1121,1119,train
1122,1120,validation
1124,1122,train
1125,7,train
1126,430,validation
1127,1125,train
1129,1127,validation
1130,1128,train
1131,1129,train
1132,107,train
1133,1131,train
1134,1132,train
1135,1133,validation
1136,1134,train
1137,349,validation
1139,1137,validation
1141,1139,train
1142,1140,validation
1143,1141,train
1144,1142,train
1146,1144,train
1147,1145,train
1148,1146,train
1149,1147,train
1150,1148,train
1152,1150,train
1153,1151,train
1155,1153,train
1156,1154,train
1157,1155,train
1159,1157,train
1160,504,validation
1161,1159,validation
1162,1160,train
1164,1162,train
1165,1163,validation
1166,1164,train
1167,1165,train
1168,1166,validation
1169,675,train
1171,1169,validation
1174,1172,train
1175,1173,train
1176,1174,train
1177,1175,validation
1178,1176,train
1179,217,train
1180,1178,train
1181,1179,train
1182,1180,train
1184,1182,train
1185,1183,train
1186,1184,train
1187,1185,train
1188,1186,train
1190,1188,train
1191,1189,train
1192,1190,train
1194,1192,train
1195,1193,train
1196,1194,validation
1198,1196,train
1199,1197,train
1200,1198,train
1202,1200,validation
1203,1201,train
1204,1202,validation
1205,1203,train
1206,1204,validation
1208,1206,validation
1209,1207,train
1210,1208,train
1211,1209,train
1212,7,train
1214,1212,validation
1215,1213,train
1216,1214,train
1217,1215,train
1218,1216,train
1220,1218,train
1221,406,train
1222,1220,train
1223,1221,validation
1224,36,train
1225,406,train
1227,1225,train
1228,1226,train
1229,107,train
1230,1228,validation
1231,1229,train
1232,1230,train
1234,1232,train
1235,1233,train
1236,1234,train
1237,694,train
1238,1236,train
1240,1238,train
1241,1239,train
1242,1240,train
1243,1241,validation
1244,1242,train
1246,1244,train
1247,1245,validation
1248,1246,train
1249,1247,train
1251,1249,train
1252,1250,train
1253,1251,train
1254,1252,train
1256,1254,train
1257,1255,train
1258,7,train
1259,1257,train
1260,1258,train
1261,779,train
1263,1261,train
1264,271,train
1265,24,train
1266,1264,train
1268,1266,train
1269,1267,train
1270,1268,train
1271,1269,train
1272,1270,train
1273,1271,train
1274,1272,train
1276,1274,train
1277,1275,train
1278,1276,train
1279,1277,train
1280,1278,train
1282,1280,train
1283,1281,train
1285,1283,train
1286,1284,validation
1288,1286,train
1289,1287,train
1290,1288,train
1291,1289,train
1292,1290,train
1293,1291,train
1295,1293,validation
1296,1294,train
1297,1295,train
1299,1297,train
1300,1298,train
1301,1299,train
1302,1300,train
1304,1302,train
1305,1303,validation
1306,1304,train
1307,1305,train
1309,1307,train
1310,1308,train
1311,1309,train
1312,1310,train
1313,1311,train
1315,1313,train
1316,1314,train
1317,1315,train
1318,36,train
1319,1317,train
1321,1319,validation
1322,1320,train
1323,1321,train
1324,1322,validation
1326,1324,train
1327,1325,train
1328,1326,validation
1329,1327,train
1331,1329,train
1332,1330,train
1333,1331,train
1334,1332,train
1335,1333,train
1337,1335,train
1338,1336,train
1339,1337,train
1340,1338,validation
1342,1340,train
1343,1341,train
1344,1342,train
1345,1343,train
1347,1345,validation
1348,1346,train
1349,1347,train
1351,1349,train
1352,1350,train
1353,1351,train
1354,1157,train
1355,1353,train
1356,1354,train
1358,1356,train
1359,1357,train
1360,1358,train
1362,474,train
1363,1361,train
1364,1362,train
1365,1363,train
1366,1364,train
1368,1366,train
1369,1367,validation
1370,1368,train
1371,1369,validation
1373,1371,train
1374,1372,train
1375,1373,train
1376,1374,train
1378,1376,train
1379,349,validation
1380,1378,train
1381,1379,train
1382,1380,train
1384,1382,train
1385,1383,validation
1386,1384,train
1387,1385,train
1388,1386,train
1390,1388,train
1391,1389,train
1392,1145,train
1393,1391,train
1394,240,validation
1395,1393,train
1397,1172,train
1398,1396,train
1399,16,train
1400,349,validation
1401,1399,train
1402,1400,train
1403,1401,train
1404,1402,validation
1405,1403,train
1407,1405,train
1408,587,train
1409,1407,train
1412,1410,validation
1413,1411,train
1415,1413,validation
1416,1414,train
1417,1415,train
1418,1416,train
1419,1417,validation
1420,1418,train
1421,1419,train
1423,171,train
1424,1422,train
1425,1423,train
1426,1424,train
1427,1425,validation
1428,1426,train
1429,383,validation
1430,53,train
1432,7,train
1433,1431,train
1434,1432,validation
1435,1433,train
1436,1434,train
1437,1435,train
1439,1437,validation
1440,1438,train
1441,194,train
1444,1442,train
1445,1443,validation
1446,1444,train
1447,1445,train
1448,1446,validation
1450,1448,validation
1451,1449,train
1452,1450,train
1453,1451,train
1454,1452,train
1455,1453,validation
1457,1455,train
1458,1456,train
1459,1457,train
1460,1458,train
1462,1460,validation
1463,658,train
1464,274,validation
1465,1463,train
1466,1464,train
1467,1465,train
1468,675,train
1469,1467,train
1471,1469,train
1472,1470,validation
1473,1471,train
1475,1473,train
1476,1474,train
1477,1475,train
1478,1476,train
1480,16,train
1481,1479,train
1483,1481,train
1484,1482,train
1485,1483,train
1486,1484,train
1487,1485,train
1488,1486,train
1489,1102,train
1491,1489,train
1492,1490,train
1493,1491,train
1494,1492,train
1496,1494,train
1497,1495,train
1499,1497,train
1500,1498,train
1501,252,train
1502,1500,train
1504,1502,train
1505,1503,train
1506,1504,train
1508,1506,train
1510,1508,validation
1512,1510,train
1513,1511,validation
1514,1512,train
1515,1513,train
1516,1514,validation
1517,1515,train
1518,1516,train
1519,1517,train
1520,1518,train
1522,1520,train
1523,1521,train
1524,1522,train
1526,1524,train
1527,1525,train
1528,1526,train
1529,587,train
1531,1529,train
1532,349,validation
1533,1531,train
1534,7,train
1535,1533,train
1537,1535,train
1538,1536,train
1539,1336,train
1540,33,train
1541,1539,train
1542,1540,train
1543,1541,train
1545,1543,train
1547,755,train
1548,1546,train
1549,1547,train
1550,7,train
1551,1549,train
1552,1550,train
1554,1552,validation
1555,1553,train
1556,1554,train
1558,1556,train
1559,1557,train
1560,1558,train
1562,1560,train
1564,1562,train
1565,1563,train
1566,1564,train
1567,1565,train
1568,1566,train
1570,1568,train
1571,126,train
1572,1570,train
1574,1572,train
1575,1573,train
1576,1574,validation
1577,1575,validation
1579,1577,validation
1580,1578,validation
1581,1579,train
1582,1580,train
1583,1581,validation
1585,1583,train
1586,1303,validation
1587,1585,train
1589,1587,train
1590,1588,train
1591,1589,train
1592,1590,validation
1593,1591,validation
1595,349,validation
1596,749,train
1597,1595,train
1598,1596,train
1599,1597,validation
1600,1598,train
1603,1601,train
1604,1602,train
1605,1603,train
1607,1605,train
1609,1607,validation
1610,1131,train
1611,1609,train
1612,36,train
1614,1612,train
1615,1613,train
1616,1614,train
1618,1157,train
1619,1617,train
1620,1618,validation
1622,1620,train
1623,1621,train
1624,1622,train
1626,1624,train
1627,1625,train
1628,1626,train
1629,1401,train
1630,1628,train
1631,1115,train
1632,1630,train
1634,1632,validation
1636,1634,train
1637,1635,train
1638,1636,train
1639,1637,train
1641,1639,train
1642,1640,validation
1643,331,train
1644,1642,train
1646,1644,train
1647,1645,train
1648,1646,train
1649,1647,train
1650,1648,train
1652,1650,train
1654,1652,train
1655,1653,validation
1656,1654,train
1657,1458,train
1658,1656,train
1659,1657,train
1660,1658,train
1662,1660,train
1663,1661,train
1664,1662,train
1665,1663,train
1667,1665,train
1668,1666,train
1669,1667,train
1670,1668,train
1672,1670,train
1673,1671,train
1674,1672,validation
1676,1674,train
1677,1675,validation
1678,1676,validation
1680,1678,train
1681,1679,validation
1682,1680,train
1684,1682,train
1685,1683,train
1687,1685,train
1688,1686,train
1689,1687,train
1690,1688,train
1691,1689,train
1692,1690,train
1694,1692,train
1695,675,train
1696,1239,train
1697,1695,validation
1698,1696,validation
1699,1697,train
1701,1157,train
1702,1700,train
1703,1701,validation
1704,1702,train
1705,36,train
1707,1705,validation
1708,1706,train
1709,1707,train
1711,1709,validation
1712,1710,train
1713,1711,train
1714,1712,train
1716,504,validation
1717,1715,train
1718,1716,train
1719,1717,train
1720,1718,train
1722,1720,train
1723,1721,train
1724,1722,train
1725,1723,train
1726,1724,train
1728,1726,train
1729,1727,train
1730,1728,validation
1731,1729,train
1733,1731,train
1734,1732,validation
1735,1733,train
1736,33,train
1737,3,validation
1738,1736,train
1739,1737,train
1741,36,train
1742,1740,validation
1743,1741,train
1745,1743,validation
1746,1744,validation
1747,1745,train
1748,1746,validation
1750,1748,train
1751,1749,train
1752,1750,validation
1753,1751,train
1755,1753,train
1756,1754,train
1757,1755,validation
1758,1756,train
1759,1757,validation
1760,406,train
1761,1759,train
1762,1760,validation
1763,1761,train
1766,178,train
1767,1765,train
1769,1767,train
1770,1768,train
1771,729,train
1772,1770,train
1773,1771,train
1775,1773,train
1776,1774,train
1777,1609,train
1778,1776,train
1779,1777,validation
1780,1778,train
1781,1779,train
1782,16,train
1784,1782,validation
1785,1783,train
1786,1784,train
1787,1785,train
1789,1787,train
1790,1788,train
1791,1789,train
1792,1790,train
1793,1791,train
1795,1793,validation
1796,1794,train
1798,1796,train
1799,1797,validation
1800,1798,train
1801,1799,train
1802,1800,train
1803,1801,validation
1805,1803,train
1806,1804,validation
1809,843,train
1810,1808,train
1811,1809,train
1812,1810,train
1813,1811,validation
1814,1812,train
1816,1814,train
1817,1815,train
1818,603,train
1820,1818,train
1821,1819,train
1822,1820,validation
1823,1821,train
1825,1823,train
1826,1824,train
1828,1826,validation
1829,1827,train
1830,1828,train
1831,1829,train
1832,1830,train
1834,1832,train
1836,1834,train
1837,1835,validation
1838,194,train
1839,1837,train
1840,271,train
1841,1839,train
1842,271,train
1844,1842,train
1845,1843,train
1846,1844,train
1847,1845,train
1848,1846,validation
1849,107,train
1851,1849,train
1852,1850,train
1853,1851,validation
1854,117,train
1856,1854,train
1857,1855,train
1858,1856,train
1859,1857,train
1861,1859,train
1862,1860,train
1863,295,train
1864,1862,validation
1865,1863,train
1866,1864,validation
1867,1865,validation
1868,1866,train
1870,1868,train
1871,1869,train
1872,194,train
1873,1871,train
1875,513,train
1876,1874,train
1877,1875,train
1878,1876,train
1880,1878,train
1881,1879,train
1882,1880,train
1883,1881,train
1884,1882,validation
1885,1883,train
1886,1884,train
1888,1886,train
1890,1888,train
1891,1889,train
1892,1890,train
1894,1892,train
1895,1893,train
1896,7,train
1897,1895,train
1898,1896,validation
1899,0,train
1901,1899,train
1902,1900,train
1904,1902,train
1905,1903,train
1906,1783,train
1907,271,train
1908,1906,train
1909,452,train
1910,1908,train
1912,1910,train
1913,1911,train
1914,1912,train
1915,1913,train
1916,1914,train
1918,1916,train
1919,1917,train
1921,452,train
1922,1920,train
1923,1921,train
1924,1922,train
1925,1172,train
1926,1924,validation
1927,1925,train
1928,1926,train
1930,1928,train
1931,25,validation
1932,1930,train
1933,1931,train
1935,1933,train
1936,1934,train
1937,1935,train
1938,1936,validation
1939,1937,validation
1940,1938,train
1942,1940,train
1943,1336,train
1944,1942,train
1945,946,train
1946,1944,train
1947,1945,train
1949,1033,train
1950,1948,train
1951,1949,validation
1952,1950,train
1954,1952,train
1955,1953,train
1956,1954,train
1957,1955,train
1959,1957,train
1960,1958,train
1961,1959,train
1962,1960,train
1963,1961,train
1964,1962,train
1965,1963,validation
1966,1964,validation
1968,1966,train
1969,1967,train
1970,1968,validation
1973,271,train
1974,1972,train
1975,1973,train
1976,1974,train
1977,1975,validation
1978,1976,train
1980,1978,train
1981,1979,train
1982,1980,train
1984,1982,train
1985,1983,train
1986,1984,train
1987,1985,validation
1988,1986,validation
1990,1988,train
1991,1020,train
1992,1990,train
1993,1991,train
1994,1992,train
1995,1993,train
1997,1995,train
1998,1996,train
1999,1997,train
2000,1998,train
2002,1212,validation
2003,2001,train
2006,2004,train
2007,2005,train
2008,2006,validation
2011,2009,train
2012,2010,train
2013,2011,validation
2014,16,train
2016,798,train
2017,1331,train
2019,2017,train
2020,2018,train
2021,2019,train
2022,2020,validation
2023,349,validation
2024,2022,train
2025,2023,train
2027,2025,train
2028,2026,train
2029,2027,train
2030,2028,train
2031,2029,train
2032,2030,train
2033,611,train
2034,2032,train
2035,1892,train
2037,2035,validation
2038,2036,train
2039,2037,train
2041,2039,train
2042,2040,train
2043,2041,train
2044,2042,train
2045,2043,train
2047,2045,train
2048,2046,validation
2049,2047,train
2050,2048,train
2051,2049,train
2052,2050,validation
2054,257,train
2055,2053,train
2056,2054,train
2058,2056,train
2059,107,train
2060,2058,train
2061,2059,validation
2062,2060,train
2063,36,train
2064,2062,train
2066,2064,train
2067,2065,train
2068,2066,validation
2069,612,train
2070,166,train
2072,2070,train
2073,2071,train
2074,1239,train
2075,2073,train
2076,2074,train
2077,675,train
2079,2077,validation
2080,2078,train
2081,2079,train
2082,2080,validation
2083,36,train
2084,2082,train
2085,2083,train
2086,1035,train
2088,2086,train
2089,2087,train
2090,2088,train
2092,2090,validation
2093,2091,train
2094,2092,train
2095,2093,train
2096,2094,train
2097,2095,validation
2099,2097,train
2101,2099,train
2102,2100,train
2103,2101,train
2104,2102,train
2106,2104,train
2107,16,train
2108,2106,validation
2109,2107,train
2111,2109,train
2113,2111,train
2114,2112,train
2115,2113,train
2116,2114,validation
2119,271,train
2120,2118,train
2121,2119,train
2122,2120,train
2123,2121,train
2124,2122,train
2125,2123,train
2127,2125,train
2128,2126,validation
2129,2127,train
2131,166,train
2132,2130,train
2133,2131,train
2135,2133,train
2136,2134,validation
2137,2135,train
2138,2136,train
2141,2139,train
2142,103,validation
2143,0,train
2145,2143,train
2146,2144,train
2147,2145,train
2149,2147,train
2150,2148,validation
2151,2149,validation
2152,2150,train
2154,2152,validation
2155,1361,train
2156,2154,train
2157,2155,train
2158,2156,train
2160,2158,validation
2161,2159,train
2162,2160,train
2163,2161,train
2165,2163,train
2166,2164,train
2167,2165,train
2168,2166,train
2169,2167,train
2170,2168,validation
2172,2170,train
2173,2171,train
2175,2173,validation
2176,2174,validation
2177,2175,train
2178,2176,train
2179,2177,train
2181,2179,train
2182,2180,train
2184,126,train
2185,770,train
2186,2184,train
2188,2186,train
2189,2187,train
2190,2188,train
2192,2190,validation
2193,2191,train
2194,2192,train
2195,2193,train
2196,2194,validation
2198,2196,train
2199,2197,train
2200,2198,train
2201,2199,train
2202,2200,train
2203,2201,train
2204,2202,train
2206,2204,train
2207,2205,validation
2209,2207,train
2210,2208,train
2211,2209,train
2212,2210,validation
2214,2212,train
2215,2213,train
2216,2214,train
2217,2215,train
2219,2217,train
2220,2218,validation
2221,2219,train
2222,2220,train
2223,675,train
2224,2222,validation
2225,2223,train
2226,2224,train
2227,2225,train
2228,2226,train
2229,2227,train
2230,1154,train
2231,737,validation
2233,2231,train
2234,2232,validation
2235,107,train
2236,2234,train
2237,2235,validation
2239,271,train
2240,2238,train
2242,2240,train
2243,2241,train
2245,2243,validation
2246,2244,train
2249,2247,train
2250,2248,train
2251,2249,train
2252,2250,train
2253,2251,train
2254,2252,train
2255,2253,validation
2256,2254,train
2258,2256,train
2259,2257,train
2260,2258,train
2261,2259,train
2263,2261,train
2264,2262,train
2265,735,train
2266,2264,validation
2268,2266,train
2269,2267,train
2270,2268,validation
2271,2269,train
2272,2270,train
2274,2272,validation
2275,36,train
2276,2274,train
2277,2275,train
2279,2277,train
2280,2278,train
2281,2279,validation
2282,2280,train
2284,735,train
2285,2283,train
2286,2284,train
2287,16,train
2288,2286,validation
2289,2287,train
2291,2289,train
2293,2291,train
2294,2292,validation
2295,2293,train
2297,2295,train
2298,2296,train
2299,2297,validation
2300,2298,train
2302,2300,train
2304,2302,validation
2305,2303,train
2306,2304,train
2307,2305,train
2309,2307,validation
2310,2308,train
2311,2309,train
2312,2310,train
2313,2311,train
2315,2313,train
2316,2314,validation
2317,2315,train
2318,2316,train
2319,2317,validation
2320,1859,train
2322,2320,train
2323,2321,train
2324,1661,train
2325,2323,train
2328,2326,train
2329,2327,train
2330,2328,validation
2331,2329,train
2333,2331,train
2334,2332,train
2335,2333,validation
2336,2334,train
2338,2336,train
2339,2337,train
2340,2338,validation
2341,2339,train
2342,2340,train
2344,946,train
2345,2343,train
2346,2344,train
2347,2345,validation
2348,2346,train
2349,2347,train
2350,2348,train
2352,2350,train
2354,2352,train
2355,2353,train
2356,2354,validation
2357,24,train
2359,2357,train
2360,2358,validation
2361,16,train
2362,2360,validation
2363,271,train
2365,2363,train
2366,2364,train
2367,2365,train
2368,2366,train
2369,2367,train
2372,2370,train
2373,2371,validation
2374,2372,train
2376,513,train
2377,2375,train
2378,2376,train
2379,2377,train
2380,2378,train
2381,2379,validation
2383,2381,train
2384,2382,train
2385,2383,train
2387,2385,validation
2388,2386,train
2389,2387,train
2390,107,train
2391,2389,train
2393,2391,train
2394,2392,train
2395,2393,train
2396,36,train
2397,1621,train
2399,2397,train
2400,2398,validation
2401,2399,train
2402,1598,train
2403,2401,train
2404,2402,train
2405,2403,train
2407,2405,train
2408,2406,validation
2409,2407,train
2410,2408,train
2411,2409,train
2412,2410,train
2413,504,validation
2415,2413,train
2416,2414,train
2417,2415,train
2418,2416,train
2420,2418,train
2422,2420,validation
2423,2421,train
2424,2422,train
2425,1198,train
2426,2424,train
2428,2426,train
2429,2427,validation
2430,2428,train
2431,2429,train
2432,2430,train
2434,2432,train
2435,2433,train
2436,2434,validation
2437,2435,train
2439,2437,train
2440,2438,train
2441,2439,validation
2443,2441,train
2444,2442,train
2445,474,train
2447,2445,validation
2448,2446,train
2449,2447,train
2450,2448,train
2452,2450,train
2453,2451,train
2454,349,validation
2456,2454,train
2457,2455,train
2458,2456,validation
2459,1239,train
2460,2458,validation
2462,2460,train
2463,2461,validation
2464,2462,train
2465,841,train
2466,271,train
2467,2465,train
2468,2466,train
2471,2469,train
2472,2470,validation
2473,2471,train
2474,2472,train
2476,2474,validation
2477,2475,train
2478,1540,train
2479,2477,train
2481,2479,train
2482,2480,train
2483,2481,train
2484,2482,validation
2486,2484,train
2488,2486,train
2489,2487,train
2490,2488,train
2491,2489,train
2492,36,train
2494,194,train
2495,2493,train
2496,2494,train
2497,2495,train
2499,675,train
2500,2498,train
2501,2499,train
2503,2501,train
2504,2502,validation
2505,2503,train
2506,2504,train
2508,7,train
2509,2507,train
2510,2508,train
2512,2510,train
2513,2511,validation
2514,2512,train
2515,2513,train
2516,2514,train
2517,2515,train
2518,1583,train
2520,2518,validation
2521,2519,train
2523,2521,train
2524,2522,train
2525,2523,validation
2526,2524,train
2527,2525,train
2528,2526,train
2530,2528,train
2531,2529,train
2532,2530,train
2533,2531,validation
2534,2532,train
2536,2534,validation
2537,2535,train
2538,2536,train
2540,2538,train
2541,2539,train
2542,2540,train
2543,2541,train
2545,2543,train
2546,2544,train
2547,2545,validation
2548,2546,train
2550,2548,validation
2551,2549,train
2552,2550,train
2553,784,train
2554,2552,train
2557,2555,validation
2558,2556,train
2559,2557,train
2561,7,train
2562,7,train
2564,2562,train
2565,2563,validation
2566,2564,train
2568,2566,train
2569,513,train
2570,2568,train
2572,2570,train
2573,2571,train
2574,2572,validation
2575,2573,train
2576,2574,train
2577,271,train
2579,2577,train
2580,2578,validation
2582,271,train
2583,2581,train
2584,2582,train
2585,2583,train
2587,2585,train
2588,2586,validation
2589,2587,train
2591,2589,train
2592,2590,train
2593,2591,train
2594,2592,validation
2596,2594,train
2597,2595,train
2598,2596,train
2599,2530,train
2600,2598,train
2602,166,train
2603,2601,train
2604,2602,validation
2605,2603,train
2607,2605,train
2608,2606,train
2609,2607,train
2612,2344,train
2613,2611,train
2614,91,train
2615,2613,validation
2616,2614,train
2617,16,train
2618,2616,train
2619,2617,train
2621,2619,train
2622,352,train
2625,2623,train
2626,2455,train
2627,2625,validation
2628,2626,train
2629,16,train
2630,2628,train
2631,2629,train
2635,2633,train
2637,2635,validation
2638,2636,train
2639,2637,validation
2640,2638,train
2642,53,train
2643,2641,train
2644,2642,train
2645,36,train
2646,2644,train
2647,2645,validation
2649,2647,train
2650,2648,validation
2652,2650,train
2653,2651,train
2654,2652,train
2655,2653,validation
2656,2654,train
2657,2655,train
2659,2657,train
2660,2658,train
2661,2659,train
2662,2660,train
2663,737,validation
2665,2663,validation
2666,2664,validation
2669,2667,train
2670,2668,train
2671,2669,train
2672,2670,train
2673,2671,train
2674,2672,validation
2675,2673,train
2676,2674,train
2677,2675,train
2678,2676,validation
2679,2677,train
2680,2678,train
2682,2680,train
2684,2682,validation
2685,1020,train
2686,2684,train
2687,2685,train
2688,2686,train
2690,2688,train
2691,2689,train
2692,2690,train
2694,2692,train
2695,2693,train
2696,2694,train
2697,2695,train
2699,2697,train
2700,2698,validation
2701,271,train
2702,2700,train
2703,2701,train
2704,2702,train
2706,2704,train
2707,2705,train
2708,2706,train
2709,2707,validation
2710,2708,train
2711,2709,train
2713,2711,train
2714,2712,validation
2715,2713,train
2716,2714,train
2717,271,train
2719,2717,train
2720,2718,validation
2722,946,train
2723,2721,train
2725,2723,validation
2726,117,train
2727,2725,train
2728,2726,train
2729,2727,train
2730,2728,train
2731,47,validation
2732,2730,train
2734,1293,validation
2735,2733,train
2736,2734,validation
2738,2736,train
2739,2737,train
2741,1458,train
2742,2740,validation
2743,2741,train
2744,2742,train
2746,2744,train
2747,2745,train
2748,2746,train
2750,2748,train
2751,2749,train
2752,2750,train
2753,2751,validation
2755,2753,train
2756,2754,train
2757,2755,train
2758,2756,train
2759,2757,train
2761,2759,train
2762,2760,validation
2763,2761,train
2764,2762,validation
2766,2764,train
2767,2765,train
2769,2767,train
2770,2768,train
2771,16,train
2772,2770,validation
2773,2771,train
2774,2772,train
2775,2773,train
2777,1212,validation
2779,2777,train
2780,2778,train
2781,2779,validation
2783,2781,train
2784,2782,validation
2785,2783,train
2786,2784,train
2787,2785,train
2789,2787,train
2791,2789,train
2792,2790,validation
2794,2792,train
2795,2793,train
2796,2794,train
2797,2795,train
2798,2796,validation
2799,2797,train
2801,2799,train
2803,2801,train
2804,2802,train
2806,2804,train
2807,2805,train
2808,2806,validation
2810,2808,train
2811,2809,train
2812,2810,train
2813,2811,validation
2814,2812,train
2815,25,validation
2818,2816,train
2819,2817,train
2820,2818,train
2821,2819,train
2823,2821,validation
2825,2823,train
2826,2824,train
2827,2825,train
2828,2826,train
2829,2827,train
2830,1952,train
2831,2829,train
2833,7,train
2834,2832,train
2835,2833,validation
2837,2835,train
2838,2836,train
2839,2837,validation
2841,2839,train
2842,2840,validation
2844,2842,train
2845,178,train
2846,784,train
2847,2845,train
2848,2846,train
2849,2847,train
2850,2848,train
2851,2849,validation
2852,2850,train
2853,1239,train
2856,2854,train
2857,2855,train
2858,2856,validation
2860,2858,train
2862,2860,train
2863,2861,validation
2864,16,train
2866,2864,train
2868,2866,train
2869,271,train
2870,1145,train
2871,2869,train
2872,2870,train
2873,2871,validation
2875,2873,train
2876,2874,train
2878,2876,train
2879,1458,train
2880,1213,train
2881,16,train
2882,2880,train
2883,2881,train
2884,2882,validation
2885,2883,train
2886,1783,train
2887,2885,validation
2889,284,train
2890,2888,train
2891,2889,train
2892,2890,train
2893,2891,train
2894,2892,train
2896,2894,train
2897,2895,train
2898,2896,validation
2899,1020,train
2900,2898,train
2902,2900,train
2903,2901,validation
2904,2902,train
2905,406,train
2906,2904,train
2907,2905,train
2908,2906,validation
2910,2908,train
2911,2909,train
2912,2910,validation
2914,2912,train
2915,2913,train
2916,2914,train
2917,2915,train
2918,452,train
2921,2919,train
2922,2920,validation
2924,2922,train
2925,2923,train
2926,2924,train
2927,2925,train
2929,2927,train
2930,2928,train
2931,2929,train
2932,2930,train
2933,2931,train
2935,16,train
2936,2934,train
2938,2936,validation
2939,2937,train
2940,2938,train
2942,2940,train
2944,2942,train
2945,2943,validation
2946,2944,train
2948,2946,train
2949,2947,train
2950,2948,validation
2951,2949,train
2953,2951,train
2954,2952,validation
2955,2953,train
2956,2954,train
2958,2956,train
2959,2957,validation
2960,2958,train
2961,2959,train
2962,641,validation
2963,1145,train
2964,2962,train
2966,2964,train
2967,2965,validation
2968,2966,train
2969,2967,train
2971,2969,train
2972,2970,validation
2973,438,train
2974,724,train
2975,2973,validation
2976,2974,train
2977,2975,train
2978,2976,train
2979,271,train
2982,2980,train
2983,2981,train
2984,2982,validation
2986,2984,train
2987,7,train
2988,53,train
2989,2987,train
2990,16,train
2991,2989,train
2992,2990,train
2994,2992,train
2995,2993,train
2996,2994,train
2997,2995,validation
2998,2996,train
2999,1145,train
3000,2998,train
3001,2999,train
3002,3000,train
3004,3002,train
3006,3004,train
3009,3007,validation
3010,3008,train
3011,3009,train
3012,3010,validation
3013,3011,train
3014,319,train
3015,3013,train
3016,3014,train
3018,3016,train
3019,16,train
3020,3018,train
3021,3019,train
3022,3020,train
3023,3021,train
3025,3023,train
3026,3024,train
3027,3025,train
3029,3027,train
3030,3028,validation
3031,3029,validation
3033,3031,train
3034,3032,train
3035,3033,train
3036,3034,train
3037,3035,train
3039,3037,train
3040,3038,validation
3041,3039,train
3042,3040,train
3043,1458,train
3044,3042,train
3046,3044,train
3048,3046,validation
3049,3047,train
3050,3048,train
3051,3049,train
3053,3051,validation
3054,1212,validation
3055,3053,train
3056,3054,train
3057,7,train
3058,3056,train
3059,3057,validation
3061,2442,train
3062,3060,train
3063,3061,train
3064,3062,train
3065,3063,train
3067,3065,validation
3068,3066,train
3069,3067,train
3070,271,train
3071,3069,train
3072,3070,validation
3073,3071,validation
3075,3073,train
3076,3074,train
3077,3075,train
3079,3077,train
3080,3078,train
3081,3079,validation
3082,3080,train
3083,3081,train
3084,3082,train
3085,3083,train
3087,3085,train
3089,3087,train
3090,3088,validation
3091,3089,train
3092,3090,validation
3093,3091,train
3095,3093,train
3096,271,train
3097,3095,train
3098,3096,train
3099,474,train
3100,3098,train
3103,3101,train
3104,474,train
3105,3103,train
3106,36,train
3107,3105,train
3108,3106,train
3109,24,train
3111,3109,train
3112,3110,validation
3113,3111,train
3114,3112,train
3116,3114,train
3117,3115,validation
3118,3116,train
3119,3117,train
3121,3119,train
3122,3120,validation
3123,3121,validation
3124,3122,train
3125,3123,train
3126,3124,train
3127,3125,train
3128,3126,validation
3129,3127,train
3130,3128,train
3131,3129,train
3133,3131,validation
3134,3132,train
3136,3134,train
3137,3135,validation
3138,3,validation
3140,3138,train
3141,271,train
3142,3140,train
3143,3141,train
3145,2957,validation
3146,3144,train
3147,3145,train
3148,3146,train
3149,107,train
3150,3148,train
3152,3150,train
3153,3151,train
3154,3152,validation
3156,2365,train
3158,3156,train
3159,3157,train
3160,3158,train
3161,3159,train
3162,3160,validation
3164,3162,train
3165,3163,train
3166,3164,train
3168,3166,train
3169,3167,train
3170,3168,train
3171,7,train
3172,3170,train
3174,1774,train
3175,3173,train
3176,2455,train
3177,3175,validation
3178,3176,train
3180,3178,train
3181,3179,train
3182,3180,train
3183,3181,validation
3184,3182,train
3185,3183,train
3186,53,train
3188,3186,train
3189,3187,train
3190,3188,validation
3191,166,train
3192,3190,validation
3193,383,validation
3194,3051,validation
3195,3193,train
3196,724,train
3199,3197,train
3200,841,train
3201,3199,train
3202,2657,train
3203,3201,train
3204,3202,train
3206,3204,train
3207,3205,validation
3209,3207,train
3210,3208,validation
3211,3209,train
3213,3211,train
3214,3212,train
3215,3213,train
3216,1293,validation
3217,3215,train
3219,3217,train
3220,3218,train
3221,3219,validation
3222,3220,train
3224,3222,train
3225,3223,validation
3226,3224,train
3227,3225,train
3230,3228,train
3231,3229,train
3232,3230,validation
3233,3231,train
3234,3232,train
3235,24,train
3236,3234,train
3239,3237,validation
3241,3239,train
3242,3240,train
3243,3241,train
3244,1198,train
3245,3243,validation
3246,3244,train
3248,3246,train
3249,3247,train
3250,3248,validation
3251,3249,train
3252,3250,train
3254,3252,train
3256,3254,train
3257,3255,train
3258,3256,train
3259,3257,validation
3260,3258,train
3261,3259,train
3262,3260,train
3264,3262,train
3265,126,train
3266,1361,train
3267,3265,validation
3269,3267,train
3270,3268,train
3271,966,train
3272,3270,train
3273,7,train
3274,3272,train
3276,7,train
3277,513,train
3278,3276,validation
3279,3277,train
3280,3278,train
3281,3279,train
3282,3280,train
3284,3282,validation
3285,3283,train
3286,3284,train
3288,3286,train
3289,3287,train
3290,3288,train
3291,3289,train
3292,3290,train
3293,3291,train
3294,3292,train
3296,3294,validation
3297,3295,train
3299,3297,train
3300,3298,train
3301,3299,validation
3303,3301,train
3304,3302,train
3306,3304,train
3307,3305,validation
3308,3306,train
3309,3307,train
3311,3309,train
3312,3310,validation
3313,3311,train
3314,3312,train
3315,3313,train
3316,3314,train
3317,3315,train
3318,1133,validation
3321,3319,validation
3322,3320,train
3323,7,train
3325,3323,train
3326,3324,train
3327,3325,train
3328,3326,validation
3329,271,train
3330,3328,train
3331,3329,train
3333,3331,train
3334,3332,train
3335,3333,train
3337,3335,train
3338,3336,validation
3339,3337,train
3341,3339,train
3342,3340,train
3343,3341,train
3344,3342,train
3345,3343,train
3346,3344,validation
3349,3347,train
3350,3348,train
3352,3350,train
3353,3351,train
3354,274,validation
3355,3353,train
3356,3354,validation
3357,3355,train
3358,3356,validation
3359,3357,train
3361,3359,train
3362,3360,train
3363,3361,train
3365,3363,train
3366,3364,validation
3367,3365,train
3368,3366,train
3369,3367,train
3370,3368,train
3372,3370,train
3373,252,train
3374,3372,train
3376,3374,train
3377,3375,train
3378,3376,validation
3380,3378,train
3381,3379,train
3382,3380,train
3383,3381,train
3384,16,train
3385,3383,train
3387,3385,validation
3388,3386,train
3389,3387,train
3390,3388,train
3392,3390,train
3393,3391,train
3394,107,train
3395,3393,train
3396,3394,train
3397,0,train
3398,7,train
3399,3397,train
3400,3398,train
3401,3399,validation
3402,3400,train
3404,3402,train
3405,3403,train
3407,3405,validation
3408,3406,train
3409,3407,train
3410,3408,validation
3411,3409,train
3412,3410,train
3414,3412,validation
3415,3413,train
3416,3414,train
3417,3415,train
3418,3416,train
3420,3418,train
3421,3419,train
3422,3420,train
3423,3421,train
3425,2366,train
3426,3424,train
3427,3425,validation
3428,2594,train
3429,737,validation
3431,3429,train
3432,3430,train
3433,3431,validation
3434,3432,train
3436,3434,train
3437,3435,train
3438,3436,train
3439,3437,train
3440,3438,train
3441,3439,validation
3443,3441,train
3444,271,train
3445,3443,train
3447,3445,train
3448,3446,train
3449,3447,validation
3451,3449,train
3453,3451,train
3455,3453,train
3456,3454,validation
3457,3455,train
3458,3456,train
3460,3458,train
3461,3459,train
3463,3461,validation
3464,729,train
3465,3463,train
3466,581,train
3467,3465,train
3469,3467,validation
3470,2563,validation
3471,3469,train
3473,3471,train
3474,3472,train
3475,36,train
3476,3474,train
3477,3475,train
3478,3476,validation
3480,3478,train
3481,3479,train
3483,3481,train
3484,3482,train
3485,2753,train
3486,3484,validation
3487,3485,train
3488,3486,train
3489,3487,train
3490,3488,train
3491,3489,train
3494,3492,train
3495,3493,train
3496,3494,train
3497,3495,train
3499,3497,train
3500,3498,validation
3501,3499,train
3502,3500,validation
3504,3502,train
3505,3503,train
3506,3504,train
3507,3505,train
3508,3506,validation
3509,737,validation
3511,3509,train
3512,3510,train
3513,3511,train
3514,3512,train
3515,3513,validation
3516,271,train
3517,36,train
3518,3516,train
3519,0,train
3520,2898,train
3523,3521,train
3525,1790,train
3526,3524,train
3527,3525,train
3528,3526,train
3529,3527,validation
3530,3528,train
3531,3529,train
3532,3530,train
3533,3531,validation
3535,3533,train
3537,3535,train
3538,3536,train
3539,3537,train
3540,923,train
3541,3539,validation
3542,3540,train
3543,0,train
3544,3542,train
3545,3543,train
3547,2957,validation
3548,3546,train
3550,3548,validation
3551,3549,train
3552,3550,train
3554,3552,train
3555,3553,train
3556,3554,validation
3558,3556,train
3559,3557,train
3560,3558,validation
3562,3560,train
3563,3561,train
3564,3562,train
3565,3563,validation
3566,3564,train
3567,3565,train
3568,3566,train
3570,3568,train
3571,3569,validation
3572,16,train
3573,3571,train
3575,3573,train
3576,3574,validation
3577,107,train
3578,3576,train
3579,3577,train
3580,3578,train
3581,3579,train
3583,3581,train
3585,1859,train
3586,3584,validation
3587,3585,train
3588,1579,train
3590,3588,train
3591,3589,train
3592,3590,train
3593,3591,validation
3594,675,train
3596,3594,train
3597,3595,train
3598,3596,train
3599,3597,train
3601,3599,validation
3602,3600,train
3603,7,train
3604,3602,train
3605,3603,validation
3607,3605,train
3608,3606,train
3609,3607,train
3610,3608,train
3612,3610,validation
3613,1145,train
3614,3612,train
3615,252,train
3616,3614,train
3617,3615,train
3618,1249,train
3619,3617,train
3620,2741,train
3621,3619,train
3623,3621,train
3624,3622,train
3626,3624,train
3627,3625,train
3628,3626,validation
3629,3627,train
3631,3629,validation
3632,178,train
3633,3631,train
3634,94,train
3635,3633,train
3636,581,train
3637,3635,train
3638,3636,train
3640,3638,train
3642,3640,validation
3643,3641,train
3644,3642,train
3645,3643,train
3647,3645,validation
3648,3646,train
3649,3647,train
3650,3648,train
3651,3649,train
3652,2919,train
3654,3652,validation
3655,3653,train
3656,3654,train
3658,3656,train
3659,3657,validation
3660,3658,train
3661,3659,train
3662,3660,train
3663,3661,train
3664,3662,validation
3666,3103,train
3667,240,validation
3668,7,train
3669,3667,train
3670,274,validation
3671,3669,train
3672,3670,validation
3673,3671,train
3675,3673,validation
3677,3675,train
3678,3676,train
3679,3677,train
3680,3678,train
3681,1020,train
3683,3681,train
3684,3682,train
3686,3684,validation
3687,3685,train
3688,3686,train
3689,3687,train
3691,3689,train
3692,3690,train
3694,3692,train
3695,3693,validation
3696,3694,train
3698,3696,train
3699,3697,validation
3700,3698,train
3701,3699,train
3703,3701,validation
3704,3702,train
3705,349,validation
3706,3704,train
3707,3705,train
3709,3707,train
3710,3708,train
3711,3709,validation
3712,3710,train
3713,178,train
3715,3713,train
3716,438,train
3717,3715,train
3718,3716,train
3720,3718,validation
3721,3719,train
3722,3720,train
3723,3721,validation
3725,3723,train
3726,3724,train
3727,3725,train
3728,3726,train
3729,3727,validation
3731,3123,train
3732,3730,train
3733,3731,train
3734,3732,train
3735,3733,train
3738,3736,train
3739,3737,train
3740,1662,train
3741,3739,train
3743,3741,train
3744,3742,train
3745,7,train
3746,3744,train
3747,3745,train
3749,3747,train
3750,3748,validation
3751,3749,train
3752,3750,validation
3753,3751,train
3754,3752,train
3755,3753,train
3756,1020,train
3757,3755,train
3758,1688,train
3759,24,train
3761,3759,validation
3763,3761,train
3765,3763,train
3766,3764,train
3768,3766,validation
3769,3767,validation
3770,3768,train
3772,3770,train
3773,611,train
3774,3772,train
3775,3773,train
3777,3775,train
3779,3777,train
3780,3778,train
3781,3779,train
3782,3780,validation
3783,3781,train
3785,3783,train
3786,3784,validation
3787,3785,train
3788,3786,validation
3789,3787,train
3791,3789,train
3792,3790,train
3793,3791,train
3794,3792,train
3795,3793,train
3797,3795,validation
3798,3796,train
3799,3797,train
3800,3798,train
3802,3800,validation
3803,3801,train
3804,3802,train
3805,3803,train
3806,3804,train
3808,3806,train
3809,3807,validation
3810,33,train
3811,3809,train
3813,3811,train
3814,3812,train
3815,3813,validation
3816,3814,train
3818,3816,train
3819,3817,train
3820,91,train
3822,1458,train
3823,3821,validation
3824,3822,train
3825,3823,train
3826,723,train
3827,3825,train
3828,3826,train
3829,3827,train
3831,3829,train
3833,3831,train
3834,3832,validation
3836,1540,train
3837,3835,train
3838,3836,train
3839,3837,train
3840,3838,train
3843,3841,train
3844,3842,train
3845,1020,train
3846,3844,train
3847,3845,validation
3850,3848,train
3851,7,train
3852,3850,validation
3853,3851,train
3855,3853,train
3856,3854,train
3857,3855,train
3858,3856,train
3859,3857,validation
3861,3859,train
3862,3860,train
3864,3862,validation
3866,3864,train
3867,3865,train
3868,3866,train
3869,3867,train
3870,3868,validation
3872,3870,train
3873,3871,train
3874,3872,train
3875,36,train
3876,3874,train
3877,3875,train
3878,3876,validation
3880,3878,train
3881,3879,train
3883,33,train
3884,3882,train
3885,3883,validation
3886,3884,train
3888,3886,train
3889,3887,train
3890,3888,validation
3891,504,validation
3892,3890,train
3894,3892,train
3895,3893,train
3896,3894,validation
3897,2408,train
3899,3897,train
3901,3899,train
3902,3900,validation
3904,2210,validation
3905,3903,train
3906,36,train
3907,3905,train
3908,3906,train
3910,3908,train
3911,3909,train
3912,3910,validation
3913,3911,validation
3914,3912,train
3915,3913,train
3918,3916,train
3919,3917,train
3920,3918,train
3922,3920,validation
3923,3921,train
3924,713,train
3925,3923,train
3926,271,train
3927,3925,train
3928,3926,train
3929,3927,train
3930,3928,train
3931,3929,validation
3933,3931,train
3934,3932,train
3936,3934,validation
3937,3935,train
3938,3936,train
3939,3937,validation
3940,3938,validation
3941,3939,train
3943,3941,train
3944,3942,train
3946,3944,train
3947,3945,train
3948,3946,train
3950,3948,validation
3951,3949,train
3952,3950,train
3953,36,train
3954,1239,train
3955,3953,train
3957,16,train
3958,3643,train
3959,3957,validation
3960,3958,train
3961,3959,validation
3963,3961,train
3964,166,train
3965,3963,train
3967,3965,train
3968,3966,train
3969,3967,train
3970,3968,train
3971,3969,train
3973,3971,train
3974,3972,train
3975,3973,train
3976,240,validation
3977,1790,train
3979,3977,train
3980,3978,train
3981,3979,train
3982,3980,validation
3984,3982,train
3985,3983,train
3986,53,train
3987,3985,validation
3988,729,train
3989,3987,train
3990,3988,train
3992,3990,train
3993,349,validation
3995,3993,train
3996,3994,validation
3998,3996,train
3999,3997,train
4000,3998,train
4001,3999,train
4002,4000,train
4003,4001,train
4004,4002,train
4005,240,validation
4007,4005,train
4009,4007,train
4010,4008,validation
4011,4009,train
4013,7,train
4014,178,train
4015,4013,validation
4017,4015,validation
4018,4016,train
4019,4017,train
4020,4018,train
4021,4019,train
4023,4021,train
4024,4022,train
4026,349,validation
4027,4025,train
4028,4026,validation
4029,4027,train
4032,4030,train
4033,16,train
4034,4032,train
4035,4033,train
4036,4034,validation
4037,4035,train
4039,4037,train
4040,4038,train
4041,4039,train
4043,4041,train
4044,4042,validation
4045,4043,train
4046,4044,validation
4047,4045,train
4048,4046,train
4050,4048,train
4051,557,train
4052,4050,train
4053,4051,validation
4054,4052,train
4055,4053,train
4056,4054,train
4057,7,train
4059,2753,train
4061,4059,train
4062,4060,validation
4064,4062,validation
4065,4063,train
4066,4064,train
4067,4065,train
4068,117,train
4070,4068,train
4071,4069,train
4072,4070,train
4073,257,train
4074,4072,train
4075,36,train
4076,4074,train
4077,4075,validation
4079,4077,train
4080,4078,train
4081,4079,train
4083,4081,validation
4084,4082,train
4085,4083,train
4086,4084,train
4088,4086,train
4090,4088,validation
4091,4089,train
4092,4090,train
4093,4091,train
4094,4092,validation
4095,4093,train
4096,4094,train
4098,4096,train
4099,4097,train
4101,4099,validation
4103,4101,train
4104,839,train
4107,4105,train
4108,4106,train
4109,4107,validation
4110,4108,train
4111,4109,train
4113,4111,train
4114,4112,validation
4115,4113,train
4117,4115,validation
4118,4116,train
4119,4117,train
4120,4118,validation
4122,4120,train
4123,4121,train
4124,4122,train
4125,1336,train
4126,4124,train
4128,4126,validation
4129,117,train
4130,4128,train
4131,4129,train
4132,4130,validation
4134,4132,train
4135,4133,train
4136,4134,train
4137,4135,validation
4139,4137,train
4140,4138,train
4141,4139,train
4142,594,validation
4143,4141,train
4144,4142,validation
4146,4144,train
4147,4145,train
4148,4146,train
4150,4148,train
4151,4149,validation
4152,4150,train
4153,4151,train
4156,16,train
4157,4155,train
4158,4156,train
4159,4157,validation
4160,1336,train
4161,4159,train
4162,36,train
4163,4161,train
4165,4163,train
4166,271,train
4167,194,train
4168,4166,train
4169,33,train
4170,4168,validation
4171,4169,train
4172,4170,train
4173,4171,validation
4174,4172,train
4175,4173,train
4177,4175,train
4178,4176,train
4180,4178,validation
4181,4179,train
4182,4180,train
4184,4182,train
4185,4183,train
4186,4184,validation
4187,4009,train
4188,1157,train
4190,4188,train
4191,4189,train
4192,4190,train
4193,4191,train
4195,4193,train
4196,4194,train
4197,4195,train
4198,1114,train
4199,4197,train
4201,4199,validation
4202,4200,train
4203,16,train
4204,4202,validation
4205,16,train
4206,7,train
4207,4205,train
4208,4206,train
4210,4208,train
4211,4209,train
4213,4211,train
4214,4212,validation
4215,24,train
4217,4215,train
4218,4216,train
4220,644,train
4221,4219,train
4222,4220,validation
4225,4223,train
4226,4224,train
4228,4226,train
4229,4227,validation
4230,4228,train
4231,4229,train
4232,4230,train
4233,4231,validation
4234,4232,validation
4236,4234,train
4237,4235,train
4238,4236,train
4239,4237,train
4240,4238,train
4242,4240,validation
4243,4241,train
4245,4243,train
4247,4245,train
4249,4247,validation
4250,4248,train
4251,4249,train
4253,1768,train
4254,4252,train
4255,16,train
4256,194,train
4257,4255,train
4258,4256,train
4259,4257,validation
4260,4258,train
4262,4260,train
4263,4261,train
4265,4263,validation
4266,4264,train
4268,4266,train
4269,4267,train
4270,4268,train
4271,16,train
4272,4270,train
4273,36,train
4274,4272,train
4275,1020,train
4276,4274,train
4278,4276,train
4279,4277,train
4281,4279,validation
4282,4280,train
4283,4281,train
4284,1035,train
4286,724,train
4288,4286,train
4289,4287,validation
4290,4288,train
4291,4289,train
4293,4291,train
4294,4292,train
4295,4293,train
4296,4294,validation
4297,4295,train
4298,4296,train
4300,4298,train
4301,4299,train
4302,4300,train
4303,4301,validation
4305,4303,train
4306,4304,train
4307,4305,train
4308,4306,train
4310,4308,train
4311,4309,train
4312,4310,validation
4313,4311,train
4315,4313,train
4316,4314,train
4318,4316,validation
4319,4317,train
4320,4318,train
4322,4320,train
4323,0,train
4324,4322,train
4325,4323,train
4326,7,train
4328,4326,train
4329,4327,validation
4330,755,train
4331,4329,train
4332,4330,train
4333,3394,train
4334,7,train
4336,4334,train
4337,4335,validation
4338,4336,train
4339,4337,train
4341,4339,train
4342,107,train
4343,4341,train
4345,4343,train
4346,16,train
4348,4346,train
4349,4347,validation
4350,4348,validation
4351,4349,train
4352,4350,train
4353,671,train
4354,4352,train
4355,4353,train
4356,4354,train
4358,4356,validation
4359,4357,train
4360,4358,train
4362,4360,train
4363,675,train
4364,309,train
4365,271,train
4366,4364,validation
4367,4365,train
4370,4368,train
4371,4369,train
4372,4370,validation
4373,4371,train
4374,4372,train
4375,4373,train
4376,4374,train
4378,4376,validation
4379,4377,train
4380,4378,train
4381,4379,train
4382,4380,train
4384,4382,validation
4385,4383,train
4386,4384,train
4387,4385,train
4389,4387,validation
4391,4389,train
4392,4390,train
4393,4391,train
4394,1145,train
4396,4394,train
4397,4395,train
4398,4396,train
4399,4397,train
4400,4398,validation
4401,4399,train
4404,4402,validation
4405,4403,train
4406,1015,train
4407,4405,validation
4408,4406,train
4410,4408,train
4411,4409,train
4412,4410,train
4413,4411,train
4414,7,train
4415,4413,train
4417,4415,train
4418,4416,validation
4419,4417,train
4420,4418,validation
4422,4420,train
4423,4421,train
4424,4422,train
4425,4423,train
4427,1212,validation
4428,4426,train
4429,4427,train
4430,4428,validation
4431,4293,train
4434,4432,train
4435,4433,train
4436,4434,validation
4437,36,train
4438,4436,train
4439,4437,train
4441,4439,train
4442,4440,train
4443,4441,train
4444,4442,train
4445,4443,validation
4447,4445,train
4448,4446,train
4450,4448,train
4451,4449,train
4452,4450,validation
4453,4451,train
4455,4453,train
4456,36,train
4457,4455,validation
4458,1458,train
4459,4457,train
4460,4458,train
4462,16,train
4463,4461,train
4465,4463,validation
4466,7,train
4467,4465,train
4468,798,train
4469,4467,train
4470,16,train
4471,4469,train
4472,4470,train
4474,4472,validation
4475,4473,train
4476,4474,train
4478,4476,train
4479,4477,train
4480,36,train
4481,4479,train
4482,4480,validation
4484,4482,train
4485,4483,train
4486,4484,validation
4487,4485,train
4488,4179,train
4491,4489,train
4492,4490,train
4493,4491,train
4495,950,train
4496,4494,validation
4497,217,train
4498,4496,train
4499,4497,train
4500,4498,train
4502,349,validation
4503,4501,validation
4505,4503,train
4506,4504,train
4507,4505,train
4508,4506,train
4510,4508,train
4511,4509,train
4512,4510,validation
4513,4511,train
4515,4513,train
4516,4514,train
4517,4515,train
4520,4518,train
4521,4519,train
4522,166,train
4523,4521,validation
4524,4522,train
4525,7,train
4528,4526,train
4529,4527,train
4530,4528,train
4531,4529,validation
4532,4530,train
4533,4531,train
4534,4532,train
4535,779,train
4537,1458,train
4538,4536,train
4539,4537,validation
4540,737,validation
4541,4539,train
4542,4540,train
4543,4541,validation
4544,4542,train
4546,4544,train
4547,4545,train
4548,4546,train
4549,349,validation
4551,4549,validation
4552,4550,train
4553,4551,train
4555,4553,train
4556,4554,train
4557,557,train
4558,4556,validation
4559,1145,train
4560,4558,train
4561,4559,train
4562,1239,train
4563,36,train
4564,4562,train
4566,4564,train
4567,4565,train
4568,4566,train
4569,4567,train
4571,2957,validation
4572,1790,train
4573,4571,validation
4574,4572,train
4575,4573,train
4576,1933,train
4577,2908,train
4579,4577,train
4580,4578,validation
4581,4579,train
4582,4580,train
4583,4581,train
4584,4582,train
4586,4584,train
4587,4585,validation
4588,4586,train
4589,4587,train
4591,4589,train
4592,4590,train
4593,4591,train
4594,4592,validation
4595,4593,train
4596,4594,train
4599,4597,validation
4600,4598,train
4601,4599,train
4602,4600,train
4604,4602,validation
4606,4604,train
4607,4605,train
4608,4606,train
4609,4607,train
4610,4608,validation
4611,2957,validation
4612,4610,validation
4614,4612,train
4615,4613,train
4616,4614,train
4617,4615,train
4619,4617,train
4620,136,validation
4621,2317,validation
4622,4620,validation
4623,4621,train
4625,4623,train
4626,4624,train
4627,4625,validation
4629,4627,train
4630,4628,train
4631,4629,train
4632,4630,train
4634,4632,train
4635,4633,train
4636,4634,train
4637,166,train
4638,4636,train
4639,178,train
4641,4639,train
4643,4641,train
4644,16,train
4645,4643,train
4646,4017,train
4647,4645,validation
4649,1986,validation
4650,4648,train
4651,36,train
4652,4650,train
4653,4651,train
4654,4652,train
4655,4653,validation
4656,7,train
4657,4655,train
4658,4550,train
4660,4658,train
4661,4659,validation
4662,4660,train
4664,4662,train
4665,4663,train
4666,4664,train
4667,798,train
4668,4666,validation
4670,4668,train
4671,4669,train
4672,4670,validation
4673,4671,train
4674,1020,train
4675,4673,train
4676,4674,train
4678,272,train
4679,4677,train
4680,4678,train
4683,4681,train
4684,4682,train
4685,4683,train
4686,2106,validation
4687,4685,train
4689,4687,validation
4690,4688,train
4691,4689,train
4692,4690,train
4694,4692,train
4695,4693,validation
4696,4694,train
4697,4695,train
4699,4697,train
4700,4698,train
4701,4699,train
4702,4700,train
4703,4701,train
4704,2344,train
4705,4703,train
4707,4705,validation
4708,4706,validation
4709,4707,train
4710,4708,train
4712,4710,train
4713,4711,train
4714,4712,train
4715,4713,validation
4716,7,train
4717,4715,train
4718,4716,validation
4720,4718,train
4721,4719,train
4722,4720,train
4724,1239,train
4725,1808,train
4726,4724,train
4727,4725,train
4728,4726,train
4729,117,train
4731,4729,validation
4732,178,train
4733,4731,train
4734,4732,train
4735,4733,train
4736,4734,train
4737,7,train
4738,2365,train
4740,4738,validation
4741,4739,train
4742,4740,train
4743,4741,validation
4745,4743,train
4746,4744,train
4747,4745,train
4748,4746,train
4749,25,validation
4750,4748,train
4751,274,validation
4752,1145,train
4754,4752,validation
4755,4753,train
4756,4754,train
4758,36,train
4760,4758,train
4761,4759,validation
4762,4760,train
4763,4761,train
4764,3035,train
4765,4763,train
4766,4764,validation
4768,4766,train
4769,4767,train
4770,4768,train
4772,4770,train
4773,4771,train
4774,16,train
4775,4773,validation
4776,4774,train
4777,735,train
4778,1579,train
4779,4777,validation
4780,16,train
4782,4780,validation
4783,4781,train
4784,4782,train
4785,91,train
4786,4784,train
4788,4786,train
4789,4787,validation
4790,4788,train
4791,4789,train
4794,4792,train
4795,4793,train
4796,4794,train
4797,4795,train
4798,4796,train
4800,4798,validation
4801,4799,train
4802,4800,train
4803,16,train
4805,4803,train
4806,4804,train
4807,4805,train
4808,349,validation
4809,4807,validation
4810,4808,train
4812,4810,validation
4813,4811,train
4814,4812,train
4816,4814,train
4817,4815,train
4818,4816,train
4819,4817,train
4821,4819,train
4822,271,train
4823,4821,train
4824,4822,validation
4825,4823,train
4827,4825,train
4829,4827,validation
4830,729,train
4831,4829,train
4832,504,validation
4833,4831,train
4836,4834,train
4837,4835,train
4838,3258,train
4839,4837,train
4840,4838,validation
4841,4839,train
4843,1283,train
4844,4842,validation
4846,4844,train
4847,4845,train
4848,4846,train
4849,4847,train
4851,7,train
4852,457,train
4853,4851,train
4854,4852,validation
4855,4853,train
4857,4855,train
4858,989,train
4859,4857,train
4860,4858,train
4861,4859,validation
4862,4860,train
4863,4861,train
4864,4862,train
4865,4863,train
4867,4865,train
4869,7,train
4870,4868,validation
4871,4869,train
4872,194,train
4873,4871,train
4874,4872,train
4875,4873,validation
4877,4875,train
4878,4876,train
4879,36,train
4882,4880,train
4883,4881,train
4884,4882,train
4885,1145,train
4886,2753,train
4887,4885,train
4889,4887,train
4890,349,validation
4891,7,train
4892,4890,validation
4893,4891,train
4894,474,train
4895,4893,train
4897,4895,train
4898,4896,train
4899,4897,validation
4900,4898,train
4901,4899,train
4902,1020,train
4904,4902,train
4905,16,train
4906,4904,train
4907,94,train
4908,349,validation
4909,2365,train
4910,4908,validation
4911,4909,train
4913,4911,validation
4914,4912,train
4915,4913,train
4916,4914,train
4917,36,train
4918,4916,train
4920,4918,train
4921,4919,train
4922,4920,train
4923,581,train
4924,4922,train
4925,36,train
4927,4925,validation
4928,4926,validation
4929,4927,train
4931,4929,train
4932,4930,train
4933,4931,train
4935,7,train
4936,4934,train
4937,946,train
4938,4936,validation
4939,284,train
4940,126,train
4941,4491,train
4942,4940,train
4943,4941,train
4945,4943,train
4946,4944,train
4948,4946,validation
4949,4947,train
4951,4949,validation
4952,4950,train
4953,4951,train
4954,4952,train
4955,4953,train
4958,4956,train
4959,4957,train
4960,4958,train
4961,4959,validation
4962,4960,train
4963,33,train
4964,4962,train
4966,4964,train
4967,4965,validation
4970,4968,train
4971,4969,train
4972,4970,train
4973,4971,validation
4974,4972,train
4977,513,train
4978,4976,train
4979,4977,train
4980,4978,train
4981,4979,train
4982,4980,train
4984,4982,validation
4985,4983,train
4986,4984,train
4987,4985,train
4989,4987,train
4990,4988,validation
4991,4989,train
4993,4991,validation
4994,4992,train
4995,4993,train
4996,770,train
4997,4995,train
4999,4997,train
5000,4998,validation
5001,4999,train
5003,557,train
5004,5002,train
5005,5003,train
5006,755,train
5008,5006,validation
5009,5007,train
5010,5008,validation
5011,513,train
5012,5010,train
5014,5012,train
5015,5013,train
5017,16,train
5018,5016,train
5019,5017,train
5020,5018,validation
5021,194,train
5022,5020,train
5023,5021,train
5025,1926,train
5026,5024,train
5027,5025,validation
5028,5026,train
5029,2366,train
5030,16,train
5031,5029,train
5033,5031,train
5034,5032,train
5035,5033,train
5037,5035,train
5038,5036,train
5039,5037,validation
5040,5038,train
5041,5039,train
5043,5041,train
5044,271,train
5045,5043,train
5046,5044,train
5047,5045,train
5048,5046,validation
5050,5048,train
5051,5049,train
5052,5050,train
5054,5052,validation
5055,5053,train
5056,5054,train
5058,5056,train
5059,5057,train
5060,5058,validation
5061,5059,train
5063,16,train
5064,5062,train
5065,5063,train
5066,5064,train
5068,5066,train
5069,5067,validation
5070,36,train
5071,5069,train
5072,5070,train
5074,5072,train
5076,5074,train
5077,5075,validation
5078,5076,train
5079,5077,train
5081,5079,validation
5082,5080,validation
5084,4987,train
5085,5083,validation
5086,5084,train
5087,3074,train
5089,5087,train
5090,5088,train
5091,5089,train
5092,5090,train
5093,5091,validation
5095,5093,train
5096,408,train
5097,5095,train
5098,5096,validation
5099,5097,train
5101,16,train
5104,271,train
5105,5103,train
5106,5104,train
5107,5105,train
5108,5106,train
5109,5107,validation
5110,16,train
5111,2366,train
5112,5110,train
5113,4766,train
5114,3202,train
5115,5113,train
5116,5114,train
5117,5115,train
5118,4009,train
5120,5118,train
5121,5119,train
5122,5120,train
5123,5121,train
5124,5122,train
5125,4744,train
5126,5124,train
5127,5125,validation
5128,5126,train
5129,5127,train
5131,5129,validation
5132,5130,train
5133,5131,train
5135,5133,train
5136,5134,validation
5137,5135,train
5138,5136,validation
5139,5137,train
5140,5138,train
5142,713,train
5143,5141,train
5145,5143,train
5146,5144,train
5148,5146,train
5149,5147,train
5150,5148,validation
5151,5149,train
5152,2317,validation
5154,5152,train
5155,5153,train
5156,5154,validation
5157,5155,train
5158,5156,train
5160,5158,train
5161,5159,train
5162,5160,train
5163,5161,train
5165,5163,train
5166,4491,train
5167,5165,train
5168,5166,train
5170,5168,validation
5171,5169,train
5172,5170,train
5173,5171,validation
5174,5172,train
5177,5175,train
5178,5176,train
5179,5177,train
5180,5178,validation
5181,5179,train
5183,5181,train
5184,5182,train
5185,194,train
5186,5184,train
5187,5185,train
5189,5187,train
5190,5188,validation
5191,5189,train
5192,5190,train
5194,5192,train
5195,5193,train
5196,5194,train
5198,5196,train
5199,5197,validation
5201,5199,train
5202,5200,train
5203,1020,train
5204,5202,validation
5205,5203,train
5206,5204,train
5207,5205,train
5208,2793,train
5211,5209,validation
5212,5210,train
5213,5211,train
5214,5212,train
5216,36,train
5217,5215,validation
5218,5216,train
5219,5217,train
5221,5219,train
5222,5220,validation
5223,2734,validation
5224,5222,train
5225,1212,validation
5226,5224,train
5228,5226,validation
5230,5228,train
5231,5229,train
5232,5230,train
5234,5232,train
5235,36,train
5236,5234,train
5238,5236,train
5239,5237,validation
5240,5238,train
5242,5240,train
5243,36,train
5244,5242,train
5245,5243,validation
5246,5244,train
5248,474,train
5249,5247,train
5250,2753,train
5251,5249,train
5253,5251,train
5254,5252,train
5255,5253,train
5256,5254,train
5258,3888,validation
5259,5257,validation
5260,3,validation
5261,5259,train
5262,5260,validation
5263,5261,train
5264,5262,train
5265,675,train
5266,5264,train
5267,5265,train
5268,16,train
5269,5267,validation
5270,1172,train
5272,240,validation
5274,5272,train
5275,5273,train
5276,5274,validation
5278,5276,train
5279,5277,train
5281,178,train
5282,5280,train
5283,5281,train
5284,3978,train
5285,5283,validation
5286,5284,train
5287,5285,train
5288,36,train
5289,5287,train
5291,5289,train
5292,5290,train
5293,5291,validation
5294,5292,train
5297,5295,validation
5298,5296,train
5299,5297,train
5300,5298,train
5302,5300,validation
5304,1336,train
5305,5303,train
5306,5304,train
5308,5306,train
5309,5307,validation
5310,5308,train
5312,36,train
5313,5311,train
5314,5312,train
5315,3887,train
5316,5314,train
5318,5316,train
5319,5317,train
5321,5319,validation
5322,5320,train
5324,5322,train
5325,5323,validation
5326,5324,train
5327,5325,train
5328,5326,train
5330,7,train
5331,5329,train
5333,5331,train
5334,2114,validation
5335,5333,train
5336,650,validation
5338,3202,train
5339,7,train
5340,5338,train
5341,271,train
5342,5340,train
5343,5341,validation
5344,5342,train
5345,5343,train
5346,1914,train
5347,946,train
5349,5347,train
5350,724,train
5351,5349,train
5352,5350,validation
5353,5351,train
5354,5352,train
5356,126,train
5357,5355,validation
5358,1385,train
5359,5357,train
5361,319,train
5362,5360,train
5364,5362,train
5365,5363,train
5366,5364,train
5367,5365,train
5369,5367,validation
5370,5368,train
5371,5369,train
5372,5141,train
5374,5372,train
5375,5373,validation
5376,5374,train
5378,36,train
5379,2951,train
5380,5378,train
5381,5379,validation
5382,5380,train
5383,3077,train
5384,5382,train
5386,5384,train
5387,5385,train
5388,5386,train
5389,5387,train
5390,5388,train
5391,5389,validation
5393,7,train
5394,271,train
5395,5393,train
5396,5394,train
5397,5395,train
5399,5397,validation
5400,5398,train
5401,5399,train
5402,658,train
5404,5402,train
5405,5403,train
5406,5404,train
5407,5405,validation
5408,5406,train
5409,16,train
5410,4176,train
5411,5409,train
5413,5411,train
5414,5412,train
5416,383,validation
5418,5416,train
5419,5417,train
5420,5418,train
5421,5419,validation
5422,5420,train
5424,5422,train
5425,5423,validation
5426,5424,train
5427,5425,train
5428,5426,train
5429,5427,validation
5431,5429,train
5432,5430,train
5433,5431,train
5435,5433,train
5436,5434,train
5438,5436,validation
5439,5437,train
5440,5438,train
5441,166,train
5442,5440,train
5444,5442,validation
5445,5443,train
5446,5444,train
5447,5445,validation
5448,5446,train
5449,5447,train
5451,16,train
5452,5450,train
5453,5451,train
5454,5452,validation
5456,5454,train
5457,5455,train
5458,5456,train
5459,5457,train
5460,271,train
5461,5459,train
5462,5460,validation
5464,675,train
5465,5463,train
5466,5464,train
5467,117,train
5469,5467,train
5470,3380,train
5471,5469,train
5472,5470,train
5473,5471,validation
5475,5473,train
5476,5474,train
5477,5475,train
5478,5476,train
5479,5477,validation
5481,5479,train
5482,5480,validation
5483,5481,train
5485,126,train
5486,5484,train
5487,5485,train
5488,5486,train
5489,5487,validation
5491,5489,train
5492,5490,train
5493,5491,train
5495,2810,train
5496,5494,train
5498,5496,train
5499,5497,train
5500,5498,validation
5502,5500,train
5503,271,train
5505,3560,train
5506,5504,train
5507,5505,train
5509,5507,train
5510,5508,validation
5511,5509,train
5512,5510,train
5514,36,train
5515,5513,train
5516,5514,train
5517,5515,validation
5518,5516,train
5519,5517,train
5520,5518,validation
5522,1385,train
5523,5521,train
5524,5522,train
5527,5525,train
5528,5526,validation
5529,271,train
5530,5528,train
5531,5529,train
5532,5530,train
5534,5532,train
5535,5533,validation
5536,5534,train
5538,5536,train
5539,5537,train
5540,349,validation
5541,5539,train
5542,5540,validation
5543,5541,train
5545,5543,validation
5546,5544,train
5548,5546,train
5550,5548,train
5551,5549,train
5552,5550,validation
5553,5551,train
5554,240,validation
5556,7,train
5557,5555,train
5558,5556,train
5559,3478,train
5560,5558,train
5561,5559,validation
5563,5561,train
5564,5562,train
5565,5563,train
5566,5564,validation
5568,5566,train
5569,5567,train
5570,5568,train
5571,5569,train
5572,4598,train
5573,5571,validation
5574,5572,train
5575,7,train
5577,5575,train
5578,5576,train
5581,7,train
5582,5580,validation
5583,5581,train
5584,5582,train
5585,5583,train
5586,5584,validation
5587,7,train
5588,5586,train
5589,5587,train
5590,91,train
5591,24,train
5592,5590,train
5593,5591,train
5595,5593,validation
5596,271,train
5597,5595,train
5598,5596,train
5599,5597,train
5601,5599,train
5602,5600,train
5603,271,train
5604,5602,validation
5606,5604,train
5607,5605,train
5608,5606,validation
5609,5607,train
5610,5608,train
5612,5610,train
5613,5611,train
5614,5612,validation
5615,5613,train
5616,5614,train
5617,5615,train
5618,5616,train
5619,5617,train
5621,5619,train
5622,5620,validation
5624,5622,train
5625,5623,train
5626,5624,train
5627,5625,validation
5628,7,train
5629,5627,train
5630,5628,train
5632,5630,train
5633,2998,train
5634,5632,train
5636,5634,train
5637,5635,train
5638,5636,validation
5639,5637,train
5640,5638,train
5641,7,train
5642,271,train
5643,2585,train
5644,5642,train
5645,3074,train
5647,5645,train
5648,5646,train
5649,5647,train
5650,5648,validation
5651,4009,train
5653,713,train
5654,5652,validation
5655,5653,train
5656,5654,train
5657,5655,train
5658,5656,validation
5659,5657,train
5661,3425,validation
5663,5661,train
5664,5662,train
5665,5663,train
5666,5664,validation
5669,5667,train
5670,5668,train
5671,5669,validation
5673,5671,train
5674,5672,train
5675,375,train
5676,5674,train
5677,16,train
5678,5676,train
5679,5677,train
5682,5680,train
5683,5681,train
5684,5682,train
5685,5683,train
5686,5684,train
5687,16,train
5688,5686,train
5689,5687,validation
5691,5689,train
5692,5690,validation
5693,5691,train
5695,5693,train
5696,5694,train
5697,349,validation
5698,5696,train
5699,16,train
5700,5698,train
5701,5699,validation
5702,5700,train
5704,5702,train
5705,5703,train
5706,5704,train
5708,7,train
5709,5707,validation
5710,5708,train
5711,5709,train
5712,5710,validation
5713,5711,train
5715,94,train
5716,1020,train
5717,5715,train
5718,5716,train
5719,5717,validation
5720,3024,train
5721,5719,train
5722,5720,train
5723,5721,train
5724,5722,validation
5725,5723,train
5727,735,train
5728,5726,train
5729,5727,train
5730,5728,train
5731,36,train
5732,94,train
5733,5731,validation
5734,3425,validation
5735,5733,train
5736,271,train
5737,1212,validation
5739,5737,train
5740,5738,train
5741,1033,train
5742,5740,train
5743,5741,validation
5745,36,train
5746,5744,train
5747,5745,train
5748,5746,train
5749,91,train
5750,5748,train
5751,5749,train
5752,5750,train
5754,5752,train
5755,5753,train
5756,2765,train
5757,5755,train
5759,5757,train
5760,5758,validation
5761,16,train
5762,5760,train
5763,1172,train
5764,5762,train
5765,5763,train
5767,3011,train
5768,5766,train
5769,5767,validation
5770,5768,train
5771,5769,train
5773,5771,train
5774,1683,train
5775,117,train
5776,5774,train
5777,5775,validation
5780,5778,train
5781,5779,train
5782,5780,validation
5783,33,train
5785,107,train
5786,5784,train
5787,5785,train
5788,5786,train
5790,5788,train
5791,5789,train
5792,5790,train
5794,5792,train
5795,5793,train
5796,5794,validation
5797,5795,train
5800,989,train
5801,5799,train
5802,5800,train
5803,5801,validation
5804,5802,train
5805,5803,train
5807,5805,train
5808,5806,validation
5809,5807,validation
5811,5809,train
5812,5810,train
5813,5811,train
5814,0,train
5815,5813,train
5816,5814,train
5817,5815,validation
5819,5817,train
5820,5818,train
5821,5819,train
5824,5822,train
5825,5823,train
5826,5824,validation
5827,5825,train
5828,107,train
5829,5827,train
5831,5829,train
5832,5830,train
5833,5831,train
5834,5832,validation
5836,36,train
5837,5835,train
5838,5836,train
5839,349,validation
5840,5838,train
5841,5839,train
5842,5840,train
5843,2114,validation
5845,16,train
5846,5844,train
5847,5845,train
5848,5846,validation
5849,5847,train
5850,5848,train
5852,737,validation
5853,5851,train
5855,5853,train
5856,3978,train
5858,5856,train
5859,5857,train
5860,5858,train
5861,3831,train
5862,5860,validation
5864,5862,train
5865,5863,train
5866,5864,train
5867,5865,train
5868,5866,validation
5870,5868,train
5871,5869,train
5872,5870,train
5874,5872,train
5875,5873,validation
5876,5874,train
5877,5875,train
5878,675,train
5879,5877,validation
5880,5878,train
5882,3425,validation
5883,5881,train
5884,7,train
5886,5884,train
5887,5885,validation
5888,5886,train
5889,5887,train
5890,5888,validation
5891,271,train
5892,5890,train
5894,5892,train
5895,5893,train
5896,5894,train
5897,5895,train
5898,5896,train
5899,5897,validation
5900,5898,train
5902,5900,train
5903,5901,train
5905,5903,train
5906,5904,train
5908,5906,validation
5909,5907,train
5910,5908,train
5912,5910,train
5914,5912,train
5915,5913,validation
5916,5914,train
5918,5916,train
5919,5917,validation
5920,5918,train
5921,5919,train
5922,5920,validation
5924,5922,train
5925,5923,train
5926,5924,train
5927,5925,train
5929,5927,validation
5930,5928,train
5931,5929,train
5932,5930,train
5934,5932,train
5935,5933,validation
5936,5934,train
5938,5936,train
5939,5937,train
5940,5938,train
5941,5939,train
5942,5940,train
5944,5942,train
5945,5943,train
5946,5944,train
5948,5946,validation
5949,5947,train
5950,5948,train
5951,724,train
5952,5950,validation
5953,5951,train
5954,5952,train
5956,5954,train
5957,5955,validation
5958,5956,train
5959,5957,train
5961,5959,train
5962,5960,validation
5963,5961,train
5964,5962,train
5966,5964,validation
5967,5965,train
5968,5966,train
5969,186,validation
5970,5968,train
5971,36,train
5972,5970,validation
5974,5972,train
5976,5974,validation
5977,5975,train
5978,5976,train
5980,5978,train
5981,5979,train
5982,5980,validation
5983,5981,validation
5985,5983,train
5986,5984,train
5987,5985,train
5988,36,train
5989,5987,train
5990,271,train
5991,5989,validation
5993,5991,validation
5994,5992,train
5995,5993,train
5996,5994,train
5997,5995,train
5998,5996,train
6000,5998,train
6002,724,train
6003,6001,train
6004,6002,train
6005,6003,train
6008,6006,train
6010,6008,validation
6011,6009,train
6012,6010,train
6013,6011,validation
6015,6013,validation
6016,6014,train
6017,3231,train
6018,6016,train
6019,2753,train
6020,6018,train
6021,6019,validation
6023,6021,train
6024,6022,train
6025,6023,train
6027,6025,validation
6028,6026,train
6029,1239,train
6030,6028,validation
6032,6030,train
6033,749,train
6034,1198,train
6036,6034,validation
6037,6035,train
6038,6036,train
6040,6038,train
6041,6039,train
6042,6040,validation
6043,6041,train
6044,6042,train
6045,5568,train
6046,6044,train
6048,6046,train
6049,6047,validation
6050,6048,train
6052,6050,train
6053,6051,train
6054,6052,train
6056,6054,train
6058,6056,validation
6059,6057,train
6060,6058,train
6061,6059,train
6062,6060,train
6063,1845,train
6065,2799,train
6066,6064,train
6067,6065,train
6068,6066,train
6069,474,train
6070,6068,validation
6071,6069,train
6072,6070,train
6074,6072,train
6075,694,train
6076,6074,train
6078,33,train
6079,6077,train
6080,6078,validation
6081,770,train
6082,6080,train
6083,6081,train
6084,7,train
6086,438,train
6087,6085,train
6088,6086,validation
6089,6087,train
6090,6088,validation
6091,6089,train
6094,6092,train
6095,6093,train
6096,6094,train
6097,2742,train
6098,6096,train
6099,6097,train
6101,6099,train
6103,6101,validation
6104,513,train
6105,6103,train
6106,6104,train
6107,6105,validation
6108,6106,train
6109,6107,train
6110,6108,train
6112,6110,train
6113,6111,validation
6115,3971,train
6116,6114,train
6118,6116,train
6119,107,train
6120,6118,train
6122,6120,train
6123,6121,validation
6124,6122,train
6125,6123,train
6126,6124,train
6127,2833,validation
6129,6127,train
6130,6128,validation
6132,6130,train
6133,6131,train
6134,6132,train
6135,6133,validation
6136,6134,train
6137,6135,train
6140,6138,validation
6141,6139,train
6142,6140,train
6144,6142,train
6145,6143,train
6146,6144,validation
6147,6145,train
6148,3394,train
6149,6147,train
6151,6149,train
6153,319,train
6154,6152,train
6155,6153,validation
6157,6155,train
6158,6156,train
6159,6157,train
6160,6158,train
6161,6159,train
6162,6160,validation
6164,6162,train
6165,6163,train
6166,6164,validation
6169,6167,train
6170,6168,train
6171,6169,train
6173,737,validation
6174,6172,train
6175,6173,train
6176,6174,train
6177,6175,train
6178,6176,train
6179,474,train
6181,3202,train
6182,6180,validation
6183,6181,train
6184,6182,validation
6185,6183,train
6186,6184,train
6187,6185,train
6188,6186,validation
6189,6187,train
6193,6191,train
6194,6192,train
6195,6193,validation
6196,6194,train
6198,6196,train
6199,6197,train
6200,1258,train
6201,6199,validation
6202,6200,train
6203,6201,train
6204,6202,train
6205,6203,train
6207,6205,validation
6208,6206,train
6210,3311,train
6211,6209,train
6212,6210,validation
6213,16,train
6214,6212,train
6215,6213,train
6216,6214,train
6217,6215,train
6219,6217,train
6220,6218,train
6222,6220,train
6223,6221,train
6224,16,train
6225,6223,validation
6226,257,train
6227,6225,train
6229,6227,train
6230,6228,train
6231,6229,train
6232,6230,train
6233,6231,validation
6234,6232,train
6236,6234,train
6237,6235,train
6238,6236,validation
6239,6237,train
6240,581,train
6242,6240,validation
6243,91,train
6244,6242,train
6245,7,train
6246,6244,train
6247,6245,train
6248,0,train
6249,5342,train
6251,6249,train
6252,5896,train
6253,6251,train
6254,6252,validation
6256,6254,train
6257,6255,train
6258,2530,train
6259,6257,train
6261,6259,train
6262,6260,validation
6263,7,train
6264,6262,train
6265,6263,validation
6267,6265,train
6268,3837,train
6269,406,train
6270,6268,train
6271,6269,train
6272,6270,train
6273,6271,train
6275,6273,train
6276,1327,train
6278,6276,validation
6279,6277,train
6280,6278,train
6281,6279,train
6283,6281,validation
6284,1020,train
6285,1145,train
6286,6284,train
6287,6285,train
6289,6287,train
6290,6288,train
6291,6289,train
6292,6290,train
6293,6291,validation
6294,6292,train
6296,6294,train
6297,6295,train
6298,6296,train
6299,6297,train
6300,6298,validation
6301,6299,train
6302,6300,train
6303,7,train
6304,6302,train
6305,1157,train
6306,6304,train
6308,6306,validation
6309,6307,train
6310,6308,train
6311,36,train
6313,6311,train
6314,6312,validation
6315,6313,train
6317,6315,train
6318,6316,train
6319,6317,train
6321,6319,train
6322,36,train
6323,6321,train
6324,6322,train
6326,6324,train
6327,6325,validation
6328,6326,train
6329,6327,train
6330,6328,train
6331,6329,train
6333,403,train
6334,6332,train
6335,6333,validation
6337,6335,validation
6338,6336,train
6339,6337,train
6340,6338,train
6341,6339,train
6343,1020,train
6344,6342,train
6345,6343,train
6346,6344,validation
6347,6345,train
6348,6346,train
6351,6349,train
6352,6350,train
6353,3533,train
6354,6352,train
6355,6353,train
6356,47,validation
6357,3010,validation
6358,714,train
6360,6358,train
6361,6359,validation
6362,6360,train
6363,724,train
6365,6363,train
6366,6364,train
6367,6365,train
6368,6366,validation
6369,6367,train
6371,6369,validation
6373,6371,train
6374,6372,train
6375,6373,train
6377,6375,validation
6378,6376,train
6379,6377,train
6380,6378,train
6381,6379,train
6382,271,train
6384,504,validation
6385,271,train
6386,6384,train
6387,6385,train
6388,1133,validation
6390,6388,train
6391,3394,train
6392,7,train
6393,6391,validation
6394,6392,train
6395,6393,train
6397,6395,train
6398,3035,train
6399,6397,train
6400,6398,validation
6401,4491,train
6402,6400,train
6403,6401,train
6404,6402,validation
6405,6403,train
6408,6406,train
6410,6408,train
6411,6409,train
6412,6410,train
6413,6411,train
6414,6412,train
6416,6414,train
6417,6415,train
6418,6416,validation
6419,4754,train
6420,6418,train
6422,6420,train
6423,6421,train
6424,6422,validation
6425,6423,train
6427,6425,validation
6428,6426,train
6429,6427,train
6430,6428,train
6432,6430,validation
6433,36,train
6434,6432,train
6435,6433,train
6436,1249,train
6437,6435,train
6439,6437,train
6440,6438,train
6441,6439,validation
6443,6441,train
6444,6442,train
6446,6444,train
6448,6446,validation
6449,6447,train
6450,6448,train
6451,816,train
6452,6450,validation
6453,6451,train
6454,6452,train
6456,6454,train
6457,6455,train
6458,6456,train
6459,6457,validation
6460,6458,train
6461,6459,train
6462,6460,validation
6464,6462,train
6465,6463,train
6467,6465,train
6468,6466,train
6469,6467,validation
6470,6468,train
6472,6470,train
6473,6471,train
6474,6472,train
6475,6473,validation
6477,271,train
6478,6476,train
6479,6477,train
6480,6478,train
6481,406,train
6482,6480,train
6483,6481,train
6484,6482,validation
6485,6483,train
6487,7,train
6488,6486,validation
6489,6487,validation
6490,6488,train
6492,271,train
6493,6491,validation
6494,6492,train
6495,6493,train
6497,6495,train
6498,784,train
6499,6497,train
6500,6498,train
6502,6500,train
6505,6503,train
6506,6504,train
6507,6505,train
6508,6506,validation
6509,6507,train
6510,6508,train
6512,6510,train
6513,6511,train
6514,6512,train
6515,6513,validation
6517,6515,train
6518,6516,train
6519,6517,train
6521,6519,validation
6522,6520,train
6523,6521,train
6524,6522,train
6525,91,train
6526,16,train
6527,6525,train
6529,7,train
6530,6528,validation
6531,24,train
6532,6530,train
6533,0,train
6534,6532,train
6535,6533,validation
6536,6534,train
6537,6535,train
6539,107,train
6540,6538,train
6542,6540,train
6544,6542,validation
6545,6169,train
6546,6544,train
6547,6545,train
6548,6546,train
6549,6547,train
6552,6550,train
6553,6551,validation
6554,6552,train
6555,271,train
6557,6555,train
6558,6556,train
6559,6557,validation
6561,6559,train
6562,6560,train
6563,6561,train
6564,6562,validation
6565,939,train
6566,6564,train
6568,6566,train
6569,6567,train
6570,6568,train
6571,6569,validation
6573,16,train
6574,257,train
6575,1025,train
6576,166,train
6577,6575,train
6578,6576,train
6579,4245,train
6580,6578,train
6581,6579,validation
6582,6580,train
6584,6582,train
6586,7,train
6587,6585,validation
6588,6586,train
6592,6590,validation
6594,6592,train
6595,735,train
6596,6594,train
6597,6595,train
6598,470,train
6600,6598,train
6601,6599,train
6602,6600,validation
6604,6602,train
6605,6603,train
6606,349,validation
6607,6605,train
6608,6606,train
6609,271,train
6610,6608,train
6612,6610,validation
6613,6611,train
6614,7,train
6615,6613,train
6618,6616,train
6619,7,train
6620,6618,validation
6621,6619,train
6622,6620,train
6623,6621,train
6624,6622,train
6625,6623,train
6628,6626,validation
6629,6627,train
6630,6628,validation
6631,406,train
6633,713,train
6634,6632,train
6635,6633,train
6637,6635,train
6639,3010,validation
6640,6638,train
6641,6639,train
6642,6640,validation
6644,6642,train
6645,6643,train
6646,6644,train
6647,7,train
6648,6646,train
6649,6647,validation
6651,6649,train
6652,6650,train
6653,6651,train
6654,16,train
6655,6653,validation
6656,6654,train
6657,6655,train
6658,6656,train
6660,6658,train
6661,6659,train
6663,6661,validation
6664,6662,train
6665,6663,train
6666,6664,train
6667,6665,validation
6669,6667,validation
6670,6668,train
6671,271,train
6672,7,train
6673,6671,train
6675,6673,train
6676,6674,train
6677,6675,validation
6678,6676,train
6679,6677,train
6680,6678,validation
6681,6679,train
6683,6681,train
6684,6682,train
6685,6683,train
6688,6686,train
6689,6687,train
6690,6688,train
6691,6689,validation
6693,6691,train
6694,6692,train
6695,6693,train
6696,6694,train
6697,6695,train
6698,6696,validation
6699,6697,train
6701,6699,train
6703,6701,train
6704,6702,train
6705,6703,validation
6706,6704,train
6708,6706,train
6709,6707,validation
6710,6708,train
6712,6710,train
6713,6711,train
6714,6712,train
6715,6713,train
6716,1212,validation
6717,6715,train
6719,6717,train
6721,6719,validation
6722,284,train
6723,6721,train
6725,6723,train
6726,6724,train
6727,6725,train
6728,6726,train
6731,6729,validation
6732,6730,train
6733,319,train
6734,6732,train
6735,6733,train
6736,6734,validation
6737,6735,train
6738,6736,train
6739,6737,train
6740,6738,train
6742,6740,train
6744,6742,validation
6745,6743,train
6746,6744,train
6747,6745,train
6749,6747,train
6750,6748,train
6751,6749,validation
6753,6751,train
6754,6752,train
6755,6753,train
6756,6754,train
6757,6755,train
6759,6757,validation
6760,6758,validation
6762,6760,train
6764,6762,train
6765,6763,train
6766,6764,train
6768,6766,train
6769,1755,validation
6770,6768,validation
6773,6771,train
6774,3258,train
6775,6773,validation
6776,6774,train
6777,6775,train
6778,6776,train
6779,713,train
6780,2499,train
6781,6779,train
6782,6780,train
6783,6781,train
6785,6783,train
6786,6784,train
6787,6785,validation
6788,6786,train
6790,6788,train
6791,6789,validation
6792,6790,train
6793,6791,train
6795,6793,validation
6796,3888,validation
6797,6795,train
6798,6796,train
6800,6798,train
6801,1172,train
6802,6800,train
6803,6801,train
6804,6802,train
6805,0,train
6806,989,train
6807,6805,train
6809,6807,train
6810,6808,validation
6811,6809,train
6812,6810,train
6813,6811,train
6815,36,train
6816,504,validation
6817,6815,validation
6818,6816,train
6819,6817,train
6820,6818,train
6822,6820,train
6823,6821,validation
6825,6823,train
6826,6824,train
6827,6825,validation
6828,6826,train
6829,6827,train
6830,6828,train
6832,6830,validation
6833,6831,train
6834,6832,train
6835,6833,train
6837,6835,train
6838,6836,train
6839,6837,train
6840,166,train
6841,735,train
6842,6840,validation
6843,6841,train
6844,6842,train
6846,6844,train
6848,6846,train
6849,6847,validation
6850,6848,train
6851,6849,train
6852,6821,validation
6853,6851,train
6854,1859,train
6856,6854,train
6857,6855,validation
6858,36,train
6859,6857,train
6860,6858,train
6862,6860,train
6863,4009,train
6864,6862,train
6865,6863,train
6866,6864,train
6867,6865,validation
6868,6866,train
6869,271,train
6870,6868,train
6872,6870,train
6873,6871,train
6875,6873,train
6876,6874,train
6877,6875,validation
6878,6876,train
6880,6878,train
6881,6879,validation
6882,6880,train
6883,6881,train
6884,6882,train
6885,6883,validation
6887,6885,train
6888,6886,train
6889,6887,train
6891,6889,train
6892,6890,train
6893,6891,train
6894,6892,train
6896,6894,train
6897,4176,train
6898,6896,train
6899,6897,validation
6900,36,train
6901,3258,train
6903,6901,train
6905,3231,train
6906,6904,train
6907,735,train
6909,6907,train
6910,6908,train
6911,6909,validation
6912,1020,train
6914,6912,train
6915,6913,train
6918,6916,train
6919,6917,train
6920,6918,validation
6921,6919,train
6922,6920,train
6924,6800,train
6925,6923,validation
6926,6924,validation
6927,457,train
6928,6926,train
6929,16,train
6930,6928,train
6931,6929,train
6934,6932,train
6935,6933,train
6936,6425,validation
6937,6935,validation
6938,177,train
6939,724,train
6941,6939,train
6942,6940,train
6943,6941,train
6944,6942,train
6945,6943,train
6946,6944,train
6947,6945,train
6948,6946,train
6949,6947,train
6950,6948,validation
6951,6949,train
6953,6951,validation
6954,6952,train
6955,5236,train
6957,6955,train
6958,6956,train
6960,6958,train
6961,6959,train
6963,36,train
6964,6962,train
6965,6963,train
6967,6965,validation
6969,6967,train
6970,6968,train
6971,6969,train
6972,6970,validation
6973,6971,train
6975,6973,validation
6976,6974,train
6977,6975,train
6978,6976,validation
6979,6977,train
6980,931,train
6983,6981,train
6985,6983,train
6986,6984,train
6987,319,train
6988,6986,train
6990,6988,train
6992,6990,train
6993,6916,train
6994,6992,validation
6996,6994,train
6997,6995,train
6998,6996,validation
7000,6998,train
7001,3549,train
7002,7000,train
7003,7001,train
7004,7002,train
7006,7004,train
7007,7005,train
7008,7006,train
7009,7007,validation
7010,7008,train
7012,7010,train
7013,7011,validation
7014,7012,train
7016,652,train
7019,7017,train
7020,7018,train
7021,7019,train
7022,7020,validation
7023,7021,train
7024,7022,train
7025,7023,validation
7027,349,validation
7029,7027,train
7030,7028,train
7031,7000,train
7032,7030,train
7033,7031,train
7034,7032,train
7037,7035,validation
7038,7036,train
7040,16,train
7041,7039,train
7042,7040,train
7043,7041,train
7044,7042,train
7046,7044,validation
7047,1239,train
7048,7046,train
7049,7047,train
7050,5627,train
7052,7050,validation
7053,7051,train
7054,7052,train
7055,4491,train
7056,7054,train
7058,7056,train
7060,7058,train
7061,7059,validation
7062,7060,train
7064,3870,train
7065,7063,validation
7066,7064,train
7067,7065,train
7068,7066,train
7069,7067,train
7070,7068,train
7071,3394,train
7073,7071,validation
7074,7072,train
7075,7073,validation
7076,7074,train
7077,7075,train
7079,7077,train
7081,7079,validation
7083,3484,validation
7084,7082,train
7085,7083,train
7086,7084,validation
7087,7085,train
7088,7086,train
7089,7087,train
7091,7089,train
7092,7090,validation
7093,7091,train
7094,7,train
7096,7094,train
7097,7095,train
7099,7097,validation
7100,7098,train
7101,7099,train
7102,7100,validation
7104,7102,train
7105,7103,train
7106,7104,train
7107,7105,train
7108,7106,validation
7109,7107,train
7111,7109,train
7113,7111,train
7114,7112,train
7115,7113,train
7117,7115,validation
7118,7116,train
7119,1212,validation
7120,7118,train
7121,7119,train
7122,7120,train
7124,7122,train
7125,3887,train
7126,7124,train
7127,7,train
7128,7126,train
7129,6363,train
7130,7128,train
7131,7129,train
7132,406,train
7134,7132,validation
7135,7133,validation
7136,7134,train
7137,7135,train
7138,7136,train
7140,7138,validation
7141,7139,train
7142,7140,train
7145,784,train
7146,1385,train
7147,7145,train
7148,5866,validation
7149,7147,validation
7150,7148,train
7151,7149,train
7152,7150,train
7154,614,train
7155,7153,validation
7156,7154,train
7157,7155,train
7158,7156,train
7160,7158,train
7161,16,train
7162,7160,train
7163,7161,train
7165,7163,train
7166,7164,validation
7167,7165,train
7168,6762,train
7169,7,train
7170,7168,train
7171,7169,train
7173,7171,train
7174,3231,train
7175,7173,validation
7176,7174,train
7178,7176,train
7179,7177,train
7180,7178,validation
7181,7179,train
7182,7180,train
7184,7182,train
7185,7183,validation
7187,194,train
7188,7186,train
7189,7187,train
7190,7188,train
7191,7189,train
7192,7190,train
7194,7192,validation
7195,7193,train
7196,7194,train
7197,7195,train
7199,7197,validation
7200,7198,train
7202,7200,train
7203,7201,train
7204,7202,train
7206,7204,train
7207,7205,validation
7208,7206,train
7209,7207,train
7211,7209,validation
7212,7210,train
7213,7211,train
7214,7212,validation
7215,36,train
7216,7214,train
7218,7216,train
7219,7217,train
7221,7219,train
7222,7220,train
7224,7222,validation
7225,7223,train
7226,7224,train
7227,7225,train
7228,7226,train
7229,7227,validation
7230,7228,train
7232,7230,validation
7233,7231,train
7234,7232,train
7235,16,train
7236,7234,train
7238,7236,train
7239,349,validation
7240,16,train
7241,7239,validation
7243,7241,train
7244,729,train
7245,7243,train
7246,7244,train
7247,7245,train
7249,7247,train
7251,7249,validation
7252,7250,train
7253,7251,train
7254,7252,train
7256,7254,validation
7257,7255,train
7258,7256,validation
7260,7258,train
7261,7259,train
7262,7,train
7263,7261,train
7264,7262,train
7266,7264,train
7267,7265,validation
7268,7266,train
7269,923,train
7270,7268,train
7272,7270,train
7273,7271,train
7274,798,train
7275,3262,train
7276,3035,train
7278,7276,validation
7279,7277,train
7280,7278,train
7281,7279,train
7282,7280,train
7283,7281,train
7284,7282,train
7286,7284,train
7287,7285,train
7288,7286,validation
7290,7288,train
7291,271,train
7292,7290,train
7293,7291,validation
7294,7292,train
7296,7294,train
7297,7295,train
7298,3010,validation
7299,7297,train
7301,7299,validation
7302,7300,train
7303,7301,train
7304,7302,train
7305,7303,train
7306,7304,train
7308,7306,validation
7309,107,train
7310,3973,train
7311,7309,train
7312,7310,train
7313,7311,train
7314,7312,train
7316,7314,train
7317,7315,train
7319,7317,validation
7320,7318,train
7322,7320,validation
7323,7321,train
7324,7322,train
7325,7323,train
7326,1755,validation
7327,7325,train
7328,7326,train
7329,7327,validation
7331,7329,train
7332,7330,validation
7333,7331,train
7335,7333,train
7336,7334,train
7337,2536,train
7338,7336,train
7339,7337,validation
7340,7338,train
7342,7000,train
7343,7341,train
7344,7342,train
7345,7343,train
7347,7345,train
7348,7346,validation
7349,7347,train
7350,7348,train
7351,4491,train
7352,7350,validation
7354,6675,validation
7355,2365,train
7357,7355,train
7358,7356,train
7359,7357,train
7360,7358,train
7361,7359,train
7362,7360,validation
7364,7362,train
7365,7363,train
7366,7364,train
7367,7365,train
7368,7366,validation
7369,7367,train
7370,7368,train
7372,7370,train
7375,7373,train
7376,7374,train
7377,7375,validation
7378,7376,train
7379,7377,train
7380,271,train
7381,0,train
7382,7380,train
7383,7381,train
7384,7382,train
7385,7383,validation
7387,7385,train
7388,7386,train
7389,7387,train
7391,7389,validation
7392,7390,train
7393,7391,train
7394,7392,train
7395,7393,validation
7397,0,train
7398,271,train
7399,7397,train
7400,7398,train
7401,7399,train
7402,7400,train
7404,7402,train
7405,7403,train
7406,7404,train
7407,7405,train
7409,7407,validation
7410,7408,train
7411,7409,train
7412,7410,train
7413,1131,train
7415,7413,train
7416,7414,train
7417,7415,train
7418,7416,validation
7420,331,train
7421,1085,train
7422,7420,train
7423,7421,validation
7424,7422,train
7425,7423,train
7427,7425,train
7428,7426,train
7429,7427,validation
7430,7428,train
7431,7429,train
7432,7430,train
7434,7432,train
7436,7434,validation
7437,7435,train
7438,7436,train
7439,7437,validation
7440,7438,train
7441,7439,train
7442,7440,train
7444,7442,train
7445,7443,train
7447,271,train
7448,724,train
7449,7447,validation
7450,7448,train
7451,7449,validation
7452,7450,train
7453,7451,train
7454,7452,train
7455,7453,train
7456,1583,train
7457,7455,validation
7459,7457,train
7460,7458,train
7462,7460,train
7463,7461,validation
7464,177,train
7466,7464,train
7467,7465,train
7468,7466,train
7469,7467,validation
7470,7468,train
7472,7470,train
7474,7,train
7475,7473,train
7476,1783,train
7478,7476,train
7479,7477,train
7480,7478,train
7481,7479,validation
7483,7481,train
7484,7482,train
7485,7483,validation
7486,7484,train
7487,7485,train
7489,7487,train
7490,7,train
7492,581,train
7493,7491,train
7494,7492,train
7495,7493,train
7496,7494,train
7497,7495,validation
7498,7496,train
7499,2563,validation
7500,7498,train
7502,7500,train
7503,7501,train
7504,7502,validation
7505,7503,train
7506,7504,train
7508,7506,train
7509,7507,validation
7510,7508,train
7512,7510,train
7513,7511,train
7514,7512,validation
7516,7514,train
7517,7515,train
7518,7516,train
7519,7517,train
7522,2366,train
7523,7521,validation
7524,284,train
7525,7523,train
7526,7524,train
7527,7525,train
7529,7527,train
7532,7530,validation
7533,2753,train
7534,7532,train
7535,7533,train
7536,7534,train
7537,2269,train
7538,375,train
7539,7537,train
7541,7539,train
7542,7540,train
7544,349,validation
7545,452,train
7546,7544,validation
7547,7545,train
7548,16,train
7549,7547,train
7550,1132,train
7551,675,train
7552,7550,validation
7553,7551,train
7554,5627,train
7555,7553,train
7557,7555,train
7559,7557,train
7560,36,train
7561,7559,validation
7562,7560,train
7563,7561,train
7564,7562,train
7566,7564,train
7567,7565,validation
7568,7566,train
7569,7567,train
7570,7568,train
7571,2261,train
7572,7570,train
7574,7572,train
7575,7573,train
7577,7575,train
7578,7576,train
7579,7577,validation
7580,7578,train
7582,295,train
7583,1015,train
7586,7584,train
7587,7585,train
7588,7586,validation
7589,7587,train
7590,7588,train
7591,284,train
7592,7590,train
7593,7591,validation
7595,7593,train
7596,7594,train
7597,7595,train
7598,7596,validation
7599,7597,train
7600,7598,train
7602,7600,train
7603,7601,train
7604,7602,validation
7605,7603,train
7606,271,train
7607,7605,train
7608,7606,train
7609,7607,train
7611,7609,validation
7612,349,validation
7613,7611,train
7614,7612,train
7616,7614,validation
7617,7615,train
7618,7616,train
7619,7617,train
7620,7618,train
7621,784,train
7622,7620,validation
7624,7622,train
7625,7623,train
7626,7624,train
7627,7625,train
7628,3584,validation
7630,7628,validation
7631,7629,train
7632,7630,train
7633,7631,train
7634,7632,validation
7635,107,train
7636,271,train
7637,7635,train
7638,7636,train
7639,7637,train
7642,7640,train
7645,7643,validation
7646,7644,validation
7647,7645,train
7648,7646,train
7650,7648,train
7651,7649,train
7653,7651,validation
7654,7652,train
7656,7654,train
7657,7655,train
7658,7656,train
7659,7657,train
7661,7659,train
7663,7661,validation
7664,7662,validation
7665,7663,train
7667,7665,validation
7668,7666,train
7669,7667,train
7670,1145,train
7671,7669,train
7672,271,train
7674,7672,train
7675,7673,validation
7677,7675,train
7678,271,train
7679,7677,train
7680,7678,train
7681,7679,train
7683,1401,train
7684,7682,validation
7685,7683,train
7686,7684,train
7687,7685,train
7688,7686,train
7690,7688,train
7691,349,validation
7692,7690,validation
7694,7692,train
7697,7695,train
7698,7696,train
7699,7697,validation
7700,7698,train
7701,7699,train
7702,7700,train
7703,7701,validation
7705,7703,train
7706,7704,train
7708,675,train
7709,7707,train
7710,7708,train
7711,7709,train
7712,7710,validation
7713,7711,train
7714,271,train
7716,1132,train
7717,7715,train
7718,7716,train
7719,7717,train
7720,7718,validation
7724,7722,train
7725,7723,train
7726,7724,train
7727,7725,validation
7728,2317,validation
7729,4176,train
7730,7728,train
7732,7730,train
7733,3035,train
7734,7732,train
7735,7733,validation
7736,7734,train
7737,7735,train
7738,107,train
7739,16,train
7741,7739,train
7742,7740,train
7743,7741,train
7744,7742,validation
7745,7743,train
7746,6450,validation
7747,819,train
7750,7748,train
7751,7749,train
7753,7751,train
7754,7752,train
7755,7753,validation
7756,7754,train
7757,7755,validation
7759,7757,train
7760,7758,train
7761,7759,train
7762,7760,train
7765,7763,train
7766,7764,train
7767,724,train
7768,7766,validation
7769,7767,train
7772,7770,train
7773,7771,train
7774,240,validation
7775,7773,train
7776,7774,validation
7777,2258,train
7779,7777,train
7780,7778,train
7781,7779,train
7783,1073,train
7784,7782,train
7785,7783,train
7786,7784,train
7787,16,train
7788,7786,train
7789,7787,train
7790,7788,validation
7792,7790,train
7793,7791,train
7794,7792,train
7796,7794,train
7797,7795,train
7798,7796,validation
7799,7797,train
7800,7798,train
7803,7801,validation
7805,7803,train
7806,7804,train
7807,7805,train
7808,7806,train
7809,7807,train
7810,2944,train
7811,7809,train
7812,7810,train
7814,2594,train
7816,7814,train
7817,7815,train
7818,7816,train
7819,7817,validation
7820,3646,train
7821,7819,train
7823,7821,train
7824,7822,validation
7825,7823,train
7826,166,train
7827,7825,train
7828,1198,train
7830,7828,train
7831,6928,train
7833,7831,train
7834,7832,validation
7836,7834,train
7837,7835,train
7838,7836,train
7839,7837,train
7842,7840,validation
7843,7841,validation
7844,7842,train
7845,7843,train
7846,2944,train
7847,4293,train
7848,1172,train
7850,7848,train
7851,7849,train
7852,7850,train
7853,16,train
7854,7852,validation
7856,36,train
7857,7855,train
7858,271,train
7859,7857,train
7860,107,train
7861,7859,train
7862,7860,validation
7863,7861,train
7865,7863,train
7866,7864,train
7867,7865,train
7868,7866,train
7870,7868,train
7872,7870,train
7873,7871,validation
7874,7872,validation
7877,7875,train
7878,7876,train
7879,7877,train
7880,7878,train
7882,7880,train
7883,7881,train
7884,7882,validation
7885,7883,train
7886,7884,train
7887,1172,train
7888,3887,train
7889,0,train
7890,675,train
7892,7890,train
7893,7891,train
7894,7892,train
7895,7893,train
7897,403,train
7898,7896,validation
7899,7897,train
7901,7899,train
7902,7900,train
7903,7901,validation
7905,7903,train
7906,293,validation
7907,7905,train
7908,7906,train
7909,1808,train
7911,16,train
7912,7910,train
7913,33,train
7914,134,train
7915,7913,validation
7916,7914,train
7918,7916,train
7919,7917,validation
7920,7918,train
7921,504,validation
7922,6892,train
7923,7921,train
7924,7922,train
7925,7923,train
7927,7925,train
7928,7926,validation
7930,7928,train
7931,7929,train
7932,7930,train
7933,7288,train
7934,7932,train
7935,7933,validation
7939,7937,train
7940,7938,train
7941,7939,train
7942,7940,validation
7943,7606,train
7945,7943,train
7946,7944,train
7947,7945,train
7948,194,train
7949,504,validation
7950,7948,train
7952,7950,train
7954,7952,validation
7955,7953,train
7956,7954,train
7957,7955,train
7959,7957,validation
7960,7958,train
7961,7959,train
7963,7961,train
7964,7962,train
7965,7963,validation
7966,7964,train
7967,7965,train
7968,612,train
7969,819,train
7971,7969,train
7972,7970,train
7973,7971,validation
7975,7973,train
7976,729,train
7977,7975,train
7978,7976,train
7979,7977,validation
7980,7978,train
7982,7980,train
7983,7981,train
7984,7982,train
7985,7983,validation
7987,7985,train
7988,7986,train
7990,7988,train
7991,7989,train
7992,7990,train
7993,7991,train
7994,7992,train
7996,7994,train
7998,7996,train
7999,7997,validation
8001,7999,train
8002,375,train
8003,8001,train
8004,8002,train
8005,8003,train
8006,8004,validation
8007,8005,train
8009,16,train
8010,8008,train
8011,8009,train
8012,8010,validation
8013,8011,train
8015,8013,train
8017,8015,train
8018,8016,train
8019,8017,train
8020,8018,validation
8021,8019,train
8022,8020,train
8023,8021,validation
8025,8023,train
8026,8024,train
8027,116,train
8029,8027,train
8030,931,train
8031,8029,train
8032,8030,train
8034,8032,validation
8035,8033,train
8036,4238,train
8038,8036,train
8039,3260,train
8040,8038,train
8041,8039,train
8042,8040,train
8043,8041,train
8044,8042,validation
8046,8044,train
8047,8045,validation
8048,36,train
8049,1258,train
8050,8048,train
8051,8049,train
8053,3010,validation
8054,8052,train
8055,8053,validation
8056,8054,train
8059,271,train
8061,8059,train
8062,274,validation
8063,8061,train
8064,8062,train
8065,8063,validation
8067,8065,train
8068,8066,train
8069,8067,train
8070,1157,train
8071,3646,train
8072,3767,validation
8074,8072,validation
8075,8073,train
8076,8074,train
8077,8075,train
8078,8076,train
8079,8077,train
8080,2269,train
8081,939,train
8082,8080,validation
8084,8082,train
8085,724,train
8086,8084,train
8087,8085,validation
8088,8086,train
8090,8088,train
8091,8089,train
8092,8090,validation
8093,8091,train
8095,8093,train
8096,8094,train
8097,8095,train
8098,1033,train
8099,8097,train
8100,8098,train
8102,8100,train
8103,8101,train
8104,8102,validation
8105,8103,train
8107,8105,train
8108,8106,train
8110,8108,train
8112,8110,validation
8113,8111,train
8114,8112,train
8115,8113,train
8116,8114,validation
8118,8116,validation
8119,4491,train
8120,8118,train
8121,8119,train
8122,3409,train
8124,2317,validation
8125,8123,train
8127,8125,train
8128,8126,validation
8129,36,train
8130,8128,train
8132,8130,train
8133,8131,train
8134,8132,validation
8135,8133,train
8136,8134,train
8137,8135,train
8138,8136,train
8140,8138,validation
8142,8140,train
8143,8141,train
8144,798,train
8145,8143,validation
8146,8144,train
8147,8145,train
8149,7,train
8150,8148,train
8151,8149,train
8152,8150,validation
8153,8151,validation
8155,170,validation
8158,8156,train
8160,8158,train
8161,94,train
8162,8160,validation
8163,8161,train
8164,8162,train
8165,3787,train
8166,8164,train
8167,8165,train
8169,8167,validation
8170,8168,train
8171,8169,train
8172,8170,train
8173,7,train
8175,8173,train
8176,1327,train
8177,7392,train
8178,94,train
8179,8177,validation
8180,8178,train
8181,8179,train
8182,8180,train
8184,8182,validation
8185,816,train
8186,8184,train
8187,8185,train
8189,8187,train
8190,8188,train
8191,8189,train
8192,8190,validation
8194,8192,train
8195,8193,train
8196,8194,validation
8197,1378,train
8198,8196,train
8199,349,validation
8200,1914,train
8201,2530,train
8203,8201,validation
8204,8202,train
8206,8204,train
8207,8205,train
8208,8206,train
8211,8209,train
8212,8210,train
8213,8211,train
8214,8212,validation
8216,5954,train
8218,16,train
8220,8218,validation
8221,8219,train
8222,8220,train
8224,8222,train
8225,8223,validation
8226,1157,train
8227,8225,train
8228,8226,train
8230,1212,validation
8231,8229,train
8232,8230,validation
8233,8231,train
8234,8232,train
8236,8234,train
8237,8235,validation
8238,8236,train
8240,8238,train
8241,8239,train
8242,8240,train
8243,274,validation
8244,8242,train
8245,1020,train
8247,8245,train
8248,8246,train
8250,8248,validation
8251,8249,train
8253,8251,validation
8254,8252,train
8255,271,train
8256,8254,train
8257,8255,train
8258,8256,train
8260,8258,train
8261,8259,train
8263,8261,train
8264,8262,validation
8266,8264,train
8267,8265,train
8268,8266,validation
8270,6169,train
8271,8269,train
8272,8270,train
8273,8271,train
8274,274,validation
8275,8273,train
8277,8275,train
8278,16,train
8279,798,train
8280,8278,train
8281,8279,validation
8282,8280,train
8284,3602,train
8285,8283,validation
8286,8284,train
8287,8285,train
8288,8286,train
8290,8288,validation
8291,8289,train
8292,8290,train
8293,8291,train
8294,8292,train
8296,8294,train
8297,295,train
8298,8296,train
8299,8297,train
8300,16,train
8302,8300,validation
8303,8301,train
8304,8302,train
8305,8303,train
8307,8305,train
8309,8307,train
8312,8310,train
8314,8312,train
8315,8313,validation
8316,8314,train
8317,8315,train
8318,8316,train
8319,8317,train
8320,8318,train
8323,8321,validation
8324,16,train
8325,8323,train
8327,8325,train
8328,8326,train
8329,8327,train
8332,8330,train
8333,8331,train
8334,8332,validation
8335,8333,train
8338,8336,train
8339,8337,validation
8340,610,train
8341,8339,train
8342,8340,validation
8343,8341,train
8344,7,train
8346,8344,train
8347,8345,train
8348,4501,validation
8349,8347,train
8350,8348,train
8352,1790,train
8353,8351,train
8354,3425,validation
8356,166,train
8357,8355,validation
8358,8356,train
8359,4009,train
8360,8358,validation
8361,8359,train
8363,1405,train
8364,8362,train
8365,8363,train
8366,8364,train
8367,8365,train
8368,8366,validation
8369,8367,train
8370,8368,train
8371,8369,train
8372,177,train
8373,8371,validation
8374,8372,train
8376,8374,train
8377,8375,train
8379,166,train
8380,8378,train
8381,8379,validation
8382,8380,train
8383,8381,train
8384,8382,train
8387,8385,train
8388,8386,train
8389,8387,validation
8391,8389,train
8392,8390,train
8393,8391,train
8394,8392,train
8395,8393,validation
8396,8394,train
8398,8396,train
8399,8397,train
8400,8398,validation
8402,8400,train
8403,8401,train
8404,5083,validation
8405,6928,train
8406,8404,validation
8407,274,validation
8409,8407,train
8410,8408,train
8411,1132,train
8412,1157,train
8414,8412,train
8415,8413,train
8416,8414,train
8417,8415,validation
8418,8416,train
8420,8418,train
8421,8419,validation
8422,8420,validation
8423,5596,train
8425,7,train
8427,8425,train
8428,8426,train
8429,5416,train
8430,8428,train
8431,271,train
8432,8430,train
8433,8431,train
8434,1145,train
8435,8433,validation
8436,295,train
8437,8435,train
8440,8438,validation
8441,8439,train
8442,8440,train
8443,8441,train
8444,8442,train
8445,8443,train
8447,8445,validation
8448,8446,train
8449,8447,train
8450,8448,train
8451,8449,train
8453,8451,train
8454,8452,validation
8455,7264,train
8456,8454,train
8457,8455,train
8458,8456,validation
8460,8458,validation
8461,2455,train
8462,8460,train
8463,8461,train
8464,1108,train
8466,1986,validation
8467,8465,train
8468,8466,train
8469,8467,train
8470,8468,validation
8471,8469,train
8474,8472,train
8475,8473,validation
8476,8474,train
8477,16,train
8478,8476,train
8480,8478,train
8483,8481,train
8484,8482,validation
8485,8483,train
8487,8485,train
8488,8486,validation
8489,8487,train
8490,8488,train
8491,8489,train
8492,2765,train
8493,8491,train
8495,8493,validation
8496,8494,train
8498,8496,train
8499,8497,train
8500,8498,train
8501,8499,validation
8502,8500,train
8503,8501,train
8504,8502,train
8506,8504,validation
8507,8505,train
8508,1024,train
8510,107,train
8511,8509,train
8512,36,train
8513,8511,validation
8514,8512,train
8515,91,train
8516,8514,train
8517,8515,train
8519,8517,train
8520,5394,train
8521,8519,validation
8522,8520,train
8524,504,validation
8525,8523,train
8526,8524,train
8527,8525,train
8528,8526,train
8529,8527,train
8530,6928,train
8531,8529,validation
8532,178,train
8534,8532,train
8535,8533,train
8536,8534,train
8537,1718,train
8539,8537,train
8540,8538,validation
8541,8539,train
8542,8540,validation
8543,8541,train
8545,8543,train
8546,271,train
8550,8548,train
8551,8549,train
8552,36,train
8553,1688,train
8555,8553,train
8556,8554,train
8557,8555,validation
8558,8556,train
8559,2040,train
8561,8559,train
8562,1239,train
8563,8561,train
8564,8562,train
8565,8563,train
8566,7,train
8568,5847,train
8569,8567,train
8570,8568,validation
8571,8569,train
8572,8570,train
8574,8572,validation
8575,8573,train
8576,8574,train
8577,8575,train
8578,8576,train
8579,8577,train
8581,271,train
8582,8580,train
8583,8581,train
8584,8582,validation
8585,16,train
8587,8585,train
8588,8586,train
8589,8587,train
8591,8589,train
8592,8590,train
8593,8591,train
8594,8592,train
8595,8593,train
8596,8594,train
8597,8595,validation
8598,8596,train
8600,8598,validation
8602,8600,train
8603,8601,train
8604,8602,train
8605,8603,train
8606,8604,train
8607,4979,train
8608,8606,train
8610,8608,train
8612,8610,train
8613,8611,validation
8614,8612,train
8615,8613,train
8617,7,train
8618,8616,train
8619,8617,train
8620,8618,train
8621,8619,train
8622,8620,validation
8623,8621,train
8625,8623,train
8626,8624,train
8627,8625,train
8629,1552,validation
8630,8628,train
8631,8629,train
8632,8630,validation
8633,240,validation
8634,8632,train
8635,8633,train
8637,8635,train
8638,1986,validation
8639,8637,train
8641,8639,train
8643,107,train
8644,136,validation
8645,819,train
8646,8644,train
8647,8645,train
8648,7251,train
8650,8648,train
8651,8649,train
8653,8651,train
8654,8652,train
8655,8653,train
8656,274,validation
8657,8655,train
8658,16,train
8660,8658,train
8661,8659,train
8662,8660,train
8663,8661,train
8665,8663,validation
8666,8664,train
8667,8665,train
8668,8666,train
8669,8667,train
8670,8668,train
8671,8669,validation
8673,271,train
8675,8673,train
8676,8674,train
8677,8675,train
8678,8676,train
8679,8677,validation
8680,8678,train
8681,8679,train
8684,8682,validation
8685,8683,train
8687,8685,train
8688,8686,train
8689,8687,validation
8690,8688,train
8691,8689,train
8692,8690,train
8693,8691,train
8695,7,train
8696,8694,validation
8697,1303,validation
8698,8696,train
8699,8697,train
8701,8699,train
8702,8700,train
8703,8701,validation
8704,8702,train
8706,406,train
8707,8705,train
8708,8706,train
8709,8707,train
8710,8708,train
8711,8709,train
8713,2121,train
8714,8712,train
8715,8713,train
8716,8714,train
8717,504,validation
8718,8716,validation
8719,1845,train
8720,319,train
8721,8719,train
8722,8720,train
8724,8722,train
8726,8724,validation
8728,8726,train
8729,8727,train
8731,7,train
8732,8730,train
8733,8731,validation
8734,16,train
8736,45,train
8737,8735,train
8739,8737,train
8740,8738,train
8741,724,train
8742,16,train
8743,8741,validation
8745,8743,train
8747,8745,train
8748,1790,train
8750,8748,train
8751,8749,train
8752,8750,train
8753,7,train
8754,8752,validation
8755,8753,train
8756,8754,validation
8758,8756,train
8760,8758,train
8761,8759,train
8763,3010,validation
8764,8762,train
8765,8763,train
8767,8765,train
8768,8766,train
8769,8767,train
8770,8768,validation
8771,8769,train
8772,8770,train
8773,7,train
8775,8773,train
8776,3973,train
8777,8775,validation
8778,6928,train
8779,8777,train
8780,8778,train
8782,16,train
8783,724,train
8784,8782,train
8785,8783,validation
8786,8784,train
8787,8785,train
8788,8786,train
8789,713,train
8790,1768,train
8791,8789,train
8793,33,train
8794,8792,validation
8795,8793,train
8796,8794,train
8798,8796,train
8799,16,train
8800,8798,train
8801,8799,train
8802,8800,train
8803,8801,train
8804,2594,train
8805,8803,train
8807,8805,train
8808,274,validation
8809,6774,train
8811,8809,train
8812,8810,train
8813,8811,train
8814,8812,train
8817,8815,train
8818,8816,validation
8819,8817,train
8820,8818,train
8822,8820,train
8823,8821,train
8824,8822,validation
8825,8823,train
8827,8825,train
8828,8826,train
8829,8827,train
8830,8828,validation
8831,349,validation
8833,8831,train
8834,8832,train
8835,8833,train
8836,8834,validation
8837,3409,train
8838,8836,train
8841,8839,train
8843,8841,train
8845,8843,validation
8846,8844,train
8847,8845,train
8850,8848,train
8851,8849,validation
8852,8850,train
8853,8851,train
8855,8853,train
8856,8854,train
8857,8855,train
8858,798,train
8859,513,train
8860,8858,validation
8861,8859,train
8862,658,train
8863,8861,train
8865,8863,validation
8866,8864,train
8867,8865,train
8868,8866,train
8869,8867,train
8871,8869,validation
8873,8871,train
8874,8872,train
8875,8873,validation
8876,8874,train
8877,8875,train
8878,8876,train
8880,8878,train
8881,8879,train
8882,8880,validation
8884,8882,train
8885,8883,train
8886,8884,train
8888,8886,train
8889,8887,train
8891,8889,train
8892,8890,train
8893,8891,validation
8894,8892,train
8895,8893,train
8896,4088,validation
8897,8895,train
8899,4510,validation
8900,8898,train
8901,8899,validation
8903,8901,train
8905,8206,train
8906,8904,train
8907,8905,train
8908,8906,validation
8910,8908,train
8911,8909,validation
8912,8910,train
8913,7,train
8914,8912,train
8915,8913,train
8917,8915,validation
8918,8916,train
8920,8918,train
8921,8919,train
8922,8920,validation
8923,8921,train
8925,8923,train
8926,8924,train
8927,6774,train
8928,8926,train
8929,271,train
8930,16,train
8931,8929,validation
8932,8930,train
8934,8932,train
8935,36,train
8937,8935,train
8938,1938,train
8939,8937,train
8941,8939,validation
8942,8940,train
8943,8941,train
8944,5832,validation
8946,8944,train
8947,166,train
8948,8946,train
8949,8947,validation
8951,8949,train
8952,1902,train
8953,8951,train
8954,8952,validation
8956,8954,train
8957,8955,train
8958,24,train
8959,8957,train
8960,8958,train
8961,271,train
8962,8960,train
8964,8962,train
8967,8965,train
8968,8966,validation
8969,5456,train
8970,2413,train
8971,8969,train
8972,8970,train
8973,8971,train
8974,8972,train
8975,6363,train
8977,8975,validation
8978,8976,train
8980,8978,train
8981,8979,train
8982,8980,train
8984,8982,train
8986,612,train
8987,8985,train
8988,8986,validation
8989,2900,train
8990,8988,train
8991,1145,train
8993,8991,train
8994,8992,train
8995,8993,validation
8996,8994,train
8998,1749,train
8999,8997,train
9000,8998,validation
9001,8999,train
9002,178,train
9003,9001,train
9005,24,train
9006,9004,train
9007,9005,train
9008,9006,train
9009,9007,train
9010,9008,validation
9012,271,train
9013,9011,train
9015,9013,train
9016,9014,train
9017,9015,validation
9019,9017,train
9021,9019,train
9022,9020,validation
9023,9021,train
9024,9022,train
9025,6928,train
9026,9024,train
9027,9025,train
9028,9026,train
9029,9027,validation
9030,366,train
9032,9030,train
9033,9031,train
9034,9032,train
9036,9034,validation
9037,9035,train
9038,9036,train
9039,9037,validation
9041,9039,train
9042,9040,train
9043,9041,train
9045,9043,train
9046,16,train
9049,9047,train
9050,3257,validation
9051,9049,validation
9052,1142,train
9053,9051,train
9054,9052,train
9056,9054,train
9058,9056,validation
9059,1783,train
9060,9058,train
9061,36,train
9062,9060,train
9063,9061,train
9064,9062,validation
9066,9064,train
9068,9066,train
9069,9067,train
9070,9068,train
9071,9069,train
9072,9070,train
9073,9071,train
9078,9076,validation
9079,271,train
9080,9078,train
9081,9079,train
9082,9080,validation
9083,9081,train
9084,9082,train
9085,6481,train
9086,9084,train
9087,2536,train
9088,2261,train
9090,9088,train
9091,9089,train
9092,9090,train
9094,9092,train
9095,9093,train
9096,9094,train
9097,9095,validation
9099,0,train
9100,9098,train
9101,9099,train
9102,9100,train
9103,9101,validation
9104,9102,train
9106,9104,train
9107,9105,train
9108,9106,train
9109,9107,train
9112,9110,validation
9113,9111,train
9114,5682,train
9116,9114,train
9117,7251,train
9118,9116,train
9119,9117,train
9120,9118,validation
9122,9120,train
9123,9121,train
9124,9122,validation
9126,9124,train
9127,9125,train
9128,9126,train
9129,9127,validation
9130,9128,train
9131,9129,validation
9133,240,validation
9134,9132,train
9135,271,train
9137,9135,train
9138,9136,train
9140,9138,train
9141,9139,train
9142,3908,train
9143,9141,train
9145,9143,train
9146,9144,train
9147,9145,train
9148,25,validation
9149,9147,validation
9150,9148,train
9151,9149,train
9153,9151,train
9154,9152,train
9155,9153,train
9156,9154,train
9157,9155,train
9159,9157,train
9160,9158,validation
9162,9160,train
9163,9161,validation
9164,9162,train
9166,9164,train
9167,9165,validation
9168,9166,train
9169,675,train
9170,9168,train
9172,9170,train
9173,9171,train
9174,9172,train
9175,9173,validation
9176,9174,train
9177,9175,train
9179,9177,train
9181,9179,validation
9182,9180,train
9183,9181,train
9184,94,train
9185,9183,train
9186,3209,train
9187,271,train
9188,16,train
9189,9187,train
9191,9189,train
9192,9190,train
9193,9191,train
9194,9192,train
9197,9195,validation
9198,9196,train
9199,9197,train
9200,9198,train
9201,9199,train
9202,9200,train
9204,9202,train
9205,9203,train
9206,9204,train
9207,9205,validation
9210,3821,validation
9211,9209,train
9212,9210,train
9213,9211,validation
9214,381,train
9215,36,train
9216,9214,train
9218,9216,train
9219,9217,train
9221,9219,train
9222,9220,train
9224,9222,validation
9225,9223,train
9227,9225,train
9228,9226,train
9229,94,train
9230,9228,train
9231,9229,validation
9232,9230,train
9234,9232,train
9236,9234,train
9237,9235,train
9238,9236,train
9240,9238,validation
9241,406,train
9242,9240,train
9243,171,train
9244,9242,train
9245,9243,train
9246,9244,train
9248,9246,train
9249,5416,train
9251,9249,train
9252,9250,train
9253,9251,train
9254,9252,train
9255,9253,train
9257,9255,train
9258,9256,train
9259,9257,validation
9260,9258,train
9261,9259,train
9262,9260,validation
9264,9262,train
9265,9263,train
9266,24,train
9267,8206,train
9269,16,train
9270,9268,train
9272,8400,train
9273,9271,train
9274,9272,validation
9275,9273,train
9276,9274,train
9277,9275,train
9278,9276,validation
9279,9277,train
9281,9279,train
9282,9280,train
9284,9282,train
9286,9284,validation
9287,9285,train
9289,9287,train
9290,9288,train
9291,9289,train
9293,9291,train
9294,9292,train
9295,9293,train
9297,3074,train
9298,9296,train
9299,9297,train
9301,9299,validation
9303,9301,train
9304,9302,train
9306,9304,train
9307,9305,validation
9308,5529,train
9309,177,train
9310,9308,train
9312,9310,train
9313,9311,train
9314,9312,validation
9315,9313,train
9316,9314,train
9317,9315,train
9318,9316,validation
9319,9317,train
9321,9319,train
9322,9320,train
9323,9321,train
9324,9322,validation
9325,9323,train
9326,271,train
9328,9326,train
9329,9327,train
9330,9328,validation
9331,9329,train
9334,9332,train
9335,9333,train
9336,9334,train
9337,675,train
9339,9337,validation
9340,9338,train
9341,9339,train
9342,724,train
9344,9342,train
9345,735,train
9346,9344,train
9347,9345,validation
9348,9346,train
9350,9348,train
9351,9349,validation
9352,9350,train
9353,9351,train
9354,9352,train
9356,9354,train
9357,9355,validation
9358,9356,train
9359,9357,train
9360,9358,train
9361,9359,train
9363,9361,train
9364,0,train
9365,9363,train
9366,9358,train
9368,1172,train
9369,9367,train
9370,9368,train
9371,9369,train
9372,1213,train
9374,9372,validation
9375,9373,train
9376,9374,train
9377,9375,train
9378,3409,train
9380,5416,train
9381,9379,validation
9382,9380,train
9383,9381,train
9384,3908,train
9386,9384,train
9387,9385,validation
9388,3584,validation
9389,271,train
9390,9388,train
9391,9389,train
9392,9390,train
9394,6228,train
9395,9393,validation
9396,9394,train
9397,9395,train
9399,9397,train
9400,9398,train
9401,9399,validation
9402,9400,train
9403,9401,train
9404,9402,validation
9406,9404,train
9407,9405,train
9408,9406,train
9409,9407,train
9410,9408,validation
9411,9409,train
9413,271,train
9414,9412,train
9415,9413,train
9417,9415,validation
9418,7440,train
9419,9417,train
9420,36,train
9422,9420,train
9423,9421,train
9424,194,train
9426,9424,train
9427,1933,train
9428,9426,validation
9429,9427,validation
9430,9428,validation
9431,9429,train
9432,9170,train
9433,9431,train
9434,36,train
9435,9433,train
9437,16,train
9438,9436,train
9439,675,train
9441,403,train
9442,2833,validation
9443,5382,train
9444,9442,train
9445,9443,train
9446,5866,validation
9447,9445,train
9448,6363,train
9450,9448,train
9451,9449,train
9452,9450,train
9453,9451,train
9454,9452,train
9455,194,train
9456,1647,train
9457,9455,validation
9459,3865,train
9460,9458,train
9461,9459,train
9462,6821,validation
9463,504,validation
9465,9463,train
9467,9465,train
9468,474,train
9469,2864,train
9470,7,train
9471,4871,train
9472,1085,train
9474,9472,train
9475,9473,validation
9476,9474,train
9477,36,train
9479,36,train
9481,9479,validation
9482,9480,train
9483,504,validation
9484,1574,validation
9485,9483,train
9486,9484,train
9487,36,train
9488,9486,train
9489,9487,train
9491,16,train
9492,9490,train
9493,16,train
9494,9492,validation
9495,9493,train
9497,7042,train
9498,9496,train
9499,9497,train
9500,9498,train
9501,9499,validation
9503,9501,train
9504,9502,train
9505,9503,validation
9506,5409,train
9508,9506,train
9509,9507,train
9511,9509,train
9512,9510,validation
9514,9512,train
9515,16,train
9516,9514,train
9517,9515,train
9518,9516,train
9520,9518,train
9521,9519,validation
9522,9520,train
9523,779,train
9524,9522,train
9526,126,train
9527,9525,train
9528,33,train
9529,9527,train
9530,9528,validation
9531,9529,train
9533,2864,train
9534,9532,train
9535,9533,train
9536,737,validation
9537,9535,train
9538,9536,validation
9539,9537,train
9540,274,validation
9542,9540,train
9543,9541,validation
9544,9542,train
9546,9544,train
9547,9545,train
9548,9546,train
9549,9547,train
9550,9548,train
9553,0,train
9554,9552,train
9555,9553,train
9557,9555,train
9558,9556,train
9559,9557,validation
9562,9560,train
9563,9561,train
9564,9562,train
9565,9563,validation
9566,36,train
9567,9565,train
9569,9567,train
9570,9568,train
9571,9569,train
9572,9570,train
9574,9572,validation
9575,9573,train
9576,9574,train
9578,9576,train
9580,284,train
9581,9579,train
9582,9580,train
9583,9581,validation
9584,9582,train
9585,9583,train
9587,16,train
9588,9586,train
9589,9587,train
9590,1142,train
9591,9589,validation
9593,4872,train
9594,9592,train
9595,9593,validation
9596,675,train
9597,9595,train
9599,9597,train
9600,9598,train
9601,9599,train
9603,9601,train
9604,9602,train
9605,9603,train
9606,9604,train
9609,9607,train
9610,9608,train
9612,9610,validation
9613,9611,train
9614,9612,train
9615,9613,train
9616,9614,validation
9617,9615,train
9618,9616,train
9619,0,train
9620,9618,train
9623,9621,validation
9625,612,train
9626,9624,train
9627,9625,train
9629,9627,train
9630,9628,train
9631,9629,validation
9632,1540,train
9633,9631,train
9634,9632,train
9636,9634,train
9637,9635,train
9638,9636,validation
9640,9638,train
9642,7667,train
9643,9641,train
9645,9643,train
9646,3693,validation
9647,9645,train
9648,9646,validation
9649,9647,train
9651,9649,train
9652,9650,train
9654,9652,train
9655,1662,train
9656,9654,train
9657,9655,train
9658,9656,validation
9660,9658,train
9661,9659,train
9663,117,train
9664,581,train
9665,9663,train
9666,9664,validation
9667,9665,train
9668,9666,train
9672,9670,train
9673,9671,train
9674,9672,train
9675,8677,validation
9676,9674,train
9677,1115,train
9678,9676,validation
9680,9678,train
9681,349,validation
9683,271,train
9684,9682,train
9685,9683,train
9686,9684,validation
9687,9685,train
9688,9686,train
9689,9687,train
9690,735,train
9691,9689,train
9693,9691,train
9694,9692,train
9695,9693,train
9696,194,train
9697,9695,train
9699,9697,train
9701,9699,validation
9702,9700,validation
9703,7,train
9704,9702,train
9706,9704,train
9708,9706,train
9709,9707,validation
9710,9708,train
9711,9709,train
9712,194,train
9714,9712,train
9715,9713,train
9716,9714,train
9717,9715,validation
9718,3311,train
9720,9718,train
9721,9719,train
9722,9720,train
9723,9721,train
9725,9723,validation
9726,9724,train
9727,9725,train
9728,1133,validation
9729,9727,train
9730,349,validation
9732,9730,validation
9733,9731,train
9734,9732,train
9735,9733,train
9736,9734,train
9738,295,train
9740,9738,train
9741,9739,validation
9742,1749,train
9744,9742,train
9745,1212,validation
9749,9747,train
9750,675,train
9751,9749,train
9752,9750,validation
9753,9751,train
9755,9753,train
9756,7,train
9758,9756,train
9759,9757,train
9760,9758,train
9761,271,train
9762,9760,validation
9763,9761,train
9764,9762,validation
9765,9763,train
9767,9765,train
9769,9767,validation
9770,9768,train
9771,9769,train
9772,9770,train
9774,9772,train
9775,9773,train
9776,9774,validation
9777,9775,train
9778,9776,train
9779,7,train
9780,5163,train
9781,9779,train
9783,9781,train
9785,9783,train
9787,9785,validation
9789,9787,train
9790,9788,train
9791,3175,validation
9792,9790,train
9793,9791,validation
9795,9724,train
9796,9794,train
9797,194,train
9798,9796,train
9799,9797,train
9800,474,train
9801,166,train
9802,9800,train
9804,2344,train
9805,9803,validation
9806,9804,train
9807,9805,train
9808,9806,train
9809,9807,train
9811,9809,validation
9812,9810,validation
9813,9811,train
9814,1020,train
9816,252,train
9817,9815,train
9818,9816,train
9819,9817,train
9820,9818,validation
9822,9820,train
9823,24,train
9824,9822,train
9826,9824,train
9827,9825,validation
9828,9826,train
9829,9827,train
9830,9828,train
9831,9829,train
9833,9831,validation
9834,9832,train
9835,9833,train
9836,9834,train
9837,9835,validation
9839,9837,train
9840,9838,train
9841,9839,train
9842,9840,train
9843,3010,validation
9845,9843,train
9846,9844,validation
9847,3584,validation
9848,9846,train
9849,9847,train
9851,1598,train
9852,2734,validation
9853,9851,train
9854,9852,train
9855,9853,validation
9856,9854,train
9858,9856,train
9859,9857,train
9860,9858,validation
9862,9860,train
9863,9861,train
9864,9862,train
9865,9863,train
9867,9865,train
9868,9866,validation
9869,923,train
9870,9868,train
9871,6262,train
9873,1401,train
9874,9872,train
9875,9873,train
9876,349,validation
9877,504,validation
9878,9876,train
9879,9877,validation
9880,9878,train
9882,5976,train
9883,581,train
9884,9882,validation
9885,9883,train
9886,9884,train
9888,9886,train
9889,9887,train
9890,9888,validation
9892,1233,train
9893,9891,train
9894,3777,train
9895,9893,train
9896,9894,train
9897,9895,train
9898,5954,train
9899,7073,validation
9900,9898,validation
9901,9899,train
9903,9901,train
9904,9902,validation
9905,1198,train
9906,9904,train
9907,9905,train
9908,9906,train
9909,9907,train
9911,9909,validation
9912,9910,train
9913,36,train
9915,9913,train
9916,9914,train
9917,9915,validation
9918,5163,train
9919,9917,train
9920,9918,train
9923,452,train
9924,9922,train
9926,9924,train
9927,9925,validation
9929,9927,train
9930,9928,train
9931,9929,validation
9932,9930,train
9933,9931,train
9935,452,train
9936,9934,train
9937,798,train
9938,9936,train
9939,9937,train
9941,611,train
9942,9940,validation
9943,9941,train
9944,284,train
9945,9943,train
9946,9944,train
9947,9945,validation
9949,9947,train
9950,9948,train
9951,271,train
9952,2344,train
9953,9951,validation
9955,770,train
9956,9954,train
9957,9955,train
9958,9956,train
9959,240,validation
9960,9958,validation
9961,9959,train
9963,9961,validation
9964,9962,train
9965,9963,validation
9966,9964,train
9967,9965,train
9968,9966,train
9969,9967,train
9970,675,train
9973,9971,train
9974,9972,train
9975,9973,train
9976,9974,validation
9977,9975,train
9979,9977,train
9980,9978,train
9981,9979,validation
9982,1212,validation
9984,9982,train
9985,9983,train
9987,9985,train
9988,9986,train
9990,9988,train
9991,9989,train
9992,9990,train
9993,9991,train
9995,9993,train
9996,1458,train
9997,9995,train
9998,9996,validation
10000,9998,train
10001,9999,train
10002,7,train
10003,3458,train
10004,10002,train
10005,2957,validation
10006,10004,train
10007,10005,train
10009,6965,validation
10010,10008,validation
10011,10009,train
10012,10010,validation
10014,10012,train
10016,10014,validation
10017,10015,train
10018,10016,train
10019,1378,train
10021,10019,validation
10022,10020,train
10023,10021,train
10024,10022,train
10025,10023,train
10027,10025,train
10028,10026,validation
10029,10027,train
10030,10028,validation
10031,10029,train
10033,10031,train
10034,10032,train
10035,10033,validation
10036,271,train
10037,10035,train
10038,10036,train
10040,10038,train
10041,10039,validation
10042,3779,train
10045,10043,train
10046,10044,train
10047,10045,train
10049,10047,train
10050,10048,train
10051,10049,train
10052,10050,validation
10053,10051,train
10055,10053,train
10057,10055,train
10058,10056,validation
10059,1385,train
10060,10058,train
10062,10060,train
10063,4744,train
10064,271,train
10065,4009,train
10066,10064,train
10067,10065,train
10068,10066,validation
10070,8259,train
10071,10069,train
10072,7,train
10073,10071,validation
10074,10072,train
10075,10073,train
10076,5169,train
10077,10075,train
10079,10077,train
10081,10079,train
10082,10080,validation
10083,10081,train
10085,10083,train
10086,10084,train
10087,10085,train
10088,10086,train
10089,1331,train
10091,24,train
10092,10090,validation
10093,10091,train
10094,240,validation
10095,10093,train
10096,271,train
10098,10096,train
10099,274,validation
10100,10098,validation
10101,10099,train
10103,729,train
10104,10102,train
10105,10103,train
10106,10104,train
10107,10105,validation
10108,24,train
10110,10108,train
10111,10109,train
10112,10110,train
10113,10111,train
10114,10112,validation
10115,10113,train
10117,319,train
10118,10116,train
10120,10118,train
10121,10119,train
10122,10120,train
10123,10121,train
10124,426,train
10125,10123,validation
10128,295,train
10129,10127,train
10130,3908,train
10131,10129,train
10132,10130,train
10133,2793,train
10134,770,train
10136,10134,train
10137,10135,validation
10138,10136,train
10139,10137,train
10140,10138,validation
10141,10139,train
10142,7,train
10143,10141,train
10144,10142,validation
10145,10143,train
10147,612,train
10148,9399,validation
10149,10147,train
10150,10148,train
10151,10149,train
10152,10150,validation
10153,10151,train
10155,10153,train
10156,10154,train
10157,406,train
10158,10156,train
10159,10157,validation
10160,8389,train
10162,10160,train
10163,10161,train
10164,10162,validation
10166,10164,train
10167,10165,train
10169,10167,train
10170,10168,validation
10171,10169,train
10172,612,train
10173,611,train
10174,10172,train
10175,10173,train
10177,812,train
10178,274,validation
10179,784,train
10180,10178,train
10181,10179,train
10182,10180,validation
10184,10182,train
10186,10184,train
10187,10185,train
10188,271,train
10189,10187,train
10191,10189,train
10192,10190,validation
10194,10192,train
10195,10193,train
10196,271,train
10197,10195,train
10198,10196,validation
10199,10197,train
10200,10198,train
10201,10199,train
10203,10201,train
10204,10202,train
10205,10203,train
10206,10204,train
10208,3035,train
10209,194,train
10210,10208,train
10211,10209,train
10212,10210,train
10213,10211,train
10214,7,train
10215,10213,validation
10217,10215,train
10218,10216,validation
10219,10217,train
10220,10218,train
10221,8391,train
10222,16,train
10224,10222,train
10226,819,train
10227,10225,train
10229,10227,validation
10230,10228,train
10231,10229,train
10233,10231,train
10234,36,train
10236,10234,train
10237,5746,train
10238,252,train
10239,10237,train
10240,10238,train
10241,10239,validation
10243,737,validation
10244,7,train
10245,10243,train
10246,36,train
10247,10245,train
10248,10246,validation
10250,10248,train
10251,10249,train
10252,2504,train
10253,1249,train
10254,271,train
10255,10253,train
10256,10254,train
10257,10255,validation
10259,10257,train
10260,4716,validation
10261,24,train
10262,10260,validation
10264,10262,train
10265,271,train
10267,10265,train
10268,1540,train
10269,10267,train
10270,10268,train
10271,10269,train
10273,10271,train
10274,10272,train
10275,10273,train
10276,1850,train
10278,457,train
10279,178,train
10280,10278,train
10281,116,train
10282,1577,validation
10283,3973,train
10284,10282,train
10285,10283,train
10286,10284,train
10287,10285,validation
10290,10288,train
10291,10289,train
10292,10290,train
10294,10292,train
10295,10293,train
10296,4581,train
10297,10295,validation
10298,10296,train
10299,10297,train
10301,10299,train
10302,10300,train
10303,10301,train
10304,10302,train
10305,36,train
10308,10306,validation
10309,3425,validation
10310,9666,train
10311,10309,train
10312,10310,train
10313,10311,train
10314,10312,train
10315,10313,train
10317,3908,train
10318,10316,train
10319,10317,train
10320,1416,train
10321,10319,validation
10322,10320,train
10324,10322,train
10325,10323,train
10326,10324,train
10327,10325,train
10329,10327,validation
10330,10328,train
10331,10329,train
10333,10331,train
10334,452,train
10335,10333,train
10336,10334,validation
10337,10335,validation
10338,10336,train
10339,10337,train
10341,10339,train
10342,10340,train
10344,10342,train
10345,10343,train
10346,10344,train
10347,10345,validation
10349,24,train
10350,10348,train
10351,10349,train
10352,10350,train
10353,10351,validation
10354,10352,train
10355,3256,train
10357,10355,train
10359,10357,train
10361,10359,train
10362,10360,validation
10363,10361,train
10364,10362,train
10365,6879,validation
10366,10364,train
10367,10365,train
10369,10367,validation
10370,10368,train
10371,10369,train
10372,10370,train
10373,3260,train
10375,10373,train
10376,10374,validation
10377,10375,train
10379,5813,train
10380,3584,validation
10382,10380,train
10383,10381,train
10384,107,train
10385,10383,train
10386,10384,train
10387,10385,validation
10390,10388,train
10392,10390,train
10393,10391,validation
10394,10392,train
10395,10393,train
10396,10394,train
10397,10395,train
10398,10396,train
10399,10397,validation
10400,10393,train
10401,1212,validation
10402,10400,train
10403,10401,train
10405,7052,train
10406,10404,train
10407,10405,validation
10409,10407,train
10410,10408,train
10411,504,validation
10412,2344,train
10413,1790,train
10414,10412,train
10415,10413,train
10416,10414,validation
10417,10415,train
10418,10416,train
10419,7068,train
10420,3643,train
10422,10420,train
10423,10421,train
10424,10422,train
10425,10423,validation
10426,16,train
10428,10426,train
10429,10427,train
10432,10430,train
10433,10431,train
10434,10432,train
10435,5866,validation
10436,1385,train
10437,10435,validation
10438,10436,train
10440,10438,train
10441,107,train
10442,10440,train
10443,8396,train
10444,10442,validation
10445,10443,train
10446,166,train
10449,1249,train
10450,10448,train
10451,10449,validation
10452,10450,train
10453,36,train
10455,10453,train
10456,10454,train
10457,10455,train
10458,10456,train
10460,10458,train
10461,10459,validation
10462,10460,train
10463,10461,train
10464,10462,train
10465,10463,train
10467,10465,train
10468,10466,train
10469,10467,train
10471,10469,validation
10472,10470,train
10473,10471,validation
10474,581,train
10475,36,train
10476,10474,train
10477,10475,train
10478,10476,train
10479,10477,train
10481,10479,train
10483,10481,validation
10485,10483,train
10486,3202,train
10487,10485,train
10488,10486,train
10489,10487,validation
10490,271,train
10492,10490,train
10493,271,train
10494,1212,validation
10495,10493,train
10496,10494,validation
10497,10495,train
10499,10497,train
10500,10498,train
10501,7,train
10503,10501,train
10504,10502,train
10505,10503,validation
10506,10504,train
10507,10505,train
10508,10506,validation
10510,10508,train
10511,10509,train
10512,10510,train
10513,10511,validation
10514,5440,train
10515,6530,train
10516,10514,train
10518,10516,train
10519,0,train
10520,10518,train
10521,10519,train
10522,10520,validation
10523,10521,train
10525,10523,train
10526,10524,train
10528,10526,train
10529,99,train
10530,319,train
10531,10529,train
10532,10530,train
10533,10531,train
10534,10532,train
10535,10533,train
10537,1085,train
10538,10536,validation
10539,10537,train
10541,7,train
10542,10540,train
10543,10541,train
10544,10542,train
10545,10543,validation
10546,1749,train
10547,10545,train
10548,10546,train
10550,10548,train
10551,349,validation
10552,10550,validation
10553,10551,train
10554,10552,train
10556,10554,train
10557,10555,train
10558,4491,train
10559,504,validation
10561,10559,train
10562,10560,validation
10563,1145,train
10564,10562,train
10565,10563,train
10566,10564,train
10567,10565,train
10568,10566,train
10571,10569,train
10572,10570,validation
10573,10571,train
10574,10572,train
10576,10574,train
10577,10575,validation
10578,10576,train
10579,10577,train
10580,10578,train
10581,10579,train
10582,0,train
10583,1597,validation
10584,10582,train
10585,10583,train
10588,737,validation
10590,10588,validation
10592,10590,validation
10593,10591,train
10594,10592,train
10595,10593,train
10596,10594,validation
10598,3,validation
10599,10597,train
10600,10598,train
10601,10599,train
10602,10600,validation
10603,10601,train
10604,10602,train
10605,10603,train
10606,0,train
10608,10606,validation
10609,10607,train
10611,10609,train
10612,10610,train
10613,10611,train
10614,10612,validation
10616,10614,train
10617,10615,train
10618,10616,train
10619,178,train
10620,10618,validation
10621,10619,train
10623,2810,train
10624,10622,train
10625,10623,train
10626,10624,train
10627,10625,validation
10628,10626,train
10629,10627,train
10630,10628,train
10632,10630,train
10633,9884,train
10634,10632,validation
10635,10633,train
10637,10635,train
10638,10636,train
10639,10637,validation
10641,10639,train
10642,10640,train
10643,4009,train
10644,7,train
10645,10643,train
10647,10645,validation
10648,10646,train
10649,10647,validation
10650,10648,train
10651,10649,train
10652,989,train
10653,10651,train
10654,10652,train
10656,10654,train
10657,10655,validation
10658,10656,train
10660,36,train
10661,10659,train
10663,4176,train
10664,713,train
10665,10663,train
10668,10666,train
10669,10667,validation
10670,10668,train
10671,10669,train
10672,10670,train
10673,10671,validation
10675,10673,train
10676,10674,train
10677,10675,train
10678,10676,validation
10679,1783,train
10680,10678,train
10681,7,train
10682,10680,train
10683,36,train
10684,10682,train
10685,10683,train
10686,2269,train
10687,10685,validation
10688,10686,train
10689,6418,train
10690,10688,train
10691,10689,train
10692,10690,validation
10693,10691,train
10694,10692,train
10695,349,validation
10696,745,train
10697,5141,train
10698,8975,validation
10699,10697,train
10700,10698,train
10701,10699,train
10702,2741,train
10703,10701,validation
10704,5163,train
10705,10703,train
10706,10704,validation
10709,10707,train
10711,10709,train
10712,10710,train
10713,10711,train
10714,177,train
10715,10713,train
10716,10714,train
10717,10715,validation
10718,10716,train
10719,6433,train
10720,166,train
10721,116,train
10722,10720,train
10723,10721,validation
10724,10722,train
10726,10724,train
10727,10725,train
10728,10726,train
10729,36,train
10730,10728,train
10731,271,train
10732,798,train
10733,36,train
10734,16,train
10735,10733,validation
10736,10734,train
10737,10735,train
10738,10736,train
10739,10278,train
10740,10738,validation
10741,10739,train
10743,10741,train
10745,0,train
10748,10746,train
10749,10747,validation
10750,10748,train
10751,10749,train
10752,10750,train
10753,10751,train
10755,10753,train
10756,10754,train
10757,10755,validation
10758,504,validation
10759,10757,train
10760,10758,train
10761,10759,train
10762,5568,train
10764,10762,train
10765,10763,train
10766,10764,validation
10767,271,train
10769,10767,train
10770,1790,train
10771,10769,train
10772,10770,train
10773,10771,validation
10775,10773,train
10778,10776,train
10779,10777,train
10780,10778,train
10781,10779,validation
10782,10780,train
10783,271,train
10785,713,train
10786,10784,train
10787,10785,train
10788,10786,train
10790,10788,train
10791,10789,validation
10792,10790,train
10793,10791,validation
10794,1755,validation
10797,10795,train
10798,10796,train
10799,10797,train
10800,10798,train
10801,4245,train
10803,10801,train
10804,10802,train
10805,10803,train
10806,10804,train
10807,10805,validation
10809,10807,train
10810,10808,train
10811,10809,train
10812,10810,train
10814,10812,validation
10815,10813,train
10816,581,train
10817,10815,validation
10820,10818,train
10822,33,train
10824,10822,train
10825,10823,train
10826,10824,train
10827,10825,train
10828,10826,train
10830,10828,validation
10831,10829,train
10832,10830,validation
10833,10831,train
10835,10833,train
10836,10834,train
10837,10835,train
10838,641,validation
10840,10838,train
10841,1850,train
10842,9160,train
10843,10841,train
10844,10842,validation
10846,10844,train
10847,10845,train
10848,10846,train
10849,10847,validation
10850,10848,train
10852,10850,validation
10853,10851,train
10854,10852,train
10855,2944,train
10856,10854,train
10858,10856,train
10859,10857,train
10860,10858,validation
10861,10859,train
10863,10861,train
10864,10862,train
10865,10863,train
10866,10864,validation
10868,271,train
10869,10867,train
10870,10868,train
10871,10869,train
10872,798,train
10873,10871,validation
10874,9806,train
10875,10873,train
10877,10875,train
10878,10876,train
10879,16,train
10880,10878,validation
10881,2833,validation
10882,10880,train
10883,10881,train
10884,10882,train
10886,10884,train
10888,10886,validation
10889,10887,train
10890,10888,train
10891,6530,train
10892,10890,train
10894,10892,train
10895,10893,validation
10896,581,train
10897,10895,train
10898,10896,train
10900,6403,train
10901,10899,validation
10902,1596,train
10903,10901,train
10904,271,train
10905,10903,train
10906,10904,validation
10907,10905,train
10909,10907,train
10910,10908,train
10911,10909,validation
10912,10910,train
10913,10911,validation
10915,10913,train
10916,675,train
10917,3887,train
10919,10917,train
10920,2751,validation
10921,10919,train
10923,724,train
10924,10922,train
10925,10923,train
10926,10924,validation
10927,271,train
10929,10927,validation
10930,10928,train
10932,7,train
10933,10931,train
10934,10932,train
10935,2900,train
10937,10935,validation
10938,10936,train
10940,10938,train
10941,10939,train
10942,10940,train
10944,10942,validation
10945,10943,train
10946,24,train
10947,10945,train
10948,6800,train
10949,16,train
10950,10948,validation
10951,7,train
10953,939,train
10954,10952,train
10955,10953,train
10956,10954,train
10958,10956,train
10960,9463,train
10961,10959,train
10962,94,train
10963,10961,validation
10964,3258,train
10965,194,train
10967,1790,train
10968,4009,train
10969,10967,train
10971,10969,train
10972,10970,train
10973,10971,train
10975,10973,train
10976,10974,validation
10977,10975,validation
10979,10977,train
10980,271,train
10981,10979,train
10982,10980,train
10983,10981,train
10984,91,train
10986,10984,validation
10987,10985,train
10988,10986,train
10989,10987,train
10992,10990,validation
10993,10991,train
10994,10992,train
10995,10993,train
10996,10994,train
10998,10996,train
10999,10997,validation
11000,319,train
11001,10999,train
11003,11001,train
11004,11002,train
11005,36,train
11006,178,train
11007,11005,validation
11008,11006,train
11009,36,train
11011,438,train
11012,6800,train
11013,11011,train
11014,11012,train
11015,11013,validation
11016,11014,train
11017,11015,validation
11018,36,train
11020,11018,train
11021,11019,train
11022,11020,validation
11024,11022,train
11025,53,train
11026,11024,validation
11027,11025,train
11029,11027,train
11030,271,train
11031,11029,train
11032,11030,train
11033,11031,validation
11034,349,validation
11036,11034,train
11037,11035,train
11038,271,train
11039,4872,train
11040,11038,train
11041,7,train
11042,11040,validation
11043,11041,train
11044,11042,train
11049,675,train
11050,11048,validation
11051,11049,train
11052,11050,train
11054,11052,train
11055,11053,train
11056,11054,train
11058,11056,train
11059,11057,validation
11060,11058,train
11062,11060,train
11063,284,train
11064,11062,train
11065,11063,train
11066,11064,validation
11067,11065,train
11069,11067,train
11070,194,train
11071,11069,train
11072,271,train
11073,11071,train
11075,11073,validation
11077,11075,train
11078,11076,train
11079,11077,validation
11080,16,train
11081,11079,train
11083,11081,train
11084,11082,validation
11085,11083,train
11086,36,train
11087,11085,train
11088,11086,train
11090,91,train
11091,729,train
11092,11090,train
11093,271,train
11094,11092,train
11095,11093,train
11097,11095,train
11099,11097,validation
11100,11098,train
11101,11099,train
11102,11100,validation
11103,11101,train
11105,11103,train
11106,11104,train
11107,11105,train
11108,11106,validation
11110,11108,train
11111,11109,train
11112,11110,train
11113,11111,train
11116,11114,train
11117,11115,train
11118,11116,validation
11119,11117,train
11120,11118,train
11121,11119,train
11122,11120,train
11123,11121,validation
11125,11123,train
11127,11125,train
11128,11126,train
11129,11127,train
11130,6733,train
11131,11129,train
11132,11130,validation
11133,11131,train
11134,36,train
11136,11134,train
11137,1212,validation
11138,7393,validation
11139,11137,validation
11140,11138,train
11141,2811,validation
11143,11141,validation
11144,11142,train
11145,11143,train
11146,11144,train
11150,11148,train
11151,11149,train
11152,11150,train
11155,11153,train
11156,11154,validation
11157,11155,train
11159,3051,validation
11161,11159,train
11162,11160,validation
11163,11161,train
11164,11162,train
11165,11163,train
11166,773,train
11167,11165,train
11169,16,train
11170,11168,train
11171,11169,train
11172,11170,train
11173,11171,train
11174,11172,validation
11175,2578,validation
11176,1755,validation
11177,107,train
11179,11177,train
11180,11178,train
11181,11179,train
11182,11180,train
11184,11182,train
11185,11183,validation
11186,11184,train
11187,11185,train
11188,271,train
11189,6306,validation
11191,11189,train
11193,252,train
11194,11192,validation
11195,11193,train
11196,11194,train
11197,271,train
11198,217,train
11199,1336,train
11201,2594,train
11202,11200,train
11203,11201,train
11204,11202,train
11205,11203,train
11206,11204,validation
11207,194,train
11209,11207,train
11210,11208,train
11211,11209,train
11212,11210,train
11213,9451,train
11214,2898,train
11216,11214,train
11217,11215,train
11218,729,train
11219,11217,train
11221,11219,validation
11222,11220,train
11223,11221,train
11224,11222,validation
11225,11223,train
11227,11225,train
11228,11226,train
11229,11227,validation
11230,11228,train
11231,864,validation
11232,11123,train
11233,11231,train
11234,11232,train
11235,11233,train
11237,11235,train
11238,11236,train
11240,11238,train
11241,11239,train
11242,11240,validation
11243,11241,validation
11244,11242,train
11245,11243,train
11246,1327,train
11248,11246,train
11249,11247,train
11250,11248,validation
11252,11250,train
11253,2261,train
11254,11252,train
11255,11253,train
11257,11255,train
11258,3260,train
11259,11257,validation
11260,11258,train
11261,11259,train
11262,11260,train
11263,194,train
11264,11262,train
11265,4491,train
11266,11264,validation
11267,11265,train
11269,706,train
11270,11268,train
11272,11270,train
11274,11272,train
11275,11273,train
11276,6425,validation
11277,3,validation
11279,11277,train
11280,11278,validation
11281,11279,train
11282,11280,train
11283,11281,train
11285,11283,validation
11286,11284,train
11287,11285,train
11289,11287,train
11290,11288,validation
11291,11289,train
11292,11290,train
11293,11291,train
11294,11292,train
11296,11294,train
11297,271,train
11298,16,train
11300,11298,validation
11302,1662,train
11303,11301,train
11304,11302,train
11305,11303,train
11306,11304,train
11308,11306,train
11309,11307,validation
11310,11308,train
11311,11309,train
11313,11311,validation
11314,11312,train
11315,7,train
11316,11314,train
11317,11315,train
11319,11317,validation
11320,11318,train
11321,438,train
11322,11320,train
11323,8023,train
11324,2317,validation
11325,11323,train
11327,11325,train
11328,11326,train
11329,11327,train
11330,33,train
11331,11329,train
11332,11330,validation
11333,11331,train
11335,11333,validation
11336,16,train
11337,11335,train
11338,11336,train
11340,11338,train
11342,11340,train
11343,11341,train
11345,11343,train
11346,11344,validation
11347,11345,train
11348,11346,train
11349,11347,train
11350,11348,train
11351,11349,train
11354,11352,validation
11355,11353,train
11356,1213,train
11357,11355,train
11358,11356,validation
11359,1385,train
11360,11358,train
11361,11359,train
11362,2606,train
11363,11361,train
11364,1198,train
11366,11364,train
11367,11365,validation
11368,11366,train
11369,11367,train
11370,11368,train
11372,11370,train
11373,319,train
11374,3202,train
11375,819,train
11376,11374,train
11377,11375,train
11379,11377,train
11380,11378,train
11381,11379,validation
11382,11380,train
11383,11381,train
11384,11382,train
11385,11383,validation
11386,11384,train
11387,6965,validation
11389,11387,train
11390,91,train
11391,11389,train
11394,11392,train
11395,11393,train
11396,11394,validation
11397,11395,train
11398,11396,train
11400,11398,train
11401,271,train
11402,1683,train
11403,11401,train
11404,11402,train
11406,11404,train
11408,4716,validation
11409,11407,train
11411,11409,validation
11412,11410,train
11413,11411,train
11415,11413,train
11416,7000,train
11417,11415,validation
11418,11416,train
11419,11417,train
11421,11419,train
11422,11420,validation
11423,16,train
11424,963,train
11425,11423,train
11427,11425,train
11428,7,train
11429,11427,train
11430,11428,validation
11432,11430,train
11434,11432,train
11435,11433,train
11436,11434,train
11437,5127,train
11438,11436,train
11440,11438,train
11441,11439,validation
11442,11440,validation
11443,11441,train
11444,11442,train
11446,11444,train
11447,11445,train
11448,11446,train
11450,36,train
11451,11449,train
11452,8023,train
11453,11451,train
11454,11452,validation
11455,7,train
11456,11454,train
11457,11455,train
11459,11457,validation
11460,11458,train
11461,11459,train
11463,11461,train
11465,11463,train
11466,11464,validation
11467,11465,validation
11469,11467,train
11470,11468,train
11471,11469,train
11472,11470,train
11475,11473,train
11476,11474,validation
11477,3654,train
11478,16,train
11479,11477,train
11480,11478,train
11481,11479,train
11485,11483,validation
11486,11484,train
11487,9463,train
11488,11486,train
11489,11487,train
11490,11488,validation
11492,11490,train
11493,11491,train
11494,1755,validation
11495,11493,train
11497,11495,train
11498,11496,validation
11500,11498,train
11501,11499,train
11502,171,train
11504,11502,train
11506,11504,train
11507,11505,validation
11508,11506,train
11509,11507,validation
11510,11508,train
11511,36,train
11512,11510,train
11513,11511,train
11514,11512,validation
11515,11513,train
11516,1783,train
11518,11516,train
11519,2730,train
11520,11518,train
11522,11520,train
11523,11521,train
11524,11522,validation
11525,11523,train
11526,11524,train
11527,11525,train
11528,11526,train
11529,349,validation
11530,11528,train
11531,2919,train
11534,11532,train
11535,11533,train
11536,11534,validation
11538,11536,train
11539,11537,train
11540,11538,train
11541,11539,validation
11542,11540,train
11544,11542,train
11545,11543,validation
11546,11544,train
11547,11545,train
11548,11546,train
11550,11548,validation
11551,11549,train
11552,11550,train
11553,11551,train
11555,11553,validation
11556,11554,train
11558,11556,train
11559,11557,train
11561,11559,train
11562,11560,train
11563,11561,train
11564,11562,validation
11565,1198,train
11566,11564,train
11567,11565,train
11569,11567,train
11570,11568,train
11572,11570,validation
11573,11571,train
11574,11572,train
11575,11573,validation
11577,11575,train
11578,91,train
11579,11577,train
11580,11578,train
11581,11579,train
11582,11580,train
11584,11582,validation
11585,178,train
11586,11584,train
11587,36,train
11588,1212,validation
11589,3320,train
11591,11589,train
11592,11590,train
11593,11591,train
11594,11592,train
11595,11593,train
11596,11594,validation
11597,11595,train
11598,11596,train
11599,373,train
11600,11598,train
11602,11600,train
11603,11601,validation
11605,11603,train
11606,11604,validation
11607,11605,train
11608,11606,train
11609,11607,train
11610,11608,train
11612,11610,train
11613,11611,train
11614,36,train
11615,11613,validation
11616,11614,train
11617,3973,train
11618,2578,validation
11621,11619,train
11622,11620,train
11623,11621,validation
11624,11622,train
11626,11624,train
11627,11625,train
11628,11626,validation
11629,11627,train
11630,11628,train
11631,11629,train
11633,11631,train
11634,11632,train
11635,11633,train
11637,11635,train
11639,3887,train
11640,7981,train
11641,11639,train
11642,11640,validation
11643,11641,train
11645,11643,train
11646,11644,train
11647,11645,train
11648,11646,validation
11649,11647,train
11651,11649,train
11652,11650,train
11653,11651,validation
11654,11652,train
11655,11653,train
11657,11655,train
11658,11656,train
11659,271,train
11660,1212,validation
11662,9463,train
11663,11661,train
11664,11662,train
11665,4510,validation
11668,1293,validation
11670,11668,train
11671,770,train
11672,11670,train
11673,11671,train
11674,11672,train
11675,36,train
11676,11674,validation
11677,2530,train
11678,11676,train
11679,4445,train
11682,11680,train
11684,11682,validation
11685,11683,train
11688,11686,train
11689,11687,train
11690,2269,train
11691,11689,train
11692,11690,train
11694,11692,train
11695,11693,train
11696,11694,train
11697,11695,train
11699,2095,validation
11700,11698,validation
11701,11699,train
11702,11700,train
11703,194,train
11704,11702,train
11706,11704,train
11707,11705,train
11708,33,train
11709,11707,validation
11710,11708,train
11712,284,train
11713,11711,train
11714,11712,validation
11715,11713,train
11716,11714,train
11717,11715,validation
11718,1662,train
11719,7,train
11720,11718,train
11722,36,train
11723,11721,train
11724,11722,train
11725,252,train
11726,11724,train
11727,1875,train
11730,11728,train
11731,11729,validation
11732,11730,train
11733,11731,train
11735,271,train
11736,11734,train
11737,11735,train
11738,11736,validation
11739,11737,train
11740,11738,train
11742,11740,train
11743,11741,validation
11744,4754,train
11745,11743,train
11746,33,train
11748,11746,train
11749,11747,train
11750,11748,train
11751,11749,train
11752,11750,train
11753,11751,train
11755,11753,train
11756,11754,train
11758,11756,validation
11760,11758,train
11761,11759,train
11762,11760,train
11764,11762,train
11765,11763,validation
11766,11764,validation
11768,16,train
11769,11767,train
11770,11768,train
11771,11769,train
11772,11770,validation
11774,11772,train
11775,11773,train
11776,11774,train
11777,11775,train
11778,11776,validation
11779,11777,train
11780,11778,train
11781,6458,train
11782,11780,validation
11784,11782,train
11786,11784,train
11787,11785,train
11789,11787,validation
11791,11789,train
11792,1385,train
11793,2833,validation
11794,11792,train
11795,11793,train
11796,11794,train
11797,11795,train
11799,11797,train
11800,11798,train
11801,11799,validation
11802,11800,validation
11804,11802,train
11805,11803,train
11806,3051,validation
11808,11806,train
11809,11807,train
11810,11808,validation
11812,5470,train
11813,11811,train
11814,11812,train
11815,11813,validation
11817,675,train
11818,11816,train
11819,11817,train
11820,11818,validation
11822,11820,train
11823,194,train
11824,11822,train
11825,11823,train
11826,11824,validation
11827,11825,train
11828,11826,train
11830,11828,train
11831,11829,validation
11832,11830,train
11833,11831,train
11834,11832,train
11837,11835,train
11838,11836,train
11839,11837,validation
11840,11838,train
11841,11839,validation
11842,349,validation
11844,11842,train
11845,11843,train
11846,11844,train
11848,11846,train
11849,11847,train
11850,11848,validation
11851,2536,train
11852,11850,train
11853,11851,train
11855,11853,train
11856,724,train
11857,11855,train
11858,864,validation
11859,11857,validation
11861,11859,train
11862,9614,validation
11863,11861,train
11865,352,train
11866,11864,validation
11867,11865,train
11868,11866,train
11869,284,train
11871,11869,train
11872,11870,train
11873,11871,train
11875,11873,train
11876,11874,validation
11877,8737,train
11879,1020,train
11881,11879,train
11882,11880,validation
11884,11882,train
11885,11883,validation
11886,11884,train
11887,11885,train
11888,11886,train
11890,11888,train
11891,11889,train
11892,11890,train
11894,11892,validation
11895,11893,train
11897,11895,validation
11898,7381,train
11899,8817,train
11900,11898,train
11901,11899,train
11902,11900,train
11903,11901,train
11904,11902,train
11905,11903,validation
11908,11906,train
11909,770,train
11910,11908,validation
11911,11909,train
11912,11910,train
11913,11911,train
11915,11913,train
11916,1808,train
11917,11915,validation
11918,11916,train
11920,11918,train
11921,11919,train
11922,11920,train
11925,11923,validation
11926,11924,train
11928,11926,train
11929,11927,train
11930,11928,validation
11931,11929,train
11932,11930,train
11934,11932,train
11935,11933,train
11937,11935,validation
11938,1336,train
11939,11937,train
11940,11938,train
11941,11939,train
11943,11941,train
11944,16,train
11945,11943,train
11946,11944,train
11947,11945,train
11948,11946,validation
11950,1024,train
11951,36,train
11952,11950,train
11953,11951,train
11954,11952,train
11956,5325,train
11957,646,train
11958,11956,train
11959,11957,train
11960,3074,train
11961,11959,validation
11962,11960,train
11964,11962,validation
11965,7065,train
11966,11964,train
11967,11965,train
11969,11967,validation
11970,11968,train
11971,11969,train
11972,11970,train
11973,11971,train
11974,11972,validation
11975,11973,train
11976,11974,train
11977,11975,train
11978,11976,train
11979,11977,validation
11980,11978,train
11983,11981,train
11984,11982,train
11986,2601,train
11987,11985,train
11989,11987,validation
11990,11988,train
11991,11989,train
11992,11990,train
11994,11992,train
11995,11993,validation
11996,16,train
11997,11995,train
11998,11996,train
11999,6262,train
12000,11998,train
12003,12001,train
12004,12002,train
12005,36,train
12006,12004,train
12008,12006,train
12009,2741,train
12010,12008,validation
12011,12009,train
12012,12010,train
12014,12012,train
12016,3929,validation
12017,12015,train
12018,12016,validation
12019,12017,train
12020,12018,train
12022,1845,train
12024,12022,train
12025,9080,validation
12027,12025,train
12028,1458,train
12031,12029,train
12032,12030,train
12033,12031,validation
12034,12032,train
12035,12033,train
12036,1172,train
12037,7065,train
12039,1212,validation
12040,12038,train
12041,12039,train
12042,12040,train
12044,12042,train
12046,2833,validation
12047,7,train
12048,438,train
12049,12047,train
12050,6169,train
12051,12049,train
12052,12050,train
12053,36,train
12055,12053,validation
12056,12054,train
12057,12055,train
12058,0,train
12059,12057,train
12060,474,train
12062,12060,train
12063,91,train
12064,12062,validation
12065,12063,train
12066,12064,train
12068,12066,train
12069,12067,train
12070,12068,train
12071,12069,train
12073,12071,train
12074,10911,validation
12075,12073,validation
12076,12074,validation
12077,12075,train
12079,12077,train
12080,3451,train
12081,12079,train
12082,12080,train
12083,12081,train
12084,33,train
12086,3467,validation
12087,12085,train
12088,12086,validation
12089,2507,train
12090,12088,train
12093,3425,validation
12094,3035,train
12095,12093,train
12096,12094,train
12097,12095,validation
12098,12096,train
12099,7,train
12100,12098,train
12101,12099,train
12102,12100,train
12103,12101,train
12104,675,train
12105,33,train
12106,12104,validation
12107,6476,train
12108,12106,train
12109,2100,train
12111,12109,train
12112,331,train
12113,3011,train
12114,12112,train
12116,12114,train
12117,12115,validation
12118,1902,train
12119,1579,train
12120,12118,train
12121,12119,train
12123,12121,train
12124,1020,train
12125,12123,train
12126,12124,train
12127,12125,train
12128,12126,train
12130,12128,validation
12132,12130,train
12133,12131,train
12135,12133,train
12136,12134,train
12137,12135,train
12138,12136,train
12140,12138,train
12141,12139,validation
12142,12140,train
12143,2121,train
12144,12142,train
12145,2460,train
12146,12144,train
12147,12145,train
12149,12147,validation
12150,12148,train
12151,349,validation
12152,12150,train
12154,12152,validation
12155,12153,train
12156,12154,validation
12157,12155,train
12158,12156,train
12159,5323,validation
12160,12158,train
12162,12160,train
12163,12161,train
12164,12162,validation
12165,2906,validation
12166,12164,validation
12168,12166,train
12169,12167,train
12170,12168,train
12172,12170,validation
12173,271,train
12174,12172,train
12175,12173,train
12176,1258,train
12177,12175,train
12178,12176,train
12180,12178,validation
12181,91,train
12182,12180,train
12183,12181,train
12185,12183,train
12186,12184,train
12187,12185,train
12188,12186,validation
12189,12187,train
12191,12189,train
12192,1142,train
12193,581,train
12194,12192,train
12195,7,train
12196,12194,validation
12197,12195,train
12198,12196,train
12200,12198,train
12202,12200,train
12204,12202,train
12205,12203,train
12206,12204,validation
12207,12205,train
12208,2765,train
12210,12208,train
12211,12209,train
12213,12211,train
12214,12212,train
12215,12213,train
12216,2753,train
12217,12215,train
12218,12216,train
12219,12217,validation
12221,12219,train
12223,12221,train
12224,12222,train
12225,12223,train
12226,2741,train
12227,819,train
12229,12227,train
12230,36,train
12231,12229,validation
12232,12230,train
12233,12231,train
12234,12232,train
12235,12233,validation
12237,12235,train
12239,7975,train
12240,1933,train
12241,12239,train
12242,12240,train
12243,12241,train
12244,737,validation
12245,12243,validation
12247,12245,train
12249,12247,train
12250,12248,train
12252,12250,validation
12253,12251,train
12254,12252,train
12255,6742,validation
12256,36,train
12259,12257,train
12260,5568,train
12261,2495,train
12262,12260,train
12263,12261,train
12264,12262,train
12266,12264,validation
12268,12266,train
12269,12267,train
12270,12268,train
12271,12269,validation
12272,12270,train
12273,12271,train
12274,12272,train
12275,12273,validation
12276,12274,train
12278,12276,train
12279,1132,train
12280,12278,train
12281,12279,train
12282,1239,train
12283,16,train
12284,12282,train
12285,5470,train
12287,12285,train
12288,12286,train
12289,12287,validation
12290,1212,validation
12292,12290,train
12293,12291,train
12294,4491,train
12295,4009,train
12297,12295,train
12298,12296,validation
12300,12298,train
12301,3202,train
12302,12300,train
12303,12301,train
12304,12302,train
12305,53,train
12306,12304,validation
12308,12306,train
12309,7,train
12310,284,train
12311,12309,train
12312,12310,train
12313,12311,train
12314,271,train
12316,12314,train
12318,12316,validation
12319,12317,train
12320,12318,train
12321,7,train
12324,12322,validation
12325,12323,train
12327,12325,train
12329,671,train
12330,178,train
12331,12329,train
12332,12330,validation
12333,319,train
12334,10942,validation
12335,12333,train
12336,12334,train
12337,12335,train
12338,12336,validation
12340,12338,train
12341,12339,train
12342,12340,train
12343,12341,train
12344,16,train
12345,12343,validation
12346,12344,train
12348,12346,train
12349,12347,train
12351,12349,validation
12352,12350,train
12353,12351,train
12354,12352,train
12355,12353,validation
12357,12355,train
12358,12356,train
12359,12357,train
12360,12358,train
12362,12360,train
12363,12361,validation
12364,12362,train
12365,12363,train
12366,12364,validation
12367,12365,train
12369,12367,validation
12370,12368,train
12371,12369,train
12373,12371,train
12374,12372,train
12375,12373,train
12377,12375,train
12378,257,train
12379,12377,train
12380,12378,validation
12381,12379,train
12384,12382,train
12385,16,train
12386,12384,train
12387,284,train
12388,12386,train
12390,12388,validation
12392,349,validation
12393,12391,train
12394,12392,train
12395,12393,train
12396,12394,train
12398,11170,train
12399,12397,validation
12400,12398,train
12401,12399,train
12402,12400,validation
12403,6860,train
12404,12402,train
12405,12403,train
12407,12405,train
12408,12406,train
12410,12408,train
12411,3646,train
12412,12410,train
12413,284,train
12414,12412,train
12415,12413,train
12417,12415,validation
12418,4009,train
12419,126,train
12420,12418,train
12421,12419,train
12422,12420,train
12425,107,train
12426,12424,train
12427,9529,train
12428,16,train
12429,931,train
12430,12428,validation
12431,12429,train
12432,716,validation
12433,2606,train
12434,12432,train
12435,12433,train
12436,12434,train
12437,12435,validation
12440,12438,train
12442,12440,train
12443,12441,train
12444,12442,validation
12445,240,validation
12446,12444,train
12447,12445,train
12448,12446,train
12449,12447,train
12450,12448,train
12452,12450,train
12454,12452,train
12455,12453,train
12456,12454,train
12457,2919,train
12458,12456,train
12459,3394,train
12460,12458,validation
12462,12460,train
12463,7,train
12464,271,train
12465,12463,validation
12466,1212,validation
12467,12465,train
12469,12467,train
12470,12468,train
12471,12469,train
12472,12470,train
12474,7,train
12475,12473,validation
12476,12474,train
12477,12475,train
12478,12476,train
12480,12478,train
12481,12479,validation
12483,12481,train
12486,12484,train
12487,12485,train
12488,12486,validation
12490,12488,train
12492,2765,train
12493,12491,train
12494,12492,validation
12495,12493,train
12496,504,validation
12497,12495,train
12499,12497,train
12500,16,train
12501,12499,train
12502,16,train
12503,12501,train
12504,12502,train
12505,12503,train
12506,784,train
12507,117,train
12509,12507,train
12510,12508,train
12511,12509,validation
12512,9790,train
12513,12511,train
12515,6423,train
12516,12514,train
12517,12515,train
12518,12516,train
12519,12517,validation
12521,12519,train
12523,12521,train
12524,12522,validation
12525,12523,train
12526,12524,train
12528,12526,train
12529,12527,train
12531,16,train
12532,7,train
12534,686,validation
12535,12533,train
12536,12534,train
12537,12535,train
12538,12536,train
12540,36,train
12541,12539,validation
12542,12540,train
12543,12541,validation
12544,12542,train
12546,12544,train
12547,12545,train
12548,12546,train
12549,4009,train
12551,12549,validation
12553,12551,train
12554,12552,train
12555,12553,validation
12557,12555,train
12558,12556,train
12559,12557,train
12561,12559,train
12562,12560,validation
12563,12561,train
12564,12562,train
12565,12563,validation
12567,12565,train
12568,12566,train
12571,12569,train
12573,12571,train
12574,12572,train
12575,12573,train
12576,12574,validation
12578,12576,train
12579,12577,train
12580,12578,train
12582,12580,validation
12583,12581,train
12584,12582,train
12585,12583,train
12587,12585,validation
12589,12587,train
12590,12588,train
12592,12590,train
12593,12591,train
12594,12592,validation
12595,12593,train
12597,12595,train
12598,1933,train
12599,12597,train
12600,12598,train
12601,12599,train
12602,12600,train
12604,12602,validation
12605,12603,train
12606,12604,validation
12607,12605,train
12608,12606,train
12610,12608,train
12611,271,train
12612,12610,validation
12613,12611,train
12615,12613,train
12616,12614,train
12618,12616,train
12619,12617,train
12621,5243,validation
12622,12620,validation
12623,12621,train
12625,12623,train
12626,12624,train
12628,166,train
12630,319,train
12631,12629,train
12632,12630,validation
12633,12631,train
12636,12634,train
12637,12635,train
12638,12636,train
12639,12637,validation
12640,12638,train
12642,12640,train
12644,12642,validation
12645,12643,train
12646,12644,train
12647,7,train
12649,12647,train
12650,12648,train
12652,12650,train
12654,12652,train
12655,12653,validation
12656,12654,train
12658,12656,train
12659,12657,train
12660,12658,validation
12662,12660,train
12663,12661,train
12664,12662,train
12665,194,train
12667,12665,train
12669,12667,train
12670,12668,validation
12671,1157,train
12672,2833,validation
12674,12672,train
12675,12673,train
12676,12674,validation
12677,12675,train
12679,12677,train
12680,12678,validation
12682,12680,train
12683,675,train
12684,12682,train
12685,12683,train
12686,12684,train
12687,12685,validation
12688,12686,train
12690,12688,train
12693,675,train
12694,1239,train
12695,12693,validation
12696,12694,train
12697,12695,train
12699,12697,train
12700,271,train
12701,12699,train
12702,12700,train
12703,12701,train
12704,36,train
12706,12704,train
12707,12705,train
12708,12706,train
12709,12707,validation
12711,12709,train
12712,12710,train
12713,12711,train
12715,12713,train
12716,12714,validation
12717,36,train
12718,12716,train
12719,12717,validation
12721,349,validation
12722,12720,train
12723,12721,train
12724,12722,train
12725,12723,train
12727,1574,validation
12728,12726,validation
12729,24,train
12730,12728,train
12731,12729,train
12733,12731,train
12734,4179,train
12735,12733,train
12736,271,train
12737,9839,train
12739,12737,validation
12740,12738,train
12741,7,train
12742,12740,train
12743,12741,train
12745,12743,train
12746,319,train
12747,5925,train
12748,12746,validation
12750,12748,train
12751,271,train
12752,12750,train
12753,12751,train
12755,12753,validation
12756,12754,train
12757,12755,train
12758,12756,train
12760,12758,validation
12761,36,train
12762,12760,train
12763,12761,train
12765,12763,validation
12766,271,train
12767,36,train
12768,12766,validation
12770,12768,train
12771,12769,train
12772,12770,train
12774,12772,train
12775,12773,validation
12776,6800,train
12778,12776,train
12779,12777,train
12780,10911,validation
12781,612,train
12783,12781,train
12784,12782,train
12785,12783,validation
12786,8371,validation
12788,12786,train
12789,675,train
12790,12788,train
12791,12789,validation
12792,12790,train
12793,24,train
12794,12792,train
12796,12794,train
12797,271,train
12798,12796,train
12799,12797,train
12800,7,train
12802,12800,validation
12803,12801,train
12804,12802,train
12805,12803,train
12807,12805,train
12808,12806,validation
12809,1020,train
12811,12809,train
12812,3478,train
12813,12811,train
12814,12812,validation
12815,12813,train
12817,12815,train
12818,178,train
12819,1609,train
12820,257,train
12821,12819,train
12822,12820,train
12823,12821,validation
12825,12823,train
12826,12824,train
12827,12825,train
12828,12826,train
12830,12828,validation
12831,12829,train
12834,12832,train
12836,36,train
12837,12835,train
12839,36,train
12840,3478,train
12842,12840,train
12843,12841,train
12844,12842,train
12845,12843,train
12846,12844,validation
12848,12846,train
12849,36,train
12850,12848,train
12851,12849,train
12852,12850,train
12853,12851,train
12855,12853,train
12856,12854,train
12857,12855,train
12858,8812,train
12859,16,train
12860,12858,validation
12861,12859,train
12863,12861,train
12864,12862,validation
12866,12864,train
12867,12865,train
12868,12866,train
12869,12867,validation
12870,12868,train
12872,12870,train
12873,12871,validation
12875,12873,train
12876,12874,train
12877,12875,train
12878,12876,train
12879,12877,validation
12880,12878,train
12881,12879,train
12884,12882,validation
12885,12883,train
12886,12884,train
12887,7158,train
12888,12886,train
12890,6675,validation
12893,12891,train
12894,12892,validation
12895,24,train
12896,274,validation
12897,779,train
12898,12896,train
12900,12898,train
12901,12899,train
12902,12900,train
12903,12901,train
12905,12903,validation
12906,274,validation
12908,12906,train
12909,3035,train
12910,36,train
12911,12909,train
12912,12910,train
12913,12911,train
12914,4009,train
12916,12914,train
12918,12916,validation
12919,6618,validation
12920,12918,train
12922,12920,train
12923,12921,validation
12925,12923,train
12926,12924,train
12927,12925,train
12929,12927,train
12930,12928,train
12932,12930,train
12934,12932,train
12935,12933,train
12936,12934,train
12937,12935,validation
12938,12936,train
12940,12938,train
12941,12939,train
12942,12940,train
12943,2810,train
12944,12942,validation
12945,12943,train
12948,12946,train
12949,12947,train
12950,12948,validation
12951,12949,train
12952,12950,train
12954,12952,train
12955,12953,train
12956,12131,train
12957,12955,train
12958,12956,validation
12959,12957,train
12960,36,train
12961,12959,train
12962,8259,train
12963,12961,train
12965,12963,train
12966,12964,train
12967,12965,validation
12969,12967,train
12970,16,train
12971,12969,train
12972,5423,validation
12973,12971,train
12974,3425,validation
12975,12973,train
12977,7284,train
12978,12976,validation
12979,12977,validation
12980,12978,train
12981,166,train
12982,12980,validation
12983,12981,train
12984,426,train
12986,12984,train
12987,12985,train
12988,12986,train
12989,12987,train
12990,12988,validation
12992,12990,validation
12993,12991,train
12994,12992,train
12995,12993,train
12996,12994,train
12998,12996,validation
12999,6304,train
13000,6800,train
13001,3635,train
13002,13000,validation
13003,675,train
13004,13002,train
13005,13003,train
13007,13005,train
13008,2982,validation
13009,6127,train
13010,13008,train
13011,13009,validation
13012,513,train
13014,13012,train
13015,13013,train
13016,13014,train
13017,13015,validation
13018,13016,train
13019,13017,train
13020,13018,train
13022,13020,validation
13024,2365,train
13025,6038,train
13026,13024,train
13028,13026,train
13029,13027,train
13030,13028,train
13031,349,validation
13032,13030,train
13033,798,train
13035,13033,train
13036,7,train
13037,293,validation
13038,13036,train
13040,10603,train
13041,13039,train
13042,13040,train
13043,10486,train
13044,13042,train
13045,13043,train
13046,13044,validation
13049,13047,train
13050,13048,train
13052,5423,validation
13053,13051,validation
13054,13052,train
13055,13053,train
13056,13054,train
13057,13055,train
13059,13057,train
13060,13058,train
13061,11595,train
13063,13061,train
13064,13062,train
13065,13063,validation
13066,13064,train
13069,13067,train
13070,680,validation
13071,13069,validation
13072,13070,validation
13073,4353,train
13074,13072,train
13075,7,train
13076,53,train
13077,1145,train
13079,13077,train
13080,13078,train
13081,13079,train
13083,13081,train
13084,13082,train
13086,13084,validation
13087,13085,train
13088,13086,train
13089,13087,train
13090,13088,train
13092,611,train
13093,13091,validation
13094,13092,train
13095,13093,train
13096,13094,train
13097,13095,validation
13100,13098,train
13102,13100,train
13104,13102,train
13105,13103,validation
13106,13104,train
13107,13105,train
13109,2919,train
13110,13108,train
13111,13109,validation
13112,13110,train
13113,1145,train
13115,13113,train
13117,13115,train
13118,13116,validation
13119,13117,train
13120,13118,train
13123,13121,train
13124,13122,train
13125,13123,train
13126,13124,train
13128,13126,validation
13129,13127,train
13130,13128,train
13131,13129,validation
13132,13130,train
13134,2833,validation
13135,13133,train
13137,13135,train
13138,13136,validation
13139,13137,train
13140,13138,train
13141,13139,train
13142,13140,validation
13143,939,train
13144,13142,train
13145,13143,validation
13146,13144,train
13147,13145,train
13150,13148,train
13151,13149,train
13152,3437,train
13154,13152,train
13155,13153,train
13156,13154,validation
13158,1755,validation
13159,13157,validation
13160,13158,train
13161,13159,train
13163,36,train
13164,13162,train
13165,13163,validation
13166,946,train
13167,13165,train
13168,126,train
13169,9614,validation
13170,13168,train
13171,13169,train
13172,13170,train
13173,3451,train
13174,13172,validation
13175,7,train
13177,13175,train
13178,13176,train
13179,13177,train
13181,13179,train
13182,271,train
13183,13181,validation
13184,13182,train
13185,6928,train
13186,13184,train
13188,1902,train
13189,13187,train
13190,13188,train
13191,513,train
13193,13191,train
13194,13192,train
13196,13194,validation
13197,13195,train
13198,13196,train
13200,13198,train
13201,13199,train
13202,13200,train
13203,13201,train
13205,13203,validation
13206,13204,train
13207,13205,train
13208,16,train
13210,13208,validation
13211,13209,train
13212,16,train
13214,13212,train
13215,13213,train
13216,4179,train
13217,13215,train
13218,13216,train
13219,770,train
13220,13218,train
13222,13220,validation
13223,13221,train
13224,13222,train
13225,713,train
13226,13224,train
13228,13226,train
13229,13227,train
13230,13228,validation
13232,13230,train
13233,13231,train
13234,13232,train
13235,13233,train
13237,13235,train
13238,2591,train
13239,16,train
13240,2460,train
13241,13239,validation
13242,13240,train
13244,13242,train
13245,5872,train
13247,13245,validation
13248,13246,train
13249,13247,train
13250,13248,train
13252,13250,validation
13253,9092,train
13255,13253,train
13256,13254,train
13257,36,train
13259,13257,train
13260,13258,train
13261,13259,train
13262,13260,train
13263,4132,train
13264,13262,train
13265,1145,train
13266,13264,train
13267,13265,validation
13269,13267,train
13270,13268,train
13272,5668,train
13274,13272,train
13276,13274,train
13277,13275,validation
13278,13276,validation
13279,13277,train
13280,13278,train
13283,1212,validation
13285,13283,train
13286,13284,train
13287,13285,train
13289,13287,train
13290,13288,train
13291,13289,train
13292,13290,validation
13294,13292,train
13296,1494,train
13297,13295,train
13298,13296,train
13299,13297,train
13300,13298,train
13301,13299,validation
13302,13300,train
13304,7073,validation
13305,13303,train
13306,13304,validation
13307,13305,train
13309,6928,train
13310,13308,train
13311,13309,train
13312,13310,validation
13314,13312,train
13316,13314,train
13318,13316,train
13319,13317,train
13320,2317,validation
13321,13319,train
13323,13321,validation
13324,406,train
13325,1145,train
13326,13324,train
13327,13325,validation
13328,13326,train
13329,36,train
13331,13329,train
13332,13330,train
13334,13332,train
13335,13333,validation
13336,13334,train
13338,13336,train
13339,1336,train
13340,13338,train
13341,13339,train
13342,13340,train
13344,13342,validation
13345,13343,validation
13346,13344,train
13347,504,validation
13349,13347,train
13350,13348,train
13351,8128,train
13352,13350,train
13353,13351,train
13355,107,train
13356,13354,train
13358,13356,train
13359,13357,validation
13360,13358,train
13361,13359,validation
13362,4310,validation
13365,675,train
13366,1249,train
13367,13365,train
13368,13366,train
13370,13368,train
13372,13370,validation
13373,13371,train
13375,13373,train
13376,5067,validation
13377,13375,train
13378,1913,train
13379,2563,validation
13380,13378,train
13381,13379,train
13383,12361,validation
13384,13382,train
13385,13383,validation
13386,2495,train
13387,13385,train
13389,13387,train
13390,13388,train
13392,3779,train
13393,13391,train
13394,13392,validation
13396,13394,train
13397,9502,train
13400,13398,train
13401,6800,train
13402,13400,train
13404,13402,train
13405,13403,validation
13406,13404,validation
13407,13405,train
13408,13406,train
13409,13407,train
13411,13409,train
13412,13410,train
13413,13411,validation
13414,1597,validation
13415,13413,train
13417,13415,train
13418,13416,train
13419,13417,train
13420,13418,train
13421,13419,validation
13423,13421,train
13424,13422,train
13425,13423,validation
13427,13425,train
13429,13427,train
13431,13429,validation
13432,13430,train
13433,13431,train
13435,13433,train
13436,13434,train
13437,13435,train
13440,13438,train
13441,13439,train
13443,13441,train
13444,2601,train
13445,13443,train
13446,13444,validation
13447,13445,train
13449,9610,validation
13450,706,train
13451,13449,train
13452,272,train
13454,13452,train
13455,13453,validation
13456,13454,train
13457,13455,train
13459,13457,train
13460,13458,train
13461,13459,train
13462,13460,validation
13463,13461,train
13465,13463,train
13466,16,train
13467,13465,train
13468,13466,train
13470,13468,validation
13471,13469,train
13473,13471,train
13475,13473,train
13476,13474,validation
13477,13475,train
13478,13476,train
13479,13477,train
13481,13479,train
13482,13480,train
13483,13481,validation
13485,2811,validation
13486,13484,train
13488,13486,train
13489,13487,train
13490,13488,train
13491,36,train
13492,13490,validation
13495,3458,train
13496,13494,train
13497,349,validation
13498,13496,validation
13499,13497,train
13500,13498,train
13503,13501,train
13504,13502,train
13505,13503,validation
13506,13504,train
13507,13505,train
13508,1850,train
13510,13508,train
13511,713,train
13513,13511,validation
13514,13512,train
13515,13513,train
13516,13514,train
13517,13515,train
13518,13516,validation
13520,13518,train
13521,13519,train
13522,2753,train
13524,1832,train
13525,13523,train
13527,13525,train
13528,13526,validation
13529,13527,train
13530,13528,train
13531,13529,train
13532,13530,train
13533,33,train
13534,13532,validation
13535,7,train
13536,24,train
13538,13536,train
13539,5975,train
13541,13539,train
13542,452,train
13544,13542,validation
13545,13543,validation
13546,7,train
13547,33,train
13548,10369,train
13549,13547,train
13550,13548,train
13551,13549,train
13553,13551,train
13554,13552,train
13555,13553,train
13556,13554,train
13558,7,train
13559,13557,train
13560,13558,train
13561,13559,validation
13562,13560,train
13565,6398,validation
13567,13565,train
13570,13568,validation
13571,13569,train
13572,13570,train
13573,13571,train
13574,4009,train
13576,13574,validation
13577,13575,train
13579,13577,train
13580,13578,train
13582,13580,train
13583,13581,train
13584,13582,validation
13585,13583,train
13586,3115,validation
13588,989,train
13589,13587,train
13590,13588,train
13591,13589,validation
13592,13590,train
13594,13592,train
13595,16,train
13596,107,train
13597,13595,train
13599,13597,train
13600,1494,train
13601,13599,train
13602,513,train
13603,13601,train
13604,13602,train
13605,1145,train
13606,13604,train
13608,13606,train
13609,5596,train
13610,13608,validation
13611,513,train
13612,3562,train
13613,13611,train
13614,13612,train
13616,13614,validation
13617,13615,train
13618,13616,train
13619,13617,train
13620,13618,train
13623,13621,validation
13624,13622,train
13625,13623,train
13627,13625,train
13628,13626,train
13629,13627,train
13631,13629,validation
13632,13630,train
13633,9678,train
13634,16,train
13635,13633,train
13636,13634,train
13638,13636,train
13640,13638,validation
13641,13639,train
13642,13640,train
13644,13642,train
13645,13643,validation
13646,13644,train
13647,91,train
13648,13646,train
13650,13648,train
13651,271,train
13652,13650,validation
13653,13651,train
13654,13652,train
13657,13655,train
13659,13657,train
13660,13658,validation
13661,13659,train
13662,13660,train
13663,13661,train
13666,13664,validation
13667,13665,train
13668,13666,train
13670,13668,train
13671,13669,train
13672,13670,train
13673,13671,validation
13674,13672,train
13675,0,train
13676,13674,train
13677,13675,train
13679,13677,train
13681,13679,train
13682,271,train
13683,13681,validation
13684,13682,train
13685,13683,train
13687,13685,train
13688,375,train
13690,13688,train
13691,13689,train
13692,13690,train
13693,13691,train
13694,13692,train
13696,13694,train
13697,13695,train
13698,403,train
13699,13697,train
13701,13699,validation
13702,13700,train
13703,13701,validation
13704,13702,train
13706,13704,train
13707,13705,train
13708,13706,train
13709,126,train
13710,375,train
13711,13709,validation
13712,13710,train
13713,1213,train
13715,8074,train
13716,13714,train
13717,13715,train
13718,13716,train
13719,7,train
13720,13718,validation
13721,13719,train
13723,13721,train
13724,13722,train
13725,13723,train
13726,13724,train
13727,13725,validation
13729,13727,train
13731,7,train
13732,13730,validation
13733,13731,validation
13734,13732,train
13735,2741,train
13737,13735,train
13738,13736,train
13739,13737,train
13740,13738,train
13742,13740,validation
13743,13741,train
13745,13743,train
13746,13744,train
13747,13745,train
13748,13746,train
13750,13748,validation
13751,13749,train
13752,13750,train
13753,16,train
13754,13752,validation
13756,16,train
13757,13755,train
13758,1458,train
13759,13757,train
13763,13761,train
13764,1102,train
13765,13763,train
13766,13764,train
13767,5627,train
13768,13766,validation
13770,13768,train
13771,13769,train
13772,3115,validation
13773,3260,train
13774,13772,train
13775,13773,validation
13776,13774,train
13778,13776,train
13779,13777,train
13780,13778,train
13781,13779,validation
13783,16,train
13784,13782,train
13785,13783,train
13786,13784,train
13787,13785,train
13789,13787,train
13790,13788,validation
13791,13789,train
13794,2366,train
13795,13793,validation
13796,13794,train
13797,13795,train
13798,1084,train
13799,13797,train
13801,13799,train
13802,13800,validation
13804,13802,train
13806,13804,train
13807,13805,validation
13808,166,train
13809,13807,train
13810,91,train
13811,13809,train
13813,13811,train
13814,13812,train
13815,587,train
13816,13814,train
13817,13815,validation
13818,7,train
13819,13817,train
13821,13819,train
13822,13820,train
13823,13821,validation
13825,13823,train
13826,13824,train
13827,13825,train
13828,13826,train
13829,13827,train
13832,13830,train
13833,504,validation
13835,13441,train
13836,13834,train
13837,252,train
13838,107,train
13839,13837,validation
13841,16,train
13843,13841,train
13844,13842,train
13845,13843,train
13846,13844,train
13847,13845,train
13848,12728,train
13849,1808,train
13850,13848,validation
13852,13850,train
13854,16,train
13855,13853,train
13856,13854,train
13857,13855,train
13858,13856,validation
13859,13857,train
13860,13858,validation
13862,2797,train
13863,13861,train
13864,252,train
13866,13864,train
13867,13865,train
13868,13866,validation
13869,13867,train
13870,13868,train
13872,13870,train
13873,452,train
13874,13872,train
13875,13873,validation
13877,13875,train
13879,13877,train
13881,7,train
13882,13880,validation
13883,13881,train
13884,13882,train
13885,13883,train
13886,13884,train
13888,0,train
13890,13888,validation
13891,2455,train
13892,13890,train
13893,13891,train
13897,1790,train
13898,13896,train
13899,13897,validation
13900,13898,train
13901,13899,train
13903,13901,train
13904,13902,validation
13905,13903,train
13906,13904,train
13908,13906,train
13909,2730,train
13910,13908,validation
13912,13910,train
13913,13911,train
13914,13912,train
13915,13913,train
13916,13914,validation
13917,13915,train
13918,13916,train
13920,587,train
13922,13920,train
13923,13921,train
13924,13922,train
13925,13923,train
13926,1239,train
13928,13926,validation
13929,13927,train
13930,13928,validation
13932,13930,train
13933,4009,train
13934,13932,train
13936,8009,train
13937,13935,train
13938,13936,validation
13939,13937,train
13940,7,train
13941,13939,train
13943,13941,train
13944,13942,train
13945,13943,train
13946,13944,train
13947,737,validation
13948,841,train
13949,13947,validation
13950,13948,train
13952,13950,train
13953,13951,validation
13955,13953,train
13956,13954,train
13957,13955,train
13958,13956,train
13959,13957,train
13962,13960,validation
13963,13961,train
13965,13963,train
13966,13964,train
13968,13966,validation
13969,2811,validation
13970,13968,train
13971,271,train
13972,13970,train
13973,13971,train
13974,13972,train
13975,36,train
13976,13974,validation
13977,13975,train
13978,13976,train
13979,16,train
13981,13979,train
13982,8493,validation
13983,13981,train
13985,13983,validation
13986,13984,train
13987,2114,validation
13988,13986,train
13989,13987,train
13990,1085,train
13992,612,train
13993,13991,train
13994,13992,validation
13995,13993,train
13996,13994,train
13998,13996,train
13999,13997,train
14000,13998,validation
14001,13999,train
14002,274,validation
14003,14001,validation
14004,14002,train
14005,7,train
14007,14005,train
14008,14006,train
14009,14007,train
14010,14008,train
14012,14010,validation
14013,1755,validation
14014,1845,train
14015,14013,train
14016,14014,train
14017,14015,train
14019,14017,validation
14021,14019,train
14022,14020,train
14023,14021,train
14024,14022,train
14025,14023,train
14027,14025,train
14028,675,train
14029,14027,train
14030,14028,train
14032,724,train
14033,14031,validation
14034,14032,train
14036,14034,train
14037,14035,validation
14039,14037,train
14040,14038,train
14041,946,train
14042,14040,train
14043,107,train
14045,14043,train
14047,14045,train
14048,14046,train
14049,24,train
14050,14048,validation
14051,14049,train
14052,14050,train
14054,223,train
14055,14053,validation
14056,14054,train
14057,14055,train
14060,14058,train
14061,14059,train
14063,14061,validation
14064,2742,train
14066,14064,train
14067,14065,train
14068,14066,train
14069,107,train
14070,14068,validation
14071,14069,train
14072,14070,train
14074,14072,train
14075,770,train
14076,33,train
14077,14075,train
14078,14076,validation
14079,319,train
14080,14078,train
14081,14079,train
14082,14080,train
14083,14081,train
14084,14082,train
14085,14083,validation
14089,14087,train
14090,14088,train
14092,14090,train
14093,14091,train
14094,14092,train
14096,14094,validation
14097,14095,train
14098,14096,train
14100,14098,train
14101,14099,train
14102,14100,train
14103,14101,train
14104,14102,train
14106,14104,validation
14107,14105,train
14108,14106,train
14109,14107,train
14111,14109,train
14114,14112,validation
14115,14113,train
14116,14114,train
14117,10996,train
14118,14116,train
14119,14117,train
14120,14118,train
14121,14119,validation
14122,14120,train
14124,14122,train
14125,14123,train
14127,14125,validation
14128,14126,train
14129,14127,train
14130,14128,train
14132,14130,train
14133,14131,train
14134,14132,train
14136,14134,train
14138,14136,train
14139,14137,train
14140,14138,validation
14141,14139,train
14143,14141,train
14144,14142,validation
14145,14143,train
14146,14144,train
14147,14145,train
14148,14146,train
14149,14147,train
14151,735,train
14152,4754,train
14153,14151,validation
14154,271,train
14156,14154,train
14157,14155,train
14158,14156,train
14159,14157,train
14161,14159,validation
14162,14160,train
14163,5347,train
14164,14162,train
14165,14163,train
14167,14165,train
14169,14167,validation
14170,14168,train
14171,14169,train
14172,14170,train
14174,4176,train
14175,14173,train
14176,14174,train
14177,2317,validation
14178,14176,train
14179,14177,train
14180,3175,validation
14181,14179,train
14183,14181,validation
14185,7,train
14186,14184,train
14188,14186,train
14189,14187,validation
14190,166,train
14191,14189,train
14192,14190,train
14193,14191,validation
14194,14192,train
14195,14193,train
14196,14194,train
14198,14196,train
14199,1661,train
14200,14198,train
14202,14200,validation
14204,14202,train
14205,14203,train
14206,14204,train
14207,14205,train
14208,14206,train
14210,14208,validation
14211,14209,train
14213,14211,train
14215,14213,validation
14216,2269,train
14217,14215,validation
14219,14217,train
14221,14219,train
14222,14220,train
14224,1385,train
14225,14223,train
14226,14224,train
14227,14225,train
14229,240,validation
14230,3380,train
14231,14229,train
14233,14231,train
14234,923,train
14235,14233,train
14236,713,train
14237,14235,validation
14238,14236,train
14240,452,train
14241,14239,train
14242,14240,validation
14243,14241,train
14244,14242,train
14245,14243,train
14246,14244,train
14248,14246,train
14249,126,train
14250,14248,train
14251,14249,train
14253,14251,train
14254,14252,train
14255,14253,validation
14256,8396,train
14257,16,train
14258,14256,validation
14259,1293,validation
14260,504,validation
14262,14260,train
14263,14261,train
14265,14263,train
14266,2238,train
14267,14265,train
14268,14266,validation
14270,14268,train
14271,14269,train
14272,14270,train
14273,14271,validation
14274,14272,train
14275,14273,train
14277,14275,train
14278,14276,train
14279,14277,train
14281,14279,train
14282,116,train
14283,14281,validation
14284,14282,train
14285,381,train
14287,923,train
14288,14286,train
14289,14287,validation
14290,3175,validation
14291,14289,train
14292,14290,train
14293,14291,train
14295,16,train
14296,14294,train
14297,349,validation
14298,14296,train
14299,14297,validation
14300,5382,train
14302,14300,train
14303,14301,train
14304,14302,train
14305,14303,validation
14306,14304,train
14307,14305,validation
14309,724,train
14310,2095,validation
14311,2269,train
14312,14310,train
14313,14311,train
14314,14312,validation
14315,14313,train
14316,14314,train
14317,14315,train
14319,14317,train
14320,14318,train
14321,14319,train
14323,14321,train
14324,14322,train
14325,1020,train
14327,14325,train
14328,14326,train
14329,14327,validation
14330,14328,train
14331,14329,train
14332,14330,train
14333,14331,validation
14334,14332,train
14336,14334,train
14337,178,train
14338,14336,train
14339,14337,train
14340,14338,train
14341,14339,validation
14343,14341,train
14344,14342,train
14345,14343,validation
14347,14345,train
14348,14346,train
14349,14347,train
14350,504,validation
14352,14350,train
14353,14351,train
14354,14352,validation
14355,14353,train
14356,14354,train
14358,14356,train
14359,14357,train
14360,14358,train
14362,2833,validation
14365,14363,validation
14366,14364,train
14367,12031,validation
14368,14366,train
14369,14367,validation
14370,14368,train
14372,733,train
14373,14371,train
14375,7,train
14376,53,train
14378,14376,train
14379,14377,train
14381,14379,train
14382,14380,train
14383,14381,validation
14384,14382,train
14385,14383,train
14387,14385,validation
14388,14386,train
14389,14387,train
14390,1560,train
14393,2944,train
14394,14392,train
14395,14393,train
14396,14394,train
14397,14395,validation
14398,129,validation
14400,14398,train
14401,14399,train
14402,36,train
14403,14401,train
14404,11283,validation
14406,14404,validation
14407,14405,train
14408,14406,train
14409,14407,train
14410,9540,train
14412,16,train
14414,271,train
14415,14413,train
14416,14414,validation
14417,4491,train
14418,14416,train
14419,14417,train
14420,166,train
14421,14419,train
14423,14421,train
14424,14422,validation
14425,14423,train
14426,587,train
14428,14426,train
14429,6287,train
14430,271,train
14431,14429,train
14432,14430,train
14434,16,train
14435,14433,train
14436,14434,train
14437,1401,train
14440,14438,train
14441,14439,train
14442,14440,train
14443,14441,validation
14444,14442,train
14446,10369,train
14447,14445,validation
14448,117,train
14449,14447,train
14450,14448,train
14451,10369,train
14452,14450,train
14454,14452,train
14455,14453,train
14456,14454,train
14457,14455,validation
14458,14456,train
14460,14458,train
14461,14459,train
14462,14460,train
14463,14461,train
14464,1661,train
14466,1020,train
14467,14465,train
14468,14466,train
14469,14467,validation
14470,14468,train
14472,14470,train
14473,1583,train
14474,14472,train
14475,1020,train
14476,14474,train
14478,14476,train
14479,16,train
14481,14479,train
14482,14480,train
14483,14481,train
14484,14482,train
14485,14483,validation
14486,14484,train
14488,14486,train
14489,14487,train
14490,14488,train
14492,14490,validation
14493,14491,train
14494,14492,train
14496,14494,train
14497,14495,train
14498,7,train
14499,14497,train
14500,14498,validation
14502,14500,train
14504,14502,train
14505,8400,train
14506,14504,train
14507,14505,validation
14509,14507,train
14511,14509,train
14512,14510,train
14513,1579,train
14514,14512,validation
14515,25,validation
14517,14515,train
14518,14516,train
14519,14517,train
14520,14518,train
14521,14519,validation
14522,680,validation
14524,14522,train
14525,14523,train
14526,14524,train
14527,14525,train
14529,14527,train
14530,14528,validation
14532,14530,train
14533,4648,train
14534,14532,train
14535,14533,train
14536,14534,validation
14538,14536,train
14539,14537,train
14540,14538,train
14542,4009,train
14543,1579,train
14544,14542,train
14545,14543,train
14546,14544,validation
14547,14545,train
14548,14546,validation
14550,14548,train
14551,14549,validation
14553,14551,train
14554,14552,train
14555,14553,validation
14557,14555,train
14558,914,validation
14559,4899,train
14560,2100,train
14561,14559,train
14562,14560,train
14563,14561,train
14564,271,train
14565,16,train
14566,14564,train
14567,14565,train
14568,14566,validation
14570,14568,train
14571,14569,validation
14572,14570,train
14573,5682,train
14575,14573,train
14576,14574,train
14579,1378,train
14580,14578,train
14582,3478,train
14583,14581,train
14584,14582,train
14585,14583,validation
14586,14584,train
14588,14586,train
14589,14587,train
14590,14588,train
14591,14589,validation
14592,14590,train
14594,14592,train
14597,14595,train
14598,14596,train
14599,14597,train
14601,14599,train
14602,14600,train
14603,14601,validation
14604,14602,train
14606,14604,train
14608,166,train
14609,14607,train
14610,14608,train
14611,14609,train
14612,14610,train
14613,14611,train
14616,14614,train
14617,14615,train
14618,6820,train
14619,1438,train
14620,14618,train
14622,14620,validation
14623,14621,validation
14624,14622,train
14625,14623,train
14626,14624,train
14627,14625,train
14629,14627,train
14630,14628,train
14631,737,validation
14632,14630,validation
14633,8365,train
14635,14633,train
14636,14634,train
14637,14635,train
14638,14636,train
14639,14637,validation
14641,14639,train
14642,438,train
14643,14641,train
14644,14642,train
14646,9712,train
14649,14647,validation
14650,8187,train
14651,14649,train
14652,14650,train
14655,14653,train
14656,14654,validation
14657,14655,train
14658,14656,train
14659,1790,train
14660,107,train
14662,14660,train
14663,14661,train
14664,14662,train
14665,4922,train
14666,14664,train
14668,14666,train
14669,14667,train
14670,14668,train
14671,14669,train
14672,14670,train
14673,14671,train
14674,14672,train
14677,1924,validation
14679,14677,train
14680,14678,train
14682,14680,validation
14683,14681,train
14684,14682,train
14685,14683,train
14687,504,validation
14688,271,train
14689,14687,train
14690,14688,train
14691,14689,train
14693,14691,train
14695,16,train
14696,14694,validation
14697,14695,train
14698,14696,train
14699,14697,train
14700,14698,train
14701,14699,train
14703,36,train
14704,419,validation
14705,14703,validation
14706,14704,train
14707,271,train
14708,2017,train
14710,14708,train
14712,14710,train
14713,14711,train
14714,14712,validation
14715,14713,train
14717,14715,train
14718,6268,train
14719,14717,train
14720,14718,train
14721,14719,train
14722,14720,validation
14723,14721,train
14725,14723,train
14729,257,train
14730,14728,validation
14731,14729,validation
14732,14730,train
14733,14731,train
14735,1552,validation
14736,14734,train
14738,7,train
14739,14737,train
14740,14738,train
14741,14739,validation
14742,14740,train
14743,14741,validation
14744,14742,train
14745,36,train
14747,14745,train
14748,14746,train
14749,14747,train
14750,14748,train
14751,14749,validation
14752,14750,train
14753,14751,train
14755,14753,train
14756,36,train
14757,14755,train
14760,14758,validation
14761,14759,validation
14762,14760,train
14763,14761,train
14765,14763,train
14766,7,train
14768,14766,train
14769,91,train
14770,14768,train
14771,14769,validation
14772,14770,train
14775,14773,train
14776,770,train
14778,14776,train
14779,6800,train
14780,1790,train
14781,14779,train
14782,14780,train
14783,14781,train
14784,14782,train
14785,0,train
14786,14784,validation
14787,178,train
14788,16,train
14789,271,train
14790,14788,train
14791,14789,train
14792,14790,train
14793,14791,train
14794,14792,train
14796,14794,validation
14797,14795,train
14798,14796,train
14800,14798,train
14801,14799,train
14802,1336,train
14803,1033,train
14804,14802,validation
14805,14803,train
14806,14804,train
14808,14806,train
14809,3202,train
14810,675,train
14811,14809,train
14813,36,train
14814,14812,validation
14815,271,train
14816,14814,train
14817,14815,train
14818,13795,train
14820,14818,train
14821,14819,train
14822,14820,validation
14823,1845,train
14824,14822,train
14826,8675,train
14827,12098,train
14829,14827,train
14830,14828,train
14832,14830,validation
14833,14831,train
14834,14832,train
14835,14833,train
14837,14835,validation
14838,14836,train
14839,166,train
14840,14838,train
14841,14839,train
14843,14841,validation
14844,14842,train
14846,3525,train
14847,14845,train
14848,14846,train
14849,14847,train
14850,5280,train
14852,14850,train
14853,14851,train
14854,14852,validation
14856,14854,train
14857,14855,validation
14859,16,train
14860,7434,validation
14861,14859,train
14862,14860,train
14863,14861,train
14864,14862,validation
14865,14863,train
14867,14865,train
14868,14866,train
14869,14867,train
14870,213,train
14871,14869,validation
14872,126,train
14873,2587,train
14874,14872,train
14875,2317,validation
14876,14874,train
14877,1541,train
14879,3394,train
14881,14879,train
14882,14880,train
14883,14881,validation
14884,14882,train
14886,14884,train
14888,36,train
14889,14887,train
14890,7,train
14891,14889,train
14893,1212,validation
14894,14892,validation
14895,14893,train
14896,3693,validation
14897,14895,train
14898,1902,train
14900,14898,train
14901,14899,validation
14902,14900,train
14903,14901,train
14904,14902,train
14905,14903,validation
14906,4491,train
14907,713,train
14908,14906,train
14909,166,train
14910,14908,train
14911,4697,train
14913,595,train
14916,14914,train
14917,7,train
14919,14917,train
14920,14918,validation
14921,252,train
14922,600,train
14924,7,train
14925,14923,train
14928,14926,train
14930,14928,train
14931,14929,train
14932,9080,validation
14933,14931,validation
14934,10967,train
14935,14933,train
14936,14934,train
14938,14936,train
14939,6511,train
14940,14938,train
14941,14939,validation
14942,14940,train
14943,14941,train
14944,53,train
14946,14944,validation
14947,14945,train
14949,14947,train
14950,14948,train
14951,3,validation
14952,14950,train
14953,14951,validation
14954,10911,validation
14956,14954,train
14957,14955,train
14958,14956,validation
14960,14958,train
14961,14959,train
14962,14960,train
14964,2753,train
14965,14963,train
14966,9356,train
14967,14965,train
14969,14967,train
14970,923,train
14971,14969,validation
14972,14970,train
14973,7,train
14974,14972,validation
14975,14973,train
14976,14974,train
14977,14975,validation
14978,14976,train
14979,36,train
14980,9834,train
14982,14980,train
14984,14982,train
14985,14983,validation
14986,13502,train
14988,16,train
14989,14987,train
14990,14988,train
14991,14989,train
14992,14990,train
14994,14992,validation
14997,14995,train
14999,14997,train
15000,14998,train
15001,14999,train
15003,4658,train
15004,15002,train
15005,12770,train
15006,15004,train
15007,10603,train
15008,15006,train
15009,15007,validation
15010,15008,train
15012,15010,train
15013,713,train
15014,10967,train
15015,15013,train
15016,15014,train
15017,15015,validation
15018,15016,train
15020,15018,train
15022,15020,train
15023,15021,train
15025,15023,validation
15027,15025,train
15028,5096,validation
15029,15027,train
15030,16,train
15031,15029,validation
15032,15030,train
15033,504,validation
15034,15032,train
15036,15034,train
15037,15035,train
15038,36,train
15039,15037,validation
15041,15039,train
15042,3777,train
15043,15041,train
15044,15042,validation
15045,914,validation
15046,15044,train
15047,15045,train
15048,15046,train
15050,271,train
15051,15049,train
15052,15050,train
15054,946,train
15055,15053,validation
15056,15054,train
15057,15055,train
15058,15056,validation
15059,15057,train
15062,15060,train
15063,15061,train
15064,1020,train
15066,15064,train
15067,15065,train
15068,7284,train
15069,15067,validation
15070,15068,train
15071,15069,train
15072,15070,train
15074,33,train
15075,15073,validation
15076,15074,train
15077,15075,train
15078,15076,train
15081,15079,train
15082,15080,train
15083,319,train
15084,15082,train
15085,15083,train
15086,15084,train
15089,15087,train
15090,15088,train
15092,271,train
15093,15091,train
15094,15092,validation
15095,4296,train
15096,15094,train
15097,15095,train
15098,15096,train
15100,15098,validation
15101,15099,train
15102,15100,train
15103,15101,train
15105,381,train
15106,15104,train
15107,15105,validation
15108,15106,train
15109,15107,train
15111,15109,train
15112,15110,train
15113,9092,train
15114,15112,train
15115,15113,train
15117,15115,train
15118,724,train
15119,438,train
15120,15118,train
15121,15119,validation
15123,15121,train
15124,15122,train
15125,11619,train
15126,16,train
15127,15125,train
15128,15126,train
15129,15127,validation
15130,12911,train
15132,15130,train
15134,15132,train
15135,15133,validation
15137,15135,train
15138,15136,train
15139,15137,train
15140,15138,train
15143,15141,train
15145,15143,train
15146,15144,train
15147,10302,train
15149,15147,train
15150,15148,train
15151,15149,validation
15152,15150,validation
15153,3973,train
15154,15152,train
15156,15154,train
15157,15155,train
15158,11595,train
15159,15157,train
15160,15158,train
15161,15159,train
15163,15161,train
15164,15162,validation
15165,15163,train
15167,15165,train
15168,15166,validation
15169,15167,train
15170,0,train
15171,15169,train
15173,15171,train
15174,15172,train
15175,15173,validation
15176,7000,train
15177,15175,train
15178,0,train
15181,15179,train
15182,15180,validation
15183,611,train
15184,15182,train
15185,15183,train
15187,331,train
15188,15186,train
15190,15188,validation
15191,15189,train
15192,15190,train
15194,15192,train
15195,15193,train
15197,15195,validation
15198,15196,train
15200,15198,train
15201,15199,train
15202,15200,train
15203,15201,train
15204,15202,validation
15205,4979,train
15207,15205,train
15209,15207,train
15210,15208,train
15212,15210,validation
15213,15211,train
15214,15212,train
15215,15213,validation
15216,15214,train
15217,15215,train
15218,36,train
15219,16,train
15220,2366,train
15221,15219,train
15223,3888,validation
15224,15222,train
15226,15224,train
15227,15225,validation
15229,15227,train
15230,15228,train
15232,15230,train
15233,15231,validation
15234,15232,train
15235,15233,train
15236,16,train
15238,15236,validation
15240,257,train
15241,15239,train
15242,15240,train
15243,15241,train
15245,15243,validation
15246,15244,train
15247,4009,train
15250,15248,train
15251,15249,train
15252,15250,train
15254,15252,train
15255,1902,train
15256,15254,validation
15257,15255,train
15259,15257,train
15260,274,validation
15261,15259,train
15262,15260,validation
15263,15261,train
15264,15262,train
15265,15263,train
15266,319,train
15267,3186,train
15268,459,train
15270,15268,validation
15271,271,train
15272,15270,train
15273,15271,train
15274,15272,train
15276,1142,train
15277,15275,train
15278,15276,train
15279,7,train
15280,15278,validation
15282,750,train
15284,2601,train
15285,15283,train
15286,15284,train
15287,15285,train
15288,15286,train
15289,15287,validation
15290,15288,train
15291,2741,train
15292,8023,train
15294,1239,train
15295,15293,train
15296,15294,train
15298,15296,train
15299,406,train
15300,15298,train
15301,15299,validation
15302,166,train
15304,15302,train
15305,15303,train
15306,750,train
15307,4009,train
15308,33,train
15309,15307,train
15310,15308,train
15311,1453,validation
15312,1327,train
15313,15311,validation
15314,15312,train
15315,284,train
15317,11572,train
15318,15316,validation
15319,15317,train
15320,15318,train
15322,15320,train
15323,15321,train
15324,15322,validation
15325,15323,train
15326,129,validation
15327,271,train
15328,15326,train
15329,15327,train
15330,15328,train
15331,15329,train
15333,15331,validation
15334,15332,train
15337,15335,train
15338,15336,validation
15339,15337,train
15340,12098,train
15341,271,train
15342,3978,train
15343,7,train
15344,15342,train
15345,15343,train
15346,15344,train
15347,15345,train
15348,2017,train
15351,15349,validation
15352,15350,train
15353,15351,train
15354,5254,train
15355,15353,validation
15356,3888,validation
15357,15355,train
15358,15356,train
15359,2617,train
15360,15358,train
15362,15360,train
15364,15362,validation
15365,25,validation
15367,15365,train
15368,15366,train
15369,15367,train
15370,3380,train
15371,15369,validation
15373,15371,train
15374,15372,train
15375,15373,train
15376,15374,validation
15377,15375,train
15379,15377,train
15380,15378,validation
15382,15380,train
15383,15381,train
15384,36,train
15385,2269,train
15386,13487,train
15387,15385,train
15389,15387,validation
15390,2536,train
15391,15389,train
15392,15390,train
15393,15391,train
15395,15393,validation
15396,15394,train
15398,15396,train
15399,15397,train
15400,15398,train
15401,15399,train
15402,15400,validation
15403,15401,train
15405,15403,train
15408,8866,train
15409,15407,validation
15410,15408,train
15411,15409,train
15412,15410,train
15413,735,train
15414,15412,train
15415,15413,validation
15416,15414,train
15417,271,train
15419,15417,train
15420,15418,train
15422,383,validation
15423,15421,validation
15425,15240,train
15426,9956,train
15427,15425,train
15428,15426,train
15429,15427,train
15430,15428,train
15431,15429,validation
15432,15430,train
15433,15431,train
15434,15432,train
15436,15434,train
15438,1303,validation
15439,15437,validation
15440,15438,train
15441,15439,train
15442,15440,train
15443,1401,train
15445,15443,validation
15446,15444,train
15447,15445,train
15449,15447,train
15450,15448,train
15451,15449,train
15453,3202,train
15455,15453,train
15456,11361,train
15457,15455,validation
15458,15456,train
15459,3779,train
15460,15458,train
15462,117,train
15464,15462,validation
15465,15463,train
15466,15464,train
15468,15466,train
15469,15467,train
15470,15468,validation
15472,15470,train
15474,15472,train
15475,3180,train
15476,15474,validation
15477,15475,train
15479,15477,train
15480,15478,train
15482,15480,train
15483,15481,validation
15484,6038,train
15486,15484,train
15487,15485,train
15488,15486,train
15489,15487,train
15490,15488,train
15491,15489,validation
15494,15492,train
15495,15493,validation
15496,15494,train
15497,15495,train
15499,271,train
15500,15498,train
15501,15499,train
15502,15500,validation
15504,15502,train
15505,15503,train
15507,15505,train
15508,15506,train
15510,16,train
15511,15509,train
15512,15510,validation
15513,15511,train
15514,15512,train
15515,724,train
15517,15515,train
15518,15516,train
15519,1597,validation
15520,7,train
15521,15519,train
15522,15520,train
15524,15522,train
15525,15523,validation
15526,15524,train
15527,15525,train
15529,15527,train
15530,6774,train
15532,15530,validation
15533,15531,train
15534,557,train
15535,581,train
15536,15534,validation
15537,15535,train
15538,15536,train
15539,36,train
15541,15539,train
15542,15540,train
15543,252,train
15545,15543,train
15546,15544,validation
15547,15545,train
15548,15546,train
15549,15547,train
15550,15548,train
15551,15549,validation
15553,15551,train
15555,15553,train
15557,13062,train
15558,15556,train
15559,15557,validation
15560,15558,train
15561,15559,train
15562,1583,train
15563,15561,train
15564,15562,train
15566,15564,train
15567,15565,validation
15570,15568,validation
15571,15569,train
15572,15570,train
15573,15571,train
15574,15572,train
15576,15574,train
15577,15575,train
15578,15576,train
15579,3887,train
15580,1566,train
15582,15580,train
15583,3350,train
15584,15582,train
15585,15583,validation
15586,15584,train
15587,15585,train
15589,15587,validation
15590,15588,train
15591,15589,train
15593,14338,train
15594,6742,validation
15595,15593,train
15596,8833,train
15597,15595,train
15598,15596,validation
15599,15597,train
15601,15599,train
15602,15600,train
15603,15601,validation
15604,15602,train
15605,15603,train
15607,15605,train
15608,15606,train
15609,15607,validation
15610,15608,train
15612,15610,train
15613,15611,train
15615,15613,validation
15616,15614,train
15617,284,train
15618,15616,train
15619,15617,train
15620,15618,train
15621,240,validation
15622,15620,train
15624,15622,validation
15625,15623,train
15626,15624,train
15628,15626,train
15629,15627,train
15631,15629,validation
15632,0,train
15633,15631,train
15635,15633,train
15636,15634,train
15637,15635,train
15638,15636,validation
15640,15638,train
15641,15639,train
15642,15640,validation
15643,15641,train
15644,6169,train
15646,15644,train
15647,15645,train
15648,7,train
15649,15647,train
15650,15648,validation
15651,15649,train
15654,252,train
15656,349,validation
15657,15655,train
15658,15656,train
15659,15657,train
15660,680,validation
15661,1401,train
15662,117,train
15663,171,train
15664,15662,validation
15665,1020,train
15666,15664,train
15667,7422,train
15668,946,train
15669,15667,train
15670,15668,train
15671,419,validation
15672,24,train
15673,436,train
15675,15673,validation
15676,15674,train
15677,15675,train
15679,15677,train
15681,2898,train
15682,15680,validation
15683,735,train
15684,15682,train
15685,15683,train
15686,15684,train
15688,15686,train
15689,15687,train
15690,15688,validation
15691,15689,train
15692,381,train
15693,15691,validation
15694,1746,validation
15696,15694,train
15697,15695,train
15698,15696,validation
15699,15697,train
15700,15698,train
15701,15699,train
15703,4443,validation
15704,9369,train
15705,15703,validation
15707,15705,train
15708,15706,validation
15709,15707,train
15711,15709,train
15712,15710,train
15714,15712,train
15715,15713,validation
15716,15714,train
15717,15715,train
15718,15716,train
15720,15718,validation
15721,15719,train
15722,15720,train
15724,15722,train
15725,15723,validation
15726,15724,train
15727,15725,train
15728,6774,train
15729,36,train
15730,6471,train
15731,15729,train
15734,15732,train
15735,15733,validation
15736,15734,train
15737,15735,train
15738,15736,validation
15740,15738,train
15741,15739,train
15742,15740,train
15743,15741,train
15744,15742,train
15746,16,train
15747,15745,validation
15748,107,train
15749,15747,train
15750,15748,train
15752,15750,train
15753,15751,train
15754,15752,train
15755,15753,train
15756,15754,validation
15758,15756,train
15760,15758,train
15761,10278,train
15762,7042,train
15763,15761,train
15764,36,train
15765,3804,train
15766,15764,validation
15767,15765,train
15768,15766,train
15770,15768,train
15771,15769,train
15773,15771,train
15774,15772,train
15776,15774,train
15777,7836,train
15778,6169,train
15779,15777,train
15780,15778,train
15781,15779,train
15782,3697,validation
15783,15781,train
15784,15782,train
15786,28,train
15787,3563,validation
15788,4591,train
15789,15787,train
15790,15788,train
15791,8438,validation
15793,15791,validation
15794,641,validation
15795,15793,train
15796,15794,validation
15797,15795,train
15799,8935,train
15800,15798,train
15801,15799,train
15802,15800,train
15803,15801,train
15805,15803,train
15806,15804,train
15807,15805,train
15808,16,train
15809,15807,validation
15811,15809,validation
15812,15810,train
15813,15811,train
15814,15812,train
15815,4009,train
15816,15814,train
15817,15815,train
15819,15817,train
15820,15818,train
15823,15821,train
15824,15822,validation
15825,15823,train
15826,15824,train
15827,15825,validation
15828,15826,train
15829,15827,train
15830,816,train
15831,10942,validation
15833,15831,validation
15834,15832,train
15836,438,train
15837,15835,train
15838,15836,train
15839,5423,validation
15840,15838,train
15841,15839,train
15842,15840,validation
15843,513,train
15845,194,train
15846,15844,train
15847,15845,train
15848,15846,train
15849,271,train
15851,15849,train
15852,15850,train
15853,15851,validation
15854,15852,train
15855,2317,validation
15857,15855,validation
15859,15857,train
15860,15858,train
15862,15860,train
15864,15862,train
15865,15863,train
15866,15864,train
15867,15865,train
15869,15867,train
15870,15868,validation
15871,675,train
15872,15870,validation
15873,15871,train
15875,15467,train
15877,36,train
15878,15876,train
15879,15877,train
15880,15878,train
15881,15879,validation
15883,194,train
15884,15882,train
15887,15885,train
15888,15886,train
15889,15887,train
15890,15888,train
15891,15889,validation
15892,15890,train
15893,15891,train
15894,452,train
15895,36,train
15897,15895,validation
15898,3887,train
15899,15897,train
15900,15898,train
15901,15899,train
15902,2753,train
15903,1458,train
15905,15903,train
15906,15904,train
15907,15905,train
15908,15906,train
15910,1790,train
15911,15909,train
15912,14509,train
15913,15911,train
15914,15912,train
15915,9583,train
15917,15915,train
15918,15916,train
15919,15917,validation
15920,15918,train
15921,15919,train
15922,15920,train
15923,15921,train
15925,15923,train
15926,15924,train
15929,15927,train
15930,15928,train
15931,15929,train
15933,15931,train
15934,36,train
15935,15933,validation
15936,15934,train
15937,15935,train
15939,15937,validation
15941,9724,train
15942,15940,train
15943,15941,train
15944,15942,train
15945,15943,train
15947,15945,train
15948,15119,validation
15949,15947,validation
15950,15948,train
15953,36,train
15954,5866,validation
15955,15953,train
15956,1249,train
15957,15955,train
15958,15956,validation
15959,15957,train
15960,15958,train
15961,1688,train
15962,15960,train
15964,650,validation
15967,2530,train
15968,5866,validation
15969,1212,validation
15970,15968,train
15972,15970,train
15974,6352,train
15975,13487,train
15976,15974,train
15977,349,validation
15978,15976,train
15979,15977,train
15980,15978,validation
15981,4009,train
15982,7,train
15983,15981,train
15984,7544,validation
15985,15983,train
15987,107,train
15988,15986,validation
15989,15987,train
15990,15988,train
15991,15989,train
15994,36,train
15995,15993,train
15996,7669,train
15997,15995,validation
15999,15997,train
16000,15998,train
16001,15999,train
16002,16000,train
16005,16003,train
16006,16004,train
16007,2753,train
16009,16007,train
16010,16008,train
16011,7,train
16012,16010,train
16014,16012,train
16015,16013,validation
16017,36,train
16018,16016,train
16019,16017,validation
16020,16018,validation
16021,16019,train
16023,16021,train
16024,16022,train
16025,16023,train
16026,3405,validation
16027,16025,train
16028,16026,validation
16030,16028,train
16031,16029,train
16032,16030,train
16034,16032,validation
16035,16033,train
16036,16034,train
16037,16035,train
16038,16036,train
16040,16038,validation
16041,24,train
16042,16040,train
16043,16041,train
16045,610,train
16046,16044,train
16047,10505,train
16048,16046,validation
16049,16047,train
16050,16048,validation
16052,16050,train
16053,16051,train
16054,16052,train
16055,16053,train
16057,16055,train
16058,16056,train
16059,16057,train
16060,12809,train
16061,16059,validation
16063,16061,train
16064,16062,train
16065,1453,validation
16066,819,train
16067,271,train
16068,1172,train
16069,16067,train
16070,16068,train
16072,16070,train
16073,16071,train
16075,16073,train
16077,7,train
16078,16076,validation
16080,16078,train
16081,4491,train
16082,16080,train
16083,16081,train
16084,16,train
16085,16083,train
16086,16084,validation
16087,16085,train
16089,16087,train
16090,16088,train
16091,16089,validation
16092,7,train
16094,10105,validation
16095,16093,train
16096,16094,train
16097,1102,train
16098,16096,train
16099,16097,train
16102,16100,validation
16103,16101,validation
16104,178,train
16105,16103,train
16106,16104,train
16107,16105,validation
16108,16106,train
16109,16107,train
16110,16108,train
16111,1609,train
16115,16113,validation
16116,3973,train
16117,16115,train
16118,16116,train
16119,16117,train
16120,16118,train
16121,2741,train
16123,16121,validation
16124,16122,train
16125,16123,train
16127,16125,train
16128,16126,validation
16129,16127,train
16131,16129,train
16132,1662,train
16133,16131,train
16134,16132,train
16135,16133,train
16136,16134,validation
16137,16135,train
16139,16137,train
16140,349,validation
16141,16139,validation
16142,16140,train
16143,16141,train
16144,1239,train
16145,36,train
16146,91,train
16147,16145,train
16148,16146,validation
16150,16148,train
16151,16149,train
16153,16151,train
16154,16152,train
16155,2442,train
16157,16155,train
16158,16156,train
16159,16157,train
16160,16158,validation
16161,16,train
16162,16160,train
16164,16162,validation
16165,16163,train
16166,16164,train
16167,16165,validation
16168,4953,train
16170,16168,train
16171,16169,train
16172,16170,validation
16174,16172,train
16175,16173,validation
16176,16174,train
16178,16176,train
16179,8651,train
16180,16178,train
16181,16179,train
16182,16180,train
16183,16181,train
16185,16183,train
16186,16184,validation
16188,16186,train
16190,271,train
16191,1790,train
16192,16190,train
16193,16191,train
16194,271,train
16195,3887,train
16196,16194,train
16198,16196,train
16199,16197,validation
16200,735,train
16201,5242,train
16202,16200,train
16203,16201,train
16205,16203,validation
16206,16204,train
16207,16205,train
16208,16206,train
16210,4987,train
16211,16209,train
16212,1157,train
16213,271,train
16214,16212,validation
16215,16213,train
16216,16,train
16217,16215,train
16218,16216,train
16219,36,train
16220,16218,validation
16221,713,train
16223,4179,train
16224,16222,train
16225,16223,train
16226,2854,train
16227,166,train
16228,11778,train
16229,729,train
16231,16229,train
16232,7188,train
16233,16231,validation
16234,240,validation
16235,16233,train
16236,16234,train
16238,16236,validation
16239,16237,train
16240,16238,train
16241,319,train
16242,6268,train
16243,1150,train
16245,16243,validation
16247,16245,train
16248,16246,train
16249,16247,train
16250,16248,train
16251,16249,validation
16252,16250,train
16254,16252,train
16255,16253,train
16257,16255,validation
16258,16256,train
16259,16257,train
16260,16258,train
16261,16259,train
16262,16260,train
16265,16263,validation
16267,3654,train
16268,16266,train
16269,16267,validation
16270,7,train
16271,4389,train
16272,462,train
16273,16271,train
16274,16272,train
16275,16273,train
16276,284,train
16277,16275,train
16278,16276,train
16279,16277,train
16281,16279,validation
16283,16281,train
16284,16282,validation
16285,16283,train
16286,16284,train
16287,839,train
16288,16286,train
16290,16288,train
16292,16290,validation
16293,16291,train
16294,16292,train
16295,16293,train
16296,16294,train
16299,16297,validation
16300,16298,train
16302,16300,train
16303,16301,validation
16304,16302,train
16305,2095,validation
16306,16304,train
16307,16,train
16308,10851,train
16309,16307,train
16311,1085,train
16312,16310,train
16313,16311,validation
16314,16312,train
16316,16314,train
16317,16315,train
16319,16317,train
16320,16318,train
16322,16320,train
16323,16321,train
16324,474,train
16325,16323,train
16326,9358,train
16327,16325,train
16328,16326,validation
16329,7451,train
16331,16329,train
16332,474,train
16333,16331,train
16335,16333,train
16336,16334,validation
16338,16336,train
16339,16337,train
16340,16338,train
16341,16339,train
16342,16340,validation
16343,9170,train
16345,16343,validation
16346,3584,validation
16347,16345,train
16348,16346,train
16349,16347,train
16350,271,train
16351,16349,train
16352,16350,train
16354,16352,train
16355,36,train
16357,16355,train
16358,16356,validation
16359,16357,train
16360,16358,train
16362,16360,train
16363,166,train
16364,581,train
16365,166,train
16366,1401,train
16367,1212,validation
16368,16366,train
16369,16367,train
16370,16368,validation
16372,16370,train
16373,16371,train
16374,16372,validation
16375,319,train
16376,16374,train
16377,16375,train
16378,16376,train
16379,194,train
16380,16378,train
16382,16380,train
16384,16,train
16385,7643,validation
16386,16384,train
16388,3405,validation
16389,16387,validation
16390,16388,train
16391,1145,train
16392,16390,train
16393,16391,train
16394,1132,train
16395,16393,train
16396,6145,train
16397,16395,train
16398,16396,train
16399,16397,validation
16401,16399,train
16402,16400,train
16403,16401,train
16404,16402,train
16406,16404,train
16407,16405,validation
16408,16406,train
16409,16407,train
16411,16409,train
16413,14281,validation
16414,16412,train
16415,16413,train
16417,16415,train
16418,16416,validation
16420,16418,train
16421,9788,train
16422,8206,train
16423,349,validation
16424,16422,train
16426,16424,validation
16427,9442,train
16428,16426,train
16429,16427,train
16430,16428,train
16431,16429,train
16432,7667,train
16433,178,train
16434,11857,validation
16435,16433,train
16437,16435,train
16438,16436,validation
16441,16439,train
16442,16440,validation
16443,16441,train
16444,16442,train
16445,16443,train
16446,16444,train
16447,16445,validation
16449,16447,train
16450,16448,train
16452,16450,train
16453,16451,train
16454,16452,validation
16456,16454,train
16459,16457,train
16460,16458,train
16462,16460,train
16463,16461,validation
16464,0,train
16465,16463,train
16467,16465,train
16468,563,validation
16469,16467,train
16470,16468,validation
16472,16470,train
16474,16472,train
16475,16473,train
16476,36,train
16478,504,validation
16479,4009,train
16480,16478,train
16481,16479,validation
16483,16481,train
16484,8187,train
16485,271,train
16488,16486,validation
16489,16487,train
16491,16489,train
16492,16490,train
16493,4019,train
16494,194,train
16495,16493,validation
16497,16495,train
16498,16496,train
16499,16497,train
16500,271,train
16501,16499,train
16503,16501,train
16504,16502,validation
16505,16503,train
16507,16505,train
16508,16506,train
16509,16507,train
16511,16509,train
16512,16510,train
16513,1566,train
16514,274,validation
16515,16513,train
16517,272,train
16518,16516,validation
16519,16517,train
16520,16518,train
16522,16520,validation
16523,16521,train
16524,16522,train
16525,16523,train
16526,2530,train
16528,16526,train
16529,16527,train
16530,9616,train
16531,1808,train
16532,5323,validation
16533,36,train
16534,16532,train
16536,16534,train
16538,3186,train
16539,5416,train
16540,16538,validation
16541,16539,train
16542,16540,train
16543,16541,train
16544,16542,validation
16545,16543,train
16547,16545,train
16548,16546,train
16549,16,train
16551,16549,train
16552,16550,train
16553,16551,train
16554,16552,validation
16555,16553,train
16556,16,train
16559,16557,train
16560,16558,train
16561,16559,validation
16562,178,train
16564,16562,train
16565,24,train
16566,16564,train
16567,25,validation
16568,16,train
16569,16567,train
16570,16568,validation
16571,16569,train
16573,2742,train
16574,16572,train
16575,16573,train
16576,16574,validation
16578,16576,train
16579,16577,train
16580,16578,train
16581,16579,train
16584,16582,train
16585,9242,train
16586,16584,train
16587,16585,validation
16588,16586,train
16590,706,train
16591,16589,train
16592,16590,train
16593,16591,validation
16595,16593,train
16596,271,train
16597,16595,train
16598,16596,train
16599,16597,train
16600,16598,train
16601,16599,validation
16603,7,train
16605,16603,train
16606,16604,validation
16607,16605,train
16608,16606,validation
16610,16608,train
16611,36,train
16612,1790,train
16613,16611,train
16614,16612,train
16615,1186,train
16616,16614,train
16618,16616,train
16619,16617,train
16620,16618,validation
16621,1212,validation
16622,16620,train
16624,7073,validation
16625,16623,train
16626,16624,train
16627,16625,train
16628,166,train
16629,16627,train
16631,16629,train
16632,16630,validation
16633,16631,train
16634,16632,validation
16635,16633,train
16637,16635,train
16639,16637,validation
16641,16639,train
16642,16640,train
16643,16641,train
16644,36,train
16645,16643,train
16646,16644,validation
16647,271,train
16649,16647,train
16650,271,train
16651,16649,train
16654,16652,train
16655,16653,validation
16656,16654,train
16659,16657,train
16660,16658,train
16661,16659,train
16662,474,train
16663,5357,train
16665,16663,train
16666,16664,train
16667,16665,train
16669,16667,train
16670,16668,train
16671,16669,validation
16672,16670,train
16673,8812,train
16674,271,train
16676,16674,train
16677,16675,validation
16678,16676,train
16679,16677,train
16681,16679,train
16682,16680,train
16683,16681,validation
16684,16682,train
16686,16684,train
16687,10851,train
16688,675,train
16689,16687,train
16690,16688,train
16691,16689,validation
16692,16690,train
16693,0,train
16694,1755,validation
16695,16693,train
16697,16695,train
16698,16696,train
16700,36,train
16701,16699,validation
16702,4501,validation
16703,16701,train
16705,16703,validation
16706,16704,train
16707,16705,train
16708,16706,train
16709,16707,train
16711,16709,validation
16712,16710,train
16713,16,train
16714,3010,validation
16715,1015,train
16716,16,train
16717,16715,train
16718,3894,validation
16719,16717,train
16722,16720,train
16723,16721,train
16724,16722,train
16725,16723,train
16726,16724,validation
16728,16726,train
16729,16727,train
16730,271,train
16731,16729,train
16732,16730,validation
16734,16732,train
16735,16733,train
16736,16734,train
16737,7000,train
16738,1050,train
16739,16737,train
16740,16738,validation
16743,16741,train
16744,419,validation
16745,16743,train
16746,16744,train
16747,16745,validation
16749,16747,train
16751,6127,train
16752,2378,train
16753,16751,train
16754,16752,train
16755,16753,train
16757,16755,train
16758,16756,train
16759,16,train
16760,587,train
16761,2898,train
16762,16760,train
16763,2908,train
16764,16762,train
16766,16764,train
16767,16765,train
16768,16766,train
16769,16767,validation
16770,16768,train
16771,16769,train
16773,16771,train
16774,16772,train
16776,7461,validation
16777,16775,validation
16778,16776,train
16779,16777,train
16780,16778,train
16781,271,train
16782,331,train
16784,16782,validation
16785,16783,train
16787,16785,train
16788,16786,train
16789,36,train
16791,16789,train
16792,7421,validation
16793,16791,train
16794,16792,train
16795,16793,train
16798,16796,validation
16799,1790,train
16800,16798,validation
16801,16799,train
16803,16801,train
16804,16802,train
16806,16804,validation
16807,9666,train
16808,5423,validation
16809,2854,train
16810,16,train
16812,16810,train
16814,8135,train
16815,16813,train
16816,16814,train
16817,16815,train
16819,16817,validation
16820,16818,train
16821,16819,train
16822,16820,train
16823,16821,train
16825,16823,validation
16826,16824,train
16827,16825,train
16829,16827,train
16830,16828,validation
16831,16829,train
16832,16830,train
16834,16832,train
16836,16834,train
16837,16835,validation
16838,16836,train
16840,16838,train
16841,16839,validation
16842,16840,train
16843,16841,train
16844,16272,train
16845,16843,train
16846,16844,train
16847,3767,validation
16849,16847,validation
16850,16848,train
16851,16849,train
16852,16850,train
16855,295,train
16856,16854,validation
16857,16855,train
16859,16857,train
16860,16858,train
16861,16859,validation
16862,16860,train
16863,36,train
16864,1020,train
16866,14294,train
16867,16865,train
16868,16866,train
16869,16867,train
16870,16868,train
16871,16869,validation
16872,675,train
16873,16871,train
16875,91,train
16876,16874,train
16877,16875,train
16879,5096,validation
16880,16878,validation
16881,16879,train
16882,841,train
16883,16881,train
16884,16882,validation
16886,271,train
16887,16885,train
16888,16886,train
16889,271,train
16890,16888,train
16891,16889,validation
16893,16891,train
16894,724,train
16895,16893,train
16896,16894,train
16897,16895,train
16899,16897,train
16900,16898,validation
16901,16899,train
16902,16900,train
16904,7073,validation
16905,16903,train
16907,16905,validation
16908,16906,train
16909,16907,train
16910,16908,train
16911,16909,validation
16912,1271,train
16914,16912,train
16916,16914,train
16917,16915,train
16919,16917,train
16920,7,train
16921,16919,validation
16922,16920,train
16923,16921,train
16925,16923,train
16926,16924,train
16927,16925,validation
16930,16928,train
16931,16929,train
16932,16930,train
16933,16931,train
16934,2269,train
16935,4716,validation
16936,16934,train
16937,16935,validation
16938,16936,train
16939,16937,train
16940,16938,train
16942,10505,train
16943,16941,validation
16944,16942,train
16945,16943,train
16946,770,train
16947,16945,train
16948,16946,train
16949,9929,validation
16950,107,train
16952,16950,train
16953,16951,train
16955,16953,train
16956,16954,train
16957,6894,train
16958,16956,validation
16959,16957,train
16961,16959,train
16962,16960,train
16963,16961,train
16965,16963,train
16966,16964,train
16967,16965,train
16968,16966,train
16969,16967,validation
16971,773,train
16972,16,train
16973,16971,train
16974,16972,train
16975,16973,train
16976,16974,validation
16977,16975,validation
16978,274,validation
16979,10154,train
16981,16979,train
16982,16980,train
16984,349,validation
16985,194,train
16986,16984,train
16987,16985,train
16988,652,train
16990,16988,train
16991,16989,validation
16993,16991,train
16994,36,train
16995,16993,train
16996,16994,validation
16997,1132,train
16998,16996,train
16999,16997,train
17001,16999,train
17002,17000,validation
17003,17001,train
17004,2914,train
17005,17003,train
17007,17005,validation
17008,17006,train
17009,17007,train
17010,4491,train
17011,17009,train
17012,17010,train
17014,17012,train
17015,17013,train
17016,17014,train
17018,349,validation
17019,17017,validation
17020,17018,train
17023,17021,train
17024,17022,validation
17025,5470,train
17026,17024,train
17027,17025,train
17028,17026,train
17030,271,train
17031,474,train
17033,17031,train
17034,17032,validation
17035,17033,train
17037,17035,train
17039,17037,train
17040,17038,train
17041,17039,validation
17042,17040,train
17043,17041,train
17044,17042,train
17045,12809,train
17047,17045,train
17049,1258,train
17050,274,validation
17052,17050,train
17053,17051,train
17054,452,train
17055,6430,validation
17056,17054,train
17057,17055,validation
17059,17057,train
17060,675,train
17061,17059,train
17062,17060,train
17063,17061,train
17064,5127,train
17066,17064,train
17067,17065,train
17068,17066,train
17069,17067,validation
17070,17068,validation
17072,17070,train
17073,17071,train
17074,17072,train
17075,17073,train
17077,17075,validation
17078,17076,train
17079,17077,train
17080,17078,train
17081,1020,train
17083,17081,validation
17084,17082,train
17085,17083,train
17086,17084,train
17088,406,train
17089,17087,train
17090,2601,train
17091,1020,train
17093,17091,train
17094,513,train
17095,17093,train
17096,17094,train
17097,17095,train
17099,17097,train
17100,17098,validation
17101,17099,train
17102,17100,train
17103,17101,validation
17104,17102,validation
17105,17103,train
17106,17104,train
17107,17105,train
17108,36,train
17110,17108,train
17111,17109,train
17112,17110,validation
17113,17111,validation
17115,17113,train
17117,5682,train
17118,17116,train
17119,271,train
17120,17118,train
17121,1212,validation
17122,3768,train
17123,17121,train
17124,17122,train
17125,17123,train
17126,17124,train
17127,17125,validation
17128,17126,train
17130,14079,train
17132,17130,train
17133,17131,train
17135,17133,train
17136,17134,train
17138,17136,train
17139,17137,train
17140,17138,train
17141,17139,validation
17142,1115,train
17143,17141,train
17144,17142,validation
17145,17143,train
17146,17144,train
17147,17145,train
17148,17146,validation
17151,755,train
17152,17150,train
17153,1361,train
17155,94,train
17156,17154,train
17157,17155,train
17158,17156,train
17159,17157,train
17160,271,train
17162,14021,train
17163,5423,validation
17166,17164,validation
17167,17165,train
17168,17166,train
17169,17167,validation
17170,271,train
17171,17169,train
17172,723,train
17173,4697,train
17174,17172,train
17175,17173,train
17177,1035,train
17178,675,train
17179,17177,validation
17180,91,train
17181,1385,train
17182,17180,train
17183,17181,train
17184,17182,train
17185,7073,validation
17187,17185,train
17188,271,train
17189,17187,train
17190,8128,train
17191,17189,train
17192,17190,validation
17193,17191,train
17195,17193,train
17197,17195,train
17198,17196,train
17199,17197,validation
17200,17198,train
17202,17200,train
17203,17201,train
17204,12911,train
17205,17203,train
17206,17204,validation
17208,4009,train
17209,17207,train
17210,17208,train
17211,17209,train
17212,1494,train
17213,11910,train
17214,17212,train
17215,17213,validation
17217,17215,train
17218,17216,train
17219,17217,train
17220,16,train
17221,17219,validation
17223,17221,train
17224,17222,train
17225,17223,train
17226,17224,train
17227,17225,train
17229,331,train
17230,17228,validation
17231,17229,validation
17232,3051,validation
17233,17231,train
17234,17232,train
17236,17234,train
17237,17235,train
17238,17236,validation
17240,17238,train
17241,2753,train
17242,17240,train
17243,17241,validation
17244,17242,train
17245,2753,train
17247,17245,train
17249,17247,train
17250,17248,validation
17251,17249,train
17252,17250,train
17253,7,train
17254,17252,train
17255,17253,train
17256,17254,validation
17259,17257,train
17261,17259,train
17262,17260,train
17263,17261,validation
17264,17262,train
17265,17263,train
17266,17264,train
17267,17265,train
17268,9287,train
17271,17269,train
17272,17270,validation
17273,17271,train
17274,17272,train
17276,178,train
17277,271,train
17278,36,train
17279,17277,train
17281,17279,train
17282,17280,train
17283,17281,train
17285,3405,validation
17286,17284,train
17287,17285,train
17288,7,train
17290,8817,train
17291,17289,validation
17292,17290,train
17293,17291,train
17294,17292,train
17295,17293,train
17296,17294,validation
17298,6169,train
17299,17297,train
17300,17298,train
17301,9614,validation
17302,17300,train
17303,17301,train
17304,17302,validation
17306,17304,train
17307,17305,train
17308,17306,train
17310,17308,train
17311,17309,train
17312,17310,validation
17313,17311,train
17317,16051,train
17318,17316,train
17319,17317,validation
17320,17318,train
17321,17319,train
17322,17320,train
17323,17321,train
17324,240,validation
17327,17325,train
17328,17326,train
17329,457,train
17330,17328,validation
17331,257,train
17334,17332,train
17336,17334,train
17338,17336,train
17339,257,train
17340,17338,validation
17341,17339,train
17342,17340,train
17343,17341,train
17344,17342,train
17345,17343,validation
17347,17345,train
17348,5813,train
17349,17347,train
17350,17348,train
17351,17349,train
17352,17350,validation
17354,17352,validation
17355,17353,train
17356,17354,train
17358,17356,train
17359,17357,train
17360,17358,train
17362,17360,validation
17363,17361,train
17364,17362,train
17365,17363,train
17367,17365,train
17368,17366,validation
17369,17367,train
17370,3425,validation
17372,17370,train
17374,17372,train
17375,17373,train
17376,17374,validation
17377,17375,train
17378,17376,train
17380,17378,train
17381,7,train
17382,17380,train
17385,17383,train
17386,17384,validation
17387,17385,train
17388,17386,train
17389,17387,train
17390,17388,validation
17391,3887,train
17392,17390,train
17393,17391,train
17394,17392,train
17396,17394,train
17398,2365,train
17399,17397,train
17400,17398,validation
17401,17399,train
17402,17400,train
17403,4872,train
17406,17404,train
17407,17405,train
17408,2536,train
17409,17407,train
17411,17409,validation
17412,17410,train
17413,17411,train
17414,17412,train
17415,1378,train
17416,17414,validation
17418,17416,train
17419,17417,train
17420,17418,train
17422,17420,train
17423,17421,validation
17425,17423,train
17426,17424,train
17427,17425,train
17428,17426,train
17430,2730,train
17431,17429,train
17432,17430,train
17433,17431,train
17434,17432,train
17435,17433,train
17437,1458,train
17438,16,train
17439,17437,validation
17440,17438,train
17441,1239,train
17442,17440,train
17443,17441,train
17445,17443,train
17446,17444,train
17447,17445,train
17449,17447,validation
17450,295,train
17451,17449,train
17452,17450,train
17454,17452,train
17455,17453,train
17457,755,train
17458,17456,validation
17459,17457,train
17460,17458,train
17462,17460,train
17463,17461,train
17464,17462,train
17465,17463,train
17466,17464,train
17468,17466,validation
17470,17468,train
17471,17469,train
17472,17470,train
17474,17472,train
17476,17474,validation
17477,17475,train
17478,17476,train
17479,17372,train
17480,17478,train
17483,7,train
17484,17482,train
17485,17483,validation
17486,17484,train
17487,17485,train
17488,17486,train
17490,581,train
17491,17489,validation
17492,17490,train
17494,17492,train
17495,17493,train
17496,5104,train
17497,17495,validation
17498,17496,train
17500,17498,train
17501,17499,train
17503,17501,validation
17504,7,train
17505,17503,train
17506,36,train
17507,1401,train
17508,17506,train
17509,15505,train
17510,50,train
17511,17509,train
17512,789,validation
17513,1212,validation
17515,252,train
17516,17514,validation
17517,17515,train
17518,17516,train
17519,17517,train
17520,17518,train
17521,17519,validation
17522,17520,train
17525,3074,train
17526,17524,train
17527,17525,train
17528,17526,train
17529,17527,train
17531,17529,validation
17532,5416,train
17533,17531,train
17534,17532,train
17535,383,validation
17537,17535,train
17538,17536,train
17539,17537,train
17540,17538,validation
17541,17539,train
17543,271,train
17544,17542,train
17545,17543,train
17546,16497,train
17547,17545,validation
17549,17547,train
17550,178,train
17551,17549,train
17552,17550,train
17553,17551,train
17554,17552,train
17555,17553,train
17556,17554,train
17558,7182,train
17559,17557,validation
17561,17559,train
17562,17560,train
17563,36,train
17564,17562,validation
17565,17563,train
17566,17564,train
17567,17565,train
17569,537,train
17570,17568,train
17572,17570,train
17573,17571,train
17574,17572,train
17576,17574,train
17577,17575,train
17578,7173,validation
17579,17577,train
17581,17579,train
17582,17580,train
17583,17581,validation
17584,17582,train
17585,17583,train
17587,17585,train
17588,17586,train
17589,16,train
17590,17588,validation
17593,17591,train
17594,17592,train
17595,17593,train
17596,2210,validation
17597,17595,train
17600,117,train
17602,17600,train
17603,16,train
17604,17602,train
17605,17603,train
17606,17604,validation
17609,17607,train
17610,17608,train
17612,17610,train
17613,17611,validation
17614,17612,train
17615,17613,train
17617,17615,train
17618,17616,train
17619,17617,validation
17621,17619,train
17622,17620,train
17623,17621,train
17624,0,train
17625,17623,train
17627,17625,train
17628,17626,train
17629,3010,validation
17630,17628,train
17631,16,train
17632,17630,validation
17634,1085,train
17635,17633,train
17636,17634,validation
17639,843,train
17640,17638,train
17642,271,train
17643,17641,train
17644,17642,train
17645,17643,train
17647,17645,validation
17648,17646,train
17651,17649,train
17652,17650,train
17653,17651,validation
17654,17652,train
17656,17654,validation
17657,17655,train
17658,17656,train
17659,452,train
17660,17658,train
17661,12552,train
17662,17660,train
17663,17661,train
17665,17663,validation
17666,17664,train
17668,17666,train
17669,504,validation
17670,17668,train
17671,17669,train
17672,17670,train
17674,17672,validation
17675,17673,train
17676,17674,train
17677,17675,validation
17679,17677,train
17680,17678,validation
17681,3584,validation
17682,17680,train
17683,17681,train
17685,646,train
17686,17684,validation
17687,3888,validation
17688,17686,train
17689,17687,train
17690,17688,train
17691,252,train
17692,2114,validation
17693,17691,train
17694,2708,train
17695,2741,train
17696,17694,train
17698,17696,train
17699,17697,train
17700,2365,train
17701,17699,validation
17702,474,train
17704,17702,validation
17705,17703,train
17706,17704,train
17709,7,train
17710,17708,train
17711,17709,train
17712,17710,validation
17713,17711,train
17715,14021,train
17716,17714,train
17718,17716,train
17719,17717,train
17720,17718,train
17722,17720,validation
17723,17721,train
17724,17722,train
17725,17723,validation
17727,7000,train
17728,17726,train
17729,17727,train
17730,17728,train
17731,17729,train
17733,3842,train
17734,17732,validation
17735,17733,train
17736,17734,train
17737,17735,train
17738,17736,validation
17739,7,train
17740,17738,train
17741,94,train
17742,17740,train
17745,17743,validation
17746,17744,train
17748,2898,train
17749,17747,train
17750,17748,train
17751,17749,train
17752,17750,train
17754,17752,train
17755,17753,train
17756,17754,train
17758,17756,validation
17759,946,train
17760,2344,train
17761,6492,train
17762,7,train
17763,17761,validation
17764,17762,train
17766,17764,train
17768,17766,train
17769,17767,train
17770,17768,train
17771,17769,train
17772,557,train
17773,10663,train
17774,17772,train
17776,17774,train
17778,17776,train
17779,17777,train
17780,17778,validation
17782,17780,train
17783,17781,train
17784,17782,train
17785,1033,train
17786,17784,validation
17787,17785,train
17788,17786,train
17789,17787,train
17790,17788,train
17792,17790,train
17793,17791,validation
17795,17793,validation
17796,1757,validation
17797,17795,train
17798,17796,train
17799,17797,validation
17801,17799,train
17802,17800,train
17803,17801,train
17805,2114,validation
17806,3231,train
17807,17805,validation
17808,17806,train
17809,14021,train
17810,17808,train
17811,17809,train
17812,17810,train
17815,17813,validation
17816,17814,train
17817,17815,train
17818,17816,train
17820,17818,train
17821,17819,train
17822,17820,train
17823,17821,validation
17824,17822,train
17826,17824,train
17827,17825,train
17828,17826,train
17830,17828,train
17831,17829,train
17832,17830,validation
17833,17831,train
17835,3908,train
17836,17834,train
17837,17835,train
17838,17836,validation
17839,17837,train
17840,7,train
17841,17839,train
17842,17840,train
17844,7,train
17845,17843,validation
17846,17844,train
17848,17846,train
17849,33,train
17850,17848,train
17851,17849,train
17852,17850,validation
17853,17851,train
17855,17853,train
17856,3257,validation
17857,17855,train
17858,17856,validation
17860,17858,train
17861,17859,train
17862,17860,train
17863,17861,validation
17864,17862,train
17865,17863,train
17867,17865,train
17870,17868,validation
17872,17870,train
17873,17871,train
17874,9125,train
17875,17873,train
17876,17874,validation
17877,17875,train
17878,17876,train
17879,819,train
17881,17879,train
17882,17880,validation
17883,17881,train
17885,17883,train
17886,17884,train
17887,17885,train
17889,17887,validation
17891,17889,train
17892,17890,train
17893,17891,train
17894,17892,train
17896,17894,validation
17897,675,train
17898,271,train
17900,17898,train
17902,17900,train
17903,107,train
17905,17903,train
17906,271,train
17907,6800,train
17908,17906,validation
17909,17907,train
17910,17908,train
17912,17910,validation
17913,1755,validation
17914,17912,train
17915,17913,train
17916,3978,train
17917,17915,train
17918,1914,train
17920,17918,train
17921,7,train
17922,843,train
17923,17921,train
17924,17922,train
17925,107,train
17926,17924,train
17927,13469,train
17929,17927,train
17930,17928,train
17932,17930,validation
17933,17931,validation
17934,17932,train
17935,17933,train
17936,17934,train
17937,17935,train
17938,17936,train
17939,3260,train
17940,17938,train
17942,17940,validation
17943,17941,train
17944,17942,train
17945,17943,train
17946,331,train
17948,17946,train
17949,17947,train
17951,17949,train
17952,755,train
17953,17951,validation
17954,17952,train
17955,17953,train
17957,17955,train
17958,17956,validation
17959,17957,validation
17960,36,train
17961,16,train
17963,17961,train
17964,17962,train
17965,17714,train
17966,271,train
17967,17965,train
17968,17966,train
17970,17968,train
17971,17969,train
17973,17971,train
17974,17972,train
17975,17973,validation
17976,1458,train
17977,17975,train
17978,17976,validation
17980,17978,train
17982,17980,train
17983,17981,validation
17984,438,train
17985,271,train
17986,17984,train
17987,17985,train
17988,14854,train
17989,17987,train
17990,1212,validation
17991,17989,validation
17993,17991,train
17994,16,train
17995,17993,train
17996,17441,train
17997,6879,validation
17998,107,train
17999,1952,train
18000,17998,train
18001,17999,validation
18002,18000,train
18004,18002,validation
18005,18003,train
18006,6894,train
18007,18005,train
18008,18006,train
18009,8206,train
18011,18009,train
18012,3394,train
18013,413,train
18014,18012,train
18015,18013,train
18016,18014,train
18017,2365,train
18018,18016,train
18019,18017,train
18021,18019,train
18022,18020,validation
18024,18022,train
18025,18023,train
18026,18024,train
18027,18025,validation
18029,18027,train
18030,18028,validation
18031,18029,train
18033,3677,train
18034,18032,train
18035,18033,train
18036,13230,train
18037,171,train
18038,18036,train
18040,18038,train
18041,18039,train
18042,18040,train
18044,18042,train
18045,18043,train
18046,18044,train
18047,18045,validation
18048,18046,train
18050,474,train
18051,18049,train
18052,1114,train
18053,18051,train
18054,18052,train
18055,18053,train
18058,18056,train
18059,18057,validation
18060,18058,train
18061,18059,train
18062,18060,train
18063,18061,validation
18064,18062,train
18065,18063,train
18067,18065,train
18069,9535,train
18070,18068,train
18072,18070,train
18073,18071,validation
18075,18073,train
18076,18074,train
18078,3484,validation
18079,18077,train
18080,18078,validation
18081,107,train
18082,18080,train
18083,2914,train
18084,18082,train
18085,3202,train
18086,18084,train
18087,107,train
18088,18086,train
18089,18087,validation
18090,18088,train
18092,3978,train
18093,18091,train
18094,18092,train
18095,18093,validation
18097,18095,train
18098,668,train
18099,755,train
18100,18098,train
18101,18099,train
18102,4871,train
18104,18102,train
18105,18103,train
18106,18104,train
18107,18105,validation
18109,18107,train
18110,5596,train
18111,11578,train
18113,3297,train
18114,18112,train
18116,18114,train
18117,18115,train
18118,18116,validation
18120,18118,train
18121,18119,train
18122,18120,train
18123,18121,train
18124,18122,validation
18126,18124,train
18127,2765,train
18128,18126,validation
18129,18127,train
18131,18129,train
18132,452,train
18133,18131,train
18134,18132,validation
18135,1864,validation
18136,1020,train
18137,18135,train
18139,18137,train
18140,18138,train
18141,24,train
18142,18140,validation
18143,18141,train
18144,18142,train
18145,13699,validation
18146,18144,train
18148,18146,validation
18149,18147,train
18150,18148,train
18152,16,train
18153,18151,train
18154,18152,train
18155,18153,validation
18156,18154,train
18157,36,train
18159,18157,train
18160,18158,train
18161,18159,validation
18162,18160,train
18164,36,train
18165,18163,train
18166,18164,train
18167,18165,validation
18169,18167,train
18170,513,train
18171,18169,validation
18172,18170,train
18173,18171,train
18174,18172,train
18175,18173,train
18177,18175,validation
18178,18176,validation
18179,18177,train
18181,309,train
18182,18180,train
18183,18181,train
18184,18182,validation
18185,18183,train
18186,18184,validation
18188,18186,train
18189,18187,train
18190,18188,train
18192,18190,train
18196,18194,train
18198,166,train
18199,18197,train
18200,18198,train
18201,18199,train
18202,7,train
18204,18202,train
18205,18203,train
18206,7,train
18207,18205,train
18209,18207,validation
18210,10505,train
18212,1085,train
18213,18211,train
18214,18212,train
18215,18213,train
18216,2114,validation
18217,18215,validation
18218,18216,train
18219,16,train
18220,18218,train
18222,18220,train
18223,18221,train
18224,284,train
18225,18223,train
18226,18224,validation
18228,18226,train
18229,18227,train
18230,18228,train
18232,18230,validation
18233,18231,train
18235,18233,train
18236,18234,train
18237,18235,train
18238,18236,validation
18239,18237,train
18240,18238,train
18242,16,train
18243,581,train
18244,7,train
18245,18243,train
18247,18245,train
18248,16,train
18249,18247,train
18250,18248,validation
18251,194,train
18252,7,train
18253,3584,validation
18254,1020,train
18255,12142,train
18256,178,train
18257,18255,validation
18258,650,validation
18259,18257,train
18260,18258,train
18262,18260,train
18264,18262,train
18266,18264,train
18267,18265,train
18268,3887,train
18269,18267,train
18270,18268,validation
18271,2366,train
18272,18270,validation
18273,271,train
18274,18272,train
18275,18273,train
18277,18275,validation
18278,274,validation
18279,2906,validation
18281,18279,train
18282,18280,train
18283,18281,train
18284,1239,train
18285,18283,validation
18287,18285,train
18288,18286,train
18289,18287,train
18290,18288,train
18291,18289,validation
18292,18290,train
18293,18291,train
18295,18293,train
18296,14584,train
18298,18296,train
18299,18297,train
18300,7,train
18301,17663,validation
18302,18300,validation
18304,18302,train
18305,18303,train
18306,18304,train
18307,1327,train
18308,18306,train
18309,18307,train
18310,18308,train
18311,18309,train
18312,18310,train
18314,18312,validation
18317,18315,train
18318,18316,train
18319,18317,train
18320,18318,train
18321,18319,validation
18322,18320,train
18323,18321,train
18324,18322,train
18325,2538,train
18326,18324,validation
18328,18326,train
18329,18327,train
18330,18328,train
18331,1249,train
18332,18330,train
18333,18331,validation
18334,18332,train
18335,18333,train
18336,675,train
18337,18335,validation
18339,18337,train
18340,1212,validation
18341,18339,train
18343,18341,train
18344,18342,train
18345,18343,validation
18346,36,train
18347,18345,train
18349,18347,train
18350,18348,train
18351,18349,train
18352,18350,train
18354,18352,train
18355,18353,train
18356,18354,train
18357,3258,train
18359,18357,validation
18360,18358,train
18361,18359,train
18363,18361,train
18364,18362,train
18365,18363,train
18366,177,train
18367,18365,train
18368,18366,validation
18370,18368,train
18371,18369,train
18372,18370,train
18373,18371,train
18374,4697,train
18375,2951,train
18376,18374,train
18377,1020,train
18380,18378,validation
18382,18380,validation
18383,18381,train
18384,18382,train
18385,18383,train
18386,18384,train
18387,18385,train
18388,18386,train
18389,18387,train
18390,18388,validation
18391,18389,validation
18393,14974,train
18395,7212,validation
18396,18394,train
18397,18395,train
18398,18396,train
18399,18397,train
18400,18398,validation
18401,178,train
18403,18401,train
18404,271,train
18405,240,validation
18406,18404,train
18408,18406,validation
18409,18407,train
18410,18408,train
18411,18409,train
18413,18411,train
18414,18412,train
18415,18413,train
18416,18414,validation
18417,755,train
18419,3504,train
18420,4353,train
18421,18419,train
18422,18420,validation
18423,18421,train
18424,18422,train
18425,18423,validation
18427,18425,train
18428,18426,train
18429,18427,validation
18430,18428,train
18432,18430,train
18433,18431,train
18434,18432,train
18435,18433,train
18436,18434,validation
18437,18435,train
18438,2212,train
18439,18437,train
18441,1336,train
18443,1541,train
18444,18442,train
18445,457,train
18446,18444,train
18447,18445,train
18448,3425,validation
18449,2833,validation
18450,18448,validation
18452,18450,train
18453,18451,train
18455,18453,train
18456,18454,validation
18458,18456,train
18459,18457,train
18460,18458,train
18461,16,train
18462,18460,train
18465,18463,train
18466,18464,train
18467,18465,train
18468,18466,validation
18470,18468,train
18471,18469,train
18472,18470,train
18474,18472,train
18475,18473,train
18476,107,train
18477,18475,train
18478,18476,validation
18479,16,train
18481,11526,train
18483,18481,train
18485,18483,train
18486,18484,train
18487,18485,validation
18488,18486,train
18490,18488,train
18491,18489,train
18492,18490,train
18493,675,train
18495,18493,validation
18496,18494,validation
18497,18495,train
18498,18496,train
18501,18499,train
18502,18500,train
18503,18501,validation
18504,18502,train
18505,18503,train
18508,18506,train
18509,18507,train
18510,18508,train
18511,11461,train
18512,18510,train
18513,2765,train
18514,7,train
18516,18514,train
18518,18516,train
18519,18517,validation
18520,4658,train
18521,18519,train
18523,18521,train
18524,18522,train
18525,18523,train
18526,18524,validation
18528,18526,train
18529,18527,train
18530,18528,train
18531,773,train
18534,18532,train
18535,18533,train
18536,18534,validation
18537,18535,validation
18538,18536,train
18539,18537,train
18540,737,validation
18541,18539,train
18542,18540,train
18545,18543,train
18546,36,train
18547,18545,train
18548,8223,validation
18549,18547,train
18550,4623,train
18551,18549,train
18553,18551,validation
18554,18552,train
18555,18553,train
18557,675,train
18558,18556,validation
18559,18557,train
18560,7,train
18563,18561,train
18564,319,train
18565,18563,train
18566,18564,train
18567,18565,validation
18569,18567,train
18570,798,train
18572,18570,train
18573,18571,train
18574,18572,validation
18575,18573,train
18576,18574,train
18578,53,train
18579,18577,train
18580,18578,train
18581,9356,train
18583,18581,validation
18585,18583,train
18586,18584,train
18587,18585,train
18589,18587,train
18590,18588,validation
18591,18589,train
18592,18590,train
18594,18592,validation
18595,2507,train
18596,18594,train
18597,18595,train
18599,18597,train
18600,18598,train
18601,1783,train
18602,18600,train
18603,18601,train
18604,18602,train
18605,24,train
18606,18604,validation
18607,18605,train
18608,36,train
18610,24,train
18611,7,train
18612,18610,train
18613,18611,train
18614,18612,train
18616,18614,validation
18617,18615,train
18618,18616,train
18619,18617,train
18621,18619,train
18622,18620,train
18623,18621,train
18625,18623,train
18626,7000,train
18627,18625,train
18628,18626,validation
18629,18627,train
18630,18628,train
18632,18630,train
18633,675,train
18634,18632,train
18635,18633,validation
18637,7,train
18638,18636,train
18639,5596,train
18640,18638,train
18641,18639,train
18642,18640,train
18643,12392,train
18645,2095,validation
18646,18644,train
18647,18645,train
18648,18646,train
18649,18647,train
18651,18649,train
18652,18650,train
18653,271,train
18655,18653,train
18657,403,train
18658,8259,train
18659,18657,validation
18660,18658,train
18661,9788,train
18662,18660,train
18663,16,train
18665,18663,train
18666,18664,train
18667,18665,validation
18668,3451,train
18669,18667,train
18671,375,train
18672,18670,train
18673,18671,train
18675,8993,validation
18676,18674,train
18677,18675,validation
18678,18676,train
18679,18677,train
18681,18679,train
18682,18680,validation
18683,737,validation
18684,18682,train
18685,18683,train
18686,18684,train
18689,18687,train
18690,18688,validation
18691,166,train
18692,18690,train
18693,1020,train
18694,18692,train
18696,18694,train
18697,18695,train
18698,18696,train
18700,18698,validation
18702,18700,train
18704,18702,train
18705,18703,train
18707,7,train
18708,18706,validation
18709,18707,train
18710,18708,train
18711,18709,train
18714,18712,train
18715,18713,validation
18716,11533,train
18717,18715,train
18718,18716,train
18720,18718,train
18721,18719,train
18722,18720,validation
18724,18722,train
18725,18723,train
18727,18725,validation
18729,18727,train
18730,18728,train
18731,18729,validation
18732,18730,train
18733,18731,train
18734,1020,train
18735,18733,train
18736,3646,train
18739,18737,train
18740,18738,validation
18741,18739,train
18744,11910,train
18745,18743,train
18746,18744,train
18748,18746,train
18749,18747,train
18750,18748,validation
18751,18749,train
18752,18750,validation
18754,271,train
18755,18753,train
18756,7,train
18757,18755,train
18759,18757,train
18760,18758,train
18761,18759,validation
18763,18761,train
18764,16,train
18765,13201,train
18766,3231,train
18767,4176,train
18768,18766,train
18769,18767,train
18771,18769,train
18772,18770,train
18773,11268,train
18775,18773,train
18776,18774,train
18777,18775,train
18779,18777,validation
18780,7063,validation
18781,18779,train
18782,675,train
18783,18781,train
18784,18782,train
18785,18783,train
18787,18785,validation
18788,8810,train
18789,18787,train
18790,18788,train
18792,18790,validation
18793,18791,train
18794,18792,train
18796,4987,train
18797,18795,train
18798,18796,train
18799,18797,validation
18800,18798,train
18801,18799,train
18803,18801,validation
18804,7,train
18805,18803,train
18806,18804,train
18807,18805,train
18808,18806,validation
18810,18808,train
18811,18809,train
18812,6919,train
18813,18811,validation
18814,18812,train
18816,18814,train
18817,18815,train
18818,18816,train
18819,946,train
18820,18818,train
18822,4491,train
18823,18821,train
18824,18822,train
18825,8935,train
18826,18824,train
18828,18826,train
18829,18827,train
18830,18828,validation
18832,18830,train
18833,1172,train
18834,16,train
18835,18833,train
18836,18834,train
18838,18836,train
18839,2742,train
18840,18838,train
18841,18839,validation
18842,18840,train
18844,18842,validation
18845,18843,train
18846,18844,train
18848,18846,train
18849,18847,train
18850,18848,train
18851,18849,validation
18853,18851,train
18854,18852,train
18855,18853,train
18856,18854,train
18857,1378,train
18858,18856,train
18859,14021,train
18860,18858,validation
18861,17623,train
18862,11595,train
18865,18863,train
18866,0,train
18867,18865,train
18868,18866,train
18869,5682,train
18871,1336,train
18872,18870,validation
18873,680,validation
18874,18872,train
18875,18873,train
18876,18874,train
18877,1540,train
18878,18876,train
18879,18877,validation
18880,18878,train
18882,18880,train
18883,18170,train
18884,2121,train
18886,18884,validation
18888,18886,train
18889,18887,train
18890,18888,train
18891,18889,train
18892,18890,train
18894,18892,train
18895,18893,validation
18896,18894,train
18897,18895,train
18898,5044,train
18899,36,train
18901,474,train
18902,271,train
18903,513,train
18904,18902,train
18905,18903,train
18906,18904,train
18908,18906,validation
18909,18907,train
18910,18908,train
18911,18909,train
18913,18911,validation
18914,3350,train
18915,18913,train
18916,18914,train
18917,0,train
18918,18916,train
18919,524,train
18920,18918,train
18921,18919,train
18922,18920,train
18923,18921,train
18925,18923,train
18926,18924,validation
18929,194,train
18930,18928,validation
18931,18929,train
18932,18930,train
18934,18932,validation
18935,18933,train
18936,11578,train
18937,18935,train
18938,18936,train
18940,18938,train
18941,18939,train
18942,18940,train
18943,18941,train
18944,18942,validation
18945,1401,train
18946,18944,train
18948,18946,train
18949,18947,validation
18950,18948,train
18952,18950,validation
18953,18951,train
18954,18952,train
18956,18954,train
18957,18955,train
18958,18956,train
18961,18959,train
18962,18960,train
18963,7297,train
18964,18962,train
18965,18963,train
18967,18965,validation
18968,252,train
18969,18967,train
18970,18968,train
18972,18970,train
18973,18971,train
18974,18972,validation
18975,7667,train
18976,18974,train
18979,11778,train
18980,18978,train
18981,18979,train
18982,18980,train
18983,1928,train
18985,18983,validation
18986,18984,train
18987,18985,train
18988,18986,train
18989,18987,train
18991,18989,validation
18992,1755,validation
18993,18991,train
18994,11595,train
18995,18993,train
18996,18994,train
18998,18996,train
18999,18997,validation
19000,18998,train
19001,18999,validation
19002,19000,train
19005,19003,train
19006,19004,train
19007,19005,train
19008,271,train
19010,2269,train
19011,19009,validation
19013,6169,train
19014,19012,validation
19015,19013,train
19017,19015,train
19018,10421,train
19019,19017,train
19020,19018,train
19021,16,train
19022,19020,validation
19023,19021,train
19024,19022,train
19026,1015,train
19027,798,train
19028,19026,validation
19029,19027,train
19032,9774,validation
19033,19031,train
19034,19032,train
19035,19033,train
19036,19034,validation
19037,19035,train
19039,19037,train
19040,19038,train
19041,19039,train
19042,19040,validation
19043,19041,train
19044,1033,train
19046,166,train
19047,19045,train
19049,19047,train
19050,19048,train
19052,19050,train
19053,19051,train
19054,19052,train
19055,19053,validation
19056,19054,train
19057,19055,train
19058,2601,train
19060,19058,validation
19061,36,train
19062,19060,validation
19063,19061,train
19064,19062,train
19065,19063,train
19067,19065,train
19068,19066,validation
19071,53,train
19072,19070,train
19073,19071,train
19074,19072,train
19075,19073,validation
19077,36,train
19078,19076,train
19080,19078,validation
19081,19079,train
19082,19080,train
19083,7158,train
19084,19082,train
19087,6511,train
19088,19086,train
19089,19087,train
19091,19089,train
19092,19090,validation
19093,19091,train
19094,19092,train
19095,19093,train
19096,19094,validation
19097,36,train
19098,17871,train
19099,271,train
19101,19099,validation
19102,19100,train
19103,6928,train
19104,19102,train
19105,19103,train
19106,3713,train
19107,19105,validation
19109,19107,train
19111,19109,train
19112,19110,train
19113,19111,train
19114,19112,train
19115,19113,train
19116,19114,validation
19118,19116,train
19119,9788,train
19120,19118,train
19121,19119,train
19122,12769,train
19123,19121,train
19124,19122,train
19125,7,train
19126,841,train
19127,19125,validation
19128,19126,train
19130,19128,train
19131,271,train
19132,19130,train
19133,11119,train
19135,19133,train
19136,19134,validation
19137,19135,train
19138,2606,train
19139,19137,validation
19141,4872,train
19142,3693,validation
19144,19142,train
19145,19143,train
19146,19144,train
19147,19145,train
19148,19146,train
19149,19147,validation
19150,19148,train
19151,19149,train
19152,19150,train
19153,19151,validation
19154,10749,train
19156,19154,train
19157,581,train
19158,2504,train
19159,19157,train
19160,19158,train
19162,3451,train
19163,36,train
19165,19163,validation
19166,271,train
19167,19165,train
19168,19166,train
19169,19167,train
19170,19168,train
19173,19171,validation
19174,19172,train
19175,19173,train
19176,7065,train
19178,7,train
19179,2833,validation
19181,19179,train
19182,19180,train
19183,19181,train
19184,36,train
19185,19183,validation
19186,3437,train
19187,19185,train
19188,2100,train
19189,19187,train
19191,7701,validation
19192,19190,train
19193,19191,train
19195,19193,validation
19196,19194,train
19197,19195,train
19198,7,train
19199,19197,validation
19200,19198,train
19201,2957,validation
19203,19201,train
19204,19202,train
19205,19203,train
19207,19205,validation
19208,19206,train
19209,19207,train
19210,19208,train
19211,16173,validation
19212,457,train
19213,19211,validation
19215,19213,train
19216,19214,validation
19217,19215,train
19218,19216,train
19220,504,validation
19221,19219,train
19222,19220,train
19223,19221,train
19225,19223,train
19226,19224,train
19227,19225,train
19229,166,train
19230,19228,train
19231,19229,train
19232,19230,validation
19233,19231,train
19234,19232,train
19235,19233,train
19237,19100,train
19238,19236,train
19239,19237,validation
19241,19239,train
19242,19240,train
19243,19241,train
19244,19242,train
19245,19243,train
19247,19245,train
19248,19246,train
19250,19248,validation
19252,19250,train
19253,8861,train
19254,19252,train
19255,271,train
19256,19254,validation
19258,19256,train
19259,19257,train
19261,6800,train
19262,19260,validation
19263,19261,train
19264,19262,train
19265,19263,validation
19266,9962,train
19267,19265,train
19268,581,train
19269,504,validation
19271,19269,train
19272,19270,train
19273,19271,train
19275,19273,train
19277,19275,train
19278,19276,train
19279,19277,train
19280,19278,train
19282,19280,validation
19283,19281,validation
19284,755,train
19285,2734,validation
19286,36,train
19287,19285,train
19289,2900,train
19290,11420,validation
19292,19290,train
19293,19291,train
19294,19292,train
19295,19293,train
19297,19295,validation
19298,406,train
19299,19297,validation
19300,19298,train
19301,19299,validation
19302,0,train
19303,16,train
19304,798,train
19306,19304,train
19307,19305,train
19308,19306,train
19309,19307,train
19310,284,train
19311,3010,validation
19313,9774,validation
19314,19312,train
19315,3888,validation
19316,19314,validation
19317,19315,train
19319,19317,validation
19320,19318,validation
19322,19320,train
19323,19321,train
19324,19322,train
19326,19324,train
19327,19325,train
19329,19327,train
19330,126,train
19331,19329,validation
19332,19330,train
19333,19331,train
19334,19332,validation
19335,19333,train
19337,600,train
19338,91,train
19339,19337,train
19340,12578,train
19341,19339,train
19342,19340,train
19344,19342,validation
19345,252,train
19347,19345,train
19348,19346,train
19349,19347,validation
19350,19348,train
19351,17156,train
19352,19350,train
19354,19352,train
19355,19353,validation
19357,19355,train
19358,16,train
19359,19357,train
19360,19358,train
19361,19359,train
19362,12859,train
19365,4491,train
19366,19364,train
19367,19365,train
19368,2323,train
19369,19367,train
19370,2317,validation
19371,19369,train
19372,19370,train
19373,504,validation
19375,19373,train
19376,19374,train
19378,271,train
19379,19377,validation
19382,19380,train
19383,19381,train
19384,16827,train
19386,19384,train
19387,19385,train
19388,19386,validation
19389,19387,train
19390,19388,train
19392,19390,train
19393,19391,validation
19394,2121,train
19395,3027,train
19396,19394,train
19398,923,train
19399,19397,train
19400,19398,train
19401,19399,train
19402,19400,validation
19404,19402,train
19405,19403,train
19406,19404,train
19407,4179,train
19408,19406,validation
19410,19408,train
19411,19409,train
19413,19411,train
19414,914,validation
19415,16,train
19416,19414,train
19417,19415,train
19418,19416,train
19419,19417,validation
19420,19418,train
19422,19420,validation
19423,19421,train
19424,19422,train
19425,19423,train
19427,19425,train
19428,2499,train
19429,36,train
19430,19428,train
19431,19429,validation
19432,19430,train
19433,19431,train
19434,19432,train
19436,1790,train
19437,19435,train
19438,19436,validation
19440,19438,train
19442,19440,train
19443,19441,train
19444,19442,train
19445,36,train
19446,19444,validation
19447,36,train
19448,19446,train
19449,19447,validation
19450,19448,train
19451,841,train
19452,19450,train
19453,19451,validation
19454,19452,train
19455,19453,train
19456,19454,train
19457,0,train
19459,3888,validation
19460,6774,train
19461,19459,validation
19462,19460,train
19464,19462,train
19465,19463,train
19467,19465,train
19468,19466,validation
19469,19467,train
19470,19468,train
19471,819,train
19472,19470,train
19474,6471,train
19476,19474,train
19477,19475,train
19479,19477,validation
19480,19478,train
19481,349,validation
19482,7,train
19484,19482,train
19485,19483,train
19486,2317,validation
19487,7,train
19488,504,validation
19489,16,train
19490,19488,train
19491,36,train
19493,19491,train
19494,19492,validation
19495,19493,train
19496,19494,train
19497,2741,train
19499,19497,train
19500,724,train
19501,19499,train
19502,16247,train
19503,19501,train
19504,1293,validation
19506,19504,train
19507,19505,train
19508,15774,train
19509,19507,train
19510,19508,train
19511,19509,train
19512,4132,train
19514,19512,validation
19516,19514,validation
19517,19515,train
19518,19516,train
19519,19517,validation
19520,19518,train
19521,19519,train
19524,19522,train
19525,19523,validation
19526,19524,train
19528,641,validation
19529,19527,train
19530,1579,train
19531,19529,train
19532,19530,validation
19533,1942,train
19534,19532,train
19535,19533,train
19537,19535,train
19538,19536,train
19540,19538,train
19541,19539,validation
19542,920,train
19543,19541,train
19544,3677,train
19545,271,train
19546,19544,train
19547,19545,validation
19549,19547,train
19550,16017,validation
19551,36,train
19552,19550,train
19553,19551,train
19555,2536,train
19556,1361,train
19558,19556,validation
19559,19557,train
19560,19558,train
19561,19559,train
19563,19561,train
19564,6228,train
19565,19563,train
19566,19564,train
19568,16040,train
19569,19567,train
19571,19569,validation
19572,10105,validation
19573,19571,train
19574,3584,validation
19575,19573,train
19576,19574,train
19577,19575,validation
19579,19577,train
19580,19578,train
19581,19579,train
19582,19580,validation
19584,19582,train
19585,19583,train
19586,7,train
19587,19585,train
19588,19586,validation
19589,7,train
19591,19589,train
19592,19590,train
19595,19593,train
19596,19594,train
19597,3313,train
19598,19596,train
19599,19597,train
19600,19598,validation
19602,19600,train
19603,19601,validation
19604,271,train
19605,19603,train
19606,5529,train
19608,19606,train
19609,19607,train
19610,19608,validation
19611,19609,validation
19613,19611,train
19614,19612,train
19615,19613,train
19616,19614,train
19618,19616,train
19620,19618,train
19621,19619,train
19623,1239,train
19624,19622,validation
19626,19624,train
19627,19625,train
19628,19626,train
19629,19627,train
19630,581,train
19631,19629,train
19633,19631,train
19634,610,train
19635,13298,train
19636,1212,validation
19637,1790,train
19638,14893,train
19639,19637,train
19640,19638,train
19642,19640,train
19643,19641,train
19644,19642,train
19645,19643,train
19646,19644,validation
19648,19646,train
19649,19647,train
19650,19648,train
19651,4623,train
19652,6559,train
19653,3978,train
19654,19652,train
19655,19653,validation
19656,19654,train
19657,11268,train
19658,19656,train
19659,939,train
19661,19659,validation
19663,19661,train
19664,19662,train
19665,19663,train
19666,19664,train
19668,19666,train
19669,19667,train
19670,19668,validation
19671,19669,train
19672,19670,train
19674,117,train
19675,19673,validation
19676,19674,train
19677,19675,train
19679,19677,train
19680,1490,train
19681,19679,train
19682,252,train
19683,19681,train
19684,19682,train
19686,7,train
19687,19685,train
19688,19686,train
19690,7901,validation
19691,19689,train
19692,19690,train
19694,19692,validation
19695,19693,validation
19696,19694,train
19697,19695,train
19698,19696,train
19699,7,train
19701,19699,train
19702,91,train
19703,19701,train
19704,19702,validation
19705,7,train
19706,19704,train
19708,19706,train
19710,19708,train
19712,19710,validation
19713,19711,train
19714,19712,train
19716,19714,train
19717,19715,train
19718,19716,train
19719,19717,validation
19720,19718,train
19722,19720,train
19723,19721,validation
19724,19722,train
19725,19723,train
19727,19725,train
19728,19726,train
19729,19727,validation
19730,19728,train
19731,19729,train
19733,19731,train
19734,1598,train
19735,19733,train
19736,19734,validation
19737,19735,train
19738,19736,train
19740,19738,train
19741,939,train
19742,331,train
19743,19741,train
19744,19742,validation
19746,19744,train
19747,19745,train
19748,19746,train
19749,19747,train
19750,19748,train
19751,19749,train
19752,19750,train
19754,19752,validation
19756,19754,train
19757,19755,train
19758,19756,validation
19759,19757,train
19760,1212,validation
19762,19760,train
19764,19762,validation
19765,19763,train
19768,19766,train
19769,19767,train
19770,19768,train
19771,19769,train
19772,19770,validation
19773,19771,train
19775,19773,train
19776,19774,train
19777,19775,train
19779,19777,train
19780,19778,train
19781,19779,train
19782,1748,train
19783,5866,validation
19784,12911,train
19785,14845,train
19786,779,train
19787,1800,train
19788,19786,validation
19789,19787,validation
19790,271,train
19791,19789,validation
19792,19790,train
19794,19792,train
19796,19794,train
19797,19795,train
19798,19796,train
19799,19797,train
19800,19798,train
19802,6511,train
19803,19801,train
19804,19802,validation
19805,19803,train
19807,19805,train
19808,19806,train
19809,19807,validation
19810,19808,train
19811,16743,train
19813,19811,train
19814,19812,train
19815,19813,train
19818,2833,validation
19819,19817,train
19820,19818,validation
19821,5532,train
19822,331,train
19823,19821,train
19825,19823,validation
19826,19824,train
19828,5402,train
19829,19827,train
19830,19828,validation
19831,19829,train
19834,3409,train
19835,19833,train
19836,19834,validation
19837,19835,train
19838,19836,train
19839,19837,train
19841,19839,train
19842,19840,train
19844,1453,validation
19845,19843,validation
19846,19844,train
19847,19845,train
19849,19847,train
19850,19848,train
19851,19849,train
19852,19850,train
19853,36,train
19854,19852,train
19856,19854,train
19857,19855,validation
19858,19856,train
19860,19858,train
19861,19859,train
19862,19860,train
19863,19861,train
19865,271,train
19866,19864,train
19867,19865,train
19868,19866,train
19869,19867,train
19870,13441,train
19872,19870,validation
19873,19871,train
19874,19872,train
19875,19873,validation
19877,19875,train
19878,4648,train
19879,19877,train
19880,19878,train
19881,19879,train
19882,19880,validation
19884,10996,train
19885,19883,train
19886,19884,train
19887,19885,train
19888,19886,train
19889,1239,train
19890,1020,train
19892,19890,train
19893,19891,validation
19894,19892,train
19895,7,train
19896,6928,train
19897,1239,train
19898,19896,train
19900,19898,validation
19901,19899,train
19902,19900,train
19903,19901,validation
19904,19902,train
19906,19904,train
19907,19905,validation
19908,19906,train
19909,19907,train
19910,19908,train
19912,19910,train
19913,19911,train
19915,252,train
19916,19914,validation
19917,240,validation
19918,19916,train
19919,19917,train
19920,19918,train
19922,19920,train
19923,19921,validation
19924,381,train
19926,19924,train
19927,19925,train
19929,19927,train
19930,19928,validation
19931,19929,train
19932,19930,train
19933,5163,train
19935,19933,train
19936,19934,validation
19937,19935,train
19938,19936,train
19939,19937,train
19940,19938,train
19941,19939,validation
19943,19941,train
19944,19942,train
19946,19944,train
19947,19945,train
19948,24,train
19949,3602,train
19950,13053,train
19951,7,train
19952,19950,train
19953,19951,train
19954,19952,train
19957,8675,train
19958,19956,validation
19959,19957,validation
19961,19959,train
19962,19960,train
19964,19962,train
19965,1683,train
19966,19964,train
19969,5277,train
19970,19968,validation
19972,19970,train
19973,19971,train
19974,19972,train
19975,19973,train
19976,19974,validation
19978,19976,train
19979,3693,validation
19980,19978,train
19981,19979,train
19982,19980,train
19983,19981,train
19985,16,train
19986,19984,train
19987,19985,validation
19988,19986,validation
19990,6363,train
19991,19989,train
19992,587,train
19993,10139,train
19994,19992,train
19996,19994,train
19997,19995,train
19998,19996,validation
19999,19997,train
20000,19998,validation
20001,19999,train
20002,11526,train
20004,20002,train
20005,20003,train
20006,20004,train
20007,20005,train
20008,20006,train
20010,20008,train
20011,20009,validation
20012,36,train
20013,20011,train
20014,20012,validation
20015,20013,train
20017,1020,train
20019,20017,train
20020,20018,train
20021,20019,train
20022,117,train
20023,20021,validation
20024,20022,train
20025,20023,train
20026,36,train
20029,20027,train
20030,20028,train
20032,20030,validation
20033,20031,train
20034,20032,train
20035,20033,train
20037,20035,train
20038,20036,train
20039,20037,train
20040,20038,validation
20041,20039,train
20042,13230,train
20043,33,train
20044,675,train
20045,20043,train
20046,2269,train
20047,20045,validation
20050,20048,train
20051,20049,train
20052,20050,train
20054,3451,train
20055,20053,train
20056,20054,validation
20057,20055,train
20058,20056,train
20059,13474,validation
20060,20058,train
20061,9279,train
20062,24,train
20063,1661,train
20064,20062,train
20065,20063,train
20066,178,train
20067,20065,train
20068,16,train
20069,20067,train
20072,20070,train
20073,20071,train
20074,20072,validation
20075,20073,train
20076,20074,train
20077,20075,train
20080,16,train
20081,20079,train
20082,20080,train
20083,13169,train
20084,381,train
20085,20083,validation
20086,20084,train
20087,9807,train
20088,1157,train
20089,20087,train
20090,20088,validation
20092,1458,train
20093,20091,train
