excel_row,group_id,fold,true_label,pred_bertimbau_lora,pred_baseline_matched,pred_lexical_matched,prob_bertimbau_lora_c1,prob_bertimbau_lora_c234,prob_bertimbau_lora_c5,prob_baseline_matched_c1,prob_baseline_matched_c234,prob_baseline_matched_c5,prob_lexical_matched_c1,prob_lexical_matched_c234,prob_lexical_matched_c5
4,0d1270189ca5b5ee1cd78665f1e65e7a6eceb8e62bfcca87f47d59c8a104fb73,1,c1,c234,c5,c5,0.32890272,0.3572811,0.31381616,0.21875466773623806,0.21042243444861988,0.5708228978151421,0.24660968817126497,0.2578612550576596,0.4955290567710753
7,dc0e635e085e691b30c20d94648b24980f3ba1131ac1ac386d9d668c3948a8f2,1,c1,c1,c5,c234,0.41019672,0.3266443,0.26315895,0.2908015037097298,0.2590360326143845,0.4501624636758856,0.3240560504092252,0.3390163168343085,0.3369276327564663
13,72dfbd77acbce962f5d1dc5970b702dac916518af986f2129be927493982f6f7,1,c234,c234,c234,c234,0.15140744,0.4538679,0.39472464,0.32624385992335125,0.42128332275448,0.2524728173221688,0.31381592622702537,0.4269967978051879,0.2591872759677866
15,d2e423167b27cdf942cd47eea2cc726ed212e8115ba51bc0f0334e9bc03f14f1,1,c234,c1,c1,c1,0.48779327,0.34272495,0.16948186,0.4287241156462428,0.24978458125767766,0.3214913030960796,0.3903453543284543,0.2982341331887723,0.3114205124827733
25,eb30face4f8b77d6253cc544dd6064c665e56057e1ec6fb56721ccd725dfe97c,1,c5,c5,c5,c5,0.15780565,0.38797465,0.45421973,0.22816474260659564,0.3831144050565603,0.3887208523368441,0.22465417891271347,0.34362436059190593,0.43172146049538057
26,b7256d6638c29aa9d46006dc9387a50ab32e6c9e9e1e290bf15fa4a2cbfcea18,1,c234,c5,c234,c5,0.25993717,0.36113447,0.37892842,0.338426238993967,0.42097242774187194,0.24060133326416097,0.3089120509164576,0.3365010440488393,0.3545869050347031
34,f716fdb4ba6a4583de543a11a08039f185cce8e3bd9ec7b4acb2ff0d558e09c2,1,c5,c5,c5,c5,0.1957055,0.38486186,0.41943258,0.14957398224023855,0.3139870636963062,0.5364389540634553,0.2300535926586207,0.30675405269354433,0.463192354647835
39,48e54d019be528134a5ebf0446b1395ec9cc570425168f884d8f594e8482ce21,1,c5,c5,c234,c5,0.14213642,0.3953175,0.46254608,0.09368497728109523,0.4699628651384865,0.43635215758041823,0.14413922227408918,0.4131653341839327,0.44269544354197815
40,edcc942488501cfe1083a1eb9f8c14eb6c4c9e6f926c3a7c6c7827c3b5faa857,1,c5,c1,c5,c5,0.3830801,0.270111,0.34680897,0.15119210420625975,0.28635404807466164,0.5624538477190785,0.2255168481409591,0.25582393623683725,0.5186592156222036
43,556ef067e6518ab458cd8fee691befc57d5e1d05dd72c4da0c3425a4f30cc82e,1,c5,c1,c1,c5,0.40458182,0.33480436,0.26061392,0.339416945762566,0.3223051852098812,0.3382778690275528,0.33265380248032456,0.2774107022236829,0.38993549529599253
49,68e9eb9cb4579f81146141e1efa202f1dc9d0c6b294e6eafb44d5e048bb2a440,1,c5,c5,c5,c5,0.23161069,0.37570247,0.39268684,0.12379939481780135,0.23348761543418273,0.6427129897480159,0.2647058998477223,0.3376244876288042,0.3976696125234735
59,67cac6bb2f1d421de8ffb409487bfb35917cfd67d71a7bc5b9fdb5933223f245,1,c1,c1,c234,c234,0.44355044,0.361645,0.19480452,0.35767363194897794,0.3723173901896486,0.2700089778613734,0.3504487908885622,0.41107442503049,0.23847678408094786
67,799779fd95fd2a52f4a4476d9abc59f338792dbb20632cb99a1a864c1d065b58,1,c234,c1,c234,c1,0.6115949,0.3062448,0.08216029,0.34709153416384764,0.5513521832325792,0.10155628260357324,0.4635910473933854,0.4080124633963933,0.1283964892102213
72,82f8261ce97f2bcaf2379b2c6c675aff5ff96880ea8e20d6b511367cf535cea4,1,c5,c5,c5,c5,0.14496896,0.16930267,0.6857283,0.09099701713050205,0.07388877354575694,0.8351142093237409,0.1806711651266245,0.1586206249663007,0.6607082099070748
76,5d492033a42ba0e1fb866ab8034c90638c2280712be5dca618b49418337757f0,1,c234,c5,c5,c5,0.07271289,0.2145061,0.71278095,0.24259779973892576,0.18105100569837404,0.5763511945627001,0.2709466434114514,0.27507982488975496,0.4539735316987937
78,c736bc0cbfdaed103c204ba9c7b118adbe01a202a4bd5edb87290440ed6dc101,1,c234,c234,c1,c1,0.35392326,0.4464337,0.19964302,0.4262600583202497,0.4047319430402669,0.1690079986394834,0.4002228837251565,0.36217001455537545,0.23760710171946797
128,dab8c42b1b1e07f007f26c946c69c7b766d9dcf525afaccd8d27eaadb878bb69,1,c234,c5,c234,c234,0.24079904,0.31904444,0.4401565,0.2762812616988042,0.5177990927160139,0.205919645585182,0.31503065093148647,0.37315127399846393,0.31181807507004966
130,6ff6858582e8ac8f9b3973ed666c59ff98d1818028ddaea710a1470e9911f85a,1,c234,c5,c234,c234,0.22099312,0.37516385,0.40384302,0.2591438156536941,0.37145666837962577,0.3693995159666801,0.2555907545803853,0.3838605270771614,0.3605487183424532
138,3af0f197bf24951ad6e13a6874c3f111dcb8ad72929219a116b402e9c8c5d6f5,1,c1,c1,c234,c234,0.5784945,0.3127065,0.10879903,0.2244476861400815,0.5814693045812059,0.19408300927871247,0.38775460675075857,0.43972587140815034,0.172519521841091
147,a0ae8c4907c1a12803e416de5e4a29f00a8ed31bdf04add0508c1f768ea746d7,1,c1,c5,c5,c5,0.20959687,0.3581084,0.43229482,0.194840095643528,0.34130887291763984,0.46385103143883205,0.24856010621952992,0.3050068459833853,0.4464330477970848
157,dd7929a0f81b3c163e1d904c89c10d0c1416ea66ae946bf6dfb30a6825961a94,1,c234,c5,c234,c234,0.12341525,0.39305267,0.48353216,0.23913633108084403,0.6070118930597336,0.15385177585942242,0.21885077327558008,0.4949799293850626,0.2861692973393572
162,312c0b89d213995ecd7523aeea79b1c95b3f9b825f9ee4e37fe0361f382f080e,1,c5,c5,c5,c5,0.14193039,0.35918477,0.49888492,0.1351785593160154,0.31649583143611393,0.5483256092478707,0.1737201517562942,0.34088636425902447,0.4853934839846812
167,0cbfce17d4a6150ae09408dd529b60a666e5190a6963544c7f10462e2d5d51db,1,c234,c1,c5,c5,0.43835983,0.4051172,0.15652291,0.30083271660251343,0.3312929445046361,0.36787433889285054,0.32407013447002025,0.3274477314988589,0.3484821340311208
174,5151e5c2df0baba6673bd450136b1401368fe376b61b16f500d5fc0efee88830,1,c5,c5,c5,c5,0.11351836,0.21759035,0.66889125,0.09605168744597078,0.09486779812460736,0.8090805144294217,0.2057799106072719,0.19634322818220964,0.5978768612105184
179,5cb4b2f31223c27ba6bff87e5b71157413b5b71500b93ba30f55b3511c3dfd59,1,c5,c1,c5,c1,0.36426756,0.3179973,0.31773522,0.4081747472418857,0.10529738145025659,0.4865278713078578,0.40711836528441264,0.19515187255451233,0.39772976216107514
188,a45b3e3a269ed9280bdf6ab85b54abca06faf3a22230b0a14ccacae603042437,1,c234,c1,c234,c234,0.44139737,0.34274724,0.2158553,0.18325970540995914,0.5902097806636717,0.22653051392636916,0.28754090903414514,0.42444871576221466,0.28801037520364015
189,91cb680da5b37de09fc2a0255a88c29a64a1bc74b9bee02b6e2456fccf7a94da,1,c5,c5,c5,c5,0.2611447,0.28025743,0.45859787,0.20473891078287454,0.2268228615803047,0.5684382276368208,0.28640541374531964,0.2887795625493281,0.4248150237053523
192,84d76b0bf6e7e7b077d98e9557a3fd5b4fa00cb4d1a6f8c67740917c7bd627e9,1,c1,c1,c1,c1,0.5719783,0.30972758,0.11829408,0.6449108163710491,0.26986180088296674,0.08522738274598399,0.5197971512008117,0.3158245249394479,0.16437832385974044
211,97d01e61dc45b6d6c4aff8aec767f01ddc6864d42501a204664c7731c0c10530,1,c5,c5,c1,c5,0.22554119,0.22555794,0.5489009,0.3703397658362744,0.29114179146170516,0.3385184427020205,0.3031017836259253,0.3135980868832797,0.3833001294907949
214,2a40972f95050309f907ab0cc0a404ab07830519f7a242e911ea2d6b956c4373,1,c1,c5,c5,c5,0.18900812,0.27995816,0.5310337,0.26965392363777996,0.3010192821870183,0.4293267941752018,0.3229882282016774,0.2767927503733186,0.400219021425004
216,4c814ca826305ebd2447891efacc96dfa6b71acbe12a234f3adcf8b2b5dee939,1,c1,c5,c234,c1,0.2374591,0.31500694,0.44753397,0.3271508083669085,0.33680091264391193,0.3360482789891795,0.35988443700998973,0.35705738199475695,0.2830581809952533
233,267ff42632262f65ed0ac960bc12572cccecf373373242d4f95084b31b5fd686,1,c1,c234,c5,c5,0.3767971,0.39331713,0.22988574,0.2853597661384997,0.3348975077037929,0.37974272615770743,0.29298357781207734,0.34561342385496213,0.3614029983329604
241,5163e8606c852b01e464d3a642cc6c81c3ac50ebc58de1fbb6f2851a85cf19fe,1,c5,c1,c5,c5,0.37052223,0.31239703,0.3170807,0.3247794319139702,0.2313713498940926,0.44384921819193723,0.2941610834671728,0.2913778681789671,0.41446104835386016
244,921784c2e8431f896af7eeedc907fa74af62f7ab543f95529216cadb62951361,1,c5,c5,c1,c5,0.21123667,0.34338546,0.44537795,0.43830016760761487,0.33548719866744825,0.22621263372493702,0.3520877615743472,0.29576568040502754,0.3521465580206252
249,999623fd545f043b2d3ce794c5418c94a9557625f84064fceb04aab5165ee68d,1,c1,c5,c5,c5,0.11444634,0.32457757,0.5609761,0.11628627238817477,0.3184990444024656,0.5652146832093596,0.1966042842723369,0.3313628259218587,0.47203288980580443
251,7519782e0d327740d0b9e88c9bcd81b775d67c60a8e5782b43da3de05b111ba3,1,c5,c5,c5,c5,0.19452816,0.38843274,0.4170391,0.2662704787262188,0.3229268672489168,0.4108026540248645,0.26895595415448775,0.3340832688968979,0.3969607769486143
254,0cd6f682e2b367f7b9bd059be6126cbf50bbba375753ca13a9b1712b54a7af8e,1,c234,c1,c5,c1,0.42859083,0.3538314,0.21757774,0.2199286578960126,0.25638999410584845,0.5236813479981389,0.34336442898196845,0.31724564638729835,0.33938992463073325
258,0a4d88b6f4da784ed2092296f73e8d1a2f83e7787b84ca5d66553e66b36a4afb,1,c5,c5,c5,c5,0.16248575,0.30228084,0.53523344,0.3040198504051087,0.20690471867862648,0.48907543091626465,0.28211724277981765,0.22667165789631033,0.4912110993238721
260,33b042abbd3c81d0771d30a0d43a778cedb711ead55aa3bfa0626a8ab102fd5e,1,c5,c5,c5,c5,0.16370112,0.2338932,0.6024057,0.21950757535847493,0.28371829067923193,0.49677413396229314,0.22604571647965588,0.24470795252236627,0.5292463309979779
261,130b39dc34948768483758512d11a73b175cf71f3f4b2fe41e8b0650302fdd27,1,c5,c5,c5,c5,0.299686,0.21611202,0.48420194,0.37095188749284763,0.17684679523653363,0.45220131727061874,0.35717527523880876,0.1897100354931654,0.45311468926802584
266,4dab5bd4416900e1687389492dc634fd9b8c6d0249c8928b4ad7aa5a53885858,1,c234,c5,c5,c234,0.14276266,0.3401071,0.51713026,0.09664019778068739,0.43318949523236644,0.47017030698694623,0.17998554466783048,0.42237530013113245,0.39763915520103715
268,a3139bb3977b0d3832b9d338182d09816ca61203691ea20e025f4d3fdd49730b,1,c234,c1,c234,c234,0.6080305,0.26929742,0.12267204,0.23000038129741784,0.3920150414866158,0.37798457721596634,0.23590659768573716,0.43128280113745643,0.33281060117680633
277,edcc942488501cfe1083a1eb9f8c14eb6c4c9e6f926c3a7c6c7827c3b5faa857,1,c5,c1,c5,c5,0.3830801,0.270111,0.34680897,0.15119210420625975,0.28635404807466164,0.5624538477190785,0.2255168481409591,0.25582393623683725,0.5186592156222036
285,6920f276a8e0f8d329d1aacf613fc6d072eaccc2a424afc04e61baa40d15e988,1,c5,c5,c234,c234,0.20655915,0.26249862,0.5309422,0.19784197319488725,0.5054709054787112,0.29668712132640157,0.2711174389214418,0.37327694601361977,0.3556056150649384
289,ff96a3797a582eb1c6813c1925c28d64ab48c6e25e1204c1da66aa0f9dc0dfd9,1,c1,c5,c5,c5,0.16177776,0.27737516,0.56084704,0.28677394651309474,0.18408923587254794,0.5291368176143573,0.26438723861830776,0.25372338618757195,0.48188937519412023
299,a680a72ba0866dc5b2668249bb7190d2391afa9101eda6f458e3a6f9156f284f,1,c5,c5,c234,c234,0.12180405,0.43765104,0.44054493,0.10782804745903263,0.733322772419451,0.15884918012151633,0.20389039871842937,0.5452673090096617,0.25084229227190885
301,60518b53b83899d1cb15e2203994770a542c487ccab7fdc648e74af03e32722f,1,c1,c1,c1,c1,0.39741397,0.26708233,0.33550367,0.4030371028264973,0.32665095235205655,0.2703119448214461,0.3727896849635382,0.3027098578870273,0.32450045714943443
306,84a5868dbff7e79edabc5201b6d1b34c6a2c638adc876d143bf663e7dca76cbc,1,c5,c1,c234,c5,0.5193458,0.24729083,0.23336329,0.19766035970476764,0.46871677999197703,0.3336228603032554,0.28991962161941087,0.3223070206417902,0.38777335773879906
341,126711717764e5d80a3b4115cf62f0ba38256cab415f88520ed64777d4aa5e21,1,c1,c234,c234,c234,0.3292381,0.43734547,0.23341641,0.19276348579860328,0.49430283920372975,0.31293367499766694,0.2757324202358502,0.45126590867873984,0.27300167108541
346,d49ca403e7cb0c802242c6c11eab965689afec39bb006bdfa1a1562753a7f82c,1,c5,c5,c5,c5,0.16077094,0.22312564,0.6161034,0.07205099252937468,0.09527548771202747,0.8326735197585978,0.18232990793602116,0.18874824178656177,0.6289218502774171
355,2e28bdab80e9a8d0f094ae115e012131200b43cfe425cf7ba683160bffbed329,1,c1,c5,c5,c5,0.32661468,0.3008352,0.3725501,0.2299233103210227,0.16890509788844732,0.6011715917905299,0.3238074709966171,0.25759189992192255,0.4186006290814604
357,9ffe85df495013ec99d8ade19e5cfb290c6d4e865d8bf908f01e74f528542810,1,c5,c1,c234,c234,0.3872171,0.38646048,0.2263224,0.32936471927301836,0.4155355032862361,0.2550997774407456,0.32882278899455586,0.3654699681232764,0.3057072428821677
358,47699f3ec7e5ce0bc49f5ad7d1940409f0b8f0c4eb5bd0b5bfb1c7c21caca5a2,1,c5,c234,c1,c1,0.3821238,0.3864554,0.23142077,0.38059269622264663,0.25283164913687156,0.3665756546404819,0.3826466339410348,0.3161482309761835,0.30120513508278174
364,f60652b3b7683e91f7685107329f8f51143d8436d85482301622c43006de3577,1,c1,c5,c5,c5,0.16323479,0.3010945,0.5356707,0.2398982668075087,0.2567403133541438,0.5033614198383474,0.2656475526648808,0.2685015238819012,0.46585092345321794
378,2d487687ee0269c66ef26cf2d2d2e056c420e4cdd652b5222d3de653f4dcf374,1,c1,c5,c234,c234,0.23981369,0.36957648,0.3906099,0.18715940607206064,0.5875826463385743,0.2252579475893651,0.2505418245257005,0.45738211615141144,0.29207605932288805
380,a7a8b4849940d3d61272e15f5f629b58f2e211b11a19e372de7b8e7d1ed5d866,1,c5,c1,c5,c5,0.4027362,0.34270218,0.2545616,0.27412249127174654,0.30814508610105634,0.4177324226271971,0.3261867231353634,0.32849856876553546,0.34531470809910114
383,7efe4a36e5e59c2ba3f3306ec6a91516e4c1dff3e0ac701eb85e32586cde9862,1,c1,c1,c1,c1,0.50140196,0.32292184,0.17567618,0.5388164631964186,0.2604326458277022,0.20075089097587917,0.45244721175688324,0.3339940241280491,0.21355876411506766
390,24d28c25a7bd1954b4fc9ba06b121c6eacbafde74e5db12a8c56e04077772270,1,c5,c1,c5,c5,0.40585265,0.3452867,0.24886067,0.2599169033099119,0.3670304741454652,0.37305262254462285,0.31198770778041973,0.31837467342457926,0.36963761879500096
392,c7b339ae610569aa2f99d028c7b1435f76ecdb44d2c4b54d5335bc4db55972ca,1,c5,c5,c5,c5,0.15813695,0.22489287,0.6169702,0.26792613094087553,0.2309841374479284,0.5010897316111962,0.3264476770360056,0.2867872139854049,0.38676510897858946
400,3ad5c1771e2a4056ee2f5823afc1a5fd0dce485d7be6ee00337ca562f0c91db2,1,c5,c5,c5,c5,0.07677476,0.28770477,0.63552046,0.13583768655670453,0.31480668134741396,0.5493556320958815,0.20908925821080387,0.31314261215393024,0.477768129635266
409,2b2edd594a8814a2282ecfed757bb13547c08bec2036443cf551640f577e1dd8,1,c1,c1,c1,c1,0.50002474,0.36060736,0.13936795,0.5261408426434104,0.38841782608760195,0.08544133126898769,0.46236822343854134,0.3866290630685266,0.15100271349293212
426,906bc8c4166f476a34529b37e54f0bed3c44d625f8832cdfd31e57e7fcaa13d5,1,c1,c5,c5,c5,0.20561044,0.24743842,0.5469512,0.2605587307427947,0.16561054900544622,0.5738307202517591,0.25296062346728376,0.24055719988698984,0.5064821766457264
437,e5045eb04c1cfb9960ce2c3652fbf8d5654d1740f1370079022e4c879f8f5198,1,c1,c5,c5,c5,0.23868267,0.26718727,0.49413002,0.18825632262436406,0.15400461015619377,0.6577390672194422,0.33006818599531823,0.23268027238387173,0.4372515416208101
451,c08aa779c44f22d0751b7cce26a3ea241b595bb7ec87200aef9b2e442ccd4d16,1,c5,c234,c234,c234,0.24251144,0.41069862,0.34678993,0.26186011895524725,0.37721530459138414,0.36092457645336856,0.2324015365011522,0.4313219661557775,0.33627649734307025
453,b992482087f3dfdca57e367f7913ee09e5f1351f48659f8edce72a19d7ebb789,1,c1,c5,c1,c234,0.23765221,0.36010757,0.40224022,0.4303942744817473,0.3590790901073626,0.2105266354108901,0.33817856671511604,0.406092933757137,0.25572849952774707
454,4132541260a031e1499e9c22ec5a9e92301fd4948fe4554f6857cedcb2d25c9a,1,c5,c1,c234,c234,0.4080313,0.3960952,0.1958735,0.11023551696261728,0.6932335778517675,0.1965309051856153,0.21777348179376974,0.558798651933816,0.22342786627241432
457,8a4dc9eb72f3b7fe2aa0ce046b2eb500a04dab35c8267f0badac4cd6e3ef2ac5,1,c5,c5,c234,c234,0.1735747,0.30569562,0.5207297,0.18349107741688464,0.5868384305929734,0.22967049199014208,0.2593314850660814,0.4749777929747164,0.2656907219592023
460,00a7b78217b34547078ceaf7f6dba5052c302f213ee5e00cbecd5b9277d83977,1,c1,c5,c234,c234,0.16019824,0.32826427,0.5115375,0.3283293175774061,0.37865813922165226,0.2930125432009417,0.2724450276718683,0.39403803177677965,0.33351694055135195
463,6c244a608fd16f5d6481c75f563c43839fb6754c590b00b1e49034ac47ab8b7a,1,c5,c1,c234,c234,0.57702583,0.26847148,0.15450272,0.2585593059740973,0.5533911524420759,0.18804954158382664,0.3377322089254138,0.41050190209337856,0.25176588898120766
473,8729fde0716b54fa3a706bdc2d502ff6bcebbcbcc401d94908fba30f89d43bb0,1,c5,c5,c234,c5,0.27349308,0.25087333,0.4756336,0.17398344405508187,0.42085311554198923,0.40516344040292884,0.22606212871569759,0.33578307496962956,0.43815479631467275
478,0c65069377af8aad92240585f55a7b5099a47f7c5d4bbf17230eaa40de8e4542,1,c1,c1,c1,c1,0.6191085,0.2815016,0.09938994,0.69476180504632,0.2521624790216487,0.05307571593203119,0.5604048407335407,0.317304059607914,0.12229109965854529
485,98a16cb855500b0a6c1806135763bf01306c5027e63db341d53f128167a0e7b6,1,c5,c5,c5,c5,0.23123948,0.28092682,0.48783377,0.29176401460455803,0.3320865971017777,0.37614938829366434,0.269612715859696,0.33299504979211436,0.3973922343481897
497,9825af4a3a277e9c3b06d0780d2ea0109bfd4b7e6ced184e45668d9fd0e70194,1,c234,c5,c1,c1,0.3499389,0.25665537,0.39340574,0.5240579378016409,0.2853816107571239,0.19056045144123515,0.38030718795905416,0.3512204156303662,0.2684723964105797
501,69450914578e3299f5a02ab3f29aef0911769ec6c2fe1acac3975a84a4ca0463,1,c1,c5,c234,c234,0.17892092,0.40821365,0.41286552,0.17447005260815054,0.5926711499235817,0.23285879746826763,0.2235861296875931,0.4644501812363136,0.3119636890760934
507,f15e12a982e7f10f9f181924186aeba77be8e0dba7914242e489623b519a5414,1,c5,c1,c234,c234,0.4288147,0.37413955,0.19704573,0.3372726927800746,0.36833822805532845,0.29438907916459695,0.29345162095954264,0.4126443481841338,0.29390403085632355
524,703d4a35cb71a03f605c094448bafe6321003c680539edfe33a1118b3bf61753,1,c1,c1,c1,c5,0.4233393,0.3337736,0.24288712,0.4189549702651324,0.19746746338988183,0.3835775663449858,0.3336129579205398,0.220830741393155,0.44555630068630525
528,4ebec3f2e9efa909e5e50bded3019b1715a1517134436e65f8e907f996cd93aa,1,c5,c5,c1,c1,0.25134814,0.28182656,0.46682537,0.46515828232074324,0.15139397596595847,0.38344774171329843,0.39654473579139615,0.24532422338364832,0.35813104082495545
529,eddb97d0f5139a6bad4a47bacfef368d00c0c436739ff8ce6baf20e6c59a5f6a,1,c1,c234,c234,c234,0.38614774,0.39383462,0.22001761,0.3583204898681011,0.38759614696050504,0.2540833631713938,0.3088214266417679,0.3973225184393012,0.2938560549189309
536,c52448613955c55f052a0015649b9246dc229ae6409b649175d4c6f68103e0a6,1,c1,c1,c1,c1,0.54348105,0.26613435,0.19038461,0.5001081179328944,0.3114557593124346,0.188436122754671,0.3824537298111961,0.30255331580618816,0.3149929543826158
544,23f198dbbd69e644e3a1dfff99c49eeac1e0827f3d6ac4bea036afcf82f3e6bd,1,c234,c234,c234,c234,0.2629906,0.4048354,0.33217403,0.1098673498595088,0.6232533703596392,0.2668792797808521,0.17461714035752401,0.49517772153327183,0.33020513810920427
545,7cce711c7dbdd06391e34e37e5deea53668e010dee58ac37cb2791ea860add6e,1,c234,c5,c234,c234,0.28076175,0.35449883,0.36473942,0.1389445350942416,0.45270085805522303,0.4083546068505354,0.1959190195718163,0.4379443027338259,0.36613667769435787
554,8582da80350549a6252aa18c689caa2f9ea040fb3988418d4cc7bff36815ac8f,1,c1,c5,c1,c5,0.30096957,0.2332398,0.46579063,0.4106074918524917,0.298026324190929,0.29136618395657926,0.3624774940561784,0.2658974687065701,0.3716250372372515
563,d261a03f9fc94419ed0d504e44a20b246f5bbe7610f532a24f183e3f1d8a2702,1,c234,c5,c1,c5,0.34136364,0.25722346,0.4014129,0.47798148252213923,0.19825219551218207,0.3237663219656787,0.3303630060350238,0.3026871688025781,0.366949825162398
566,3dfb023c236739acaf589f1d6e5e3c8d4db48fb1646123187bbdb331bb42c1fb,1,c1,c1,c1,c234,0.40892303,0.28179535,0.30928165,0.4751371765937426,0.4170431755706943,0.10781964783556301,0.35450999089988944,0.4069827478529026,0.2385072612472079
571,0da6388ac10dc570e2e85dc37787f82e958bedb28df8df2e48c8f1b4fcf228aa,1,c5,c5,c5,c5,0.19393808,0.32255805,0.4835039,0.22198633122157344,0.3854160904832938,0.3925975782951328,0.2592750620966678,0.3388041807860088,0.4019207571173234
573,2960782ff7b76745a2674d90a078f621c2c257e0655bb29ef8a50294f1691fef,1,c5,c234,c1,c234,0.32551572,0.35643554,0.3180487,0.3975168995020428,0.36954927986033426,0.23293382063762294,0.34264811790791,0.3748882981721071,0.2824635839199829
578,71127d339ce910c088199b2fc67ebfa7d32b9c5934b82a13239df3ce602b8881,1,c234,c5,c5,c5,0.09220173,0.34078264,0.56701565,0.18959580539248344,0.26392611847734304,0.5464780761301735,0.23252413110207948,0.2804374782046894,0.487038390693231
582,4b6e1736477bdf1c87e47aaaa0fd930bcb5a119539f2ac24969b97450ef92eca,1,c5,c234,c5,c5,0.30412003,0.3774815,0.31839848,0.25051328869141853,0.323041287450111,0.42644542385847045,0.2779656249475518,0.32479872118334724,0.39723565386910104
587,f5b642635a8009b50bd559be3444a3094f9faad02a927e3fc60c9645b39cde51,1,c234,c1,c1,c1,0.3825797,0.36079815,0.25662214,0.38098776983983973,0.3181857793511964,0.3008264508089639,0.3955405378006792,0.29217682617173313,0.3122826360275876
595,0bbd03706651c9ddfa6b6841f0465a176edd827d65bba2e75ca499211dab6fd0,1,c234,c5,c5,c5,0.12906837,0.31277192,0.5581597,0.2569399500073437,0.32440516962900334,0.4186548803636529,0.2828508903980283,0.3065301230746164,0.4106189865273552
597,fa9f47de362df112bcb13b6aa5c00eddcc4888c5d0e0669e15b3209159e90377,1,c1,c1,c1,c234,0.5248041,0.3165981,0.1585977,0.4168104500014137,0.4028993282574617,0.1802902217411246,0.35213922046325724,0.36582511760702885,0.2820356619297139
600,dbd5aa412d9b4938ffbc986c68f4881ba35630ba02699683fb8c1b393a4967c9,1,c5,c234,c234,c234,0.3192897,0.36565077,0.31505948,0.24390712274643922,0.49235792309087706,0.26373495416268367,0.29705311216037633,0.3943014652026442,0.3086454226369794
606,a65c95b1617dbf6d170c722b1b6d1d6c87153b4bf0de17165c0f853340acb868,1,c234,c234,c5,c234,0.38193122,0.3987175,0.21935123,0.2831860613356756,0.3019283046623194,0.41488563400200507,0.3148211985894778,0.368012271406739,0.31716653000378325
620,a59a1b6764e6fb57849df6a3c46532e9132b6a7db8eb0b075a86173153deb6c3,1,c1,c234,c234,c234,0.39825553,0.419496,0.18224844,0.26094977422034277,0.542426397436413,0.1966238283432443,0.28530894465179507,0.417366560346858,0.29732449500134694
621,610f42e69e0c00eedb3b2d26f868cf95880cf7fe5491fb39eaec06cd87ddb739,1,c5,c5,c5,c5,0.11983503,0.39970496,0.48046002,0.2676191484277934,0.24047870936461618,0.4919021422075904,0.2955967605826873,0.2781035353789652,0.42629970403834755
626,2b008f5c375a0d2245181953180410767d7c482cbc28a5b3ff196e6d65555550,1,c1,c1,c1,c1,0.39873567,0.33804488,0.2632195,0.7705731036286262,0.12676373147821154,0.10266316489316242,0.4903259780159105,0.24280578507488496,0.26686823690920447
654,15dc301c1a81f1dfa5c9b471add9dcd8311a52c09784cecdb6300f783c8c735d,1,c1,c1,c1,c1,0.39109695,0.3557477,0.25315532,0.4155595235047975,0.18384361905936494,0.4005968574358375,0.39620754233995586,0.26320687233674556,0.34058558532329863
659,2f4f2ee9d45871256dd709578d12e9a165954678991870c0bf27d4710aa067f8,1,c234,c1,c1,c5,0.47483462,0.24578857,0.2793768,0.5036945639578475,0.1494473087130151,0.34685812732913746,0.37056825869434834,0.2469232414434321,0.3825084998622195
661,f51ac93fbf6b3449a9e66a2f1f06b231ca66b68490a19955fd99dcaac89944c4,1,c234,c234,c5,c5,0.16016755,0.42591676,0.41391572,0.21247469647059192,0.36081218935884346,0.4267131141705646,0.2572395207897252,0.33916791982921524,0.4035925593810595
667,466f0196ab2d00644dff760ea627c590e96dba569ddb64eb48fdb58b338f09d4,1,c5,c234,c234,c234,0.27953708,0.4668304,0.2536326,0.30105455154561067,0.46237720561884466,0.23656824283554465,0.3073721995036887,0.3910750293756517,0.30155277112065965
669,6569f9d52a50bc6d77cfedf0d90c302767c985ed6d2e35b3663e73de0d0f12c8,1,c5,c5,c5,c5,0.18439886,0.20004511,0.615556,0.1841117820317834,0.28206067503602866,0.5338275429321878,0.26318882107346314,0.23421928594865188,0.502591892977885
684,99f426c4deca83ab6a1138e841d0addcb5de30772f320817d47ec49543a6cd1c,1,c1,c5,c1,c1,0.22522213,0.34624338,0.42853454,0.4342910735589868,0.321327773118584,0.24438115332242927,0.35025100298246564,0.32895702626125406,0.32079197075628035
685,2eb33b072ca64e13e8c27648601835898626768b0986ea5a74b7214ede7f2b96,1,c5,c1,c5,c5,0.45245802,0.2591707,0.2883712,0.2770452878951932,0.28998068713045094,0.4329740249743559,0.19639068606049565,0.3364116453801878,0.4671976685593165
686,42949e1e7f125c481482acc86df4dd9f2ff615beb88b19bc1b8583094f3e48d6,1,c234,c1,c234,c234,0.46912575,0.37516132,0.155713,0.35838110894023123,0.5510689812700217,0.090549909789747,0.3935508184073576,0.46900481285520124,0.13744436873744126
691,7fbe3806008b2815d0918d20650fbe7be393bf46095ee0044188991baa429d35,1,c234,c234,c234,c234,0.23281404,0.4289801,0.33820584,0.2819756464535087,0.5722665135580363,0.145757839988455,0.2540401383150824,0.48808072961352744,0.25787913207139007
708,43bf1e2b4242c7cc11dba066ad848e3644bda3dd00c5ee363092c240c1296276,1,c234,c1,c1,c1,0.6338237,0.27845043,0.087725885,0.7186349614912799,0.1857569203489288,0.09560811815979134,0.6435513165668619,0.22665418242406565,0.12979450100907236
710,aba14a23f40fc63450dc097959be3eab961bc2cb6f323658af623e25bddb256a,1,c5,c1,c5,c5,0.33611345,0.32909718,0.33478937,0.17425671831275394,0.3714212674256811,0.454322014261565,0.24364114045945265,0.37634164350177485,0.3800172160387725
729,4fa797412284758f5aeca5b7aa9518a47fda3efbfeda308c1bf3da0015e0d90b,1,c1,c1,c5,c5,0.5107973,0.24232087,0.24688183,0.39666581656625327,0.19879870112448983,0.40453548230925684,0.27131949419269763,0.23757343889139618,0.4911070669159062
730,c9dfed52c3e2393ed73674c25f06c93c046ec3dc8e32455a609f69285dd19e4a,1,c1,c1,c1,c1,0.47560582,0.27178362,0.25261065,0.430621764477569,0.1618202845634948,0.40755795095893615,0.40936627666140707,0.21199493176273687,0.3786387915758561
735,79193c909adab17e40d39bdebf363a0d431a9bfdd47a1ec193dde737c8021a1e,1,c1,c5,c1,c1,0.1733981,0.34506562,0.48153624,0.5418206244549229,0.25148215643860256,0.20669721910647462,0.39038940465146954,0.3102309657618005,0.29937962958673
737,931776037dba503cd38c6f602b6734518a8faede677bb554d7a7cfa0074209c0,1,c234,c1,c234,c5,0.4256752,0.2811669,0.29315782,0.24831220023904138,0.3816657436724698,0.3700220560884889,0.3038142827283813,0.3232318897695457,0.3729538275020729
743,4fd1baeefb68c4b8d3e8cfa50d5baaab889765ab687b498c74ef148714b72828,1,c5,c1,c1,c1,0.5153637,0.28648502,0.19815132,0.46629912537074264,0.33475218080064745,0.19894869382861002,0.36987577595606547,0.3207218508447461,0.3094023731991886
746,605bc2f0009d9e706bf5e4f843c441b91b2d2a9383e4e795223350bf9ca25424,1,c5,c1,c5,c5,0.46929413,0.31414577,0.21656018,0.20215733726451238,0.23186786925188202,0.5659747934836057,0.278607966570439,0.27749824371557086,0.4438937897139902
748,8256a9646efdb8618aafe3b0ecb50e6fd31e166acdc067f05930a07a5ff2c4c1,1,c5,c234,c234,c234,0.3649357,0.4099683,0.22509599,0.40682051735374725,0.42115860399560173,0.172020878650651,0.3308830215289686,0.4496977644050742,0.21941921406595716
750,edcc942488501cfe1083a1eb9f8c14eb6c4c9e6f926c3a7c6c7827c3b5faa857,1,c1,c1,c5,c5,0.3830801,0.270111,0.34680897,0.15119210420625975,0.28635404807466164,0.5624538477190785,0.2255168481409591,0.25582393623683725,0.5186592156222036
779,d36d5f9b55cfc5874783dca2c84b05a11e678f46ea7d3ac9748b98a887f8d1a3,1,c5,c1,c5,c5,0.5217659,0.30414706,0.17408703,0.2096130758285379,0.1878581211385308,0.6025288030329313,0.32284599656113633,0.26284133482498895,0.41431266861387467
781,8e12540ae1976ab177a01b8439fa4824151326b7646979b4b141a714a556791b,1,c234,c1,c1,c1,0.6194749,0.2840372,0.09648792,0.6360946307814703,0.23431853061644667,0.12958683860208306,0.568818689073179,0.27758251663629113,0.1535987942905298
789,50a7afe819e97b2251ec1f634e94f28ac4bb69736daac2c41f5fbd1944f0cc23,1,c1,c1,c1,c1,0.5134487,0.260346,0.22620529,0.6340722218162863,0.1362737945122552,0.2296539836714586,0.44267814819367873,0.2270973095148562,0.33022454229146514
793,2593e54a5c2571725cd41535ddea369dc677cd21871f04333bb639e9c6bf21b9,1,c234,c5,c5,c5,0.086296104,0.39425707,0.51944685,0.12713458997819194,0.36973486541784817,0.5031305446039598,0.17045378287168397,0.3539706523688576,0.4755755647594584
798,bb2bf2d6f45f58d58900cb86982bb3ac26f0c8c81431c799d9027749951fc1dd,1,c5,c234,c5,c5,0.18731385,0.42028308,0.39240313,0.14917164534714897,0.21075985039445594,0.6400685042583951,0.2187446637831798,0.29390605516461304,0.4873492810522072
808,8c654886400c0960850733a41b2bcc2315cfb9bd75b7ea6a36972058bf7711f6,1,c1,c1,c5,c5,0.44891515,0.32432106,0.22676383,0.3137158106895747,0.23680453266386667,0.4494796566465586,0.2964196226872186,0.2729375740772172,0.43064280323556425
814,2463d8c04462f7ad2e7b0109054a7b582fe26ac9a0b2a8b0d42c652cd3b355ec,1,c1,c1,c5,c5,0.4098477,0.30466092,0.28549138,0.28571331274175665,0.3075159302447831,0.40677075701346027,0.34196179574027075,0.29873034090753253,0.35930786335219667
821,2e7af212607690d5c1015118e1e18312af39b428eea3c69133eaf508919a0d06,1,c5,c234,c234,c234,0.35710642,0.39544955,0.24744396,0.32488220898735387,0.5397447909169086,0.13537300009573758,0.3567309506444434,0.42113004591895953,0.22213900343659718
831,4392cae6c5fff7270c10ea798176b5c2386aa0e9fec6ba64da1bd4c9aa067b04,1,c1,c234,c5,c5,0.3570253,0.37703764,0.26593715,0.32041838406820905,0.299557916201355,0.38002369973043587,0.28392883688346665,0.32816708760170155,0.3879040755148317
838,6b0711a35d4e5a546a596e7d5bd094629df36831edbb3f6a627d8fcd1a4acdcf,1,c234,c234,c1,c1,0.32755238,0.39007652,0.2823711,0.5818419654556154,0.3136781953673666,0.1044798391770182,0.43670978155906864,0.37924334823360323,0.18404687020732807
862,3317b5611724da1c529cf558c16890e6ff256f4284843e8a45806c979fc9abd6,1,c1,c1,c234,c234,0.4604765,0.3363716,0.20315191,0.3145242567445028,0.5394206861052376,0.1460550571502595,0.3607077688418742,0.4643644688484485,0.17492776230967716
867,f955dac13b52338c839e2f23e99de623035a7df6f1eaee1951cc436c845fa554,1,c5,c5,c5,c5,0.21540655,0.36119506,0.4233984,0.20708988742991302,0.2533736732703017,0.5395364392997853,0.23801076498946463,0.25427894563493786,0.5077102893755975
874,1198ba7b3645dea3778eb2a07ffe7f413cd9ede6b0eb089e22221c07f20f1406,1,c234,c5,c5,c5,0.19335882,0.36781254,0.43882865,0.09567496906433347,0.2873363520422973,0.6169886788933693,0.16860062307782958,0.33763911013282727,0.4937602667893432
883,f9e952465c739563cfc8a750a5e60b81f11cd58c6d523ffae95a1a9a480a5a80,1,c234,c234,c234,c234,0.18447913,0.41049033,0.40503055,0.13305989115172306,0.4805203357582318,0.38641977309004505,0.18781748151812966,0.4456636403367674,0.3665188781451029
885,c701717a3b841a3189467dfc17c76e31ce8cb9101137ce26c372c8bbe8b15375,1,c5,c234,c5,c5,0.30834836,0.41357043,0.27808115,0.20681365472739155,0.332376134747137,0.46081021052547133,0.21898413035608758,0.27686139449334046,0.5041544751505719
886,6f1dd5cec4a8c1c9cfbeb18189c8a3787bb0a652a7221eba45c1e2406133ade0,1,c234,c1,c1,c1,0.5530861,0.30177045,0.1451434,0.7086635018452494,0.14826802802078895,0.1430684701339617,0.5408089041386699,0.24792072497175513,0.21127037088957498
887,d96692a6f13006937a097833f5f73f25fcbb16111cb2ac3dd386fdcc48ee5e88,1,c5,c1,c5,c5,0.42745352,0.35701716,0.2155293,0.1289426119909154,0.19909440210218168,0.6719629859069031,0.19374327480006417,0.24797669713926307,0.5582800280606727
914,59cd2dcb421eba07bf9e3db2729e546247e3f2b4267780a203cd433434d53569,1,c5,c1,c234,c5,0.3542417,0.3430557,0.3027026,0.17671468367328216,0.46888252299884553,0.3544027933278722,0.2441182668289454,0.36903795615824797,0.3868437770128067
921,92d08103b20c50067cf83184211ca8b8f17623c595780258380ff1a2b7e81378,1,c1,c5,c234,c5,0.25483996,0.33707687,0.40808317,0.34374501773063515,0.3777760264224247,0.2784789558469402,0.3122499099787325,0.3254109797171763,0.36233911030409116
938,c05e1ce2a28630444ac8dcff7f3fe7afeb484a3a7ef8c4e4fb258ac9e767c136,1,c5,c5,c5,c5,0.2423393,0.29291216,0.4647486,0.0741829000038865,0.153264164344088,0.7725529356520254,0.11178033356124603,0.21431610890805075,0.6739035575307032
947,e7f2af7f79c282a7170e0a347f0027060de2a5d3486c136a2082bb406d7b407e,1,c5,c1,c1,c1,0.39121094,0.33391103,0.274878,0.44891605077240215,0.339469565676764,0.21161438355083376,0.43439764820892035,0.3163681880814969,0.2492341637095827
957,c4d524e7a4781654ae24a52455f8682f3786e99fc9cc60c4d147115274d14db0,1,c234,c234,c5,c5,0.18102872,0.42664063,0.39233065,0.24916770624009452,0.18978436683612182,0.5610479269237837,0.3299495195506764,0.2869772567268878,0.38307322372243585
958,d5c34178224bca8e5ec1a67171505963ac6001276117deeac8f045f479b5f46d,1,c5,c5,c5,c5,0.10449601,0.34161848,0.5538855,0.09272260996683947,0.22314337995763864,0.684134010075522,0.165756303168821,0.2829532888811701,0.5512904079500089
981,ef5a497d24085a5a3044203662c38648b7111c80774c70793436666af9639cd0,1,c5,c5,c1,c5,0.27353674,0.3573678,0.3690954,0.4106406307164657,0.2779590310372648,0.3114003382462694,0.32766686280247503,0.2790953437444174,0.39323779345310755
994,4d8ff8fe896281d7dd5e20e36cf6d1c0f140a10170af22e47d490e6390267794,1,c234,c1,c1,c1,0.39644653,0.33108515,0.27246833,0.5621694834428,0.2608969819699176,0.17693353458728228,0.40330212192707277,0.3397382556066794,0.25695962246624776
997,1d95d503df55ca628c0f2c0b1dc4db00e31dee4906554625e95590d7183a7531,1,c1,c5,c234,c5,0.3238479,0.3137182,0.36243394,0.166214991589827,0.4217820442440773,0.4120029641660957,0.218623911653689,0.35135916431161124,0.43001692403469977
998,e66a91a0d51d54f32574b8eccec1e7d17cb76e9c0d840989f42a4dc74b4e5d3d,1,c234,c5,c1,c234,0.27496558,0.35979402,0.36524034,0.4462848281737835,0.38542268814294356,0.168292483683273,0.3557833691997054,0.4137244035090063,0.23049222729128838
1008,d9f5cff3872b3d8c7d7a4032f694abec25063e7811641a48051b51c753ea46b3,1,c1,c1,c1,c1,0.61025614,0.29932797,0.09041581,0.4564507775232518,0.39283523369528583,0.15071398878146242,0.4213959083135676,0.38075596935006867,0.19784812233636365
1016,722f8b438701dbc5ec9d4fba79e224c850a4ddbf0e391464a4a76c6fcd9e724b,1,c5,c5,c5,c5,0.29069838,0.27028868,0.43901297,0.1938962329812576,0.2028004071513902,0.6033033598673522,0.291269816859704,0.2108718202049862,0.4978583629353097
1017,9d1ab46f1cd3d32d383f41a4cafa02ba4e1ba74e3ed3f093e01894f6cc8e1f0d,1,c234,c1,c5,c5,0.41275874,0.30167985,0.28556135,0.11761296663740697,0.18932781074622165,0.6930592226163713,0.21561105848368214,0.23236313183244323,0.5520258096838747
1021,4a234e1edeac39cdb547232a695500ade7d2fd802d438b6122bb0bd3ae4daffd,1,c1,c5,c5,c5,0.32748356,0.22403097,0.44848543,0.4106534451568013,0.16431898597662203,0.42502756886657655,0.3435423333047729,0.27276041922876904,0.3836972474664581
1024,a0f45e2764ce7f25c774d76520d31b0d7b38f603c0d8919889fdf4e3170005ce,1,c234,c5,c5,c5,0.24046917,0.22234514,0.53718567,0.2084159787812711,0.22625710033021984,0.5653269208885091,0.2934278024189968,0.23089674160383197,0.47567545597717126
1032,9a7c45bff328fc5f9edd7023a5b65b11af771b1d2d8e1a17843abae0e795891a,1,c5,c5,c234,c5,0.2624541,0.35817108,0.37937483,0.2870288668542034,0.3568047520038714,0.3561663811419252,0.285791937045089,0.3518608404809014,0.36234722247400963
1061,104a946f87d1f81fced9c4aec7e1c65e49eb449142176d6829963306ee3daef5,1,c5,c234,c5,c234,0.250741,0.44726017,0.30199882,0.09317798709765636,0.32406545943470605,0.5827565534676377,0.23723427934300945,0.3813897109576881,0.3813760096993025
1065,00884ebbe31bb20d839718fcd3e97c331a51fb0873ed9deb9a7925b7a4b0796a,1,c234,c5,c5,c5,0.20239884,0.3969615,0.4006396,0.17201920836392665,0.3605481414304116,0.46743265020566177,0.208564224671753,0.33952902523786693,0.45190675009038006
1068,132db06ad6f4e17902e2230639e08ec1022956175f8709f8a352f5036e369704,1,c234,c5,c5,c234,0.22451776,0.32883632,0.44664592,0.1302925547183361,0.3850864654376084,0.4846209798440554,0.21482291815893909,0.3926575774592778,0.39251950438178307
1069,542f822bb06a43893aa8a457945c70e3b6a903c8d388dfaf2675c1c0941d41a9,1,c234,c234,c234,c234,0.23541556,0.4425998,0.32198468,0.2158091939050214,0.5213932273665272,0.26279757872845155,0.2595771694242724,0.43432511874019664,0.306097711835531
1070,fb989bc8b07a186801ca44a57fa506d2ecdd8c7019b543ac5b49269c2f71fde5,1,c5,c5,c5,c5,0.13334456,0.28247523,0.5841802,0.16347059206856246,0.26318081769144835,0.5733485902399892,0.19503966832830802,0.3053589792532875,0.4996013524184044
1071,2bcd292fa82af16ae4ef48de5cf4959126bef31135454f38ec9650edc59ac711,1,c234,c1,c1,c1,0.5298975,0.35507393,0.11502849,0.5773782650654743,0.3476303421787294,0.07499139275579633,0.47280085104920566,0.3775991088007778,0.1496000401500165
1082,a5cf9df3002dd01e3b92e42b4d423c68711e617168d0d89c48ce8e00d94d7633,1,c5,c1,c1,c1,0.35433537,0.34854028,0.2971243,0.411813946825803,0.3810410376130864,0.20714501556111048,0.3932814977351838,0.36889987328255797,0.23781862898225825
1095,37a80ebd931e1b623cd2c528987594cb48877555a506286280eef60d268c9c95,1,c5,c5,c1,c1,0.19867256,0.33925223,0.4620751,0.3943196930320338,0.3627344778062655,0.24294582916170077,0.3767690833577131,0.32971988323712265,0.29351103340516427
1107,cf14375ce5568abfc9d925ab4f4cb128d88e2ea1ff88fe1d24ddc7b3ab37d4b4,1,c5,c234,c234,c5,0.3274392,0.36377588,0.30878487,0.3251025625222867,0.3472599609521673,0.3276374765255459,0.32947488692366195,0.2847866952621012,0.3857384178142368
1109,0a19cdf26bba125754624fd669be92ff4ab256c3f2f58d2cb6e229f3e9666101,1,c234,c5,c5,c5,0.26787493,0.25969306,0.47243208,0.2645973816692712,0.3239350831253008,0.41146753520542795,0.26274871037594344,0.2868191358147723,0.4504321538092843
1133,aadf5a0edc738475fba33d95ba05c8da89df4cdbb92a18753697c857f0a1e17e,1,c1,c1,c1,c1,0.4846276,0.33565015,0.17972231,0.6910023890418172,0.17589491988340844,0.13310269107477435,0.49340843651123645,0.2921123587639892,0.21447920472477447
1135,07cf10dc29ddfce7d5298ecf6750c0282e98e587d6617757bd6bd7758c616b25,1,c234,c5,c234,c234,0.19014563,0.28821597,0.5216384,0.12932059873430707,0.512900891235792,0.35777851002990096,0.20914260903037207,0.42330457040000724,0.3675528205696208
1139,7bf158c51e46c02e697c54ac94eb30edc0d64f5435901db6fabfdaeae99a58f5,1,c234,c5,c5,c5,0.26617625,0.3356664,0.39815736,0.15453519791995599,0.19971085707836578,0.6457539450016782,0.25486627406278406,0.26626000833831004,0.47887371759890585
1142,dc4232e99618d1570e7335817938c79556dd8f3635f0794b503060d90c2c5953,1,c5,c5,c5,c5,0.104014926,0.3309428,0.56504226,0.0893532133108671,0.2891515562126087,0.6214952304765242,0.1825023020319822,0.3268275935189031,0.49067010444911463
1149,6ec034e0d968546f7b596cfc1c5f673bec579851beb81a672f6565b52195dda7,1,c234,c234,c1,c234,0.24378413,0.44744068,0.3087752,0.4015790580530529,0.3673805700454143,0.2310403719015329,0.32045561055224736,0.4126105350297988,0.2669338544179538
1151,63af35facdb1ab312e4d2f5a2434304b62c3eac361a93344b834abc4c0820e36,1,c1,c1,c234,c234,0.4082552,0.3493703,0.24237448,0.3533819100238705,0.4070163401153063,0.23960174986082317,0.3384416751978745,0.39167205537688343,0.2698862694252421
1152,4e4dd18f87609d6cfbb49178741b3811379094253c8675486d63add5b267603c,1,c1,c234,c234,c1,0.29378915,0.46479535,0.24141553,0.2942904787164367,0.37950955942798265,0.3261999618555806,0.37913811123512914,0.34513458133043173,0.2757273074344392
1162,dca9b843aec8eaeb98e8d2306442d2a2974712ac3f65c1fde86fcfa32ac07906,1,c5,c5,c5,c5,0.118623644,0.32322046,0.55815595,0.11985675621731576,0.17533638486615916,0.7048068589165251,0.23524657947720368,0.26526661469821244,0.4994868058245838
1163,7deae8cdd4fe8f390b30dc47c01d34ea45d5fa6a4aa55360ab659c0e8dc4c9a8,1,c234,c5,c234,c234,0.2324958,0.33242905,0.43507513,0.36931723947419365,0.4316115885609854,0.19907117196482085,0.3311524457907959,0.3847638522800429,0.2840837019291611
1173,88766f75a189f417f8bc5d12d4cb078f2565b0b954be1506102af1feab7d946a,1,c5,c1,c1,c1,0.36958036,0.36755502,0.26286462,0.4309581324121496,0.3237613968079007,0.24528047077994966,0.397241621505702,0.37175047645610965,0.23100790203818833
1190,f56b6477f7d1a7f3a8bd2dc14b393da0269916e298eb66a149c3db185c2fc107,1,c234,c5,c1,c1,0.20516531,0.39320612,0.40162858,0.628607309948343,0.16287651299911146,0.2085161770525455,0.41167790385892616,0.2557359781312171,0.3325861180098567
1221,549da2facc003aca2a41682f2372a52ace2bc9f453d59d22513308c049f5fa47,1,c234,c234,c234,c234,0.3203929,0.37748322,0.3021239,0.33351340089570114,0.5563101980401838,0.11017640106411508,0.3845543533776865,0.42382161395643736,0.1916240326658762
1225,d61f48eadabae701e24e31598f5e07b317b76405909987bd8b04712e751b97f5,1,c234,c234,c234,c234,0.3393231,0.3853574,0.27531952,0.2456436735284678,0.6533250059741702,0.10103132049736192,0.34564737184721434,0.45346215189697986,0.20089047625580592
1231,8dd169980dbd504c00cdb5eae99ea82532e3e70f25044c2261b38a5e29b17cde,1,c234,c5,c5,c5,0.10877736,0.20656244,0.6846602,0.1610193780894147,0.37032303067114053,0.4686575912394447,0.2080924574917902,0.33375223212788174,0.45815531038032814
1248,27d0470dfad30637003c433ff6e9d8a012d1b9193dee8abacb2f28b609d7bac6,1,c5,c5,c5,c5,0.14069135,0.3205783,0.5387303,0.25899540848145874,0.25936331615582603,0.48164127536271534,0.27405181539798296,0.27591005687235504,0.45003812772966206
1275,f2cb0d134c48b0ed0d8a9a7fbe423d3079e5594ad9200a845366b1d12e8ec144,1,c1,c5,c5,c5,0.29812276,0.2739156,0.4279616,0.29586399139959485,0.19345349469433132,0.5106825139060739,0.26594239088545274,0.28482681783961133,0.44923079127493587
1277,e9888c3d9f7600848ef723fbd394a18f38ce956cbe828ca4e1b47dc718b72f13,1,c234,c1,c1,c1,0.53229654,0.3331919,0.1345116,0.44156327173876775,0.38396184226527513,0.17447488599595704,0.39624835673660785,0.3357868161242532,0.26796482713913894
1279,fd181def572ce46754523f6b42e4000c5361673ee949d6bc25e5105fee8b6f89,1,c234,c1,c5,c5,0.4628584,0.24858192,0.28855965,0.1518040118321398,0.26364250481531565,0.5845534833525445,0.21108778657994048,0.2807920591357279,0.5081201542843317
1287,14b2f2a60b969b972d6edea3aa249648376bca7273c40b436f5dc8d358653ab6,1,c5,c5,c1,c1,0.25032175,0.328139,0.42153928,0.46775496134691225,0.28865814253692884,0.2435868961161588,0.37992417394064426,0.33305748860591305,0.2870183374534426
1292,83cabe7d18c14e9a4d699c7e5c106f94370683288258583747daa7665a597dcd,1,c234,c234,c234,c234,0.36494458,0.39977384,0.23528157,0.3276072629704417,0.37483152212621845,0.2975612149033399,0.3456181663681079,0.34687442647338795,0.30750740715850416
1299,bd0925748937d34794edff92288e287722871b3aa75ffda563de43990c59e4a3,1,c234,c5,c5,c5,0.14607213,0.29654145,0.5573864,0.2430459396571087,0.21994523206872643,0.537008828274165,0.27344958619785004,0.28843493129913406,0.4381154825030158
1302,c604ae265efd6aa696538f832ce1a97ae8eae8ec0d1a7cc04a6aecebcbaa3fff,1,c234,c1,c5,c5,0.38047805,0.2822254,0.33729655,0.27318456620826087,0.3438936722498399,0.3829217615418992,0.3178422916358655,0.26374538230967504,0.4184123260544595
1320,44866b68e135b6d828657068d5db58a3b2b5c064336952c8898f84e4f6a56885,1,c1,c1,c234,c234,0.35060143,0.33676025,0.31263828,0.2839289533520125,0.46752159990551634,0.24854944674247104,0.3526868151193758,0.38799025050028124,0.259322934380343
1325,ce6e7502b466cf4464b04866965ef649c7cfe8051d72e87b28499620eb464aae,1,c5,c234,c1,c234,0.26782438,0.41584614,0.31632945,0.34023509482051567,0.33536124931945166,0.3244036558600327,0.2476565722480398,0.40000144579559277,0.35234198195636734
1329,d1a022f6e51ab74d0c5b9bbd434695bb5c7739ff590654b0e679d467353ad686,1,c1,c1,c234,c234,0.5374711,0.28729704,0.17523177,0.29533208211083617,0.44386750690270593,0.260800410986458,0.34812691876680213,0.36163812898405534,0.2902349522491426
1349,f60a94a0f3097ef23106e12842482e48d6cb0b8c829724b817e5a4e8ddcf4d6a,1,c234,c5,c5,c5,0.1534515,0.38666734,0.45988113,0.12001950382125628,0.34742688398540655,0.5325536121933372,0.16424890915661158,0.39537913012584447,0.440371960717544
1350,6d4750ca997ffc2734d6caa039aae3109635464672320de6194024c55e6d853c,1,c5,c234,c1,c1,0.3364997,0.39746308,0.26603723,0.4595080101367796,0.22381652449598818,0.3166754653672322,0.3709348833111383,0.3118088994224626,0.317256217266399
1369,3d568bfc52ed33646a84bc5bd79bcbd552ca3a3c1006fb213744199285c4358a,1,c234,c234,c5,c5,0.34834188,0.36001244,0.29164565,0.25224269721138176,0.345877131504291,0.40188017128432724,0.2296166669372396,0.3847130503503748,0.3856702827123857
1370,e564baf4865f91f17ba7e342ccff469659243a63f8674b12ade18d06f607f05e,1,c1,c1,c1,c1,0.491196,0.31484777,0.19395627,0.4752981229997107,0.2893459124338904,0.23535596456639896,0.39700248692218665,0.3772263242667491,0.22577118881106428
1373,d8abc2f67179b901dff0450a5c74fe4dbb7b298a35a4e48ef45e863a4a52f128,1,c5,c1,c1,c1,0.4617962,0.39348227,0.14472155,0.6138791678780803,0.2961282668627339,0.08999256525918578,0.5680772138061086,0.3135764741512593,0.11834631204263199
1381,c43b5603a90f8b6f68404d29f4b5a8dc08a4e3b0245dcd454414f5231d9cd878,1,c1,c5,c5,c5,0.29555896,0.22570716,0.47873396,0.2971825338465842,0.27523433915652573,0.42758312699689016,0.28087038707944806,0.31777444195776855,0.4013551709627835
1383,be3ac4c89cd718fd024747ce8245b9759d65a170e2ee15af3f4b607e52b0ac0a,1,c234,c1,c5,c234,0.40770102,0.3424235,0.24987553,0.17679907471378592,0.3560779364708537,0.4671229888153605,0.2522695264674446,0.37658551926305517,0.37114495426950006
1385,5a4e6dd2f232884f36d91f60642b6ee9352c4270267379674bb66dd445109cca,1,c234,c5,c234,c1,0.28851712,0.26135185,0.45013106,0.32789197719333657,0.4616899463667747,0.21041807643988875,0.38705923290099403,0.3072777178557901,0.3056630492432159
1392,37f6d02183d5a084a8950bf797ac5d3c45a6009e77ca2280c01816540c9e1598,1,c1,c1,c234,c234,0.48806867,0.3683896,0.14354175,0.23155479233608964,0.5633454135233331,0.2050997941405773,0.28460870279735767,0.4845273416110555,0.23086395559158682
1395,cbab431e6d644342d0841e911aee62702845d2dc5a26821bae17fe064c484da6,1,c234,c1,c1,c1,0.50009114,0.33998212,0.15992677,0.3733184848736112,0.3055750885348938,0.32110642659149496,0.3969611153004155,0.3600292616727952,0.24300962302678933
1408,b7b61761587293376dc2557d24b88c74b2d1e34d5e0636d3da6a14b0f030a574,1,c1,c1,c1,c1,0.6185353,0.23611398,0.14535071,0.584363308280543,0.3338538488589338,0.08178284286052326,0.5207268741169884,0.31484173062732396,0.1644313952556877
1409,c51c3c906bab6406f6624eb6d072f35b3c04e3953c9c74e9c851b2a76624fb16,1,c1,c1,c5,c5,0.41101202,0.3455127,0.24347535,0.2156233027908219,0.1951301340713427,0.5892465631378353,0.26033346498458065,0.24824864325195986,0.4914178917634594
1416,bd4cf8202d0fb61ae2cf4080b440ed47477c53f866e0eeefadcb2f6f1bfa0326,1,c5,c5,c5,c5,0.31073534,0.32415375,0.36511087,0.13693616070950854,0.21245541588921937,0.6506084234012721,0.20661396916578223,0.2339411000352876,0.5594449307989301
1417,d752d01f13c4b2c860090177cd5ae9a6052f79cd0adebb7c532a9111e822e5e6,1,c1,c234,c234,c5,0.25426272,0.41537097,0.3303663,0.2821922833502149,0.3911073206096231,0.32670039604016193,0.2881557133632919,0.3375126550758615,0.3743316315608467
1419,ae877add5ba6f3b9e49d0c8916007cd469792070078fce02fc8057fca0b51d61,1,c5,c234,c5,c5,0.24111252,0.40556848,0.35331896,0.16568172850781354,0.3503554741153388,0.4839627973768477,0.2033687837504945,0.3313858086143727,0.4652454076351326
1422,fd33f360e9098ad962d4b37df6f4e3fc715bfe96ff6a37fdade7422628c07785,1,c5,c5,c5,c5,0.1641381,0.3660852,0.46977663,0.12939888721720638,0.3138078569125619,0.5567932558702318,0.20738407163430395,0.3021142579087633,0.4905016704569328
1425,db394c362f180ac9fd3482ac2ececefcef8ce41f14e52ba1e0dc259c140036cb,1,c234,c5,c5,c5,0.18147437,0.33231694,0.48620862,0.1849068545923362,0.3033777357143945,0.5117154096932693,0.2273895949166418,0.29950612335097165,0.47310428173238644
1426,3d000cc28e360d6c3835bacf6a8290c266dc5bc946319439cd8a17138e275f51,1,c5,c1,c5,c5,0.4105532,0.29332712,0.2961197,0.34136653814978574,0.21167609080893648,0.44695737104127775,0.3440405210473507,0.22735952842691093,0.4285999505257383
1429,4bc560e2383daecdb7d2d1a93b4d32da179dbea97e14dd953a066bbec3040bbf,1,c5,c1,c234,c234,0.448565,0.39655873,0.15487617,0.2654030524189347,0.4732474000459717,0.2613495475350936,0.3106269238554956,0.4591819095388393,0.23019116660566502
1443,1521efc254b98892c84556a6e3896cd5f427ac10f2876c0fa6c3b65fdfa7ab9a,1,c5,c234,c5,c234,0.28814912,0.4095369,0.30231395,0.21253343722679063,0.38556051598129004,0.4019060467919193,0.2609841089991645,0.39754231141524654,0.3414735795855889
1444,ef76a349ff4d8ce4dd5e1a1a8a7bfd035b3e4fef697cb90d57191386bf14a833,1,c5,c5,c5,c234,0.27641764,0.34220257,0.38137984,0.20496162574451793,0.3946546034324364,0.4003837708230457,0.2627227249720216,0.4020059116406661,0.3352713633873123
1449,4e6a3060ffda0d9cb205a58f7e2951c9970b1bd1376717d257f57ca33964fd8d,1,c5,c5,c234,c234,0.22932558,0.33686537,0.4338091,0.32755124652706025,0.368893054214294,0.3035556992586458,0.31605007781158917,0.38160211080218026,0.3023478113862304
1455,c9f40d0ce08cbcf7502566b77645f08c66ab100b485e48be808c609b406984d9,1,c234,c5,c5,c5,0.2840431,0.34190983,0.37404704,0.2797114731306355,0.17339427009800704,0.5468942567713575,0.3434119560402579,0.20611350716403973,0.45047453679570243
1458,ac3c3b0d58240da81e7f0fa18ed4dacfd07a240fd3ccb3d1d0f278b8d56623a6,1,c1,c1,c5,c5,0.4511449,0.36451143,0.18434371,0.19088084057167268,0.3399202022533229,0.4691989571750045,0.2954529708112079,0.3516478802567114,0.3528991489320807
1468,61cf0022711860774f84fd88e60f4f8ccfe600ac06f166730bc13e4f33dfec85,1,c1,c5,c234,c1,0.20078424,0.35134852,0.44786718,0.36063324771847544,0.37837591789051894,0.2609908343910056,0.36341963155308527,0.3346595876962188,0.30192078075069584
1473,1fe7765315b583615ab01ab9fbb53b1e1a7bb2bc51bf8ec07d93eda01bbfc192,1,c1,c1,c234,c234,0.4619847,0.41841385,0.11960143,0.3919670981374516,0.41729790275950024,0.1907349991030482,0.3164891974557373,0.4173164494092466,0.26619435313501616
1486,78c4b2033fd57f2049bd0928bba0933abc7d815aef89190fbda04703544188a0,1,c1,c5,c1,c5,0.30081728,0.29171598,0.40746674,0.49923402222150426,0.1566132467568988,0.3441527310215969,0.3362939669676402,0.26009897952708266,0.40360705350527715
1494,be5e4ffd0a3584e3ec96603c2fa92f05999333cd0b0b3f886c53214d9d883e67,1,c234,c234,c234,c234,0.20951134,0.50218105,0.28830764,0.30212261257996476,0.3692095950768076,0.32866779234322757,0.30319706737327123,0.3880450203745997,0.30875791225212895
1502,8841dd112779bc1ca6a8bf30da6cc3359673661211bff94f6e69c2986c3f9443,1,c234,c234,c234,c234,0.20384742,0.43610424,0.3600483,0.12966342181007925,0.4887513619999701,0.38158521618995067,0.19922449469391335,0.411535588670204,0.38923991663588264
1505,542065c49555ecec44e24a57b8bec437b5f085ab2936b5b0520217512c031e89,1,c234,c5,c234,c5,0.15145765,0.34222484,0.5063175,0.2386925984067138,0.3813006814275511,0.380006720165735,0.22096899473814105,0.35525858086300727,0.4237724243988517
1518,f420fabdb726c620528fd6d129269efc5a1d3425285e726dc1fd9022cf89df15,1,c5,c234,c234,c234,0.26674637,0.4272803,0.30597332,0.3616643406909128,0.38917955853465586,0.24915610077443137,0.3307103555692622,0.3832037503500468,0.286085894080691
1520,0414da4b468da9ca973c828ec91e49e04a9d7f3006bda1d20cb597f25300ce02,1,c1,c5,c234,c234,0.2811066,0.29608163,0.4228118,0.36458358538506186,0.411134583139431,0.22428183147550715,0.2930876551768829,0.37104019652540804,0.33587214829770906
1522,124c74335e8bc287cd9b0d38f8ca70e90457e1375012552b35add73b1d51a438,1,c5,c234,c1,c5,0.32987815,0.36879188,0.30132994,0.43579805551416917,0.21883985703459788,0.34536208745123287,0.33556634372481636,0.2701419088989162,0.39429174737626743
1524,253e18724fa260c506a11e77559690923be21c25163ab2e4d9865c2574d95813,1,c234,c1,c1,c1,0.47812033,0.3595862,0.16229345,0.4777304267464642,0.33849083886846315,0.1837787343850728,0.44739392489544677,0.36624276393852895,0.18636331116602442
1527,36dace2bc4c1c0415d2530848ce15ecadfc1b4cfc5ad8bb4a8aae44c14759a4e,1,c5,c5,c5,c5,0.13111967,0.2376057,0.6312746,0.12486656113650121,0.2540454200002382,0.6210880188632606,0.22022463329075787,0.27024281245407256,0.5095325542551696
1530,cd86b7b6980f506e1bc4c130678e0d7bef846215830fcceae7eb9434cb0e19bd,1,c1,c234,c5,c5,0.29192966,0.3853738,0.32269657,0.2821359096149821,0.312734371812889,0.4051297185721289,0.25938720710045204,0.3451515019495278,0.3954612909500201
1542,fe7dcbcf1084ffdad4cb3d2fdca1346066f9b2a49babaa7275b8c3cf5602a3bf,1,c1,c1,c234,c234,0.61199003,0.3046476,0.083362326,0.4118341423968306,0.5336382144582956,0.05452764314487377,0.4029904569549366,0.4636226455039196,0.13338689754114388
1571,7ae8d234c18ddf89daa2c73d8ea30a8a79ec93613e1bc9e56c2ad5ded6028aa6,1,c5,c5,c234,c234,0.27931315,0.30975997,0.41092694,0.3740835477575832,0.46560797846090646,0.16030847378151042,0.35540592660380965,0.36492599703468553,0.27966807636150487
1572,bf01f5db987d0b41d9deb913d3263f13c1902e11928e6253d7d66d4316846c1f,1,c5,c1,c5,c5,0.42800575,0.31682697,0.25516734,0.3767353421803503,0.19554818449862357,0.4277164733210261,0.26653002214746785,0.2884335446941824,0.44503643315834973
1575,49f97b3adfe33688bd182b276b18fc18af6e22271892d507eac274aeba9887cf,1,c5,c1,c234,c234,0.3901424,0.36604318,0.24381445,0.31606098332871746,0.39159568353039753,0.292343333140885,0.2893705334270507,0.36779341981025687,0.3428360467626924
1584,fb551f86256cdd4a6a1d5fa2a7acd4c5cde0a0f53124551f2dd14ff465cfa527,1,c5,c5,c5,c5,0.18170212,0.2839474,0.5343504,0.33197341545667164,0.29906674569889896,0.3689598388444293,0.291520655196222,0.28897487272607486,0.4195044720777032
1587,afd27c56a1c2c57cbf203ec98485851d7c52a9443e8db9d0a097c32d401fcfad,1,c234,c5,c5,c5,0.0795309,0.31747788,0.60299116,0.10229673267888073,0.3510860269742544,0.5466172403468649,0.1577205327171227,0.3236184293260731,0.5186610379568043
1588,769b8cbe1249b9c1b66f847aff447f15b0514337bad049f422ddb1c2d245079f,1,c5,c5,c5,c5,0.19929384,0.40012467,0.40058148,0.15402517919388833,0.14856865038169048,0.6974061704244211,0.19219558677841247,0.2535646404058452,0.5542397728157423
1590,116f8d391d2947449a44e9267b115d3d9d19f0fb0605ba76584526e02d416131,1,c5,c5,c5,c5,0.22643115,0.34114066,0.43242824,0.2016771938378235,0.2811006981157292,0.5172221080464472,0.2579333821812733,0.3128947049946399,0.42917191282408684
1599,d564c7b0ea6220923d9836b664b9ce4e80aeec800bd2006bc7676454dab80105,1,c234,c1,c5,c5,0.39814523,0.25632003,0.34553468,0.09641970982396043,0.23579499944573235,0.6677852907303072,0.19613841819226363,0.26184637538987215,0.5420152064178642
1603,e5126e913a95f00bb37dc45c87c9630aedffcbb745daf95c3251cf2e0b3a3235,1,c5,c234,c5,c5,0.33709207,0.4160932,0.24681474,0.31411684248525557,0.30876602714887874,0.3771171303658657,0.3458783667597654,0.30418523343474724,0.34993639980548735
1622,2197e2ebe9e8aecd8cadb70f70f10cdaea305170c5b7e3924296bb252175c8a1,1,c234,c5,c5,c5,0.12188504,0.3102334,0.5678815,0.08098585702401583,0.12982332641002886,0.7891908165659554,0.18285027255577682,0.2118034442613115,0.6053462831829116
1625,fe42bc39d2be7c53535a06f7d16d92305a44db209bb47089b4f84991a3bc9a02,1,c1,c5,c234,c234,0.24564865,0.3281836,0.42616773,0.24663891157625195,0.3877465055026148,0.3656145829211333,0.27072699777202885,0.3659083465708724,0.3633646556570988
1642,788ff383cb75eaa6a425fc24e8a0ffb8d4e46034963ce92927fedc101952426f,1,c234,c234,c1,c1,0.32326826,0.3538481,0.32288367,0.48086376570326017,0.19450509173005034,0.3246311425666894,0.41941136432405013,0.2609007163422792,0.31968791933367063
1650,5583ca722b606c0434d53523b39aa83fb760a676f439da929c33832077f3a719,1,c1,c1,c1,c1,0.40000114,0.36546922,0.23452964,0.4481703764603963,0.339935369338618,0.2118942542009857,0.34726436263342264,0.32733812327780415,0.3253975140887732
1653,7f1ce69b93b8eb722582f1ccd11da17b1545b105cafa6e87342ecfcb6f7a7482,1,c1,c234,c1,c1,0.41493744,0.4279734,0.15708919,0.6479346633330556,0.2593346404205406,0.09273069624640372,0.5052502067287293,0.36154187035041113,0.1332079229208595
1661,d78349ba5745fe7566ef74eb7f9451faec7a04d80041a409d24d3e448ea72107,1,c1,c234,c234,c234,0.31931475,0.43861,0.2420753,0.33703727673741185,0.493594070707414,0.16936865255517422,0.3240010545186846,0.4160782390995973,0.25992070638171816
1666,0e411f169ebac25cd2f48929548a762804247252820b82e42ef60c1eba60d8fd,1,c5,c5,c1,c5,0.31688994,0.26631016,0.41679984,0.42426597725112225,0.19653081944153425,0.37920320330734336,0.34984737056167314,0.24822867657643544,0.40192395286189136
1679,edcc942488501cfe1083a1eb9f8c14eb6c4c9e6f926c3a7c6c7827c3b5faa857,1,c234,c1,c5,c5,0.3830801,0.270111,0.34680897,0.15119210420625975,0.28635404807466164,0.5624538477190785,0.2255168481409591,0.25582393623683725,0.5186592156222036
1685,ef365256305a42b258a064e01ce24bbb4e8a6126424e4ba34d4c826c12f24412,1,c234,c1,c5,c5,0.38414633,0.3225371,0.29331663,0.35080851523350776,0.27688816537887806,0.3723033193876143,0.30766037858532513,0.29598928059746366,0.3963503408172112
1690,167726cb8659a835f244d79d43e64e68a2b8aeca31ed9865b9a355cd95afd95c,1,c1,c234,c234,c234,0.31472793,0.52862704,0.15664504,0.3206979713098667,0.5384936704718489,0.14080835821828439,0.41654804931440115,0.4183506200738105,0.16510133061178836
1693,e41fcd2c1e77221b2290ca1170ef972209ab0c0b7f8f4ee75b6674fd8061248a,1,c1,c234,c234,c234,0.37835503,0.3981962,0.22344877,0.4162884281184664,0.4701358655794614,0.11357570630207214,0.3953153761394793,0.42894837650954365,0.17573624735097693
1702,df2de84cc4a7cb96343488bd5435e18fc1eb2688e4b326172d8737cf975dc9ca,1,c1,c1,c234,c234,0.41546115,0.33576605,0.24877271,0.2853244021517947,0.4006989532753434,0.31397664457286195,0.2848308853538502,0.42052884666457946,0.29464026798157045
1712,c865a1b7e7a81e00d59028c3af94a063f2e62e268e1073c49e54af7e28bff718,1,c234,c234,c1,c5,0.31048703,0.41116795,0.27834505,0.5266697969496728,0.21700031623218938,0.25632988681813784,0.3535476551100517,0.28915414119350114,0.3572982036964471
1715,c0c0840b40ed0d9f6475000e66a5e96caf02b9909014e69d72455c18ee7ab504,1,c234,c5,c5,c5,0.10293591,0.2832312,0.6138329,0.2065561205892898,0.38164738674813287,0.4117964926625774,0.24521963810368377,0.3500329894759256,0.40474737242039066
1722,7da64c6ac5740696aa284c0652f15ca184400182be06172b5be0477d4138274c,1,c1,c1,c5,c5,0.36737522,0.26690415,0.36572057,0.13825085573168444,0.3765342611698249,0.48521488309849076,0.21826322979199905,0.31444628555549886,0.4672904846525021
1738,e9d8aa452169e7104d695faf2b2f94eaf4d49c975880b5750b79f5cc24b78142,1,c1,c5,c5,c5,0.26509878,0.35104927,0.38385195,0.2212366261849114,0.18863382898933825,0.5901295448257504,0.3004087909962218,0.2587496515722454,0.44084155743153275
1760,f5ce6ff0aa289f9d20037735afa17a77c82bfd9b598ee96900aa74937b38808a,1,c1,c234,c234,c234,0.30371493,0.3963992,0.29988578,0.21394447122802596,0.6822208002562832,0.10383472851569092,0.3322281834805146,0.46399137475611146,0.20378044176337387
1764,f6572936b3526c1a92fa5c43d61fb47e97cd9bc4406bf30b05b75934908bf23c,1,c1,c1,c1,c1,0.4089884,0.38009113,0.21092047,0.5170565287849734,0.34177756695721434,0.1411659042578123,0.4276472755691397,0.38354340099954615,0.18880932343131426
1770,e9bb9c3d2c71af034fa0e063edec095fc551d45038f81ef215db9ee186627908,1,c1,c5,c5,c5,0.3358672,0.3021834,0.36194947,0.3483050206684467,0.2982169306629068,0.35347804866864646,0.33404886336276046,0.28506256107048195,0.3808885755667576
1772,f6ea0176739928b5563f2035b4a36a256f9e4bb1ad9cfd6381f2872d791a41b0,1,c234,c234,c5,c5,0.26132077,0.38789457,0.3507846,0.33899189163415505,0.31885913966045065,0.3421489687053943,0.30713706834453613,0.3371228362563717,0.35574009539909224
1787,e9ae504c3384abf9717bd49aa38b63475898821a714fcf34b6f89d4204a44dc1,1,c5,c5,c234,c234,0.29174906,0.28360376,0.42464718,0.20283007031402292,0.5519850219914145,0.24518490769456264,0.28140803952059845,0.39902569085285716,0.3195662696265443
1798,b70dd1beaf1c8b63a906370978faa8f7bd1bc40ede64b9121c8e3c027441e673,1,c5,c1,c234,c234,0.3986769,0.37953547,0.22178757,0.28477964010971313,0.45521819523882506,0.26000216465146175,0.28745169820973926,0.4261949301257159,0.2863533716645449
1800,16b7a6ea8d71b07e5f6889da57b676a49c0c59ce2e7bb2fb69a51c498a4d7752,1,c1,c234,c1,c1,0.29771057,0.35409218,0.3481972,0.6024450492530168,0.28192371509088365,0.11563123565609952,0.49798373609581603,0.3105606547426602,0.19145560916152385
1807,6277bcbcbed5e42087a699f17c123c1023a8ab554ee2fdde8db5008b8a043efa,1,c1,c1,c5,c5,0.4043022,0.35956055,0.23613724,0.31043650958985586,0.26452150981241235,0.4250419805977318,0.29304596538389377,0.292817342838855,0.41413669177725126
1821,5b135047f0ef306a25283c63ce83106972156b7c49842ba955b97ce0c98a8c00,1,c5,c234,c5,c5,0.31080478,0.37444976,0.31474546,0.3622010435831205,0.21798660299789097,0.4198123534189886,0.3585462943216846,0.26639870448306424,0.3750550011952512
1830,27b87b4e0c837a10439467cf8bec9c975b91ad3550c7c03948931071b48d0053,1,c1,c1,c234,c234,0.5083876,0.33894053,0.15267183,0.38198725511629994,0.4517417219738422,0.16627102290985796,0.3621309317196296,0.4453929983329666,0.19247606994740368
1834,ef6a2f4dc20aba2c381253d95bd574bf80fce2eb70e2e09180b1c0051f03a599,1,c1,c1,c5,c5,0.4054267,0.33224964,0.2623236,0.23505988709765727,0.27189280418724465,0.49304730871509805,0.2968962221291205,0.31631789475445365,0.386785883116426
1841,22d07ba65cf61141c586004d63dee16ec7710bda5ddf5bb3c231dff5a0b32040,1,c234,c1,c1,c1,0.5315598,0.21627411,0.25216612,0.4551288331298906,0.3866951484903876,0.15817601837972167,0.44921162625112454,0.2936033471659545,0.257185026582921
1855,2bf854c1be82c2497f0c814a82fcdc15fe68b6b4d55528c37f66178adac8c366,1,c234,c1,c1,c5,0.39193824,0.30598807,0.30207372,0.3813612148500554,0.24172269543529365,0.3769160897146509,0.3579085849867266,0.2788190740177494,0.3632723409955239
1867,2e4d05856f1ab1b448e80cf8f51fde5c1b41080f7804c73eb4c7eb8dc38e7ba4,1,c1,c1,c1,c1,0.5622049,0.34182438,0.09597076,0.4490278470521814,0.264931598286118,0.28604055466170064,0.37472164339460157,0.3043360834656084,0.32094227313979
1874,b0d869153f1f36cd55f6e372ac2f20d634468e4e0d5354cebfec6c86bc1300a7,1,c234,c1,c5,c5,0.36867484,0.34410304,0.28722212,0.3006560926440061,0.22142933609196536,0.47791457126402853,0.31687723572257065,0.2951484852013069,0.3879742790761226
1881,562d29ddfaba2fcb67897784512b086063c04d213b0f1dc0252a389936482ba5,1,c5,c234,c234,c234,0.37207183,0.38026714,0.247661,0.22641263199588008,0.5106022196237636,0.26298514838035614,0.2827721556406237,0.4581416001228681,0.25908624423650833
1889,9303aa6b22a6b1d2def07e8b9a5dd86f22b3f25423d3c2baa0c72d6ee7cd04f0,1,c234,c5,c234,c234,0.31977153,0.32423738,0.35599113,0.33961337695153543,0.453532754100523,0.20685386894794144,0.35017190658589903,0.3629315363263762,0.2868965570877247
1893,4be13cc2b6e0256b85bab3a55e75a02857c6e4446e1be878cb5de50742726a0d,1,c5,c5,c5,c5,0.24680924,0.27144185,0.48174885,0.13607819117934483,0.19733815856844114,0.666583650252214,0.21806085236436049,0.27805272092357547,0.5038864267120641
1920,f84aecb298954ed364dabf453c47335618552bad579755566f11ee505deefd5a,1,c234,c5,c5,c5,0.3392772,0.2932251,0.3674977,0.22327078397809402,0.26078473028906973,0.5159444857328362,0.22882965837471428,0.3139365798368905,0.4572337617883952
1938,139bfde76b873fc5ee2c5e1c02ce583f70f80910a6ae52ed4fc97fbd36e90318,1,c1,c234,c5,c5,0.28963444,0.39477378,0.3155918,0.24875144223083442,0.23960148285887578,0.5116470749102898,0.2646968596573428,0.285494968188469,0.44980817215418817
1939,487c13f48103a03491a846e05a17453093db39a2ee360d4cc9ca5a0942e2c2cb,1,c234,c1,c5,c5,0.4240637,0.28739345,0.28854278,0.318045847828733,0.20860549939939052,0.47334865277187654,0.3128285848996608,0.2554956253285921,0.43167578977174703
1942,3010e2590a8e7260c314292de3ad323212893092609759c2514ae6be8c0f47b9,1,c1,c234,c1,c1,0.37627125,0.4007624,0.22296639,0.6544992303808372,0.14471945055293145,0.20078131906623117,0.4315769844569727,0.27665905263014223,0.29176396291288503
1969,e4dd3b234af7bdaed37a98f90300ff09b860048ab6257dd2497b9fcc4b078e72,1,c1,c1,c5,c5,0.4458446,0.2667942,0.2873612,0.3382171889312546,0.19151323008657953,0.47026958098216587,0.30882064067803044,0.2327125864665151,0.4584667728554545
1982,8c92a35c388095780a3df546a5f66db558e50b85901508d88a9a98bfbad213e5,1,c234,c234,c5,c5,0.29592848,0.3530907,0.35098082,0.20979923392258903,0.20744745935277265,0.5827533067246383,0.239951799518399,0.254618383413183,0.505429817068418
1988,5c327132f7d7e5b8fb1044ad5cfd5d5cfe8bef33e6a1679664437985795fa845,1,c234,c1,c1,c234,0.38235313,0.31047887,0.30716804,0.471082004721434,0.33969385104715155,0.18922414423141437,0.36133086333459424,0.3767004676572002,0.2619686690082056
1990,015bdb1f48176a9b85034df6b6486614cfa2b06bbaa1568e2aa6f7b15a724fb0,1,c1,c5,c5,c5,0.15823859,0.4113901,0.43037134,0.30091742585917447,0.3133977791795373,0.38568479496128827,0.289702450817943,0.3445115573046911,0.36578599187736605
1997,47bf77b78ded6720a19b07577e4420246ae769c6e229b9f8f5cb72e20f484631,1,c5,c5,c5,c5,0.09192404,0.24849968,0.65957636,0.3137073135372881,0.2709374493569958,0.41535523710571604,0.27517816903047304,0.2810834970989757,0.4437383338705512
2001,d36d5f9b55cfc5874783dca2c84b05a11e678f46ea7d3ac9748b98a887f8d1a3,1,c234,c1,c5,c5,0.5217659,0.30414706,0.17408703,0.2096130758285379,0.1878581211385308,0.6025288030329313,0.32284599656113633,0.26284133482498895,0.41431266861387467
2005,28f55ba9705bdf316c071004def80f79b8360922d76db06b4fd19e163d1d1d4f,1,c1,c1,c5,c5,0.42249975,0.26211748,0.3153828,0.29041860520615376,0.18453240371876414,0.5250489910750821,0.2868060051876996,0.27747044151958755,0.43572355329271295
2012,c63e1b3ca4aaa1eee2d2756e7e7dd6038fa0ec2fd2f1e222e93ff27061002cbd,1,c234,c5,c5,c5,0.21518785,0.34371847,0.44109365,0.251039887764159,0.27292110610418163,0.47603900613165934,0.2581871538032471,0.30168038523527013,0.44013246096148284
2017,6c832b1d3309fbc1c8c5d3ab57dab48350725545e11466b1d677043995260b85,1,c234,c1,c234,c234,0.4573241,0.4044124,0.13826355,0.30049845747496706,0.49558475842303124,0.20391678410200176,0.2953320250612091,0.46181419484007197,0.24285378009871905
2037,426a107f14c566abca6fcfc1237adb2ae36743f06e14e73ede4eb9a507a8bd42,1,c5,c5,c5,c5,0.18085863,0.33936667,0.47977468,0.12212824315682107,0.33876827973821405,0.539103477104965,0.21005882525634292,0.3659086217814963,0.4240325529621607
2040,ba6e2e1649f22a5b04e86c02a4cdb2ff81dacffb35949212322e179bc0fc681e,1,c5,c1,c1,c1,0.516739,0.28785178,0.1954092,0.6471589249013425,0.18118196359091834,0.17165911150773908,0.42515097757970743,0.3002674649145621,0.27458155750573054
2045,3f2e242086cab012e63f64c184fd3ea29ae11cbb22e0a91693c1ba0d4ffd1b1e,1,c5,c234,c234,c234,0.3090138,0.46478564,0.22620058,0.2174628664117442,0.6234478216452847,0.15908931194297105,0.29336056475498523,0.46699322928642073,0.23964620595859398
2069,7eee7a60b8b1a19811036105962ea17bd04945719081bcc45c5c7a345b888765,1,c1,c1,c1,c1,0.5321284,0.27960682,0.18826477,0.6471589249013425,0.18118196359091834,0.17165911150773908,0.42653968467338943,0.2938581852761577,0.2796021300504529
2076,46f8452b9733fd10a15bcef6120c2d087ed503fbeae686c8066523de1bba19c7,1,c234,c234,c234,c234,0.21118025,0.40158653,0.38723323,0.2838096729359259,0.42314141824598933,0.29304890881808465,0.27649666527543726,0.3653290577826672,0.35817427694189563
2080,ef18f5a4084009ead0ac3c560c09e818de1886c9333e017fba640aa27bd67bb1,1,c1,c5,c5,c5,0.30824512,0.2177371,0.47401777,0.3660550812780092,0.15750126759129804,0.47644365113069265,0.32282594972763784,0.20035190023257962,0.4768221500397827
2091,a214b2ed8983931225f67d5093a84e7b178299bb1d3e94ee788c8112c74525ac,1,c234,c234,c234,c234,0.25058055,0.3899281,0.3594914,0.15681885203223916,0.5282512785333402,0.3149298694344207,0.19406910157211915,0.5049027214705574,0.3010281769573235
2104,cfe2d65e93ec555938593b0d5269739c18f43010916d676ab994d404d70b8cf3,1,c1,c1,c1,c1,0.55091363,0.29669446,0.1523919,0.4567950501508629,0.2890308158337001,0.2541741340154369,0.3548009682980517,0.3239209084320168,0.32127812326993144
2106,435fd432871e712cd4009e54e3fc08a1b5a12009795ccedacb23d498d44c7031,1,c5,c1,c234,c5,0.45269316,0.2561968,0.29111007,0.32210017273093494,0.424826340441156,0.25307348682790903,0.2533611459957799,0.3136388886346637,0.4329999653695564
2115,81e1044484bb22c8f51affd61caa4b51e72e4ef9dda5c952c6c802ddf315128d,1,c1,c1,c1,c1,0.6441929,0.22436129,0.13144585,0.5175683924680287,0.3999738576423932,0.08245774988957812,0.5305326126378361,0.35469281585006107,0.11477457151210282
2125,7d2ba5059cd80bff413a4695fc9db3f6ee8adb81889d1b105f461492b56e853b,1,c234,c5,c1,c1,0.29666144,0.3124168,0.39092174,0.5075917964576757,0.1852896486993353,0.30711855484298894,0.442274798474641,0.23028603513558113,0.3274391663897779
2126,0ede8d14ab12ec96ebc47e36bcc930040bd79b1a8bc0bb4cc826b1c185e5ca38,1,c234,c1,c1,c1,0.4133102,0.38580424,0.20088567,0.5135429355274281,0.36943957239658504,0.11701749207598672,0.43869351919641464,0.3762795233199016,0.18502695748368383
2133,c472fd009370b034a122bdf328dba5993e12b3dd890f64289b09dff4fda4cc95,1,c1,c5,c5,c5,0.08757626,0.22780365,0.6846201,0.11317479009707604,0.3879576872277761,0.49886752267514795,0.18367474397248862,0.3188581678401031,0.4974670881874082
2141,be6f8ee2a8eb960196f3a4377911b8cb8044cd76bcf4e0d6dafd57b68cc30d7c,1,c5,c234,c5,c5,0.23723668,0.38688445,0.3758789,0.25276989713684933,0.3579722463294385,0.3892578565337121,0.2821766780037972,0.3106552861271544,0.40716803586904843
2146,a98b0674743351fa06c6a2ffdaff0f5ea827f09f562eb940db9fa74d4ccd5544,1,c1,c1,c1,c5,0.41040912,0.34179783,0.24779306,0.41977931721319167,0.32392645131067266,0.2562942314761355,0.3250633156817676,0.323032941949381,0.35190374236885136
2148,412a496b4cc1ff83c04ce672cb4b2c94c72d6d60bfec2852b8251dcb047b7eee,1,c234,c1,c234,c234,0.376968,0.34121445,0.28181753,0.3665174950864345,0.5232707489790067,0.11021175593455868,0.4001424168061945,0.44211401156451585,0.15774357162928965
2157,139669c90d7be41140ded3d1bcde5e529c293b3e4968e016821f357fe3fd7bab,1,c1,c5,c234,c234,0.1398765,0.35479057,0.50533295,0.34056324335253896,0.3987462443278146,0.26069051231964646,0.30909584669816476,0.3591197666783718,0.33178438662346343
2160,30f54eefb8e07b7512e585732f85b5b3ce0996539f25cb2f4bc63e1df1d49f26,1,c234,c234,c234,c234,0.3381731,0.3493069,0.31252003,0.16978465971703705,0.5611752648740669,0.2690400754088961,0.2577320153256962,0.42597897077438285,0.3162890138999209
2165,2a9798c30212d207a62124adcfe66756bd4ae257059e1a077240f8080fbe7032,1,c234,c1,c5,c5,0.3717304,0.30043954,0.32783002,0.32779471386201886,0.3131655300018236,0.3590397561361575,0.3026064984539025,0.3158387117604978,0.38155478978559976
2194,8a5771fb015f40ac78f5ae1d9d3154745f6ecf66113203a553b0bc44ff862fe5,1,c5,c1,c5,c5,0.432088,0.31199694,0.25591508,0.2626407337131128,0.19624391764373422,0.5411153486431529,0.2906166117692784,0.31368400114208356,0.395699387088638
2204,d30f6bb51627c249cea7c47e1ae063bdd00fe66270cc41317024e4f8ff1a425b,1,c1,c1,c5,c1,0.37104553,0.28835875,0.3405957,0.37832158312093545,0.19300742842571045,0.4286709884533541,0.3963242426681542,0.2915851481492796,0.3120906091825661
2208,0ad887c83c359dc99cc3d6991d0a2f2c590b74a45df760c6a99b6671fa689f1e,1,c234,c1,c234,c234,0.45572755,0.35849857,0.18577391,0.32319856622180454,0.4538125243151784,0.22298890946301703,0.3425855010860732,0.4272218341280768,0.23019266478585007
2209,a2ab31f162a65c17d8aba06b6346119ef8ce216d4aaea4fe956a316223b452bd,1,c5,c5,c5,c5,0.19175115,0.38170695,0.42654195,0.20811218407201196,0.37481776789782967,0.4170700480301584,0.2033422495807648,0.29772285175502755,0.49893489866420765
2211,c2b0e5c83ff326e60274b46675122c9bf4d3967abeff96ab2834828102641d90,1,c1,c1,c1,c1,0.39338937,0.34020093,0.26640975,0.5779703978891885,0.23804069227470886,0.18398890983610258,0.4356867563573618,0.30462080777487016,0.259692435867768
2214,0fb07021d8537d48884120c05483446c9b7f62369873d8f362005be4802d3084,1,c1,c5,c1,c5,0.16982356,0.30536327,0.52481323,0.4099779945516231,0.30387031970267075,0.28615168574570615,0.3051059160528287,0.34414849853194757,0.35074558541522366
2216,fae0d16e804ec5c509c35c42456a9e96518eae40fd59ad9a6549bf9599d0979a,1,c234,c234,c234,c234,0.30597654,0.44861746,0.24540602,0.31124053032089877,0.457186525072179,0.23157294460692218,0.28106650535071026,0.44504321666355,0.2738902779857397
2226,dfbc2909c5040b4dd305149970a3a4c8cb43f2e426473d23ac39f9f773a8db0d,1,c5,c5,c234,c5,0.09490005,0.24507199,0.6600279,0.07334731593118604,0.5198487774096219,0.4068039066591921,0.11840769418173733,0.4034207011651407,0.47817160465312186
2232,6299ef9b13065455dd6813746b455fa07992d7f0b0ad4c84c541aa283fe05055,1,c5,c5,c5,c5,0.09023216,0.31398806,0.5957797,0.11218882656190893,0.3448299667717191,0.542981206666372,0.18464702289915597,0.32838399051686684,0.4869689865839773
2244,80add6952572cf00ec1b7a11c1d770d90b859fa774bdc5076e0969401db14d50,1,c5,c5,c5,c5,0.2818372,0.31480828,0.4033545,0.1611131083382237,0.4042292062625236,0.4346576853992526,0.2501772356339387,0.3231382219734484,0.4266845423926129
2250,696c02b58f7b4bd2117683d5868fd090c87c4d01c7629b56076e502adb40481e,1,c1,c5,c1,c234,0.20480534,0.38030595,0.4148887,0.48354094175402534,0.24549075994609346,0.27096829829988117,0.31321422879078903,0.3812460483440493,0.3055397228651618
2265,931776037dba503cd38c6f602b6734518a8faede677bb554d7a7cfa0074209c0,1,c1,c1,c234,c5,0.4256752,0.2811669,0.29315782,0.24831220023904138,0.3816657436724698,0.3700220560884889,0.3038142827283813,0.3232318897695457,0.3729538275020729
2281,23e12616a412e30d5769244cc43688ddacd2019f10accd72a11ab5550e339057,1,c1,c5,c5,c1,0.23501892,0.36535993,0.3996212,0.3326946346490449,0.3146410496133713,0.35266431573758383,0.36058544982148194,0.319260362354811,0.3201541878237071
2284,931776037dba503cd38c6f602b6734518a8faede677bb554d7a7cfa0074209c0,1,c234,c1,c234,c5,0.4256752,0.2811669,0.29315782,0.24831220023904138,0.3816657436724698,0.3700220560884889,0.3038142827283813,0.3232318897695457,0.3729538275020729
2299,64d15f89530055e627c39ae914cb1eb34ce2c250dd1dec89abdb17f73b041ab2,1,c5,c5,c5,c5,0.15297857,0.3332056,0.5138159,0.19949172244264496,0.25887005664997526,0.5416382209073798,0.20367663895581434,0.3033431693180836,0.492980191726102
2310,ddf5cddb3ae99ad9bed9e8b86c1daf8dbcf9804e7eb558d63388303e25f878ca,1,c234,c1,c5,c5,0.55291563,0.30511114,0.14197323,0.2305642464516353,0.1831723326992843,0.5862634208490803,0.23874026702113008,0.26006895311526995,0.5011907798635999
2322,5234015ab07377d4a87ba5a204dee9363b71494f9fb49ad9c87e70543d64a74d,1,c234,c234,c234,c234,0.33205014,0.3388936,0.32905626,0.26002101039977754,0.42069488450518805,0.31928410509503435,0.264425131354085,0.393121500074351,0.342453368571564
2331,98e87aaa4c3eb7de1e4e648f329156d24691a7597ed1cfd9ddc83a73d861146d,1,c234,c1,c234,c5,0.44397095,0.27245507,0.283574,0.3168863674510026,0.3599355808809198,0.32317805166807767,0.30159187347812233,0.29056516215231676,0.4078429643695608
2334,1b9787d9c078ded8f8bc0a1f34fef2f4b55f67d21fa21cb04432939c77773e12,1,c5,c1,c234,c234,0.47303593,0.345989,0.18097512,0.22041928211724293,0.5055581453927005,0.2740225724900565,0.23391347748679403,0.47024808841209276,0.2958384341011133
2336,acd8d4165129c14be68a2994ae4466cb96f559ac3728fd4dd9d0000c324fc241,1,c5,c5,c234,c234,0.24925278,0.3014372,0.44931,0.2882581430127127,0.512253933131581,0.19948792385570627,0.2988167193804333,0.3956529476401061,0.30553033297946053
2337,6e81b676721de3351cc80784d4d7a3403065c46cc157d961f6d8509e7b7b06db,1,c1,c1,c5,c5,0.43608865,0.3549081,0.20900327,0.2294745397502014,0.2977175386283395,0.4728079216214592,0.2849215681150653,0.2954483231332232,0.4196301087517115
2351,3c533ccb27b95a9ee6654fd772669983ccc80e9e0020a4f4f90a20d606c201a9,1,c5,c5,c5,c5,0.19788827,0.17744605,0.6246657,0.18085089329492712,0.2738793976558816,0.5452697090491913,0.22514304858544373,0.3008056992366056,0.47405125217795074
2354,08e8590df2b767d46dea88d729d25dafbe4d7dd4d7927b0102cac6ef20618fc4,1,c5,c234,c234,c234,0.22764243,0.41515678,0.35720083,0.1467436323155666,0.4979910548691222,0.35526531281531126,0.2287800685393774,0.39096248735993366,0.380257444100689
2356,415bcde0c40edb3c780a662b2123ceb13de800db020cb6079d0e8260a4ba76bb,1,c5,c234,c234,c234,0.23289837,0.39591715,0.37118447,0.15691646834631046,0.5953566642824324,0.24772686737125713,0.24805621393387695,0.4119409971148574,0.34000278895126557
2381,7b47a95ff6bd8c3c2e18e20b652e49631f9a8876db59469071165c5b9015944d,1,c234,c234,c234,c234,0.1256059,0.47281212,0.401582,0.16319499935220977,0.43537771660676844,0.4014272840410219,0.21419603239195587,0.4503690945593426,0.3354348730487016
2408,13ec6c439e1c240daf60b50c5a138c94e183da2f157250f3565cff071df94caf,1,c1,c5,c1,c234,0.162485,0.3930478,0.44446725,0.4103303720936095,0.3831722393948163,0.20649738851157418,0.354195203835432,0.3544436264912087,0.2913611696733592
2436,accbb738fb27386d69cf5464bd2aca556c99d95927e1858912580ae9b799f149,1,c5,c1,c5,c5,0.39431056,0.2716924,0.33399704,0.36902204124494803,0.24505680782903172,0.38592115092602025,0.33445303972980356,0.2835549044396408,0.38199205583055557
2442,0fdc2f855f0e02b60e5b0fa1b57a669a0727a50316dd23703338be6a744cd7c7,1,c234,c1,c1,c1,0.45611307,0.33711872,0.20676823,0.3872180052989216,0.3538947476827578,0.2588872470183205,0.39192171231998557,0.3531283049055417,0.25494998277447267
2447,06c5c851702d44a2a7c4906e3f01023d42d8d874e64e37b3132d117b3b3cb341,1,c234,c5,c234,c234,0.103161804,0.32535654,0.5714816,0.08447818925396097,0.5211512998856853,0.39437051086035374,0.14177707621690452,0.4377192308130491,0.42050369297004636
2453,2dfa0cec8ac33717098d5354a9123e0f754e7a7dd6bc5ea7781517a124e9c35b,1,c1,c1,c5,c234,0.5311121,0.3074966,0.16139135,0.2843230996032931,0.28871394279052776,0.4269629576061792,0.295151631934363,0.3926580848912082,0.3121902831744287
2456,2a0246db44e63203c83d891c5016bc2ad738b64d4b30833486fa1d25ef004aa6,1,c234,c234,c5,c5,0.28953502,0.35570022,0.35476473,0.2244474520621748,0.3200970404260186,0.4554555075118066,0.2662740598295149,0.3185958004042168,0.41513013976626834
2476,a57527598d9198369eb93bb622d7913c5ce38364d55192847a2668e3bb2ae508,1,c234,c5,c5,c5,0.19862421,0.37227365,0.42910215,0.29780123657809177,0.22160545690344063,0.4805933065184677,0.29138505092443967,0.29497458982282687,0.4136403592527335
2478,fe7dcbcf1084ffdad4cb3d2fdca1346066f9b2a49babaa7275b8c3cf5602a3bf,1,c1,c1,c234,c234,0.61199003,0.3046476,0.083362326,0.4118341423968306,0.5336382144582956,0.05452764314487377,0.4029904569549366,0.4636226455039196,0.13338689754114388
2479,d0f2707b01ca741565e9ad864fbb205d04bbbeb2dee2f49ca88bf0e15e6c9428,1,c234,c1,c234,c5,0.46529293,0.37787992,0.15682714,0.1448862753012603,0.45630841702666597,0.39880530767207384,0.20234373955788854,0.39088136815745467,0.4067748922846569
2497,3942b7f14d560855aba66cf8b9c9f6669ddedea4ee1dd6dbfdf730cce9154ab7,1,c5,c1,c234,c234,0.5361652,0.36302826,0.10080648,0.31208935233933877,0.505529915689432,0.18238073197122934,0.2999682485808069,0.46330076806992754,0.23673098334926548
2515,283f7fbfb10e87cf1eefbe7b425650d1c05c78d652c7d05c7ef42f7b80c4d76d,1,c1,c1,c1,c1,0.45919645,0.3748692,0.16593441,0.5262548622057563,0.24017276474996524,0.2335723730442784,0.4472915085838781,0.2987552891384506,0.2539532022776712
2532,ad1ab01be235ffbebef42ffc6b35db87891123429c704724d65fd64bb8c9154a,1,c1,c1,c1,c1,0.50691533,0.31933817,0.17374651,0.5648112384767744,0.14211364704332097,0.2930751144799046,0.5441915760577234,0.1962506426911258,0.25955778125115075
2545,ae95e82cb43734076f1c292ac794fafc53ec9459cbd88de09f667ce4856ff856,1,c5,c5,c5,c5,0.07113173,0.24479139,0.6840769,0.12732986433110302,0.2809229709169298,0.5917471647519672,0.21708612977616262,0.3155791786569338,0.4673346915669036
2567,9edfc538b6a177dafe2f0fc659f123a576687c40eb20b7e033588cec560bdad5,1,c5,c5,c5,c5,0.31740537,0.31864497,0.36394966,0.15818392080379962,0.4018108185286685,0.4400052606675319,0.26116821130474294,0.3674666711814614,0.3713651175137957
2584,6017d0a0ea4112ebe2eb060425a138b3291d8d6476e424dafeebccfe84211eaf,1,c5,c234,c234,c5,0.28042555,0.41275927,0.3068152,0.17673726741416257,0.4344917897231741,0.3887709428626632,0.23074169546436696,0.3809976130997605,0.38826069143587266
2596,8c25fa4f03c4621a1005ef7d637d714c613ee32a9327e989f8c8e06400af14ce,1,c5,c234,c1,c1,0.21606828,0.44296336,0.3409684,0.636473989448249,0.18926889250740336,0.17425711804434763,0.3973134299230567,0.30346434227634383,0.2992222278005994
2598,c968dfb74204bdc191fc89271aad744faa5e3509d1d9730f203d3f9e31ada35a,1,c5,c5,c234,c234,0.1585711,0.39245465,0.4489743,0.10979287581227609,0.7110213079938863,0.17918581619383744,0.20790232632770053,0.5198714149589325,0.27222625871336686
2606,3e10cdf6aa17bc0b2350f998795753eeaede635d2b7e76aca3a834097f8d9918,1,c234,c5,c5,c5,0.17029922,0.3138981,0.5158027,0.2395196044585031,0.2815724239879189,0.47890797155357795,0.26151825659739014,0.2941570110219354,0.4443247323806744
2610,c2ee70d0b6632cd04c1efd8b76197c968dfa334496be49af8bb14e57d3909005,1,c5,c1,c234,c1,0.5208353,0.22390161,0.25526312,0.45558630819592727,0.47927443237285045,0.0651392594312221,0.5025387848748087,0.35154245603136264,0.1459187590938285
2619,87bc123af43fca70e76312a5176189e6e4d1318ac2bfcaa594573e4810c6353d,1,c5,c1,c1,c5,0.41176686,0.26894674,0.3192865,0.5312676629589891,0.20229769986602114,0.2664346371749897,0.3456273796751985,0.2669805657674026,0.38739205455739895
2623,6277bcbcbed5e42087a699f17c123c1023a8ab554ee2fdde8db5008b8a043efa,1,c5,c1,c5,c5,0.4043022,0.35956055,0.23613724,0.31043650958985586,0.26452150981241235,0.4250419805977318,0.29304596538389377,0.292817342838855,0.41413669177725126
2624,c801caa9a0db62cdcfdc94cce5c931ffb3091b78b9025490c052ad2b3d083fc4,1,c1,c1,c1,c1,0.44512874,0.4047752,0.15009594,0.610906827771464,0.15223073687534613,0.23686243535318996,0.515464955163627,0.24891085816423117,0.2356241866721419
2626,7af6e8abbcdaa040a7dfd6051f08841b5a32e53ea7768f4e9ddc697f937a7027,1,c5,c5,c5,c5,0.22217517,0.3168726,0.46095225,0.17701773990732275,0.1694741220064991,0.6535081380861781,0.25556848261522613,0.23905533701962275,0.5053761803651512
2640,a245414f6f1308408b40c9b9c24f47f4177c3022d56d3f7e4ac2f4340d3ab4e7,1,c234,c1,c1,c1,0.39897215,0.29156676,0.30946115,0.38912285617872544,0.27172761467782136,0.3391495291434533,0.3772573507563475,0.27238186020500615,0.35036078903864637
2646,3e36c320be4f670a801f1a2e1136370617fa64c3fcf41b8ee3bd7f8bc21e6f1f,1,c1,c5,c5,c5,0.19962819,0.28599244,0.5143794,0.25963793207289265,0.3566573356350959,0.38370473229201146,0.2718377728960359,0.2863875926537086,0.4417746344502556
2647,c48ba1e9ed03cd3f88f207b02cd7880cb58e46614831d3e848a1584c7207df97,1,c5,c234,c234,c234,0.28126997,0.42117557,0.2975545,0.34764033863903243,0.42258956489197846,0.22977009646898902,0.33656959006634884,0.3706510017484931,0.292779408185158
2674,45fc3b9f52dc76a9bb0f630c1307c224ee35c2b303028daad984488e717507dc,1,c5,c5,c5,c5,0.07264838,0.31329113,0.6140605,0.06410407162939814,0.15217757418292827,0.7837183541876735,0.14560134858153437,0.33846802650100777,0.5159306249174579
2675,604746ef0cb6eb31585e901ee1a51e03170e17251d554d65863036e0fab60377,1,c234,c5,c1,c5,0.17302991,0.3440522,0.48291788,0.39147778566230645,0.24013290514683316,0.3683893091908603,0.2750500080994093,0.32145460486758637,0.40349538703300425
2686,08942a8b7ce3f5cd026f7c755c77816c5df6877c3ef3c20e4db109388d7c5fb4,1,c5,c5,c1,c5,0.13358703,0.26366872,0.6027443,0.36917354790989815,0.3498281744669469,0.2809982776231549,0.3102592838371574,0.3300419335395376,0.3596987826233049
2693,ed444d2b7c4cbb05cdbcf9597d0dfc47bd6a825df848693ee37ba4f8c35c0af9,1,c1,c1,c234,c234,0.3922169,0.36404383,0.24373923,0.3045349770827321,0.4969471284796181,0.19851789443764978,0.38490854482806086,0.3998242962583878,0.21526715891355136
2695,443ee80e9e8dd1ab37ebd662fde4b2225936c7132a5ba682a91ed30330305820,1,c1,c1,c5,c5,0.4807731,0.24791576,0.27131107,0.38870404491502236,0.19281136191384912,0.41848459317112846,0.3639542055198908,0.2172431373080309,0.41880265717207826
2714,891d6144d1af400deb32c3b07d4ea294683bf72e9f5fbb76ea910b4865711e6c,1,c234,c5,c5,c5,0.19212803,0.3715298,0.43634215,0.2215277469813422,0.30077531193667995,0.4776969410819778,0.29445831182196835,0.28717279348950053,0.41836889468853117
2716,aa8b0eb6b9d81f06670a7dbef3ed4188c4350a37b6f7b6c44ec90282682c34be,1,c1,c5,c234,c5,0.24364989,0.30461723,0.4517329,0.2159815875527392,0.4830563305092854,0.30096208193797547,0.2728492757930761,0.33328968338678605,0.39386104082013773
2730,76df88251d484e75ad831265d4e324857f274410c364ebd6e09f70ce56187e87,1,c1,c5,c234,c5,0.27726668,0.3023254,0.42040792,0.36066861505486,0.36190404721869845,0.2774273377264416,0.31701001784284516,0.33726150293923496,0.3457284792179198
2745,edcc942488501cfe1083a1eb9f8c14eb6c4c9e6f926c3a7c6c7827c3b5faa857,1,c5,c1,c5,c5,0.3830801,0.270111,0.34680897,0.15119210420625975,0.28635404807466164,0.5624538477190785,0.2255168481409591,0.25582393623683725,0.5186592156222036
2748,64001bf75ed7316551a75c4a8dff1d7b574f3f6258266480da05efb6c5184738,1,c1,c234,c234,c234,0.3520222,0.38693416,0.26104367,0.28985582501349527,0.46691920534392234,0.2432249696425823,0.31362878608268735,0.4182407345683348,0.2681304793489779
2750,af2d61fc16548d6f6a2fdf1de136dec105c5003cfcecab28a0e47e1b95151376,1,c234,c234,c5,c5,0.14454079,0.45823944,0.39721984,0.10122040584160105,0.44203931281002484,0.456740281348374,0.16999707613848444,0.3673203427991612,0.4626825810623543
2758,ebf80d931606477b6d86509db3ab1c08702111a6f2b50b5752358e8eef03a05c,1,c1,c5,c5,c5,0.14357963,0.33178467,0.5246357,0.10468039392801372,0.2781261076151552,0.617193498456831,0.17325583216592275,0.328360436709004,0.4983837311250732
2764,c0129635bc5762a238086a532e9e5eb55b141a7b73d4f2635edf71b7817d85ca,1,c234,c1,c1,c1,0.4192645,0.37893716,0.20179838,0.4040474576505826,0.3883481513996425,0.20760439094977487,0.4293933415385509,0.30191999230535604,0.26868666615609293
2765,736684afe7e6da8115973110d151de366ab750e44fc0209b910359c31e335ec3,1,c234,c5,c234,c234,0.07459824,0.32075566,0.6046461,0.12628407908941575,0.6659941563614988,0.20772176454908536,0.17780974758193172,0.559085599343304,0.26310465307476427
2770,c97655a7740599ebee9758154a4ca012946b7d11f579030883a9e1fca67e25a2,1,c1,c234,c234,c234,0.35312742,0.36964676,0.27722585,0.25231378613822103,0.4679604108203188,0.27972580304146,0.32551443490953835,0.42439589766643226,0.25008966742402927
2779,25aebf8b75760b31cb756fc28defd784ced10b5e82b068c3002a0f1b9275110a,1,c234,c1,c1,c1,0.6952112,0.21943434,0.08535441,0.5523997877302396,0.36403991938714814,0.08356029288261235,0.5561326591899755,0.3017941174490309,0.14207322336099362
2790,dec1a824feb00f5ddf1d973de2e2ef6a946dbe4cce0f1cafd2a9aada0e81a934,1,c1,c5,c5,c5,0.2504556,0.3662803,0.3832641,0.2735701438605557,0.35210991229467486,0.37431994384476935,0.30397872238860113,0.3411844083332961,0.3548368692781028
2792,65fc9bdee6ba9ffb7bfa9015c866bd4fe32498f3c6ff7a914482a5dac3eb6c87,1,c5,c5,c1,c234,0.19779672,0.32648695,0.47571635,0.4257147910312198,0.33947140192780567,0.23481380704097443,0.3310328252141645,0.3784932821140785,0.290473892671757
2802,606edc4f0980804b347b8dd950a4f73762b2bba073a022f18fbb77c04ac16283,1,c5,c5,c5,c5,0.21535878,0.31956366,0.46507758,0.27099781113802995,0.22071096141229854,0.5082912274496716,0.24742709106954786,0.275119364868316,0.47745354406213614
2808,ec6891a07397db88705afcc97877fe097e53621f603bbd02cf9fcc0e90046388,1,c1,c1,c5,c5,0.3408933,0.3350479,0.32405886,0.2056141270678496,0.19787812940830662,0.5965077435238437,0.2524502775792302,0.23223458357877175,0.515315138841998
2811,44e0e8c11089cda2035e7473cfadb4ec56f0c190e04dcf93c28e68ecb5a5f8dd,1,c1,c5,c1,c5,0.3126241,0.2888296,0.39854634,0.4004753469391816,0.22548493625627944,0.374039716804539,0.3151405724611894,0.2773899099559762,0.40746951758283445
2816,dbf67d2415f5b4af67324159e46ce7555519ce6aa85eac4628f9ee57b3faf6d0,1,c234,c5,c5,c5,0.16897388,0.23631814,0.59470797,0.3587211855893657,0.16160184976184555,0.47967696464878873,0.2947701176370002,0.2643486350398905,0.4408812473231093
2818,eef8f9ac29a5267f62be99d43f318c87758568d262fe2184c1461bcb53065981,1,c1,c1,c5,c5,0.54168564,0.25987244,0.19844182,0.2392076399845524,0.31887620039295045,0.44191615962249714,0.3391593367299499,0.3032093201983875,0.3576313430716626
2822,edcc942488501cfe1083a1eb9f8c14eb6c4c9e6f926c3a7c6c7827c3b5faa857,1,c1,c1,c5,c5,0.3830801,0.270111,0.34680897,0.15119210420625975,0.28635404807466164,0.5624538477190785,0.2255168481409591,0.25582393623683725,0.5186592156222036
2823,20794bebdcb1833731df6ab0221adcef55aa5563cbf694ee4f75ed1392ff0272,1,c1,c1,c5,c234,0.40822637,0.3956939,0.1960797,0.31257851718348884,0.27436214169565043,0.4130593411208608,0.3258043793527047,0.3566316991333811,0.3175639215139142
2825,b79ba50dfec8e6e80858f5c1c6dda5b2713e396a065cc3c0f6e0d55be7debc20,1,c234,c5,c234,c5,0.35619527,0.21148442,0.4323204,0.2933405761146251,0.40064389435630066,0.3060155295290743,0.31855660544146075,0.3186066132788104,0.3628367812797288
2830,0bea7a8c936a5c45e5e217f37f150bc0a73243d1ff01d898895ce330ada9b5b2,1,c5,c5,c5,c5,0.11829019,0.34138504,0.54032475,0.0687497525801526,0.3313660376115107,0.5998842098083367,0.11911933542657623,0.3163724460284341,0.5645082185449897
2846,6f32bc639cc502d1b8627bb5068bd197fc94343b68fe834b8d18103b7497bb31,1,c1,c234,c5,c5,0.29838976,0.4436201,0.25799018,0.19590644329839257,0.3092329049533998,0.49486065174820765,0.286160598387322,0.30492105053355567,0.40891835107912233
2855,f7024fa355716cf8c7c833bb06308da0d90089d4a1c0f47f227321ed21b16eb6,1,c234,c5,c1,c1,0.25575778,0.27010566,0.47413656,0.5054736334506582,0.3544766538137908,0.14004971273555103,0.3792576894797836,0.322193233852592,0.2985490766676245
2858,e5bf3dd18dc9a4ffd9e6d2a0fb84058b1fccb7c4f50d7a2dc01ded700fe49535,1,c234,c234,c234,c234,0.31471667,0.46542907,0.21985428,0.12930004461597036,0.6180547663754071,0.25264518900862243,0.17739733715305514,0.4843961267599203,0.3382065360870245
2875,c4773694f05928a3d26f837a310e36f068815cf4675d9c8a5722971d4bda2f7d,1,c5,c5,c5,c5,0.11093441,0.27457213,0.6144935,0.3037134917407904,0.18212281286596174,0.5141636953932478,0.20175877617880364,0.23192948575230285,0.5663117380688936
2883,76d3cadf31baaac9e80abf9c73efd81ae8832ab853cde1d85d13d9e6277d5b63,1,c234,c5,c5,c5,0.15553187,0.24144316,0.6030249,0.12550088268768889,0.4345475030051118,0.43995161430719926,0.21456636625715353,0.3185555574680443,0.4668780762748021
2923,396d051b7a3298aa17487b41b81a0c821004288b3fa10f2c2bb3fe2d733210d0,1,c234,c1,c234,c234,0.3895347,0.36110723,0.24935812,0.312465057749799,0.42369780139371815,0.2638371408564829,0.30734636248864294,0.3890548074192177,0.30359883009213934
2927,9031373e19b373da9f9b3b47a8b1119ba8a81b5215e32e4f909e1537d4e992e1,1,c234,c5,c5,c5,0.09625039,0.27217326,0.6315763,0.1702589482779829,0.1913735104962607,0.6383675412257563,0.19189715946498517,0.26590483300555495,0.5421980075294599
2934,7856e30723cd11e3e895bf76d929cd4167d2ba06c2ec45b6ab732da3e7bc1d7a,1,c1,c234,c234,c234,0.4004817,0.40971363,0.18980473,0.29548500874052236,0.43479176663516483,0.26972322462431286,0.2973375977828045,0.3822250825900384,0.32043731962715705
2939,95e7a5487c006e878b881e0a116caab7d21d1c492eaa341a45b9ea7a528a3fc1,1,c234,c234,c234,c234,0.35910407,0.39634007,0.24455588,0.2549593827896424,0.44667141466167404,0.29836920254868354,0.25585769373609585,0.446062251497742,0.29808005476616223
2942,a1c80736db46f318680a7f47bc637aac6efb8f969fe6b6aa1bf1abe7f2ce6d12,1,c5,c5,c234,c234,0.23964757,0.32754004,0.4328124,0.23200332750464914,0.5404069757297446,0.22758969676560636,0.24460641273647696,0.43696558989454215,0.318427997368981
2948,3fe94ba621c7744b96910520edf9ddfe58c9a7978bae719697bd62a2198790c6,1,c5,c5,c234,c5,0.2108095,0.33479357,0.45439693,0.2560063135565004,0.4150287341952392,0.32896495224826044,0.2905174756773758,0.34870146205939,0.36078106226323414
2953,f93893c793a9a0f364f70e8b14f8fa6d01e60d4a6b606ef524f95c72bac87072,1,c234,c1,c234,c234,0.489881,0.25881562,0.25130334,0.3041172242856388,0.47616315367812273,0.21971962203623846,0.32049157935654965,0.37109854070795084,0.3084098799354995
2965,7718266774c44a5c8ea907b54b9ff5398b1ca66bbc68e7d0263a15122d1953a3,1,c1,c5,c1,c5,0.13145566,0.3083515,0.5601929,0.39987279973231876,0.28751729570378104,0.3126099045639003,0.31088030891680013,0.29501779284533514,0.39410189823786473
2968,92500e667527bf1f66b5f9e020b47ab01547f18c6c685dc9e37c8d8370a9ad86,1,c5,c234,c1,c1,0.36054623,0.4419425,0.19751129,0.4140191051487789,0.272186531862184,0.31379436298903707,0.40187703419458426,0.3331946647297455,0.2649283010756703
2972,f229ee7f8f6e2b04dc744ddecc3510469efb14a4f2a80a98ace428c530d536d1,1,c5,c5,c234,c1,0.33091912,0.28011438,0.38896653,0.3246197484300333,0.35696314949715513,0.31841710207281165,0.34069331989231816,0.32606166960930133,0.3332450104983805
2982,145195e9970595fe5c34b18dab8ba78c3612f47a4d72402fdcfecaaac97f4a54,1,c234,c1,c5,c5,0.3700842,0.311157,0.3187588,0.4044781075706445,0.16705445896510995,0.4284674334642456,0.3463321498258125,0.24407711624341002,0.4095907339307775
2983,de55e8ed43f8c9cd168333a555192c814943bab8daba47f2ae82bbf3fdb2d394,1,c1,c5,c5,c5,0.16519722,0.18740697,0.6473958,0.1569998040517414,0.16148249695583022,0.6815176989924284,0.2301375662355061,0.2088163193973625,0.5610461143671315
3012,5c566081e4864227dcca169f7b61b4d6faedc3604a85de7ee6412eb5fd8fb5cb,1,c5,c1,c5,c5,0.44597104,0.2617566,0.29227236,0.30182842735717835,0.2501747401871088,0.4479968324557128,0.22340173798672283,0.3100722958533202,0.46652596615995706
3013,12989e1f82055f9940fd4d63cfc5bbe3d933e4fef05ec480effb21a4f298c783,1,c234,c1,c1,c1,0.45110667,0.29448897,0.25440437,0.47859295697580895,0.30240960263324185,0.21899744039094918,0.3994189203242802,0.3303836662688236,0.2701974134068962
3017,b027aa64a6d91194b02b35c0e6a8924b305e5116ad2ab6c3d75061eb9052247a,1,c1,c1,c234,c234,0.3830638,0.3523152,0.26462114,0.37946515466565406,0.3897381411357108,0.23079670419863518,0.3214934155128313,0.34397234131367255,0.3345342431734961
3020,ff3581273ab7fdf6f8e90e8cf4254e6c2ecdd622034ffe056a565925b48c9f3c,1,c234,c234,c234,c234,0.33078775,0.335114,0.33409828,0.34654866930861183,0.4583564191932454,0.19509491149814295,0.33544375298087287,0.3584451988904334,0.3061110481286938
3023,eeb6e92373e788caf3c9f42ae534e72fc19140e47d5fe64d4e12081c0e94a6a1,1,c1,c5,c5,c5,0.31815305,0.25781313,0.42403385,0.25178917313112115,0.27437189021332764,0.47383893665555116,0.2781421291411932,0.2460712829535565,0.4757865879052502
3033,6e4389d4546d0a0b1e6a5860a128170d4e9ff6ceba04ebcf05fad7d25b6e1844,1,c1,c1,c234,c1,0.48961625,0.23025514,0.28012857,0.3744780434543366,0.4378490847118695,0.1876728718337938,0.36157513724541074,0.3196120587341215,0.31881280402046763
3040,6da134fdb3f45cb37c3fdd98d8887030c209f37282af16ab049eef7696cef32b,1,c5,c234,c1,c1,0.3317699,0.35399726,0.3142329,0.4995260685497797,0.2672384354009309,0.23323549604928945,0.40202461074494283,0.2872407029369186,0.31073468631813855
3045,cf82435e1fcbc4e6486518fe42ac843d9829ca49d2fe759c28a32c85760ffe39,1,c234,c1,c234,c234,0.4976665,0.3174232,0.18491025,0.35261661383700804,0.4906367365151205,0.1567466496478714,0.36575519819146785,0.3914528743671812,0.24279192744135097
3046,1774669ebb46098e635a3fd57f9f5a51d48b20f4f263f9cd7c3204f5e3bc9576,1,c1,c5,c5,c234,0.21844304,0.3786319,0.4029251,0.1845146125075083,0.4012899162257137,0.4141954712667781,0.2301426648963877,0.40716059828724965,0.3626967368163626
3047,cc4ea5eb2a45a44a9dc9c5188da39fcd1692bfc1cbc7c812d793883bc8f48d22,1,c1,c1,c1,c1,0.5004871,0.30523524,0.19427767,0.7254581695990349,0.19199739387653325,0.08254443652443177,0.6447937789155769,0.24097606757184523,0.11423015351257786
3053,4947bf83fb62a71ad5d1534dedc12d69ca8585f9460de91907a78f2cdd869d43,1,c234,c5,c234,c234,0.23184457,0.3221814,0.44597402,0.17770578735119083,0.458842580380136,0.3634516322686732,0.2714791587096565,0.3653193821813083,0.3632014591090353
3055,5ec52991274e00dc237d73f2b38f70dcc8849085be2f594bd6352b8aeba9373f,1,c234,c1,c234,c234,0.48488447,0.32804683,0.18706867,0.3465724036697618,0.4146752550418337,0.23875234128840447,0.31937024655657237,0.3940524270551683,0.2865773263882594
3062,5eb97542c337e8752279e23a87ae5887bc6f2ab92e9cf6de35c71c7eafe8c4ff,1,c5,c5,c5,c5,0.11178159,0.3626722,0.52554625,0.17371911449994767,0.3618404563006187,0.46444042919943357,0.20298528589859252,0.35999667034268107,0.4370180437587265
3064,827f651263832a90f6d3a35b1d7dc9303e8ca28ee56ace71380da5003089f5ea,1,c1,c5,c5,c5,0.20131138,0.37832955,0.4203591,0.15388950728081305,0.34871268387183485,0.49739780884735196,0.21570792768315236,0.33758287099428747,0.44670920132256026
3075,5effc927c6deb9d324ff13bf9fca8bdea7ccfbf174a5acf33df602a917175dfe,1,c5,c5,c5,c5,0.21343414,0.25761583,0.52895,0.25331959799785797,0.33726273593120537,0.4094176660709366,0.2342088804702309,0.3092572449185566,0.4565338746112126
3089,e1b67663b688ea60ccbaffc04b0246e7ec08de3f5ea446df16d483469555a92b,1,c234,c1,c234,c234,0.36057675,0.35438415,0.28503913,0.2606795795018913,0.4639816459348784,0.27533877456323025,0.29527113383135695,0.38202793378151617,0.322700932387127
3090,6ea8c2e8353b7740d075d4d5e96e7b59fc581fe51b5329784016e6da5274250b,1,c5,c1,c234,c234,0.45727235,0.35370094,0.18902677,0.1702889579048763,0.4885744945773708,0.3411365475177529,0.24525357750324933,0.42660477873561775,0.3281416437611329
3102,d9ce9530d8c4b918496983026ea857b691ea1f513f497b00144279d661df78ae,1,c1,c5,c5,c5,0.19352438,0.24598207,0.5604935,0.21590264333163303,0.2077787001247477,0.5763186565436192,0.252648390768092,0.2632210180676504,0.4841305911642577
3121,9c18640547e14de9dc702d57c67720b4510d6b315e1534660b516e1e39f3184e,1,c234,c5,c5,c5,0.23797637,0.33018053,0.43184304,0.20127770871445058,0.21573086856164433,0.582991422723905,0.2809217707849633,0.30839720149645816,0.4106810277185786
3123,cddca5ec1bfc4a799a2751933d850834095b6b40058e534559fc1f565482c7f7,1,c234,c5,c234,c234,0.118014134,0.32364446,0.5583414,0.13571808477028302,0.5128782036539524,0.3514037115757645,0.2078265864159794,0.4178878713414964,0.3742855422425243
3144,392de66c31e83483fcd3e452a15cc38c6b2f0702d69ac028238b4c5cab0bfc4c,1,c1,c1,c1,c1,0.6456755,0.24864887,0.10567563,0.5947868032194688,0.3392468047167528,0.06596639206377855,0.5446930012543498,0.3203965120600851,0.13491048668556507
3147,5ff654b3e8c5d11b4aae5be7719dcaca6f304be812c2ae76b491d40d56300d24,1,c234,c234,c1,c1,0.19734332,0.42248794,0.38016877,0.5529769564152603,0.2784289372445334,0.16859410634020627,0.36785050858511914,0.32942101894396697,0.30272847247091383
3153,805bf9df81313badeb3b11b3f8fa0c62ccd923ac44dd971912fe5f0e58cc24d1,1,c234,c234,c234,c234,0.3185638,0.3935069,0.2879293,0.28685822156168317,0.44724035238304405,0.2659014260552728,0.2874818940863656,0.4067740329353047,0.30574407297832984
3159,c25d827d12e8d08da811b59a0913e70e6a0275627460bab050ecd7180e51217f,1,c5,c5,c234,c234,0.34378725,0.31122777,0.34498498,0.26498030860484717,0.4017100764991573,0.33330961489599553,0.325356034111039,0.33751704529170223,0.33712692059725863
3172,fbb7cf1865470b8add503a540f4bbdcd354e29f29b539d222fb50d54543e7fc9,1,c5,c5,c5,c5,0.12818609,0.3932571,0.47855687,0.1052450177643544,0.291318004923,0.6034369773126457,0.18133305823647722,0.2724465146602952,0.5462204271032276
3176,7af6e8abbcdaa040a7dfd6051f08841b5a32e53ea7768f4e9ddc697f937a7027,1,c1,c5,c5,c5,0.22217517,0.3168726,0.46095225,0.17701773990732275,0.1694741220064991,0.6535081380861781,0.25556848261522613,0.23905533701962275,0.5053761803651512
3182,87611e782fb551a5dcd205615dea5a6fcf1b314d804711facbebd3eb6fc3d0ac,1,c1,c234,c5,c234,0.38137785,0.41364527,0.20497681,0.307804454823842,0.33841618148299896,0.35377936369315904,0.33877364284169026,0.3748732023628111,0.28635315479549867
3184,6a304774cd18ff51e91c6c7fd683677976c55551c6cc15ebb10fb7da980c309c,1,c234,c5,c5,c5,0.11098995,0.33075127,0.5582588,0.10024246664041017,0.21237923398521952,0.6873782993743704,0.23220447492266988,0.2897125477103515,0.47808297736697875
3190,93936f4ddde82d81fd5a3ca67280e38a6b21dda215bb27592fbff6b318422b42,1,c5,c5,c5,c5,0.16107722,0.3087153,0.53020746,0.2081655942947391,0.2547195392084074,0.5371148664968535,0.2781296067159657,0.2860393118817875,0.43583108140224674
3191,6c244a608fd16f5d6481c75f563c43839fb6754c590b00b1e49034ac47ab8b7a,1,c234,c1,c234,c234,0.57702583,0.26847148,0.15450272,0.2585593059740973,0.5533911524420759,0.18804954158382664,0.3377322089254138,0.41050190209337856,0.25176588898120766
3197,edcc942488501cfe1083a1eb9f8c14eb6c4c9e6f926c3a7c6c7827c3b5faa857,1,c5,c1,c5,c5,0.3830801,0.270111,0.34680897,0.15119210420625975,0.28635404807466164,0.5624538477190785,0.2255168481409591,0.25582393623683725,0.5186592156222036
3208,c7a3847df90f002c450a373f3fdac30b197acc1e6c115cf1696708de00360729,1,c5,c234,c234,c5,0.18301749,0.4328816,0.3841009,0.18270008017848274,0.4619222239196378,0.35537769590187945,0.2384955396377579,0.355460330817924,0.40604412954431807
3211,d13a7292e3d888e042fbcdb6233f2cc8922704bbc5554de5055102ef727785d7,1,c5,c1,c1,c1,0.6389316,0.25815758,0.102910794,0.6266578520858797,0.29301361637402057,0.08032853154009977,0.49567706820423907,0.35214064514469423,0.15218228665106684
3216,d4706fec22e95ca508d91c991dfc4f349ac3b55600a178f7225d360d978b809a,1,c234,c234,c5,c234,0.25708613,0.46736327,0.27555066,0.14323908779903127,0.42183012067763076,0.43493079152333797,0.23095625955225324,0.4528132323272587,0.31623050812048803
3224,e6c94b8634216c5ca12e1d2d8f9423ceb1609fe00e3f88279a221a8a21f9c6e3,1,c5,c234,c5,c5,0.23528054,0.40822873,0.35649073,0.19958052895339787,0.31864207442147174,0.4817773966251304,0.23511262616112047,0.3097462192297691,0.45514115460911053
3250,ac84deb5135f774e7a6b91d46d8ed78ba69c3215529de2e2da1b3a37785eedc9,1,c234,c234,c234,c234,0.25807488,0.46192205,0.2800031,0.22911577865410518,0.43609160795418456,0.33479261339171035,0.2766591855731417,0.4122766652884693,0.3110641491383889
3257,8627e1a50e8d133c13e2aacd7d9f07b802fb8db6afa3483b1e1653b42b1d3a6e,1,c5,c234,c5,c5,0.20713624,0.39856052,0.39430323,0.13454584157445126,0.3020621187691884,0.5633920396563603,0.1761760967941468,0.27836690619234417,0.5454569970135091
3258,0e98eeb64dba68a4b115ab09feeae68f49ed52162f2839c2e2204e38bf3b8e68,1,c1,c5,c1,c5,0.24673459,0.30733022,0.4459352,0.3580461077440141,0.31906465256011074,0.32288923969587524,0.3331193416567861,0.30453854992554663,0.3623421084176673
3265,7ae8d234c18ddf89daa2c73d8ea30a8a79ec93613e1bc9e56c2ad5ded6028aa6,1,c234,c5,c234,c234,0.27931315,0.30975997,0.41092694,0.3740835477575832,0.46560797846090646,0.16030847378151042,0.35540592660380965,0.36492599703468553,0.27966807636150487
3270,18538bf51ebb3b22e4404b26e1e0b1626d119fc20eae4fa956d7ce4cfd897bdb,1,c5,c5,c5,c5,0.209665,0.25010592,0.54022914,0.3075021921830003,0.2613355688651124,0.4311622389518872,0.3633402702165727,0.26821624501651553,0.3684434847669118
3275,555dc62b71f3c26249005409b582fe6cf9b5e67df0914ab3dbd1e45ef38cce63,1,c234,c5,c5,c5,0.23011255,0.2920465,0.4778409,0.19796411227879587,0.3596336786148326,0.4424022091063716,0.25846235926859523,0.33132986982459856,0.41020777090680616
3283,5593b1544653b27a633bac9c3a9f9dd98279a0fe120aa792aa581ebf47d7053f,1,c1,c5,c234,c1,0.302333,0.32998368,0.36768332,0.3557823152253659,0.414310904475893,0.22990678029874115,0.37646927445165407,0.35814986778313584,0.2653808577652101
3289,40cd3b1d0048794b2936a9242cdc29040fe1c39f03c971d4fd503c7af7f3aa15,1,c5,c1,c234,c5,0.38003832,0.31586352,0.30409813,0.279168177210694,0.3922987635606497,0.32853305922865633,0.269936720521809,0.3632505116353313,0.36681276784285965
3300,b80e91ae0d4fd37165a6107baa7456958a480946e9e71e1b7381fa5f04b35bfc,1,c1,c1,c5,c5,0.49625123,0.21695203,0.28679675,0.2082608257639765,0.25301849785047215,0.5387206763855513,0.2930388122284873,0.2883416970456404,0.41861949072587235
3305,8446e7997a450c4f49f4cce8fa3f06d14de38f00f4fe2fbdaa2690a47b101bab,1,c1,c5,c5,c5,0.118417546,0.29158306,0.5899994,0.1393094683492168,0.23148659712054923,0.629203934530234,0.19679340165033982,0.3126077678001035,0.49059883054955666
3307,5abf2afe4598ef29622e29f4a63ee22e10f4f2caaa4fa54407f60ed3a783c0ce,1,c234,c234,c5,c5,0.2463667,0.44926912,0.3043642,0.20215538928018154,0.3939308235176628,0.40391378720215576,0.23240898043558686,0.3609094092000632,0.4066816103643499
3312,1e525d393beab3f37a24d3b6bba3f86cd394bfb7622461f3262f8374b669d665,1,c5,c234,c5,c5,0.2834907,0.4244097,0.29209962,0.2970794366753377,0.12063466109423668,0.5822859022304256,0.32664417335529083,0.23128733259806877,0.4420684940466405
3314,b3156a07523d21af6788f795231acec1be2b71e5736447f4b24b62dccdf10cc0,1,c234,c5,c5,c5,0.124098435,0.19320464,0.6826969,0.25471465277308597,0.29696718637510505,0.44831816085180887,0.23955786725745426,0.2628072175793073,0.49763491516323843
3357,8126ad6db6cfcc2146dc2803b780f85f6831b42926a42b75e4cc0b2cf2364ace,1,c234,c1,c1,c1,0.4952307,0.29111263,0.21365665,0.6145586820922909,0.22872919811794257,0.1567121197897665,0.44895401935629264,0.28937368055635004,0.26167230008735726
3370,9b1a943ebe92b2c4fa025820661d5b489a26cb16858c3a35383ad27bc5096c80,1,c1,c5,c5,c1,0.19204397,0.29844978,0.5095063,0.3323399976339286,0.3089302526627925,0.358729749703279,0.3832858675059532,0.2991615514434799,0.3175525810505669
3372,cbc41eecf0a82391b4343f3698ccd29007daf62589d1d82ebcde0589d1eb28e1,1,c234,c234,c1,c1,0.26022485,0.4521869,0.2875883,0.46815040163077665,0.2691605189885134,0.26268907938070984,0.37648674862287934,0.30093036830265135,0.32258288307446925
3374,778a65f9e69ff74bbde64cde77f10c63e2d21f70978149de557601e04abcb47d,1,c234,c1,c5,c5,0.44358063,0.30781224,0.24860707,0.2858684805958987,0.33154198615451697,0.38258953324958433,0.3025992196781432,0.3479185166239753,0.3494822636978816
3381,d1cb7105fefc760cf5d484442227aff24f82c6dad78eebfe41b3bbee12bee403,1,c5,c5,c5,c234,0.17105438,0.32852218,0.5004235,0.16820844807240995,0.4023070904928218,0.4294844614347682,0.22854322139232752,0.3948349882352045,0.3766217903724679
3388,dd09b436ad8bc4c4fb79bd19b44be0d554558a11e7148a053e286950d1137998,1,c5,c234,c5,c234,0.34919894,0.4289713,0.22182982,0.25205804703290124,0.33329606594658107,0.41464588702051763,0.26695550986968625,0.37505884864645767,0.3579856414838561
3393,444ebfdef4f41be945e8f4cf6610aa5c045ac692d48c8a697103e15c9b6f6fc5,1,c5,c5,c5,c5,0.14683479,0.336801,0.5163643,0.11789770190594923,0.3468720225921628,0.535230275501888,0.20415254609890007,0.3603303228005058,0.43551713110059415
3410,b3caa74b651eb2dca47a27c14ec97cef849d1a4c00aafbef9cc61006083b0e0c,1,c234,c234,c234,c234,0.31877118,0.41776362,0.2634653,0.36356054314932273,0.4446429259214542,0.1917965309292231,0.38284654378470956,0.38645906472685515,0.23069439148843526
3414,634d95f727341c1566b2284ce06b946cebf1c67ba9902dd37f6c24a578b9e439,1,c1,c1,c1,c1,0.47280097,0.3424579,0.18474105,0.5224158549839892,0.31868055243583654,0.1589035925801741,0.46275060097938414,0.33415418606923547,0.20309521295138042
3415,82406776925d6c27edc0993dcd67ab5bb82cb1d8e9135b6e78581eac2f2d33ee,1,c1,c1,c234,c234,0.4112473,0.31198773,0.276765,0.33481632110406423,0.36026243548686154,0.3049212434090743,0.3065068456389597,0.3712147596007656,0.3222783947602747
3425,2f9b917469e7ceede8e47fb56f735e94d7dfab6265167c1bff7f5799e39eb308,1,c5,c1,c5,c234,0.4898574,0.36733165,0.14281106,0.18949060827992195,0.34942651753529297,0.46108287418478505,0.272140886267835,0.37149639685119595,0.35636271688096904
3434,b756c7ad074b01710d4cc123e2131388f4e8e082c03b0abfe5110b303022e2dc,1,c234,c234,c1,c234,0.2972062,0.41085675,0.29193702,0.44441398678610505,0.41924416856932956,0.13634184464456547,0.39483184131188315,0.3982049630008629,0.20696319568725388
3450,2302792313adbe6e7e24fb4ed1033a90811213e07573026a1a1787476529383b,1,c234,c1,c5,c5,0.40800607,0.25543648,0.33655745,0.20093813090433035,0.25077632718595344,0.5482855419097162,0.23330514781097633,0.2775106796101171,0.48918417257890673
3472,de9114fd19460abfc6ef1f085daddc034f1f7a6b81237bb434bc0f3222430139,1,c234,c1,c1,c5,0.4128007,0.38973004,0.19746928,0.4575504266831661,0.268306611868661,0.2741429614481728,0.34255577726577974,0.28553550343181694,0.3719087193024033
3476,9abee7f53f3a03a805005576158c5711a1d19c6216239d880429ead460501ac8,1,c5,c5,c5,c5,0.1370561,0.31896535,0.5439786,0.20416405056276307,0.2405812972561222,0.5552546521811147,0.2198719762509401,0.3064742355196338,0.47365378822942605
3483,8b43a0994335ce995b592a68c35d7045f1ed5c64a8d2666c725f1c2c49067c62,1,c5,c1,c1,c5,0.3994716,0.24929294,0.35123554,0.3527389985096248,0.33320504337628465,0.3140559581140906,0.3046555355143952,0.3024347147834098,0.3929097497021951
3484,199e5f0f850aa0f7cd51f4e3e3894f40dd096bc7bbb3bc73c9507a036881f240,1,c234,c5,c5,c5,0.19897693,0.36414707,0.436876,0.3386340925728682,0.2985998719872655,0.36276603543986635,0.25465772946892523,0.31599031039488945,0.42935196013618526
3493,86e0869b7e13c9cb415e35850333c15fff2811e136620b23ded23af88f1b2070,1,c1,c1,c1,c1,0.4134913,0.3387245,0.24778421,0.5772223929944922,0.18794527279326886,0.23483233421223906,0.4846781959814025,0.2769524585062029,0.23836934551239441
3499,7089761897c95304a5dbe669c2aa036065dc7a43898007b806aabdd2257e7e9a,1,c1,c1,c5,c5,0.42401716,0.2639354,0.31204745,0.3168711203911139,0.3064758511484228,0.37665302846046333,0.31565820934546834,0.30735151998618093,0.37699027066835067
3503,a72b85c9c52798e98b418aa692916bfc2d4dbff106180006298e9e514f77b1c6,1,c234,c1,c1,c1,0.46532148,0.3348045,0.19987404,0.39198852205044005,0.25174499048906834,0.3562664874604916,0.37170698356861914,0.3106377417688149,0.3176552746625659
3506,6b10334efc3d1e0c5e4442dc3d9ea169976eb161c1fb8eb09d0c1addffd3975f,1,c234,c5,c1,c5,0.19239593,0.39487168,0.41273236,0.4048620595170211,0.28843479662920973,0.3067031438537693,0.3446904993767586,0.27602462254980814,0.37928487807343325
3510,15feadf85b99e4dd9fd4b4cd8a868a1c55f8e0b800d41b4412871407289845f8,1,c5,c234,c234,c234,0.22179738,0.457398,0.32080457,0.22196506236632788,0.42759718445491,0.350437753178762,0.22532794596387867,0.39255493937982827,0.38211711465629317
3530,e788224c634a12a91566fdba1d30c5f180c7af3be5db34f456d1cb4b6f872cdd,1,c1,c5,c234,c1,0.30198488,0.33925685,0.3587582,0.32717801541461755,0.4288919419858508,0.2439300425995318,0.3547007738931686,0.35456370202677134,0.29073552408006004
3538,5c072a2aaa717ab07ceeec6f8fe2fd45cde8696121bf4f096f739aaa1aac4dc5,1,c1,c5,c234,c234,0.28118628,0.2128144,0.50599927,0.2244410507849334,0.5268224378377075,0.24873651137735894,0.2769170818706234,0.376793697147258,0.34628922098211856
3542,72977a0c1ea0f98276f3bd7574006f8febc1eca218448c1c4e7abab60e4eec69,1,c234,c1,c234,c234,0.57718956,0.2827658,0.14004458,0.34276424435471975,0.3830780687440976,0.27415768690118253,0.31307744655197456,0.4094975794375475,0.277424974010478
3544,c9c3c3704e22eec5189d244e629d6419d24614fd04218cf605589b8503dfb7a6,1,c1,c1,c5,c5,0.54822063,0.27461222,0.17716718,0.3551618048062533,0.1880723735846409,0.4567658216091059,0.3613587582258674,0.26976100549360843,0.36888023628052413
3565,30b9080eb53265e94c4a4ed8ef1faec2cb6d34697f3610b1a666dcfc2f39e18a,1,c1,c5,c5,c5,0.18521073,0.34026736,0.47452188,0.21524247390400741,0.2659528218500921,0.5188047042459005,0.23604143714661743,0.3113157364921482,0.4526428263612343
3581,d4c555224e0ebbf2223d5d6b680cbd24003ba39ef07c8ffedfca8d2ed19980c2,1,c234,c1,c234,c234,0.5140702,0.30769274,0.17823705,0.27566302326690306,0.5290402169683572,0.19529675976473956,0.26660278815643157,0.48695372650085506,0.24644348534271332
3594,61cf0022711860774f84fd88e60f4f8ccfe600ac06f166730bc13e4f33dfec85,1,c234,c5,c234,c1,0.20078424,0.35134852,0.44786718,0.36063324771847544,0.37837591789051894,0.2609908343910056,0.36341963155308527,0.3346595876962188,0.30192078075069584
3601,5a7031f91c6bdd08a928640768366ad6748ed4ff2d9509d3013ca46f7da6db84,1,c1,c1,c5,c5,0.38891572,0.28041008,0.33067423,0.2664145295725243,0.3469685087426296,0.38661696168484605,0.2919692720666571,0.34890231969144686,0.359128408241896
3602,1ab1c971f482210dfb01f0d605c07a42983105fad09aea0e866cf702d9d1e065,1,c1,c1,c234,c1,0.50485253,0.32400787,0.17113964,0.35589787080969626,0.4850475984691083,0.1590545307211955,0.39688273504258986,0.36700350703058765,0.2361137579268224
3606,67a8018d1e24b3d6da1793abefa1aa68349a1f1a614e3268a607102b601bbcde,1,c5,c234,c234,c234,0.29657257,0.4334144,0.27001306,0.17177623746221302,0.6100532987618326,0.21817046377595434,0.23226634505264585,0.49301308894679485,0.27472056600055933
3607,8572c5bd0abbdf11cfb7f9c971382540a4ab43d64981a3153b3d050af4d05a11,1,c234,c1,c5,c5,0.43381217,0.29996243,0.2662254,0.3489513361308835,0.2491076601845666,0.40194100368454994,0.3126481804600131,0.29384112964801856,0.3935106898919683
3613,75a2e520dba12e3d932a8cb8fad35719422e8b62c0a08300275e9cfbde622c65,1,c234,c1,c234,c234,0.5068957,0.35123703,0.14186724,0.2464487305570559,0.5502452244983977,0.20330604494454618,0.2952160664525843,0.47863745387843987,0.22614647966897583
3630,7b55628980b6dd0492ee2c1c99dc2dbde025be47f47f1cc8cbc8af177931a23e,1,c5,c5,c5,c5,0.18049969,0.29621276,0.52328753,0.2566024482243791,0.35057995735441905,0.3928175944212018,0.29363757117057665,0.3280449028799946,0.37831752594942875
3634,0d3d64e7d16bb55f7f08b8448a89984cce1cc9194c716d04c66214498544e227,1,c1,c1,c234,c234,0.39884642,0.3924936,0.20866005,0.2791221076204548,0.5313702326170434,0.1895076597625018,0.36086688580553905,0.40036211587638426,0.2387709983180768
3637,c672257fdca4f9fc5394f545dbf93af5e4f8d2b662c4380e2fa023527e734b35,1,c5,c1,c5,c5,0.42062548,0.27792844,0.30144608,0.2766645093766543,0.20132607901717103,0.5220094116061746,0.2886859744979061,0.18332616291077705,0.5279878625913168
3640,3d8e7948cab470e9c187cbec10b5e8a5dcbd24ce73fed57a6dade4268fda813b,1,c234,c1,c5,c5,0.42150328,0.30376467,0.2747321,0.3861210847100892,0.1725738445155315,0.44130507077437925,0.3079830739034541,0.2612680066308278,0.43074891946571814
3641,c9aaf298cac03cfa7454203997fff0772bde8186fc621a8d069fc919b7902c80,1,c234,c1,c234,c234,0.5340564,0.3282404,0.13770318,0.42278761642337914,0.4879322627799306,0.0892801207966902,0.4135943397595012,0.4305573896813807,0.155848270559118
3643,3073960bbcd6c0453fdb22bfe1ff74a72f4515001e2c2d8f106c6298877de226,1,c234,c1,c234,c234,0.42747408,0.38022357,0.1923023,0.3270591618393918,0.4071458068486643,0.26579503131194376,0.3121991099496365,0.3864427825525075,0.301358107497856
3646,954e8aa9ad15cb52d2fc14f3687848a1b680057a2d6d11f6d9e58bac44ce2292,1,c1,c234,c234,c234,0.29473808,0.39574653,0.30951545,0.40162133002564526,0.4113655448742431,0.1870131251001115,0.34920782512288817,0.39654707802953826,0.2542450968475736
3655,b9f6c68ac777cd559b21fe652e9405a9a9d926a5d7fac7f9b7941551b4f627b5,1,c234,c234,c234,c5,0.21055984,0.4139992,0.37544098,0.10204196675419838,0.5539890779996968,0.3439689552461048,0.1854904398803438,0.3750303403792818,0.43947921974037435
3656,933fd51ef977ba3ac885203f6ab4f0828bf594c89bdd6b1dbdceaaf1475360bf,1,c1,c1,c1,c1,0.45050177,0.37842125,0.17107692,0.7124533638237329,0.20638428388928315,0.08116235228698401,0.4888076947764736,0.35500297279033327,0.15618933243319308
3659,0118901247e20c73204495501dbb6ef57691eb7d4d00306e5e7d8bcbb93e6c78,1,c1,c234,c1,c1,0.30548054,0.3607508,0.33376873,0.6193345169344712,0.26978829416190414,0.11087718890362462,0.5213288035496475,0.3163074480429871,0.16236374840736528
3671,aff1c4cc8d6c097f8f3d31440bc95bcb4a8239ff5b934b29026efb41fcc4fb68,1,c5,c5,c5,c5,0.29081374,0.34093294,0.36825332,0.24330895415598633,0.32905242117211786,0.4276386246718959,0.302749082845036,0.32159716886475426,0.3756537482902098
3684,af19494fdd0c076905ed2923a3b711001d8bf1f3913876799a6922818376a05b,1,c5,c1,c234,c234,0.5147722,0.33337662,0.15185118,0.22437977282129776,0.5020113653818831,0.27360886179681915,0.3279902441443681,0.4035141550826701,0.268495600772962
3690,0bfbc88304cf83d25a262439bfaad47b6769c302d23ba88712921490f70a8f4a,1,c5,c5,c5,c5,0.10520872,0.24913353,0.6456578,0.13560793732126247,0.30006942104363976,0.5643226416350978,0.15983989566222484,0.2789862694066605,0.5611738349311146
3702,3a1f0f34da0b2e6ce90c122ba56c270d39ea61180d30ac48290ec85bcf6ef275,1,c5,c5,c234,c1,0.18806309,0.30678883,0.5051481,0.2833803148417846,0.4248414529090964,0.291778232249119,0.3591824875419282,0.3242500296569821,0.31656748280108976
3706,49187bb4d27e706e440719b35003dff6730ddddf37b896500ca127a9fa24cea9,1,c234,c234,c234,c234,0.31582445,0.38479316,0.29938236,0.30256106057429366,0.44903278766198806,0.24840615176371814,0.28734529707421136,0.41206768476555844,0.30058701816023004
3724,eda4ca4cb4c39ae85b3d75557ae2fcbcef26daf7a7420b1529294ba3e9927f70,1,c234,c1,c5,c5,0.35666555,0.30500117,0.3383333,0.2737130330824906,0.35649399829309936,0.36979296862440997,0.2539447338189743,0.31685658063071126,0.42919868555031454
3728,e459aa317435a38488e96525239a7cf2b71148dd00820a2f69c56b3a7f69414c,1,c234,c234,c1,c5,0.319467,0.3840058,0.29652715,0.4489383825236996,0.17844444683620117,0.3726171706400991,0.3138237274028195,0.29172915072527666,0.3944471218719038
3731,378598a6322ede91f669d6e5f180e5b107d9f6ff622df5d0be9e1636f4fef157,1,c1,c1,c1,c1,0.43457606,0.36407986,0.20134406,0.791924580345465,0.1265830658807433,0.08149235377379183,0.5594186637114944,0.27443779271287794,0.1661435435756277
3732,eba5b6db5cba801279268d2dfaaa930094e50ce3394e490602714a607384bc7d,1,c234,c1,c5,c5,0.37552837,0.34806007,0.27641165,0.24985947765293076,0.31119901835541286,0.43894150399165643,0.28874933939948944,0.29631702318423414,0.41493363741627637
3742,895ed11320d9d6cfd93ffd50c8d3d649ea8256d2e766141c444c183866153563,1,c1,c1,c234,c234,0.39665693,0.376727,0.22661605,0.1374143938481754,0.49892167480123223,0.3636639313505922,0.2079812696698612,0.5103084142981081,0.2817103160320307
3746,ca66095ff9018ebd9641935a5b57820a5d6d559929df59d555a9c1e349a0f481,1,c5,c1,c234,c234,0.39009872,0.27782935,0.33207187,0.3202580212543423,0.4297285254083432,0.25001345333731456,0.2851761731656486,0.3765872792900824,0.3382365475442691
3775,883175858a21ad66421fa9c7feff99332d5314613459138fad47108240ea5271,1,c5,c5,c5,c5,0.112538,0.2762347,0.61122733,0.05957555685885915,0.08936078909164447,0.8510636540494964,0.1349145091561911,0.17696868915935499,0.688116801684454
3776,2eb33b072ca64e13e8c27648601835898626768b0986ea5a74b7214ede7f2b96,1,c1,c1,c5,c5,0.45245802,0.2591707,0.2883712,0.2770452878951932,0.28998068713045094,0.4329740249743559,0.19639068606049565,0.3364116453801878,0.4671976685593165
3784,3b41ec0c34d79858a8dbc531b68b98c8199110bcec30f510898b6d613438a12d,1,c5,c1,c5,c5,0.36680868,0.34929642,0.28389487,0.15991930792298148,0.37945683300692856,0.4606238590700899,0.23904768718462308,0.3725696579432279,0.38838265487214896
3787,173cf39627f7065d2dda8bb14930e5903da6858eacfe7736aa4b8fb7d9cf5938,1,c5,c5,c5,c5,0.27758542,0.3210622,0.4013524,0.28379454915359376,0.3167793041186375,0.3994261467277688,0.287156786567531,0.32174322134580385,0.3910999920866651
3809,6e6172bcb4c6368db188cb3a1292a7792d4b2208f0c52707e16a22b291a264fb,1,c234,c1,c5,c5,0.50667095,0.23281643,0.26051268,0.29814291808142634,0.2645481281910896,0.4373089537274841,0.35410775654535115,0.2914728976416537,0.3544193458129953
3819,f36e50ab0dcfdb4c3d16bc6ef249920f627419af7f65c60ff27755a417fc1003,1,c5,c5,c234,c5,0.22893047,0.3169992,0.45407033,0.1476660027617668,0.5380716830905602,0.31426231414767297,0.2242028062955034,0.37793416658832313,0.39786302711617344
3827,960b709e84cf52d3a5ae9a64a8d612568b429c20bc4ed40ebde99882f8bbe515,1,c1,c5,c5,c5,0.17168713,0.31195423,0.5163586,0.2488144607249084,0.3400096225037046,0.41117591677138693,0.2390705665273149,0.32459294112610615,0.436336492346579
3828,e0d1712d4612b1d2ef6ee07e55f6c7c20c573c54483e1a6ac0aef721f3722153,1,c234,c5,c234,c234,0.1635658,0.35899532,0.47743896,0.28759393655408244,0.5283263259635484,0.18407973748236905,0.3476640207637312,0.3885422975875291,0.2637936816487397
3833,dae10857fc1bf4c5d42dfbe879bb1828dad333b0af1622348370dab896235edd,1,c1,c1,c1,c1,0.4584046,0.2847097,0.25688574,0.4003826771382503,0.36722243055725534,0.2323948923044943,0.39757527794410785,0.3403134384844637,0.26211128357142854
3835,2eb33b072ca64e13e8c27648601835898626768b0986ea5a74b7214ede7f2b96,1,c5,c1,c5,c5,0.45245802,0.2591707,0.2883712,0.2770452878951932,0.28998068713045094,0.4329740249743559,0.19639068606049565,0.3364116453801878,0.4671976685593165
3836,fe7dcbcf1084ffdad4cb3d2fdca1346066f9b2a49babaa7275b8c3cf5602a3bf,1,c1,c1,c234,c234,0.61199003,0.3046476,0.083362326,0.4118341423968306,0.5336382144582956,0.05452764314487377,0.4029904569549366,0.4636226455039196,0.13338689754114388
3849,43e555d7b7082ddb7fa1152a8f89c3aeaefd98c9c9571ac66a80b89f8caf1e71,1,c234,c1,c234,c234,0.50211626,0.3342714,0.16361234,0.28228711668677925,0.5020900152478129,0.2156228680654077,0.3282360718696828,0.3706433724222845,0.30112055570803276
3864,dd19cac8a291dc91ffd8961fe109b76e6dfdd6f5018fce83409bfb1fcfbf65c2,1,c234,c5,c5,c5,0.34206894,0.24263702,0.41529408,0.21718508271114229,0.22420874432216337,0.5586061729666943,0.2873050977543206,0.3146647888929955,0.3980301133526839
3870,c3223a00700f13f12f007737aa800da19b77a1a4d4af248b47373876f36292a2,1,c1,c1,c234,c1,0.61493504,0.25004682,0.13501815,0.41032599721200586,0.4124351097893799,0.1772388929986142,0.3885413392418475,0.3491580608956668,0.26230059986248566
3879,d797b65edf9e4bb2802926d05b6bf242f99b9f45a801f9e1ff883ca34af97b52,1,c5,c234,c234,c234,0.21558347,0.45607513,0.32834136,0.27315693633733384,0.38756982472351825,0.3392732389391479,0.2811064072486854,0.4129186725279969,0.3059749202233176
3884,a7b3643c34c87fec4fcfc32657abc441075d6b163b1f2fae477c0f5889268823,1,c234,c5,c5,c5,0.33774057,0.32298923,0.33927017,0.22350639651028073,0.18226862083224885,0.5942249826574704,0.2916046150937785,0.26566330526401755,0.4427320796422039
3890,c4f553d0dcfb5b1400199eda1a0db150b8a93af777bf8d50f6a427ebe2184db1,1,c5,c1,c5,c5,0.4020047,0.35167152,0.24632376,0.2629279770649454,0.2709528819528664,0.46611914098218804,0.3097722712514491,0.3346176455558206,0.35561008319273035
3892,9446150f967f2245bdc34c5634ff3a50569abb2e951ce517e444504e1ce56c07,1,c1,c234,c234,c234,0.34995764,0.3827449,0.2672975,0.2161054574776149,0.45994716672752417,0.3239473757948609,0.29489670661999273,0.40048312009902043,0.3046201732809869
3944,13c576a712272c3feafd455e26165e2d0fadd7dc2470e73fae5e94fa845a6591,1,c5,c234,c234,c234,0.2959318,0.3764529,0.3276153,0.16719506320935396,0.5519958795573008,0.2808090572333452,0.22667742172743852,0.48546590153702973,0.2878566767355318
3961,34d7b326496819cfde5e7ddc570ccafed24315870cf32f006800a340809f6db4,1,c5,c234,c5,c5,0.25053716,0.49787736,0.25158545,0.32523129249059507,0.2856721306187613,0.3890965768906436,0.288946720970137,0.33814426841664724,0.3729090106132158
3983,b33ffb4798de1face41cf73ba35fce4a8b1f162522987e8b7fcbeb2a26ca049f,1,c234,c234,c1,c1,0.3931153,0.42877665,0.17810798,0.4542200796053528,0.3254234619421326,0.22035645845251461,0.39895448330647926,0.3434508104717723,0.25759470622174846
3985,f4a9c35ee237544564966924658320b32dfe6ce2197dc980ed62786bc959f953,1,c234,c1,c1,c1,0.6589403,0.24680023,0.09425951,0.5354235042201986,0.3907953513446415,0.07378114443515996,0.5040685020023449,0.35947260595175445,0.13645889204590067
4001,c6ee261eb15b6206557a903ede6a0f8ddf1f3088039d8fcd0153c200afef24d2,1,c1,c1,c1,c5,0.4844538,0.24795263,0.26759356,0.35642027740644083,0.3097452514742372,0.33383447111932185,0.34124951843779694,0.28939460737343586,0.3693558741887672
4014,70f98d59efa9edc6dc945883567be467bdcf149c3d6631d5c80fa868679db957,1,c1,c1,c5,c5,0.40031737,0.2974631,0.3022195,0.37533371806305865,0.22158466659380083,0.40308161534314046,0.3653038755991152,0.21952757635275316,0.41516854804813164
4028,14e6b9bee7ced90dee60380356ba1ba2686bee1818fd59b04d8338ced0b219e8,1,c5,c5,c5,c234,0.12837295,0.408938,0.46268904,0.241523438477659,0.3765677479767612,0.3819088135455798,0.24235197448738482,0.4137654468226227,0.3438825786899925
4052,17abb166c98f5729c9de2951c8c847d54be18058640fc53d1349928a74ec6757,1,c5,c5,c5,c5,0.120666005,0.25860518,0.6207288,0.0771862999861562,0.1612964637872842,0.7615172362265595,0.12356991155461036,0.22373980267869314,0.6526902857666964
4056,7392ba77e757473fa320ccbf1d8c8a0a826aef69d9e3b68b82c89891d30a0f0a,1,c1,c5,c5,c5,0.29600406,0.2768667,0.42712918,0.21687944216400898,0.21769979852864318,0.5654207593073478,0.24606769022820213,0.256157935084573,0.49777437468722474
4081,d0f9e17b4e4229ad076c75c62a484f367900070ab6968a39716fc563065936b6,1,c234,c5,c5,c5,0.24399704,0.32918766,0.42681524,0.22744221056738065,0.23972923886686423,0.5328285505657551,0.26806973906829207,0.2893677360249868,0.44256252490672116
4083,818d5947a6af261b1ed9d7746164d62f72ce7f51aed20e68f114a56f541081ce,1,c234,c1,c1,c5,0.4834519,0.32596114,0.19058692,0.4443297321727537,0.16589242304767995,0.38977784477956634,0.3659929686246226,0.236557472972461,0.39744955840291646
4092,9aa4b9bd6ec1cbcdc868dd2ee64314494edc4586559a54eda4c7b6a0559fe4aa,1,c5,c1,c1,c1,0.3980373,0.33448866,0.267474,0.4459175338877001,0.23737433158532673,0.31670813452697333,0.40277788635446055,0.3029039292911595,0.2943181843543801
4097,7e45d95037bca2949f1b874cf2294c756583dce333abbcdb61f94595157fbb8b,1,c234,c5,c5,c5,0.27228984,0.2677151,0.45999512,0.37101492762845373,0.16631340623339574,0.4626716661381505,0.3301610099592253,0.23147534518677987,0.43836364485399487
4101,1af57aa8c2f45939c6f3f2e013547787d32e90a5cebfe51b3d7d64bd8e80f81e,1,c5,c1,c5,c5,0.50773644,0.25092858,0.24133506,0.24728913617524198,0.3614277188069249,0.3912831450178332,0.2700425007679818,0.30968655851858895,0.42027094071342913
4112,02074cad747755ffe2b0f4a186c61586b7aa4627345914398786a889cfa21555,1,c234,c234,c234,c234,0.3147824,0.35521054,0.33000708,0.3323234529784789,0.3510275345903983,0.3166490124311228,0.3168254175261194,0.3670269334416008,0.31614764903227977
4115,20cf0687da50b78854bea136d2ceb30c04b31293063dd52619a586df10cd9479,1,c5,c234,c234,c234,0.18556505,0.4267034,0.38773152,0.16186383369519447,0.5730321604012953,0.26510400590351013,0.24015259558608304,0.41801048325212614,0.3418369211617908
4126,f9b1d60da8a564f7ba86c5d5f4f732fb8141c9e38483a8063032894e28eb41d4,1,c234,c234,c234,c234,0.33188912,0.41900763,0.2491032,0.14802562193281,0.5998731310961934,0.25210124697099656,0.20921962406453337,0.47984612629402823,0.3109342496414383
4127,8a2f8bd4ee020f0aec0013c081b30b16aa1f13d91ecee53bff431ba547b41df3,1,c1,c5,c234,c234,0.3387468,0.30679926,0.35445392,0.2258124633888446,0.5077900828782369,0.2663974537329185,0.27793817432355705,0.3700193902221384,0.3520424354543045
4130,63a280a2782727533ad960d9bc6b906626667acf8af9fa3505307b7535bcd4b2,1,c1,c5,c5,c5,0.28821307,0.30211988,0.40966704,0.21493595064716514,0.27312425814411884,0.511939791208716,0.26058669335595264,0.27491089152775633,0.46450241511629103
4135,3f69b389a3242d35c3a7e8764ce1cffe034e0c5d8075024d39603b4d440eab7d,1,c1,c1,c1,c1,0.55095905,0.29939362,0.14964724,0.4682354896251591,0.35819560872388995,0.17356890165095093,0.371816640210793,0.35082226205563866,0.2773610977335682
4138,0800643097b43b2c335d01018fe92e0b98442df07407d8b07f01b2936174f39a,1,c5,c234,c234,c234,0.2740029,0.44001123,0.28598583,0.3752392810203912,0.41310841773951795,0.21165230124009077,0.308469606533505,0.4222265844826725,0.2693038089838224
4150,9776bfa8247edc1e618534c4d1d2ddde46cc69aacfa5ae58b5dc6f61e8c828d6,1,c1,c1,c1,c1,0.3636818,0.28860313,0.34771505,0.44449435886666294,0.2623307864098129,0.29317485472352417,0.348904620677641,0.3234126640047175,0.3276827153176415
4155,09880ec213c026cf7f689d33c6e7fcf59323e964f85f0d7984110e86e6a78c7c,1,c5,c5,c5,c5,0.12603605,0.36439905,0.5095649,0.13111295116809418,0.3658823949853182,0.5030046538465877,0.16966298618834227,0.32286711428085846,0.5074698995307992
4169,ffd4d46e45456e9a3e824beb5c5c250c10926c87828ce54615eae4b11c3ccf5c,1,c1,c1,c1,c1,0.5180699,0.31181815,0.17011186,0.3738372127503428,0.26442863623224766,0.3617341510174094,0.4011277602534798,0.29764485735041984,0.30122738239610036
4183,c42bc6487a79b641d4868378e9824516be5e07ac71a52f338757c2507cac18ff,1,c234,c234,c1,c234,0.3005796,0.4396845,0.25973582,0.3755083447056069,0.3676042024969102,0.25688745279748293,0.3011174306878544,0.3645055032964954,0.3343770660156502
4190,5f8fe042d403343fdc835a913bfb81c5c68f37cbaa1f1a41ebd7b55fc2b22777,1,c1,c1,c234,c234,0.5730322,0.3158379,0.11112995,0.38609546441271936,0.47163235355362015,0.14227218203366046,0.40653981163927405,0.42782262400988685,0.16563756435083918
4197,d62e8dda550ed6ffe32647fbe835410bd2ccb14da929ffbe85749dc92d422876,1,c234,c1,c234,c234,0.35884795,0.35660186,0.28455025,0.14462504562039774,0.46060012546999607,0.3947748289096062,0.24534308782328504,0.38922585543668753,0.3654310567400274
4221,469bc20981c40bc7e23a488a41ec941d719d15a696dddfabea33b23fac39f4c1,1,c234,c5,c5,c5,0.13575098,0.3706549,0.4935941,0.19344540087858766,0.2685246912211501,0.5380299079002623,0.2663406569278422,0.31619513417541883,0.417464208896739
4242,e08f13461123d774abb7f82c19a2a43cee4b636199c961922c27a65b792744e7,1,c5,c5,c5,c5,0.25516948,0.36342594,0.38140458,0.25542521564472354,0.31433363265811093,0.4302411516971654,0.30342278027189806,0.3305889422742129,0.365988277453889
4247,571a2b2bcc9d28f307d2a48adabd16d500fd14bb686cad52bbab28344a06687c,1,c5,c234,c234,c234,0.23243946,0.5013715,0.26618904,0.19140609894876248,0.6138308987489614,0.1947630023022762,0.23702531638074884,0.4971381298306261,0.26583655378862514
4252,9576ca32fadabe5f22aeb3f4b00936a213edaafd8bd29be251997c5038fdd61b,1,c234,c5,c5,c5,0.28847277,0.2615864,0.44994083,0.33150388286860694,0.09386545158986928,0.5746306655415238,0.32976690941095604,0.21541279640163005,0.454820294187414
4256,b350619f40dd4974adbfd00777b32ef21a124610ee8d71c2339d0fcea5666474,1,c5,c5,c5,c5,0.21720308,0.22751388,0.555283,0.2290061218776412,0.2182463049713647,0.5527475731509941,0.2712198111246729,0.24792359767416047,0.48085659120116664
4261,3d25abb6f86d870ac3850e70c9d1699a23a24f8b685bce6c029a87f482cc3b21,1,c1,c234,c1,c1,0.23740938,0.3937201,0.36887056,0.44501311045393066,0.24550326026993477,0.3094836292761346,0.3452008013400998,0.31808463928355,0.3367145593763502
4278,7540c3ba1208e0e4553ed78c5f4e4a9c1cfba2213c89f0a175ca28c09e664bef,1,c1,c1,c5,c5,0.43468863,0.28706744,0.2782439,0.16474127557124404,0.32020437488159514,0.5150543495471608,0.22832524248338962,0.2416445749932085,0.530030182523402
4279,bf29c70d869ed7a1b9203d2e0b5bea3a153da46286f8b2751f9260fc96ca641a,1,c1,c234,c5,c5,0.33738923,0.3720344,0.29057634,0.3155883105239843,0.3223115361213762,0.3621001533546395,0.2987653799189896,0.3350358593434774,0.36619876073753294
4312,9c074d9e44379407feee6c5ada5e0f8e440e66bf49d50346c844dd0040808973,1,c234,c1,c1,c1,0.48533612,0.30976632,0.20489752,0.6194300283487829,0.1930895050549177,0.18748046659629927,0.40753397285639476,0.2983943666273755,0.29407166051622985
4325,22eadefb5d7f2c131967f76a6d10e38b6b773303aabad0a889596b391095cadd,1,c5,c5,c5,c5,0.09835537,0.2904509,0.6111937,0.21446040573956596,0.26475392090708005,0.520785673353354,0.2419325359416181,0.26370949456790044,0.49435796949048144
4338,63c90432681b977581e12cf293f321a4811bf21ed0022ef9d6f08bbf405c7e42,1,c234,c5,c234,c234,0.25624084,0.3053438,0.43841538,0.2760830190842513,0.3925814215265365,0.33133555938921205,0.28326139765092145,0.4082014045904866,0.30853719775859195
4347,edcc942488501cfe1083a1eb9f8c14eb6c4c9e6f926c3a7c6c7827c3b5faa857,1,c5,c1,c5,c5,0.3830801,0.270111,0.34680897,0.15119210420625975,0.28635404807466164,0.5624538477190785,0.2255168481409591,0.25582393623683725,0.5186592156222036
4353,ecf37b1f86b50b11630e77a53911cba0a7e0c0da6bafac90c61775bb35dfc004,1,c234,c5,c5,c5,0.34938028,0.26206815,0.3885516,0.20152358572343365,0.35929213840399626,0.4391842758725701,0.22743785761392277,0.3373397743889207,0.4352223679971565
4359,0143c079c9ddc153c17ab0f05ead299e97efa0faa8a84f91c30ac0e6ffd44c1b,1,c5,c234,c1,c5,0.2773289,0.40028706,0.322384,0.4008742105718274,0.2369713320746362,0.3621544573535363,0.32441555162158325,0.3130436005257045,0.3625408478527121
4371,908af63b059b5e602a6d77f3d3c609f830568e5a6367f52b01679eeb37edde14,1,c5,c234,c5,c5,0.20542541,0.4186411,0.37593347,0.18197481883992242,0.21798288851930897,0.6000422926407687,0.24427447811922676,0.23442634137510293,0.5212991805056703
4373,ce3c6df1af36844dd2d22fec8a611cef68cd2629d3bd9153c6004fa9b29ea7b7,1,c1,c5,c234,c234,0.1442893,0.36218202,0.4935287,0.2975176785266872,0.41354246153554314,0.2889398599377696,0.29276244267383544,0.4054761069571995,0.30176145036896496
4386,e7bca94c3880979ec89b921771cfe9b61165dece43a339da1472d798f8cc0cda,1,c1,c1,c1,c1,0.48159745,0.35512343,0.16327906,0.48754647440208837,0.2914465835965639,0.22100694200134763,0.4423937387119303,0.33457817236091686,0.22302808892715292
4388,7d54c25ea887ef100fd0aa794a2a73d916b1ebaea13122718606a013615481e4,1,c234,c1,c234,c234,0.35193738,0.33135703,0.3167055,0.16947055058506777,0.5402945099708436,0.2902349394440885,0.24621462005035225,0.4369081308977552,0.31687724905189246
4390,25cf7cd0b47bbad67e8e31a6c1b2ff16b0843b147eebd7fd06615af6be6a646f,1,c5,c1,c5,c5,0.40381718,0.35829172,0.23789111,0.31043650958985586,0.26452150981241235,0.4250419805977318,0.2973833891707319,0.28830990786927685,0.4143067029599912
4402,2cb88b84abad5904324dcc4c3952262c629693726c61d0e8193b541a6f878af0,1,c5,c234,c1,c1,0.24364485,0.47944042,0.2769147,0.4555091863042551,0.3959405561965371,0.14855025749920792,0.4483705584194322,0.35731621881794245,0.19431322276262541
4406,9d1ab46f1cd3d32d383f41a4cafa02ba4e1ba74e3ed3f093e01894f6cc8e1f0d,1,c1,c1,c5,c5,0.41275874,0.30167985,0.28556135,0.11761296663740697,0.18932781074622165,0.6930592226163713,0.21561105848368214,0.23236313183244323,0.5520258096838747
4407,149585da1b5dbbd6cf2dde007a383b75cc843145d7a3b090c8ca48a74660f6dc,1,c5,c5,c234,c234,0.07697913,0.22527048,0.6977504,0.1940244171181234,0.45655161828557705,0.3494239645962995,0.23464931339712164,0.4127233866045877,0.35262729999829057
4411,7cb78192812d03f3756ab53e3c0116e13fa8ba6da47af089859be3b7afc081f3,1,c1,c5,c5,c5,0.17581174,0.25204244,0.5721458,0.20232571797480728,0.27327348972800064,0.524400792297192,0.23417509385647062,0.30245234673522464,0.46337255940830474
4417,2f015db56bc11952bf7b573274e553b3f0419fa97c0c8ca970f9293130f5f6b5,1,c1,c234,c1,c234,0.34192628,0.45887077,0.19920298,0.3365804757756804,0.3312873589331057,0.3321321652912139,0.32480094505482615,0.38916348817799484,0.2860355667671789
4424,58db82c57055926d4b14dc37c8b66bc59009dbee7c8458bfcb4f70097d5f9cc2,1,c1,c5,c5,c5,0.2128536,0.30785292,0.4792935,0.18519396474040647,0.300954563924045,0.5138514713355485,0.21914580655733168,0.3455322379922577,0.43532195545041075
4455,991e650063901fe8278ff3342c558d6738e725d9273436bd84d9cc02816c6c61,1,c1,c1,c1,c1,0.522638,0.22606465,0.25129724,0.5446521161270901,0.3309273481059646,0.12442053576694528,0.49573175782485546,0.2749242545969715,0.22934398757817304
4458,934f6d9e42a86fc562b4ed6dda7b4dafd4334247ce6b770a4b1640fdfb3c331c,1,c1,c1,c5,c5,0.41762778,0.3608059,0.22156632,0.15471344745033722,0.25362063877669566,0.5916659137729671,0.2557571209220963,0.2786789582081597,0.4655639208697441
4474,910fffbcce0d75160ae308dc71a0c9f0f53e5de2f9fb3fe253ce8f713d976484,1,c234,c5,c234,c5,0.13888441,0.27323842,0.5878772,0.26167754348101385,0.3701914516344924,0.3681310048844938,0.27828744140072087,0.309179598554529,0.4125329600447501
4476,9853265fced14f33880eceeb8f992d7f3f1bb12f7f6c9bf57c4be2fa514898c4,1,c1,c234,c234,c234,0.33379263,0.36057314,0.3056342,0.23860991578522225,0.58413096944042,0.17725911477435777,0.3116706662197236,0.4604373593640038,0.2278919744162726
4479,c89654956d6c90449f2635199a32b5dad66059cfb998e8596664fbb9fe6e27af,1,c234,c234,c234,c234,0.2743952,0.47301528,0.2525895,0.22118576918741442,0.45662355298060775,0.32219067783197775,0.27077788441325606,0.39961834385046036,0.3296037717362836
4486,f47b8900d6a1d1d511e13577cb71d072605e1a4c1050128b171b37927ce48ba4,1,c1,c5,c234,c234,0.1311796,0.36130866,0.50751173,0.12209040872211896,0.5925077419126662,0.28540184936521495,0.20051097635637,0.42241736017924497,0.37707166346438514
4497,6f91d2c63a8d6dea57646f5d9268b5c6c15fda8a1c6ef1e14d02608a3bd155ca,1,c234,c1,c1,c1,0.6012726,0.30504298,0.093684435,0.4270408109748038,0.38994090353813604,0.1830182854870602,0.4551781303887829,0.3622788721165707,0.18254299749464645
4499,f6a4046e584ada177721ae5300fa27619eaeed9aee66d893667659ce2413b43a,1,c234,c5,c234,c234,0.10175402,0.35230237,0.5459436,0.26766822594136314,0.44323128963227376,0.2891004844263632,0.3302994097827583,0.4287089435342928,0.2409916466829489
4508,c87b75cc2348018458cc9d261736ace1d3a9ed05cc434b0860fd1fd3724a5ccc,1,c5,c5,c234,c234,0.1636371,0.3362935,0.50006944,0.25883231518594213,0.4119495106558758,0.32921817415818216,0.279275455001762,0.3605905568060833,0.36013398819215475
4509,91df97093be121c3f13d0cd33e6585932447a4de60ff3f277520c57770fcb334,1,c5,c5,c5,c5,0.3185807,0.2643027,0.4171166,0.3431700398410242,0.26289777392998553,0.3939321862289903,0.24764315139981574,0.289158538946671,0.4631983096535134
4516,3593bd33e5ad0b9d0d686403df7536c6f90c0c66e5e39d605e2e822fbad0f59e,1,c234,c5,c234,c234,0.23340854,0.3525521,0.41403937,0.27362317915462236,0.46248751485814593,0.26388930598723176,0.3337516754901925,0.39215664228148434,0.2740916822283232
4520,3de52753c8be55aef007825749fd0e175c43242df2a5be87bed283c142d1e040,1,c5,c234,c5,c5,0.29977787,0.39600444,0.30421764,0.26280880436367415,0.22287985635752722,0.5143113392787987,0.26511307273366685,0.2833546968551823,0.4515322304111509
4523,66887d44e25e04e3cc9ea287484555a89bf5d97b16375babc0eaa52bf23333d9,1,c234,c234,c234,c234,0.32376996,0.4861276,0.19010244,0.3523874151517842,0.5321155570391105,0.1154970278091054,0.33459938111486026,0.479126571297293,0.1862740475878468
4526,fd797bc143ae1a551bcc4a827e8a5114a95af97f8886ae5c6da4a2cdfa346ba9,1,c234,c234,c1,c234,0.34929597,0.43696228,0.21374175,0.40095684336640297,0.3058589175724636,0.29318423906113356,0.30098630971448576,0.3746585074898376,0.3243551827956766
4533,73be89d68cd5f1a95087ae0a32a83611da010e4317201356ac7413a01006316c,1,c1,c234,c1,c1,0.30314994,0.43159294,0.26525715,0.37742138838678413,0.2685255189738499,0.35405309263936596,0.38987667460454806,0.30393143413286267,0.3061918912625893
4536,510b906109e79f6da07a09acdfcf6c95122756272dc98af5a84efeff096304a3,1,c1,c1,c1,c1,0.52707875,0.272057,0.20086426,0.38666227074682175,0.33889002374874944,0.2744477055044289,0.4023360086505072,0.3054585717312798,0.29220541961821295
4542,410de72d971427463d9ae2ba2f0b5695744a3e83ad5d61597917eec791d2dd70,1,c234,c5,c5,c5,0.2770879,0.3028262,0.4200859,0.18575419039238508,0.36903317428986576,0.44521263531774913,0.2382827336026921,0.3583375911165086,0.4033796752807993
4550,31a16b96f6ac305dcae7b1da62bdfd8f972f2ec1f394c944c7965a7754b7b004,1,c5,c5,c1,c1,0.15013778,0.37774354,0.4721187,0.41780565528454183,0.39308462977362896,0.18910971494182918,0.35686468120138487,0.3488633433697642,0.29427197542885086
4551,11c1e571f13496ad9b581aab2f6b0ea506b38cd80af4ac6c752a639acf86626b,1,c5,c234,c234,c234,0.30416214,0.43283954,0.2629983,0.38723524884273963,0.43447358047129203,0.17829117068596823,0.36721926820636647,0.37334960661924865,0.2594311251743849
4561,33842924382207a9f54856ea2d60967dc59a287f4f4d46ca2a31d272e62f80da,1,c234,c5,c1,c1,0.3045479,0.3348282,0.36062387,0.4758767912342275,0.2711589409637351,0.25296426780203746,0.3739846474763494,0.34154696602449064,0.28446838649916
4567,f0f1e58766efa9f419ce84d9da449fe9f3df60e32a9e22d0bbcfff29f99cdf04,1,c234,c234,c234,c234,0.36491555,0.39005446,0.24502999,0.3210260979143087,0.4648711849735681,0.21410271711212323,0.3284240103432173,0.37791291724853016,0.29366307240825246
4574,76443317a5dcb1cf6eeef9cbde311e17c3363de7e8e4b4b2c0faf59ed8841320,1,c1,c5,c5,c5,0.27265173,0.29832593,0.4290224,0.25075411219022664,0.3632687609001418,0.3859771269096315,0.2590370679830798,0.32664293480079853,0.4143199972161217
4598,edcc942488501cfe1083a1eb9f8c14eb6c4c9e6f926c3a7c6c7827c3b5faa857,1,c1,c1,c5,c5,0.3830801,0.270111,0.34680897,0.15119210420625975,0.28635404807466164,0.5624538477190785,0.2255168481409591,0.25582393623683725,0.5186592156222036
4600,f74184bc86f2c497e2eb68ea8ff12a10a381626b0ec9792f41465442cb5a9209,1,c1,c1,c1,c1,0.4370581,0.3908374,0.17210448,0.667000617515395,0.1868183886456496,0.14618099383895541,0.550364074783337,0.26319827982458205,0.18643764539208096
4612,2e0b4bb2e6e97dd3dccca6a49dc4c97eee531ab0be578828b9666b4c285ae02c,1,c1,c234,c234,c234,0.32715842,0.41697648,0.2558651,0.11143884480282307,0.6442704890092616,0.2442906661879152,0.21300728505615454,0.4852121593972915,0.30178055554655386
4614,cdb20b8952558e86907c5d751d0c5780fbe4c20e428bfc988ac7ed79bc136790,1,c1,c1,c5,c5,0.40722877,0.24155559,0.3512157,0.23072254798688882,0.2577812342232251,0.5114962177898861,0.2945258776149364,0.2654264451312058,0.44004767725385785
4615,fe1dfb3b3afccd744377ed4f3bf520ada771109b0ed31d4887a797de4ddbb4ca,1,c234,c234,c234,c234,0.3314569,0.39182398,0.2767191,0.3038009498242415,0.3842504490512863,0.3119486011244722,0.2762161717833502,0.3666367753799588,0.3571470528366911
4625,560b05f1da72f23daa0ad7005ca8cd64ba583199954741e2131acf4fddd80d60,1,c1,c1,c1,c1,0.47806257,0.32396165,0.19797574,0.6675397783801482,0.1613022326673199,0.1711579889525319,0.5691236292124191,0.2525822137807615,0.1782941570068195
4627,17120cda3fbe5824f1551856273e8b219bd31c708caf2c7ec2e5dfdc4b090b5b,1,c1,c1,c1,c1,0.57704556,0.3185961,0.1043584,0.7286562645004067,0.21897514204938143,0.05236859345021189,0.5442161947402624,0.33135709697315796,0.12442670828657955
4634,f0b919925220a0c4fa2718d8da3d3ca392e5595724a4f1a0517235906b7cf31c,1,c5,c234,c1,c1,0.2842728,0.45352015,0.26220703,0.5753530417815369,0.2059366411664199,0.21871031705204325,0.4110181132161024,0.3106242628988829,0.2783576238850147
4639,87d1991019af46707900d0fe81ecd1ee9f752587b54d133a517f063b59c8467d,1,c1,c1,c5,c5,0.40184593,0.29744586,0.30070814,0.3361942573935358,0.20811780388416345,0.4556879387223008,0.34411854724512597,0.21625127702429991,0.43963017573057417
4649,5c327132f7d7e5b8fb1044ad5cfd5d5cfe8bef33e6a1679664437985795fa845,1,c234,c1,c1,c234,0.38235313,0.31047887,0.30716804,0.471082004721434,0.33969385104715155,0.18922414423141437,0.36133086333459424,0.3767004676572002,0.2619686690082056
4654,ab98f56bb25c000caac4228717d73d94a0a3a3890029f65bac0d27098c93106f,1,c5,c5,c234,c234,0.103746764,0.3828194,0.5134339,0.12744906618893428,0.4676437002313963,0.4049072335796694,0.18590513844065917,0.41309061167497435,0.40100424988436656
4657,cf77865bb73f2b10e13220ee7455ad27afe8d04bd54637641b9c6637e2af3613,1,c5,c5,c234,c234,0.2925116,0.340651,0.36683744,0.2461161365104433,0.5564530045963257,0.19743085889323092,0.24882592524144506,0.47660019015929866,0.2745738845992563
4675,991063706e97b734f03a6ad808520d4455a978480252fd189108370c8382b18d,1,c1,c5,c5,c1,0.23989035,0.3255019,0.43460777,0.36968846300743236,0.25045506949256013,0.37985646750000746,0.3803250504570862,0.2947733902207122,0.32490155932220166
4691,ee1246cc77c687171d65c17e73d05906b3589277c954a14ad35ed66507dad643,1,c234,c234,c5,c5,0.2076338,0.41948068,0.37288547,0.13966145344707004,0.3867095749739816,0.47362897157894834,0.17325088040669206,0.35553946734326664,0.47120965225004136
4720,446338c26fc641a7112ca9d9435c7285e9b61ec22bf3e534f98cf1ce3dcd8578,1,c1,c5,c5,c5,0.08878711,0.29770693,0.61350596,0.14067053848129835,0.18952384034219075,0.6698056211765109,0.22296910975338757,0.23759155348377575,0.5394393367628366
4732,70c23652b4339bfcc938eccbdcaa5f13a3392cc76bbb1cf47a710509c89eb943,1,c1,c1,c5,c5,0.42164123,0.29170743,0.28665137,0.3701193976413022,0.21199178297424623,0.4178888193844516,0.34383929554170295,0.21279927066826307,0.44336143379003395
4738,0c7754ea542ed8a9fe11df16a9793da51aa31a70ec469199568d7d1d422cbf81,1,c234,c1,c234,c234,0.39227313,0.35039434,0.25733256,0.1566733418431942,0.5442268724505978,0.299099785706208,0.23739721428461824,0.5144466452282942,0.24815614048708753
4743,8141ea294e45ef3112e2107a259a9ac77bd83e83262feaaaffac830950c1f9e0,1,c1,c5,c5,c5,0.25632742,0.30218565,0.44148695,0.27226369883844664,0.16658455180044596,0.5611517493611073,0.3056307396684244,0.2679384885817186,0.42643077174985694
4755,1fe5995aa0cd304390667411b38d8e4f3dd4bd8419c93b95dc28a6344d642768,1,c5,c234,c234,c234,0.30117097,0.39729398,0.30153507,0.18378761398698465,0.5773261181906869,0.23888626782232847,0.23680899849685194,0.4252577039332531,0.337933297569895
4761,384436658cce2fa536552089396f1b7a401eebfd385fb8e4490b032731d09121,1,c5,c5,c5,c5,0.19956903,0.2226999,0.5777311,0.1398740096448297,0.26656800877369197,0.5935579815814783,0.19131314802781463,0.27310267054739684,0.5355841814247886
4777,931776037dba503cd38c6f602b6734518a8faede677bb554d7a7cfa0074209c0,1,c1,c1,c234,c5,0.4256752,0.2811669,0.29315782,0.24831220023904138,0.3816657436724698,0.3700220560884889,0.3038142827283813,0.3232318897695457,0.3729538275020729
4787,576a51bee3833b8eff27b93099926da2bf83f75a0401d43be43bedb06f8b1945,1,c5,c5,c234,c234,0.13410293,0.40406582,0.46183133,0.09800973907972999,0.6867695536197903,0.2152207073004797,0.18011510963786728,0.5161668859007453,0.30371800446138736
4792,6979f7acc66715bf5c34a23c5fc080982d6a4a3fc0ed597f551448cb6bde814b,1,c1,c1,c1,c1,0.42926326,0.39124382,0.17949297,0.6176068869231305,0.3365125804217234,0.045880532655146154,0.5092964470103318,0.38243259900191906,0.10827095398774912
4811,334f0d07e254561d28bc5c3ff07e649d4e04ad4aa0f686d0c3a36e3116f1ce69,1,c1,c5,c234,c234,0.123832956,0.304096,0.572071,0.34231111015158805,0.37321385710313965,0.28447503274527236,0.33931593398724025,0.34797774217391586,0.31270632383884395
4815,7884a242a2f74bfb0499c26890095b6b463c763c60c84e3719f63f2dbc5c786d,1,c234,c1,c1,c1,0.615327,0.29581094,0.08886205,0.6990657858619659,0.19122662285112324,0.10970759128691092,0.6127657466079417,0.22757473410112972,0.1596595192909286
4824,b8f1277c9bc90399ae48a1ac5c36d46fdfed73e7c41445bd4a34f25701dbe566,1,c234,c1,c234,c5,0.55931914,0.28714293,0.15353802,0.30653572334534096,0.34952192689103406,0.34394234976362487,0.31014574335242673,0.3062637867410652,0.38359046990650814
4828,edcc942488501cfe1083a1eb9f8c14eb6c4c9e6f926c3a7c6c7827c3b5faa857,1,c1,c1,c5,c5,0.3830801,0.270111,0.34680897,0.15119210420625975,0.28635404807466164,0.5624538477190785,0.2255168481409591,0.25582393623683725,0.5186592156222036
4838,64f43b1be8d84bf40898b87f8ccc9f4177cdf60c417f7eec507c444e5b39cb35,1,c234,c1,c1,c1,0.36562514,0.26898718,0.36538765,0.4604064802232538,0.29098508625331493,0.2486084335234314,0.374116945468399,0.3305921161134692,0.29529093841813175
4842,dc7058bbfcaeb097c4e7b1a87a18e6edffec57660ab797ce02c529f89dd8b0ae,1,c234,c5,c234,c234,0.11589968,0.36625627,0.5178441,0.31591534897829454,0.39769508074163096,0.28638957028007456,0.322806567785892,0.34804380476085445,0.3291496274532536
4852,cbd00022d212a05a4ebeb81a3c4799c8f72d58dd3fadbecbd361d438914ab9c7,1,c234,c5,c5,c5,0.20670435,0.26349643,0.52979916,0.13502558799898887,0.38963894526825943,0.4753354667327517,0.16604389093569905,0.3942635751135492,0.43969253395075175
4853,741ce42b21aa9a6cd9a2d70aa52392043df365630c7f0b588ad19f71527b6ef5,1,c5,c1,c1,c1,0.38375774,0.31869718,0.2975451,0.45265276480968314,0.1864398549288107,0.36090738026150615,0.405907896569563,0.23671008123833887,0.357382022192098
4855,e1bfeec3f6f940df37c91a744b0e6ddfa15204cb5a3a2dcc8fa6c3eb71b4054d,1,c1,c234,c1,c234,0.36917514,0.38158226,0.24924263,0.4315328402730586,0.3643670579709819,0.2041001017559594,0.37195693029701465,0.3808127778652026,0.24723029183778267
4861,8f62e1d3f1531dc5c0ba269162db8d9a548434c6f35ceabd3b5e3804c2dc03c0,1,c1,c1,c1,c1,0.379361,0.3710491,0.24958989,0.5645568905969429,0.2758282361659754,0.15961487323708165,0.4437791273718938,0.32734102700015877,0.2288798456279476
4865,4d446b4f8cdf8e819a6f0800ad98e13f47f7999d271309e92f59cc631a440a69,1,c234,c234,c1,c1,0.28015488,0.49061862,0.22922653,0.6795292335331066,0.1785954830113306,0.14187528345556283,0.5363048888892492,0.2940609586527132,0.16963415245803767
4867,4d4d0abe745438607aa02bfb6c5d0b1a4523cc82ee5d5caab5b7c9360ec00aab,1,c1,c5,c234,c234,0.3595683,0.24860072,0.391831,0.26262260107518837,0.5443069535899264,0.19307044533488524,0.34335152604407465,0.36198794514653554,0.29466052880938987
4892,9debc75418d75c6ba44b84513866df868f2e23bcbda79eae596db5a8b97985be,1,c5,c5,c234,c234,0.21376428,0.38533935,0.40089637,0.19089813013645057,0.4334158044018942,0.3756860654616551,0.23492761603186996,0.38384486684033864,0.38122751712779124
4893,0cb3bd5b8a51964e16aa4cf0a82d90bff9fd598918f07cf9b59555ffcd570083,1,c234,c5,c5,c5,0.20964926,0.33734876,0.45300198,0.18625212113705086,0.3001316314890918,0.5136162473738574,0.22670716760800952,0.3011380509747836,0.47215478141720696
4907,6dff9c1e1d6f2e044551664695f237dca2413b7570b5ec85a910653e1981c5bf,1,c234,c234,c234,c234,0.37543866,0.3900172,0.23454413,0.2854288782695218,0.5129976735432481,0.20157344818723014,0.36341379317834344,0.38627997779151163,0.25030622903014493
4918,ae4ce7f09cb0260cf7af6fb5b82de87aba49e017134d99f55bc55dc3ff37eaa2,1,c234,c234,c234,c234,0.29420066,0.37181506,0.33398426,0.16957135159000666,0.6036994253654917,0.22672922304450155,0.2219766150067045,0.4935536924046829,0.2844696925886126
4921,df5edb7e60552a808b6d6ce6d23dbe222513bbd1f72c655ac8c67c38da53417d,1,c234,c234,c5,c5,0.23560874,0.42690244,0.33748883,0.2261396190624594,0.38190590901068283,0.39195447192685773,0.21617846557180168,0.39117271992193026,0.39264881450626804
4922,5ad9dae9e6e795b4f07b37f1a8d02083b7f88e462e664fe00feec1d355d0a1cf,1,c1,c234,c1,c1,0.33796614,0.46357548,0.1984584,0.4649474205198833,0.22737318740163573,0.307679392078481,0.3938109689019288,0.29939950318431396,0.30678952791375713
4928,c980ba0eb77b9c49d8254f02778d6ca3a057f5dfe3f95d7004db952875e56192,1,c1,c1,c5,c5,0.40330887,0.35906464,0.23762654,0.26054716797832966,0.36824842373731465,0.3712044082843557,0.2893550300414783,0.3505444515816144,0.3601005183769073
4940,7ae8d234c18ddf89daa2c73d8ea30a8a79ec93613e1bc9e56c2ad5ded6028aa6,1,c234,c5,c234,c234,0.27931315,0.30975997,0.41092694,0.3740835477575832,0.46560797846090646,0.16030847378151042,0.35540592660380965,0.36492599703468553,0.27966807636150487
4949,6202751721b2cef0cd28080919ef824a46a48d873aaacb9c5aa4776f0b51493d,1,c5,c234,c234,c234,0.30700108,0.45190617,0.24109271,0.33484669214587187,0.4404870682863482,0.22466623956777992,0.35296681613006653,0.36728619156928755,0.27974699230064587
4950,9b01c957a9af68ffdb9180ad8f9e85d16291478d8d1e6eead0e87e5abd9b1ab1,1,c5,c1,c1,c1,0.48104241,0.29996786,0.21898971,0.4074830179475887,0.3169199125787059,0.27559706947370555,0.41341831155852793,0.3164656155647063,0.2701160728767658
4953,93641d12fc783153f953701d72927816de3ee2c4495d7553ad6da5116d395a54,1,c234,c234,c1,c1,0.36295763,0.39745718,0.2395852,0.6593899551645386,0.2327385842363593,0.1078714605991021,0.4526735127659511,0.3295990732830308,0.21772741395101822
4956,2adc16d796e0b27bf0f0810cf0e8606346eca4d18a051ce900fbfd0207ca19d5,1,c234,c1,c1,c1,0.615327,0.29581094,0.08886205,0.7570776937433568,0.15475014215377925,0.08817216410286396,0.6022970519555513,0.24327920661316452,0.15442374143128415
4957,7884a242a2f74bfb0499c26890095b6b463c763c60c84e3719f63f2dbc5c786d,1,c1,c1,c1,c1,0.615327,0.29581094,0.08886205,0.6990657858619659,0.19122662285112324,0.10970759128691092,0.6127657466079417,0.22757473410112972,0.1596595192909286
4972,b628ccda7bac065a32022a4ee0fbcfe7e77250e67b675aa4782d8954f1691313,1,c1,c1,c234,c234,0.46890253,0.381359,0.14973837,0.2789309217961553,0.4400857491001767,0.280983329103668,0.25950002562919805,0.4039937093396709,0.3365062650311312
4994,c57f0803b350d8bb66ff5735965b3b7c600d418ce809b00e1dbf9f257030418f,1,c234,c5,c5,c5,0.33853534,0.2892681,0.3721966,0.20490866593991092,0.31548476329188063,0.47960657076820856,0.2922121767965909,0.2807986212071864,0.42698920199622276
5018,95b0037a4bb8fde3a7aa6d7ebcd77ee0a42e0848d12891975cf584bcce37b39b,1,c234,c234,c1,c1,0.28785792,0.4440491,0.268093,0.3972696028518811,0.26392422375011787,0.33880617339800106,0.360571601527391,0.34477313030876283,0.2946552681638463
5019,cfc0c8131bd318652e4ed23682802df921224f8a1d38f68206329c25bc3a3cee,1,c1,c1,c1,c1,0.61508733,0.28265002,0.10226265,0.5685497187962443,0.34550921308942406,0.08594106811433183,0.5166944611642719,0.3432653525581918,0.1400401862775364
5025,f277787de08750ef0792f5306388731007438abca1b87242cc6c99b235e34467,1,c5,c234,c5,c5,0.28822425,0.38031292,0.33146283,0.1516290072137345,0.19772222198090603,0.6506487708053594,0.22939958835698698,0.23223597768200607,0.538364433961007
5045,90eed85411df257c310c9006e0b3aadcb00d39994d28e91d5bf6f30eb0f34bc3,1,c234,c1,c1,c1,0.6313547,0.28103858,0.08760669,0.783532148964579,0.14878190243549208,0.06768594859992892,0.6327545785935961,0.23735959761840225,0.12988582378800165
5053,edcc942488501cfe1083a1eb9f8c14eb6c4c9e6f926c3a7c6c7827c3b5faa857,1,c1,c1,c5,c5,0.3830801,0.270111,0.34680897,0.15119210420625975,0.28635404807466164,0.5624538477190785,0.2255168481409591,0.25582393623683725,0.5186592156222036
5056,425338d11c183c1bbccc346f6da48c9dcf7c5eb245c7bfae185afef177c4bb22,1,c234,c5,c5,c5,0.28562462,0.34759465,0.3667808,0.2236126544094274,0.19761227324244876,0.5787750723481239,0.2891618023934101,0.2236980173896718,0.4871401802169181
5076,2839daa5a8128a93815d260ba5938d6497f258490874c2cadcb7ffb78d16ea88,1,c1,c234,c234,c234,0.20374338,0.40705338,0.38920325,0.13652318989125553,0.4620531255103848,0.40142368459835964,0.2399237352249385,0.3813782841152458,0.3786979806598157
5085,24f845c76eb8e8a58b1790a77d41721a3b444cac841948aadd5ea30d802c62f5,1,c1,c5,c1,c1,0.28671578,0.30321145,0.41007274,0.4742565379410641,0.2407293881208549,0.2850140739380811,0.3953632408868989,0.25410512598805246,0.35053163312504865
5090,5bba2adfc1e09eb6185f515c8cd5cbfc22c4892f0394ab7e47c9beb7548a7d5c,1,c1,c5,c234,c5,0.14699717,0.32692116,0.5260816,0.10228849235939158,0.5142938363867482,0.3834176712538602,0.16946574533961523,0.4044420892014979,0.42609216545888684
5108,87f41f5479d638597363924d87e3f3277e7a82a939a696a39a3e19d6a2d337e4,1,c234,c1,c234,c234,0.4065202,0.33559525,0.25788462,0.28383292194231263,0.38123428732603404,0.33493279073165333,0.31731550914050843,0.3959025481708597,0.28678194268863194
5121,cd565cecd35e8ad01bbd89b6e682e26b337bad31e2311fec56adb23bf069be4b,1,c234,c234,c234,c5,0.28861076,0.36367124,0.34771806,0.24414528957754883,0.4361842702069978,0.3196704402154534,0.2665558605124061,0.3458340458049343,0.3876100936826596
5137,028a281f73ca9252ebd79cdb4d55703cfb0b0af6742ed5b38266dfcef0bce32a,1,c1,c5,c5,c5,0.34952727,0.25172734,0.3987454,0.18114361175477622,0.32184949800443813,0.49700689024078554,0.2372355301830293,0.3540140278392075,0.4087504419777631
5142,5c7922b93ddbfc4033ce87541f3cf505eefd3d0f3569fd210b2841402df1a6d7,1,c5,c1,c5,c5,0.43795273,0.32375464,0.23829266,0.2075323826841982,0.23909226186415755,0.5533753554516442,0.24259546390079398,0.27706141933133094,0.480343116767875
5157,12120bd9145ab38b50cd00cec96254a7cb91bf4ff0c7d403e62b2f0288881a55,1,c234,c1,c234,c234,0.59687567,0.26979652,0.13332784,0.15363278697654476,0.5078510455056308,0.33851616751782454,0.2036373388943321,0.4521836892794668,0.344178971826201
5186,45be80a7ea7d75edace5865b7b756eed4f798760b0b1f73c383f18c5aa131c2e,1,c1,c5,c234,c5,0.18013193,0.34742352,0.47244453,0.11243538812789941,0.46205826041083153,0.425506351461269,0.18190457005784627,0.319250567904249,0.4988448620379048
5191,f53301f1569315da01105e909c488c8f3630b70d8046d4ac355e0faca3b735f4,1,c5,c1,c1,c1,0.35778973,0.33792692,0.30428326,0.5681325702261141,0.21285049221530616,0.21901693755857976,0.4578264642899926,0.2704296204915401,0.2717439152184673
5192,1eb2d7400a531cf7adb9b096729141ae885f14ab8bb57361baa8b666255a9a27,1,c234,c5,c5,c5,0.20052198,0.388921,0.41055703,0.2956491344452681,0.3004575306934997,0.4038933348612322,0.2666557401674611,0.36393396325225247,0.3694102965802864
5209,6277bcbcbed5e42087a699f17c123c1023a8ab554ee2fdde8db5008b8a043efa,1,c5,c1,c5,c5,0.4043022,0.35956055,0.23613724,0.31043650958985586,0.26452150981241235,0.4250419805977318,0.29304596538389377,0.292817342838855,0.41413669177725126
5222,407c05908d6ac38b0ce65730819a296b83ec5b46e021a763eb178406c2696bb8,1,c5,c5,c5,c5,0.12012378,0.3773951,0.5024812,0.06188903033944021,0.26669632646377534,0.6714146431967845,0.13613567939230625,0.30760927763853047,0.5562550429691632
5227,625e7bcc3658043fa58801edef60ff71e240f65caef6e343620f90ada0141d84,1,c5,c234,c1,c1,0.30286115,0.37319863,0.32394025,0.4950164526022647,0.3377518590309212,0.1672316883668142,0.41393338793208406,0.3143057665414672,0.27176084552644886
5230,355504771ef0af37eef58ad09a7912a22adb2660596e0c93910b86ff50e7a4d1,1,c1,c1,c234,c1,0.60098094,0.30483046,0.09418864,0.3716814066730151,0.4663229098979315,0.1619956834290534,0.4309593547949838,0.39799797316499913,0.17104267204001697
5238,8d46defa353dfdb7a0e326570f9b678ccc14988704105246b6dcaaf94b0d0487,1,c1,c5,c234,c234,0.18757339,0.38366556,0.4287611,0.28934880133540325,0.37501953913393693,0.3356316595306598,0.3052464774371611,0.37090522428567047,0.3238482982771685
5239,d09bafcae5b74db1bed07ffd5ee8d0811fab61cbd19b0eab71a936509e52ebef,1,c1,c5,c234,c5,0.089814015,0.34311226,0.56707376,0.27986902719132883,0.3729138916388589,0.34721708116981237,0.2530505519074785,0.335679000093127,0.41127044799939444
5252,807bd0f1f3fba66f33a23fe1e580e4fad600e9008b00df80ea8e2424b83e22a3,1,c1,c1,c1,c1,0.5445381,0.25912264,0.19633926,0.5948773238897717,0.23044419841091077,0.17467847769931766,0.40614947101554866,0.27681465615547995,0.3170358728289714
5253,3a78007bba005df9d16e883592a71c5dd9bc834e7bb53fd7a522b7f94d0a35f7,1,c234,c234,c234,c234,0.35022068,0.42619652,0.22358286,0.29600225569897476,0.5653693666834646,0.1386283776175607,0.2734186936653712,0.4895727642390133,0.23700854209561534
5265,37a80ebd931e1b623cd2c528987594cb48877555a506286280eef60d268c9c95,1,c1,c5,c1,c1,0.19867256,0.33925223,0.4620751,0.3943196930320338,0.3627344778062655,0.24294582916170077,0.3767690833577131,0.32971988323712265,0.29351103340516427
5267,6cd0c4544ce6db16a1f88d83742a76d1e66a43d39453052c216d39350d144579,1,c5,c1,c5,c5,0.43372804,0.2546907,0.31158128,0.14212406308224643,0.24598564451248348,0.6118902924052702,0.1891654847457006,0.3233171787039768,0.4875173365503224
5277,3c00482d9fa26c8a0829c933513d842ce127f2b0707900762a7852abb5c3c62c,1,c5,c5,c234,c5,0.18971741,0.21945497,0.5908276,0.21012733671670636,0.42316809143547934,0.36670457184781435,0.23263052706763818,0.30345646675755333,0.46391300617480846
5280,5184fce26d44de65e5295905e0c0daf2d4dec29190723cc4674d28aa4e5695c9,1,c5,c234,c5,c5,0.3638017,0.38710776,0.24909054,0.2009092410790776,0.2894862439933323,0.5096045149275902,0.28389609059934573,0.31516182865329956,0.40094208074735477
5281,42116ccf799dbc820259f312fbfa25d1a0a611931bcb0b42e4d167b837b9260d,1,c234,c1,c5,c5,0.40146697,0.29574248,0.30279058,0.380225796666194,0.2323635420055798,0.3874106613282262,0.36075426537208943,0.2264955474861526,0.4127501871417581
5293,366441a223b7ff7c4beb204245319422b7dd522d6f771a0df96fa3f74b3d3edb,1,c5,c234,c234,c234,0.38643256,0.4219692,0.1915982,0.17769978455499497,0.5135735230065355,0.3087266924384697,0.2621903757992743,0.4062018877482675,0.3316077364524583
5299,c91dacd10512a2afece4b2f21098ec698bb136891af618cd06b0980b44837d68,1,c5,c234,c234,c5,0.242443,0.38798004,0.36957702,0.2976915024864618,0.3567807022661289,0.34552779524740923,0.30647485370581173,0.33868930019465354,0.3548358460995347
5300,fc248024bfe508ddcded7a0ae2c4e49c42279e73e9d5551f11d140cb1275598d,1,c1,c5,c5,c5,0.21581285,0.27061066,0.5135765,0.13726287010699964,0.3950807460575589,0.4676563838354415,0.22307411920309897,0.29759810949985205,0.47932777129704895
5306,14048bfc8de547328c5729d5671b1c4ec81375e97ba081ea2a9c6dce0ada0271,1,c1,c1,c234,c234,0.611926,0.29580817,0.09226579,0.3223930993145691,0.5736286346656825,0.1039782660197484,0.4066123371142723,0.4411048753477332,0.1522827875379945
5335,cd4d0730fcf559a0fd5d6df399197bbf85f19ac06644e465b302a62f1e16234b,1,c234,c1,c1,c1,0.44373685,0.3093655,0.24689764,0.3611818052399666,0.30726717365783185,0.33155102110220147,0.37047857635320747,0.32685898386773365,0.30266243977905877
5342,b4dbbf13dde6b3de8ead42a8da4f878d33a9a9f5100b418ca56469bb472e84b1,1,c1,c5,c234,c5,0.16329487,0.40340862,0.4332965,0.31603240766039625,0.3598573675570236,0.3241102247825803,0.2989652868799748,0.33369295607764554,0.36734175704237965
5344,d66ca0dd7cf7bbbf8cd53ef06409cf8a3b6b9e4fc910a106e47faf0817dc9ace,1,c234,c234,c234,c234,0.30499125,0.42868584,0.26632288,0.14858538091321516,0.5771565260471868,0.274258093039598,0.20038794258509374,0.4744329086881684,0.3251791487267379
5349,d891e7a26da78e29d49ce616ae95efaa516cd6266adde762b44fc284ba38ec6b,1,c234,c1,c5,c5,0.42626116,0.2671693,0.30656964,0.3615064124125596,0.27603392688505013,0.3624596607023903,0.3374417609874602,0.2537482999481438,0.408809939064396
5356,7ae8d234c18ddf89daa2c73d8ea30a8a79ec93613e1bc9e56c2ad5ded6028aa6,1,c5,c5,c234,c234,0.27931315,0.30975997,0.41092694,0.3740835477575832,0.46560797846090646,0.16030847378151042,0.35540592660380965,0.36492599703468553,0.27966807636150487
5369,ba8b3e545b0a6a3abf450f2a46fd30adf96e2071b07e475e47808058925b9459,1,c1,c5,c5,c5,0.25200808,0.22601748,0.52197444,0.21453930431828588,0.38486621340374794,0.4005944822779662,0.274883061824863,0.2914176028759008,0.43369933529923616
5370,0493e2a0f6e68cccb26843bc0954388b7ca67cce2887e3c670016104c4c4ecc1,1,c1,c234,c234,c234,0.32499218,0.41149294,0.2635149,0.34671115456355844,0.3854379098900984,0.26785093554634315,0.33791663287397294,0.33989437606141154,0.32218899106461557
5373,a73f29fa74db41115bd4417d409c2f78d8dbf622857ccb8de496360d09c946a5,1,c1,c1,c234,c234,0.4058992,0.3721089,0.22199197,0.18722219584927255,0.486298066720879,0.3264797374298484,0.2296446892317793,0.4431262514361726,0.32722905933204816
5374,cc0f4cef38e0a8fce21851fb6c34ddc931bdd0388357f61d2bfc7b837e3513fd,1,c1,c5,c5,c5,0.21350512,0.32566637,0.46082845,0.2676680022107493,0.26476040277468627,0.46757159501456436,0.27080434015384985,0.3453403430282636,0.38385531681788654
5379,f93893c793a9a0f364f70e8b14f8fa6d01e60d4a6b606ef524f95c72bac87072,1,c5,c1,c234,c234,0.489881,0.25881562,0.25130334,0.3041172242856388,0.47616315367812273,0.21971962203623846,0.32049157935654965,0.37109854070795084,0.3084098799354995
5386,6bfb25932aadb7a3caef73b36036702b2c72102a40dee7b824eee69eb5dadfef,1,c234,c1,c1,c5,0.41387072,0.28389734,0.30223206,0.4080596711094951,0.2185050596162535,0.3734352692742514,0.373453634883598,0.22702512790813248,0.3995212372082694
5400,0a6de54c5a5f0d19f118bc743e410164bb1ade6c3a4ffb3cad5a0ab39bf3364a,1,c5,c234,c234,c234,0.27986526,0.3746688,0.34546593,0.2563830388888875,0.6016872266355188,0.14192973447559373,0.3067118245029534,0.4768605969477999,0.2164275785492466
5407,dfee783f935ba2962418dd165d2f8e94e38f8d2957bcd5f6e958c3a544025a7e,1,c1,c5,c5,c5,0.14912134,0.40414986,0.44672883,0.29808949329919693,0.30628650965908283,0.39562399704172024,0.31157595566600943,0.31613811937746755,0.37228592495652313
5421,4ee7ffe55869f7600fc8ad6e3eac781f15413a089a3b9b6f1c964f5b8a84fe7c,1,c234,c234,c234,c5,0.3121592,0.35567296,0.3321679,0.16071408420061292,0.42261528453879,0.41667063126059717,0.24482757873747607,0.36703439927436776,0.3881380219881561
5422,69f39d8b201d7e2fb1c9c58ea826c6ddddf98f705d4cde4bf71d4c3b2ea24a0e,1,c234,c234,c5,c5,0.34207526,0.42763996,0.23028481,0.2443879752220939,0.299511342329181,0.45610068244872515,0.27197166485343155,0.3576762800777631,0.3703520550688053
5458,e932eeaa40faef2ee58b50dc8d748aafecbbb2087b17fd6fde4dc25081ca42ef,1,c234,c1,c1,c1,0.4211531,0.26141617,0.31743082,0.6287617813058676,0.1419741223482673,0.22926409634586506,0.4747210740919536,0.23371312634039143,0.2915657995676549
5461,46d6b4a03b79bc8a177533cee64be79a47c59c768464831428fb13efb360371b,1,c1,c1,c5,c5,0.4464568,0.25032786,0.30321535,0.34940877997652,0.18363828368538682,0.4669529363380931,0.3255547901486896,0.23061620890334966,0.44382900094796074
5477,1328fdd85d5be184ae89f5082f6525a1d2b7120c37246ccb094f810b9af89eb7,1,c1,c1,c234,c234,0.39011952,0.34698135,0.26289916,0.2215704249361621,0.5509734923374177,0.22745608272642026,0.2628108651987235,0.4584593347901124,0.27872980001116404
5486,9930cf5ff8050bb748eff42731e412f4bd9d7c82b14fd3c5e06af7508c793d74,1,c234,c5,c5,c5,0.20737362,0.35782555,0.43480083,0.19932811819956428,0.36979347472768775,0.43087840707274794,0.22902237092106364,0.3781983027924983,0.3927793262864381
5489,2aae3bd573de3457cfba38266f6d01e6b4c925869eebf19f0c01a33fcab11e59,1,c5,c1,c234,c234,0.38546368,0.3424781,0.2720582,0.1833112850161365,0.4844337418347603,0.3322549731491033,0.23966114053751544,0.4486376397740246,0.31170121968846
5493,7f88b9ab3bfcc9d7467a01a49fa6f2224a98b5684993fdf987f20535ed638dd0,1,c1,c234,c5,c1,0.3648336,0.3753404,0.259826,0.26232247902049666,0.33959442537542134,0.398083095604082,0.34670536446296135,0.3384861153698003,0.3148085201672383
5495,090ce478ff59f713ef13fd87b8d524900e86a96863790d91d9a179df9545bbcf,1,c1,c5,c5,c5,0.22627823,0.31461903,0.45910275,0.25306810655048817,0.1931655126980321,0.5537663807514798,0.25822215942808396,0.23873095112571538,0.5030468894462007
5496,7466738e2bea5e1a8f6f7da437041523d001066b8ceac04f6dda1f6575e21142,1,c5,c5,c5,c5,0.18901889,0.3647508,0.44623026,0.21194877785562455,0.3589115339805482,0.42913968816382725,0.2435496827813095,0.27893257921230236,0.4775177380063882
5500,2c48eaf18d911f1d421d4a2daf4beb77fa0f39bb01f96b2bd5d079468227d37f,1,c5,c5,c234,c234,0.17022526,0.41244197,0.41733277,0.14641249293770295,0.5148790533008191,0.3387084537614779,0.23484893798847628,0.3932429170140625,0.37190814499746117
5506,0afaa33db9a157105f102c71bdac60579070e9dd162186a7f5889b72b8a68f10,1,c5,c5,c5,c5,0.23451804,0.3389772,0.42650485,0.17322596868816353,0.3381726741527839,0.48860135715905273,0.1973835705436944,0.3586047714990426,0.444011657957263
5515,0e29e5d858a469fab9009850a961789430fcc5b25f4fa19911433a58e9914ee3,1,c234,c234,c234,c234,0.18182403,0.48705724,0.3311188,0.25433843936072037,0.45680835364952344,0.28885320698975614,0.307216892893711,0.3997516123968788,0.29303149470941026
5520,dc0af3587bb2141e8b83734f57bf01656cf96b8fdd0b2a79c93e0bef5670cd78,1,c5,c234,c234,c234,0.28287047,0.42642748,0.2907021,0.08851145494797162,0.6951665622507257,0.2163219828013027,0.21273629792002025,0.5032597518925587,0.2840039501874212
5524,52c7a88ca2d47c8514caef19866dea724834b053063085ac6751e39383990a63,1,c234,c234,c1,c1,0.29849797,0.38801622,0.31348577,0.39077259245607826,0.2710687019682392,0.3381587055756825,0.3758685166107781,0.29657833147910007,0.3275531519101217
5526,be10c9c538dda074a3f834cfc726630478989767f37fa776d8ca389767bf4522,1,c5,c234,c5,c5,0.22810937,0.4639136,0.307977,0.14946767387057247,0.3341105256845413,0.5164218004448862,0.21399115828575802,0.3400153194067593,0.4459935223074827
5530,4bfb4679752d62715664511e21a072be1a76b7880625e1a55a3248f90a523a68,1,c5,c1,c1,c1,0.444832,0.34426823,0.21089974,0.4669589159970445,0.25385259136428634,0.2791884926386692,0.4286057204466691,0.2558569521672639,0.31553732738606705
5531,25515e4cd434ab7980485c2a25936ee1072bb446338e89f486e8be6677120c87,1,c5,c1,c1,c1,0.6108333,0.29662418,0.092542455,0.4288951454555204,0.3196251478547138,0.25147970668976577,0.4802673030704657,0.338595126720744,0.18113757020879043
5539,3197cd5989d3f0f3761dd866f857949784c2c70d4fd37313fc23881e2102834e,1,c1,c1,c1,c1,0.42376307,0.38065708,0.19557984,0.4343225527440357,0.22056135260838514,0.3451160946475793,0.37535864736232577,0.2987273810720712,0.325913971565603
5546,925a555e51f6ea1ba1f4665061bb63273afea5d0487526d684745997463c56ea,1,c234,c234,c234,c234,0.33602768,0.34070173,0.32327062,0.10539668280234628,0.5359501038261457,0.3586532133715079,0.19431965533077403,0.4460623692078191,0.35961797546140667
5553,057d7647407d7a9551cef2bd8db5b5c8c346e28a7dfed7945a7ce76059943171,1,c5,c234,c1,c1,0.3574834,0.36915538,0.2733612,0.3824321604121883,0.2671610156517508,0.3504068239360609,0.35422760668624503,0.3011473263652816,0.3446250669484735
5562,9ad6836d95f2ea1beaaff575673fdd99e7d1413344e1c399f0309634b3ce673c,1,c1,c1,c5,c5,0.41523635,0.28456602,0.30019763,0.38982593345246347,0.21762991081998823,0.39254415572754836,0.36340761243962905,0.21481189598721176,0.4217804915731592
5563,a69965f7e73aed848ecdb6537b8179cc4ab3d4ecea865080130f079696db950c,1,c5,c1,c234,c234,0.3741007,0.3727023,0.253197,0.27963540662560915,0.4948075008597808,0.22555709251461,0.2965771299327572,0.40490391793296104,0.29851895213428176
5571,6cb893ba7563f0c77de7864dc42ea6774e6254c67a8f0cdcc03a61a8791f60eb,1,c1,c1,c5,c5,0.45108414,0.21494688,0.333969,0.33006603261636075,0.14668589990107694,0.5232480674825623,0.38832472408035407,0.20562841049935662,0.4060468654202894
5588,fc5fd82e6d2fb043201ec8b8f1a8ae54dbdb7850f7d66334ce93e8905f018ec8,1,c5,c5,c234,c234,0.22118902,0.37033784,0.4084731,0.2754717095502388,0.4727888044347914,0.2517394860149698,0.30814985005193957,0.3642256992055759,0.3276244507424846
5600,67e2f5d0d2e7659560a7de9acae920ecbbdbad2489943b0240bbda7f4ca02c05,1,c1,c1,c1,c1,0.5903846,0.27745086,0.13216455,0.45844145413614623,0.3430365024314076,0.19852204343244617,0.3824199466572698,0.3336598559449811,0.28392019739774915
5621,599c26c13d4bda06ab79333a5aa86f888b7e84494fcdebdf4142371bfe52444c,1,c5,c5,c5,c5,0.14770398,0.29411548,0.5581806,0.1319119750512349,0.2847350484005361,0.583352976548229,0.19052626630442238,0.30576905111666164,0.503704682578916
5632,f676f76d5aae30d3ba6fd00ae89a6d10b7a1f3366c837cc388d1ae863263e8c9,1,c5,c5,c5,c5,0.08654552,0.2110957,0.7023588,0.1761759685309678,0.3317742019843074,0.4920498294847249,0.23813681827822744,0.33447931719708396,0.4273838645246886
5642,56c49157ef4ef0ef9170bd410f4bef79ef63900dfa08a684f1f01ec0d80e4c58,1,c234,c1,c234,c1,0.58300126,0.3021997,0.11479905,0.393450903184885,0.5199158574200315,0.0866332393950835,0.4798850738711316,0.3897528558536896,0.13036207027517882
5644,2dad2fa8f967b33e73e07e68b131fb636c56ac3f2522fe9c2fb614773d8c8567,1,c1,c234,c1,c1,0.34002322,0.40815496,0.25182182,0.46685018777614956,0.2780398151883154,0.2551099970355351,0.35735608985920503,0.3209800998544962,0.32166381028629887
5646,952b937edd28f2bcefa7e178f02b681f7976f565331d597c8d8ee44e53c41113,1,c1,c234,c1,c1,0.32888436,0.37356552,0.2975501,0.48679838362131705,0.21082411457924566,0.30237750179943723,0.3587287275566697,0.2960806977443956,0.34519057469893466
5648,7e69936ff55c8e4c4cfe205e552404c28f9adb59888220bfebf5b439d51d8279,1,c234,c234,c5,c5,0.22410902,0.39214545,0.38374552,0.1271167258273592,0.35526569125146606,0.5176175829211748,0.18808434990812084,0.34704572577001636,0.46486992432186275
5675,85bcb5eec2043b9e20bc77e3ca3e69fe684c7a598c50b74b91b95683cbc7f081,1,c234,c1,c1,c1,0.38249892,0.35668015,0.26082093,0.7580400546453407,0.18904531154786167,0.0529146338067976,0.5619508433766877,0.32440485369493477,0.11364430292837753
5682,c18c81d06beef8bc7107e0cf85ceccf2ffae7cfea6fb1690d494789c5fe2f02e,1,c5,c5,c1,c1,0.21315245,0.35096207,0.43588546,0.4052576339626295,0.3483898721406425,0.246352493896728,0.346662592406869,0.3367076101271931,0.316629797465938
5696,1d6114ccebf385fc64395a0404e95f0832f04576627984b7005116877164676d,1,c234,c5,c5,c5,0.2706752,0.32945332,0.3998715,0.264591813315395,0.19910469579650278,0.5363034908881021,0.3067226409830686,0.27259123023590814,0.42068612878102335
5717,1df5a52944676aee1ba1d9ace52679072b4ccb9da8c68995aa187a7f642e473e,1,c1,c1,c1,c1,0.512608,0.22951387,0.25787815,0.5637403439453385,0.33536187102621023,0.10089778502845127,0.5009221366520331,0.2656772821948762,0.23340058115309073
5719,97a54a88909cbc261871a14a0e21ee8d1d015b8577d2b9344a294d00dc3f2b1f,1,c1,c1,c5,c234,0.3535241,0.29351556,0.35296035,0.2468242221625569,0.3651844991696057,0.3879912786678374,0.30889760388910303,0.35527173937266143,0.3358306567382355
5724,b411c55bef30bb3c8cffc872ac53f674b90b6d272e79500827e7d90243743bbb,1,c5,c5,c5,c5,0.1472448,0.392643,0.46011212,0.3370623935520712,0.27896382115332796,0.38397378529460086,0.27144933790761017,0.3044053082496028,0.42414535384278707
5725,284fb1737e308242c8b23399feb9b493184f3c07d5479d8e1209067ee15b85ad,1,c1,c5,c1,c1,0.3479799,0.28477272,0.3672474,0.5077324033562474,0.21576825168727534,0.2764993449564772,0.4110371057421087,0.263172972660571,0.3257899215973203
5726,54e0d7b848b467903f1c3886e250da244406cdd90e793331d0d246bf442ff4b8,1,c1,c234,c1,c234,0.2481996,0.45623413,0.29556632,0.41587296407510227,0.38334789067304587,0.20077914525185178,0.3756866577650992,0.3827990639811382,0.24151427825376257
5727,931776037dba503cd38c6f602b6734518a8faede677bb554d7a7cfa0074209c0,1,c234,c1,c234,c5,0.4256752,0.2811669,0.29315782,0.24831220023904138,0.3816657436724698,0.3700220560884889,0.3038142827283813,0.3232318897695457,0.3729538275020729
5728,e07aa429dbf93b98b2d965df49477fc953ba079c014aea238d3107f04391b117,1,c234,c5,c1,c234,0.205184,0.28702098,0.5077951,0.37963474811447856,0.359255398918722,0.2611098529667994,0.3492322462003047,0.3695352545181378,0.2812324992815576
5733,cff8388965dd961e09bd3636a8e206cd2e760b04a1c1addeb593bf8c549d8cb2,1,c234,c234,c234,c234,0.20286682,0.42733982,0.36979336,0.2183521681293679,0.5120130054545377,0.2696348264160945,0.25189147912460313,0.43612931416203277,0.311979206713364
5735,12c55ac719bdecc184d4e38c9fa48e2af058f18e4dca9896bfb77602afaecd2f,1,c234,c1,c5,c5,0.4638864,0.27843285,0.25768074,0.36990291795230146,0.18298398995715198,0.44711309209054667,0.35943585980622367,0.25843669121928303,0.3821274489744933
5739,3e9ec0dfaec4fbbc7068f9ebe1a1ac6f219eda89b606c7a70581174e9bd5d60a,1,c1,c1,c5,c5,0.41817734,0.37749112,0.20433156,0.26611346592111795,0.2560608912803751,0.477825642798507,0.24559948355108824,0.3004940798059705,0.4539064366429413
5740,19e6bd427317b25a5b7dd63bd7ec98cff9778d3765c26d6ff974dcd7e3eaa4fc,1,c1,c1,c234,c234,0.47633126,0.34156877,0.18209997,0.27492394679655024,0.6016816087961602,0.1233944444072896,0.36932925600519323,0.43727057512124495,0.19340016887356187
5758,64b58551f75e6b36c02c138fdb68d1a11bdadd4047165c181f4242a25728c022,1,c5,c1,c1,c1,0.4594853,0.35534206,0.18517265,0.4624451838996645,0.3381575634690477,0.19939725263128782,0.4051482408568931,0.36637610316730373,0.22847565597580308
5762,a14b750d04612285ba828e43e6557b6db4d1314589f2c100924fd73f41951bc8,1,c5,c5,c234,c234,0.35604963,0.25540417,0.3885462,0.3242476038690015,0.3505953908998498,0.3251570052311487,0.32207971223357623,0.3710230036837231,0.3068972840827008
5770,10d848dab6d86980ebf4774f5f651f21002fc1afa80608c0c88cbfe3942e80b2,1,c234,c1,c234,c1,0.6454181,0.24906684,0.105515055,0.3787469318262015,0.5462900137048481,0.07496305446895035,0.46173363711300336,0.3927142679302423,0.14555209495675445
5782,73e2de6ff2315a0c72b7efcb4e0fdd6a809f057f5d4de652b32b6b14cbcc66fd,1,c5,c5,c234,c234,0.20462556,0.3076772,0.4876973,0.21510901632405077,0.5021221379458106,0.2827688457301385,0.2950295996999219,0.4281449060340416,0.2768254942660366
5793,ceb9e7b069fb4afe66de43b6daa8e2298f0e7fbf213fd15fa124a35fd6d06128,1,c1,c1,c5,c1,0.6054925,0.26343408,0.1310734,0.3425407581954358,0.2997076606037123,0.3577515812008519,0.3917580893576608,0.3039907176571265,0.3042511929852127
5803,5f38e6a72a09bd1151baa8db89420d6153e346268cded3efb7e5b71df5d7bf53,1,c1,c1,c234,c234,0.5959928,0.30829164,0.09571552,0.2755474851915853,0.4634879108852641,0.26096460392315063,0.3004053307198604,0.39580268438570576,0.30379198489443376
5811,997a6c6840eedc5ca83ae3a2b96c2830fe76f9d76da505d4aa4fbd7c343dd747,1,c1,c5,c5,c5,0.1652129,0.33170187,0.50308514,0.2825887022084015,0.16049135756720964,0.5569199402243888,0.2805610843033878,0.27020954010072173,0.44922937559589043
5815,f3061883011cbcc6bdd53b18d1f5fe803ae7bd1410168f3e214cdf4936e21b4c,1,c1,c1,c234,c5,0.43559173,0.30872315,0.25568518,0.27725340525612013,0.3629585290532339,0.3597880656906459,0.3282673208495239,0.32468826738882506,0.3470444117616511
5816,b29444da33f34e0e5f3e40c93adae8b9104db0c22917c37680ba97538644c24e,1,c234,c234,c234,c234,0.35738438,0.428828,0.21378763,0.2813946797431231,0.426164170674258,0.29244114958261885,0.3031247594401936,0.41734798123266037,0.279527259327146
5821,1cd0345b1a51b70a14f7bb11cc4d6e36635c79bf06e28fb4241517b49f8ce6d7,1,c1,c1,c234,c234,0.4466213,0.37513033,0.17824842,0.32704073346432133,0.3844245721692442,0.28853469436643436,0.31153229375074754,0.37940496989211364,0.3090627363571388
5822,28d4eb3743dd10d4fd64b6dc74c4c877af0684ac451ea35459450f84b5c5e45b,1,c1,c234,c234,c234,0.32754293,0.3913875,0.2810696,0.3379998132105781,0.4101292119637366,0.2518709748256852,0.3056680770652164,0.4048192383192344,0.28951268461554913
5834,11060caaefa656d43373ab1d3e1ae433c33423a555fc9dccbd7e72022adddd09,1,c1,c234,c1,c1,0.3195487,0.39407936,0.28637192,0.6045068335492353,0.28424534636091503,0.11124782008984958,0.4603768100185711,0.3371229439249724,0.20250024605645645
5853,190916157fbbc90101e416e68adb61f2ff167d99800305c28298ce44159b8249,1,c5,c234,c234,c234,0.1481806,0.4428904,0.40892905,0.2809142516438362,0.4727741415969302,0.24631160675923358,0.3204460224879664,0.353177335228358,0.3263766422836757
5861,dae10857fc1bf4c5d42dfbe879bb1828dad333b0af1622348370dab896235edd,1,c1,c1,c1,c1,0.4584046,0.2847097,0.25688574,0.4003826771382503,0.36722243055725534,0.2323948923044943,0.39757527794410785,0.3403134384844637,0.26211128357142854
5871,30a9840cdff4d6c3811447dc0add4c2d7551385908c1b77f7077d3bb6bcbaddd,1,c5,c5,c5,c5,0.33826107,0.28522667,0.37651223,0.2336865208224945,0.3074981846731125,0.458815294504393,0.2543889432571456,0.3435095043446633,0.402101552398191
5875,fec158e8759927f7784572db8d68e5634927a3bc565af801152a27736b637d8f,1,c5,c234,c234,c5,0.3312786,0.3833934,0.28532794,0.337374105719852,0.3503280955392237,0.3122977987409242,0.32451084965578547,0.3243971050287606,0.35109204531545385
5876,43ef9c06bd2229f71729ad564dba9e3afe78880709e914a99185aa1994f85ea6,1,c5,c5,c5,c5,0.36105737,0.25255382,0.38638875,0.4285930860219978,0.08757679365948673,0.48383012031851547,0.3370266879249637,0.19400230808818864,0.46897100398684766
5881,dd3317aed43cb6e1ad7b55c9031e37c43b3a4aafe8e7b23aea824e40a78f56c2,1,c5,c5,c5,c5,0.28918335,0.2730558,0.43776086,0.2523728410081652,0.29049738213131904,0.45712977686051587,0.3311777179265278,0.2869891964484161,0.3818330856250562
5883,ed2bced0d59a8abdf3b35e2719e5171e8e2b11f6c7d008adda35ce70a529e25c,1,c234,c1,c5,c5,0.38003865,0.3202169,0.29974455,0.4105979887809244,0.1730105839723695,0.4163914272467061,0.32991600434473034,0.24369973213650123,0.4263842635187684
5886,cb2dced8fbf83d7622e11dee3138dc46dd9c84cf5861e528fe4fa912e1f3dc9f,1,c5,c234,c234,c5,0.22329605,0.4050378,0.37166622,0.11720709083323848,0.47757737750896173,0.4052155316577998,0.20823504256882852,0.38518281672800453,0.4065821407031669
5892,b63aced12eef476893b7d6cad9b2fd2345c9c1f13f27613ea6a7ce2540d6865a,1,c234,c5,c5,c5,0.074005455,0.26311392,0.6628807,0.11573926363867322,0.18154842757988854,0.7027123087814382,0.23313596604292353,0.2642485957230829,0.5026154382339936
5899,f90f75fd812e1d90ad8f2bde6be3ad8d7f359cda516f799961c763c27a8915ac,1,c234,c1,c1,c1,0.593219,0.30986273,0.09691827,0.44645554380789815,0.407102962782143,0.14644149340995882,0.4440903523821526,0.37055789839047487,0.18535174922737252
5902,01b3314e507d2c45b85b1277cbbd8026a17d66cfd82e741237440db94bb40f0e,1,c234,c1,c234,c1,0.3633452,0.33205816,0.30459666,0.3197443458703646,0.48951109021668837,0.19074456391294703,0.37982369160090773,0.3675276306690302,0.25264867773006205
5907,57e87f739592d1fac77be7cfa45c7937a705a67d2a5ea548109526d7dddf4e2c,1,c5,c5,c5,c5,0.30353755,0.2589153,0.43754718,0.29339853963666607,0.19128999921080697,0.515311461152527,0.2967416402991986,0.24775052104570383,0.45550783865509753
5911,edcc942488501cfe1083a1eb9f8c14eb6c4c9e6f926c3a7c6c7827c3b5faa857,1,c1,c1,c5,c5,0.3830801,0.270111,0.34680897,0.15119210420625975,0.28635404807466164,0.5624538477190785,0.2255168481409591,0.25582393623683725,0.5186592156222036
5921,00f684ac873cec57940b69b18614a59f451bdae55ad6a3387a02846e23128e2c,1,c1,c1,c234,c234,0.4548714,0.34940138,0.19572726,0.30659512430590896,0.4655997512972115,0.2278051243968796,0.29571567992677056,0.4412867305908852,0.2629975894823443
5927,5b4acf8ff54d06003f7388ff12120bfe20f5b6a6e0f4269cc391fb6e40832a5f,1,c5,c1,c234,c1,0.45375556,0.35013846,0.19610596,0.3504103412095764,0.3647342672634653,0.28485539152695827,0.47365436005571426,0.3195795033163807,0.206766136627905
5934,5d55506aabc20e57ce0538e71b132b98428aebbb026671f6bbec309b9df0c38e,1,c5,c234,c5,c5,0.20133609,0.4485808,0.35008317,0.1242606998045542,0.29694830170319797,0.5787909984922478,0.2112886187443461,0.3112102716768576,0.47750110957879627
5941,b04d251836898e8d2da999f8958f62cb8ceed991c752099236d0aca8b27c85c5,1,c234,c234,c234,c234,0.25611445,0.37648958,0.3673959,0.15254047408546065,0.5764751887755545,0.2709843371389849,0.2091475327640258,0.42816374891782355,0.36268871831815064
5951,8da8c49a34667d37527b02c476fd771cfa1c8f014d623e8a13ea177c1777e8b8,1,c1,c5,c5,c5,0.111088075,0.2966812,0.5922307,0.11529768499150853,0.3214413149594261,0.5632610000490654,0.26177729052695076,0.3643750906008762,0.37384761887217305
5965,bbd1b4a03e0efb8bbc8ca0e61ea7e1496f4249f7ed96bc39f90b80845d184e9b,1,c1,c1,c5,c5,0.41597927,0.27042782,0.31359288,0.1733131101528559,0.26506235718035476,0.5616245326667895,0.23123604163820888,0.3078302257612515,0.4609337326005397
5966,4188500733738e6d7f554dd221d9590f13fe4c563d5a0322eff13f6b5c0dc7b4,1,c5,c234,c5,c5,0.25498706,0.37318966,0.37182325,0.1111228492641733,0.2793558912575658,0.6095212594782609,0.2530447500994449,0.3152134088888309,0.43174184101172414
5974,ae1fba79696cc4959435449022f3a37ee328114b41aba4ddaa32e96f57aa4b7d,1,c234,c5,c5,c5,0.3186872,0.32968518,0.35162756,0.11384056478922194,0.4378804849414857,0.4482789502692924,0.22155738505247197,0.3628369008942203,0.41560571405330776
5983,4e300390c64ee18734f585e24caaba3ade9296314714a828131a91b1001f8dd4,1,c234,c234,c1,c1,0.37620863,0.44769663,0.1760948,0.43529437714472163,0.270723670916765,0.29398195193851323,0.3598084353448989,0.2956569539993167,0.34453461065578445
5991,9723c9cd094e79066ef1fccf4ee07be35eabeb59d1d89bcef6f00d5bd189db7c,1,c1,c1,c1,c1,0.4111641,0.33947092,0.24936491,0.40870822871660073,0.3034052860903539,0.28788648519304544,0.3720532164467241,0.33143806585126123,0.29650871770201465
5999,892359129324742d10c832851f6a46469ca3680698c920d73d770f3ec4470b2e,1,c5,c1,c234,c1,0.6890667,0.20803559,0.10289766,0.36706672673824964,0.4473148365861694,0.18561843667558084,0.4143273877294984,0.35758063980843596,0.22809197246206564
6000,db12f7b61f01614dced6965ca0a8d6c96d886b258ff5dc6eb719be04fef6c07a,1,c5,c5,c5,c5,0.08608918,0.22861926,0.68529147,0.0894495072831604,0.23236039719530613,0.6781900955215334,0.1369216209217666,0.2855056195511434,0.5775727595270901
6003,52e2e3bbc5fb4ca2657d01f5a5058910a6d5906e3ac02dc6402ce55be5125872,1,c1,c1,c1,c1,0.38878453,0.27996022,0.33125532,0.5313179994978063,0.27973774430581877,0.18894425619637484,0.4155534664930907,0.2773215466034873,0.307124986903422
6004,55a04efd00651902eaf5d71915777ced8e692702f1d2800b15431636c39bde73,1,c5,c234,c234,c5,0.2432283,0.3964695,0.3603022,0.1471941846415994,0.4531096857812439,0.3996961295771566,0.21455377115301974,0.3918612324086742,0.393584996438306
6021,11ee405c473178236b917c8df59c044fdfaa390b3974def20386f70b9511856e,1,c234,c234,c234,c234,0.22542162,0.4080834,0.36649498,0.29301552908695183,0.4695838818357643,0.23740058907728373,0.2734427514371377,0.3757532694196331,0.3508039791432291
6023,11dd30df13637f8c56be2916e752b8e048f2363da58a62f0340c01d0dec91b3c,1,c5,c5,c5,c5,0.2229043,0.27730688,0.49978885,0.17858370805279186,0.31088727136192473,0.5105290205852834,0.24146262399664137,0.32355839355965416,0.4349789824437046
6025,072880340581e0ad4c448214e469488ded6bb5a9ce56b442f3e98d384f3b0956,1,c5,c234,c234,c234,0.32854974,0.4463057,0.22514461,0.16179717782257438,0.5192795462815206,0.31892327589590513,0.22908857508267993,0.3982227486830048,0.37268867623431534
6030,2b8ac2a2c4b4ec506b0632ac2a5049747ea09c3ab4fa753a9a1b0b5eb8777152,1,c1,c234,c5,c5,0.2067121,0.4681075,0.3251805,0.2510578206329403,0.3334975997036756,0.415444579663384,0.2544330194740327,0.32780272110762554,0.4177642594183417
6052,3a6e913f791315d5b833c982d641c5ff41992adfbdd19dfbc981aadfddf6bb75,1,c5,c1,c1,c1,0.7020693,0.20575401,0.09217674,0.47227492654787784,0.43142746006900284,0.09629761338311948,0.4701670562876016,0.3362460529308476,0.19358689078155092
6053,360df4b69fe2735ee4109b1829a48653b7b2222f092959784e5ecc56fd08cf5b,1,c234,c1,c234,c234,0.5408898,0.29127967,0.16783056,0.2347318342864869,0.45129424559532494,0.3139739201181882,0.2511797964397015,0.40074422082024336,0.34807598274005513
6058,82948eb4f24a528d6c0a984d13226c4e0e2ab07062d863ee56ef86bbfe7f112d,1,c1,c1,c234,c1,0.37892225,0.3034501,0.3176277,0.37564431023655925,0.42036576870365405,0.2039899210597867,0.3615732046312406,0.33167816540634204,0.3067486299624175
6071,a601b9e942130b8a0057163cdd2ea3cfd26d56eaa5077dac7969340afe15692a,1,c234,c1,c234,c234,0.48768154,0.2776863,0.23463216,0.18930486923800333,0.644960350786681,0.16573477997531566,0.2689857831319659,0.462362186421068,0.2686520304469661
6077,3e96840b35cf0d310f024c97a56a0048d751a988726214942237e1f2926ee978,1,c1,c5,c1,c1,0.23427477,0.3169118,0.4488134,0.5341695402589555,0.23964296191778603,0.2261874978232586,0.36396480266798853,0.3402215749767946,0.29581362235521685
6085,40c6f35d6047771456ed2a7f7ea362b987837ff60e53b600e7705e3e4826085e,1,c5,c5,c234,c234,0.19214895,0.33411,0.47374108,0.2473264800822245,0.4201127507109696,0.33256076920680583,0.3066453706977604,0.3505267082362208,0.3428279210660188
6103,71ba1ce3e60f04ed67f02715c6d53d0906fe6c6d910f7553c197146422a467f6,1,c234,c5,c234,c234,0.3291188,0.33377078,0.33711046,0.27852356089586444,0.45777006102963064,0.2637063780745048,0.33613984420309634,0.38771710190895764,0.2761430538879461
6108,05612fdd464846440dd91236612244ad87ca65002ae03c1ee352740eda1585c1,1,c5,c5,c234,c5,0.20426391,0.22513603,0.5706001,0.2934107662180384,0.378268418849838,0.32832081493212356,0.3420084268651701,0.3026603430320017,0.35533123010282824
6116,fa1388d58ea31344e874d93777f248d977a9f09e87a91f7429d54d6ec503ac3e,1,c234,c234,c5,c5,0.16531894,0.45079947,0.3838816,0.10395954728094618,0.40689359066934444,0.48914686204970953,0.17683046221423604,0.36450196305087684,0.4586675747348872
6125,5ccebbaa2f5ffa83805c5b46864e1dd45b05850d5f416adc298cbcbd695da97b,1,c234,c1,c1,c1,0.50934166,0.3512179,0.13944037,0.5581235450132116,0.310829978837969,0.13104647614881945,0.4719043732413873,0.3372880825570393,0.19080754420157345
6135,2e56518759ce00183ed3c3f09ddc024656b8f1c160039c1359c11b63a9a52a72,1,c5,c1,c1,c1,0.38621762,0.30123258,0.31254977,0.42692448705546726,0.3043013983502201,0.26877411459431266,0.39822897151563186,0.2882431906667412,0.3135278378176269
6146,725c42aaae697859572c274777cf171632a4c429c9acf7536e5cf7723bdd1b9b,1,c5,c1,c234,c234,0.38275638,0.3613612,0.25588253,0.29853181242237037,0.3636987494434663,0.3377694381341634,0.29309644767924103,0.3655886504664222,0.3413149018543369
6150,81fc04fe0a90370b48929519cc7f96ce011aff48e11f360dea09ef6d25f1d84b,1,c234,c1,c1,c5,0.45369047,0.3307893,0.21552023,0.4073131258723371,0.2843567048591832,0.3083301692684798,0.29836068046681874,0.34383544406975847,0.35780387546342285
6151,38634fb84138f41b87607d94c37556ceb160c7be6afa46e494becf0a2a1702b8,1,c1,c1,c1,c1,0.5338279,0.30957508,0.15659703,0.6365702217760635,0.22061618811581907,0.1428135901081175,0.4495735452227491,0.31528828747267235,0.23513816730457868
6155,afb7573b78a6947cfc89d28a731ec6927b9cdd07ff8a6747ab7bae5d750f4977,1,c1,c5,c234,c5,0.33806658,0.30970412,0.3522293,0.22509348118983166,0.4532504007919949,0.32165611801817345,0.30277873682472217,0.34364663260920986,0.35357463056606797
6166,cbfd12f958c2899d64a7547aa5bb65be2454396eb603fa7a9a67edf50011e3d1,1,c5,c5,c5,c5,0.14135927,0.40176812,0.45687267,0.21808781311305933,0.3248397897308593,0.4570723971560814,0.2563520098112671,0.35906766978855054,0.3845803204001824
6168,b1d753ede40e4c54ca60027c576025e21c7f8287e14a45067f6c08d630c26a16,1,c5,c234,c234,c234,0.21191604,0.45689762,0.33118632,0.10670308795681185,0.6095071907580492,0.28378972128513896,0.16557401551852793,0.463919299698027,0.3705066847834452
6181,42bd89c4d97b0a842a58fa6b4e1b92466d7d59d87edc6eabfbe9d8d5d2d7f036,1,c5,c5,c5,c5,0.31577235,0.2945849,0.38964272,0.31558864413623994,0.13400120853954486,0.5504101473242152,0.3314097047551468,0.18613162964423924,0.48245866560061407
6182,96c9eb0d9e4ad0b8aabf16f8d4a40e4dc6e6c72c225183ec65ccad18101b6efd,1,c1,c5,c234,c234,0.28268957,0.31731746,0.39999303,0.3371509609685022,0.36080040594521084,0.3020486330862869,0.34163515975035974,0.341731260792913,0.31663357945672727
6192,9fab1478ab6444bf6f90143106da6f2451475208477cc59f0cd66834b52c491a,1,c5,c234,c234,c234,0.27256134,0.38359523,0.34384343,0.23688897325963823,0.5012869823307632,0.2618240444095986,0.27968621466259147,0.37949092963911585,0.3408228556982926
6193,c2110181a9726056dadcc399dcd8f9c9b760a4321bb649719340b2c3a7045cd2,1,c1,c234,c1,c234,0.36264676,0.43499282,0.2023604,0.4106733676115442,0.2967327883755838,0.292593844012872,0.33186154140261487,0.34960957126431497,0.3185288873330702
6201,4b350fd9edc2e5cdb88e732c42697ec89f14a871e7ffea9479f2103408a2a278,1,c5,c5,c5,c5,0.12407246,0.2759787,0.5999489,0.09271786650963586,0.23408980559274267,0.6731923278976215,0.1857613773764216,0.3039212519456953,0.5103173706778831
6222,153f44d9d24973f8797813515f670d380c86c9bb103be55d7b02a01b3fc59aaf,1,c1,c5,c5,c5,0.3047667,0.26080912,0.4344242,0.16212087028629873,0.2862015759484548,0.5516775537652465,0.20911871985279143,0.28751984933602914,0.5033614308111795
6233,73c9b5b67cc5e128a290a803dcea4cd4e203ff55ba6cea992f8cb3d504d78e3d,1,c5,c5,c1,c5,0.33194074,0.22442219,0.44363704,0.40544569834100513,0.19190148485204775,0.40265281680694714,0.2826235366473602,0.2232557814202615,0.49412068193237846
6236,49d4542e9e10e5580e1edb049b816f4348aa5871ae1b451c05fde2e3998a90ba,1,c1,c1,c234,c234,0.68061554,0.20806049,0.111323915,0.1388328778819194,0.6337397172919488,0.22742740482613172,0.1841253046197496,0.5019838288856027,0.3138908664946477
6251,3481ab18e82a0355e40d4dab36d883ccb647e601abe6d08ac3a07bd7bf70954b,1,c1,c5,c5,c5,0.30201563,0.26593167,0.4320527,0.3683789728938777,0.18899953110432632,0.4426214960017959,0.3584867214493079,0.23800614462623157,0.40350713392446047
6254,fff533ee2748d6d7fa5f5125feb110375903e9b813a40007bf0e9bc49f72a728,1,c5,c5,c5,c5,0.15062872,0.3195793,0.529792,0.22225481337368957,0.1956070631698615,0.582138123456449,0.20002426512517543,0.21578349849859452,0.5841922363762301
6255,289ccfb07c830126f716be41d9948408ce88baeb5dc15eff0a85decf235c57a2,1,c5,c5,c5,c5,0.15773165,0.29844642,0.54382193,0.12062194641401433,0.16187747491825927,0.7175005786677264,0.16099473064669242,0.25640614577798937,0.5825991235753182
6258,ad1ab01be235ffbebef42ffc6b35db87891123429c704724d65fd64bb8c9154a,1,c234,c1,c1,c1,0.50691533,0.31933817,0.17374651,0.5648112384767744,0.14211364704332097,0.2930751144799046,0.5441915760577234,0.1962506426911258,0.25955778125115075
6269,58c12b48821f0a6c29c4085b1caec2b9a59e80ccd5451d4931908dc9a835b72d,1,c1,c234,c234,c234,0.32520863,0.39716578,0.2776257,0.212004125636096,0.6750588556761956,0.1129370186877084,0.3319625090567433,0.45771482502562366,0.2103226659176331
6276,d1a022f6e51ab74d0c5b9bbd434695bb5c7739ff590654b0e679d467353ad686,1,c1,c1,c234,c234,0.5374711,0.28729704,0.17523177,0.29533208211083617,0.44386750690270593,0.260800410986458,0.34812691876680213,0.36163812898405534,0.2902349522491426
6277,4d18a32c29cc1fddc98675cede4365407bb8f8d32d222f3de4446eca543be13b,1,c1,c1,c234,c1,0.47480404,0.4004872,0.124708705,0.37639440460554796,0.4105589484188426,0.21304664697560952,0.3920907027058362,0.3680003368635871,0.23990896043057675
6278,a03b4002b1751c19d51a0f8156f11185d873ea52bf41c441596ecbe28d81882a,1,c1,c5,c234,c234,0.19147815,0.3659035,0.44261837,0.3608922865195371,0.4404487839575417,0.1986589295229211,0.3069720516269548,0.36618623598478295,0.3268417123882622
6285,63722a38676d5197004888115cf73c480fc2963ce09fad5dab40f9fa31377533,1,c1,c1,c234,c234,0.5068957,0.35123703,0.14186724,0.2464487305570559,0.5502452244983977,0.20330604494454618,0.294563002070496,0.4779485980379129,0.22748839989159111
6291,941e98623d8615c97824b050682190fe3849eaaafab9bc8bce40bc44bd33c015,1,c5,c1,c5,c5,0.44612244,0.2592895,0.29458806,0.2958839359926905,0.29164342663868037,0.41247263736862916,0.2910201857724297,0.2792631330413231,0.4297166811862472
6321,0a7166f264fb6b53ddae75ae4febdcb72d5e034054edd4af101e25d96064ca2b,1,c1,c1,c234,c234,0.47902685,0.24259222,0.27838096,0.23483287736392522,0.6025099906018653,0.16265713203420948,0.3296625532382459,0.45106186945852766,0.21927557730322644
6325,3c2bbcfe48feb35e0cd290d60158f19c1b356f54a73f81856b3c958856a70d7a,1,c1,c234,c1,c234,0.29113623,0.47154015,0.23732352,0.41747694670464464,0.4169873798864664,0.16553567340888903,0.3752643258528075,0.38658750830533845,0.2381481658418541
6326,eb0b05f4de855c65de4d9193e470417233c7ae26c317f63b3aabe0bcde5a2acc,1,c234,c1,c234,c234,0.40143633,0.37670663,0.22185706,0.2505558588083386,0.5860442925847751,0.16339984860688628,0.2993673175830601,0.466011658459733,0.23462102395720688
6357,5c566081e4864227dcca169f7b61b4d6faedc3604a85de7ee6412eb5fd8fb5cb,1,c5,c1,c5,c5,0.44597104,0.2617566,0.29227236,0.30182842735717835,0.2501747401871088,0.4479968324557128,0.22340173798672283,0.3100722958533202,0.46652596615995706
6362,135a5c7238b39b89c9f57991cfa50b0da81f13bb4d80970d0f15f4744ffc1f87,1,c1,c5,c5,c5,0.14887416,0.3535649,0.49756095,0.2837888714207961,0.2582798397410913,0.45793128883811257,0.2697512842051675,0.2844287786556029,0.44581993713922974
6365,f1954bb5663b4b8bcc5ca12483883180d15f78626fcce43b1103da39205ec768,1,c5,c5,c5,c5,0.21477665,0.3672011,0.4180223,0.22789489574322594,0.2622976248920258,0.5098074793647482,0.24245641104872023,0.28458793273692007,0.4729556562143597
6369,a510a0bdf6a8f39bc00e24068645097dc609ba6009bbece8b91c8f7f7f92cd1f,1,c1,c1,c1,c5,0.46231756,0.32846665,0.2092158,0.40989820610809546,0.2701478457991672,0.3199539480927375,0.34299097068403644,0.29612297446853153,0.360886054847432
6375,8d8e447d2e7b944ef9c697323f461b3e0601cdff62813d3ec6677b2f6f43395d,1,c1,c1,c234,c1,0.41809133,0.36070973,0.22119889,0.35618929870205474,0.44227507441623853,0.20153562688170673,0.37917796687602845,0.34743407458290676,0.27338795854106485
6376,2d073dbb0728c3998a312418af652cba4ff892fc5a5ea48e92cef0b75cb2f4bb,1,c1,c1,c1,c1,0.5384089,0.2541159,0.20747524,0.5472202218383179,0.25302490600203503,0.19975487215964705,0.3746651240746137,0.29170472704260214,0.3336301488827842
6377,9aca9443012b33ca32354c754dcb1927bd5c80b83cfe4f10ecd4304930cfe284,1,c5,c5,c5,c5,0.16920261,0.28847352,0.5423239,0.14330265193822905,0.2329680179892804,0.6237293300724905,0.20544543128297854,0.25081728678393056,0.5437372819330908
6389,1e5ccbb576f239671a14e75f9cfb3d1a6b19b27c1f753a2ab6a6bec9b41ce6d7,1,c5,c1,c1,c1,0.5371236,0.23546936,0.22740701,0.46868775326678797,0.28472508866662527,0.24658715806658682,0.38315932649286355,0.2723150387739143,0.34452563473322234
6398,55d1c0798497414bde5e9e47bb2855af2122b2f18101b5e0004a4d55e4935caa,1,c1,c1,c5,c5,0.37026265,0.34878978,0.28094754,0.28970570827936354,0.16411846253588763,0.5461758291847487,0.2790063742618782,0.24582173716949143,0.47517188856863035
6410,75d44df4fef87e6267efe032687df79f58d912cdd3731aea826e6d5844c23a1e,1,c234,c234,c234,c234,0.28360367,0.49568436,0.22071202,0.3593042783577921,0.45489861595785536,0.1857971056843526,0.37525743476002466,0.3986736208880351,0.22606894435194025
6411,83aa77227dcd8b803ad133133490d435bf11f3c3e305c1ce37465fcddc5fe2fc,1,c5,c234,c234,c234,0.210618,0.40603352,0.38334844,0.1939474525334026,0.48159596692504847,0.3244565805415489,0.25014431968651923,0.3888360645583027,0.361019615755178
6427,c56d50787b4f9a02880efd5c18e166084c0fdeed5428e312577dce039089997c,1,c234,c1,c5,c234,0.42892668,0.30941898,0.26165444,0.21531138326794375,0.3707689054841423,0.41391971124791394,0.32634995453356924,0.3577501909008404,0.3158998545655903
6429,d92f591a796a034ad4cd65a166a0c50a822a17d8c5433b1bbed7cfb32de0092d,1,c5,c5,c5,c5,0.12957512,0.26646522,0.6039596,0.237146809152142,0.22896337919782678,0.5338898116500311,0.2641736850876281,0.270232434901198,0.465593880011174
6431,e170a012c89c5633ea5aa89fb7697ee9125e460b6832aba238bdc159244299b1,1,c5,c5,c5,c5,0.096071765,0.4179247,0.48600355,0.10405064360768679,0.24648105882734436,0.6494682975649688,0.20095095515013014,0.33179034849948275,0.4672586963503871
6438,b0b17907c071f9af048acbd17fbb10024ac1207938ee11f909dcd213dce7abe3,1,c5,c5,c5,c5,0.14037076,0.34194827,0.517681,0.10973295467252928,0.17592574387094287,0.7143413014565279,0.1573218183731993,0.26372168184177164,0.578956499785029
6453,a6f263f6b0e83ef9cd5787a10b913352be31dca0f67ab0116a1a7974371e196b,1,c234,c1,c234,c234,0.41145152,0.35047832,0.23807013,0.19957612373533182,0.41626914886233607,0.3841547274023321,0.2772863449884354,0.38775496984797453,0.33495868516358995
6460,1c85286aad14f9157d8db6d14034b46c1ec53a0bb8bcd80139cbe2fdf6f519f5,1,c234,c5,c234,c234,0.12102518,0.38854125,0.49043348,0.37184234685183265,0.3950550953064392,0.2331025578417282,0.3091494585539304,0.3634002644750293,0.32745027697104034
6485,09bf05489d80d8a061eeed637b0539f6d8db365ea83834ef79fb108859f2aafe,1,c5,c234,c234,c234,0.32502356,0.46381992,0.21115664,0.22386864621886743,0.44078975717975616,0.3353415966013763,0.24916299969442943,0.41789137250878994,0.33294562779678066
6494,0004352ab3c51ebfa63e9c21ddb6e0e7fd93a1c7c15d99d4f96c545ec1ae5065,1,c234,c1,c234,c234,0.35293925,0.35029012,0.29677063,0.24293408539385303,0.5851947942716648,0.17187112033448224,0.3139356317342017,0.40080793321295743,0.2852564350528409
6507,45037fcf4a8079b757b5baa95750e871c06585e661d505133d1eba2d643e37a2,1,c234,c234,c1,c234,0.35135147,0.38789177,0.2607567,0.440294545785108,0.38742417517173783,0.17228127904315413,0.3654467595041221,0.38149664766717,0.2530565928287079
6508,06d818f86804cf48ee9f8e104ba09658386e414462af8728778113b2bd11b38e,1,c234,c5,c5,c5,0.18001342,0.39373112,0.42625546,0.2054643697370785,0.3651388917106975,0.4293967385522241,0.2641565306033714,0.3332677335624405,0.4025757358341881
6517,05e8d5fd0625148af4e69875b2df729b513a47ef70160e4d75ce76dcb7b230f1,1,c5,c1,c5,c5,0.3599981,0.32227778,0.31772414,0.343554079232114,0.17938111896923836,0.4770648017986476,0.3414201553164287,0.2561794681507129,0.40240037653285843
6523,ca9068960ef97a828b13d3fb0a7463c1d4185f350cf20ed9b56ce053fd89a3ef,1,c234,c234,c1,c234,0.21326058,0.46009865,0.32664078,0.5344678100403525,0.2799858608476085,0.1855463291120389,0.3340987466377504,0.3585744863534107,0.3073267670088389
6531,4c5ccdc61961c9e6cb6c212d822eb040a35a4542d6c6cbab8daeafdb8ee94cb1,1,c1,c234,c5,c5,0.2468149,0.45558444,0.29760063,0.2567170328618353,0.36328945080354086,0.3799935163346239,0.2758478931198757,0.35185542123566854,0.3722966856444558
6543,e77ad6962c58ebb886fe6b3276a1919ab9cd9b1ea7c7fe88c5482ad715a4485e,1,c5,c1,c234,c234,0.52192044,0.32835007,0.14972952,0.418010386741714,0.49113034881980483,0.09085926443848118,0.4160036047142253,0.43221730248680906,0.15177909279896548
6544,80f00dee61a8470624ff957c45b0ea0694637baea5ddb8e90592ccc62290d344,1,c1,c5,c5,c5,0.1534053,0.30608597,0.54050875,0.30500293756895,0.1476014586688068,0.5473956037622432,0.2961887338589256,0.24695628639852535,0.456854979742549
6549,eb4e8cddf03a3d6b77ac6dc2edd445945a9dbfba4e6ac2f426db63630360ae91,1,c234,c1,c1,c234,0.61798316,0.247521,0.1344958,0.39924458109908595,0.3263644771763355,0.27439094172457856,0.3273989227800476,0.34524217278625396,0.32735890443369825
6580,b8aaf74293fc206fb4a9f8f845291010cb52d9ca03706d2b319fcff3cebbb0a7,1,c234,c5,c5,c5,0.08817789,0.17873423,0.73308796,0.0897315314842312,0.11533175335301056,0.7949367151627583,0.18521275830231243,0.21812980078533017,0.5966574409123573
6581,e592cda07a0a3b09443931e33352995df49acbea2ce0eec04d8fd0613d7a279d,1,c5,c1,c5,c5,0.3725604,0.2793177,0.34812188,0.30060596582166277,0.19755647897049455,0.5018375552078427,0.27739715487348193,0.2283736270415186,0.4942292180849995
6582,a1b472ede60132f3440d72cfa050473803f0fde5d106dd42e2b1d6c28ac6fb94,1,c234,c5,c234,c234,0.07260937,0.4012877,0.52610284,0.1615602805106698,0.5496763820092665,0.2887633374800636,0.1988261090092152,0.4466887992286093,0.35448509176217535
6583,d0b508a7f6ec2ea00678d0d38d9dd48b1a656dd00a0bd5d2fe573e941a890b90,1,c1,c1,c1,c1,0.52748847,0.2707683,0.20174316,0.6219105896383388,0.09895050986328319,0.2791389004983779,0.47303009328607454,0.19124061397900013,0.33572929273492524
6585,33411cbdc3c01d7a83dac4f74989b943eac3d9604c924d5fd5fe6d4849131a57,1,c5,c1,c234,c234,0.5340564,0.3282404,0.13770318,0.4377225020764344,0.4863821049279949,0.0758953929955707,0.4273258269633181,0.4275080507961599,0.145166122240522
6590,160f4c07075561179a5f0c7d3ce9316a21def45c2cf2394724352259ba98630a,1,c1,c1,c5,c5,0.41649917,0.31177452,0.2717263,0.2496983330216324,0.3024273648280209,0.44787430215034657,0.2888023321392336,0.29428044589203106,0.4169172219687353
6591,c179906c4fd084231f2527acb97c0476fc188bac5585398c2ca973bd524f6b83,1,c234,c1,c5,c234,0.42913443,0.34465364,0.2262119,0.23684949270094025,0.2751537384900343,0.4879967688090254,0.329746717592914,0.3493625254161054,0.32089075699098063
6595,931776037dba503cd38c6f602b6734518a8faede677bb554d7a7cfa0074209c0,1,c1,c1,c234,c5,0.4256752,0.2811669,0.29315782,0.24831220023904138,0.3816657436724698,0.3700220560884889,0.3038142827283813,0.3232318897695457,0.3729538275020729
6600,93e3297aca33dcadb3d468be16e7d0ff36f60b04ee3033e9e82bb4642fa45944,1,c5,c5,c5,c5,0.26849675,0.36307797,0.3684253,0.17783617908661384,0.24823656043536343,0.5739272604780227,0.22869969874882434,0.25414090590192456,0.5171593953492511
6611,4aafc7e45c7795ceb7bc8e2fd4b7b792e24fd793f27c059a6a7c752068cfca97,1,c234,c1,c1,c1,0.3582138,0.30291918,0.33886698,0.4714144363723065,0.2311649309522046,0.29742063267548896,0.45232159764560026,0.24525021745931472,0.302428184895085
6612,5468b21a92d64d1e9b6345165672dd7c0f4899d67ba5d0e79a7839c3a5d79977,1,c1,c234,c1,c234,0.37270388,0.37701684,0.25027937,0.43968803482243324,0.3555345896760995,0.20477737550146713,0.33344190084388303,0.396271808780637,0.2702862903754799
6621,3acf257ae96a72a6981a0075193bd3cb6fdab373059b0ac0cb6296a9ffb62353,1,c1,c5,c234,c234,0.214913,0.31157058,0.47351637,0.2842801517655846,0.46652768901332714,0.24919215922108823,0.3070121418356044,0.3902543777425664,0.3027334804218293
6631,037bea975a3ba432bf8a686ff4bb6c896a16000fd1b98612bfb2c122db65b085,1,c5,c234,c234,c234,0.30935058,0.39738372,0.2932657,0.212004125636096,0.6750588556761956,0.1129370186877084,0.3321604449865299,0.46027451468139136,0.20756504033207876
6638,edcc942488501cfe1083a1eb9f8c14eb6c4c9e6f926c3a7c6c7827c3b5faa857,1,c5,c1,c5,c5,0.3830801,0.270111,0.34680897,0.15119210420625975,0.28635404807466164,0.5624538477190785,0.2255168481409591,0.25582393623683725,0.5186592156222036
6639,5c566081e4864227dcca169f7b61b4d6faedc3604a85de7ee6412eb5fd8fb5cb,1,c234,c1,c5,c5,0.44597104,0.2617566,0.29227236,0.30182842735717835,0.2501747401871088,0.4479968324557128,0.22340173798672283,0.3100722958533202,0.46652596615995706
6659,21b079b15dd244e2c8f5292def5a06f53761ffc39bd7c7a9c52e2fc8b749dab7,1,c5,c5,c234,c5,0.21164526,0.2996917,0.488663,0.2061921773091366,0.42176182789969385,0.37204599479116945,0.255972266533539,0.32177232755505225,0.42225540591140875
6660,ad8f3aa8709a8500ab9a4c25e930b3307e6125ad200d0d418c5298cb1ee4cfe8,1,c234,c1,c1,c5,0.4676237,0.31766027,0.21471603,0.3854759696647608,0.2706282346864335,0.34389579564880574,0.34892493084826637,0.28014439143875003,0.3709306777129836
6670,3532a2dfd1fe1df5abcad31f0580f955878a40973f98da33097c3a6967787e39,1,c234,c5,c234,c234,0.30894548,0.33481234,0.35624215,0.36190160710041325,0.39392481935150203,0.24417357354808464,0.3328971456077863,0.3756839657381776,0.29141888865403603
6674,0378c9260ffa68936d2f6b0780ef6e30b9083bd0da13dfda2558ad65be576807,1,c234,c1,c234,c234,0.4357525,0.3557419,0.20850562,0.18026990523430209,0.6901755312733079,0.12955456349238995,0.2851674949033846,0.49386568961311883,0.22096681548349673
6679,f80a2731f58c2f29d308535c7791172615fb3639a77df0b245904434190c9039,1,c1,c1,c1,c1,0.48809946,0.3511467,0.16075382,0.6084301620150628,0.2420413240978043,0.149528513887133,0.4527774953698001,0.3136449105652705,0.23357759406492934
6685,23266b084fb9a1f5ad53290ae0c08de476348002053456894e97972ba2671baf,1,c234,c234,c234,c234,0.23008735,0.41978645,0.35012618,0.36344757693068186,0.4577154449523114,0.17883697811700677,0.26785714292505636,0.41646693252491646,0.31567592455002724
6687,143b27dab54b3c901e074e59597a691feac73a7c25a357f7e4eae3d54c5c09e6,1,c234,c1,c1,c1,0.6125676,0.23218308,0.15524931,0.6389749007089126,0.15504719853690407,0.20597790075418335,0.45173143287763506,0.2576803225372028,0.29058824458516214
6692,ceff876c59c259974cf9e5a4e80de3329d9bbe185a695d09e3e729067973bdab,1,c234,c1,c1,c1,0.36504078,0.33190495,0.3030542,0.5721546305039157,0.2035377076643717,0.2243076618317126,0.4642521048635218,0.2757947605316391,0.25995313460483904
6697,86966f5d5a8bcaf3e6c72d8ffae750770974f6bf00277148a7606686ac777a10,1,c5,c1,c5,c5,0.5143321,0.1882171,0.29745075,0.2743646636842739,0.35552382183488357,0.37011151448084256,0.3073329213497696,0.33941153896175985,0.3532555396884706
6700,1dc9f135ec6089b5c1e2007063fdfa7a514d6a5490de92b9ca97c5dcae5a947d,1,c5,c1,c1,c1,0.47788486,0.33553067,0.18658449,0.3571832427809652,0.34793261907925443,0.29488413813978037,0.40963248946562697,0.2881938173946171,0.3021736931397558
6709,97e52818e2439379e623bea9e0c40f908279cc01fcd131034a7457097020d45b,1,c5,c5,c5,c5,0.13560708,0.29762214,0.5667708,0.08783498598059723,0.36101021280776896,0.5511548012116338,0.1685846839097863,0.36280617007683774,0.468609146013376
6710,c3c45c306b09db795fa037fc8d7b2483b2d56bbfaef2f9814ef17dfaa0c44295,1,c1,c5,c5,c5,0.30282372,0.3348721,0.36230412,0.23442963911964496,0.33646774081156167,0.4291026200687934,0.25672772049700526,0.3530850766929796,0.390187202810015
6711,0195257fec1ff581b5cce585b80b17acd2972e15011c9595fbd17048ab522152,1,c1,c234,c1,c1,0.30998787,0.36458156,0.32543063,0.5907110623232705,0.23388957553613543,0.175399362140594,0.49561056539924087,0.29884087579131613,0.20554855880944292
6713,ac56cc86ec5ee3dafe4c2879726ef49ec7d7c54e2a6b56f1689b5c21417aa701,1,c234,c5,c5,c5,0.06511615,0.29986888,0.6350149,0.19437817386389392,0.30118260294595667,0.5044392231901493,0.2134081186129895,0.30950397226142023,0.4770879091255904
6721,0c5222a9457ae2fe0cddff615b1fa50158ab31f1237e0a7ca43db206f5a5eef6,1,c5,c234,c234,c234,0.34304687,0.36920354,0.2877496,0.35711176943438894,0.40767306473071013,0.23521516583490099,0.27679480786569294,0.45727285252769884,0.2659323396066081
6723,e8f8aa1465e9b78a4eeddc4ff48789a14bbb3fda18be72d9367841139ace5b9b,1,c5,c5,c5,c5,0.112508096,0.370335,0.51715684,0.10915360380508536,0.3041519636807673,0.5866944325141473,0.18066906871055383,0.38545649031815243,0.4338744409712937
6729,edcc942488501cfe1083a1eb9f8c14eb6c4c9e6f926c3a7c6c7827c3b5faa857,1,c5,c1,c5,c5,0.3830801,0.270111,0.34680897,0.15119210420625975,0.28635404807466164,0.5624538477190785,0.2255168481409591,0.25582393623683725,0.5186592156222036
6733,ef5a497d24085a5a3044203662c38648b7111c80774c70793436666af9639cd0,1,c234,c5,c1,c5,0.27353674,0.3573678,0.3690954,0.4106406307164657,0.2779590310372648,0.3114003382462694,0.32766686280247503,0.2790953437444174,0.39323779345310755
6736,fdbdc6f595e36ffa5d4d86749ebd3dd922b30f716f968d67a77baf48fd65d348,1,c5,c5,c1,c234,0.3330145,0.31395438,0.35303116,0.35803988967377914,0.30162822308172954,0.3403318872444913,0.30878142319467256,0.3666866266780406,0.3245319501272868
6750,263c7f8a6737d54d555a340ab88066e1919d747737061853220ff48bcacab3df,1,c1,c1,c234,c1,0.3622131,0.33317685,0.30461,0.2778690831980221,0.3829481779658554,0.33918273883612254,0.34469738900123303,0.33712297278006037,0.3181796382187066
6751,13641d27ae75d55502988c54c3cedd96ab65180c6f017bff41df6e095b66545c,1,c1,c1,c234,c234,0.39292935,0.27131844,0.3357522,0.08663495433106946,0.7488060101026506,0.16455903556627985,0.16454433275767935,0.47304238452300035,0.36241328271932033
6760,e398adf33e66c7634bf0c0ea18b8346cd1dbe1fca8f2b40426cdd7f1f895ee14,1,c234,c1,c234,c234,0.41496775,0.3805705,0.2044617,0.34084783238629884,0.5010539380422397,0.15809822957146136,0.33800055428222475,0.42132117297414634,0.24067827274362893
6763,7098e4b097a852c4ab36931ffd4977ca6e14afdaf09e9602cb78ee574d7ff1a8,1,c234,c1,c1,c5,0.4716265,0.31147307,0.21690047,0.4626451427707982,0.15315086579641857,0.38420399143278333,0.3382009777809587,0.2411523427997728,0.42064667941926853
6771,2993a31b63c78483bd82c12c14a80b89e2c0bc154d4b6dfec46442101147219f,1,c5,c5,c5,c5,0.12508038,0.29572356,0.579196,0.19929832335673514,0.3431316154451966,0.45757006119806826,0.23231751950667698,0.32190960823797937,0.44577287225534373
6780,276977bc9ddaeaac1e93190361bde4102dcf493e925ac7cf6795949f263c50a7,1,c1,c5,c234,c5,0.13213064,0.32042128,0.54744804,0.33892295284436363,0.3692514763678482,0.29182557078778826,0.3035497723235702,0.346106249668432,0.35034397800799777
6781,79b19f9745dfece8f5c16f87b174dd3abf1a547883dbad7a80566156e49f1f30,1,c234,c5,c5,c5,0.18877345,0.25167167,0.55955493,0.20028944268081428,0.398433690616578,0.40127686670260776,0.2510210384178493,0.3281953537298205,0.42078360785233027
6782,50c7387e7110b1dc6a44ebb200a6145d49824150ce3eb2cc9c829c68e34fe472,1,c5,c5,c5,c5,0.09424679,0.2722774,0.6334758,0.16087620419351906,0.37576231695189577,0.46336147885458523,0.20531918965862117,0.3140732499459149,0.48060756039546404
6786,499ec7f12c6a5c4b75f615765c2d8bcc07f9369eee4760f05b844c9fcf23b841,1,c5,c234,c234,c5,0.2691817,0.4078415,0.3229768,0.20284346351154184,0.42243056944552576,0.3747259670429324,0.2913633193966004,0.34657309308501333,0.36206358751838635
6806,1a4196dd7108b16ba9fdf08cb270b7fa34deeda4d1b0e2712a9afaafe1d1c852,1,c5,c1,c234,c234,0.44986266,0.3445879,0.20554943,0.2813893063348968,0.5205069365563291,0.19810375710877404,0.3174610109991738,0.46816271414702304,0.21437627485380326
6808,99e1cef65ee56ff51156f746346bff48ab25b8c1373860d69b848368ba4aeb30,1,c234,c5,c5,c5,0.26191762,0.27965114,0.45843124,0.22613964323994323,0.29187769417736137,0.4819826625826954,0.19868186779536187,0.27717816277651364,0.5241399694281245
6818,2a22d78bb2ea6c19429540dc7c04e2aa54a5ee3ea1c66ebbe8ed3a463b058f78,1,c234,c5,c5,c5,0.17109096,0.37381205,0.45509705,0.23661733069157279,0.14352972824729693,0.6198529410611303,0.3180346941056594,0.28490564976885185,0.3970596561254887
6822,23d10937c899302736fea48006752537a4553de8f0661a32ffef13d2aa5e4a5f,1,c5,c5,c5,c5,0.28101698,0.28489524,0.4340878,0.15950060018147375,0.2507496556420071,0.5897497441765192,0.23450359677610977,0.27263743836671966,0.49285896485717046
6831,a88ccb805e3a7b2b8d776b85daef28c417e473b42f6f5422b8c0f327046070eb,1,c234,c1,c1,c5,0.6314941,0.22479261,0.1437133,0.4577105054561901,0.2500827058006444,0.2922067887431655,0.3445076418493387,0.29864295354772774,0.35684940460293363
6841,931776037dba503cd38c6f602b6734518a8faede677bb554d7a7cfa0074209c0,1,c1,c1,c234,c5,0.4256752,0.2811669,0.29315782,0.24831220023904138,0.3816657436724698,0.3700220560884889,0.3038142827283813,0.3232318897695457,0.3729538275020729
6843,ebc32cd037304d9dbebab07298e4d5a490b0e20ac02265f0e4acfeb3b0f173a3,1,c234,c5,c5,c5,0.1745543,0.27843758,0.5470081,0.27272895180120166,0.1776962890978705,0.5495747591009278,0.2796079091542952,0.28435468896784283,0.436037401877862
6844,798f06ba59e7b41763b66f3d0aa20ac7d0158f383a08cb8afd806f855349f401,1,c234,c5,c234,c234,0.11303227,0.42265058,0.46431714,0.16393831873464618,0.45526800577351256,0.38079367549184123,0.2272389886981685,0.45160931796259585,0.32115169333923554
6865,82d5ac0c50f93201adf8619a4d982a24ae9e0c82ef0cb0bb477d8ae8fe4d591e,1,c234,c234,c5,c5,0.34563097,0.387934,0.266435,0.24228862544596838,0.3087513309293729,0.44896004362465863,0.27512071871807814,0.3260664683626606,0.39881281291926135
6873,9b79efcb6b804b650b4d25e8b108f0190bbc3c34602a187572995c35ea90ee9c,1,c5,c1,c5,c5,0.39473885,0.3123073,0.29295388,0.26405580298671233,0.2749787732145055,0.4609654237987822,0.27287567284205166,0.2799525212373004,0.447171805920648
6886,e29d04a92061387568146200baa0d7b76352e8b1e410b30faacfb10696b6e52f,1,c5,c234,c1,c234,0.3661921,0.3998367,0.23397121,0.45275048290680614,0.32900152010705125,0.21824799698614258,0.3404837323825021,0.38283752547468913,0.27667874214280885
6892,89da683edf06435613d0f1f96a9e1e28dd88fa8878e236a51246969b638c51e9,1,c5,c5,c5,c5,0.27850127,0.3258939,0.3956048,0.13245549688971373,0.2914978109675448,0.5760466921427415,0.20767693329696185,0.36542666579583943,0.42689640090719866
6896,df4bc2681b18902acc135aa3cf5ccc3327fe40f197d638b5017065c78ea34b3c,1,c1,c1,c5,c1,0.37300813,0.33976883,0.28722304,0.35988186633625785,0.26818887934608954,0.37192925431765267,0.40393714852733553,0.2989052980064317,0.2971575534662327
6902,8b0160c17d82a8f6ee3c1445aa1559fa076cc0b5fd97ed889b274e32c44ea412,1,c234,c234,c1,c1,0.30053258,0.4390415,0.26042584,0.5127980076350378,0.25619264181495083,0.23100935055001143,0.3855556107962874,0.31994449775523304,0.29449989144847954
6907,931776037dba503cd38c6f602b6734518a8faede677bb554d7a7cfa0074209c0,1,c1,c1,c234,c5,0.4256752,0.2811669,0.29315782,0.24831220023904138,0.3816657436724698,0.3700220560884889,0.3038142827283813,0.3232318897695457,0.3729538275020729
6918,1b23bb02e9c23758723a8454283807edb98a500f47c0ca47995e6ab7ef5a6059,1,c1,c234,c234,c234,0.37091923,0.42962408,0.19945663,0.3982616579498748,0.4922600135279037,0.10947832852222154,0.35081271425880706,0.4600978505314836,0.18908943520970928
6922,f82d0cf82b363b06e85c1447f7aec0f62ee003c72176df89166d0fab4c3ea463,1,c234,c234,c5,c5,0.38764855,0.42220172,0.19014971,0.17594448031043847,0.37052958809107106,0.4535259315984906,0.22670889762340332,0.38500391468321166,0.38828718769338494
6931,23a578dc25032d860a61bb0f0ff56a5f486cca2d1ddf2bd10b495459ffb22d80,1,c234,c5,c234,c234,0.12470197,0.22702205,0.648276,0.3540928433770442,0.4365834117156795,0.20932374490727634,0.3052215172049567,0.3895704033505099,0.3052080794445333
6932,8fc9618c80bd94cf77e3ff9103c51d5f96384605aef4c9564feeedffd64647fe,1,c234,c1,c234,c234,0.405778,0.3745576,0.21966438,0.24676958314013406,0.6041858646801017,0.14904455217976417,0.309670909552478,0.46940435416140497,0.220924736286117
6942,29ebb723ef97f132e923136a1dd16772cf252e7b1bf613694909d1b1e010e874,1,c5,c234,c234,c234,0.3141519,0.42170125,0.26414683,0.3380513918362656,0.4025634319716253,0.25938517619210916,0.27869373021241634,0.37179923911782226,0.34950703066976135
6945,0f4310c1a48b51a49c3cbcc0362f830aaec110f57d487fe6c0d554426663df75,1,c234,c1,c5,c5,0.45090464,0.35577598,0.19331938,0.2497616356945929,0.2617491864289623,0.4884891778764448,0.3008231678558784,0.29805183809905805,0.4011249940450636
6947,981656caf564778f0199e006d2a2b1648ecc3279d84c63e0524328851b35b33f,1,c1,c5,c5,c5,0.25404492,0.33030146,0.41565362,0.16042894867522284,0.3220701814809059,0.5175008698438712,0.24001750607628852,0.31782605970771094,0.4421564342160005
6951,49ac6be24ecc7094cef8aa28c387582581d12939cf48a4509ca19218bf7a1740,1,c234,c1,c234,c234,0.3839499,0.2947596,0.32129055,0.3137525843991728,0.466780785439797,0.21946663016103019,0.2981613754810837,0.35325287273439054,0.34858575178452583
6953,d5160194cfabe006b42c8f4b12e086d52844c38d5e012961b8f3c3f4d74d113e,1,c5,c234,c234,c234,0.19361152,0.4355877,0.3708008,0.14765867840256255,0.5603852452738066,0.29195607632363074,0.18615358414918995,0.5117641722517129,0.3020822435990973
6954,0a213394a8d9b7133aeb1f672c6edb10261d69295b53b6f9f992783338d9ad6c,1,c5,c234,c5,c5,0.34131262,0.3701953,0.28849202,0.2165025176132885,0.3255071185720615,0.4579903638146499,0.2802520028115203,0.3207295911277858,0.3990184060606939
6955,8d46defa353dfdb7a0e326570f9b678ccc14988704105246b6dcaaf94b0d0487,1,c1,c5,c234,c234,0.18757339,0.38366556,0.4287611,0.28934880133540325,0.37501953913393693,0.3356316595306598,0.3052464774371611,0.37090522428567047,0.3238482982771685
6960,41ff9e7dfe6839c35e95e1c1399bb88b56e9e4f4062d45550eb40459aa9dc063,1,c234,c1,c234,c5,0.47259673,0.269092,0.2583113,0.2979862275414118,0.3946358694244072,0.307377903034181,0.292232325877516,0.3038554501181903,0.4039122240042937
6965,eb8c37c85876443ee44b33c88accfa14d9d1b482e32644ebe8b0c37688a89ee8,1,c5,c1,c5,c5,0.3871507,0.36267373,0.25017557,0.41650591363431144,0.15631100180548407,0.42718308456020443,0.3424498633169748,0.27976215635384644,0.3777879803291789
6980,9b434a55de2a84f6fce08bf1e45efe94f1cb855277d035f28218251e2d1495d8,1,c1,c1,c1,c5,0.39780104,0.29006243,0.3121365,0.4528054124151685,0.28644035976913906,0.26075422781569246,0.3114167241506314,0.31994076581103303,0.3686425100383355
6982,2abc8b82cb2f198c0cf37041c65787d16d1d64d4d9339d0b57f63a3996f3f069,1,c5,c1,c234,c1,0.5357238,0.31641307,0.14786315,0.32587711944756287,0.44257530066686035,0.2315475798855767,0.41579600503282427,0.3826716434310115,0.20153235153616433
6991,6188a600fa6417cbbd893d4a114935b721389bbbb320d31e1bef634468b21228,1,c234,c1,c234,c234,0.49764732,0.36563018,0.13672246,0.3995275797626189,0.4953066333776633,0.1051657868597179,0.4201827181316325,0.44900111702792195,0.13081616484044553
6993,182d56685887f4e3c4a0f72818727b309ded589bc3ec6a201bea4cafca56a7d2,1,c1,c234,c234,c234,0.35187462,0.44107547,0.20704998,0.33145317991786066,0.5600501660286787,0.10849665405346054,0.32687934191038903,0.4762829750865349,0.19683768300307616
6995,e8219bda14e1fa2885e59e14558bb062c8b0caab482def7efc252ae9c9fca56a,1,c1,c1,c234,c234,0.38719988,0.33978802,0.27301204,0.2934520244912812,0.3813849095964736,0.32516306591224514,0.323770406010466,0.3426373754077218,0.3335922185818121
7000,fb1ff7ac7f9a879d68d0060b4dea212c6ac8ab5e230a15a079d7892325f72327,1,c5,c5,c234,c234,0.17288172,0.37041748,0.45670074,0.20719647784972428,0.5167268252314875,0.2760766969187882,0.2835370924862702,0.4562392589386727,0.26022364857505714
7018,c314009a234e1b9edd630cb4a5aa4cba3f7f250debc1191380e71b1103e0e25e,1,c234,c234,c234,c234,0.316336,0.43480763,0.24885635,0.27380684031245245,0.5873713512612782,0.13882180842626946,0.25817858885824485,0.4857522432035917,0.2560691679381633
7032,f2558be2e09777f96d9fea7e3819702fbefff8bd09c61338b8af6b862b7e94ee,1,c1,c1,c1,c1,0.5156768,0.27131435,0.2130089,0.5281117014583656,0.26435760162963046,0.2075306969120039,0.44519849231028474,0.30850059823193776,0.2463009094577775
7035,a1e855e5e8ef7269947aaddd11dad0d15c9ddf3788612f00e7669705ea4a0012,1,c1,c1,c1,c1,0.67616856,0.22557963,0.09825183,0.7860110143476134,0.15128109270650208,0.0627078929458845,0.5991449961040022,0.2430048780074954,0.1578501258885024
7050,94677de38acfc346b0eaf196a04da6b2c73d33516265380c3bb46b7e3f212811,1,c1,c1,c5,c5,0.38047817,0.35987175,0.25965008,0.26238626803175014,0.21914351431877063,0.5184702176494792,0.3234218377423309,0.3007340209228943,0.37584414133477484
7057,54ed7379c86636e74d8d2f398e8dbcd88271ff3cdf3f316733c4f97f409ca902,1,c5,c5,c5,c5,0.20822212,0.30481365,0.48696426,0.19993180195948693,0.3283858446262621,0.4716823534142509,0.2524921889578673,0.3250400171585233,0.4224677938836094
7058,a3ebc5edf6e80c6db4d5cc1ddd166d8d6d5e2e24280da2461b9433053cc2cc81,1,c234,c5,c5,c5,0.3266407,0.3126209,0.36073837,0.34829962905754347,0.27534396044628456,0.376356410496172,0.3112130770641662,0.26599692299772004,0.42278999993811384
7070,8fd2cc45ff97ef167729e19409e07718fbbdfbda5128c44f9fdf95b1baaaa891,1,c234,c234,c5,c5,0.31046587,0.35038897,0.33914518,0.3478263344510281,0.18999017199636506,0.46218349355260685,0.3406699310008388,0.2755632125592915,0.38376685643986963
7071,d1087306859cc2886dc260c9119c2d6ab6ddc6c6cc9794b0fa419b35f65b6941,1,c1,c234,c234,c234,0.34079042,0.34596115,0.31324843,0.24632842745606184,0.43155890071837577,0.3221126718255623,0.2954870230114677,0.38694207675759695,0.31757090023093526
7092,27f1cec7081cce390c74aaca1e858970d9c15c2776bada318be16874284866ac,1,c5,c234,c5,c234,0.2356992,0.4580094,0.3062914,0.1785346355296221,0.38889923536636284,0.43256612910401515,0.255032632081864,0.39862694357282424,0.3463404243453117
7099,0c4574b5de4b310d44637c4e29de53a9ce433cac80fc642e7eadf4e0ae6cfb5c,1,c1,c1,c1,c5,0.43046767,0.28491902,0.28461328,0.4337492742041013,0.28924661202480934,0.2770041137710893,0.32058530716611955,0.3229617679913597,0.3564529248425208
7105,b6b590ed5147a886dd914c738d8812e239d24160c6c58a8dd51b5a557d1e4971,1,c234,c1,c234,c234,0.5570144,0.30256805,0.14041753,0.36566432544057054,0.37878482785985224,0.2555508466995771,0.34702840114516226,0.3849923370563881,0.2679792617984496
7107,9869b5698701477586d204e89d7826bde90e391e8f41c62b82b006bae769cdba,1,c5,c5,c234,c5,0.11145863,0.32866275,0.5598786,0.18547401845340325,0.41310434313894495,0.40142163840765166,0.23794657045048168,0.3385612725128055,0.4234921570367129
7110,2927b380eeef9f15adf1b6eef09b458613bed4fdfdff8698feafb43b45714a6b,1,c5,c5,c1,c5,0.3352288,0.28975657,0.37501463,0.4718504923073064,0.17411783849915724,0.3540316691935364,0.329766100051081,0.23298678987500718,0.4372471100739119
7117,ba405e5980f7216b0bf16c1cb3adc42c6e42692bbf588adb5b033f7bc3fddf45,1,c234,c234,c1,c1,0.37215966,0.3949464,0.23289393,0.5073775715576886,0.21525991676721112,0.2773625116751003,0.34436108657949865,0.317474383011168,0.33816453040933336
7131,bf13afb8c6841cf4830e66a40946c43eba087d3733eb47aa56bc2ca00e1bc4cb,1,c1,c1,c234,c234,0.3975342,0.37238482,0.23008099,0.28050003427581954,0.4630415712426391,0.25645839448154145,0.30580394408624645,0.40337405109066243,0.2908220048230912
7133,2b164191de9cbc273ef08bf3098edb1c64292b466f714f538c2318884641b043,1,c5,c234,c5,c5,0.25107405,0.46265608,0.28626987,0.2211669460180191,0.2872604602864924,0.4915725936954885,0.2608036677502377,0.3291816451563619,0.4100146870934005
7139,3679ec04871754d1e3d9ba707cf5fd8d3c8f097cbe01ba99e191f99e417a63bf,1,c1,c1,c1,c234,0.55558574,0.29052156,0.15389273,0.4799615452216529,0.4348643873853057,0.08517406739304129,0.4241282838043966,0.43081274125002395,0.14505897494557946
7143,34949846776f20f36833130e099d5cb99b681cbb757c6c87e95a3179899817f6,1,c5,c234,c234,c234,0.32726306,0.43166167,0.24107529,0.3098704973575249,0.4027646614994937,0.28736484114298155,0.31137756471308603,0.370613277055361,0.31800915823155296
7158,1f557cf1e58c227a8df620418c5f6fef56b1efdc61f9591cfceb27b4f9064ecc,1,c1,c234,c234,c234,0.14337996,0.45580164,0.4008184,0.27828353695565833,0.597218552018363,0.12449791102597857,0.34893832557268173,0.48365286807191454,0.16740880635540356
7162,ebe67ce01d678047ad791de326f33c19857bf8ee487b43dec42434e58abd4953,1,c1,c5,c5,c5,0.17983513,0.29563236,0.52453244,0.21798949251788288,0.1497632384636988,0.6322472690184184,0.2262992405618515,0.26481385320890477,0.5088869062292437
7183,6ee486f840dcc6aafa249375f6dd8870c7c131ed6ae12e3ec43154d3a271fa00,1,c234,c1,c234,c234,0.47884178,0.3233163,0.19784187,0.16722232820749303,0.5779869420474775,0.25479072974502953,0.23313806592050423,0.4858240547432173,0.2810378793362785
7195,966eeea5baa3fdce3ef8941550d32e59ec51ca1c0b416ffbadd1c810e53cf251,1,c1,c234,c234,c234,0.2549118,0.38265175,0.3624365,0.31998491049946237,0.35066868083925495,0.32934640866128256,0.29774580713730664,0.37506303227652726,0.3271911605861661
7198,a9415726beb123f920e18da92eb5ec11fbf079e29da3208558e90762a7bfdcac,1,c5,c5,c5,c5,0.2697147,0.3498634,0.38042188,0.2094444163162625,0.3875292346265416,0.4030263490571958,0.19787026586117498,0.39426654890846535,0.40786318523035975
7207,f8fcd10030cbb111725652afaf428338bb92a2e50913e3f344d5ab6bb18996c9,1,c234,c1,c1,c1,0.39331594,0.34017104,0.26651302,0.4546713048169009,0.3732867675595466,0.17204192762355255,0.371047867901491,0.3606109212181468,0.2683412108803623
7213,6f4bf857bccf64aa6ad6d9cbd4bb0cb70695258088731fe9912ffe8b813f9e11,1,c5,c1,c1,c1,0.47401118,0.3240372,0.20195168,0.40233489094791053,0.3229602968092588,0.2747048122428306,0.3996988756548129,0.3465522539356991,0.2537488704094879
7217,b1bdecee9d6318dde93d89cfe66c57bfb5901bf01b1f1b723f3f752bb1b8906a,1,c1,c1,c1,c1,0.5293723,0.3016057,0.16902193,0.41784028024870523,0.41487673247587237,0.1672829872754224,0.4120301111694582,0.35975638399141247,0.22821350483912936
7218,f1a9ce2aedb8024022eca7147afc5549e2e4b742f0a2a28c0c984251d1576c12,1,c5,c234,c234,c234,0.23449683,0.4359679,0.32953537,0.28416787387295916,0.4019678744339202,0.3138642516931207,0.3297674062589472,0.3380882736564173,0.33214432008463546
7219,7a7be24c7e9169b95d23db748359f00e926c9b9d6e25177920a6a3b99c7d6f9b,1,c234,c1,c5,c5,0.3654617,0.2926765,0.34186178,0.2318579943919194,0.37525685109798906,0.39288515451009154,0.2630938411206027,0.3076962771821439,0.42920988169725355
7224,a194e2d5155249db85437e8cf1fa23020dcefd1dc3db7d78d9f6fedfe6b14da4,1,c1,c1,c1,c5,0.34259722,0.3400434,0.31735936,0.3939183072446283,0.2675787153073791,0.33850297744799257,0.35253009544916947,0.2667617923723453,0.3807081121784853
7248,3be4edd413041c6cce1c3bb9e14621815bf1d1112a011f1419fa746f8d934fb2,1,c1,c234,c234,c234,0.21417701,0.41860968,0.3672133,0.14069225608795347,0.5864952716322441,0.2728124722798024,0.2538708626388995,0.42080223926890303,0.32532689809219745
7257,d558cc227f5ae6e8f309f9de7499be336a9723e15e159c4e53752bd00971df32,1,c5,c5,c5,c5,0.18653277,0.38525787,0.42820936,0.2504918212618727,0.3737250961269984,0.37578308261112886,0.26599851696509447,0.3365357089580865,0.39746577407681905
7276,55d1c0798497414bde5e9e47bb2855af2122b2f18101b5e0004a4d55e4935caa,1,c5,c1,c5,c5,0.37026265,0.34878978,0.28094754,0.28970570827936354,0.16411846253588763,0.5461758291847487,0.2790063742618782,0.24582173716949143,0.47517188856863035
7279,39a0059ce4f0db496fe67d6c6cdb2abc3f5907dd3cf4d017312ae96e18990d04,1,c5,c1,c1,c1,0.44318718,0.36868986,0.18812294,0.38331014856260115,0.3598387973070506,0.2568510541303482,0.3951070495871538,0.37967319365078644,0.22521975676205983
7281,a4509a7d305cfd3a2d945e4cd4795a1ca88d6a476f25ebabe3491b493accb2f7,1,c5,c1,c5,c234,0.44637057,0.35948825,0.19414118,0.2743854842108395,0.34305611016600707,0.3825584056231533,0.31041282860319086,0.3875368894890944,0.30205028190771477
7298,5c566081e4864227dcca169f7b61b4d6faedc3604a85de7ee6412eb5fd8fb5cb,1,c5,c1,c5,c5,0.44597104,0.2617566,0.29227236,0.30182842735717835,0.2501747401871088,0.4479968324557128,0.22340173798672283,0.3100722958533202,0.46652596615995706
7300,b2eb1d0b09c08654f9a8c232b1b8965648e6111ef719a667b4c3864db8bca26b,1,c5,c5,c1,c5,0.21550961,0.34746176,0.43702868,0.36818801074256924,0.3507684452014984,0.2810435440559324,0.3271075928185478,0.3096372851736833,0.363255122007769
7301,a9dda319a123fce17410d9cb5abe0cc329269ee4643aef37d9c051c9be628ac6,1,c1,c234,c234,c234,0.40639123,0.43872336,0.15488538,0.27656070133239324,0.4837949399516849,0.23964435871592188,0.31200849668170305,0.44118378592154134,0.24680771739675564
7302,baf7306b9b49923b8f285e7f38cf946e09f2628a76a1cd9dfea95d10107332e1,1,c234,c1,c5,c234,0.41691035,0.3205413,0.26254836,0.20214141145079062,0.3405768975191595,0.45728169103005,0.2729303774541245,0.3641260709091744,0.3629435516367011
7304,a818745f197001bf13666c5d692735b4671765bfc34da784210db1b435c0d9fb,1,c5,c1,c1,c234,0.45587957,0.33813292,0.20598748,0.39010923605956016,0.3452475441706372,0.26464321976980265,0.35693583110888394,0.3715611316013491,0.27150303728976694
7334,e807f3e664d6ae799880b250a5794254b75024ab0bae7d15234c453e3cd4463e,1,c234,c5,c5,c5,0.14913416,0.22357431,0.62729156,0.11376335426697022,0.3066346067774528,0.579602038955577,0.20374380229049555,0.3084024718887336,0.4878537258207708
7341,44b6f52493dd221337eb44bda54f58922e959f434e17c4a4555ebb34d7187ea2,1,c234,c5,c5,c5,0.20889278,0.33007205,0.4610352,0.29302298164407226,0.29817560281611905,0.4088014155398087,0.3193286943051531,0.2870778593096353,0.39359344638521165
7354,a420d8f53b34c95efe37617e020d05fbebe74811d94cdf9596969ffb47aa0d37,1,c234,c5,c1,c234,0.10016015,0.38893777,0.51090205,0.4914314620194221,0.30857314457742957,0.1999953934031483,0.3315846101336325,0.38782376115040906,0.28059162871595855
7360,fdc5f87092e390a375d4f62a5acacb7e5f07a0c0ff0273d1627a2f88cb373359,1,c5,c5,c5,c5,0.17509735,0.31282866,0.512074,0.29620280269569843,0.32155898330483507,0.3822382139994666,0.2790457135735829,0.32797514684731405,0.39297913957910313
7374,102423fe67a3e9d72e952824430bc409ddd1964ae0f5eb2f42511ed6eefbde99,1,c5,c234,c234,c5,0.2655209,0.36742485,0.3670543,0.3235677740455419,0.3606320243050385,0.3158002016494197,0.32770563847179796,0.3148878068128636,0.35740655471533844
7394,35f6f8b9c09960d8d5adb4bd6ca36909f734610e0aade403562212eaa21ebcec,1,c1,c1,c1,c1,0.49676663,0.34879616,0.15443717,0.6513787701945116,0.2225242204092708,0.12609700939621743,0.4946767124023788,0.3248882744202394,0.18043501317738178
7404,58bbe73bcef2132e469464914be6c1a2f3490e59ccc013ecda27b2b96be78847,1,c5,c1,c5,c5,0.3582794,0.3318838,0.3098368,0.274223000963397,0.20211352231058438,0.5236634767260187,0.2957936843506408,0.2777660930412847,0.4264402226080745
7411,e71336fe08f1bd36458ec3eb13f69560285ce22456d8036fba3a493e006853dd,1,c1,c1,c234,c234,0.35962474,0.35734865,0.28302664,0.32955368661350437,0.42100894991263677,0.24943736347385898,0.30228072802641204,0.4299837009773757,0.26773557099621237
7422,c660bc13d66d92f6b61999f21df02f187701cea9962856415d7e7bf6b58bbf47,1,c1,c1,c234,c234,0.4124767,0.34769192,0.23983142,0.37148874206993165,0.416437841952955,0.21207341597711343,0.3517726320398177,0.40697536665445766,0.24125200130572472
7442,047316cc276a74c6922a159a1cdf9d5a00fdf37062192551041830138a0db663,1,c1,c234,c5,c5,0.25390223,0.37481055,0.37128714,0.2001151035679365,0.1725806340405562,0.6273042623915074,0.29497267652153614,0.2561124363704291,0.4489148871080348
7443,37e6d8702b3faa4392af14d5c51d66d1a50d043a9ff9bfd2136c7d7274636572,1,c5,c5,c1,c1,0.14713342,0.16754392,0.68532264,0.5467178237423366,0.17301367370936938,0.28026850254829416,0.40862734349809027,0.20925510987449208,0.38211754662741765
7454,d47b40989995f11eb17e1ab94ade67d8e32fd4128540c0fd3a74087053a55bbe,1,c1,c5,c234,c234,0.30897078,0.34541938,0.34560987,0.2955421576903808,0.3908186672345917,0.3136391750750274,0.30386918226786186,0.40219933235330524,0.29393148537883285
7471,bc95d147e54b465a5e3e860b93bac5f3a56f38cb28dc48a53a6de4f5a9662de4,1,c234,c1,c5,c5,0.42639223,0.2730471,0.30056062,0.29622960372485707,0.22293550795233374,0.48083488832280924,0.2614694993414902,0.24399403993565605,0.49453646072285384
7477,31d9b548e8ba0d463e9dca713085282069add9313d51ac89e06edbd499675314,1,c234,c234,c234,c234,0.3022858,0.39771953,0.29999474,0.2029779635559107,0.6560801107547156,0.14094192568937375,0.2747024513794567,0.45930352326175394,0.2659940253587894
7495,c5d0d4c83914567b25a43b67d5e363b99062fac7d1ce43039b7aedceefe8e388,1,c1,c5,c234,c234,0.33538458,0.31912956,0.34548587,0.33967619125532217,0.3729174007209061,0.2874064080237717,0.32050966753462873,0.36452065313276055,0.31496967933261066
7522,146814dd572fec31e62789b52e8abc486887e9850c68b366405b4c54487ba35a,1,c1,c1,c5,c5,0.518147,0.3516818,0.13017125,0.21180315089188007,0.3282730587402716,0.45992379036784836,0.28151552729481505,0.3563739428843891,0.3621105298207959
7535,18e5694e6f7ff69ac1489872a2cc9f818253307ac3b8bef1efd96297476ef505,1,c234,c1,c1,c1,0.44370314,0.31162757,0.24466932,0.4464913555254445,0.14528169875121416,0.40822694572334134,0.40407943729652157,0.23211155482991577,0.3638090078735626
7538,85bcb5eec2043b9e20bc77e3ca3e69fe684c7a598c50b74b91b95683cbc7f081,1,c1,c1,c1,c1,0.38249892,0.35668015,0.26082093,0.7580400546453407,0.18904531154786167,0.0529146338067976,0.5619508433766877,0.32440485369493477,0.11364430292837753
7539,bb86a5fa3e3a25ee4b7eb5307f13c0eb63d906ecfaf8f2ad032d819cca72430b,1,c5,c5,c234,c5,0.19328909,0.33458412,0.47212684,0.18937989496966548,0.4728694745196247,0.33775063051070986,0.29192133841393053,0.3032825967954505,0.4047960647906189
7541,0f5c21809674e272e5b4b1eeb8e7df4a708f5e53c158c16932bc3df3a93c4766,1,c1,c234,c5,c5,0.13221884,0.4410883,0.42669287,0.19904445179953464,0.3542848784370009,0.4466706697634645,0.23012461249928393,0.33895330453483463,0.43092208296588147
7542,3d1a2c6bc2d133751a11c8267fdfc7c2bb65c01f6220f32e6528a3fdcb0fd56e,1,c234,c234,c234,c234,0.29906705,0.48726398,0.21366899,0.29949891266117945,0.56373951006649,0.13676157727233057,0.2959960544828358,0.4727221211348451,0.23128182438231903
7554,94677de38acfc346b0eaf196a04da6b2c73d33516265380c3bb46b7e3f212811,1,c1,c1,c5,c5,0.38047817,0.35987175,0.25965008,0.26238626803175014,0.21914351431877063,0.5184702176494792,0.3234218377423309,0.3007340209228943,0.37584414133477484
7557,e225473245ea4dfb86f36366d167e69a1df636324a78c46f53a9181f5a2938c6,1,c234,c5,c1,c1,0.24503681,0.28120866,0.47375455,0.40653395462844377,0.277684659880191,0.3157813854913652,0.38888152864063125,0.27651585572716497,0.3346026156322038
7559,97fba7ac2a966668ce506778ed7fcea7763452dd8eaa35404ef9dacb55ed3665,1,c5,c5,c5,c5,0.316701,0.30063415,0.38266483,0.3237081518955332,0.2772519345228674,0.3990399135815993,0.2719472429943632,0.32485349263231195,0.403199264373325
7579,20fad3d59df9985a4958ab126210987e15c7ec34c502105c2309ba815b49e9b1,1,c234,c234,c5,c5,0.19787708,0.4945193,0.30760363,0.1738841936640996,0.3307625472456907,0.4953532590902097,0.19413278051511407,0.36340186032143207,0.4424653591634539
7594,bdd3c9408c1e3d8cb4b65d4a6e74438bce27fc397e9b7896bfe04c0e9e654d05,1,c5,c5,c5,c5,0.31867453,0.26990217,0.41142333,0.12996267199484357,0.21805429603867313,0.6519830319664833,0.22821920054376146,0.2761734137793747,0.4956073856768638
7601,449082aea084a437f7cc15c79aa8f3b4d061818f55f155eb1b341b668a9017f0,1,c5,c234,c1,c1,0.33548373,0.3820032,0.28251308,0.4233919758911275,0.39038339866890776,0.18622462543996476,0.37748861036563663,0.3529655507136191,0.26954583892074424
7608,9e25cb004d6a3c660a786976dac47f41b28414924cddd9761aa03993274435f0,1,c1,c5,c234,c234,0.26351303,0.3336726,0.4028144,0.22074350837339832,0.7023421487217966,0.07691434290480521,0.3458400402508722,0.48738371130494057,0.1667762484441872
7617,0bb29b8216170f98ade0e70fc9043a7465b0db277157ccd248b13dc2c41fdb3b,1,c234,c5,c5,c5,0.14090337,0.39522702,0.46386966,0.17127039958696433,0.3912370410173045,0.43749255939573106,0.2167327705980377,0.3520720432098739,0.4311951861920883
7618,686f4d60f991c5ef22eb502f36661dcda6a5209bee77fd01669f68e4f768c2f5,1,c234,c234,c234,c234,0.33473063,0.46463147,0.20063786,0.2950743497893704,0.41472909329458363,0.2901965569160459,0.28921644420386805,0.4123735311584648,0.29841002463766714
7639,b5ff166de72b73f1311e2fb2ebb349c29c5ef6d053fb698b36a270eb76fecf1d,1,c234,c5,c5,c5,0.22595681,0.37158048,0.40246272,0.32652010054623937,0.32169575869479927,0.35178414075896136,0.31556241620520264,0.33414145942940965,0.35029612436538776
7644,70e0e966dfb63908e3b18a7c12570074d729b8710888ceaae9693181ee9b6a0e,1,c5,c5,c5,c5,0.110987715,0.32810983,0.5609025,0.18501275920406676,0.3838837858758763,0.431103454920057,0.19136676487473853,0.3780930843557763,0.43054015076948515
7646,bcf57e3139cb3f5f0e733f1fecbd6546fdc2dd2a57179c0b4ac5cfefd5a35277,1,c1,c1,c234,c1,0.40676174,0.26575404,0.32748425,0.28488087293078973,0.41204665276073565,0.3030724743084745,0.3631086636097472,0.31568225087092994,0.32120908551932287
7656,cd7e018b09333d51122be1499186454c7bf9d2b112199fb76486b11ea653eddf,1,c234,c5,c1,c5,0.24335186,0.30274993,0.45389816,0.3411593317796239,0.3278453506149962,0.33099531760538,0.3459985705314406,0.2710759714481246,0.38292545802043465
7657,8b127aa15883baf83c61bed8ef8089eb920e0b8494a34e5738ec1ecef1d3e690,1,c5,c5,c5,c1,0.26861116,0.26190925,0.4694796,0.3297125030568925,0.294296584888309,0.3759909120547985,0.3617440104007068,0.2973744168954,0.3408815727038932
7671,a6ac6e9fc78696cac8e8c0d6b5240c07c7821057ad1c15f179d02b8134ac3f1e,1,c1,c1,c1,c1,0.4515275,0.31449544,0.23397702,0.7522574511443302,0.1445100652055814,0.10323248365008851,0.5781698710465929,0.24366187007137932,0.17816825888202778
7686,5484b0204a4f49eac2dc1c48745c2265acaa313d8ee5ebf80f9e85aaea01248c,1,c234,c234,c5,c5,0.22238022,0.3991946,0.37842518,0.33317991408925907,0.32440970066657204,0.34241038524416884,0.29378027590798345,0.34763843997671723,0.35858128411529927
7690,781613be3f717b18492d101fc6a437bbdb3d30bddc655fe483ed498ee098a86b,1,c5,c1,c1,c5,0.3959678,0.36160254,0.24242963,0.4249390325016987,0.273934493698733,0.3011264737995682,0.349048511554205,0.28648090158052847,0.36447058686526657
7698,340f2db0506597e7a69750ec3a7123cccb7b86ef5827c0d843917bdf0c9da650,1,c5,c5,c5,c5,0.23493516,0.3636571,0.40140772,0.1923075555164827,0.298662302516048,0.5090301419674692,0.2619382097986265,0.36016237684666147,0.37789941335471205
7705,6df288077336304d9e8350451c23d6473442ff875a6abcc2edb85c49a74313c5,1,c5,c234,c5,c1,0.31090343,0.36670706,0.3223895,0.37638138029968743,0.1881836746689833,0.43543494503132935,0.37147627166147723,0.2706673307256474,0.3578563976128753
7733,55d1c0798497414bde5e9e47bb2855af2122b2f18101b5e0004a4d55e4935caa,1,c1,c1,c5,c5,0.37026265,0.34878978,0.28094754,0.28970570827936354,0.16411846253588763,0.5461758291847487,0.2790063742618782,0.24582173716949143,0.47517188856863035
7741,e4cf64f2fdc9f6553ba49f4d603616ff717ec505bf4d6d0159a5aaccbf355388,1,c1,c1,c234,c234,0.42369366,0.35906503,0.21724129,0.23313586120012364,0.4992751367813404,0.26758900201853597,0.24718130789676712,0.46409813184939763,0.28872056025383536
7750,ea3519efe5d9af7f301a29ead18d73ee00a6e7a5887a2a2f0773bfcd19b81028,1,c5,c5,c5,c5,0.30455443,0.26966822,0.42577738,0.2722798322462934,0.19738471263813231,0.5303354551155742,0.29157111504464023,0.24008049561287734,0.4683483893424825
7756,883eece77242fd8353de41e9304e9f938b69de6997349b41fb9822995d4665d0,1,c1,c5,c234,c5,0.15686932,0.24486256,0.5982681,0.12746574232642222,0.529027642207739,0.34350661546583877,0.21587694008933753,0.3443518854055996,0.4397711745050629
7762,1056fc739133449376dca02f4b5d6e157edd5573ad9c9799bf4dd17a8aeb7430,1,c5,c1,c5,c5,0.38078976,0.2874208,0.33178946,0.2510182621306855,0.1557178324364053,0.5932639054329092,0.22921006957915552,0.2232041863537268,0.5475857440671177
7765,1ec76bffc1a9c8343fe3e28471da75f8cf633243400168a10f95c34681e30b2b,1,c234,c5,c5,c5,0.15989053,0.27428222,0.5658272,0.1897811707322582,0.3731177340847494,0.43710109518299234,0.2369429619163921,0.3531779319881236,0.40987910609548434
7767,581dc8f56baeef4c50156ee08a7985b36045583a45b1962ba6eaef21dada7989,1,c5,c5,c5,c234,0.083247446,0.3388247,0.5779279,0.0908499581588553,0.35557466629535006,0.5535753755457947,0.2187206003417675,0.39142043238899116,0.38985896726924135
7818,e0a7a0020dc792c27f567b3973453aca37f21e1d12a15313a03c1b3a86aeade0,1,c5,c234,c234,c234,0.1663354,0.4250556,0.408609,0.26431230277616274,0.5920709587042786,0.14361673851955867,0.28702364662392876,0.44445199049961576,0.2685243628764556
7826,3c3ffb22fb3d7f1208644100368848e20526bc7616e52c0c974bc560bcf8e135,1,c234,c1,c234,c234,0.54618376,0.2560362,0.19778001,0.21567685885351334,0.6313517473500649,0.15297139379642175,0.31703861337159606,0.4514318858587293,0.23152950076967468
7830,f12485c9f169d4215463f4dc194c2a76fb209e7bd173b9c8c3685e2883e21573,1,c234,c234,c234,c234,0.23519482,0.48508927,0.27971599,0.3288978320277132,0.34430798283997843,0.3267941851323084,0.29171623008401093,0.39701344807080496,0.3112703218451841
7835,b370e1ae314c6d152ea668578f97cd92aeb3e3ef660de51fdc8f47bea98900e3,1,c5,c5,c5,c5,0.20887059,0.3095759,0.48155355,0.28239779349323907,0.258879617880552,0.45872258862620896,0.24379539011396048,0.2770435252667948,0.4791610846192447
7837,b743df318a759f160b923e34b5178da3ce1b3e437b6a24b406ff64f8723bfbb7,1,c234,c1,c5,c1,0.5712211,0.23896016,0.18981871,0.37167866565557084,0.17265934500286145,0.45566198934156776,0.4110208311872556,0.2509717983399973,0.3380073704727472
7838,6ccf2a04d7976eb2bb7b4f4988c1a0b2910f128c9d894015420ea57b74642bff,1,c234,c5,c234,c5,0.2612457,0.3079612,0.43079314,0.3341199400403689,0.45115729202165417,0.21472276793797698,0.31732931067417186,0.33269762614973963,0.3499730631760885
7843,4b4ad5dddba63042ae02ad844bde49947b955c840dbd191acec9ccfa9f4169f2,1,c1,c234,c5,c5,0.24141233,0.46837705,0.29021057,0.14902959333441806,0.3009704579991064,0.5499999486664756,0.23179279878066072,0.3458143805151241,0.4223928207042151
7854,b2a51fa4ea2a1cc8332b294c5c9971ecfbba9f9c92ea72944c36848d0865a8ea,1,c1,c234,c234,c234,0.14034861,0.47002888,0.3896226,0.17994276559183583,0.5575116294319128,0.26254560497625135,0.23043495349738355,0.4577883108078757,0.31177673569474085
7855,7df6c70b28de4a43908ee45189008cde3e74ae9f3a74a5a6d762b0b4a0220981,1,c5,c1,c1,c1,0.45191348,0.34356523,0.20452127,0.427736446630767,0.31441093049627666,0.25785262287295624,0.4000164081499481,0.3298973020810756,0.2700862897689763
7868,87515bea1114d7bad7a43cc3fa143ee6fa025ece37f9b62c2f0940172ba90f85,1,c1,c1,c5,c234,0.3905023,0.35786435,0.25163335,0.22057198232556904,0.36433459665321866,0.4150934210212122,0.29673372154310457,0.3815849007285544,0.321681377728341
7875,bd262ba0bfd5930fd63d05fa3257022172658029c5293594af9d1cc55d7aaf90,1,c234,c1,c5,c5,0.4078951,0.27409726,0.31800768,0.2577829618434109,0.32994629186495505,0.41227074629163396,0.2383828751717495,0.27441444959845945,0.48720267522979105
7878,240bd35e0c72182628762b88c25ef14a8067c0dfe9bb9282d5f411eb166db226,1,c234,c234,c234,c234,0.2571958,0.46345362,0.27935055,0.1705852759682831,0.5054629347076188,0.3239517893240982,0.22454553511017886,0.45451407144717,0.3209403934426512
7885,010d4180412513ed50a91b19af5e3c8b7488ff7c82cf6873adbdbd5f49f36ba5,1,c234,c1,c234,c234,0.40002432,0.37549224,0.22448339,0.26590400212558263,0.5816396439157668,0.15245635395865045,0.3250390249763733,0.4427946118597091,0.23216636316391753
7905,cd0a84a373e820f3fbaf6ce753a028228d691338d18e2eb67813827e5aba9678,1,c1,c234,c234,c234,0.2521979,0.46639538,0.2814068,0.2390609814299928,0.44444634362881347,0.3164926749411937,0.2888212204800961,0.38560797771662736,0.32557080180327647
7906,2fd0670968a66a2af81a947d98894e93cff2c3e61514a4b593af8235ea171836,1,c5,c1,c5,c5,0.38092506,0.3306423,0.2884327,0.18814955286282628,0.12169963560120074,0.690150811535973,0.23857046864060114,0.1832765923469757,0.5781529390124232
7938,25cf7cd0b47bbad67e8e31a6c1b2ff16b0843b147eebd7fd06615af6be6a646f,1,c234,c1,c5,c5,0.40381718,0.35829172,0.23789111,0.31043650958985586,0.26452150981241235,0.4250419805977318,0.2973833891707319,0.28830990786927685,0.4143067029599912
7943,7e1a2906828155cebf80285c325cb0aaba57544d6eef15e6740b8d43ed848c6f,1,c234,c234,c234,c234,0.32449263,0.37361854,0.30188888,0.2254960998296348,0.6933484670570467,0.08115543311331841,0.34781432730534523,0.48414362265179695,0.16804205004285785
7944,4ac2799d3f473f28e002a7575f3196caa8d782e37c6421452ad6c758787b9b7d,1,c5,c5,c5,c5,0.08296019,0.36347625,0.55356354,0.1120556514300782,0.2731040434337894,0.6148403051361324,0.17769563308491326,0.30808464606483504,0.5142197208502517
7955,0864ec44c06d3f35e3567bb50238307f41a542bae53ed107326578e73761a6fe,1,c5,c5,c5,c5,0.25246167,0.2798668,0.46767157,0.33061618114499647,0.2591471014141683,0.41023671744083523,0.31214707500260425,0.30282449595119476,0.385028429046201
7958,5dd678f5ea10c22caf94e30242c605084f81872db3a4199eee257db2be16f267,1,c234,c1,c1,c1,0.4926117,0.26136798,0.24602029,0.6181430426579826,0.2264116969505534,0.15544526039146403,0.4638640623594667,0.28889196319163235,0.24724397444890106
7962,227ad242dbe6686431f76c0231eff1951f69fb706308725ce4a02e8720bb088f,1,c234,c1,c1,c1,0.4903726,0.34912425,0.16050316,0.48796722131898085,0.224732367946642,0.2873004107343772,0.4295007213952099,0.28634202514844864,0.2841572534563415
7965,21749a7b7ef9a404ef0b066f5032d02b35e63be0b9e4af45e33cc5db8239ee1d,1,c5,c234,c234,c1,0.39901027,0.43559223,0.16539755,0.35298591614161506,0.40562995739832425,0.2413841264600607,0.3933487747612079,0.32855856783791976,0.27809265740087236
7968,278dd74efc06a4a7562c94b8ad09c53745b20bf7f15a3d5f65cadd1fa3671cbd,1,c5,c1,c1,c1,0.53177357,0.27884504,0.18938135,0.6471589249013425,0.18118196359091834,0.17165911150773908,0.4329897065933875,0.2955158215325626,0.27149447187404985
7969,032b56c88560affba60f49fb3bf15f3d2632fdffc3f236b84723818167d2c968,1,c1,c1,c234,c234,0.4446444,0.35500094,0.20035464,0.34670139982597487,0.5041419816051812,0.14915661856884385,0.3668599401695159,0.40500874935023473,0.2281313104802492
7981,1b5b066fceb2cd8b186d9e2e6c559619921652f474c269d1d340c80a6e73a346,1,c234,c1,c5,c5,0.4288522,0.3857663,0.18538152,0.3154828772309378,0.19289928940232293,0.49161783336673937,0.30345385773957095,0.2860020260409404,0.4105441162194887
7986,dd3cb68aae62f5b0b16244c749ba2bed96c5a2dc9275b011177e3abf50bb2f7d,1,c234,c1,c234,c234,0.42702904,0.37534156,0.19762936,0.2586299865322052,0.4577752937507379,0.2835947197170569,0.2864370053309428,0.40759236634206797,0.30597062832698924
7989,96df454352cb1299d15f86e3250ac2682d7c7132e48df6df84d628f09621647c,1,c1,c5,c5,c5,0.15698346,0.36120537,0.48181117,0.1744099602027113,0.25067427139848114,0.5749157683988075,0.2192409512700926,0.3372024581267914,0.4435565906031159
7993,7b7d66b0accebc8fddf05c8049d149d75e821a2f526dc784e966eb2d0775b2f7,1,c234,c1,c234,c234,0.4782297,0.31093973,0.2108306,0.41857597383654555,0.4434492635680475,0.13797476259540714,0.39568980600881265,0.41170821695329934,0.19260197703788792
8008,3d94ad839a9f18f0996a14c0c5ca8ebcc9dc067eeee55b8410ffc6aa9b9da7ac,1,c234,c1,c1,c1,0.44527978,0.39112148,0.1635987,0.5593743232912894,0.17217440080893837,0.26845127589977213,0.4300997990083423,0.26227194819278665,0.3076282527988711
8012,1ed5121a61106ca09456bc47d79a8a15865ad4de0647d22a9f1a05d54932dac8,1,c5,c234,c234,c5,0.21054994,0.40815067,0.3812995,0.15117868907109758,0.48559667797392403,0.3632246329549783,0.20650853388841553,0.36544979242197706,0.4280416736896074
8013,d00fe1ee657dff53a819b1df915114278d5bde633e8b1118cace899c951418d5,1,c1,c234,c234,c234,0.23082271,0.4300236,0.33915377,0.2518400453055678,0.47233014723236383,0.27582980746206837,0.2730713226300595,0.39636137653461145,0.33056730083532904
8052,a6a32f4fa6e52c4dddcbbdf5e788ae0c89fa90713177ff4dd7b084382153f641,1,c1,c234,c5,c5,0.30632445,0.37540406,0.31827146,0.25539291187485,0.18178073263892439,0.5628263554862256,0.31793701758534765,0.25359623445167667,0.42846674796297574
8053,5c566081e4864227dcca169f7b61b4d6faedc3604a85de7ee6412eb5fd8fb5cb,1,c1,c1,c5,c5,0.44597104,0.2617566,0.29227236,0.30182842735717835,0.2501747401871088,0.4479968324557128,0.22340173798672283,0.3100722958533202,0.46652596615995706
8058,25cf7cd0b47bbad67e8e31a6c1b2ff16b0843b147eebd7fd06615af6be6a646f,1,c5,c1,c5,c5,0.40381718,0.35829172,0.23789111,0.31043650958985586,0.26452150981241235,0.4250419805977318,0.2973833891707319,0.28830990786927685,0.4143067029599912
8065,bc49e844d5fcad944c132d873542d3c2f630a314f484e9346b48f9b5fde410b2,1,c5,c5,c5,c5,0.19339047,0.3845697,0.42203984,0.17357801633324255,0.2661112308038876,0.5603107528628698,0.22039312794969593,0.29805623275183485,0.48155063929846914
8067,53460be2de35b879a5aa1991e316591de38debb5b653789996d7fa0c16cd9c30,1,c5,c5,c5,c5,0.2206447,0.24366537,0.53568995,0.2318338530368013,0.27393714275304076,0.494229004210158,0.30237124687300254,0.29535151547732996,0.40227723764966755
8071,8a842d704eb402ed49cd7089c875dc9b6b5acaf5a14380e9711e09568987f280,1,c234,c1,c1,c1,0.48350963,0.30739596,0.20909433,0.5941481824942015,0.2058006759174531,0.2000511415883454,0.40141283396598143,0.30804466598471575,0.2905425000493029
8072,a088c9a06a32083c350d8e0852bca315800d6f13ccae40082409d71538c59481,1,c234,c234,c234,c234,0.32964677,0.34296837,0.32738486,0.36636807319354076,0.450591191161758,0.18304073564470125,0.32023923112031066,0.3900284798647746,0.2897322890149146
8090,ada3ec450ccb85ae0ea6559ad280b830e328a457556e49690895d3581fe67a13,1,c5,c234,c234,c234,0.25251564,0.4091477,0.33833668,0.19899369247478352,0.51091904028922,0.2900872672359965,0.2850102760844635,0.3738765546787989,0.34111316923673757
8101,3b53ce817ba888c14c1e9a45f58c18acd754f5a4c2f1c6a6b76d0d7754eede36,1,c5,c1,c234,c234,0.4494361,0.36926606,0.18129782,0.16290941721078328,0.6761199315143755,0.16097065127484117,0.301358380219291,0.49187852991246694,0.2067630898682421
8105,60e6b6bc2a9d6b6311095991071f067a183b2d071aa95acf8058b8e331b58bbe,1,c1,c1,c5,c1,0.4093253,0.3310386,0.25963613,0.2969663438060489,0.33462103962333256,0.36841261657061847,0.3660206715563281,0.3263999407089544,0.3075793877347175
8114,b0f14d941655f0c9906fcdf09bf80bcf714b4aac5c67aa3de63f80f998e838f5,1,c1,c234,c1,c234,0.298916,0.47388628,0.22719768,0.44324199706474443,0.39209747138971884,0.16466053154553684,0.2977060272925728,0.4520629875173727,0.25023098519005443
8116,7066046b72bd1f6a89225b3e03978b338b8bf8bd3a24d2ce8c670c0f53f187b6,1,c234,c5,c5,c5,0.1162611,0.43832514,0.4454138,0.18878259205620146,0.34677542992225896,0.46444197802153947,0.21317665271337158,0.35508724001715347,0.431736107269475
8120,6fa08dbffea33923d63fc275235d102c5a584f5e07c7af2610a1a15418cd7d62,1,c5,c234,c234,c234,0.3616588,0.36527547,0.27306572,0.20183308483715282,0.4235759380808526,0.3745909770819946,0.28090953421251097,0.395696743240802,0.32339372254668697
8132,b38efae3582a14517b90d0aa34faec59e09170e78e1197b533bc276e309e671a,1,c5,c5,c5,c5,0.12027318,0.2152806,0.6644462,0.3803336606134105,0.2234879977177526,0.39617834166883686,0.31809097446117784,0.28600659516214294,0.3959024303766793
8139,edf64042af41a31944a3f025ac309e9abecd38b675e593a916f0bd5afa860d8e,1,c234,c1,c5,c5,0.42546952,0.24678913,0.32774132,0.29075559898602604,0.2718687626883483,0.43737563832562565,0.33558190221270917,0.29281834289841285,0.3715997548888781
8146,681fa72c87e9fb6b9f36131fd57071ee55436c88fdf1fceba57f9d5aa34c3a62,1,c5,c5,c5,c5,0.22811769,0.26327813,0.50860417,0.2816788858813889,0.1830999187123632,0.5352211954062479,0.2737627956701496,0.24562567388590714,0.4806115304439432
8174,78b23a76b44b5e4154d6bb1d2f0c98ddb08c51c49048ea967459ebe8d18aa477,1,c5,c5,c5,c5,0.17116189,0.25727236,0.5715658,0.20864602947196267,0.2897509309263502,0.5016030396016872,0.2308488863356707,0.31103908514542605,0.4581120285189032
8198,aa5911ad687ba501f66cab7355304d1e64b3efdab1237932e2f1f1ddd7ba677f,1,c234,c5,c5,c5,0.2951302,0.32983798,0.3750319,0.20196298654564618,0.33263137000870957,0.4654056434456444,0.2764252897830479,0.31242171401658675,0.4111529962003654
8206,936a3f938d6f70af3d57056be11b3ab0ce755a55b739e32f698f79b5534c1d44,1,c5,c5,c234,c234,0.2770993,0.34826487,0.37463588,0.2957051258107805,0.3909131894674919,0.3133816847217276,0.27918951126044755,0.3763669395991028,0.34444354914044956
8209,287edcd4e493117c4300054aa33f7f8beee037919eadd28eb9e9b4eb28245f62,1,c1,c234,c234,c234,0.23744686,0.38575166,0.3768015,0.140599796490826,0.5347904336668786,0.3246097698422954,0.23696167363658432,0.4035764291306462,0.3594618972327695
8213,25e71933bd1ebfd7605c5307ef3669d9167970b8faed3e214a19b90218e08401,1,c234,c5,c234,c5,0.2575218,0.3635606,0.37891763,0.2624213198754311,0.4163331988446099,0.32124548127995883,0.2517664894277497,0.3632324182163525,0.3850010923558979
8214,ecc4cb70ed9b6bd3e5ceba4961bd64a8b0744eae5d93d2668d29e95def1f99e5,1,c1,c234,c234,c5,0.33700278,0.3723682,0.290629,0.3478736765640279,0.4045623847399878,0.24756393869598434,0.2827719198097911,0.3499490420666536,0.36727903812355533
8225,3f0a96a97ade3f48dd2a25baa41b815365dd13357739a6f05ecc49f36ceb319e,1,c234,c234,c1,c234,0.37393725,0.42604566,0.20001705,0.4522348887193535,0.3964349389082365,0.15133017237240984,0.38692672845352727,0.4207782994496131,0.19229497209685972
8232,32406e0f33789e531e200a2e60119ba3f00aeaab4b40c0ea8938cf286e853074,1,c5,c5,c234,c5,0.32251027,0.2727662,0.40472355,0.31356268777295115,0.4089290102505159,0.2775083019765329,0.3015914610335028,0.31145970844031706,0.3869488305261802
8247,35df2a9c13a88fd1158e0456dec69c3249d1f70f710288683add1af8529e829e,1,c5,c234,c234,c234,0.27450877,0.4625979,0.26289335,0.14467702730105272,0.5144428759973629,0.3408800967015843,0.19547170419378482,0.4528863562894002,0.3516419395168149
8249,7793a17e2b2bfcee9fd4b7cd49abdab2ba8c13823808ea34c18c6f886e73792f,1,c234,c1,c234,c234,0.4258553,0.35147098,0.2226737,0.21492011244879247,0.455108323802334,0.3299715637488735,0.3356429447134844,0.35554084203002284,0.3088162132564929
8251,2432145d4ce808801b43128b6762cbcfb8e3415dc657614882939ee53553f305,1,c234,c1,c5,c5,0.3538261,0.33441007,0.3117638,0.31991212150883835,0.22982368840986733,0.4502641900812943,0.2997014224693754,0.2628992738876512,0.4373993036429734
8253,aaa6bb62230503f33aaaceb17c3d88d09f7be3933474175bf50e3dd68edaf845,1,c1,c234,c234,c234,0.3020805,0.3909917,0.30692774,0.2190805720100722,0.6492648137993884,0.13165461419053942,0.27593422377371724,0.484693209950255,0.23937256627602768
8262,ffbc188c73f4cb96793a8a39d45d78bd05701bd886f391c5ea692855f84873c0,1,c1,c1,c5,c234,0.42837775,0.37523034,0.19639196,0.28833639716066073,0.31766942241947255,0.39399418041986684,0.3013886189378934,0.398500475650599,0.3001109054115076
8269,de142497297c2d6e4a67be6f2ff6f230801184f250fead8b93ccd76c786f9ce5,1,c1,c5,c234,c234,0.08059069,0.31633824,0.60307103,0.19138199346426613,0.4224381994042499,0.3861798071314839,0.2462371858979817,0.3956163969212391,0.3581464171807792
8276,1f0cddeeea0537ec506197b1e4e705881405e2a5efffced460e375bbe9094fbd,1,c234,c234,c234,c234,0.3179821,0.3842129,0.297805,0.23343492707459348,0.3998105635607712,0.36675450936463533,0.222676148237982,0.42115072343891025,0.35617312832310777
8281,05539ac7b783289355476b607003727026ded1d168494474dd7592d9f96b4633,1,c1,c5,c5,c5,0.10838978,0.27557698,0.61603326,0.2476295402912809,0.3395767826514733,0.4127936770572459,0.2889340394590867,0.314985123994825,0.39608083654608833
8282,f01ee099831b4fd670692a673eb7d4dec9d1a467732c615a29eff8d1dd7a2027,1,c234,c1,c5,c5,0.37436822,0.29752022,0.32811156,0.2981716678695632,0.32614633616130745,0.3756819959691293,0.297301393719767,0.3188557022467155,0.38384290403351756
8284,a75b2d98fa072f24a159c811f32790b7085b4b76a9adb87749e506d1a67adcfa,1,c1,c5,c1,c1,0.30081317,0.2064938,0.49269307,0.680007220413574,0.14584347992187216,0.1741492996645539,0.46301387767061064,0.24258398955660204,0.2944021327727874
8311,edcc942488501cfe1083a1eb9f8c14eb6c4c9e6f926c3a7c6c7827c3b5faa857,1,c5,c1,c5,c5,0.3830801,0.270111,0.34680897,0.15119210420625975,0.28635404807466164,0.5624538477190785,0.2255168481409591,0.25582393623683725,0.5186592156222036
8315,32b716dd786655db0753bc7f75669107bd3eb3281b004677a7eefc0d5026ac30,1,c234,c5,c5,c5,0.15342844,0.3727517,0.4738198,0.34742334637884664,0.273561967006919,0.3790146866142343,0.2985915457107163,0.3130080268793742,0.38840042740990954
8321,cc339600c6cd1916baa0fc3da247d31b240961a4fc2f655f998d82454f8c11bb,1,c234,c234,c234,c234,0.3785268,0.45043144,0.17104179,0.21645313898776697,0.612078362706176,0.17146849830605698,0.27325509197753345,0.4682855757131222,0.25845933230934437
8327,ebae5818f34235444129e9454195efa5bd2bc11bb9ffa32f61fca7b1083c3d56,1,c1,c1,c1,c1,0.54793715,0.2516248,0.20043804,0.5033902434079356,0.28940073814213,0.20720901844993442,0.36861329023130324,0.31695977964441713,0.3144269301242797
8335,e701bd6f850f2ac4a6c12f5e24268e6e32a9ecc73d7a743c939830ddadcdb6eb,1,c5,c5,c1,c1,0.27169105,0.34338006,0.38492888,0.47249443866559565,0.2006607365030204,0.3268448248313839,0.3666820217813879,0.3164271084975521,0.31689086972105995
8337,88c7722bebe8325135e5922f92f3fbe81356027f45ea122051f28c14645f4ebf,1,c5,c1,c1,c1,0.4027228,0.2970184,0.30025873,0.46728401236367023,0.35926963783562277,0.1734463498007071,0.39612202604997065,0.38141123900858653,0.22246673494144273
8338,553ae8e6c3b3e3fdd69d814ffe2a32be2ac53cff708dd00076d43b915eb156e6,1,c234,c234,c234,c234,0.30082995,0.39859295,0.30057707,0.22600635695407514,0.4895126381090139,0.284481004936911,0.2816774201277129,0.4223748234132447,0.29594775645904237
8340,ed812465b72ac4d29568524c07c911b8598f5cee7ce0bf27672a6f90d9badd10,1,c5,c1,c5,c5,0.49728534,0.35088262,0.15183198,0.256534331116664,0.17903599787899638,0.5644296710043396,0.3360404924979227,0.3044949421516032,0.35946456535047405
8356,8cc1fef532ceca308524e56ffd0ade635207d89045a391be4a87953929b1896a,1,c234,c1,c234,c234,0.5335401,0.28449824,0.18196169,0.24953535527867185,0.5601760545480661,0.19028859017326208,0.330355883353846,0.4157823526781404,0.25386176396801347
8364,500e8880e9c3cfa65c1125bc6bd544709caef7b80762cccb680ce8987af37761,1,c234,c5,c5,c5,0.22483589,0.34003758,0.43512654,0.13760151846380145,0.41265394820990536,0.44974453332629316,0.2927345635003885,0.28338210643141337,0.42388333006819817
8373,cc7433b558727d1192eb3673075f0eda8b279ff57826e1c3f564c63fa35783b9,1,c234,c234,c234,c234,0.2211424,0.39575738,0.38310018,0.2615638043945051,0.3870899645022945,0.3513462311032004,0.29041881498017624,0.37686671791160853,0.33271446710821523
8378,b825020b6196f9b85e63a5f056842eb24e520b064fa389b5b8df4379c751da64,1,c5,c5,c5,c5,0.17781451,0.33110234,0.49108317,0.2483159677459253,0.30650826523572555,0.44517576701834927,0.2839089841854554,0.3061102692268135,0.409980746587731
8389,d39fef6e494f8b31476f681895aba129804b192e3222b8830b0928fadd1e8578,1,c234,c5,c1,c1,0.3437834,0.30948147,0.3467351,0.5169673677232267,0.23306858939809477,0.24996404287867857,0.34409960271837997,0.32141547178367935,0.33448492549794073
8390,3c7532d293741684e4f16b1b3899bdbb8776acc59827a41ab70d7a99a7144050,1,c1,c234,c234,c234,0.31718606,0.44354445,0.23926952,0.2830373205833754,0.537205029474133,0.1797576499424917,0.2809725307382647,0.4930882953826526,0.22593917387908286
8400,2224ed842605e823acaf55f4a8562bc4253297901523106f92a7f603cc2b70ba,1,c234,c1,c1,c1,0.43016014,0.3795277,0.19031218,0.5114649499258711,0.23025888355026042,0.2582761665238685,0.4314543495490278,0.2818696110787797,0.28667603937219244
8413,24beb54d199d1f0b40dddb870d124088cdd0319d2c4d800fe3d095eb70703fd0,1,c1,c1,c1,c1,0.3464334,0.34223172,0.3113348,0.530004155364841,0.1363644480650849,0.33363139657007407,0.451234151329982,0.22639824592266014,0.32236760274735776
8422,67b4fc0ef7ef068523dec1912735bcbd69d1d890bb9ac1c8578227a5f38c9d45,1,c234,c5,c5,c5,0.21641116,0.26868993,0.5148989,0.22829073328371072,0.23088390907003112,0.5408253576462582,0.26353848423981824,0.2779817259289567,0.4584797898312251
8433,95894091162d5cf9e799024b05831b8b392eb3fece36920ef860d4cae03aff06,1,c1,c1,c234,c234,0.4801923,0.35748804,0.16231968,0.18408655601709106,0.5255798171895602,0.29033362679334873,0.2680102131585171,0.4016623116961116,0.3303274751453713
8435,f7f7447ba9d0c6a50d2bf05e3e3ffe73f8cfb3c64d11ac203d34456476a5154f,1,c234,c234,c5,c5,0.22247824,0.4086115,0.36891028,0.28610914173402374,0.28743359800828616,0.42645726025769004,0.27311974203901934,0.3340067667338434,0.3928734912271374
8448,a54d3c1fe40fd8dff82c23c6f04f5471c5345332068c51d9d071e7eb36c1fb2c,1,c1,c1,c1,c1,0.40967694,0.22274247,0.3675806,0.40176240054921125,0.3124909022282272,0.2857466972225616,0.3594824766592781,0.2956015322259946,0.3449159911147273
8452,2c7974100bba6b67b95926c93bbeaed488713be96bcb8162aa37ae59a1371d9a,1,c1,c1,c1,c1,0.43975794,0.4093759,0.1508661,0.45069773029565885,0.33666011009402713,0.21264215961031388,0.43271969194621557,0.3319232089144893,0.23535709913929515
8461,7af6e8abbcdaa040a7dfd6051f08841b5a32e53ea7768f4e9ddc697f937a7027,1,c5,c5,c5,c5,0.22217517,0.3168726,0.46095225,0.17701773990732275,0.1694741220064991,0.6535081380861781,0.25556848261522613,0.23905533701962275,0.5053761803651512
8463,cf3354f9dcef4fb7258984f04fa30ee877aad6dffcaf0f2e136f6c21144b2eb3,1,c5,c234,c5,c5,0.28571412,0.44897532,0.26531053,0.2544321228889859,0.3452549963772106,0.40031288073380356,0.2448196145517745,0.3546355366531459,0.4005448487950795
8464,66bb8391dd57fa805e07cafc59c37abb75f6b0992feacbec7eb044335aeb819b,1,c234,c1,c5,c5,0.3675195,0.28304088,0.34943962,0.3299624969878911,0.1699126088877833,0.5001248941243255,0.24036540441935117,0.22782251914477866,0.5318120764358703
8485,7f755824dc7c180bf25cd7f03ce459fa9b92f0fac715e5295820cdaeba15e8e7,1,c5,c5,c5,c5,0.20313013,0.2631779,0.53369194,0.19195852332651406,0.2930963460618384,0.5149451306116476,0.24716558217039722,0.24714599593013123,0.5056884218994715
8491,bc0d49c33ce747e38746974a9bfd0e1ebb9a27ca095d13707e18ce0bffbb5d57,1,c1,c234,c234,c234,0.23891917,0.41127115,0.3498097,0.21088674515008282,0.49168519974643393,0.2974280551034833,0.21934167088316528,0.41758444140263173,0.36307388771420307
8495,ab104ad11ccc70c80a0af2f1c70ced2634f513f03470b79841cbc201e0b7a522,1,c5,c5,c5,c5,0.06394411,0.19070095,0.7453549,0.11930992643162945,0.22670071392176724,0.6539893596466033,0.19187556305249434,0.25564282823075474,0.5524816087167509
8496,7022725abfb780165cf00e40891d93e8fcf4fe995060e3d426ae4d3deca2172d,1,c234,c5,c5,c5,0.1195488,0.2565409,0.6239103,0.18876071926985188,0.32602276521325796,0.4852165155168902,0.22757504968770678,0.2973197039703641,0.47510524634192924
8501,da72824042ea2beef2d64334c66d96cbf0c40a1112ac257a57f484d8eb9993c6,1,c5,c5,c234,c234,0.13762318,0.36134887,0.501028,0.25510751096724116,0.45201387552501043,0.2928786135077484,0.27116297882105733,0.38171490759265525,0.34712211358628753
8503,cad32083fb26779ee63c8778343df5c1ad890de59e2c5bdae9b6b3a2cfddd7fb,1,c1,c1,c1,c1,0.57554203,0.28918153,0.13527644,0.529902410221712,0.33637909578906017,0.13371849398922783,0.5108156067816914,0.3198297599446595,0.16935463327364914
8532,42116ccf799dbc820259f312fbfa25d1a0a611931bcb0b42e4d167b837b9260d,1,c1,c1,c5,c5,0.40146697,0.29574248,0.30279058,0.380225796666194,0.2323635420055798,0.3874106613282262,0.36075426537208943,0.2264955474861526,0.4127501871417581
8543,5cd53b934bbf951bb33497fc4b290a90270d7e69fac163232ad85f74aca36d2b,1,c1,c234,c1,c1,0.27182364,0.37258226,0.35559416,0.47220138671340933,0.2056962380940194,0.3221023751925713,0.40687360313029053,0.2940076110802062,0.2991187857895032
8565,f0cb6a1517fff870bba4d48a235aa7d446e5bc364829ce6f96e7918c2597d308,1,c5,c234,c5,c5,0.22860543,0.45768365,0.31371093,0.1690035640109628,0.33594424702622555,0.49505218896281156,0.21499157332809518,0.33905977978110413,0.4459486468908007
8579,64a1ef78fd974c1deb967beb426ee84b651e2f7e0fb50fb10a72da73c927f829,1,c5,c234,c5,c5,0.26499844,0.41524917,0.3197524,0.2610107032066987,0.3103444192716752,0.42864487752162594,0.3146585630227326,0.28746145959874075,0.3978799773785267
8583,9fc1848221cbfdffbb19ef8a3b4e28f0c6cf63301057fafea1e98406fbab5527,1,c5,c1,c234,c5,0.39832813,0.23785503,0.3638168,0.2665384515310345,0.39960683175762934,0.33385471671133626,0.28291870159214605,0.3206592281053843,0.39642207030246956
8592,306224b88a9fdada13e72b125920eac15ac70e20823d419a45c031911fb3f6a1,1,c5,c1,c5,c5,0.46751383,0.27690575,0.2555805,0.26473921871055667,0.331231348340996,0.4040294329484473,0.26309972095573053,0.30215656671541674,0.4347437123288527
8597,51106d35317c3f1b55a7cd080eb5aeecddeb3bc764f40b6d7d6dce5c7ed62a1a,1,c5,c5,c234,c234,0.28728983,0.3360613,0.3766488,0.28696825717476226,0.381159396132314,0.3318723466929238,0.2931426193430371,0.40274895391097654,0.3041084267459864
8600,9ff61b91b7153e64db477ff52c0b03c7ec7dc9579ab149f111e80069d2d23455,1,c5,c5,c5,c5,0.15465793,0.28138986,0.56395227,0.19034665701462988,0.13538090838449204,0.6742724346008782,0.2650516347340781,0.21388242225574305,0.5210659430101788
8601,336ad8b60f4b8e7430a0b3c86c24720aef084119fd6251202fa172daa378ef96,1,c5,c5,c5,c5,0.14936928,0.24029772,0.6103331,0.08058152023648726,0.04549714022521019,0.8739213395383025,0.1875910174703606,0.16023758154060108,0.6521714009890383
8605,e619ee052fdc420eae347bdd983b4fffeb95cc482edc81d36e18ccaeee84f0bd,1,c5,c234,c5,c5,0.3386629,0.35612696,0.30521014,0.19415842037779643,0.3454123512858148,0.4604292283363887,0.24510207156530403,0.3317732114461299,0.4231247169885661
8608,ed4b94a74fc9159cefaea56d7aaee8b53df7760af816c2a651a9fa7227376e6c,1,c1,c5,c1,c1,0.27436087,0.32688445,0.39875466,0.512501733173938,0.22516893904169336,0.26232932778436874,0.41948886885461206,0.289043445492929,0.29146768565245895
8616,857cdf813f2e83718967b08395c73c36c3e5046836981dec18e1d7d2af253fe3,1,c5,c5,c234,c234,0.23056048,0.36354426,0.4058952,0.3060556611578018,0.4794267159722597,0.2145176228699383,0.27296447397510554,0.458842165791861,0.2681933602330335
8619,33395ad6a14d752b02a046f6f09da6fd6fe655fa5da35db71c46b11278f779b4,1,c5,c5,c1,c5,0.33202258,0.29771364,0.37026376,0.35346088375276496,0.352896801051622,0.29364231519561307,0.290185717579067,0.3436855221832104,0.3661287602377225
8621,c115f72e1f2783d70a8f39838a01ba66c67ba211f10ef4c3596fdfa7b7fa21b4,1,c234,c1,c5,c5,0.48263836,0.2678288,0.24953291,0.24677610175145126,0.1807532201842959,0.5724706780642528,0.2573697005860984,0.24202034460788255,0.500609954806019
8626,09f4b82f6e2287940f7000f9d0e31d8118582ca1f2365202db95f4a06cd53e02,1,c234,c1,c1,c1,0.40426,0.36082223,0.23491773,0.6851103045509418,0.20702846312401535,0.10786123232504283,0.4689278172785533,0.3361088795489474,0.19496330317249932
8630,c6131ed2014ad8493119a806850517b8cb0e0a6ab8819e7633594a1675308f54,1,c5,c5,c5,c5,0.12808426,0.30417702,0.5677388,0.20418221136875717,0.16600938138655671,0.6298084072446861,0.21101668293591652,0.24209100289664096,0.5468923141674424
8631,c8bf93820a6d0d11ba8e6e6f57cca272116556621babe2f2d04cdc645a000972,1,c234,c5,c5,c5,0.23352599,0.35550776,0.41096622,0.19876448628926746,0.3281703839697217,0.4730651297410108,0.2753147695019612,0.324868708961848,0.3998165215361908
8640,508060fbd532e1cb6296a5d3347701c5bcc7d5394c564aabcedff86bb1891cbc,1,c1,c1,c1,c1,0.5410439,0.21492547,0.24403067,0.46532873056182206,0.4197685813789128,0.11490268805926528,0.4379402979505507,0.29779384240779,0.2642658596416593
8644,bfd39cee7d864df58bbef725201d6228d0b6d34507d7dc7712b9fb588b83105f,1,c5,c1,c234,c234,0.5338409,0.33931482,0.12684433,0.2618096559150095,0.5426533366993288,0.1955370073856618,0.38945086916671534,0.43076545672494804,0.17978367410833662
8649,978fc7a9d32dadb29e41df6c5dd77145b1dc92ba3b083437868c883b75d751f8,1,c1,c1,c1,c1,0.74419713,0.17216285,0.08363996,0.908531603843987,0.05651535105667914,0.03495304509933398,0.7583017040879791,0.14271962520603373,0.0989786707059872
8652,7c9cb9d8feb9239e60dde3732d8333700e4cdc7280f40275be140103138ac4b6,1,c5,c234,c234,c234,0.3076856,0.51597667,0.17633775,0.18245139796259915,0.5757964263380939,0.241752175699307,0.25751270193138875,0.4463661736401867,0.2961211244284244
8665,ae1ccd3cf0fd8ee7aa89d2fa6a78c1f735679dded42cbe6c7bfc8538a48f37bf,1,c5,c234,c234,c234,0.24667284,0.4172018,0.33612537,0.20064371052892113,0.5113237936377999,0.28803249583327895,0.21177528173232626,0.4761331234515846,0.3120915948160892
8683,edcc942488501cfe1083a1eb9f8c14eb6c4c9e6f926c3a7c6c7827c3b5faa857,1,c234,c1,c5,c5,0.3830801,0.270111,0.34680897,0.15119210420625975,0.28635404807466164,0.5624538477190785,0.2255168481409591,0.25582393623683725,0.5186592156222036
8693,a917a9ba798dd30ef14061c99b0bad0dff105d255ae2283bb668bc7b7a52e542,1,c5,c1,c234,c234,0.4645317,0.30417395,0.23129432,0.2692217722277564,0.4866140573161222,0.24416417045612146,0.35975892705852686,0.37791560918374345,0.26232546375772975
8698,65b5daa49c24fbe192464897be5d5e81cdfed4da15d6e4cec5bd1e4a1a6a7b96,1,c1,c1,c1,c5,0.38721073,0.32308057,0.28970873,0.36925628690223133,0.3166448834264106,0.31409882967135805,0.30756364079751586,0.3272155091768694,0.3652208500256147
8707,001c26b1916f17fc69e6df1259e3e3128ac41275ca9e8bea3bc8c1544ee1f684,1,c1,c234,c234,c234,0.18638642,0.47191665,0.34169695,0.25176058553069935,0.39724685740327625,0.3509925570660244,0.24303378040378307,0.38066101818056386,0.37630520141565316
8725,a4eb3e86dc1d1761dffb053254403b2adf966e619c472eb42f8125a9d9cfa843,1,c1,c1,c1,c1,0.74419713,0.17216285,0.08363996,0.9100631214550244,0.055422743180841304,0.03451413536413419,0.7594298941844293,0.1424653807414625,0.09810472507410828
8732,79eaa4ea2f7756807579f0f93c9f222466df5da2d234f83cf0e269e4f8118461,1,c1,c5,c234,c234,0.13772297,0.36868042,0.49359652,0.15832155524688152,0.4431177489564456,0.3985606957966728,0.19268961334074908,0.43302657734113464,0.3742838093181163
8733,d3e55fdb358999daf1c13c3f8b5da8e51c0b82127f92842ecc293201cf4a3a3d,1,c234,c5,c5,c234,0.22843897,0.34670222,0.42485878,0.18583821981993287,0.3326389728568258,0.48152280732324126,0.23203657034957303,0.39151494056355374,0.3764484890868731
8743,9af95733eb742e04d58013fc78f14a1e52fc4c949f2990d6e9e75898ddd29418,1,c234,c234,c1,c1,0.20953925,0.40223557,0.38822517,0.45129434171903865,0.24441481341330795,0.3042908448676534,0.3911748761993981,0.3370640906874982,0.2717610331131037
8747,57449191e6bba6c26ac4c4b9af9b40ffd51d42a3b2c08149346b252f840a93fe,1,c234,c234,c234,c234,0.3216164,0.40573758,0.2726461,0.1609087418511987,0.5078036398690223,0.33128761827977904,0.22672496961283042,0.4566231887722224,0.3166518416149472
8749,b275479f82a63891577fe96f3152e11eb6f11cc278060163808c367608321065,1,c5,c5,c5,c5,0.3158465,0.31614915,0.36800444,0.2581554461287811,0.25600076901852786,0.48584378485269114,0.2765525529252981,0.281946622199139,0.4415008248755629
8750,4d7ac76d60009d2490b1806275c3c1753d1f361d401a1e8cf1e42fbe6a2f60e4,1,c234,c234,c234,c1,0.29446623,0.4774316,0.22810218,0.3735773619204819,0.4035198885958169,0.22290274948370126,0.35927384673888757,0.3505146811614636,0.2902114720996488
8752,34f38242b933f5a80890de6a83142328c4ef71d168f0633633197c47ade851da,1,c5,c1,c234,c234,0.3674102,0.35244945,0.2801403,0.33210969492130377,0.36429029200570634,0.30360001307298995,0.2999766201873527,0.39753369733616467,0.30248968247648256
8754,194172496ae4eb3576465881bdfc13add100ab43a64b78ccc5fb0be738f51794,1,c234,c1,c234,c234,0.3804104,0.3480185,0.27157104,0.36443934819838936,0.4046186924409824,0.23094195936062822,0.36841428636651447,0.3787168472969984,0.2528688663364872
8761,ca7cc58ec2ea405ca2fa4d6a3cb4358b481dff193dfe3b8c6db79dc6701c5717,1,c5,c234,c234,c234,0.38661435,0.41955563,0.19382998,0.36771802104142254,0.5191308696124972,0.11315110934608028,0.3843038145706475,0.4713558776180218,0.1443403078113307
8763,5c566081e4864227dcca169f7b61b4d6faedc3604a85de7ee6412eb5fd8fb5cb,1,c5,c1,c5,c5,0.44597104,0.2617566,0.29227236,0.30182842735717835,0.2501747401871088,0.4479968324557128,0.22340173798672283,0.3100722958533202,0.46652596615995706
8775,5281de0745c196a181b4f38cdb2f1ea6d37b58a9cf67c2e735fbf48fa7081cbd,1,c5,c234,c5,c5,0.33207294,0.41005686,0.2578702,0.18707870530398213,0.3949864231079821,0.4179348715880357,0.24978111161670832,0.3402353201257299,0.40998356825756177
8781,f69962bd905305dfe228f5280ae735047118341ec94740a496926ed8e460eb61,1,c1,c1,c1,c1,0.5084599,0.31212297,0.17941716,0.4052109119251847,0.27796344034332515,0.31682564773149013,0.46554357357047826,0.25329092496157607,0.2811655014679457
8791,b5eddb21d5607004c4da5d77828d5711a6050c192f2fffe083be61d510ee4800,1,c1,c5,c5,c5,0.14885929,0.2953054,0.5558353,0.18469857424182007,0.2854743218734403,0.5298271038847396,0.24734533598384542,0.34096878375980716,0.41168588025634745
8792,b8a3201c844e7bc2479eb13827197d4186dd933aa88b09817ca9a95e43852d2c,1,c1,c5,c1,c1,0.34071577,0.2804144,0.3788699,0.3654943454115362,0.2719027222749308,0.36260293231353297,0.3410544972479963,0.3231017772035597,0.33584372554844394
8794,9e678bb250f39d456d1585ae49bf4078023f9ec0cef01c39e6c5998c7c7c486d,1,c1,c234,c234,c234,0.32089284,0.36928412,0.30982307,0.340347625758437,0.3603556646723478,0.29929670956921517,0.31356452149422814,0.34918716253468496,0.33724831597108695
8805,8f0b13c79c472b99b5a6b140faad9d3e4cbdb2c99b8450488de9253acad1cfc6,1,c234,c234,c5,c5,0.38999096,0.39402646,0.21598262,0.31617696946457313,0.13352969052016375,0.5502933400152631,0.36420926801593495,0.24347182164760883,0.3923189103364562
8808,4c619699611848e538b1a6b148e8c4fe79449b5d38e8eecf235e03b263cca977,1,c234,c1,c1,c1,0.46961465,0.3494734,0.18091202,0.4148570943612744,0.31193053459071657,0.27321237104800916,0.37881697125883534,0.3653659360269457,0.25581709271421893
8817,9e0a6de0d591ed81d05f1e6cf2c67ac5e7a2a55e8c52a042d2f7efc23891d973,1,c1,c5,c234,c234,0.16999131,0.4111405,0.41886818,0.2869784514969694,0.42815094887831184,0.28487059962471883,0.29645696339536803,0.38505908146971074,0.3184839551349211
8860,d02dc6d65ad322f5ca81045b2113ca323f3b84bc06835f0579e9f683ab113833,1,c234,c1,c1,c1,0.3904681,0.28936377,0.3201681,0.49644256077565396,0.30259586571766567,0.20096157350668023,0.43425989612048826,0.3460882808498713,0.21965182302964043
8871,c7a2b1cddc5b457faa423c639b5d43e5033e5f8ea1b8bfbd58dc1024a8fe6b44,1,c234,c5,c5,c5,0.1381084,0.19039088,0.6715007,0.13888936093670343,0.23004935204147792,0.6310612870218186,0.21197127456947842,0.22278067127324927,0.5652480541572723
8882,0041253b1e4e5c1d2e2ce550894b7c89c9bae7ac88fb64041fc8163f758a3ef4,1,c234,c5,c5,c5,0.24505606,0.3107037,0.44424024,0.3005839986551383,0.2887805059638821,0.41063549538097954,0.3484295360462137,0.3025326383874133,0.349037825566373
8896,ff98a25f6938ba9912f91085210b21529b92a9ec2b24bbda1cce0eada4ab67ec,1,c1,c1,c5,c5,0.4636543,0.22584963,0.3104961,0.29555995465222323,0.27055187580587214,0.4338881695419046,0.30659937552450034,0.27799023237843523,0.4154103920970644
8897,a621f499faa118dcc43a9c905e10358f9b5d1c2a89b03b12ebea882e2e6c734e,1,c234,c5,c234,c5,0.1691695,0.2614039,0.56942666,0.18221587353800697,0.5820837189822794,0.2357004074797137,0.24014260259069276,0.36617484159162855,0.3936825558176788
8917,9290dd4cff2b189a88352514477ee2b0419693b945d26e37cfc9ad719fada2c0,1,c234,c234,c234,c234,0.24061239,0.5068179,0.25256976,0.35967716880835876,0.39550596940903243,0.24481686178260886,0.31870733601553897,0.3822869235593926,0.29900574042506844
8948,e2fda4ebe8395fe3a97c6d4d1e29689c8e5977ef83239ef61bb3e2c18be21e00,1,c1,c5,c1,c5,0.23418449,0.36984357,0.39597192,0.413915153650801,0.325346344734479,0.26073850161471995,0.3446129093359565,0.30269272309093354,0.35269436757310996
8950,a9c3dd205735a2d79618edf566e386057af6d156b13be410a530d94861bd7b78,1,c1,c1,c5,c1,0.523168,0.22566435,0.25116765,0.37393107440828777,0.21037925600399002,0.4156896695877222,0.4200869409552034,0.25971393710816415,0.32019912193663247
8957,b3b92a17097090c6ba817b2a234491e4179ed79197ccc6dcc1ac5dc6e2556a83,1,c5,c5,c1,c1,0.20140183,0.31636837,0.48222974,0.40902159723979703,0.32420736286685115,0.26677103989335177,0.3821904147234687,0.3085447961262312,0.3092647891503001
8970,739f9c7c78d79d1723c604a29e85e942e68129e1d137c244dd07868fa098a8a1,1,c5,c5,c5,c5,0.19840728,0.20744282,0.59414995,0.19368762021102648,0.3035852089804644,0.502727170808509,0.2588701797100262,0.28528365200533823,0.4558461682846357
8977,425d9ddefd5dcf02c35623e03821ed011884718f31910089d446f6656bb33491,1,c234,c1,c1,c1,0.3835789,0.34931532,0.26710585,0.46730187169464305,0.36005585431201176,0.1726422739933453,0.41748636506495823,0.3638404306091067,0.21867320432593507
8987,e950be98518c0220a08be785468e507e161ef59a80b741216d75fbcff1716aca,1,c234,c5,c1,c5,0.33427054,0.31294554,0.35278398,0.4250894900833802,0.2590065044088548,0.31590400550776493,0.3417134609772052,0.30735108636180425,0.3509354526609907
8990,0f8ce50c855f86173b1de476c604ad1082ee762f1c40abe056e8a99a061826a6,1,c5,c5,c234,c234,0.18015887,0.31650436,0.5033367,0.11946592092378294,0.702274450969753,0.178259628106464,0.2524739344714709,0.4251234383025758,0.3224026272259532
8992,9d564ccc5a9c179d674aa03a5e4380bb438b0f1d8e90450889b61c8bda8b8bc8,1,c5,c5,c1,c1,0.33340386,0.3050953,0.36150086,0.4756052380875332,0.2625880404817098,0.26180672143075695,0.4069009588765392,0.2763917041454919,0.31670733697796893
8996,f57e02bfbbc143d03ae315f8af02239c411ce7bd12785a923ea88cf291aa2ac8,1,c1,c1,c1,c234,0.43092418,0.3532897,0.21578608,0.42106635519457325,0.40222487799480233,0.17670876681062436,0.3890966172203223,0.39992227505662337,0.21098110772305417
8999,3d5ecee9c8be7efc6c17542a14195aeec1b113f53258be7a88b8a8aa9d8c4b3c,1,c234,c1,c234,c1,0.46911052,0.32426035,0.20662904,0.3162103136915276,0.3569674633624145,0.3268222229460579,0.339090359516352,0.3297122480176061,0.33119739246604185
9003,2705d310118b4a7eb6b9e1191f2a571c1c1659c3073e82f750afa26e28d38380,1,c234,c5,c5,c234,0.15986417,0.41949156,0.42064428,0.23302401406206102,0.3494085603231516,0.41756742561478744,0.27653854987512544,0.3732753082930988,0.3501861418317758
9014,bd8ca1b8230bfb354cb5859a0902ea6080c77ca2dedc484252e56fcae078ab4d,1,c5,c1,c1,c1,0.5628249,0.305189,0.13198611,0.45528477587761185,0.36643703878831557,0.17827818533407255,0.39227562953266476,0.39158280072021256,0.2161415697471227
9020,7496a203b47633fe78a97d25a43049995ee11bc9bed1962ede10833b58b846e4,1,c5,c5,c5,c5,0.15255493,0.375745,0.4717001,0.11543716521356187,0.3794948730301908,0.5050679617562474,0.20520248820307666,0.29465881691702345,0.5001386948798999
9021,6d618ebca8255e5d37259c4d7a9b8096a147c54e28a43b7ce99bb6e9299cd0a6,1,c1,c234,c5,c5,0.32493433,0.38790476,0.28716084,0.27810629382935154,0.34712943447641215,0.37476427169423626,0.3072944977054536,0.3089919581910291,0.3837135441035174
9024,ab24a67c44f34d1cf65a68f4bdf302a00772ca00606e81150ecff357295e5aa1,1,c5,c1,c5,c5,0.432131,0.28144762,0.28642142,0.30267949957888696,0.2410978102558891,0.456222690165224,0.3511287701614504,0.2820143339663261,0.3668568958722234
9035,894a79994289ecfd953d0b145aa83886ec748d37eaa6ca8b5d72ff9c925d2b1f,1,c1,c234,c1,c1,0.28568676,0.35842466,0.3558886,0.46765657012199974,0.3018882493964297,0.23045518048157046,0.39695884542218957,0.35846106370368563,0.24458009087412474
9043,ee918f1ae52be1e1e3c6211e25886b47dafc530042ac6568e420514ed0159870,1,c1,c5,c1,c1,0.35921335,0.22429116,0.41649553,0.41975112295824335,0.2873187517639571,0.29293012527779955,0.39634413996663964,0.27246450192876764,0.33119135810459266
9051,81bc18d6f151fba969522bcd8551d039d3bfaccfbfc4ca174bb311316b6397e9,1,c234,c234,c234,c234,0.2875761,0.424918,0.28750587,0.30346337184057715,0.5304677533285065,0.16606887483091637,0.33385795736666346,0.43061313194671946,0.23552891068661708
9084,b867fcba101b143e2767d4c372453fc3d36dc714e121aad4a61e7548ff34f574,1,c234,c1,c234,c234,0.50877523,0.2980368,0.19318794,0.2664561464893547,0.49592339983382167,0.2376204536768238,0.38739585205807264,0.39693484647000477,0.2156693014719226
9090,8ec97c6db2f811bf5a5967c168bc1587f50121e242b4d03e4e4c78ad8317a228,1,c234,c234,c234,c234,0.3448896,0.41427457,0.24083582,0.2153549605151047,0.5621957455329308,0.22244929395196453,0.31237831566643365,0.41684506597610954,0.27077661835745676
9091,89bc06637a1baea5a393c8147e0b910b31e75395f928b19c4e66f786ff10d711,1,c234,c5,c5,c5,0.11345189,0.22918908,0.657359,0.2819503487889607,0.3465571158192446,0.3714925353917948,0.3154061884509439,0.3354803685565415,0.3491134429925146
9093,8b982769e76f48260f4d58f25e51d395fb30018e6d6783535f2d8020c9184659,1,c234,c234,c234,c234,0.30233824,0.3562685,0.34139332,0.3200685213895429,0.44777009394635203,0.23216138466410513,0.29518562224150136,0.42197888817463575,0.28283548958386284
9105,0dd8fb7eb4d90f4b18bbfb787b1117a4db45e53bcbbbe015dc7d42c58a0367f7,1,c1,c234,c5,c5,0.3176258,0.3750114,0.30736277,0.3512264504508824,0.22652437853091623,0.4222491710182014,0.3512118610919268,0.2845693578248076,0.3642187810832656
9108,f04967abdde27be0288613e51c6231793ffbe7f4aadb30d118137ddff6440a6a,1,c5,c5,c5,c5,0.2637768,0.2749947,0.4612285,0.24151847984270444,0.3268659890074989,0.43161553114979667,0.27230521905650895,0.3174576496434629,0.41023713130002815
9109,2c05dcfca56774fb51ab2b2efca8ae0104973f4e3a3157ccc522a03897a25826,1,c234,c5,c234,c234,0.31448334,0.32385355,0.36166304,0.12107516812709737,0.5714969209574977,0.30742791091540494,0.1970452503477093,0.5152150636302225,0.2877396860220682
9110,295da4f016e249226f1a20829fb88c16a2f4df4da5bedd2b9beceafc941f589e,1,c234,c5,c1,c5,0.17563453,0.3657441,0.45862132,0.38686844393549763,0.3716124136425442,0.24151914242195816,0.3189078558371285,0.3285114163113372,0.3525807278515344
9112,fd84682021415218f0abc0ed2505c32df9428fb1b04923adc2175845b6539629,1,c234,c1,c1,c1,0.46743375,0.33256412,0.20000213,0.41916317462094355,0.2791009904605173,0.30173583491853917,0.38108938893209765,0.33548454752086787,0.2834260635470344
9123,221f4328b916c90a2a9c9a81f1d25c67b6b0378c873990fd32676a8b2d7d5ba2,1,c1,c5,c5,c5,0.17045154,0.31595182,0.5135966,0.18199862038174286,0.3873626676753396,0.4306387119429175,0.2633874126138002,0.3528201071371662,0.38379248024903356
9129,19ff3c75421c6269658e017a254a29e30c4d1a107803b9c9ae15589d20509e94,1,c234,c1,c1,c1,0.4963363,0.31317872,0.19048493,0.8470564544922764,0.12267561938237546,0.030267926125348208,0.6477603147018243,0.25394735210111935,0.09829233319705634
9137,535728eb6552c0b13396d7cd7c273b8e5a80a528feb0e997c6d1b29311ef0742,1,c5,c234,c5,c5,0.24280418,0.42616388,0.33103192,0.10318675650614076,0.3179412877220145,0.5788719557718448,0.17302098029657204,0.31320523708964365,0.5137737826137843
9151,9c51e31d408fbaeb3f86ac4e1ba8fc84335f21ca4fe689c2ff21ce165fee5f0f,1,c234,c5,c1,c1,0.2939882,0.32741764,0.37859422,0.5335899822945274,0.27845294715947067,0.187957070546002,0.3926124086461505,0.3636460982419996,0.24374149311184992
9158,a2429d157633197189f735fa0a1dac1ad383601d0c3e8d1f62db5ed8c060f1ac,1,c234,c1,c5,c5,0.36916855,0.3125725,0.31825894,0.2354645297900718,0.3055742075977768,0.4589612626121515,0.26388713986323065,0.28556428952336466,0.45054857061340464
9164,b6a2d11727979bc1fe333c36a5e98b74fa13bc0b4559811f01de7e4a838adf6b,1,c1,c1,c1,c1,0.4400101,0.35789225,0.20209761,0.5122016564557001,0.2796963225366734,0.20810202100762645,0.38292301604303547,0.3558910045225493,0.2611859794344151
9165,e3ecf9a9ca33157a8ac40375cd254f9816b7583b7d799ab38297cedb55be1b4e,1,c234,c1,c5,c5,0.43676198,0.35083613,0.21240182,0.23493503672495228,0.27250281311259894,0.49256215016244875,0.2554420528916676,0.2817230102269372,0.46283493688139515
9172,62bd7ee21995be8eeddf658944ae0cf17bd8849efabfb77473049892c81cd9f2,1,c234,c1,c1,c234,0.47741318,0.38287395,0.13971283,0.42851146757693137,0.4018824925535231,0.16960603986954553,0.39229737366056733,0.41789942191025004,0.18980320442918264
9205,90108eb392e36a879ad6432826c9fefc718e79a59eb80e12e75572dc1a82e9b4,1,c234,c234,c5,c5,0.30953375,0.39324656,0.29721972,0.21431906161245348,0.2701000678344373,0.5155808705531092,0.24572060294281373,0.31129741702476693,0.4429819800324194
9216,e5430d085738fae19794589446f463a01235a7abd2ce58d3051602ce10d759a2,1,c1,c234,c5,c5,0.20359103,0.44503367,0.35137528,0.16936231807382207,0.3435190802017444,0.4871186017244334,0.2810058113710837,0.29000871336465933,0.4289854752642569
9220,2eb33b072ca64e13e8c27648601835898626768b0986ea5a74b7214ede7f2b96,1,c5,c1,c5,c5,0.45245802,0.2591707,0.2883712,0.2770452878951932,0.28998068713045094,0.4329740249743559,0.19639068606049565,0.3364116453801878,0.4671976685593165
9232,5909e4cf4d955622a148a2f85db5ecab664a521b018d2d89b4584dc1eb636891,1,c5,c1,c234,c1,0.5164527,0.34816456,0.13538277,0.4228264702135034,0.43339701084761645,0.14377651893888022,0.5058985353462042,0.3178419182423943,0.1762595464114015
9254,aa12d397104c8bcafc476de34879318c63b580b38eeefc12968ae561e254789d,1,c234,c1,c234,c234,0.47468004,0.32631242,0.19900757,0.2649650054247314,0.554150811581348,0.18088418299392067,0.30878186601662455,0.46661109368813497,0.22460704029524034
9256,c245a115accf36d2765c678b05190570c811cd886f005bfede755e74a9ed9527,1,c5,c5,c1,c5,0.24277306,0.33121866,0.42600822,0.38205312582321355,0.23824918603361478,0.3796976881431716,0.3544930260201401,0.2732920825048853,0.3722148914749746
9260,26e0949d561319afc66d1206c10a0141cffdb151a8512c7332f50bc3b66bd23d,1,c5,c1,c1,c1,0.34845766,0.3225296,0.32901272,0.49820747396058357,0.27831477285348327,0.223477753185933,0.39187013490389255,0.2935491009001304,0.31458076419597697
9272,601bef7110d1cfa7270574e5503e97adf6e070d7a4d4ab8f7cf2cead4c930e33,1,c1,c1,c234,c234,0.4101555,0.38801724,0.20182729,0.4546645945075137,0.4956519862265597,0.049683419265926676,0.43439108480011485,0.434924194461051,0.13068472073883408
9276,9a353f25b1c1b7c220acbd3cdb3260570af09cbfdaf8052d4db428d94b42e8f9,1,c234,c5,c5,c5,0.21318655,0.27582523,0.51098824,0.34927625253982014,0.2494586405878539,0.401265106872326,0.29308375579011425,0.2909847240149492,0.41593152019493645
9288,83d91442c348e8645074aa88fd98b9d4efed969feda68b9a4194ffe6b07ee7cc,1,c234,c1,c1,c1,0.42318448,0.32686475,0.2499508,0.6125929950098156,0.10229320271581503,0.2851138022743694,0.46871653863741974,0.20241382166920224,0.32886963969337807
9289,42e4665b39fb8535f630ba5cdbeea916e1e94cd44c2f8e82293ae99173528afb,1,c1,c1,c234,c1,0.5722547,0.31799257,0.10975272,0.2883390354313979,0.3562161692820849,0.3554447952865173,0.344765948995916,0.3233808822530915,0.3318531687509925
9293,7e3b8e34450fd7a918ae426d36f00a2ef284a5f69e27569776e2921d8eff037b,1,c1,c1,c1,c1,0.6266502,0.28277826,0.09057152,0.44270019194356597,0.369115604411049,0.18818420364538502,0.45854584257472997,0.3789090329955872,0.16254512442968272
9305,edcc942488501cfe1083a1eb9f8c14eb6c4c9e6f926c3a7c6c7827c3b5faa857,1,c5,c1,c5,c5,0.3830801,0.270111,0.34680897,0.15119210420625975,0.28635404807466164,0.5624538477190785,0.2255168481409591,0.25582393623683725,0.5186592156222036
9321,83980e1d663cd4040dad12431c46290226ed1f12056bb2e876fdbc206f0b12dd,1,c1,c234,c234,c234,0.37449464,0.40748194,0.21802345,0.18088494753018347,0.5628369441024388,0.2562781083673778,0.23829443931757485,0.49665462067810806,0.26505094000431717
9324,f06fd34cf1808ea9f76ec47750b4c8d9ef2d80c09bf5105d5e8fb2b52ec2aea9,1,c5,c234,c5,c5,0.20472091,0.39775878,0.39752027,0.2966032445190935,0.28566532093781083,0.4177314345430958,0.2713229303724921,0.36072532608396146,0.36795174354354643
9335,ba846260bc72f2051ddfd5207ef3e0458b8cdfc9d1a6e47fa92457c708805549,1,c1,c5,c234,c5,0.21125536,0.37278152,0.41596308,0.2637079001399238,0.3954378489170444,0.34085425094303173,0.2886606832073646,0.3434405368754165,0.36789877991721887
9342,da9ad503ef8e1fb5d31da2a3daacdd7e6e13ef91834a69f9992163254b7f779a,1,c234,c1,c234,c234,0.5095967,0.3358859,0.15451743,0.13622801435665413,0.5078686578440584,0.3559033277992874,0.28226299410697847,0.4235170155532865,0.2942199903397349
9345,931776037dba503cd38c6f602b6734518a8faede677bb554d7a7cfa0074209c0,1,c5,c1,c234,c5,0.4256752,0.2811669,0.29315782,0.24831220023904138,0.3816657436724698,0.3700220560884889,0.3038142827283813,0.3232318897695457,0.3729538275020729
9355,17bb4028731b68ea3fca1884304d26f445c0f89d46a23a1abf02cd6463351805,1,c234,c234,c5,c5,0.24945585,0.40161353,0.34893066,0.20249079100861953,0.3063044742310109,0.4912047347603696,0.2780629342474611,0.3218542109809877,0.4000828547715513
9356,1a824fa80d0789d172d25218209dc748e2c03f1ac3e8c00dd4cdaa98f99a7476,1,c234,c1,c1,c1,0.37973765,0.36300763,0.2572547,0.6730010538898547,0.2298627650439894,0.09713618106615601,0.4895773354075053,0.34283502540898086,0.1675876391835138
9357,bd316abd3aee4f9916e07aff1289c8ed1739d7995a15d7367578d1b5be4d9069,1,c234,c5,c5,c5,0.20843711,0.34353298,0.4480299,0.1475741503298155,0.3028783013297824,0.5495475483404022,0.20898103565107692,0.34026339245193366,0.45075557189698934
9360,670668bbd1a2b08d90064f1c4ca1a7b8c953eeebb6a77c8bb02a2cdbc986c8e6,1,c234,c1,c5,c5,0.36380178,0.33146665,0.3047316,0.3567647495996641,0.19409291395013611,0.44914233645019974,0.319249455619441,0.21544518379290187,0.4653053605876571
9367,1c16686acac7e736d71cc13c1f2d51c0864d09faf65f85649213d5f74e82f7a5,1,c234,c5,c5,c5,0.11213534,0.30537057,0.58249414,0.2136434245329062,0.34268258592067746,0.4436739895464164,0.25313699902111586,0.32085850589854925,0.426004495080335
9373,007ad884362188b2f863c5526a738dcc81c5bedda682c1d7452a7a4c9ed05a7c,1,c1,c234,c234,c5,0.37671527,0.3938761,0.22940858,0.19126085553973873,0.4199439472401956,0.3887951972200656,0.23071420532856043,0.37908331598461587,0.3902024786868237
9382,b6f672bfd8bf9a9ee3bfc3ae22d8612e2fdf25783e61907745923179528037d6,1,c234,c5,c234,c234,0.23430876,0.3695101,0.39618114,0.3596408895815283,0.47777528145967824,0.1625838289587934,0.3546094078005867,0.3966372745412728,0.24875331765814057
9395,ed6a57cd86293a61c3135c551c919e4ac22c69b3d7055a72078deba2bd43edaa,1,c1,c1,c234,c5,0.4569528,0.23357409,0.30947316,0.231404470690388,0.4169335288607118,0.35166200044890006,0.23530844082249358,0.3643444665406936,0.40034709263681284
9404,b87e18463e06ebc50bfe728b88d09991b1797257c6890c70b0b1ed045ac70239,1,c1,c1,c1,c1,0.45550662,0.32434374,0.22014967,0.6616835696150818,0.2434122848917274,0.09490414549319087,0.4909123090560045,0.31350038471253017,0.1955873062314654
9405,4cb27445eba28ed75bff5460c9ccfd52f6b7b85e6ef604bbdb8d72b90fa659c0,1,c5,c5,c5,c5,0.24878149,0.35075712,0.40046135,0.1567706059880217,0.2577975162466605,0.5854318777653179,0.2121791726700954,0.3200762845344751,0.46774454279542954
9407,29126572affdaa18a772cd976d4a247b0a407752e8d5810389b294e2408a69b1,1,c234,c1,c1,c1,0.48264536,0.35184368,0.16551095,0.38622826326083187,0.29274516250086796,0.3210265742383001,0.37223672653640916,0.3133089663284527,0.3144543071351382
9410,1dad80073f33297cff0c3c57cc41bac2a808e1af91c1e41982c1151d2980ba62,1,c234,c5,c5,c5,0.33750448,0.31276298,0.34973258,0.29439021304442475,0.280760877232704,0.42484890972287126,0.2918567133911221,0.3231955557542371,0.38494773085464074
9412,2ccba96f9b4ca6a24e2d7324b8013df74170cbbc55176a2a1a357df688b475fd,1,c5,c1,c5,c5,0.40940285,0.360071,0.23052609,0.30831383973834403,0.24211463142851025,0.4495715288331457,0.27635967143018075,0.28945693283229734,0.43418339573752185
9416,e68eb509df9b0162e7fd5f972eb0667bb67a155c90c30e5cf10909b1b3a10b33,1,c1,c5,c5,c5,0.25338122,0.23897108,0.50764763,0.32623008510997764,0.26184886634326776,0.4119210485467546,0.3304342308505371,0.2578198649071886,0.41174590424227436
9418,047316cc276a74c6922a159a1cdf9d5a00fdf37062192551041830138a0db663,1,c234,c234,c5,c5,0.25390223,0.37481055,0.37128714,0.2001151035679365,0.1725806340405562,0.6273042623915074,0.29497267652153614,0.2561124363704291,0.4489148871080348
9419,c0b5e3757019411ea50e8bfe74f8c7d60f34f8aa0b2aaf62cff625df2b215156,1,c1,c234,c1,c1,0.26765978,0.42246604,0.3098742,0.4236331365644678,0.3223924550328616,0.2539744084026706,0.3728412231907964,0.3514216597598845,0.275737117049319
9422,39fee613779d03e8fc53757c746a4093a1f68a213a3701a76f14435a94a98df4,1,c5,c5,c1,c5,0.20127076,0.37368056,0.42504865,0.4086058137714004,0.20837467721371503,0.38301950901488474,0.30125542345757844,0.2903222886353066,0.40842228790711493
9423,7678ad2ca86d5cc2269319409010a6d934ce3b49c95e733038f43d1b852055f1,1,c5,c234,c234,c5,0.16672194,0.42641947,0.40685862,0.15237497426733007,0.5152726614110987,0.3323523643215711,0.2308898518068631,0.36528060325078365,0.40382954494235324
9430,0971c5e70bcaa1f02c67dcf2ffd801fb092176b5ca21940a33884aeb0bbf7af6,1,c5,c5,c5,c5,0.2689217,0.2830857,0.44799262,0.18029276483424023,0.17058694674238428,0.6491202884233754,0.289203033393983,0.23582700503910262,0.47496996156691423
9438,f02a44a635d37f7f9b61715288ad7406f010787078e95f4910f89ec71c8b4ef8,1,c234,c5,c234,c234,0.2638261,0.31065294,0.42552096,0.3429927521010834,0.529329350632624,0.12767789726629267,0.3384267881131642,0.44208161695295295,0.21949159493388282
9440,bcbdd98934f562c42b9198c47a4e34a5b5aca1aebe7fde10f36d4a76a7d1181d,1,c1,c5,c5,c5,0.21187283,0.30477068,0.48335642,0.1590916357381879,0.23100285625370964,0.6099055080081024,0.23763017179055201,0.2698039540332406,0.4925658741762075
9445,4b78eec5e57e9eb6d4b1e577ab60915ad4fe39a9234289dbcd2d6fb0b02ae7e2,1,c5,c234,c234,c234,0.28185478,0.4177547,0.3003905,0.1459082829759421,0.5088268067692667,0.3452649102547912,0.2624449268099642,0.4008894865913986,0.3366655865986372
9447,9738ebfd6e7fbbfc1be59ce9dd5cf2e167a3011c71bdd9d44004fea5a0ffe5c9,1,c1,c1,c5,c5,0.48126188,0.2556793,0.26305887,0.293931263420815,0.24041648742833144,0.4656522491508535,0.2817770320449422,0.27087287704977714,0.44735009090528055
9457,4f77b438609f87bc960e2a44623fd40b2abec6ced13985a357b35bd805355d72,1,c1,c234,c1,c1,0.3507728,0.36172745,0.28749967,0.5394682448511826,0.2836392262658369,0.17689252888298063,0.4404316010524725,0.2908114526517607,0.2687569462957669
9465,f14756ea3b2ef47534ce2ee57484af120a26a8fa7b882066a1e3340a7306dcdf,1,c5,c234,c234,c234,0.32989952,0.43007013,0.24003036,0.12111480750842939,0.5400538260859977,0.3388313664055728,0.21644773070434734,0.42566621104791935,0.3578860582477334
9475,531a970911854034204f6346aa2981b9c6cdf71e2b05feee0f84c401ccf38568,1,c234,c234,c234,c5,0.31403163,0.43256965,0.25339872,0.2725866119668646,0.413421449911097,0.3139919381220384,0.28897511553783045,0.3318937997252543,0.3791310847369152
9485,f3dd07220402447aac2d7ffa1a588662186c4c8fa1853d850bb4c0cd78da672a,1,c234,c5,c234,c234,0.15139839,0.36602515,0.4825764,0.3054679333114259,0.3625065690125676,0.33202549767600653,0.2813625384213427,0.3859384908623026,0.3326989707163546
9489,a079617a8cae873ca64d2874dfc66a220cb656128a4d888776e38ac4ac1e338b,1,c5,c5,c5,c5,0.17335685,0.18345842,0.6431848,0.2580640689756949,0.17723959701056188,0.5646963340137433,0.23664484003712027,0.19901238449972153,0.5643427754631583
9495,63307265748084a276941f6b020ba08786ed814361de2c92445ca858aaf5f9ae,1,c1,c1,c1,c1,0.40233627,0.3083073,0.2893564,0.5813708830968957,0.1740059196430484,0.2446231972600559,0.44113868721834915,0.26782306176941817,0.2910382510122327
9496,f466096bb4faf395ffbfc724bd0c89603c91e03292a530634cdf6d6e67143510,1,c1,c1,c5,c5,0.54484403,0.22898947,0.2261665,0.2843056522349234,0.2954983077215072,0.4201960400435695,0.3398811749045718,0.2995953187011649,0.36052350639426334
9505,f43843cd99abf47c00d38964e8d82c26c4825fe7ebb4ec596b08920784a58530,1,c5,c1,c5,c5,0.4551572,0.28725505,0.25758776,0.2790001522220461,0.2839899720316561,0.4370098757462978,0.3042738015383761,0.3027094775714158,0.39301672089020817
9511,058e5ab29d5ae02bc9f3c3f4453d22b5e6d194a1cabc146789d93ff811c56b12,1,c5,c234,c234,c234,0.38002858,0.41676804,0.20320337,0.20263967067834973,0.6610096972713765,0.13635063205027387,0.29525881791788533,0.4927390016833241,0.21200218039879049
9516,2aed8a3c18c7fc3758ebf2a47956cb3c45b51de1382b0052d35d2a26ad0182a7,1,c234,c234,c234,c234,0.31387663,0.36819774,0.31792563,0.31905421487117386,0.4031974469577064,0.2777483381711199,0.33683082333963293,0.36383007323296446,0.29933910342740255
9517,c3ad03b6ba1a86f39d171274959a0d0f1d1fd2c63f56706e71ad490a5ff18782,1,c1,c1,c1,c1,0.61789393,0.29564697,0.08645907,0.8162291295982308,0.10458218134499615,0.07918868905677294,0.6922088395655531,0.19533496283426485,0.11245619760018206
9541,e6a9d42ac67cb7b706d49ade9fc500f30046fdc2fb9b9671e844317d89e091b7,1,c1,c234,c234,c234,0.29197237,0.47586435,0.23216331,0.26806934218722894,0.5672653617293001,0.164665296083471,0.25663747988126523,0.4876408046651956,0.25572171545353906
9544,8bec912d01bfb4afe60a75f2b9df86144050e8bd7551144044cd9ee559321609,1,c234,c234,c5,c5,0.19405256,0.42233807,0.38360935,0.16367344319982394,0.2574606424330571,0.578865914367119,0.2653710014999153,0.2855547885503038,0.44907420994978076
9545,1725cc5f96618792be772d8ab369c81817eb9f3b18c9904f6b05986f94e2001c,1,c234,c1,c1,c1,0.43972525,0.31819695,0.24207778,0.5952269866261648,0.3104588776773667,0.09431413569646843,0.47807825311163876,0.29742037447255965,0.2245013724158015
9556,f757c8f7a56ee5fe629b9bda03bad4388a9df2e08372b1a2289d1bb18c9ccbd6,1,c1,c1,c1,c1,0.46437466,0.3032577,0.23236758,0.4732192448612542,0.22780101472030184,0.29897974041844394,0.40278311651301957,0.28400895618125194,0.3132079273057285
9567,455cbfb9abd9fc9dac27741f27143ba6f7825ef8bfe35c6da18b095dec0dcc39,1,c5,c5,c5,c5,0.16108786,0.36851335,0.47039875,0.1793293078905934,0.26213673141580907,0.5585339606935975,0.20991320016477294,0.32446066500354587,0.46562613483168114
9571,7cffafb7d5cd1014048c653079df60f94c5afea6b39421f74d6760745f601588,1,c5,c5,c234,c234,0.18945718,0.33509368,0.4754491,0.17591468054843637,0.4885265994915487,0.33555871996001485,0.24169878660081873,0.4454257965155301,0.31287541688365117
9580,23580a743a7c7236ab91734f4b676a23e5305aa0fe65e23140536196e224e6d9,1,c5,c1,c5,c5,0.46290913,0.24252832,0.29456255,0.34974415523663277,0.10466225408174945,0.5455935906816177,0.2947916840383499,0.20144457869188537,0.5037637372697648
9582,10b73ac41947034f9cb3d88269b14affbf6e6256a0ee115d84ce2447d5698c15,1,c1,c234,c234,c234,0.20943443,0.4795361,0.31102946,0.11833285117086323,0.6371792114193594,0.2444879374097773,0.18664716897738282,0.5260383032167764,0.2873145278058407
9583,08b0fbad294a0f59471065e8229d008b4ddab24f9e361b9722a5a431c80a30cd,1,c234,c5,c234,c5,0.09139042,0.30068123,0.60792834,0.13547340732566748,0.4881750306843164,0.3763515619900161,0.20265780721963142,0.38915297757542255,0.40818921520494605
9588,5712ed8a7ad44bd3794a497da9afd79a729d881b9958764525aad8acd44d47ca,1,c1,c234,c234,c234,0.308646,0.41132173,0.28003228,0.17819715996609087,0.47103955788612484,0.3507632821477843,0.24648360495661537,0.43209305216177907,0.3214233428816056
9592,2d5306a49cb656aaf7709005f9c9a41bf8a730829204e6f3b8226a99821e81d0,1,c1,c5,c5,c5,0.24956498,0.36567897,0.38475606,0.14784441142759555,0.28567596116417754,0.566479627408227,0.23199057726496747,0.31306644746843854,0.4549429752665941
9599,88b12a4d9d961a5d2ae04b8a56f90cf140bef5dc32212eafa6df652c2c9bad9a,1,c1,c1,c5,c5,0.58527094,0.26504564,0.14968337,0.2898816864763438,0.3370724131244901,0.373045900399166,0.30292231805498787,0.29379418264481716,0.40328349930019486
9606,3317bf9862cde0cefef8419c74d5b161fb35eee732a79f7d75a7e94df89e3bbd,1,c234,c5,c234,c234,0.28987786,0.25450704,0.45561507,0.2711247979119462,0.6170211322632857,0.11185406982476798,0.31390562688124357,0.3924816483532446,0.293612724765512
9615,56d8a31ec30596da614cb3a591ba1f1e59182de9329c392656faf29e05ab20ee,1,c1,c234,c234,c234,0.32804763,0.41015652,0.26179585,0.27428706795839014,0.408119185101479,0.31759374694013087,0.29931619363677797,0.38028047236609136,0.32040333399713067
9618,fd66efc1c8d8cfbfc4eaba72815f7e674a920d1be3ba36cd4c15a13f40e73131,1,c1,c1,c1,c1,0.5670424,0.31701738,0.11594019,0.664531475622729,0.2604666833817287,0.07500184099554222,0.5378696551989371,0.33167802676898916,0.13045231803207374
9620,7335c09c5ab242e68dfe46cdb19f41f7054458e38600db6d8440f04c165226c2,1,c234,c234,c234,c234,0.26252875,0.3725304,0.3649409,0.24236246232934133,0.40533409520560054,0.35230344246505824,0.27772306001751385,0.37093658434091864,0.35134035564156746
9632,fe7dcbcf1084ffdad4cb3d2fdca1346066f9b2a49babaa7275b8c3cf5602a3bf,1,c234,c1,c234,c234,0.61199003,0.3046476,0.083362326,0.4118341423968306,0.5336382144582956,0.05452764314487377,0.4029904569549366,0.4636226455039196,0.13338689754114388
9635,b7e2e5a92090b399a59b9d76a48ff6ea767b6a462c6fe0e5327aa88f3965f5b5,1,c1,c234,c234,c234,0.33380902,0.3353476,0.33084342,0.29277069563037905,0.5224760608339575,0.1847532435356634,0.28357866785566377,0.4143175325747342,0.3021037995696019
9637,50d6b20f6a57d017eab669f1b46bbc618df350360dd4331747a3c1480d649ef1,1,c5,c5,c5,c5,0.13980123,0.3281693,0.53202945,0.08706344289540906,0.11490690699396024,0.7980296501106307,0.1248405598351536,0.19281695395207474,0.6823424862127716
9645,aacc4b2afb2090cabaa13ad4d1884da13442732e753061d141fa072cf4bd1e90,1,c234,c5,c234,c234,0.27867907,0.34333682,0.37798408,0.31089202009901684,0.5483254088322611,0.140782571068722,0.3406506870068567,0.4488027731728466,0.2105465398202967
9662,6531abb152dfe7d2f6c3ce0cdc8d344fded8d58b1eb0699f6111baa071339782,1,c5,c1,c234,c5,0.4831308,0.23723722,0.27963194,0.306418494416548,0.3484035678878351,0.3451779376956169,0.27213436744660496,0.35313734965268845,0.3747282829007066
9670,7c472baf2a0274a427eb09b071c1cdab42c9c28dd5cc21f4746b16f1905a0f74,1,c1,c1,c1,c1,0.3957385,0.2972045,0.307057,0.5406712894753397,0.11701385197225435,0.3423148585524058,0.42261174885370456,0.2160419769925205,0.36134627415377496
9675,68570260b70ff5530b8f97ee9c19a62650497ae27d6586319108c503e8584aa3,1,c1,c1,c5,c5,0.48863465,0.29463628,0.21672903,0.3523588230946339,0.19602856453566025,0.4516126123697057,0.34503217689784477,0.27677391102359405,0.37819391207856123
9680,03ef56d937f1c5ec5e58a37e684235ef2f22bd5c9b6750d0473fec35ae86da8b,1,c5,c234,c1,c1,0.3024664,0.44574797,0.25178564,0.37417303000348145,0.3364769797409381,0.2893499902555805,0.34326776763069067,0.3247693889519225,0.33196284341738685
9690,931776037dba503cd38c6f602b6734518a8faede677bb554d7a7cfa0074209c0,1,c1,c1,c234,c5,0.4256752,0.2811669,0.29315782,0.24831220023904138,0.3816657436724698,0.3700220560884889,0.3038142827283813,0.3232318897695457,0.3729538275020729
9715,8543cdf294c0ac8d2c431350e112bf9a6db952874a531f65a7076f2b3da58525,1,c234,c234,c234,c234,0.34135243,0.46076962,0.19787796,0.19022862871028884,0.4361784793754841,0.3735928919142271,0.27573450964895163,0.3926037381167134,0.331661752234335
9716,fac7c26b374458e5860309b9cdd14a3bfa93133f06f525f45319f7246301224f,1,c5,c234,c234,c234,0.190093,0.41429242,0.39561456,0.3105429846493269,0.47463261282457214,0.21482440252610105,0.30748772560416476,0.4035853423437549,0.28892693205208025
9739,edcc942488501cfe1083a1eb9f8c14eb6c4c9e6f926c3a7c6c7827c3b5faa857,1,c234,c1,c5,c5,0.3830801,0.270111,0.34680897,0.15119210420625975,0.28635404807466164,0.5624538477190785,0.2255168481409591,0.25582393623683725,0.5186592156222036
9741,ec6f378c74d3dfffe0d0a15e91452e38ff8b70573f5ea162087d9be43f02f423,1,c234,c234,c5,c5,0.33234188,0.42126417,0.24639401,0.30446609912982714,0.28794181828279997,0.4075920825873729,0.30180724704158896,0.34678949140466614,0.3514032615537449
9742,d15c169a34c26d45e64adf8eb19eabf99d41c4d21565fda933e132d335fd36ab,1,c5,c5,c5,c5,0.2485321,0.33514062,0.4163272,0.16145781792117175,0.17379542897230632,0.664746753106522,0.25046128028489634,0.2858604741678673,0.46367824554723647
9744,070b2579a3db5d5b50e8a8468cedc8941bc789488795700778e46cdd8cd25bf0,1,c234,c5,c1,c5,0.11482799,0.32451278,0.5606593,0.39130858874035096,0.2636193448934225,0.34507206636622656,0.3213198065127072,0.2819649182487563,0.39671527523853645
9746,aa39ca96edc7fdd0b77cc569324f1e403edfc395b1a5cee125f75eb2ee8a4e0e,1,c1,c5,c234,c234,0.17738819,0.33423883,0.48837298,0.19285068487763607,0.4739068512864588,0.3332424638359051,0.2748905201371185,0.4379240812289572,0.28718539863392417
9748,32ec1a9d16fa2944d5d84f75a5b6149826f1e4f356d6cef890ea8b11de69ff48,1,c5,c1,c5,c5,0.38737008,0.3226503,0.2899796,0.3090990811234891,0.2559858305157641,0.43491508836074677,0.2978356371717393,0.2997582583564319,0.40240610447182884
9749,6ef6b99b303332829a06b5e4fda6dc7fa7c804a7270a389ba63b4bf56f21ede5,1,c234,c234,c234,c234,0.34256554,0.39928147,0.25815308,0.20025671656154828,0.5155548186613922,0.2841884647770596,0.24043561702302893,0.42851069096244526,0.3310536920145258
9763,a55fe6eb83323f8e02ee9560f9268cfee2298a555352e891014468b840cd708f,1,c234,c234,c1,c1,0.289231,0.37571704,0.33505198,0.4391029923071388,0.2470452488160749,0.31385175887678635,0.34977394792958516,0.3098375126717255,0.34038853939868946
9765,811080b9166f08421696ab72097f6d8757dcc4a52d2bd0a4b2287c47a9b991eb,1,c5,c5,c5,c5,0.2022286,0.375371,0.4224004,0.17440184507153175,0.3576130892630377,0.46798506566543047,0.2239911489667152,0.3241151918730723,0.4518936591602125
9781,731967c8fe44e6b3aa3a1d6d6e4f454dec483581664f3704e45d5b2158bed182,1,c1,c1,c5,c234,0.39378798,0.39038005,0.2158319,0.2227902020242574,0.38835217010497913,0.3888576278707635,0.29427204380048516,0.392382078122558,0.3133458780769569
9787,b084744528c0cb537686b9a035af7f880ffa404f9b17abf5ae7a5810749fbd22,1,c5,c5,c5,c5,0.118044615,0.3737772,0.5081782,0.24738461979252874,0.34471143572922347,0.40790394447824774,0.27389325495119765,0.33109686264979454,0.3950098823990078
9790,166acb33b1e4d043e1a5d56e98e62cc806c3f5fca6bfe7f6dab5d021af1a2da6,1,c234,c1,c1,c1,0.48752043,0.34897673,0.16350278,0.554040804582418,0.3884385181143074,0.0575206773032746,0.4524283385293565,0.4153643182608424,0.13220734320980101
9794,29d1e0ce69dc6353622bd307db8917fe407690bb7c6dc53534bd1d25c0698642,1,c5,c1,c1,c1,0.43898278,0.29041806,0.2705992,0.4615811943083324,0.30813706913830863,0.23028173655335898,0.4192904132760761,0.306040597466261,0.2746689892576629
9795,051401588562b98a5e2e488a834377624bba8e7a313c2eff7748b6eca56ff946,1,c1,c5,c234,c234,0.16145985,0.3606035,0.47793669,0.30699347827495976,0.42549477017172965,0.2675117515533106,0.2637845656129528,0.39266307868786016,0.343552355699187
9801,6c244a608fd16f5d6481c75f563c43839fb6754c590b00b1e49034ac47ab8b7a,1,c1,c1,c234,c234,0.57702583,0.26847148,0.15450272,0.2585593059740973,0.5533911524420759,0.18804954158382664,0.3377322089254138,0.41050190209337856,0.25176588898120766
9817,51bf811d2882653c575c2d06886aa13d1d218aa5e9230a545b36e4d0dd4897e2,1,c5,c5,c234,c5,0.28923258,0.28982046,0.420947,0.23571941404316457,0.41140226288542614,0.35287832307140926,0.26720393245383556,0.34022073084357285,0.3925753367025915
9823,f3c032180a616835915e2623e44024a26115f21f75ca62a2d5a0e81035ba5ae0,1,c1,c1,c234,c5,0.40805107,0.23185028,0.36009863,0.4024263723718695,0.41651855635865287,0.18105507126947756,0.3337232408565169,0.33015874176312204,0.33611801738036096
9824,9700406ca6ce0e3d84900f58d8df10b65fb4d216a0f173dff03823a0eaf9ee19,1,c5,c5,c5,c5,0.06335674,0.2935079,0.6431353,0.10690829055756514,0.23857572273054556,0.6545159867118894,0.1557739989175875,0.290812560566701,0.5534134405157114
9841,6c51e7b862cf01407f8608626e84d0c9c1118204d16e294807f5b248944e4316,1,c1,c234,c234,c234,0.34857836,0.43365696,0.21776469,0.2753591955455248,0.3969710930624255,0.32766971139204965,0.302754353258878,0.38584266976632753,0.31140297697479447
9843,5c566081e4864227dcca169f7b61b4d6faedc3604a85de7ee6412eb5fd8fb5cb,1,c234,c1,c5,c5,0.44597104,0.2617566,0.29227236,0.30182842735717835,0.2501747401871088,0.4479968324557128,0.22340173798672283,0.3100722958533202,0.46652596615995706
9859,3fbdf18c2ddd95201f295c3f8efce10eeaea2ef5d48e212242fd65e37b73f54a,1,c5,c5,c1,c234,0.23447242,0.33945602,0.42607152,0.3539221405720381,0.3477583161433379,0.29831954328462407,0.3294498134802082,0.37553983019852316,0.2950103563212686
9863,72c8f33e33e46ba952871e7baffcc84ca3ab315eb7b9d36f1b355c3b006eda15,1,c5,c5,c5,c5,0.16485028,0.29711014,0.53803957,0.19516205427101285,0.3044013593625288,0.5004365863664583,0.22445865912799884,0.33618240186712633,0.4393589390048747
9889,a2b3780284d753fec165c4d5f92311450f9c04d39e71e35a1325f52749f16273,1,c234,c1,c1,c1,0.5204344,0.30570182,0.17386381,0.4810235143036955,0.33989757581768704,0.17907890987861744,0.44474297996385265,0.27923238616256957,0.2760246338735778
9902,d6ff2ce5d8c4942ec2dbb64c3651bad33a8454ee83fee19c8cb35393192ff0f2,1,c1,c234,c5,c5,0.3258902,0.40034798,0.2737618,0.21351981135809706,0.24447086106529925,0.5420093275766037,0.23724974509068736,0.26144846502467406,0.5013017898846386
9909,3e4fdf024e70f91ecc81ebd328e2c2d90bf5183d628651b2cd3879578b7f223f,1,c234,c1,c1,c5,0.598189,0.25610605,0.14570493,0.47864322305691304,0.18367281713497186,0.337683959808115,0.3269374106297176,0.305413132905792,0.36764945646449043
9912,6f8497a3e35d6433a95fd1e59098d8c90b3c9b2bce9319681dcff6a28d2e1295,1,c1,c1,c234,c234,0.369848,0.32622606,0.3039259,0.20940117777913836,0.6516744475957454,0.1389243746251162,0.3238583617966029,0.47519119125102277,0.20095044695237443
9924,b1e3eb4835ac7f5bceb4198550f84c805e1693e4c24afd28eb2a42a08aed59e1,1,c1,c5,c5,c5,0.18953961,0.29791266,0.5125478,0.24424812645430988,0.2746525929071518,0.48109928063853824,0.2754972840904911,0.34383946494767637,0.38066325096183257
9925,e378be800cc8ad0b4ec6174038deb2adfa7e92a875a352cae4da0adfd5d8adc2,1,c1,c1,c234,c234,0.47181433,0.38420707,0.14397849,0.3995275797626189,0.4953066333776633,0.1051657868597179,0.42364204754587514,0.44707663271048137,0.1292813197436435
9932,db86dbbd5bdb68d3034279a42b05f8e1fd6bd94f53db7e080696df677174e577,1,c234,c5,c5,c234,0.21979348,0.33570665,0.44449988,0.2662873640366401,0.3601689246995336,0.37354371126382635,0.2735829397802177,0.3767213622711326,0.3496956979486497
9934,71dc1539868376d406e6e51543a8fa6017033be290c7ac58af1d2cd5e65decb7,1,c5,c5,c5,c5,0.19874081,0.3195334,0.48172572,0.18403611544481652,0.1906805523155683,0.6252833322396152,0.2583712900028272,0.2570233779002569,0.48460533209691575
9939,74b4e4a6b1b7a1bb7234fc95b2076f0b2526201f4392e0f3610c733cff45986a,1,c5,c1,c5,c5,0.45632783,0.2591344,0.28453776,0.1655117356649453,0.39143599399447676,0.4430522703405779,0.23371675906019562,0.3235890485828787,0.44269419235692575
9951,b557ab9592ceb40ac1df19bafb3e67d901d524e16255b5c20f6b40d51792fc44,1,c5,c1,c1,c1,0.59994894,0.29222533,0.1078257,0.48626746331528886,0.3760780284558519,0.1376545082288593,0.4966661441317249,0.35930234601591476,0.14403150985236046
9954,e5ac8f66cc97daae82af8fe70e8974fe77a5efc24de2b41cf9cd6be86e5a3da9,1,c1,c5,c5,c5,0.21570131,0.31946942,0.46482924,0.31940325649284557,0.2845788253486385,0.3960179181585159,0.2846683188202968,0.2845875573437643,0.4307441238359389
9961,565aa981789d6f21d81f17f001d45a1dc53b33b752e3121eeb41e0d83a0be6ae,1,c234,c1,c1,c1,0.58163464,0.30604914,0.112316236,0.5679694669019949,0.30694168591812365,0.12508884717988142,0.570004273828386,0.29124079516606616,0.1387549310055478
9964,631d7e26f41aca0ff270e42f0b3eb51e3e935962ce9c7c6ba1c505bed42a651e,1,c1,c1,c1,c1,0.5776137,0.29832128,0.12406506,0.45703925469922585,0.4552657689472145,0.08769497635355963,0.43716191070663013,0.36013198736932317,0.2027061019240467
9969,9d67aa0a57c4e5e9f325e2bfce907a5a3f48512a0e2b1df22b6f434e1f436573,1,c1,c1,c5,c5,0.39027607,0.2613657,0.34835818,0.27123267119653127,0.26678518029448617,0.4619821485089825,0.27316677575473974,0.3247686985848685,0.4020645256603917
9976,03578d7180b5fbd9e74103087c587e008531cb814bdd63bc83d58ce0842e9468,1,c1,c234,c234,c1,0.29180714,0.4071961,0.30099675,0.3339418198211762,0.4061864024825622,0.25987177769626146,0.34931117391938743,0.3294519697116046,0.32123685636900795
9977,b05f2540c4147a76cf648a410c71239c03f867ae5dc429335bb03ad3885a7090,1,c5,c234,c5,c5,0.2076338,0.41948068,0.37288547,0.13810587859493903,0.42935654111831695,0.43253758028674405,0.1727385230360168,0.36294084019819395,0.4643206367657892
9988,f9faf50ceeab5f7ace1781335eb41a6ec80319ca6f5da1e2fdc48da5dee300c1,1,c1,c1,c234,c234,0.6104239,0.3045713,0.08500478,0.30774444593056066,0.5375863780625655,0.15466917600687383,0.36009650264477144,0.45391655706516393,0.18598694029006455
9991,26939ea2d57a0bf5bde4aa6c8ab429983395ed943b3b76349212f84c60c223d9,1,c1,c5,c5,c5,0.19952555,0.2624244,0.53805006,0.10587156848646517,0.39803329142799976,0.496095140085535,0.2186697987315598,0.3108716333972156,0.47045856787122464
9994,92bca14d1c326d6f3b3aaeef49c62c35daf69ef9ced575529a85dfea8cce2c50,1,c1,c1,c1,c1,0.5436714,0.2351771,0.2211514,0.44509843449757813,0.2827817706133882,0.27211979488903354,0.4228148295907398,0.288943294066864,0.2882418763423962
10013,c3039ca3d73753229c2edefaab2d3691b9749aff55a6c728fd884ae309863937,1,c234,c234,c234,c234,0.25595278,0.51345134,0.23059595,0.24624722156814052,0.5683993060910166,0.1853534723408428,0.28516665624244597,0.43631636383449535,0.2785169799230586
10018,d8515d3d37bc0658b09bc5bdbd9db3cc016f474b51a94149229a2f3c03d68d24,1,c234,c5,c1,c234,0.2013653,0.32048276,0.4781519,0.4580398641247487,0.4146484135194379,0.1273117223558134,0.3859472711286734,0.39350605624073104,0.2205466726305957
10025,8213fc295475a23b18993dc9b53eb4763a312d5dc9d1615ecb103afd0aea6cfd,1,c1,c234,c5,c5,0.27723426,0.4264404,0.29632533,0.2654610428668034,0.3089142962085437,0.42562466092465284,0.27616717196240836,0.34274756651281835,0.3810852615247732
10035,4c447024cd6d8907989da8cc82fe138b3c9af16403f5065ee41c3f198860cf5c,1,c5,c234,c5,c5,0.3501677,0.39168903,0.25814334,0.18703818132016362,0.40559882555893495,0.4073629931209014,0.24949222902072704,0.37361305587879956,0.3768947151004734
10044,289f60e497258163886a307a2d2e2aa766c688686977e232c563c4405745f3bc,1,c5,c234,c1,c1,0.37570828,0.43395868,0.19033302,0.4760257495418166,0.4227508189013833,0.10122343155680003,0.4389159172662399,0.3999343847887055,0.16114969794505454
10060,5b4004dbbd4d1be999c2c068477e66e357853e643378711367a35ddacda5e9e8,1,c234,c1,c1,c1,0.345373,0.33210063,0.32252637,0.6598387871978584,0.13008226685604427,0.2100789459460974,0.47358167682376123,0.1926877162290298,0.33373060694720896
10066,381e95d4073ea8b95601d362e254db04af4317028295fa0a6b77df735b2d4bf3,1,c1,c5,c5,c5,0.16408506,0.2361332,0.5997817,0.2082837790177543,0.28375602979267234,0.5079601911895734,0.21368215983705519,0.27567019190853775,0.510647648254407
10068,f24d774521fa01eb27bc6b5c7e0339e7a57acf194e5043c968d615419fd2455a,1,c234,c5,c5,c234,0.13437267,0.25306243,0.61256486,0.1712770888911787,0.3745120797826606,0.4542108313261607,0.23155868953225953,0.39731960356052365,0.37112170690721685
10110,af75fb4d5e80e473a87f4f0e7eaa9e9e8e8535d6536641fe1e0e09861fc26faf,1,c5,c234,c234,c234,0.30347514,0.4453973,0.25112757,0.37521031667060517,0.45973490086024343,0.16505478246915145,0.31987874377263525,0.3545722810722719,0.32554897515509273
10111,0917fddf37fd2e1f77f412b9b921f2440db5230587a5eb3f81458167ef825828,1,c234,c1,c1,c1,0.6104239,0.3045713,0.08500478,0.49383799506527576,0.3997375399607412,0.1064244649739831,0.4491598445346505,0.4030801708668105,0.1477599845985389
10112,b86028d293a40d9b25fc46a47def5b603a52158252f772c4fdfbf9d1495f768e,1,c234,c5,c5,c5,0.27360108,0.28104797,0.44535097,0.14421746444248731,0.20168930695908227,0.6540932285984304,0.18762965197749062,0.28203776710372574,0.5303325809187837
10117,ef5a497d24085a5a3044203662c38648b7111c80774c70793436666af9639cd0,1,c5,c5,c1,c5,0.27353674,0.3573678,0.3690954,0.4106406307164657,0.2779590310372648,0.3114003382462694,0.32766686280247503,0.2790953437444174,0.39323779345310755
10126,77faa3341855d3bd1f464e9592566afa7071bf6f1c33bfcca77a72b4297b32de,1,c5,c234,c5,c5,0.22466382,0.4121707,0.36316547,0.09373999332803104,0.4229244545542677,0.48333555211770124,0.1791780366263965,0.38278971304004267,0.4380322503335609
10131,87abbe29998368ac7fbe84c430587ffeb0fba44f3efad8e17c4ac6a0d8516e76,1,c5,c5,c234,c5,0.25043163,0.3073329,0.4422354,0.22939610895651474,0.46716164905885804,0.30344224198462727,0.24475750604919216,0.35943710308036525,0.3958053908704426
10132,9bc4e519c1bb79739e290921f9a110f9e444ebe5fce5638d3b60b053f1dc7eda,1,c234,c234,c234,c234,0.3122291,0.46070075,0.22707011,0.15073624046800854,0.5281039835248903,0.3211597760071012,0.20523848232150224,0.4595995267036897,0.33516199097480814
10141,b1731c3be38d5d3e30249fe536d2663ba5494a4abbc27acb4c875cb30c6082f9,1,c234,c1,c5,c5,0.44899368,0.36165968,0.18934669,0.2961094735202959,0.2911295663953655,0.4127609600843387,0.337348462792523,0.32316433477229367,0.3394872024351834
10146,c9430027562c6aedc1d58e2bab937c478588ff183da51819c3c62e091d173a34,1,c234,c1,c5,c5,0.49728534,0.35088262,0.15183198,0.256534331116664,0.17903599787899638,0.5644296710043396,0.3371741770718255,0.2990763269512969,0.3637494959768776
10147,4897334cbc3ef5a281c1055a508577d8b4e775f4e14e0c53b2f95d3c09d94d03,1,c5,c1,c1,c1,0.529314,0.280115,0.19057103,0.6471589249013425,0.18118196359091834,0.17165911150773908,0.4357307567057169,0.29417424069450276,0.27009500259978036
10157,fceb1fdeb6907710cf49b847e7c393a456e68e1170c23092350423d054f4ad84,1,c234,c234,c234,c234,0.34419838,0.36292604,0.29287556,0.32690963675972795,0.5666688301058102,0.1064215331344619,0.3741107107972534,0.4286910587970649,0.19719823040568177
10162,fc8cae0b368c1920355279dc1b5ff811728ef48ab52419172a24edd3e3f22c84,1,c234,c234,c5,c5,0.33199707,0.3691368,0.29886615,0.3656301730903717,0.2436609427717949,0.39070888413783345,0.33523871386008186,0.31874789135415094,0.34601339478576715
10168,1fd86d6077c73e44397fa347d730f28a6db3056cec63b7b2bfb2bf1236ced7c0,1,c234,c234,c234,c234,0.26788324,0.42488292,0.3072338,0.29075786691985817,0.38363906292721695,0.32560307015292494,0.24479508658555438,0.4230081190236342,0.3321967943908114
10190,38c94c571123a89f216064bd0e946681c0f1f31bd1099006377ff32bb4bef3a6,1,c1,c1,c234,c234,0.36990565,0.364467,0.26562738,0.2786677279589087,0.41706682795402816,0.30426544408706313,0.29953856105433685,0.40161875801254276,0.29884268093312033
10193,f473d67260263ca683bab607834eade8d8d9a17dce6ecd0118c96178c12f025b,1,c1,c1,c234,c234,0.45334122,0.3730649,0.17359385,0.36565396461544025,0.41441271276475483,0.219933322619805,0.35170795749595096,0.39128909169263604,0.257002950811413
10208,55d1c0798497414bde5e9e47bb2855af2122b2f18101b5e0004a4d55e4935caa,1,c1,c1,c5,c5,0.37026265,0.34878978,0.28094754,0.28970570827936354,0.16411846253588763,0.5461758291847487,0.2790063742618782,0.24582173716949143,0.47517188856863035
10209,abea752c3b0e1ce2805646b6b3cb8295ee50c8402f6443005869fa909a2a6d55,1,c1,c5,c1,c5,0.18064828,0.37089002,0.4484617,0.6154854554837721,0.16782594241675836,0.21668860209946947,0.371288426305776,0.25427572615455707,0.37443584753966686
10224,c232bf7ea390f89131a69fbace52b825725996e1a51db9a5e54db08ed5b5c43e,1,c1,c234,c234,c234,0.34828344,0.39648795,0.25522855,0.209897417071152,0.5362537015492065,0.25384888137964146,0.265917586017632,0.45049129884347733,0.2835911151388907
10236,aedfdbf7d223510beaae60014e75495bc2c5c91178fbf60e3ca7173c1ada83d6,1,c5,c1,c5,c5,0.40074134,0.36002696,0.23923174,0.18039596667513247,0.23517990664650587,0.5844241266783616,0.26420048004002106,0.3155421067790633,0.4202574131809157
10259,2575bcc5f683070691f7e3e5c8041e6b1a8968b98000345aa4d1d293495825ec,1,c5,c5,c234,c234,0.21747397,0.29443446,0.4880915,0.22037300550852862,0.39609407380258577,0.38353292068888567,0.265761529219122,0.39465490892712135,0.33958356185375677
10263,da2e889900bbe84f05e1df797569ff875e039836d401b4f415e21d80b9612bbc,1,c5,c5,c234,c5,0.28814098,0.21118157,0.50067747,0.2708150513937471,0.40612456155163906,0.3230603870546138,0.2585875564282386,0.29916831514735526,0.4422441284244061
10268,fe7dcbcf1084ffdad4cb3d2fdca1346066f9b2a49babaa7275b8c3cf5602a3bf,1,c1,c1,c234,c234,0.61199003,0.3046476,0.083362326,0.4118341423968306,0.5336382144582956,0.05452764314487377,0.4029904569549366,0.4636226455039196,0.13338689754114388
10279,d806335a9a39a8ffa5370b7a6a2bc5427772708f5f22851b93d8955d24dc9139,1,c5,c1,c5,c5,0.40060806,0.29739314,0.30199873,0.3663155811851306,0.21718573930278562,0.41649867951208386,0.35111515868086773,0.21953431989039013,0.42935052142874214
10287,4c1ef3dbdbeee8a42a3a1e153de63d81c9dd0ac6afa731c09026fbcdc2e0aec5,1,c1,c234,c5,c5,0.29339662,0.43874878,0.2678546,0.3491355116733237,0.2867626798594463,0.36410180846722995,0.27479848212153407,0.3203779562685336,0.4048235616099324
10304,6af2343625b2ef36a2231c8242e7ca061da6e2948377f0443991cea8519496dc,1,c1,c1,c5,c234,0.4351382,0.36852324,0.19633867,0.3181658528066727,0.33125889777183826,0.35057524942148904,0.37168126480839075,0.3748285944119754,0.2534901407796338
10312,60c2768073e0dc3fe983262acedb4897f9ca3ee44f9c89aadf6b2a662440b67d,1,c234,c234,c234,c234,0.3198405,0.39764494,0.2825146,0.22953348770085108,0.45607156430390017,0.3143949479952488,0.23591474146231198,0.4174844219193173,0.3466008366183708
10322,06f3e68874e7de97075595efdec6b511e8fb6b3c5474b53f43d6b889b9223282,1,c1,c1,c234,c1,0.40117303,0.31624517,0.28258184,0.34321994761908,0.5208884650024058,0.1358915873785141,0.41446508145311545,0.3851520435743536,0.200382874972531
10325,bdf226b602e0e9055303ce5409ca685745a4f65f835942363e1b49acee8048a9,1,c5,c5,c5,c5,0.103378505,0.3060219,0.59059966,0.13125624568604696,0.3675781319550997,0.5011656223588533,0.1926383711112023,0.33219238840883025,0.47516924047996734
10332,17ca9e137b55971a68a1bd8b34ba4d70956eb0913f924071745be9d81b8ac0bf,1,c5,c234,c234,c234,0.34085286,0.36599398,0.29315314,0.20413768836843132,0.43378208965442855,0.3620802219771402,0.2221403861961849,0.47005025580663146,0.3078093579971836
10355,0e98eeb64dba68a4b115ab09feeae68f49ed52162f2839c2e2204e38bf3b8e68,1,c234,c5,c1,c5,0.24673459,0.30733022,0.4459352,0.3580461077440141,0.31906465256011074,0.32288923969587524,0.3331193416567861,0.30453854992554663,0.3623421084176673
10357,b9daf02c809e333b5c07cd646fa7e71e4d7290ed0c6aa3fbde2ba56e5b466d59,1,c5,c1,c1,c1,0.373967,0.2730479,0.3529851,0.420435608782799,0.28365915434866107,0.2959052368685399,0.36563381572648707,0.31390410964745064,0.3204620746260623
10360,1cb981c24fa723574c6c26c96bea976072a13779197e0425fd8c2dc9a29bf8b5,1,c234,c234,c234,c234,0.27397507,0.47156146,0.2544634,0.09947017630439572,0.6998665455263106,0.20066327816929377,0.17380742794128273,0.5635892946234685,0.2626032774352488
10361,7ec3f78cb5c6964411581ca345d18f6b1f28c0dfcd7240d6a2a0af552edaeadb,1,c5,c5,c5,c5,0.11741952,0.40885025,0.4737302,0.1668259090143968,0.21415745647228718,0.6190166345133161,0.2742009354810679,0.2820044683929932,0.4437945961259389
10372,153b45a78b7cad4e9279f2a241e5967ff20c63cbdeccfebf86dd336fac863647,1,c1,c5,c234,c234,0.23168483,0.36356235,0.40475276,0.2735756344722017,0.5287510808513435,0.1976732846764549,0.3130780961466864,0.41651065364247253,0.270411250210841
10387,4ce15d41e6f413c69fb1c382865115a45f3793716e4e8c1245ad195a847260b1,1,c234,c5,c5,c5,0.19497502,0.3811099,0.4239151,0.26915691826717136,0.2269001805029047,0.503942901229924,0.264819303413084,0.294438671823304,0.4407420247636121
10393,a70787840e41df98aeb435d7b5bd709b19a0195cf6de3a8415581e4bdea3109a,1,c1,c1,c1,c1,0.5198139,0.22573516,0.25445092,0.5446521161270901,0.3309273481059646,0.12442053576694528,0.48751456343524563,0.27340850714219267,0.2390769294225617
10395,3f157f8ba8559bdb257f77e58bee5137cc3071ec5781fdab784ea9b2eabac418,1,c1,c1,c1,c1,0.49168664,0.3265441,0.1817693,0.5393154700173752,0.23972959529288015,0.22095493468974464,0.43519663922053375,0.2799526981393159,0.28485066264015046
10403,c33bf129a7b02c915ca7dbb71d2e764303d571f14cf12d7099aaca6a83c837c4,1,c5,c5,c234,c234,0.12348389,0.33542287,0.54109323,0.16633693658436569,0.6254470841261381,0.20821597928949612,0.18967543300586584,0.4618568625599182,0.3484677044342161
10404,142a3d740d28fed298cd558980a150382826f0a0c229fcb2776f4ac155ac2374,1,c1,c1,c1,c1,0.5269732,0.2527094,0.22031742,0.498694389363137,0.1782648262154037,0.3230407844214593,0.4204086768437991,0.23533090175091229,0.34426042140528856
10406,f7bfd74ba50dc1eff9cfb8e382103cec3dc2095c8170688459565832248d8a56,1,c1,c1,c5,c5,0.3736415,0.3495583,0.2768002,0.2912383120220344,0.2814901148162797,0.4272715731616859,0.3281383575267227,0.3318037394442628,0.3400579030290145
10422,78066a7b2412884b3963c9ef6dd731d722837fbafc3bc935bf461ec7fe13176b,1,c1,c5,c1,c5,0.18874845,0.2708233,0.5404283,0.5505132141100739,0.230198704471547,0.21928808141837908,0.38273482833843125,0.23419086811198322,0.3830743035495856
10425,3ceab770f2c541945ddaaa5da059fe6a5efaba0b1384e056602b21cf0da7f7c5,1,c234,c5,c5,c5,0.16393241,0.35399872,0.48206884,0.1817075679871343,0.3991048326263939,0.41918759938647177,0.20093874958464322,0.3455450461626221,0.45351620425273476
10432,19dba3f4688dc857d02166842edfc2fd5a4fb8841222bc34254f8bd76215712d,1,c5,c5,c5,c5,0.07596807,0.27195567,0.6520763,0.15071177105579686,0.35890819295698695,0.4903800359872162,0.2182723715732286,0.3528278847893565,0.42889974363741484
10437,8163dcf2f5456ddbe7da56b6a2068d86030240871e17f2484e90848e307c3d68,1,c1,c5,c5,c5,0.06530691,0.32018512,0.614508,0.2140118372472247,0.22627977715363848,0.5597083855991368,0.26294767100123184,0.29395810542503936,0.4430942235737288
10440,e35d5330955713f2fa89bf8a19c2e9d8de1c7cd1d61acbd97d5741e0b969b1dc,1,c234,c1,c1,c1,0.43938315,0.26036945,0.3002474,0.4840356558309611,0.2763016962549878,0.23966264791405117,0.40118056228347204,0.2713830043615692,0.3274364333549587
10446,3c3ffb22fb3d7f1208644100368848e20526bc7616e52c0c974bc560bcf8e135,1,c1,c1,c234,c234,0.54618376,0.2560362,0.19778001,0.21567685885351334,0.6313517473500649,0.15297139379642175,0.31703861337159606,0.4514318858587293,0.23152950076967468
10450,dfd98556522e52dd7c5285acf871f1aed955e035a88f7d33ca22cb8ea4b935a6,1,c5,c5,c234,c5,0.12115556,0.39480978,0.4840346,0.14874352955102266,0.47961672093443997,0.3716397495145374,0.17938634521411498,0.37991682047441994,0.4406968343114652
10460,39dce4b0829aeabf9b534f39a603582f5aa8a11e1bd5869be9a12b0d19c21323,1,c234,c1,c234,c234,0.39959264,0.37992108,0.2204863,0.28080043391527976,0.4689830386049235,0.25021652747979667,0.3063733064766558,0.4326308794882265,0.2609958140351177
10470,b240b8943c8745f9885ecfdde7c826d9b325197725e29f9228784e9f0b07dbbb,1,c1,c1,c1,c1,0.37278885,0.27297655,0.35423458,0.49282788451096615,0.2484536415710736,0.2587184739179604,0.4150607174691935,0.27504680779790347,0.30989247473290304
10474,4965784f79aff109c70d579d8fa0bb8bd7db1aac49b6816bc5e98b861dde9287,1,c234,c1,c234,c234,0.5068957,0.35123703,0.14186724,0.2464487305570559,0.5502452244983977,0.20330604494454618,0.28732106203995567,0.47808519318624415,0.23459374477380016
10478,7dc4a0142d81b18d32b0da4e53fe71de29e7523c0394d6624a7a80bc981a261a,1,c234,c1,c1,c1,0.47887716,0.20683321,0.31428963,0.5055401397732701,0.25464596106550447,0.23981389916122547,0.37184450846598455,0.2757657934532903,0.35238969808072523
10505,c1cf8a83579a247db8eeef940d5b449ba898833a56719039485e62a72dfff638,1,c5,c234,c5,c234,0.24078451,0.4914627,0.26775274,0.2684034359510775,0.30342787596645415,0.42816868808246833,0.2916961219373238,0.3705510626962849,0.3377528153663913
10520,ccd704493f09ef350028cec728a8b3f2fa762ed5d49866c7e9b5d6fec83fb4b7,1,c234,c234,c234,c1,0.38925603,0.41149718,0.19924672,0.42672335246894283,0.43657846656027466,0.13669818097078243,0.41609418024542005,0.37733064356546636,0.20657517618911353
10521,d8497d6b7d5a955e14704e83759c0937c7c01ae39aff51791c3ee98ac632042e,1,c1,c1,c234,c1,0.46464851,0.26162413,0.27372736,0.3205934197126484,0.3635583365959551,0.3158482436913964,0.3599289094811732,0.3051637388191251,0.33490735169970176
10527,fb3b1d0abba2f7d2f690ec75c88eea2c0338af45290d520439efe15bb737cdf3,1,c5,c234,c234,c234,0.3257046,0.35865378,0.31564164,0.33574164427901304,0.35539552654314505,0.3088628291778419,0.3219875857196123,0.379858732575717,0.2981536817046707
10528,48d936663f10e73ebca09062251225e95845aa2d213404c5af5a01ff5df810c6,1,c5,c5,c234,c234,0.21529604,0.28562108,0.4990829,0.22657051387651506,0.4881367078725139,0.2852927782509711,0.2794334719575608,0.4246989705528258,0.2958675574896134
10530,ef5a497d24085a5a3044203662c38648b7111c80774c70793436666af9639cd0,1,c234,c5,c1,c5,0.27353674,0.3573678,0.3690954,0.4106406307164657,0.2779590310372648,0.3114003382462694,0.32766686280247503,0.2790953437444174,0.39323779345310755
10536,bb4110fb3094c74bd35bb28b7da9cabeb3d51a4c3adda77e031745012fe6a8f1,1,c1,c234,c234,c234,0.31582198,0.43654153,0.24763657,0.18171308220734753,0.4761065690403274,0.3421803487523251,0.24034190075387343,0.40546627922428885,0.35419182002183763
10538,802fa6098661e9da37c6900a6ce5ded3e3248a9b3d66dd41d636b8e1a94486dd,1,c5,c5,c234,c234,0.24422699,0.37007913,0.3856939,0.1764279097063762,0.558789920650913,0.26478216964271084,0.258205073565677,0.47453126918180677,0.2672636572525162
10543,251c9962c9d12c07a24f8f4f40e133ed75b17c35006d0e9ea32fbb26e72d95ae,1,c234,c1,c1,c1,0.46278277,0.3425213,0.19469585,0.5426886265097255,0.3085103542405542,0.14880101924972025,0.4629459948252835,0.32310700913538476,0.21394699603933173
10544,5372be4785202cf1487d604749243ff4bebac21b6cc5fc03c66b434df45f6202,1,c1,c5,c5,c5,0.16311888,0.4024172,0.4344639,0.23599694064262414,0.20279212331596178,0.5612109360414141,0.28261685205987064,0.248152839787738,0.4692303081523913
10548,343bbdbf2a3c6d179bbbd9753d2362c6eb5ef38a39ed7bdbdb5fa93e812789c8,1,c5,c5,c234,c5,0.1880366,0.2946737,0.51728964,0.1260680296873968,0.44392933024853376,0.43000264006406946,0.22610953207005052,0.32861039273939,0.44528007519055934
10564,22540ff03ba3f3328a04d2802300a837a2555913fd35bd9c322837061b60a6a8,1,c234,c1,c234,c234,0.44354385,0.27927327,0.27718288,0.4240282956499007,0.4682382688732398,0.10773343547685954,0.36233431796917653,0.43045597748952796,0.2072097045412955
10583,d564c7b0ea6220923d9836b664b9ce4e80aeec800bd2006bc7676454dab80105,1,c5,c1,c5,c5,0.39814523,0.25632003,0.34553468,0.09641970982396043,0.23579499944573235,0.6677852907303072,0.19613841819226363,0.26184637538987215,0.5420152064178642
10586,df973267338dbb93e6b193098027d4867e02d70867321d1fe89403fe78f87c2a,1,c1,c234,c5,c5,0.3452932,0.39354992,0.2611569,0.2410565119688012,0.1873057913009689,0.5716376967302299,0.2659816270588569,0.29647885943860314,0.43753951350253995
10593,721076731fe73212927d79087cc2774917b531ee9c17b2b6c2ad305f080726d0,1,c5,c1,c5,c5,0.35817203,0.35198516,0.28984284,0.2545584480866698,0.18716426342987152,0.5582772884834587,0.31192968177710767,0.2522113789703439,0.4358589392525485
10594,8223b3dd7fba0c5f5d19040a09f5e620547cda48eadf6089c34f0915dc1218a9,1,c234,c5,c234,c234,0.18175781,0.3428861,0.4753561,0.2612728745635145,0.4631834452679721,0.27554368016851344,0.2649818580792536,0.4376521461120015,0.29736599580874495
10601,d99df7fc02bd0b2e64ddad12f10589a1388f6d915cd5c65c791c2c4da5fe9c48,1,c5,c5,c5,c5,0.20216766,0.2900351,0.50779724,0.21197462710160198,0.3056052269370568,0.48242014596134136,0.2503557649082021,0.26326114847177917,0.48638308662001883
10609,f8bfe59744d98a51b7f35852688426c4033e5a820eb86b59c05d3df9c1c52095,1,c5,c5,c5,c5,0.079318196,0.24765642,0.6730253,0.22536978230255858,0.2986088458194788,0.4760213718779627,0.2483420977686476,0.33021496846346154,0.4214429337678909
10626,21512214f9a39b6f8b22beaffb7bd558b51c7f32982b09ae283d685452c63d01,1,c1,c234,c1,c1,0.19981393,0.40882444,0.3913617,0.37249037789784556,0.32975513930118805,0.29775448280096634,0.38073313507852463,0.3158356484521416,0.30343121646933363
10630,b9a98d815f2f1c61b38a814f91d3e9e11e633ec88195995ff7300c4f7740391c,1,c234,c234,c5,c5,0.3560548,0.3613067,0.28263846,0.35930013008998896,0.2683430563015282,0.37235681360848294,0.3399913161756104,0.29542579406613667,0.36458288975825304
10632,123226b7ed6eec29ec44a66d482a2a48cb7cd5357bb5482fcca8dbd4e8d3ddb0,1,c1,c1,c5,c5,0.3852518,0.34414685,0.27060136,0.21544548454574183,0.1679724190982985,0.6165820963559596,0.2588638823904063,0.219197573846591,0.5219385437630027
10651,01239630e80879dface228a60ef5775b45e94b448dcfb8a8493a5c331266bec1,1,c1,c1,c1,c5,0.51605123,0.2729558,0.2109929,0.5259205259610906,0.19827249295249927,0.27580698108641005,0.35021491586283454,0.24964439201159505,0.4001406921255705
10664,754830eb37a4825174cd3583f6078cd9c6a9b9db3622826d3581a77e59a92f72,1,c5,c1,c5,c5,0.3828776,0.3421518,0.27497065,0.2323204855050905,0.24799829252908231,0.5196812219658271,0.2556166533037827,0.27398127165697744,0.47040207503923986
10670,1b4b35c4a7f441e83258058e511cc22a6c9492306db4336d945985ea73ed6b20,1,c1,c1,c1,c1,0.64783275,0.19392347,0.15824375,0.43770825714254985,0.2715886628706392,0.29070307998681105,0.37075770996346114,0.33538186657057445,0.2938604234659644
10703,c0f74ab637385d31263b346a6d59f5de60c85c7b741f5d3072f5da9620040dee,1,c1,c5,c5,c5,0.19162083,0.2646803,0.5436989,0.14801832745577045,0.36680364974328833,0.4851780228009411,0.23143548604745534,0.3330074840181347,0.43555702993441
10707,d75fdd172a2abc4faebcacc632aa90ad3b02b3e53f1c492812b7356310ba818f,1,c1,c5,c234,c234,0.26259124,0.3649651,0.37244362,0.20360542599471917,0.6143623521445387,0.18203222186074206,0.2799049504446966,0.3905606099983726,0.3295344395569308
10714,2f70b0d7313bb647a6812a10bfe3797df732bd1fc814f66818befb8d7e177731,1,c1,c1,c1,c1,0.37537095,0.32224548,0.30238354,0.4674506525073845,0.09505953259567912,0.4374898148969364,0.42981862823741857,0.18561596230979777,0.38456540945278356
10715,6a0d1803e3036d5f1087540ff5c6052b780d9294079e1a179ab7f0e246825fd6,1,c5,c5,c5,c5,0.09782458,0.3093021,0.5928734,0.1359757196786161,0.40163110672795566,0.4623931735934283,0.2010398121013295,0.38492495141103233,0.4140352364876381
10738,07b685c8e5338a17de394a3bfbc7eb5d13ae68618fa19ba1882a7c46e694571d,1,c5,c5,c5,c5,0.17843364,0.34296438,0.47860196,0.32349297978185027,0.2361788991071291,0.4403281211110207,0.25652270144141776,0.2894836447857027,0.4539936537728794
10747,edcc942488501cfe1083a1eb9f8c14eb6c4c9e6f926c3a7c6c7827c3b5faa857,1,c234,c1,c5,c5,0.3830801,0.270111,0.34680897,0.15119210420625975,0.28635404807466164,0.5624538477190785,0.2255168481409591,0.25582393623683725,0.5186592156222036
10752,03db6acf048f47ed0f7c751e0e48fd13cc9aab047f6c97f23e04cbae5546d06b,1,c1,c1,c234,c234,0.48906994,0.3735209,0.1374091,0.4084769976159256,0.5198746440657654,0.07164835831830894,0.3626892196623562,0.4761857224217685,0.16112505791587534
10764,95a025dc497cb9cd32460e99c79ce0ce440689fc9ee518f59d6dfa154802877d,1,c1,c1,c1,c1,0.61181015,0.23944494,0.14874494,0.7250796430280404,0.21046349979783258,0.06445685717412698,0.6307102159808812,0.2307202921127773,0.1385694919063415
10773,a461cf6c656785d07799cf21239e9f080c794de960f3219f2f293f1948a0df66,1,c234,c5,c234,c5,0.2211462,0.35949516,0.4193586,0.2697264832023983,0.37153264097819927,0.3587408758194024,0.26222751623310336,0.32770930615066934,0.41006317761622724
10776,04cbe6af3a3cb6e7164e1b04c0a088b437f62806bde4e8aec3af2f22b0c7cd9b,1,c234,c1,c5,c5,0.38607764,0.23975536,0.374167,0.3165006473936352,0.19714693515541334,0.4863524174509516,0.3152358472513662,0.2456375600643437,0.43912659268429005
10778,ce4b17767ae48366b442d89addfd4601b09e3ca5228c0f73747b79d7eb879dcb,1,c234,c234,c5,c234,0.33889863,0.38940105,0.27170032,0.22404655605293639,0.2804910818339187,0.495462362113145,0.29925950244092797,0.3679467231866518,0.33279377437242025
10785,8790b9cf32466f268cf83a3f7a1ec4e463603773a9e804a6528c1d7d19700db7,1,c5,c234,c5,c5,0.31098902,0.3795839,0.30942708,0.1392729889694528,0.16811641365569155,0.6926105973748555,0.2164334726901309,0.24106174242944595,0.5425047848804231
10791,923242369ac923dad249fd37c70b674c45183fe600188a62a20a6faebf40fa1f,1,c1,c1,c234,c1,0.59215844,0.30295146,0.10489007,0.3175658588111705,0.3639371388564023,0.3184970023324273,0.372678052883641,0.3313704150234664,0.29595153209289254
10795,43d23406d905bbf059e8351f6269141c6522d2169c292156a1db984044a7eaad,1,c234,c1,c234,c234,0.61886644,0.26114687,0.11998673,0.3678202480694702,0.45502704962272694,0.17715270230780292,0.35020661839998524,0.42153733429854057,0.22825604730147422
10813,edcc942488501cfe1083a1eb9f8c14eb6c4c9e6f926c3a7c6c7827c3b5faa857,1,c234,c1,c5,c5,0.3830801,0.270111,0.34680897,0.15119210420625975,0.28635404807466164,0.5624538477190785,0.2255168481409591,0.25582393623683725,0.5186592156222036
10823,698dd06779cb590f3c85055dea4ca19ae2820ded92e568f2150fa0ea79bbeaef,1,c5,c234,c234,c234,0.34663692,0.38045838,0.27290478,0.19201337800105428,0.4883822422194409,0.31960437977950484,0.24061546457030833,0.39025142200671875,0.3691331134229729
10828,3f7423f7097bb234736fb9bdc63bff5287fc83fecb1abb594a61f18a58018f2c,1,c1,c1,c234,c234,0.5152168,0.33845863,0.14632456,0.31509315240530394,0.4362406893069916,0.2486661582877044,0.3549613998342128,0.4192231736194134,0.22581542654637374
10831,adf05fa75e2e2bfc16feb30003ec18e75e68723e590266a72ed31101407e5c05,1,c5,c1,c5,c5,0.46859282,0.23396161,0.29744565,0.33472030223104854,0.3038508222196174,0.361428875549334,0.30680759423792503,0.255624715053791,0.4375676907082839
10834,aef2ef266d7f800ed9ae30078275ba57d1a16d70ddc2a0da3f1ead1d0c815f39,1,c234,c234,c234,c234,0.18247674,0.46735588,0.3501673,0.2607356541487459,0.5156163621823883,0.22364798366886585,0.24161578863368294,0.4094429404684843,0.3489412708978329
10840,95405b4fe44462b7cc5a6c7b69d4c4067f2c90733a5ea05e4698806118360086,1,c234,c5,c5,c5,0.2504175,0.25601286,0.49356964,0.07804432243522652,0.15668196485854624,0.7652737127062272,0.16988483434309495,0.23557069997365307,0.594544465683252
10857,cb003a62695b9c47e84774e68b7bb517b5265053af89529130a81caa3cccd106,1,c234,c1,c234,c234,0.481584,0.3199465,0.1984695,0.2888864847876211,0.5954990408544468,0.11561447435793205,0.2666239937379483,0.5006384467413524,0.23273755952069936
10859,7ceb27ea0ad50882b688efb4b4343c5dea70047d37f465196987885476399701,1,c234,c1,c1,c1,0.41025668,0.2896894,0.30005392,0.4833578183666705,0.3666239153783996,0.1500182662549298,0.43716346850565563,0.33526202608221173,0.2275745054121327
10865,26c90153ac0d7b1e6f767d2e9761e053cacfcfb14be3ff88fc253b684851a396,1,c1,c234,c5,c5,0.308307,0.3622164,0.32947665,0.3647716173341787,0.21213359522419167,0.42309478744162965,0.32125946269965405,0.22939609548151219,0.4493444418188337
10866,d0cc8820a38b14893ec93019a483713e2f28accf959fe12a124ae542d844c843,1,c234,c234,c234,c234,0.35182312,0.391995,0.25618184,0.34081498176120817,0.37408383748120594,0.2851011807575858,0.3480076171842277,0.3497274781146014,0.30226490470117096
10875,a7edc293483ff767771e9da93a5e7bec686ebe07b39dff329b406e6896b501b6,1,c5,c234,c1,c1,0.30016926,0.40037814,0.29945266,0.39985561115636953,0.30968523190809555,0.290459156935535,0.3781878832108136,0.31438254950890115,0.3074295672802852
10885,36ad2451e66c99578421ab449c6fd0e4c0d40771b86cee2fc34b4b915e50e0f7,1,c1,c234,c234,c234,0.3488411,0.4350654,0.21609351,0.27296999196760535,0.5285802038379592,0.19844980419443553,0.31301232762644426,0.4067757952570884,0.2802118771164672
10896,1a5a00028100d54b3a3c9ca730d01d4f31bc1c4f300841f1a603f409560d62bc,1,c1,c1,c234,c234,0.53945684,0.35881153,0.1017317,0.2575116989413724,0.5563205917194882,0.18616770933913931,0.27949773131502437,0.47364159022095775,0.24686067846401785
10902,ef9d03f4f8d809117a6ebb9de14fd5d68e778034a4c3ba4149333af17da9750e,1,c234,c1,c234,c234,0.39383742,0.37190118,0.23426135,0.2878338500756637,0.5418168197239766,0.17034933020035967,0.3170614020352608,0.45898577823303127,0.22395281973170805
10906,cb17759afaafc5ae6df6d2c82a3b4fc4b008c55f2d17d6d06f8544e4166df69d,1,c234,c5,c5,c5,0.20779666,0.2716783,0.52052504,0.30666916408369077,0.15803616629607062,0.5352946696202386,0.29176522915347347,0.22299560455246298,0.4852391662940636
10918,edcc942488501cfe1083a1eb9f8c14eb6c4c9e6f926c3a7c6c7827c3b5faa857,1,c234,c1,c5,c5,0.3830801,0.270111,0.34680897,0.15119210420625975,0.28635404807466164,0.5624538477190785,0.2255168481409591,0.25582393623683725,0.5186592156222036
10929,e857c04cf29621a433c7a4c213531267a4f83c7e8c137928cee58ad26fb9a3a4,1,c234,c5,c234,c5,0.29194218,0.27846,0.42959782,0.32756718141406715,0.34794568900433503,0.32448712958159787,0.3080930371232128,0.3233432251037628,0.36856373777302437
10938,b31daf0ff1bb7275c8f5f0301d91c1ed3df7146a196df19ff0ea642d80bd1c27,1,c234,c5,c234,c5,0.050032835,0.23576277,0.71420443,0.14198540686511812,0.48700480255570106,0.37100979057918076,0.2071790154492636,0.38579756571060436,0.4070234188401321
10943,d0700e4213ff453ef1c95092b63e77acfc13dc78f1c2066ecaa71fe83b231e4e,1,c5,c234,c5,c5,0.31984574,0.40654087,0.27361333,0.39277579453131534,0.19842117588801267,0.4088030295806721,0.31800818416970594,0.2726954725567434,0.4092963432735506
10958,de4556f3ffd0614d2526c3ee1617ceb0d5323355aa66ef8343a5e88e98bdd058,1,c234,c5,c234,c5,0.2563458,0.29620892,0.44744527,0.25588471478436314,0.3918330821417137,0.3522822030739232,0.28490136542806677,0.35058640045634415,0.3645122341155892
10960,19777bd0fb736946f54f29b38ecea626418beed46dbb1e432604c24d64706d41,1,c234,c234,c234,c234,0.34498394,0.41946727,0.23554882,0.12322895114579059,0.5256630142770017,0.35110803457720763,0.2234211436325804,0.4127592157696787,0.3638196405977409
10978,d6a582bf60fd62800b182fb08829f30d71eaea54256021e872690fef05b9684b,1,c1,c5,c5,c5,0.14891708,0.35628632,0.4947965,0.15691911909100836,0.2523367622295619,0.5907441186794298,0.19578137853847158,0.31508631378428203,0.48913230767724636
10989,ea48e7100a18375eec775e4bc272dd82b37c8234b32568c8581802e9e84645b7,1,c5,c5,c1,c5,0.16850884,0.29063842,0.54085267,0.3630151177670516,0.3025436473509878,0.33444123488196054,0.31107768358990306,0.3219938731989295,0.3669284432111673
10990,edcc942488501cfe1083a1eb9f8c14eb6c4c9e6f926c3a7c6c7827c3b5faa857,1,c5,c1,c5,c5,0.3830801,0.270111,0.34680897,0.15119210420625975,0.28635404807466164,0.5624538477190785,0.2255168481409591,0.25582393623683725,0.5186592156222036
11001,11808da678afd3f018c57aae76bb35c03d2a8596611f51aaa578eb8feeb2d4fb,1,c5,c5,c5,c5,0.067552015,0.28766042,0.6447875,0.17697172197987193,0.36947203293318875,0.4535562450869392,0.1665484416045946,0.33163538226511535,0.5018161761302901
11002,994ecbcb94983d7a383e0ddaa12aaddbd1935a23ba8c4882674bae2b15cd0f2f,1,c1,c1,c5,c5,0.4120074,0.2914507,0.2965419,0.24805324048697025,0.33952465000492066,0.4124221095081092,0.2729943773712251,0.34847473375344357,0.3785308888753313
11011,c52448613955c55f052a0015649b9246dc229ae6409b649175d4c6f68103e0a6,1,c5,c1,c1,c1,0.54348105,0.26613435,0.19038461,0.5001081179328944,0.3114557593124346,0.188436122754671,0.3824537298111961,0.30255331580618816,0.3149929543826158
11022,223e494df700b39cbf04c78337dbc14ac7a2fc2a8a017d2b35355d5955e01860,1,c5,c5,c5,c5,0.2281253,0.32282713,0.44904757,0.2051873364047108,0.23009286626699166,0.5647197973282975,0.26574130544630703,0.2447243037687429,0.4895343907849501
11026,b8308493b623f22502abee13087912ce0c0742856859eff2962e58e07a121b25,1,c1,c234,c5,c1,0.33438584,0.35685623,0.3087579,0.363092164643402,0.19780756166529087,0.43910027369130716,0.3895414550394107,0.25390176924755914,0.35655677571303007
11035,cd23d0ca370f34c77f254ec632ddf53327a2c37c4f2b47e4049230ecafa19e0b,1,c1,c234,c234,c234,0.27237555,0.44284245,0.284782,0.29415876788507,0.42942828774769815,0.27641294436723196,0.29513160028710955,0.41063310332188596,0.29423529639100454
11039,6dbcaaff961093779b22c9776ca359d58dea42cd878ace46ad17ca399e3f09b5,1,c5,c1,c1,c1,0.50454175,0.33595458,0.15950367,0.4733546671428523,0.3151463707449384,0.21149896211220942,0.3857271385789666,0.3561624280697365,0.25811043335129685
11054,326b373f732ee9506cb33fc9bd49850f309d4390800dbbe4774477394e6cf6f8,1,c5,c234,c234,c234,0.2919352,0.39653108,0.3115337,0.3448748114170081,0.39733155829386574,0.2577936302891261,0.32694856752278195,0.37428442532788925,0.29876700714932886
11067,d9e191cd9249a8534b478bde26b58a19557eb35d1aff0fae4802c68f66a54f12,1,c5,c1,c234,c234,0.54750794,0.30122215,0.1512699,0.23142368481289008,0.5654068396718629,0.20316947551524708,0.33812838787163757,0.40070134160508,0.2611702705232825
11073,79bc29b7da0ebb127681051ea1e3a932ad4c8a6cbdf20b51cd77e14b55fa72cf,1,c5,c5,c5,c5,0.26209775,0.27734417,0.4605581,0.1914491452991715,0.32540785733742295,0.48314299736340566,0.18650894726767425,0.3149808230645341,0.49851022966779174
11087,597d00a6a45f6b22ccae85972a6a3971cbdb06143b96694e47d74f1f41541438,1,c1,c234,c5,c5,0.30127594,0.38344067,0.31528342,0.28551789491232993,0.2339275752320534,0.48055452985561664,0.33363865564842043,0.24808330138094783,0.41827804297063176
11096,2e9b96b15648b1e3e334da48770d1c996802ec7ae2588be300d8528510216eda,1,c1,c1,c1,c1,0.689794,0.22967625,0.08052986,0.6461395017795997,0.2945226386019098,0.05933785961849045,0.5844858077858224,0.30350363364814,0.11201055856603767
11111,cac19b4af9d54b494905b1e8e218eebf7d54ca6101196b769420f96f5e15d272,1,c1,c234,c234,c234,0.24118297,0.41241387,0.3464031,0.23717537456624704,0.4501061462862938,0.31271847914745915,0.2541478353929537,0.42236441532034774,0.3234877492866985
11114,1e73c80c36116fce1545a5522f319bf1fc1157f1fd19cb422636bd5bd3ef7956,1,c234,c5,c1,c1,0.2282018,0.3309411,0.44085705,0.43477669457227797,0.3074828381196098,0.25774046730811206,0.3835913152654529,0.30596167607732844,0.3104470086572186
11121,265866b76351ccc5b87f2d3e0d3d653692be6ed5e0d91ebc2a211c80733550b3,1,c1,c1,c5,c5,0.41596985,0.27762675,0.3064033,0.2793355819151904,0.33817824288830556,0.382486175196504,0.21180810449799573,0.31562373789864817,0.47256815760335613
11125,fedf9c6fddd7b456ef43af9f99425b7e1d571abe7ae1d09e4b95b3da820389a3,1,c1,c234,c5,c5,0.29642177,0.4180205,0.28555772,0.19921882714335395,0.23151569791040144,0.5692654749462446,0.28546937546846957,0.27305843294758025,0.4414721915839501
11127,539cf6bf5d9383dcccb9e6b53fe444645fd9b74351230676f154e879a062e5ea,1,c234,c1,c5,c5,0.40527332,0.28524643,0.30948034,0.23982505871876025,0.21255684479169862,0.5476180964895412,0.2796512185541963,0.2527210840166217,0.4676276974291819
11128,0dd4a271718cc6c8fdd2e74351baf1edab741e09f05be69dd792460684c6e1d0,1,c234,c234,c234,c234,0.21371838,0.4537614,0.33252025,0.22812245637644435,0.45709661232145443,0.3147809313021011,0.27455820440044343,0.3990056078943327,0.32643618770522387
11135,3422b44ebf018ee24503d07f24a4f98bd093b2ca3ed7a42e7a7a17a45a46ba2d,1,c5,c1,c5,c5,0.46171984,0.27513704,0.2631432,0.3733424209473309,0.18605597459394896,0.4406016044587201,0.35974011725047367,0.2662014051365421,0.3740584776129842
11138,cf3c6dfe125f514aff08c9eefc36d9aa375cb8986bf84eb6d911d99913068e52,1,c1,c5,c5,c5,0.25754592,0.2728733,0.46958077,0.2732784299287049,0.3098903103392894,0.41683125973200574,0.27935476520977515,0.3059463747875966,0.41469886000262823
11150,f00a8f5c0ad160d155a35f5a2de6051a48e84b9ec8c9bf2b1501d3db9da3c4e1,1,c234,c5,c5,c5,0.14011157,0.26083937,0.5990491,0.10070344176265768,0.2353481472178901,0.6639484110194522,0.18964835250963907,0.25351270659042296,0.556838940899938
11157,246fa1a79461c8fc2e940f28a8634c05ac086603d3750f2d5074fcf37de7d45d,1,c1,c234,c234,c234,0.30363512,0.42597306,0.27039185,0.2040785698659952,0.4765531767365424,0.3193682533974624,0.19102741492106257,0.410167154098849,0.3988054309800883
11159,622e85765102c0a5746aafa68b314e9096df3e9cf5f330a0e013f7e84c19c860,1,c5,c5,c234,c5,0.2294489,0.3222787,0.44827232,0.17770578735119083,0.458842580380136,0.3634516322686732,0.2661027146739366,0.3570613875105363,0.3768358978155271
11160,b3fa24faa15ad1733a49c44e0514845b9ef67e186a5e47e5ca58a2deb80fc562,1,c5,c234,c234,c234,0.3810052,0.4338242,0.18517059,0.2218486834789674,0.6411166981711253,0.1370346183499073,0.2986961692868061,0.4785950255069845,0.2227088052062094
11161,7ab0546991d50412ebf5b7d5cc78612cee81132f93ec562bb4fd829bf0656d15,1,c1,c234,c234,c234,0.35975054,0.43626952,0.20397991,0.27301487086434756,0.3709824722115587,0.3560026569240938,0.33506665137543484,0.377300269413364,0.28763307921120124
11182,4f98ed34fad488c014b7e1f22cfc99572e8e414a309186c5fe8b9b09a09089fa,1,c234,c1,c234,c234,0.44743118,0.4199835,0.1325853,0.17513346578446456,0.5563842387158353,0.2684822954997002,0.31256513817176185,0.4311383901359593,0.256296471692279
11196,a9050138d3570c6270f34f20e7b12878ab66e9d7592aad1ec689ff1acae982d2,1,c1,c1,c5,c5,0.39873812,0.38428834,0.21697356,0.33292336734214806,0.2763953751637067,0.3906812574941452,0.32520031213094713,0.31994182255224546,0.3548578653168074
11198,8aa09c26a60e8b64ac2ea8bc44411d55f09c2ef2f6488107e65cfd965239a479,1,c234,c1,c234,c1,0.60098094,0.30483046,0.09418864,0.4021689565033136,0.4339188646238519,0.1639121788728346,0.43794206757441334,0.3843119598568204,0.17774597256876626
11220,0770b59bf0e470ddf9f5b7d1c257648818402406b3215b44f6504514b7bb518b,1,c5,c5,c5,c5,0.29945225,0.33484486,0.36570287,0.2585997107795447,0.30231098860087374,0.4390893006195816,0.25596717992596935,0.2744024617266883,0.46963035834734235
11223,569c79b2779ed58bda4e01b61bd79f11933d38d3851b9a79127f0223774ee826,1,c234,c5,c5,c5,0.20498322,0.27141643,0.52360034,0.14225455062573594,0.3500501826582013,0.5076952667160628,0.23164657367434435,0.3034890947243977,0.46486433160125795
11239,297ca0b4d7d2ceb80e003945550bb94ae98932b034305fa364193917a6f4b43c,1,c5,c5,c234,c5,0.22644569,0.3192822,0.45427218,0.1802028362906186,0.4565304929669719,0.3632666707424095,0.243622599536503,0.303847601629454,0.452529798834043
11241,0d7acc06e218b9f2a4c2691b7b504efc95bbdc28301fe12742956b1c65f41f73,1,c5,c5,c234,c234,0.16210853,0.3811741,0.45671746,0.10904660314133531,0.5337021874921039,0.35725120936656085,0.18544145262571904,0.4744534619799912,0.34010508539428974
11246,d1a022f6e51ab74d0c5b9bbd434695bb5c7739ff590654b0e679d467353ad686,1,c234,c1,c234,c234,0.5374711,0.28729704,0.17523177,0.29533208211083617,0.44386750690270593,0.260800410986458,0.34812691876680213,0.36163812898405534,0.2902349522491426
11267,ce1b39d8a079a40bcaf03b0ca0ae3a00d42b6d72d1629ae4f8192019f1cda823,1,c1,c1,c1,c5,0.4730136,0.30712196,0.2198644,0.3886829615955698,0.24460437987391653,0.36671265853051377,0.3428107245573029,0.313403015697534,0.34378625974516314
11268,d574172fd9abe732dc5c50777207fbc67f47fe802c5b5b26d53e70188df8a762,1,c1,c234,c5,c5,0.34949264,0.42332092,0.22718638,0.3067971053456907,0.3016773278481667,0.3915255668061425,0.3022591225494371,0.3083216488671714,0.38941922858339156
11272,00db7e5b9aade23e09be57e12e6d783410483c834da7b5fc8d93752ae78486d9,1,c234,c234,c234,c5,0.31802464,0.44287172,0.23910365,0.2884154858939378,0.39888682449615676,0.3126976896099054,0.2998343726168268,0.34634898860997093,0.3538166387732023
11275,451c04323ae2bdd5d63093442299eed9b45b805152a8ce9f33d5e1dcc4534b2c,1,c234,c5,c234,c234,0.2720342,0.34524477,0.38272098,0.23326081162105466,0.5092014229062459,0.25753776547269946,0.3141897987565467,0.3950204369153759,0.29078976432807746
11278,482e42f657a7afeed082ebd667a6497a74efb86781e27e3324a5e06671504e20,1,c234,c5,c5,c5,0.12631762,0.3250417,0.54864067,0.1110502100973353,0.3723640975247931,0.5165856923778716,0.14687044426588067,0.33606750059816676,0.5170620551359526
11321,c52448613955c55f052a0015649b9246dc229ae6409b649175d4c6f68103e0a6,1,c234,c1,c1,c1,0.54348105,0.26613435,0.19038461,0.5001081179328944,0.3114557593124346,0.188436122754671,0.3824537298111961,0.30255331580618816,0.3149929543826158
11331,03960c7e8baf5d0277b4d16a9d7952fb356d34cf3d3880653e1f7a16401caccb,1,c5,c1,c5,c5,0.37034377,0.3544058,0.2752505,0.2677445403307237,0.29534353819064046,0.43691192147863583,0.3514855192494286,0.2599557877366119,0.38855869301395946
11339,df34ed7ca4f57064ec7be7e2eb917b25435283850c96329c92296593efb32ce9,1,c5,c234,c1,c1,0.3092142,0.37067074,0.320115,0.42448966407775834,0.37815346868066385,0.19735686724157792,0.36710456149401566,0.3617604928904381,0.2711349456155462
11353,96a85b96a996b86a67e6d9d598da9b67a8dd1ee1710cac5ae8f824db244ecef9,1,c234,c5,c5,c5,0.17359266,0.33849436,0.48791298,0.1869951928577426,0.31608220911495255,0.4969225980273047,0.20900903841062363,0.3205884024684409,0.4704025591209355
11355,76173ef2d18207a077b78c2b90ffda281975e2c43a0b7effd11eae891a23601b,1,c1,c1,c1,c1,0.48548585,0.34794658,0.16656752,0.5127903257529245,0.2777819653170031,0.20942770893007234,0.3932242176861937,0.3208483845170648,0.2859273977967414
11376,bfccdf6abd739d3559b497fe0fdf4c368f2769cc4914de31b87ba609e9041ad8,1,c1,c1,c1,c5,0.41418728,0.28187627,0.30393648,0.5014422415806878,0.08166265912587374,0.41689509929343843,0.3730434104432287,0.21832619690684382,0.4086303926499275
11385,c9962afae688ca1f221012559363628ac5b512b5714f7ed80aa34f878dfce385,1,c234,c234,c5,c5,0.21869521,0.4047595,0.3765454,0.20635906949032518,0.3587009660233279,0.434939964486347,0.26187626990183605,0.32490807785390063,0.4132156522442633
11391,8011b0e444e1f9d6cf33b7644483d9562d9347bbc56a4c149fdf4eae7b0a44bc,1,c234,c234,c234,c234,0.2995209,0.3905178,0.30996132,0.18312348460176062,0.5534646244809378,0.2634118909173016,0.24407288926857268,0.4923579801030134,0.26356913062841386
11405,449082aea084a437f7cc15c79aa8f3b4d061818f55f155eb1b341b668a9017f0,1,c1,c234,c1,c1,0.33548373,0.3820032,0.28251308,0.4233919758911275,0.39038339866890776,0.18622462543996476,0.37748861036563663,0.3529655507136191,0.26954583892074424
11409,30c21588f1cf964e941a34b00e3ee9bc7af4c4a7ea26df1b16bcb2012fbd4cd4,1,c5,c5,c5,c5,0.21562761,0.2840563,0.5003161,0.18771559579026253,0.3603059873160565,0.451978416893681,0.22820927609522926,0.3110361426639425,0.4607545812408282
11415,ccee22519340a9b3aa842925c36ee8af7d0cb45aca1046207090b06645b2e67e,1,c1,c5,c1,c234,0.30956736,0.33944562,0.35098702,0.4262948057704721,0.3288748116735688,0.24483038255595915,0.3353135019018272,0.3457468872686595,0.3189396108295134
11425,ab819f74e8f41fedaf0d46db304fa8342385234a8a564087dad96e75bba39d49,1,c5,c1,c5,c5,0.59193575,0.2760186,0.13204566,0.28862458913565436,0.2683304787201324,0.4430449321442132,0.288746307866573,0.338111020397607,0.3731426717358201
11431,b97c430cecc0a686b4723dcdf11fa51b9e3146173985817895b2e129339f89a8,1,c234,c1,c1,c5,0.4214381,0.3263324,0.25222948,0.4309109747433346,0.23140639884236924,0.337682626414296,0.35016960306371936,0.2866032273681635,0.3632271695681172
11433,b7ee4bc5c57766c2166e1171e4e967c6ad7672e5e577ef011b0c83ea0dd68c08,1,c5,c5,c5,c5,0.19378266,0.30584216,0.5003752,0.40715711967337925,0.10951168352980115,0.4833311967968197,0.3139649605136376,0.18901467572204353,0.4970203637643189
11438,02ea9fafb8322b78697ac91f0d171b1d83c0ca2e5f52109abc087a94be9151ac,1,c234,c5,c5,c5,0.13994499,0.2988036,0.5612514,0.10017347323513513,0.30938731729154606,0.5904392094733188,0.19676084585615258,0.37116605738867814,0.4320730967551693
11441,7b85bbdf5110fa02bbff9b5e476c9b4e5ebd9776359ebd029724b64f34c30669,1,c5,c234,c234,c234,0.33163604,0.37324598,0.29511797,0.24810312899612197,0.5048107158416949,0.24708615516218319,0.30154789184658903,0.3922362120617044,0.3062158960917065
11448,4de82d033cf336912e5308b54078e0409171f9cae0bd8fa39b2932eed652db18,1,c1,c234,c1,c234,0.25337067,0.4131413,0.33348808,0.3705999073364686,0.298562380173621,0.33083771248991034,0.31463497052559336,0.35657471749939496,0.3287903119750117
11456,c40e3860192b9d6695ac6899ccb79a8c07ef6bc638a8af09eee2872c01ef5c23,1,c1,c1,c1,c1,0.42744243,0.27591884,0.29663873,0.42998198547437866,0.23005722280856133,0.33996079171706006,0.3927637292785001,0.21716814116357896,0.3900681295579209
11457,9902aa5d91d39d17a9d20485e8d1278fc189383219a1e527d450575db8bae790,1,c234,c5,c5,c5,0.27719542,0.34455225,0.37825233,0.11623453155458036,0.27201338356177457,0.6117520848836451,0.1776943131642666,0.3072472022719893,0.5150584845637441
11460,963e707db2e6ac05f849c58957d65c520f347c5a7a094bc4632f34c69d3c0f7b,1,c234,c5,c5,c5,0.20223735,0.35241714,0.4453455,0.22593158484632092,0.34659267013535344,0.42747574501832564,0.25062922602570215,0.3199417796572335,0.42942899431706444
11464,ec69009b63f92e99a6951c6173c1f5be0965a9d027ee53b9d72f1f8c33da7d25,1,c5,c5,c5,c5,0.28013974,0.31398258,0.4058777,0.257527483865235,0.18851612168754484,0.5539563944472201,0.2538740423631788,0.2733106189038304,0.47281533873299075
11469,ad495bba1a4c9e70803cdb0ba9dedd1bab9a67022447653af37a15330d364507,1,c234,c234,c234,c234,0.24895152,0.41505632,0.33599213,0.12312515411800347,0.6057195012933609,0.27115534458863566,0.18227265544677507,0.5257762104934942,0.2919511340597306
11472,bdb10abcb3e953bc1e69a5ede3838498c70da69a7a93f1d989bdc54c2b1aada8,1,c5,c5,c234,c234,0.2272949,0.33949143,0.4332137,0.08899688559879379,0.6086478762414808,0.30235523815972554,0.14734770658657415,0.45053667989923946,0.4021156135141865
11474,c81bd2b53fbe3ac9020d725e9cd735a879ad0c53b557bf43fe8d606c76ca282f,1,c234,c1,c1,c1,0.4930182,0.25723666,0.24974515,0.49703290071014417,0.30842543705887887,0.1945416622309769,0.4416949279418412,0.31969405058906,0.23861102146909877
11486,a3ba2da8d3db9648dd6cd10bc1f3bcf8ad6765e3bb3cc094727d916e8937098e,1,c5,c1,c1,c1,0.4118378,0.33746436,0.25069782,0.5688232924722832,0.17805669031390292,0.2531200172138137,0.4383512241595064,0.23777463897739312,0.32387413686310057
11495,e8773fdd7a89804136f0758ca8be18b29bcf78ee917c653eceb45b725af09aae,1,c234,c1,c5,c5,0.521884,0.26131368,0.21680233,0.12690248236663942,0.32844358919335964,0.5446539284400009,0.24401853270644944,0.2655920584823916,0.49038940881115883
11496,9c414de845cd6de09c42de6490505b73219537fe323a59d14d60bd7b5192fb09,1,c1,c1,c234,c1,0.5513624,0.32309246,0.12554513,0.4517113906097524,0.4709913024331362,0.07729730695711147,0.44525196903474545,0.4143320730583547,0.14041595790689987
11505,f205a3667b2d7052634ec3dec0ef15247b8ddc9afa3a61a7c115fe1e7e562b8a,1,c5,c5,c5,c5,0.19110194,0.36874688,0.44015118,0.11460359172512768,0.3425900475848982,0.5428063606899741,0.17497269487307418,0.29495301269157215,0.5300742924353536
11509,0cfdf7da18fa12db3638555fa8bed1f9c88a8ca5b7d06780a9b00837acf5cbd3,1,c1,c5,c234,c5,0.13804129,0.3628903,0.49906844,0.20970366594353027,0.4652177287012396,0.3250786053552301,0.24570609177435532,0.3743413354080191,0.3799525728176255
11515,16e81dee887e81862bcc7d796509c9f5bc38cc29f0e5dacfe6a77b3dcc57d5ca,1,c234,c5,c234,c234,0.10796485,0.2503891,0.641646,0.24021613145939638,0.4181115925403804,0.3416722760002233,0.26472087938380195,0.39705033226861436,0.3382287883475838
11525,59723f3db80ae993cd822cd6e3b8127ad1487de60e8019f70a14e28a88c5c3ac,1,c1,c5,c5,c5,0.2140731,0.25072658,0.53520024,0.12858797803208064,0.14616483607966024,0.7252471858882591,0.22384182286469867,0.23549829954842172,0.5406598775868796
11531,237b62923e27eef8483f36ed88e36aa0b54812253b85992d3f12a204310934f9,1,c1,c1,c1,c1,0.63929224,0.22825155,0.1324562,0.6508913211333032,0.29560648712430493,0.053502191742391854,0.5865395576424866,0.28569867179441605,0.1277617705630974
11539,903c444919384764e14942b0e4747249de9e2cd63b6fd7e212d3d353abf479af,1,c5,c5,c5,c5,0.32106078,0.3103582,0.368581,0.18421061760098298,0.2802347140341767,0.5355546683648403,0.26151366779142243,0.32318389435031636,0.4153024378582611
11541,6668e666e854e8b8918bea2b81f581bbfc1fed713f874dae1af0086d28e5fb51,1,c1,c1,c234,c234,0.46391416,0.39587167,0.14021412,0.2830218745756443,0.5074382918644117,0.209539833559944,0.32359464561908025,0.3989373436409644,0.2774680107399554
11543,848b04ea00d526e4daa4938285417073a7a1fab06918cca24bf6691a2725ec6e,1,c234,c1,c1,c1,0.5426507,0.276443,0.18090633,0.40802364549229586,0.28024017545403046,0.31173617905367373,0.4163065321703487,0.24821399878435602,0.33547946904529524
11546,4f570e2c65f8f887aeea97e065903e47a8b03f7bb66a530ac32207f7ebac61ce,1,c234,c5,c234,c234,0.2670356,0.35381797,0.3791464,0.1943493469306388,0.49922783509862745,0.3064228179707339,0.2499940409229327,0.3845076125310346,0.36549834654603275
11552,65168add0812a5c853218962198860c0111fa0cd283db5627fc1b320870e8fbf,1,c5,c5,c5,c5,0.16347897,0.34173882,0.49478215,0.13370573225275226,0.1974977741854706,0.6687964935617771,0.20858132980126406,0.3009857298694895,0.4904329403292465
11556,46b1d7be2a545ea05dc78705dab569eacacabccb4cb914272197bff57f47649b,1,c234,c1,c234,c234,0.4204811,0.36181262,0.21770632,0.24436208253964842,0.3950599004786522,0.3605780169816993,0.2626826737449196,0.4182762957778446,0.31904103047723587
11562,bd59116253e78e171e9bba82fc1fbe7c76795571115c29784c96e77f72d93241,1,c1,c5,c5,c5,0.19019078,0.22271653,0.5870927,0.22562565407406268,0.3223820488440476,0.4519922970818898,0.289980975709683,0.287956690052255,0.42206233423806205
11563,321dc9cf8952df6e6ea730babcea77c37475140f5f4c8a124fc69b65c8b39d68,1,c1,c5,c1,c5,0.20079921,0.24259278,0.556608,0.3428829467467982,0.33030407947382656,0.3268129737793753,0.32571858895894534,0.3340166330172703,0.3402647780237844
11564,a87db3d5715cce46e48c174e1704cf92c14a92af393b7b0d02638e6f1f3b7cb1,1,c1,c234,c1,c1,0.3788562,0.44597355,0.17517026,0.4835959403010846,0.32682157469160517,0.18958248500731018,0.4816226189019104,0.3105334734381957,0.20784390765989397
11570,80c05b403972d896a6321fbcae134b66c74dadbc9c59dce2d489202143412c9a,1,c234,c234,c234,c234,0.1894435,0.441895,0.36866155,0.24066442029981105,0.6437029476608388,0.11563263203935,0.29179944672253816,0.49824864671169394,0.20995190656576793
11578,01e6b5502f65230ab97ed84db3963764917e2523110e18d908692e7fddbd21fd,1,c1,c1,c234,c234,0.5102241,0.33912817,0.1506477,0.41377100165090175,0.4918977293794638,0.09433126896963456,0.4193111053492629,0.4459128826458327,0.1347760120049044
11580,ee400f09e3f0ec83d4b650479863ee5c407adf88c9902cde1466e234a31b1494,1,c234,c1,c1,c1,0.61847144,0.2721337,0.10939475,0.6872786273976836,0.2614277612898875,0.051293611312428794,0.5852809026801538,0.30192178537387604,0.11279731194597005
11581,e3e58a7be0eca0a6c3a0212a267b20958338311f9bc127ceb6c98d2b6c770893,1,c1,c234,c5,c5,0.27540243,0.45290527,0.27169237,0.3275255554220743,0.21283563720445184,0.45963880737347373,0.3418799130070848,0.26141370177523815,0.39670638521767704
11584,b2ca968213e554c2464e2c3f966503791b344053f503569de27a6219176267e6,1,c234,c1,c1,c5,0.47693914,0.26641315,0.25664765,0.4646067283062391,0.24540473761641846,0.2899885340773424,0.29021575812812966,0.2518648929993002,0.4579193488725701
11595,8d5db680039ea435ab8d6ba6f8860d47dd5ef2008448db0d0b459ac96f6b4ebd,1,c5,c5,c234,c234,0.18445407,0.30603144,0.50951445,0.19134887040894075,0.614977295384067,0.19367383420699238,0.2479301645419361,0.4180473407818888,0.3340224946761751
11596,59331732f46c43cc05ee2bc6342052fdf11819a891c58e02df9f49eb2cf2a5ee,1,c5,c1,c5,c5,0.4181031,0.35372567,0.2281713,0.1064019735059537,0.37405888515474023,0.5195391413393061,0.17392147208564784,0.3891738141708902,0.43690471374346196
11599,4c4e72668d5263f3a6463de80d24c92eaa18f547a424c052e3ee0f8cfce01124,1,c5,c234,c5,c5,0.2307386,0.41842633,0.35083508,0.146793392337396,0.2243063610827892,0.6289002465798147,0.1852321702157149,0.26377655182815485,0.5509912779561302
11605,d70f7bd52d1ed81eba52f3bbdd85a62296c4ac6c24c8df84216efdf110b4282e,1,c5,c5,c234,c234,0.19427934,0.3582692,0.4474514,0.2427469222688912,0.5304184460093384,0.22683463172177032,0.32630448649507937,0.36784074308019393,0.3058547704247268
11609,39bd162f05098f29667042aad1d23a7a949bd7447bc1de006d6f6d90310b002f,1,c234,c234,c1,c1,0.37072566,0.39775166,0.2315227,0.49521420226629054,0.3839347320975817,0.1208510656361278,0.46759746790105633,0.3824680872497882,0.14993444484915544
11611,d4e0375607a4c690c4f578b96d499eb0ad983b2feaa343dcfdeea6869c64f636,1,c1,c234,c234,c234,0.3418608,0.44470868,0.21343058,0.21914002308062985,0.468142743246512,0.3127172336728582,0.2569605438551888,0.45971254172115344,0.2833269144236578
11618,1c4d96ee8222477e8acc7db484dcafdc410394175f76993ef491e061be450bb8,1,c5,c5,c5,c5,0.16213445,0.3612154,0.47665015,0.13835198097288035,0.2578520541654416,0.6037959648616781,0.18502900668419964,0.3429659056411142,0.4720050876746863
11620,d1f5c0622b31b20469f15f7114ae44ea916e15eada3eea6f57cf0dae3ab9c800,1,c234,c1,c234,c1,0.53609276,0.3224,0.14150727,0.43685543320696935,0.46351499794045387,0.0996295688525767,0.4234541613807348,0.4229540560951887,0.15359178252407665
11622,2f388d234415a03ad03b0fe6d95242b87c4c7fa851d13f79b76188228a7aaf50,1,c5,c1,c234,c234,0.59687567,0.26979652,0.13332784,0.19921415775901036,0.5301970401511619,0.2705888020898277,0.2576183258164564,0.46673902572098885,0.2756426484625547
11630,88989eea9e799e35ee8dd72c45a72bf32b3e555744fd42caf474629082bc9441,1,c5,c5,c234,c5,0.23731332,0.37575394,0.38693276,0.26136019189999377,0.4750115966030181,0.2636282114969881,0.26745332193587706,0.35928613232309053,0.3732605457410324
11631,1d7a1ef1d408da633a63ba15f39123d05e4e2eca4e149dba2438927a06112c03,1,c1,c234,c234,c234,0.20495991,0.42814022,0.36689988,0.27457571850697204,0.3751137898855891,0.3503104916074388,0.31433567266854745,0.38529190926593654,0.3003724180655162
11635,e6585cc3cbef7eda22cfed4cdbfc71f680f7130ae807749bb0724c75318a7207,1,c1,c1,c234,c234,0.36784223,0.32442123,0.30773658,0.24396765448346142,0.5270674901549831,0.2289648553615556,0.28378152816520136,0.42476338287027027,0.29145508896452843
11652,f04ff135c6368460a55fd786371da1ed97e54e7765e4a77af1dcc70ab64c6531,1,c234,c5,c5,c5,0.10610207,0.40190408,0.4919939,0.2235153478745877,0.3533315761854729,0.42315307593993934,0.26657811581495594,0.3434558085760912,0.3899660756089528
11654,37585b4f9c35849f01e2fabe00f351f55d5efe628f53561e433127e552b582a3,1,c5,c234,c234,c234,0.20625831,0.4020495,0.3916922,0.14842963552740415,0.5079348149203019,0.343635549552294,0.2483794925322191,0.45014274660134906,0.30147776086643185
11655,7f958012c782f595897e8b32cea767e047eefe4fc1de4453c62214b00edc4fa4,1,c5,c234,c1,c1,0.36148825,0.381694,0.25681776,0.5138801230494527,0.28651641740713113,0.19960345954341616,0.4057762477133808,0.33591333901216547,0.25831041327445364
11667,3aad7a4f7e9787cf05d013a6246808eb69df44f9cd3c9bbb22c9cf6cf9c9cf49,1,c234,c234,c1,c1,0.31947815,0.3784841,0.30203772,0.37875064965580546,0.27732208483779197,0.34392726550640257,0.38870416112855427,0.2760405634778005,0.33525527539364525
11670,877f234453383a981bfa4fb7a20b68c686b99d22bca4831a3b8d9658949e49d5,1,c1,c234,c234,c234,0.28830454,0.39908507,0.31261033,0.3411564958303247,0.3513093841571587,0.3075341200125166,0.31080234952145525,0.41091630063401574,0.2782813498445291
11692,66d214b9d1cd7b0e08172a9ef37367eca97b4bdb882385226b4a225d5f2932bf,1,c234,c1,c1,c1,0.5768242,0.301439,0.12173677,0.3909586338250928,0.352710806110891,0.25633056006401606,0.3926160742745979,0.3534526301591396,0.25393129556626254
11699,6e33937e293af0208a272d4f2a7fedd704fd9477438f34a0fe856ee63bd284e1,1,c1,c1,c234,c234,0.495774,0.29276723,0.21145879,0.41055303260626824,0.5277073617401115,0.061739605653620265,0.39856868287776714,0.46571784508421754,0.13571347203801523
11724,ee7417b6dc6a3a1d864dfb9507c0bc7cbb245eb44f3e873431c290d1401ee934,1,c5,c5,c5,c5,0.102180555,0.3260331,0.57178634,0.320546558676148,0.2983079417327502,0.38114549959110183,0.3288072486177207,0.2513484036673089,0.41984434771497037
11749,ae396150424efe8e1cc8fdde70a136e0885c271f90b4e4fd57c48056b8e8580a,1,c234,c234,c1,c234,0.36155945,0.44728333,0.19115727,0.4463438437371532,0.2994284488283566,0.2542277074344901,0.33492913602354696,0.40103031409426715,0.2640405498821859
11754,464d2ec1d104103671516064f8d9cbefc8502885762868e9f1f0ae6104c7c97c,1,c1,c5,c5,c5,0.22816329,0.23257633,0.53926045,0.24737296830377808,0.2527204163633901,0.4999066153328318,0.24463953581641026,0.25448034629968863,0.5008801178839011
11760,37b532bf8f68649d9580c62e2bacc14e5b06dff62b1acf3cd7be907ec318832a,1,c234,c5,c5,c5,0.071751125,0.27636802,0.6518809,0.11982174134210374,0.2694046788550857,0.6107735798028106,0.17667090937581106,0.322389319087069,0.5009397715371199
11766,0f933c634378d654c0b7dbaf36043520b61b558719046ae628519f78972fbfc7,1,c5,c5,c234,c5,0.12620147,0.3450977,0.5287008,0.1125265431424501,0.5442276422001527,0.3432458146573973,0.19822545177140313,0.3955639139938518,0.406210634234745
11775,c8a298386aaebe762632c3b97a42906c9ae965a0b179c1d3470ff9a386527300,1,c1,c5,c5,c5,0.20060745,0.37198964,0.42740282,0.11438573643160106,0.17880543006059998,0.706808833507799,0.1620923569293297,0.2598945662885809,0.5780130767820894
11778,dae3edc644abf99d803159edc6c241d428de3b86652b2f76bf0121700fd454e1,1,c1,c234,c234,c234,0.3996921,0.4180709,0.182237,0.3747227897024614,0.45186485782694535,0.17341235247059325,0.3794905197302348,0.41390899789913294,0.20660048237063236
11796,98840f52d752a96f1edfb05bf7d90fc1ebc4e6909e65683aa799b2534c93baee,1,c1,c1,c1,c1,0.3521073,0.3387297,0.309163,0.3760091477046122,0.30734387194678287,0.31664698034860483,0.39378057656607857,0.2873026682389008,0.31891675519502066
11800,2920e2fdf9780aa41c83777f9ac867fa1246301abf03817072cb285de2df7d70,1,c234,c234,c5,c5,0.17560892,0.4609149,0.3634762,0.27020462062870426,0.3336000874777879,0.3961952918935077,0.24702513629102907,0.3286713183705902,0.42430354533838066
11807,e41fcd2c1e77221b2290ca1170ef972209ab0c0b7f8f4ee75b6674fd8061248a,1,c1,c234,c234,c234,0.37835503,0.3981962,0.22344877,0.4162884281184664,0.4701358655794614,0.11357570630207214,0.3953153761394793,0.42894837650954365,0.17573624735097693
11811,a27fc632fca3f9a73ada321b65a80a2ff596aafd912e1f1c378f5743fc432d26,1,c1,c1,c1,c1,0.36856624,0.33892018,0.2925136,0.369956731998745,0.32026284366412683,0.30978042433712816,0.36026973540619767,0.30675797608110866,0.33297228851269367
11820,bb5292ce422627ff7d8f8d80a3047a6d2dfa9b69b2072601c149616b7afd69c4,1,c5,c5,c5,c5,0.270849,0.27171484,0.4574362,0.19875920781397102,0.33548969440555493,0.465751097780474,0.24879265555421531,0.334502231191556,0.41670511325422877
11826,229d9239c3e7349c2aa322c36962348cee651ab0345e3eb0657a3a8fb2d6c919,1,c5,c234,c234,c234,0.33882868,0.4366076,0.22456373,0.324406322807736,0.4130721611339345,0.2625215160583295,0.3341786687127464,0.4062495462064262,0.2595717850808274
11833,d214376a4a2dd42e624b4fc5a7a7e64c22f4c99fe9eaf98b644490515c985767,1,c1,c5,c5,c5,0.23634881,0.30880198,0.45484918,0.29159773844043524,0.17111293581599485,0.5372893257435699,0.33489935569159257,0.2480805869429612,0.4170200573654461
11836,25cf7cd0b47bbad67e8e31a6c1b2ff16b0843b147eebd7fd06615af6be6a646f,1,c1,c1,c5,c5,0.40381718,0.35829172,0.23789111,0.31043650958985586,0.26452150981241235,0.4250419805977318,0.2973833891707319,0.28830990786927685,0.4143067029599912
11837,c765f84aba232d52df4e7f8d696d3b7a48b25de65f40855bda2c858416c49377,1,c5,c234,c5,c5,0.29637223,0.3801253,0.32350245,0.2143810281391749,0.18913863834763314,0.596480333513192,0.28249622642228933,0.26638864912312804,0.4511151244545827
11850,07b38db7277a622c178ad1d37a83c0015d29c3d068a709a251bfac97348afdc2,1,c234,c5,c1,c1,0.27291608,0.3545848,0.37249908,0.597992536030408,0.1498884728393576,0.2521189911302344,0.42172205399800117,0.2535402013896693,0.32473774461232957
11860,899ee1435e0b4533dd81bd6c127e3f3996e2bc484c12d5e90663e71f6a810eb5,1,c5,c234,c234,c234,0.14278023,0.46476024,0.3924596,0.10643168480852692,0.7041586657501493,0.18940964944132377,0.20137458776707431,0.4870580157887613,0.31156739644416437
11882,5b1b54361621329823f14107a0abf2d2d4885a9185dc8f56deb649228afd9ef1,1,c5,c5,c5,c5,0.20496213,0.23515171,0.5598862,0.18355954242710892,0.20986425690437227,0.6065762006685188,0.222130147335673,0.2665766443969468,0.5112932082673801
11883,975d6e32ce530e64800169afd104212547b735839e7ac96b27671a4147c5a18a,1,c234,c1,c5,c5,0.4453832,0.26134732,0.29326954,0.23237098518847582,0.3474646664518659,0.4201643483596582,0.1960528779705477,0.34264819442925537,0.4612989276001968
11895,7bd65058088aeab951898d710f369f85d442d0836173662f9e0ad1a8c6e03206,1,c1,c1,c1,c1,0.5325881,0.24815598,0.21925579,0.8900107731203255,0.0702464538021389,0.03974277307753559,0.6835053775807132,0.1805319800112023,0.1359626424080846
11896,17eafd5e6d14e9c541a27c89af5c9d2214e1c1559ac3bec651270c579fb990b2,1,c234,c1,c234,c234,0.397419,0.38605094,0.2165301,0.33712028346697237,0.35523049736429,0.3076492191687376,0.3377439875687582,0.3808109227556763,0.2814450896755656
11898,4844ba5f90ecd3e6296d72b0e1f3a70198260bfb30522a133d54851e7b134b65,1,c1,c234,c1,c1,0.34315813,0.39291006,0.26393175,0.380556937397673,0.2969940659123311,0.3224489966899959,0.3406262279354473,0.322969225525424,0.33640454653912877
11911,10ae8ede157ab68d4efcd6fd973c37b305103f2aeb26e2dc07e3affa777beb9e,1,c234,c1,c1,c1,0.40861505,0.31400356,0.27738136,0.3672307246474662,0.2982737033441713,0.33449557200836255,0.38119494815806754,0.2739203891953993,0.3448846626465331
11937,c146c59ece4422334f6e624477ee89d260643e74d6d4cbaa1c338894b45aac12,1,c5,c234,c234,c234,0.3211602,0.37377357,0.30506617,0.30611257723806445,0.5578932163478246,0.13599420641411092,0.3634099814503633,0.46844476103531385,0.1681452575143228
11943,a4b129f5d6d9aa78fae3db719e7091450fb0daa3eaf70f930f90ed15359e13c5,1,c5,c5,c5,c5,0.15146981,0.24761517,0.600915,0.27918172788614354,0.2753773477228122,0.4454409243910443,0.2953842902343653,0.30416844111807384,0.4004472686475608
11958,dc2c51f2ac2fc3af3fb0be8d9bba587875e18d450da86a7b4ebebb7b98573dd1,1,c1,c1,c5,c5,0.3687955,0.35181594,0.27938858,0.2709681624593737,0.3362900531690882,0.39274178437153806,0.2996819465005422,0.2789793100686833,0.42133874343077443
11974,c2ac3d0562d917ef6e843c63188c6148029ec873e10ba18c609ebd93bf60533e,1,c1,c5,c5,c5,0.14867662,0.3153547,0.5359687,0.17183004293132495,0.339869754587252,0.4883002024814232,0.24502898909896076,0.35167487676551135,0.40329613413552795
11981,68c2cca5eff83339ea4be290ca7e515f191955508224234ae0999e0b130ce974,1,c234,c5,c5,c5,0.20791237,0.34495604,0.44713163,0.268266424595289,0.3255218332993679,0.4062117421053431,0.28500312679284556,0.3173300104340613,0.3976668627730932
12009,6465ce3df64dcf7496daf55074cd3dc419f2c0a7eba7ec939ab29bf2fe9fea30,1,c5,c1,c5,c5,0.40581766,0.27520657,0.31897575,0.37336051837529777,0.15317534017998544,0.47346414144471693,0.3485345459533387,0.19310544839377403,0.4583600056528873
12019,d5dca1525916aa9972ce16fa91d1bd9cd5f5d6927bd6dc8c00f684ea4ac80554,1,c1,c234,c5,c5,0.3510095,0.37191612,0.27707446,0.2693100532043356,0.2558919841533996,0.4747979626422648,0.31331380903829015,0.30034759621823687,0.386338594743473
12021,9f01a7d769a9cb585046b0f9e5530a9443c8de79e9ba4ea42e6d76fe4f76bf42,1,c1,c1,c1,c1,0.55799747,0.24407345,0.19792904,0.5116584124009915,0.26361979110398515,0.22472179649502338,0.4535605041919708,0.20770372765535305,0.33873576815267614
12030,ba3564dd7d2779067b27b3a7dd3f5924c54bdaa59687369a3f8d0c767c97212a,1,c234,c5,c5,c5,0.16274528,0.4113406,0.42591408,0.20921444827782748,0.33901081127717503,0.4517747404449975,0.2496112118117866,0.3094799820949743,0.4409088060932392
12031,9c8206515b14abb2e50c521f019e5c57ec4144ed936d784871944400897eb3d8,1,c234,c5,c1,c1,0.21097955,0.2717246,0.51729584,0.4525973183457284,0.24805278269694,0.29934989895733166,0.3575477530581707,0.29282372874151336,0.3496285182003158
12065,045938b7823f7cfc90b2141f66c0bd977b84cf7cbefad120dcbfc64fc32fc434,1,c234,c1,c1,c1,0.38070825,0.3800321,0.23925965,0.3515821947422923,0.3167052951654857,0.33171251009222213,0.36435238735696185,0.31495095535578205,0.32069665728725616
12071,bf7ea4b108b951137d454e21c39503980f8e34da469ab7630e74bbf5f39f7b73,1,c234,c1,c234,c234,0.4193239,0.3599398,0.22073638,0.23537221260608088,0.42254502043772524,0.3420827669561938,0.33193440382018363,0.3638715094933881,0.30419408668642833
12076,ac29e3ba4507edb4c53b25654a525d6db9fdb8dc4473e5e84935acd4b901d8db,1,c1,c234,c234,c234,0.3131299,0.3818455,0.30502456,0.2965352471169058,0.40363820571728576,0.2998265471658083,0.3001019000319632,0.4096001466318993,0.29029795333613756
12079,6992a8101b29ed1d7cc87f6a7bb227f39f71206699ab88ffa7857861f656bdfd,1,c5,c1,c234,c1,0.38630056,0.35120255,0.26249695,0.40114582655502373,0.4171450455735271,0.18170912787144922,0.3990685802161939,0.35398148748391967,0.24694993229988635
12092,a104587a798e3803ae4b959d43261cab054cd138d2358d5c2f54b720338b360d,1,c5,c5,c5,c5,0.11437568,0.30982217,0.5758022,0.08595201619319097,0.24088991796289214,0.6731580658439169,0.15407269895888506,0.3565498257089856,0.48937747533212944
12094,55d1c0798497414bde5e9e47bb2855af2122b2f18101b5e0004a4d55e4935caa,1,c234,c1,c5,c5,0.37026265,0.34878978,0.28094754,0.28970570827936354,0.16411846253588763,0.5461758291847487,0.2790063742618782,0.24582173716949143,0.47517188856863035
12122,94b6fe09379a52bf4a99125a8bad3f3635470a992225b5061e4b3be1bfaa3101,1,c5,c5,c5,c5,0.087862074,0.33978185,0.5723561,0.10893498705781517,0.35875293650124124,0.5323120764409437,0.20049369713257245,0.36337815455117195,0.4361281483162555
12129,36ad2451e66c99578421ab449c6fd0e4c0d40771b86cee2fc34b4b915e50e0f7,1,c1,c234,c234,c234,0.3488411,0.4350654,0.21609351,0.27296999196760535,0.5285802038379592,0.19844980419443553,0.31301232762644426,0.4067757952570884,0.2802118771164672
12133,96c9556346baf4f654e8eb2ab61d7166ec3ba896bf7011609029ce9eaf83a102,1,c234,c1,c234,c234,0.41424775,0.3400464,0.2457059,0.3111844219820026,0.43053706389301866,0.25827851412497876,0.3281416377111907,0.3780405831882966,0.29381777910051277
12135,20277f8b1944d86c9b029f2af209a0b13724a4196d9f4240de33efb47caf5856,1,c234,c234,c1,c1,0.32591718,0.37920737,0.2948754,0.5086542625855418,0.13982123766342064,0.35152449975103756,0.4016266570202275,0.2146345334088285,0.3837388095709439
12140,d82a0a0f2a118ff5f137c71cd426d91c523fcfccd51198a76840f8eaa9ba2cdd,1,c5,c5,c5,c5,0.30469662,0.21547645,0.47982687,0.26802068675209734,0.23630387301161232,0.4956754402362903,0.28695380709958807,0.259839107866349,0.4532070850340629
12144,ce86551739d6650b4a8839705ec63010ec2971ccc2570cd83163dde8aae2166e,1,c1,c1,c234,c1,0.38179785,0.33242685,0.2857753,0.3190760843817239,0.3631891714457288,0.3177347441725473,0.34023988478601835,0.3196172150745584,0.34014290013942317
12145,50410fc351476ba1e6a11e236beb7c0ad932eb47aee41037dc07d8be1d1ab11e,1,c234,c1,c234,c234,0.41023582,0.39591303,0.19385111,0.40809664654008854,0.4311697736314383,0.1607335798284731,0.38424781290980614,0.4259103896367226,0.18984179745347113
12160,36367e2b45a55b9864d912a184d40da4ee6499bfb949bbece599e9b6ff6dd2ac,1,c1,c234,c5,c5,0.15627821,0.43850282,0.405219,0.11518653891692354,0.2585569835814731,0.6262564775016034,0.17568780930158334,0.33323876664209995,0.4910734240563168
12166,9d7c1b261df8edcc60601bf39633f7e3de29848b72051d679339afd3905acd05,1,c5,c5,c5,c5,0.13778389,0.26352206,0.5986941,0.2738021897795742,0.23396856065628222,0.4922292495641436,0.28041636739427783,0.29033984931315193,0.4292437832925701
12167,0661eb30e9d2637143e167f7bb1a5ca435b4cfd66cb7626d051553523c2b46d1,1,c234,c1,c234,c234,0.49502802,0.3387718,0.16620027,0.4053466008856039,0.4249195603575014,0.16973383875689466,0.3736379697715135,0.4157790232581684,0.2105830069703181
12178,25efdf44a105ae045a79dc583a0ec52d8a48f977ffc422541adc0e50129e4a5b,1,c1,c234,c234,c234,0.32412878,0.46409535,0.2117759,0.3125552112642248,0.5184719708931362,0.16897281784263887,0.2870248772218585,0.4490187407683176,0.26395638200982385
12190,2ce259e8bf4e73b1c4ddf4349851c2b0cc7ae152ccfcc2da24f3eb09f9bf82a3,1,c5,c234,c234,c234,0.2848084,0.43345296,0.28173867,0.12368878903152357,0.5928983582275908,0.28341285274088557,0.19849124843287183,0.44810876886570145,0.3533999827014267
12199,84c1c3e4194a04af855e42e7f329d612f407d8f34b2f4604d95314a8c7bb157c,1,c1,c1,c1,c1,0.42423743,0.28738198,0.28838065,0.4400075003361749,0.2809319493231142,0.2790605503407108,0.3923957582822221,0.3459675702540697,0.2616366714637082
12201,6277bcbcbed5e42087a699f17c123c1023a8ab554ee2fdde8db5008b8a043efa,1,c1,c1,c5,c5,0.4043022,0.35956055,0.23613724,0.31043650958985586,0.26452150981241235,0.4250419805977318,0.29304596538389377,0.292817342838855,0.41413669177725126
12209,748e66d8e42f8a8a821aa620c64b81fd37aa84cde705640045d97e4e76930440,1,c5,c1,c234,c234,0.438175,0.38330424,0.1785207,0.2680621741152365,0.478562314807956,0.25337551107680745,0.26844544977034207,0.4338133675128187,0.2977411827168392
12211,07ce02d9114e164fe46adb6163b5123044da898b8f76d87cd7cfb3595ba088d2,1,c5,c234,c5,c5,0.24115449,0.456857,0.3019885,0.2649226084954898,0.2911402962772289,0.44393709522728136,0.24963006132440782,0.33132603113265613,0.4190439075429361
12248,e7a0040b3e85604b1a27d9278a70510e2a14a3b7b28ccf14e02e8608fe837357,1,c5,c5,c5,c5,0.15238053,0.35652816,0.49109134,0.11489358908945084,0.2980649464098663,0.587041464500683,0.23905724014668667,0.35784396704835586,0.4030987928049575
12258,7a2418dbf6dfabce7955c6ac3300cdd1c7d7e7413723665c7c2391bca9cb55d0,1,c1,c234,c234,c234,0.2924802,0.37478483,0.3327349,0.1107035417927451,0.5253134156877065,0.3639830425195483,0.18811909968218035,0.500324322593738,0.3115565777240816
12275,63ebf7419a08ef2ecd74b352bec61454a481046e3240268be2e075ad86fac322,1,c5,c5,c5,c5,0.19106564,0.36990258,0.43903175,0.20521382304367827,0.1920787300475643,0.6027074469087574,0.22520171329471478,0.2996373318996612,0.47516095480562415
12295,54140287bc4a022d44bfb62ae6113bc1785175831bb48f6d4568e9e6a354862c,1,c1,c1,c234,c234,0.4665388,0.3725591,0.16090208,0.36274108784813597,0.46178216199491307,0.17547675015695094,0.37203643378253265,0.4289653411163984,0.1989982251010691
12303,f0b2892533185562f8234a9ff2c1f5c71d80b4f63579368cc51f16446d158acd,1,c5,c5,c5,c5,0.15262198,0.3048976,0.5424804,0.30190409555537784,0.23612234030008095,0.46197356414454116,0.24663123150787505,0.28394977798529336,0.46941899050683156
12306,14f4aadf2e21d5b81d037934110dbaa8f96bd0886eae7c978a90a5922afc4a32,1,c5,c1,c5,c5,0.4330073,0.24381104,0.32318163,0.4020776075677725,0.12934354656800726,0.4685788458642203,0.39275384262269,0.20217310799089425,0.4050730493864158
12311,2574031377f88acce5cab72ff14cf6886c2549a696d700f7b68f0a5f4c4cc13e,1,c234,c5,c5,c5,0.19218394,0.3930345,0.4147816,0.18510560742889448,0.36661300341715636,0.4482813891539492,0.2324456933830729,0.33355520282137313,0.433999103795554
12317,edcc942488501cfe1083a1eb9f8c14eb6c4c9e6f926c3a7c6c7827c3b5faa857,1,c234,c1,c5,c5,0.3830801,0.270111,0.34680897,0.15119210420625975,0.28635404807466164,0.5624538477190785,0.2255168481409591,0.25582393623683725,0.5186592156222036
12322,edcc942488501cfe1083a1eb9f8c14eb6c4c9e6f926c3a7c6c7827c3b5faa857,1,c5,c1,c5,c5,0.3830801,0.270111,0.34680897,0.15119210420625975,0.28635404807466164,0.5624538477190785,0.2255168481409591,0.25582393623683725,0.5186592156222036
12328,2d073dbb0728c3998a312418af652cba4ff892fc5a5ea48e92cef0b75cb2f4bb,1,c1,c1,c1,c1,0.5384089,0.2541159,0.20747524,0.5472202218383179,0.25302490600203503,0.19975487215964705,0.3746651240746137,0.29170472704260214,0.3336301488827842
12331,fef093631257b78f5ba3f778bdeb53728256339a4fd8a2ebc17f66b85a182f7c,1,c234,c5,c234,c234,0.10381274,0.34056565,0.5556216,0.26186665243623664,0.5277651771320144,0.21036817043174888,0.27457780184555336,0.4338599106661845,0.29156228748826224
12346,162474220f5a819457bd7200befe078bec1a0d047febb8cd9505e84f6be8e8ed,1,c5,c5,c5,c5,0.26005024,0.27570388,0.46424592,0.2514184645953671,0.2799243545804255,0.46865718082420743,0.30542632502721384,0.3135196975175296,0.3810539774552566
12347,f6baa2fef20b86947d0443c6504013477116fb23d0d0e195808497d19c64e40e,1,c5,c5,c5,c5,0.2232407,0.36854908,0.40821016,0.2088336357330104,0.23118580405982564,0.5599805602071639,0.25074773326525185,0.25662563351479273,0.49262663321995553
12348,51e39e72e08dd5a055b02657ab83290a4b5ad2c83e3317b187a11e9979424181,1,c234,c5,c234,c234,0.10672923,0.3966797,0.49659112,0.16230406187327867,0.5235769950486835,0.3141189430780378,0.2185615389771564,0.4358490793699973,0.34558938165284614
12351,1159f17e3e3d809f2571d3e2fd611cd8b9590dc8ad6f2fe9344a696a76a85c1a,1,c1,c1,c234,c5,0.38608208,0.26436794,0.34954995,0.22892997369522106,0.4924000170489293,0.27867000925584967,0.2973289842572842,0.3272469261956745,0.3754240895470413
12353,6baddffdffc1e8fb52769a857335f7283780ecdce5a8627d3572fb49b0305cd9,1,c5,c5,c5,c5,0.24908136,0.32462308,0.42629555,0.1464668145952876,0.36324349217100005,0.4902896932337124,0.24535752643929948,0.32795263108805356,0.42668984247264696
12359,ec853cdabf59b950149f381ddb7bde6ee08d1cc39d73e491d98400582bae6f17,1,c5,c5,c5,c5,0.252938,0.20239057,0.5446714,0.07249131235188568,0.08295821645234605,0.8445504711957682,0.17599674018236608,0.17818851950897788,0.6458147403086562
12367,692d2fb9b5df233dadb8f493a31acb6875a3fdce9934ac0b262377d3b1c50bda,1,c5,c1,c234,c234,0.4533868,0.24491964,0.30169356,0.3497775734835895,0.43267441399723505,0.21754801251917552,0.30027151653743717,0.3596050408579569,0.34012344260460586
12372,e6e19a51611f7da554cbed0637db7e67c028323068e303ec5fbf8c440cbe148c,1,c5,c1,c1,c1,0.50970834,0.22075255,0.2695391,0.4469336660102261,0.40145081699670865,0.15161551699306525,0.4015950330901634,0.33540056211518343,0.26300440479465315
12389,df973267338dbb93e6b193098027d4867e02d70867321d1fe89403fe78f87c2a,1,c1,c234,c5,c5,0.3452932,0.39354992,0.2611569,0.2410565119688012,0.1873057913009689,0.5716376967302299,0.2659816270588569,0.29647885943860314,0.43753951350253995
12393,e8dd3cbe7a53240a40074ce7ddfe569f7029b051c5813b7852abc463ee226e6e,1,c1,c5,c5,c234,0.28589392,0.3156043,0.39850175,0.2701658304384002,0.3177924956231969,0.41204167393840285,0.3168885175707236,0.36010706405385723,0.3230044183754192
12401,5dc790ac322cbb3ca51cba1bb3568ca7e4f8e0396db2174c753731014e7e4f04,1,c5,c1,c234,c1,0.561671,0.32753277,0.11079626,0.4084419584321553,0.4975881838952227,0.09396985767262199,0.451639270222857,0.4150929746423515,0.1332677551347915
12410,6d1aad1b352c35a99fcb24aa00aa5c17ff8c764f8e3f6b4d2fd155fd447b3713,1,c234,c5,c234,c5,0.18985437,0.23986262,0.570283,0.23398481015907524,0.47346280168241345,0.29255238815851137,0.27492714167787313,0.3505555912625162,0.3745172670596106
12414,d42d79a08ccd5f29c40cfc1f6afb75d629cd8ac3169f43e4e53f0fc03847aaea,1,c1,c234,c5,c234,0.20789562,0.44494596,0.34715843,0.2682180161862313,0.30846834891814023,0.42331363489562845,0.26756981094547017,0.40348308112496495,0.32894710792956494
12430,d3ca271b94cbc434d5b15e52949c952237f9f6a362e2977545fad84f3a1f84ca,1,c1,c5,c5,c5,0.31015143,0.2556294,0.43421918,0.3202846120891183,0.17410727640730989,0.5056081115035719,0.3001636966578807,0.23917324044949484,0.46066306289262443
12439,15054e41533d7f2a95e02610076731e3709e8246c220963c5f2847d122e56ed2,1,c1,c234,c1,c1,0.2918987,0.37191248,0.33618882,0.5398872407879435,0.21158736302751247,0.24852539618454414,0.4471993450000191,0.2584043286163603,0.29439632638362057
12440,81cb33206bdc8c132ef24036f5bccc41c17ba12c53a2e4034bee67872506a37b,1,c5,c234,c234,c234,0.17582113,0.49054134,0.33363762,0.2144306707822765,0.5262034579142918,0.25936587130343175,0.2945018420468654,0.3848167576963445,0.3206814002567902
12442,4a52902dd0ebe5703865ec54e62e72e97457eca731238960507b67defe0c325c,1,c5,c234,c234,c234,0.37906644,0.38106316,0.23987037,0.1430695417194015,0.6403029204322589,0.21662753784833957,0.22686354862739141,0.5438776292409176,0.22925882213169094
12444,96bb6668ced705cf821b28c08ea4cd74298dc4163aa3afe9bd5b413ca2fa7e1b,1,c5,c5,c5,c5,0.14873837,0.35580513,0.49545652,0.17407469563913006,0.28372884658566355,0.5421964577752063,0.22701065801168396,0.28845655898640393,0.4845327830019121
12450,5db9e51ffbb7dd8006baba72b91f13fea768e81dd795a0687c05a1db08c0e5aa,1,c1,c1,c1,c1,0.41568294,0.39729482,0.18702225,0.559494809959288,0.2657128514344932,0.1747923386062187,0.3806301383213651,0.3422396675629263,0.27713019411570866
12451,d092ddc54192f0375dabf37d4c130f6205822abdaeed5ff6796634ac9956efc9,1,c5,c1,c1,c234,0.3842182,0.35660788,0.25917393,0.35332119294238534,0.3424817957602142,0.3041970112974005,0.2720085230113297,0.4423652208575474,0.28562625613112275
12456,23162c6b35b1f9cc5d237c0fcf077644164120275024942d41a71fad25f877d0,1,c5,c234,c234,c234,0.32752764,0.36318842,0.3092839,0.29292388653791734,0.3767613286318214,0.33031478483026133,0.3089871953051078,0.37366402517515473,0.31734877951973756
12462,181755f35953e0e627af06dc10905b33fc76b74dc067095a693633cba1578c89,1,c1,c234,c1,c5,0.2432774,0.4113705,0.34535202,0.3598396369212967,0.2913043193893534,0.3488560436893498,0.3053582470217039,0.3224429784823613,0.37219877449593475
12468,345dac54f2941cae076f46e79c18509220337904ba08948628351b2ba926832d,1,c5,c5,c5,c5,0.12623782,0.2784543,0.5953079,0.19318289063402191,0.2845785166434518,0.5222385927225263,0.22443072327702668,0.31142773823671066,0.46414153848626266
12469,6ab38b726b1d56281a5149f9bd9c05ed7e7efa0e26edc060f5dba036c2f4073c,1,c1,c234,c1,c1,0.35377735,0.37567702,0.2705456,0.48774465552681345,0.23662432096111344,0.27563102351207314,0.3752241846049824,0.3071307995692754,0.3176450158257422
12470,d2a1f9b37b05eed597b2cd405b6afce935465816c6b8a610fce0d2ed48811974,1,c1,c234,c5,c5,0.3048493,0.34946916,0.3456815,0.29236329289232404,0.23276728338479613,0.47486942372287977,0.2739629675305053,0.2399029686417925,0.4861340638277022
12482,edcc942488501cfe1083a1eb9f8c14eb6c4c9e6f926c3a7c6c7827c3b5faa857,1,c5,c1,c5,c5,0.3830801,0.270111,0.34680897,0.15119210420625975,0.28635404807466164,0.5624538477190785,0.2255168481409591,0.25582393623683725,0.5186592156222036
12487,11145a662be80305d9865e176af1d20d2ba2469b54e017c718f18076d0bfbf78,1,c1,c1,c1,c5,0.43886915,0.3196378,0.24149308,0.45002641276147365,0.20138561994114448,0.3485879672973819,0.3379412133401302,0.32132966832087034,0.3407291183389993
12488,047d72b7ed239a4beff728cc2ba8bfc35ff8e1383f76f3db8b1f68a1ab3bf6ac,1,c234,c1,c234,c1,0.4905659,0.23617373,0.2732604,0.39951714913360176,0.4165034452599038,0.18397940560649445,0.3808848588834251,0.31920222618900945,0.29991291492756544
12491,2753bd6782a254fb17a9ddf262b4c789a12ee7c5709eb2337c6cdd74487a0e0a,1,c234,c1,c234,c234,0.588867,0.32410133,0.0870317,0.31136750913160355,0.40342053359270064,0.2852119572756958,0.3524563749684072,0.36177065446314866,0.28577297056844414
12496,8f27bc08241219d74bd1f59338b579497e64d8f9b8f652a530e28cf40287af9d,1,c5,c1,c1,c234,0.50763094,0.33750224,0.15486678,0.45196213815554753,0.44613120757099606,0.10190665427345644,0.41605531116103733,0.4188166429596459,0.16512804587931665
12503,a31de5c17cfdf01232f0dc1d4830b0edffab3f3eec3c702f621a73ad8ac9e9e5,1,c234,c1,c1,c1,0.40488717,0.2834718,0.31164095,0.525185360359857,0.21812573153964218,0.25668890810050093,0.4565655766104245,0.25544555541435393,0.28798886797522144
12509,02cff6c0e38a58b293eb70e82c315965d02a0925f279dd7cccba1a7c677b653d,1,c234,c5,c5,c5,0.11390867,0.33352882,0.55256253,0.16737519666354297,0.2618534976477583,0.5707713056886987,0.21050159001238933,0.3123488660041323,0.4771495439834783
12518,b5f38593d92633055de273c5a0a57c5c77afd74b0ab0cbe716139a1a64752727,1,c5,c5,c234,c1,0.32656676,0.27177244,0.40166077,0.39423709260211093,0.4116021779009565,0.19416072949693267,0.3956888496678868,0.278255915818564,0.3260552345135493
12530,e982c2edad5e438ca66ba318e84d3e027236823e4a4a84b6a2a5728030abf9df,1,c234,c1,c1,c1,0.42843288,0.32302704,0.24854001,0.5292732719326769,0.1692573754975037,0.3014693525698195,0.43482037928092054,0.26420134280650964,0.3009782779125698
12544,13813d683a12af7690c3f8a6b4445f8f8a2da0f3a4f5c7f8f7448be8af51b52a,1,c1,c1,c1,c1,0.63302493,0.25003248,0.11694265,0.5609492640181805,0.3624575823185,0.07659315366331952,0.5150101641310759,0.31758381401520613,0.16740602185371803
12560,d5c727425aa30aa837fc4762482bd586a1df9957660c9926ee6d5e75c1d91336,1,c1,c1,c1,c1,0.44975552,0.33713654,0.2131079,0.4880825191122794,0.33898303757146836,0.1729344433162524,0.44519048778801723,0.35012389363736807,0.2046856185746147
12579,9be0e6cc5b77abe06c90765fbca57655ec07d5e78d15889061a9f40c27b190ab,1,c1,c5,c5,c5,0.2523464,0.28751978,0.46013373,0.22391745041656771,0.3244110377484363,0.4516715118349961,0.25610420407903106,0.28556417839077497,0.458331617530194
12600,521996e09bf1cd85fa75a17c1c81b08af5e72c072e24131b78c252c2ff87cadd,1,c234,c5,c5,c5,0.122129634,0.40024313,0.47762728,0.124164692847727,0.3122004490649864,0.5636348580872865,0.22525560358104552,0.33282140264198695,0.4419229937769675
12609,90c7dc706670319e36213b3ef443cb7524ea94b0528dd2e52a0c2f012d5c8c93,1,c234,c5,c5,c5,0.20165241,0.35300252,0.445345,0.22696220029185277,0.3431722473126083,0.429865552395539,0.23005673984199027,0.35144539940102587,0.41849786075698375
12613,5a2b02f44427fd8290eaacc51445c6a361748f059a872113bc9c5412fb7eff23,1,c5,c5,c5,c5,0.124238834,0.24162184,0.6341393,0.2651984167288401,0.22614883911668615,0.5086527441544738,0.27366628545855815,0.25382086589678576,0.47251284864465615
12635,606edc4f0980804b347b8dd950a4f73762b2bba073a022f18fbb77c04ac16283,1,c5,c5,c5,c5,0.21535878,0.31956366,0.46507758,0.27099781113802995,0.22071096141229854,0.5082912274496716,0.24742709106954786,0.275119364868316,0.47745354406213614
12637,0c22f14171c9878e204bc32d2ad0fcc93e8e831fdecab3a2c3854ad2272bfc82,1,c234,c234,c5,c234,0.16780168,0.47670174,0.3554966,0.13173963090068397,0.3275738169049566,0.5406865521943595,0.17837429623543036,0.41369690668023046,0.40792879708433927
12642,30321b9f05c4b968a607b3cef96c95b5ad7b5a6647bd782edac8b4f1c6a3af39,1,c1,c234,c5,c5,0.3009981,0.44370168,0.25530025,0.24543438630112352,0.29660845207056546,0.45795716162831107,0.3081789546834497,0.32482824993978854,0.36699279537676177
12652,f32bd164b695eed4724909032dc8cbd50d5c863cc4ba71f8eacf0fd7a8119ee8,1,c234,c1,c1,c5,0.46968195,0.26982406,0.260494,0.5030794097486886,0.1511062475296692,0.34581434272164235,0.34314822436117,0.19668463666594552,0.4601671389728846
12655,6dc21783dcc42ab9ce003acc9df164dbec4a89aca96e02b1a71259dcaa5b7e4e,1,c5,c1,c5,c5,0.38148305,0.24502213,0.37349474,0.3629698089915494,0.24888408340527896,0.3881461076031716,0.3528391385734344,0.255334399107475,0.3918264623190906
12658,ca06b561fb4c341875c87cc752ac7af6186ca7f532e13f1c88732776ad3ba555,1,c1,c234,c1,c1,0.1725769,0.45947164,0.36795142,0.5090117823170499,0.2924369399461167,0.19855127773683348,0.39423352266912476,0.30373124359207476,0.3020352337388004
12659,0755e3ecd58d29c73520b8006896ca4c55e18411a499edaa4e91036c2bd5115b,1,c5,c5,c5,c5,0.17350562,0.33462873,0.4918657,0.28518879607636066,0.3155491441315026,0.3992620597921368,0.24698925483438294,0.35763998367516375,0.3953707614904533
12668,edcc942488501cfe1083a1eb9f8c14eb6c4c9e6f926c3a7c6c7827c3b5faa857,1,c234,c1,c5,c5,0.3830801,0.270111,0.34680897,0.15119210420625975,0.28635404807466164,0.5624538477190785,0.2255168481409591,0.25582393623683725,0.5186592156222036
12680,1bc88042f73dcec38e6f61eaa39750aaf7752ff9387abee4b31bd584cd21cf77,1,c5,c234,c5,c234,0.33985087,0.38230228,0.27784684,0.3003833647909335,0.3455977360891659,0.35401889911990064,0.3177159608295938,0.35294776512977405,0.32933627404063215
12711,d87d3d650309f07aa2139b646f040a37ca8b3a9f92db7774027461d0f0d4644b,1,c1,c1,c1,c234,0.47863364,0.33943182,0.18193454,0.3508378393667326,0.3344876040165537,0.31467455661671373,0.3154566430592964,0.360375893255934,0.3241674636847696
12713,b4ef612b13ec3464cbb3ce5b33459737508713dadb92b385787b6fa77e55d490,1,c5,c5,c5,c5,0.21048345,0.30298662,0.48652995,0.0872971339135043,0.2395371039103207,0.673165762176175,0.15526157142063746,0.2993606281157936,0.545377800463569
12722,6a9d716a8b107df1109a89d02d0f736631550ec6fcd7f02ec8c7f652206f7e17,1,c234,c5,c5,c5,0.092524126,0.34212226,0.5653536,0.18798158240531482,0.37601069364727024,0.4360077239474148,0.23499935560435609,0.31287791333004616,0.45212273106559775
12737,6c51e7b862cf01407f8608626e84d0c9c1118204d16e294807f5b248944e4316,1,c1,c234,c234,c234,0.34857836,0.43365696,0.21776469,0.2753591955455248,0.3969710930624255,0.32766971139204965,0.302754353258878,0.38584266976632753,0.31140297697479447
12751,38b15961273573c5f700199506258e324785b24e6be49d578a6ed59e9fb7f88d,1,c5,c1,c1,c1,0.59994894,0.29222533,0.1078257,0.5098268845071774,0.34116062433412203,0.14901249115870044,0.49808651168005136,0.35147927432597054,0.15043421399397808
12764,671d7b5d6de23d00fc82f7a13b74c0c10bb7bb1390d61595bcd6ee1b38eb7074,1,c234,c1,c234,c234,0.4445894,0.35653862,0.19887194,0.1917558039795065,0.5544428279164402,0.25380136810405335,0.2819079570790611,0.3931769693211545,0.3249150735997844
12775,a60929f66bea9b8ea40cb7d041641f0a6ef241d8fddf734ba41f1cad6708774e,1,c1,c1,c1,c1,0.46921447,0.33040228,0.20038325,0.64621816592652,0.25077459434046445,0.10300723973301551,0.4775339940471738,0.3267419632330326,0.19572404271979363
12793,4c5ccdc61961c9e6cb6c212d822eb040a35a4542d6c6cbab8daeafdb8ee94cb1,1,c1,c234,c5,c5,0.2468149,0.45558444,0.29760063,0.2567170328618353,0.36328945080354086,0.3799935163346239,0.2758478931198757,0.35185542123566854,0.3722966856444558
12807,9bcce2ba9b2d9aca407829f40ee10efdd8c3d6f2ec08fefffb89ea692ce016de,1,c5,c234,c234,c234,0.20563704,0.4856356,0.30872735,0.28686350429136137,0.459185656257286,0.25395083945135266,0.2805330707266018,0.40651432544125127,0.31295260383214685
12813,5aef3de1c9c741e3e4e128ec0683f2311e8814ab9198ebce4c0ee36313602547,1,c1,c5,c5,c5,0.22353035,0.3500802,0.42638943,0.2238827155288818,0.2855424924357274,0.4905747920353907,0.27607211970006984,0.3066236625229761,0.41730421777695403
12815,ea735a770d3fd6882fc36c70d7d56cfd48d7026a50eed2c73f869ef86147e255,1,c5,c5,c234,c5,0.2184881,0.2666407,0.5148712,0.3130097857083683,0.4836619615639663,0.20332825272766533,0.32063608559165424,0.33346213793532614,0.3459017764730196
12816,b9111f48e5c1acb605b551d225147a4cb8bdbb575daf2ae5d8b601ac45577c1e,1,c1,c234,c1,c234,0.28379416,0.3738489,0.34235695,0.3471466111761848,0.32857491278820694,0.3242784760356083,0.2584155063492938,0.39282825299337487,0.34875624065733135
12817,2f02b7c64192f6465ed5186a4672a3690eeb2ad98fc98a9ce0cc63a8859f5e79,1,c234,c234,c5,c5,0.25517917,0.45064443,0.29417646,0.21787622350253896,0.34261465099935107,0.4395091254981101,0.26220171666404346,0.3075069147966445,0.430291368539312
12818,8bfe1187842a2a4f93b4dd09aef065c7bae7c28acca957c88a34ff48b15064e4,1,c234,c1,c5,c5,0.40000716,0.2975963,0.30239648,0.3822966294206681,0.20331868553233118,0.4143846850470007,0.336007457520347,0.2076795712418446,0.45631297123780834
12822,af87442057a5e5fcd898c9f27f70f7c80e529ab4d26c91022bf9f0e2d547b34c,1,c1,c234,c1,c1,0.27205184,0.3655027,0.36244547,0.5381672749234943,0.22350760472735653,0.2383251203491493,0.3940210118814751,0.29725894507431116,0.3087200430442137
12825,8c4076175b43e4764a80691dc11d4db266a44d6da06ed49c6683c754abb325c0,1,c234,c234,c234,c234,0.3537155,0.37428042,0.27200407,0.3995563850651432,0.49187726345464167,0.10856635148021505,0.31011950207509564,0.4676348878064943,0.2222456101184099
12828,8b257913fb0a7fa8a81f5964472a7f242f929500d776fe236ecfd1306af91d74,1,c1,c234,c234,c234,0.2893738,0.46301788,0.2476083,0.3866475949418449,0.46256849542878326,0.15078390962937183,0.35687176966661877,0.4197123685833263,0.22341586175005498
12844,2c2f8bafcd5d27cbccdb4991940635a5183648b8d3f235466a5ace04faeb4bbf,1,c234,c234,c234,c5,0.34965193,0.47699627,0.17335184,0.32558597441824266,0.34739002207067715,0.3270240035110803,0.29198747234782035,0.3353350286466354,0.3726774990055442
12848,fde14e9da84f5954cfd4238dd950bf094bf06600f605a2ea8a61d1c3d3262fa3,1,c5,c1,c234,c5,0.4130211,0.32338786,0.26359105,0.19927938757801353,0.4133410743422382,0.38737953807974823,0.20119359249926075,0.38399716391828925,0.41480924358244997
12863,495a7ea2c26ca07305f7e3ef86a8470be9811b41f16caca6a4dfc5146c277f05,1,c234,c234,c234,c234,0.3037553,0.44851047,0.24773419,0.3747622669761438,0.3877733943047904,0.23746433871906586,0.35582378867746184,0.36543231708891954,0.27874389423361856
12872,abbee35b677a05ac2735fe06c205551a2e6627d7d974c779571523b1b9b3570f,1,c5,c234,c234,c234,0.21333592,0.4301153,0.35654876,0.182247892565187,0.5953848976922667,0.22236720974254626,0.2502541375879391,0.4686275251505553,0.2811183372615056
12882,edcc942488501cfe1083a1eb9f8c14eb6c4c9e6f926c3a7c6c7827c3b5faa857,1,c234,c1,c5,c5,0.3830801,0.270111,0.34680897,0.15119210420625975,0.28635404807466164,0.5624538477190785,0.2255168481409591,0.25582393623683725,0.5186592156222036
12896,ff7d230b8bc0333dc356d4478bc3f750dd082f4c3bcb14e4b25514ec25e10784,1,c5,c1,c5,c1,0.42514,0.33304253,0.24181749,0.3735227810557104,0.23704421881305116,0.38943300013123844,0.3530348282165662,0.3129557050370813,0.33400946674635257
12897,8e12540ae1976ab177a01b8439fa4824151326b7646979b4b141a714a556791b,1,c234,c1,c1,c1,0.6194749,0.2840372,0.09648792,0.6360946307814703,0.23431853061644667,0.12958683860208306,0.568818689073179,0.27758251663629113,0.1535987942905298
12906,ff7d230b8bc0333dc356d4478bc3f750dd082f4c3bcb14e4b25514ec25e10784,1,c5,c1,c5,c1,0.42514,0.33304253,0.24181749,0.3735227810557104,0.23704421881305116,0.38943300013123844,0.3530348282165662,0.3129557050370813,0.33400946674635257
12907,f835f8b3d062a3f1220cc4c5d8b3fb67d138491c516eee47f195f258cdb90d5a,1,c5,c1,c1,c5,0.42418948,0.27184838,0.30396214,0.4161729882530219,0.33053520314522983,0.25329180860174827,0.30868670208631854,0.28070027290048716,0.4106130250131943
12908,7eb817ba99c2537f8a3a1fcccbf0a09910b70791fadf6c6420ce58c61e96c863,1,c5,c234,c234,c5,0.21250074,0.409042,0.37845725,0.19381678847823056,0.44012486315623567,0.3660583483655339,0.21970651890430198,0.368921853348705,0.41137162774699315
12909,55d1c0798497414bde5e9e47bb2855af2122b2f18101b5e0004a4d55e4935caa,1,c234,c1,c5,c5,0.37026265,0.34878978,0.28094754,0.28970570827936354,0.16411846253588763,0.5461758291847487,0.2790063742618782,0.24582173716949143,0.47517188856863035
12913,0a8eb7e47905a703ca8ae88c957a1df3ea2b11a31c685c108ace15665435d4bb,1,c234,c5,c234,c5,0.30291656,0.32277584,0.37430754,0.1791249838896661,0.442240993623343,0.3786340224869909,0.27022840532019227,0.35999742336739193,0.36977417131241586
12914,54140287bc4a022d44bfb62ae6113bc1785175831bb48f6d4568e9e6a354862c,1,c1,c1,c234,c234,0.4665388,0.3725591,0.16090208,0.36274108784813597,0.46178216199491307,0.17547675015695094,0.37203643378253265,0.4289653411163984,0.1989982251010691
12927,1cf80ffc183327bf7070f493bd7e5cd1abf9ba0fa3fc07e23f460cae45f0dd11,1,c234,c5,c5,c5,0.13541293,0.36400726,0.5005798,0.19563565667681887,0.19066479390125468,0.6136995494219265,0.2670755935712309,0.2616062735250943,0.47131813290367475
12928,f1ed991a9455230bf28a39651fdcb323a54549291272e07aaf41064f07409b93,1,c1,c5,c5,c5,0.1352861,0.29884586,0.565868,0.08298329159394946,0.3033548299502437,0.6136618784558069,0.18427953993083732,0.3757173379619599,0.4400031221072029
12933,8652f75f4c1280a10e91bba12696d9f6ca2198c2db85c4c5b7f0206c105362bf,1,c1,c234,c1,c1,0.29729754,0.38374448,0.318958,0.6083909115083131,0.2774946205255484,0.11411446796613846,0.4666226292225175,0.3239163184313076,0.20946105234617493
12954,bed9c5059c70cd7771a053b52a1794b21ebc0cf64c613bf3935d13b7663f55a5,1,c234,c1,c234,c1,0.6396998,0.27362335,0.08667687,0.3654741581040666,0.5207160617185667,0.11380978017736669,0.4545182714441917,0.3710340221070642,0.17444770644874405
12956,641fbca51e36fdb8069697fb1673e918b18d3dce15d8282500dc5d1591aae984,1,c1,c1,c234,c234,0.36920315,0.35220802,0.27858883,0.2627546999377584,0.4774926157437243,0.2597526843185171,0.30243345030673224,0.39850864744126496,0.2990579022520027
12977,8b752c3bbd7ce478c9334fb8c43a1ccb3380e7bd653838304c9bfc76e01f6445,1,c1,c234,c5,c5,0.27452615,0.41618672,0.30928707,0.3572290553813102,0.22290574683235326,0.4198651977863366,0.3245620720065763,0.2810571637670497,0.39438076422637397
12980,ae67245b225dbfbd37131648a2d85064f7deafea3b4f3f712802f126954d9ea5,1,c234,c1,c5,c5,0.4183302,0.29104337,0.29062647,0.28588527038263856,0.21040883682094014,0.5037058927964213,0.3181556342582062,0.25640446825664753,0.4254398974851462
12981,6c244a608fd16f5d6481c75f563c43839fb6754c590b00b1e49034ac47ab8b7a,1,c1,c1,c234,c234,0.57702583,0.26847148,0.15450272,0.2585593059740973,0.5533911524420759,0.18804954158382664,0.3377322089254138,0.41050190209337856,0.25176588898120766
12988,e58c0a9eccd6255fd23636b664009ef30d26814dd7997ee6b2c53d379a15a6dd,1,c234,c1,c1,c1,0.3895831,0.32688433,0.28353256,0.5589094934240127,0.2594737986298424,0.18161670794614485,0.4408795892746265,0.2946877521800513,0.26443265854532216
12995,8913ded78297828c99f5cd9ab13bfb519f9e75ef8116136e53a27d1a200e425a,1,c1,c5,c1,c1,0.24673368,0.28015321,0.47311312,0.49708963722989735,0.3302778369452395,0.17263252582486327,0.4792746749357275,0.2966030303613274,0.2241222947029451
13003,baccded1d87e49923292c2693791adea1c99d6071a50e358cd56cdd5b709e768,1,c234,c5,c1,c1,0.21555242,0.33076718,0.45368043,0.40952135800195094,0.3803383650673654,0.21014027693068363,0.3691490174583173,0.3400173734201036,0.2908336091215791
13023,aaa2c057ae4a1a07ade25e2ea42e57654941256325fc2a20946b2b127ba2bec1,1,c234,c1,c1,c1,0.446387,0.391728,0.161885,0.4591281323968927,0.3385951634150753,0.20227670418803204,0.46728402802020624,0.3304073828544993,0.20230858912529454
13024,0c7754ea542ed8a9fe11df16a9793da51aa31a70ec469199568d7d1d422cbf81,1,c1,c1,c234,c234,0.39227313,0.35039434,0.25733256,0.1566733418431942,0.5442268724505978,0.299099785706208,0.23739721428461824,0.5144466452282942,0.24815614048708753
13028,19ca74b4bad7c077bd12e6bc58a69d77ab53cc5dde14c63cb18e7b15da797f09,1,c5,c5,c5,c5,0.17563191,0.24919486,0.5751732,0.23407938885958304,0.18312338614338203,0.5827972249970349,0.25980767808236077,0.2553908694621319,0.48480145245550743
13042,b0c80c6464c17432bc0e8a51db374cbaa12878f198fe11b5f4de86d34be3e12f,1,c5,c5,c5,c5,0.32813096,0.25301063,0.4188584,0.30719634603759455,0.19005082905368473,0.5027528249087208,0.27015395586934526,0.25917153107772994,0.47067451305292485
13045,3448786f5306750d68e71621b8cb69212c4518b4531fbd72a8299b5ca8c48538,1,c1,c1,c234,c234,0.45514026,0.23944302,0.30541673,0.1948807242161012,0.7151166549521194,0.09000262083177941,0.3542572582206605,0.4320757525130741,0.2136669892662655
13059,de8ff6d22c102d114a41db0ba2ba59e67b17f7c790a556ffde5dd487594c29c0,1,c5,c5,c5,c5,0.27893284,0.3326803,0.38838685,0.26086942177994077,0.36949440745578827,0.36963617076427085,0.2556092356915461,0.34797657828820894,0.39641418602024503
13060,8d1c433070875f7344f6daf6cfac2013d1abb5ee51052fde97ea765cdbe40607,1,c1,c5,c5,c5,0.24990764,0.3423279,0.40776446,0.1738391440951736,0.18696918203580737,0.639191673869019,0.23365424577427665,0.2278940278691559,0.5384517263565674
13065,498b40eb5a2c34396b32f792984b2330b15f8ac9abc7363511d3d733840ad69d,1,c234,c5,c234,c234,0.20330219,0.35254928,0.4441486,0.1459805419345832,0.5675173728443883,0.28650208522102844,0.23142754966483856,0.4182743850593449,0.3502980652758166
13077,744faf92f2fd28f7c57724e616330344792b999f9072002b1d883b8d21a23c60,1,c234,c1,c234,c234,0.5068957,0.35123703,0.14186724,0.2464487305570559,0.5502452244983977,0.20330604494454618,0.2973885359769706,0.48089774248164446,0.22171372154138488
13082,29a7ef1d0df624cf42f02eac9f06f99e0f2b2acca961b75522067f88e5bf2f01,1,c234,c5,c5,c5,0.2119972,0.24537908,0.54262376,0.17479052892628963,0.214354429218275,0.6108550418554354,0.2343003849873037,0.2631948412729902,0.502504773739706
13084,59b72298ea043049bc853e1b60c560cd5e7fe2172a715074ec06db661a5a9561,1,c5,c5,c1,c1,0.17192446,0.3046421,0.52343345,0.3688996924403995,0.30865229752278134,0.3224480100368191,0.4034737555012148,0.27706152871718864,0.3194647157815965
13085,6277bcbcbed5e42087a699f17c123c1023a8ab554ee2fdde8db5008b8a043efa,1,c234,c1,c5,c5,0.4043022,0.35956055,0.23613724,0.31043650958985586,0.26452150981241235,0.4250419805977318,0.29304596538389377,0.292817342838855,0.41413669177725126
13091,7931bf7e99d08b5f87c3922596bfddfd55da1358f9ff7ae36aafacbf8608232f,1,c1,c1,c234,c234,0.4868651,0.25803804,0.25509682,0.25856256769667824,0.4422418405706998,0.29919559173262184,0.25996449950138184,0.39343671208382724,0.34659878841479097
13095,645640449f983710f95b9e67534edc0ec017b97d0855b0cbbe22cb1b1ab57a5a,1,c1,c234,c5,c5,0.31064844,0.3838277,0.3055239,0.2733783759428245,0.3549432325772147,0.37167839147996073,0.2854232615566035,0.33381980148628576,0.38075693695711077
13098,80260a42d55261c7d5fb0182d4df286fdbc6ca169cc6d51033818ea8e4cb98b9,1,c234,c5,c5,c5,0.2893395,0.34156927,0.36909127,0.3416363886273887,0.2041082593951843,0.45425535197742684,0.2852040767909705,0.29140566037991933,0.4233902628291102
13105,dbb214def4048f550e4810ae4ae29c0a81408bb5d959caab6851727e4731320b,1,c1,c1,c1,c1,0.45100906,0.32434076,0.22465026,0.6123349203747308,0.28831322979853485,0.09935184982673435,0.607575129297972,0.27523084650533886,0.11719402419668914
13110,04e97e6b292be4c6f68f9a565da863c4fe512eae926d0bd938ef22ec23532f84,1,c5,c5,c234,c234,0.21127084,0.35441884,0.43431032,0.23674085480201357,0.4261358309001325,0.33712331429785386,0.25416178283377255,0.4250877229406196,0.3207504942256079
13126,9a17ce42c52a8d5b80e5736d0127a2df0fde84602aecfaaa551f21988e1f6591,1,c5,c1,c1,c1,0.4077381,0.22347341,0.36878845,0.43122363387137735,0.27508419161069875,0.2936921745179239,0.3711129821984205,0.2703955235353928,0.35849149426618665
13129,4224ddcaa82162b368c23b44318e4b083fde4dbb6e8ac77e3caeefb20cd6d172,1,c234,c1,c5,c5,0.42689273,0.3481984,0.22490883,0.2685329032634618,0.3346365794754133,0.39683051726112495,0.3260919281634224,0.3085171002566669,0.36539097157991074
13139,fbd85f0dd7be55ecd4d8bff32c122a0d5e8f4188523c9be7cf170bdd873bdf8a,1,c5,c1,c234,c234,0.4363347,0.29718053,0.26648468,0.24319293697530409,0.5057529576576794,0.25105410536701656,0.2874442629548369,0.4033780137150508,0.30917772333011245
13146,5e362ecffd4adcf73050b8600534c07c4f9c4feb43e93485a2e3eb720da2b68a,1,c1,c1,c1,c1,0.47881308,0.36781076,0.15337616,0.4580760555891571,0.43424570070153007,0.10767824370931292,0.4507809169600492,0.387108606828039,0.16211047621191182
13152,39802c91ec778b495ee5b7df9643b9c184c72a6127432cc02ce0b21747fd067e,1,c1,c234,c1,c1,0.33660954,0.37739232,0.28599814,0.6584901908519804,0.16009198113847822,0.18141782800954143,0.47746804857579916,0.26786849215109376,0.254663459273107
13154,a35c1987f5780f041b79cdaf8c8470de996eeef945433e048d73b797007f2328,1,c1,c1,c1,c1,0.52640796,0.22300297,0.250589,0.4499175556679799,0.4143653968614159,0.13571704747060437,0.42020524313869684,0.3066744687792653,0.2731202880820379
13162,a63ad09adbc08a2190ac524b7f91f9265247c4db7c22de66c82fe5300c107d25,1,c1,c234,c5,c234,0.28804037,0.36391863,0.34804106,0.25018636194686555,0.2941083128346136,0.45570532521852086,0.2732266871775402,0.367259975365063,0.3595133374573968
13167,4ffe1849ebae86b973cf9008c3c07603de9d2d09e08a0bfcef78cde061ea48ab,1,c234,c1,c234,c1,0.49042442,0.33037096,0.17920469,0.3964528723438062,0.42215749903049643,0.18138962862569732,0.3947611021904147,0.3793615156521109,0.22587738215747433
13168,7ae8d234c18ddf89daa2c73d8ea30a8a79ec93613e1bc9e56c2ad5ded6028aa6,1,c5,c5,c234,c234,0.27931315,0.30975997,0.41092694,0.3740835477575832,0.46560797846090646,0.16030847378151042,0.35540592660380965,0.36492599703468553,0.27966807636150487
13174,ad37ea9d9c13e724499790c0d1e541be6e6b9a964b7ca64c6f711463984aeefa,1,c1,c1,c1,c1,0.39694586,0.3778261,0.22522797,0.42290864890265567,0.32773517620951503,0.2493561748878293,0.3926323096555238,0.33385406434610815,0.2735136259983681
13190,e345d060092e6779ff8fb99fe8d24e3fb0a418dec3cc97df1f63c256e50eb2a9,1,c5,c5,c5,c5,0.21504597,0.30176455,0.48318946,0.11387440997279431,0.40471234701863484,0.48141324300857086,0.20727283515894543,0.3101098016912158,0.4826173631498388
13195,edcc942488501cfe1083a1eb9f8c14eb6c4c9e6f926c3a7c6c7827c3b5faa857,1,c234,c1,c5,c5,0.3830801,0.270111,0.34680897,0.15119210420625975,0.28635404807466164,0.5624538477190785,0.2255168481409591,0.25582393623683725,0.5186592156222036
13209,2d073dbb0728c3998a312418af652cba4ff892fc5a5ea48e92cef0b75cb2f4bb,1,c1,c1,c1,c1,0.5384089,0.2541159,0.20747524,0.5472202218383179,0.25302490600203503,0.19975487215964705,0.3746651240746137,0.29170472704260214,0.3336301488827842
13215,13b17067004ddc6bdfd8d5385521f3debc2cd1280bff07617922f9de931a93fe,1,c234,c5,c5,c5,0.08051355,0.2804755,0.63901097,0.11072632319515975,0.2796966723562713,0.6095770044485689,0.17871319724210588,0.3209226751792791,0.500364127578615
13224,49052cc14c93c39a9e38ca94b9d21a72621c13cdf42a9a01447d01010e26b992,1,c1,c234,c1,c234,0.32105112,0.39625394,0.28269494,0.3933312215469205,0.2857591723317075,0.3209096061213721,0.28109021032546605,0.36075248771571927,0.35815730195881473
13237,eab9677dbd52b9d4415fe4c6bde5ad7d68d2ce9f926b1f2c784cb4afa955136e,1,c5,c234,c234,c234,0.29949936,0.3777289,0.32277182,0.24928101419516152,0.4719579820755957,0.27876100372924273,0.2811221593777539,0.44923771604320717,0.26964012457903885
13239,bc7d113bc709a95497ca3d01f8e01b648dc6f8fecdad4c4a2c035dc2a7c89475,1,c1,c1,c1,c1,0.6100116,0.29557654,0.0944119,0.4873583358072787,0.3278929066919728,0.18474875750074854,0.4876040660628892,0.3225146951670405,0.18988123877007035
13240,1442801b3929cbd2182f84b42b333a2417a04f9ced83bd8e5f310c6c00661a78,1,c1,c234,c1,c1,0.31908908,0.4109664,0.2699445,0.42815031088545835,0.40268291539906825,0.16916677371547326,0.4057525168975995,0.40268798822189034,0.19155949488051013
13259,a80dca2d7cb0ddd90439a8da3518707625576ca50a2448a9660c8ecb6a422496,1,c5,c5,c5,c5,0.1463679,0.21939477,0.63423735,0.11310745674605638,0.2814114989017596,0.605481044352184,0.1969291390063363,0.282670899654616,0.5203999613390478
13269,0ea13933d713abf452a9c037a564d01c27044503a13538fe27e2554e36fedb95,1,c5,c5,c5,c5,0.23791824,0.31207654,0.45000523,0.14138945609120748,0.4237171295824366,0.4348934143263559,0.20238760162997682,0.32739028409324117,0.4702221142767819
13273,9aa643fcb33bc9738dbb8549bdba638da4599276ce4951fcc5220c8262f316f3,1,c5,c5,c5,c5,0.18187506,0.2465752,0.5715497,0.28028678291025627,0.2321892157471737,0.48752400134256996,0.2618795583097115,0.2771384963684992,0.46098194532178943
13282,4fa797412284758f5aeca5b7aa9518a47fda3efbfeda308c1bf3da0015e0d90b,1,c1,c1,c5,c5,0.5107973,0.24232087,0.24688183,0.39666581656625327,0.19879870112448983,0.40453548230925684,0.27131949419269763,0.23757343889139618,0.4911070669159062
13286,9e98b96e7130e8d8e2c50602c9a4dfced287565428fcddb1e10986cc78760606,1,c5,c234,c5,c5,0.28457335,0.36622375,0.34920284,0.3189520902200208,0.2840249457441508,0.39702296403582843,0.2757128230589451,0.32325892445352356,0.4010282524875314
13311,d537ec3fb4fbfc78e91b025f019f98006e9de15e5b990a61be63a8a9044ef49a,1,c5,c234,c5,c5,0.34294766,0.36318088,0.29387143,0.12446779047592149,0.3569028183225669,0.5186293912015117,0.21498022384966867,0.3589667131328506,0.4260530630174807
13317,591c05fde753f4ed9f51cfa351669a821af173aed3cf0df6f5e18f90253e28e9,1,c234,c234,c5,c5,0.361081,0.42164436,0.21727456,0.22816341605669224,0.3735711649910256,0.39826541895228207,0.24706414532736434,0.36472598752495927,0.3882098671476764
13326,fecc46314db3dca373e6ebe26819d328fd51c5f795897a27720327cc08cb9ecd,1,c5,c234,c5,c5,0.34972095,0.3938736,0.25640547,0.21749939664705806,0.22096855439644916,0.5615320489564929,0.2783456092494846,0.28922975880549795,0.4324246319450175
13327,66ac281f0cff15b1f4eb2567d288077661e7be7bde8dc30482ceadaeca1f6527,1,c5,c5,c5,c5,0.1017848,0.2958175,0.60239774,0.1430322691663643,0.1453291040754399,0.7116386267581958,0.20463318998716212,0.23968970991768337,0.5556771000951546
13328,1cd32bb125e8f45f13e072e528720d3c2964a9157a8cecc0612ec586d31282ea,1,c234,c234,c5,c5,0.23598136,0.4145916,0.349427,0.3324468627690959,0.31582742522444174,0.3517257120064623,0.26142843190010034,0.3349169577508239,0.4036546103490757
13334,4937cbb40bc33b461b431fe12f500977a219d36e0ad41f3be33ff50dc3c65058,1,c234,c5,c1,c5,0.23975806,0.33059794,0.429644,0.3673667083756537,0.2844623742321915,0.34817091739215483,0.2916565259681343,0.3462837506878771,0.36205972334398867
13337,6c8df95e54f93c76774c356029a29b993884b695314032f814df1493741eb07c,1,c234,c234,c1,c1,0.33805838,0.34862238,0.3133193,0.47332630046072066,0.20001118051448846,0.3266625190247909,0.4360475418748187,0.2698494481193403,0.294103010005841
13341,2122dd604905ff9f22dafb4787b7eeeff96d550b0fb611aa69668fe1be2e1563,1,c1,c5,c5,c5,0.25436848,0.2588747,0.48675674,0.25868750088037157,0.24507609338718242,0.49623640573244604,0.3345735759727466,0.2471415987577045,0.4182848252695489
13345,5893533b373efd029c5d094baf02d4d510a4c8865062401a8618dbc110ae8cf2,1,c5,c1,c234,c234,0.4693144,0.3545099,0.1761757,0.22781914846263976,0.5526107950362567,0.21957005650110373,0.3161492882750179,0.4011441132030645,0.2827065985219175
13358,01c1c6ed9d5211edcbb472a4e29e7c4077e5f93feeac91b812d79fac0d8e9f08,1,c5,c1,c5,c5,0.4440461,0.3308822,0.22507182,0.3395006885276593,0.28085072570698943,0.37964858576535127,0.3269414092645573,0.2919186486231159,0.3811399421123269
13364,a33fe40ecc092bc3c1b5b12fd27d663e809919349e08a858a3ab68a5d67b082a,1,c234,c1,c1,c1,0.367601,0.3574822,0.2749168,0.414727346904147,0.18077764139962113,0.40449501169623187,0.3551858548668133,0.3306081714146142,0.31420597371857245
13366,99b20588da78fafa78cb0438282a183cad99b3e4e1713a994cf0b581cbc3a4c4,1,c1,c5,c5,c5,0.30735263,0.34122404,0.35142332,0.2845295549437705,0.1997399391863923,0.5157305058698372,0.3003489665345796,0.2365287394509558,0.4631222940144646
13368,9101e98b4519428d6e03452a108f5458164f896d214e3ad1aa7c7df0d2fbfb0e,1,c1,c234,c234,c234,0.29182673,0.44568774,0.2624856,0.19235864161165075,0.5424316194750985,0.2652097389132506,0.25373559582064564,0.4566206737810062,0.28964373039834823
13370,72ff92e229a8a86c85a924ed188e5794e1edb08b1cc6a420629cf7a80b164f5c,1,c5,c1,c1,c5,0.414099,0.3525944,0.23330663,0.3632941659105793,0.30168953787619573,0.33501629621322504,0.3352730725765495,0.28834716739048355,0.37637976003296697
13373,eed2f29cb864ea90bb6c8db2d74f9b623315c5a29a40b093500823e554771e3a,1,c1,c234,c1,c234,0.1888568,0.46229556,0.34884772,0.4312074852909955,0.3645338249450947,0.20425868976390985,0.3538712617854698,0.40388011123712536,0.2422486269774049
13389,93ee996b6f2073a8dd9fa563f08ca699bbf5c82d5cf59f32967dce3dc73a4af1,1,c234,c1,c5,c234,0.5107337,0.32955244,0.1597138,0.2511893500276793,0.32429577283209193,0.4245148771402288,0.30099445807861824,0.3526181104521185,0.34638743146926326
13390,c775acb28630e4daed50a6ee95033a584ddd5ba552c0a3248ac054f02abd3c56,1,c234,c234,c234,c234,0.27237898,0.36417693,0.36344415,0.273611785941066,0.46007604538393027,0.26631216867500374,0.3112473731796276,0.3641514271537774,0.324601199666595
13393,458d2d9e9abafe04abc5775d9c21b940504661da4f2533639d65b082a89710a5,1,c1,c1,c234,c234,0.44271365,0.36606085,0.19122553,0.17649942083899478,0.6469536688229834,0.1765469103380217,0.265994538072361,0.5252590493885315,0.20874641253910747
13398,4ca563de9ae4d9797ea38db812c71eda56939ef33803e6087f42cf8300b858b4,1,c5,c1,c1,c1,0.4356807,0.30318365,0.2611357,0.5374617222392191,0.13106557549195544,0.3314727022688254,0.4128299693201218,0.22981997858322042,0.35735005209665777
13404,9e888ce9750360fafde0333ca243cda030e9cf61d3136caf841457d1f6bf25ad,1,c234,c1,c5,c5,0.6362341,0.24245651,0.12130936,0.27905941924065836,0.27405195484857386,0.4468886259107679,0.25952325830730727,0.2788884406122595,0.46158830108043325
13414,d564c7b0ea6220923d9836b664b9ce4e80aeec800bd2006bc7676454dab80105,1,c234,c1,c5,c5,0.39814523,0.25632003,0.34553468,0.09641970982396043,0.23579499944573235,0.6677852907303072,0.19613841819226363,0.26184637538987215,0.5420152064178642
13418,ea83843b07093e65862c227b83567f0fb79baf048f6183224c24d8b95204a752,1,c5,c1,c1,c1,0.5617983,0.33596778,0.10223392,0.46510047779507924,0.4506776009107635,0.0842219212941573,0.48624206606937176,0.39446969670863474,0.11928823722199353
13423,7632c2a70df9394eb74cd1511e25c8b54279ee90b0968a41277afe27bc3b55a6,1,c234,c5,c5,c5,0.1736884,0.31328702,0.51302457,0.2874395851689756,0.345207140556035,0.36735327427498937,0.23548179110051362,0.29263040343119995,0.47188780546828646
13428,25bfee0ee0021056cb3526770b4447da6d8502c3901a75eb28e8dd5de9bdacea,1,c1,c234,c1,c1,0.3228525,0.38697597,0.29017153,0.43713417595400705,0.2736124260788976,0.2892533979670953,0.3781046405160263,0.296637345108114,0.32525801437585966
13429,531a4784d1cdcc3fd62e51276c309dac909a20ac4c0e6fb8d47982ba6fd37ed1,1,c5,c5,c234,c234,0.13989787,0.35580814,0.504294,0.1490256585926403,0.4591444582071528,0.39182988320020695,0.2556080403796654,0.3873072315947488,0.35708472802558594
13447,e836d7537bc34e1a051f87a5d44d02d6d645103b2397be69f558dac5bfd16275,1,c234,c5,c5,c5,0.0794506,0.22114365,0.6994057,0.13299528954794004,0.21577427764991086,0.6512304328021491,0.20307283180117577,0.2603035910394356,0.5366235771593887
13453,6cfa994ebe37bff2e09393fb088d0c518a780a6b8ad7906cd489ceaa11a8b145,1,c234,c1,c234,c234,0.52205473,0.3318605,0.14608476,0.21909158165924372,0.4253284547570357,0.3555799635837207,0.3027325565448258,0.4174031172589475,0.2798643261962268
13456,7b29867853f04911380769aa144fb0b052cf3167ce4e3e84f7cd76cc7d6f3b93,1,c234,c234,c234,c234,0.2510549,0.44540802,0.30353707,0.13089355500752264,0.6226292602674272,0.24647718472505012,0.23057077996732697,0.44860783758632194,0.32082138244635106
13458,059c0a700e3e98ea73552c702c3b3a2fff30d42ce0424c0640b39d81fb32e91e,1,c234,c5,c5,c5,0.1561714,0.38335904,0.4604695,0.2196390192011248,0.2562083732630221,0.5241526075358531,0.23156688186822202,0.297176798513896,0.47125631961788195
13460,0b83fb14bd3fbf01429cf25d13ac8c4ccb8c6ed393bfb1cf1e40642315d6d428,1,c5,c234,c5,c5,0.3223229,0.3403298,0.33734733,0.37534475173150744,0.21859809272025835,0.4060571555482343,0.341691933803147,0.2750681313991906,0.38323993479766233
13471,89f4da77f24d63eb0be342c371aa6fe47e86f926c6b71578e3e584c9269b881e,1,c234,c5,c5,c5,0.21691857,0.35225028,0.4308312,0.27286398087933766,0.2490888443771239,0.4780471747435386,0.29203059974572154,0.3248141542021348,0.38315524605214374
13477,61b5ab91387d9ac63c59d7c6a09606a394563fd78c78a4687fe7ee7f7bc01e00,1,c5,c1,c234,c234,0.46978638,0.30006957,0.23014405,0.14411679816770837,0.5325309255471424,0.3233522762851492,0.2693028281138596,0.3839754827588097,0.34672168912733076
13483,e74496a507ca2b5b755c4b6370a6b0aae6b71bab85da6dc35001883650b2746f,1,c5,c234,c5,c234,0.31738272,0.4208662,0.26175106,0.13637842779102782,0.4242023236596086,0.43941924854936354,0.22814253248311,0.3945021232649405,0.37735534425194944
13489,3b21ae65ae6aeee4bcca00782def1d5c2a6d440b5f53361f69f3640ea6a985a2,1,c1,c5,c5,c5,0.267133,0.31935704,0.41350994,0.3250759923218005,0.308197687810405,0.3667263198677944,0.2959388362244118,0.3294492069168472,0.374611956858741
13500,76ace83f98b34758d482fa339fa2d6c94cb8d478b42a375baf12fc22ab2e078e,1,c234,c5,c5,c5,0.25791106,0.3551848,0.38690415,0.2363634946871701,0.2437946920674129,0.519841813245417,0.23667938564662466,0.30120200564305455,0.46211860871032084
13509,6435815c422b3d7bd17b40468d76ff72d860b714482f19dfadf6782e020d5c66,1,c5,c5,c5,c5,0.1535471,0.35279763,0.49365532,0.11314937714313793,0.25141912769528696,0.635431495161575,0.18215052319611394,0.289880459355633,0.5279690174482531
13512,9ca899bd5fed9d3fce1f650a53a4ac688262cee31af2b7c76a939bfa43d3e67b,1,c234,c5,c5,c5,0.3547656,0.24263018,0.4026042,0.33939311313278964,0.2960352014333373,0.3645716854338731,0.2759404007133222,0.2892032176301554,0.4348563816565224
13515,75ee1cdba0e036761ab9f90beb0b773750f70903af53a1d0f21cc508c375a7f6,1,c1,c1,c1,c1,0.42313,0.2687058,0.3081642,0.4803148041203882,0.30054949762828537,0.2191356982513264,0.41295567897115376,0.31605326909890363,0.2709910519299427
13517,7682af60819dc4601cf960d127cd2ff328e2cc125e4e4fc27cbba284052303eb,1,c1,c5,c5,c5,0.1496428,0.30138972,0.5489675,0.2857738703741049,0.13349162666229952,0.5807345029635956,0.2923196666021065,0.247365142054541,0.46031519134335247
13520,6b3509736ec287a53bd540bc97616c09decf06bf1f4bbe66971b634d420d427e,1,c234,c234,c234,c234,0.2897049,0.4269924,0.2833027,0.12937083436256472,0.58765981102848,0.2829693546089553,0.18881720889795423,0.5253703583400321,0.28581243276201357
13533,0a371eb93192517cdf0d1a1e1c5fa6afb1e717eaf737689d3fd096a2e30f31c6,1,c234,c1,c5,c1,0.47789153,0.3199755,0.20213301,0.39217155947548976,0.20442794140247905,0.40340049912203124,0.4239741160817829,0.2681074180341818,0.30791846588403526
13537,cdae0a77e15657af89ce8cc5232b64b831cabffa2fbccb61294a8d4a147c7d1f,1,c5,c1,c5,c234,0.40053928,0.3682102,0.23125052,0.3012990096156323,0.2850146688839976,0.41368632150037005,0.31084275841481535,0.3736782858937775,0.31547895569140716
13542,24e75db34b7a6c5d6d567a3f6eb051d5bddb5312f966f49a0414d1e4c0e33c21,1,c5,c1,c234,c234,0.41932678,0.3934433,0.18722992,0.11234517198419672,0.677750692458496,0.2099041355573073,0.2182643590398124,0.5525132987777501,0.22922234218243762
13560,ddb309267106084aae64ed196347b8d3b26d99fc68f7fd9b4b31234969e03718,1,c5,c234,c5,c5,0.21077785,0.45140436,0.33781773,0.1588972355150881,0.34543743216175815,0.49566533232315374,0.18289222507163408,0.34410593924395644,0.4730018356844095
13562,fc781a10985f80a501cd17e8a7cf5727d9582bf86dddd45d88e499d172b9b9c6,1,c234,c234,c5,c5,0.38121206,0.389807,0.22898094,0.24069711884911754,0.37165071258182725,0.38765216856905527,0.2922821794664122,0.34018419981720305,0.36753362071638473
13579,26a3e7a1b4bb7ef7290b20236d6812bb78c338ea9522e2f6f5a82bfe4b6588ab,1,c234,c234,c234,c234,0.33238062,0.39149138,0.2761279,0.18842308622131493,0.5951851847611128,0.21639172901757234,0.2640983900906416,0.480865075896336,0.2550365340130223
13589,c1ace9d3e764412cc0ac101a388a2df8c5a9d1560e3ec9f7b04d14f1f4f013c8,1,c5,c5,c1,c5,0.27986035,0.35810974,0.36202994,0.3600234173048078,0.334860886182122,0.3051156965130702,0.3058099773171374,0.29289505760535167,0.40129496507751095
13594,a51fb748bba6ac2e191fb1eb81ce463d174ff219793cf25facfa84c1bed044de,1,c5,c5,c234,c5,0.20538065,0.35932842,0.43529096,0.1488762460321294,0.4385629803676877,0.4125607736001829,0.20504880670098452,0.3496049321896819,0.44534626110933356
13596,3dfb023c236739acaf589f1d6e5e3c8d4db48fb1646123187bbdb331bb42c1fb,1,c5,c1,c1,c234,0.40892303,0.28179535,0.30928165,0.4751371765937426,0.4170431755706943,0.10781964783556301,0.35450999089988944,0.4069827478529026,0.2385072612472079
13618,af96e6c9dd3870fa9039f4609ff4ba1eb24da30489f51284e9efa99038643a49,1,c234,c1,c5,c1,0.51532555,0.30321592,0.18145864,0.24619193951853566,0.3732319069566789,0.3805761535247855,0.37304748816762867,0.3221207654179988,0.3048317464143726
13626,4057deb995e35dfddf6950238af46b84fae238e3859262f0125333c870ad9f81,1,c1,c1,c1,c5,0.38492808,0.24204203,0.37302992,0.4606494640164095,0.15281096063744273,0.3865395753461477,0.3650331736462798,0.23089523917156862,0.40407158718215164
13633,03ef56d937f1c5ec5e58a37e684235ef2f22bd5c9b6750d0473fec35ae86da8b,1,c5,c234,c1,c1,0.3024664,0.44574797,0.25178564,0.37417303000348145,0.3364769797409381,0.2893499902555805,0.34326776763069067,0.3247693889519225,0.33196284341738685
13646,7fd78c82eecaf5424550489b216c2fedfc0575a365d3a6f1ca150a81bfa1cdba,1,c1,c1,c5,c5,0.3726877,0.3436595,0.28365278,0.2242601665691951,0.2082493933079212,0.5674904401228837,0.2716494748829103,0.27418305398043785,0.45416747113665185
13647,37c5d833dcd917e63f4be85b1dfde0939403b0e6d6514a03d661b315ef868ce5,1,c1,c1,c234,c234,0.40819427,0.37850976,0.21329592,0.3964589657448469,0.5349550980178852,0.06858593623726783,0.40626155523597146,0.46161180639363764,0.1321266383703908
13659,f3f14b7a767fb39a75c3abbde94c345d1bfa3e9f181e09e63f9fea4c6a5f4c41,1,c234,c234,c1,c234,0.2762865,0.4484588,0.27525473,0.4002994831791269,0.30343278870091933,0.2962677281199537,0.2727316552178573,0.3796123084649941,0.3476560363171485
13679,5b964146ee57100dd12020a5b24086ce02e6ad66b5c56ecfd90347490c6f2e6c,1,c1,c1,c234,c234,0.4377768,0.356327,0.20589626,0.3041257178994396,0.43309571113563944,0.26277857096492085,0.3461838751311911,0.36376254644163614,0.2900535784271727
13685,78e2d09b416370be101412420acc8aa5abb0adb33ca4aee04931d6f0a7d99a53,1,c234,c1,c234,c234,0.397428,0.23858674,0.3639852,0.3449364762155875,0.4315836362072645,0.223479887577148,0.31673451610008746,0.3574022835582112,0.3258632003417014
13686,0fdc2f855f0e02b60e5b0fa1b57a669a0727a50316dd23703338be6a744cd7c7,1,c1,c1,c1,c1,0.45611307,0.33711872,0.20676823,0.3872180052989216,0.3538947476827578,0.2588872470183205,0.39192171231998557,0.3531283049055417,0.25494998277447267
13688,85bcb5eec2043b9e20bc77e3ca3e69fe684c7a598c50b74b91b95683cbc7f081,1,c1,c1,c1,c1,0.38249892,0.35668015,0.26082093,0.7580400546453407,0.18904531154786167,0.0529146338067976,0.5619508433766877,0.32440485369493477,0.11364430292837753
13692,d86f34880697f7dd9d23ba92a76c58ed08fe615a257306806f9281b5dd9f9405,1,c5,c5,c234,c5,0.34109768,0.29618475,0.36271763,0.19296998977749813,0.47886119575324265,0.3281688144692593,0.21990462215819398,0.37205854188549026,0.4080368359563157
13698,aeb997e4d2a389a668eb8a77a28a7d8ce5fe9a2ef6e3e5b5baaa2faac1c352ad,1,c5,c1,c234,c234,0.3725885,0.35979486,0.26761666,0.2470945757088938,0.6364289648201349,0.11647645947097125,0.33155317624873887,0.46268771530945246,0.20575910844180875
13704,beb973465a7bf56626cb91872551c13c86763a4332aefeb4ec952dea9129511f,1,c1,c1,c1,c234,0.4391385,0.40279633,0.15806521,0.3987671910230042,0.30479740093471025,0.29643540804228563,0.3493496442991115,0.3923796710400268,0.25827068466086184
13709,7ae8d234c18ddf89daa2c73d8ea30a8a79ec93613e1bc9e56c2ad5ded6028aa6,1,c5,c5,c234,c234,0.27931315,0.30975997,0.41092694,0.3740835477575832,0.46560797846090646,0.16030847378151042,0.35540592660380965,0.36492599703468553,0.27966807636150487
13710,85bcb5eec2043b9e20bc77e3ca3e69fe684c7a598c50b74b91b95683cbc7f081,1,c1,c1,c1,c1,0.38249892,0.35668015,0.26082093,0.7580400546453407,0.18904531154786167,0.0529146338067976,0.5619508433766877,0.32440485369493477,0.11364430292837753
13720,f682e116bb35837da9e6c6ab2d140b9ad6d3fb0bfec9e9568e3bacbdf19716d3,1,c1,c5,c5,c5,0.12666927,0.23651984,0.6368109,0.13389803880703624,0.22252044226769319,0.6435815189252705,0.20664615812650763,0.2619324020847943,0.5314214397886982
13722,8c8e334c844baddab3f60611fc03d4b3408fd7ad8db91ff27ba21cdea3336dbc,1,c5,c5,c5,c5,0.2931361,0.25992402,0.44693992,0.18108728016210715,0.19166938225852356,0.6272433375793693,0.25360505097501695,0.24508859191883378,0.5013063571061493
13728,b7ba96ab0cd91e632951a064e5b1b19b00bd46c1524d35c79fe5f4fcd9e1ee95,1,c5,c234,c234,c234,0.34088784,0.45108074,0.20803137,0.18939537376820387,0.5139345931509387,0.29667003308085743,0.22136754184652943,0.4922076543476742,0.2864248038057964
13730,25cf7cd0b47bbad67e8e31a6c1b2ff16b0843b147eebd7fd06615af6be6a646f,1,c234,c1,c5,c5,0.40381718,0.35829172,0.23789111,0.31043650958985586,0.26452150981241235,0.4250419805977318,0.2973833891707319,0.28830990786927685,0.4143067029599912
13732,611e299250b58a721eaa23010a24e63e05d3d0371f550a69e6f682a7443c0a73,1,c1,c5,c1,c234,0.24137338,0.36410278,0.39452383,0.4467667227295458,0.34039343889394535,0.2128398383765089,0.3293857431410282,0.3604698771890819,0.31014437966988984
13739,082aecb61bd756aa42c83ed3b50ccca16a312b7c7d883c4b92b19b37e8b583cf,1,c5,c5,c5,c5,0.23455939,0.3168211,0.44861946,0.3421595207332709,0.23288548374619247,0.4249549955205367,0.2867069005110037,0.29715586128644805,0.4161372382025482
13743,9c29cc76f1cc23ad0c0aac14d9fa101bc949ca79b505537f6ce36399937a7c74,1,c234,c234,c234,c234,0.3680046,0.4030104,0.22898501,0.3405333010603874,0.4820281552410055,0.17743854369860715,0.32302552829685804,0.4740697535185457,0.20290471818459613
13749,cd34297ff649ff412f6651de3ce63824d70eccc69700c663db3247dd6bc2a13b,1,c5,c5,c234,c234,0.06772519,0.30959693,0.62267786,0.1393681055708382,0.5450773113718239,0.3155545830573379,0.19902805981762836,0.429499497666944,0.3714724425154276
13754,c02a586a465ee2dc942a9740c973792f45140b8be448005e3e54d84f34bf6486,1,c234,c234,c234,c234,0.36280227,0.4055371,0.23166068,0.13777464163943876,0.6472549774549802,0.21497038090558107,0.20983318118877128,0.5193964913886596,0.27077032742256907
13767,94677de38acfc346b0eaf196a04da6b2c73d33516265380c3bb46b7e3f212811,1,c1,c1,c5,c5,0.38047817,0.35987175,0.25965008,0.26238626803175014,0.21914351431877063,0.5184702176494792,0.3234218377423309,0.3007340209228943,0.37584414133477484
13768,cd2c827e775be3afd057a0bb5ff5ae606cf0a74121bc7e6165bf384607e7e2a4,1,c1,c5,c234,c234,0.24011564,0.33799252,0.4218918,0.3257779169790684,0.4392269110762788,0.23499517194465275,0.32639535612978887,0.3586093592477441,0.3149952846224671
13775,a37b307bae21149f34d264893fe385c40afc6a3d9b236e389d6e8f1dda337a26,1,c234,c234,c1,c5,0.20299909,0.43774247,0.35925847,0.41837351109281745,0.1849215691150618,0.39670491979212086,0.29778339449121677,0.2620942320882856,0.44012237342049765
13782,eafe35027f67915743b9760b9da8f768f365a94539fd937d1ee4f3328aa1d6ee,1,c1,c5,c5,c5,0.21036229,0.30534986,0.4842879,0.22827595579822935,0.15887136510050198,0.6128526791012687,0.24287578079764607,0.23250981394206083,0.5246144052602931
13786,00436d0f770a9cc31b1ca3b2989997a08259750d1220a7424df5a82d48c1e5a8,1,c1,c234,c234,c5,0.3112604,0.3617825,0.32695708,0.1898262064056741,0.4502699774512267,0.35990381614309924,0.2671009281652451,0.35636458823941886,0.3765344835953359
13793,2eb33b072ca64e13e8c27648601835898626768b0986ea5a74b7214ede7f2b96,1,c5,c1,c5,c5,0.45245802,0.2591707,0.2883712,0.2770452878951932,0.28998068713045094,0.4329740249743559,0.19639068606049565,0.3364116453801878,0.4671976685593165
13801,9dc6569a0a98df969a7e6753e2ec53c0cf14a142dfd6a2b9be14b14d8ae742ae,1,c5,c234,c5,c5,0.23220034,0.39069805,0.37710163,0.14435816149248834,0.2735913498462746,0.582050488661237,0.21236758908274941,0.3085462662331712,0.47908614468407934
13805,f3a01d09b15c9f47be213398ce2d993044d62cd21f2a18fc1716ed515b227a9d,1,c1,c5,c1,c1,0.18972075,0.37411267,0.43616664,0.45617892956573947,0.41854766271889826,0.12527340771536233,0.42741306977983584,0.3932284066983998,0.17935852352176423
13808,6c244a608fd16f5d6481c75f563c43839fb6754c590b00b1e49034ac47ab8b7a,1,c1,c1,c234,c234,0.57702583,0.26847148,0.15450272,0.2585593059740973,0.5533911524420759,0.18804954158382664,0.3377322089254138,0.41050190209337856,0.25176588898120766
13816,a054f7706240279b2a43b3d446950a04c3fb5b0de7aaae554b197097fa3149e4,1,c5,c5,c234,c234,0.23413335,0.2868744,0.47899234,0.26016902404883674,0.5346330107382514,0.20519796521291175,0.29605687416876103,0.41721385012129797,0.28672927570994106
13845,0f037726867a70039542d6b1503f6427516a75e3a77ab8f3cf6cae2ff341e638,1,c5,c1,c234,c234,0.5791187,0.24983893,0.17104237,0.23360932407187376,0.5139140764334498,0.2524765994946765,0.23251260747988212,0.4454203072960016,0.32206708522411626
13852,02684ed392a0d6e6d5c7b432ea2d34f7d3b19f0134b458c9b376111fa8769ebb,1,c5,c5,c234,c5,0.21513346,0.19204876,0.5928178,0.24732136154768142,0.40209860504948397,0.3505800334028347,0.22201283601842817,0.34010029925679236,0.43788686472477945
13858,6c77bd3e2fda0eac4d1e859b08827dfad95d56c9addfc28edc15a4b85bc1e539,1,c1,c1,c1,c1,0.54535747,0.32486516,0.12977737,0.6684932098206476,0.23227234168710026,0.0992344484922521,0.6047755800603173,0.2523435810896903,0.14288083884999242
13868,8002c05d9b8f75066cd344c458cb55f0d0d050af248fbac64a895c1b7d644823,1,c5,c5,c5,c5,0.20000158,0.34775493,0.45224357,0.14364569192986762,0.30899802194600257,0.5473562861241298,0.18316815173057266,0.340098872273882,0.4767329759955453
13871,c3ff3aa8d0df96f9f0e7763100ce122c41e27e1153b35a1095be6b399730c5ce,1,c5,c234,c5,c234,0.26017693,0.3949514,0.3448717,0.18805802571683594,0.39258585985182204,0.41935611443134196,0.24694351758604677,0.3808143824487747,0.3722420999651786
13873,912e2a0ffee4b9de6db1bb27af04dfbd556d5fc6a98b32816b9d14631ea39b54,1,c234,c1,c234,c234,0.43514478,0.38535458,0.17950064,0.11023551696261728,0.6932335778517675,0.1965309051856153,0.21753850943416522,0.5590700610705207,0.22339142949531401
13890,4f36ac9fd7918734486aae2733d8b6b3232ed0f515d0e749d21ccd3f1aaf1a86,1,c5,c5,c5,c5,0.076219894,0.24393511,0.67984504,0.14822910925692626,0.15864108158955623,0.6931298091535174,0.23857435130875926,0.22268936016375365,0.5387362885274871
13891,0695bac5f35cd753ee6d40649d89e6d1108f629374b4de197db1e23d4523ea57,1,c5,c5,c5,c5,0.2332499,0.34145907,0.42529103,0.2071716245947706,0.23357071271299848,0.5592576626922309,0.27080595817157277,0.265759484812288,0.46343455701613917
13894,c8e5947e83d5068bc958f705a1ad026884b0946b0088ca0f00415f6db462e4c0,1,c234,c1,c234,c234,0.47138557,0.30446815,0.22414622,0.33261657036942516,0.4857738804459214,0.1816095491846535,0.3534276266375711,0.41818379677026274,0.22838857659216616
13896,bc1e18f4cc2ad4528a87b8dfba077e8cad0478ac604af5bad4b3c06f90687568,1,c1,c5,c5,c5,0.2901616,0.3256742,0.3841642,0.20846346959164969,0.2674976476437741,0.5240388827645762,0.20665638369698974,0.3295853809133788,0.46375823538963157
13905,af5d51788269870ee67e79af17279bfe7c26a0c0bd6f6174ec39350f2d290966,1,c1,c1,c5,c5,0.39202705,0.28387654,0.3240964,0.32881845133594556,0.2857676902635431,0.38541385840051134,0.33736669707674655,0.2826802877242486,0.3799530151990049
13907,174c3e42889392f3fb2c2b9f7e86ade2baabcb81645a40c6765e252bf0c83b70,1,c234,c1,c5,c5,0.3405723,0.32841647,0.3310112,0.2624089718840546,0.2745289881601827,0.4630620399557626,0.2540903767866813,0.302486479492042,0.4434231437212768
13917,3894e47b9117fa0fbfecc24b5876eee9a0fd17b13a017d18668c3d31af0db3bb,1,c1,c1,c1,c1,0.39293787,0.35737434,0.2496878,0.5166755551452017,0.19483422496093472,0.2884902198938636,0.44590176960224703,0.2526403956187429,0.3014578347790101
13920,e88905443341f5fdc2c8a460f325b26d801d589f96989df63fb8e49f776f4f28,1,c1,c1,c1,c1,0.6179043,0.2428027,0.13929293,0.584363308280543,0.3338538488589338,0.08178284286052326,0.5358109099852557,0.3074591109820852,0.15672997903265903
13934,1c7e50e61119c123ba3133ef0812ebfee74f6efe407ef32b2fd50f1d202add4b,1,c1,c1,c5,c1,0.43226755,0.27460897,0.29312345,0.3539470890943095,0.22508443127747935,0.4209684796282111,0.41108859162661227,0.25166301526172963,0.3372483931116581
13941,e2d30ec683bd4858153768999fbd1111d295e7dd0aa5754771e8655deee591f5,1,c5,c234,c234,c234,0.25858924,0.38832796,0.35308278,0.14468362981825297,0.4780270253690609,0.37728934481268617,0.23664598032834816,0.42965804690503856,0.3336959727666133
13942,ec946d295a7d3c83dc2bae5e981f55d18d97861a3879ccbb04c95cd7d2dbaa9c,1,c1,c5,c5,c5,0.20699622,0.3305821,0.46242166,0.22242588326093923,0.2283216998870923,0.5492524168519685,0.26125048759589475,0.2657103402671014,0.47303917213700386
13943,674e011b6d180a3c56fe365ea6b4102a5fff0755c8aba7b902666913c3b5fd89,1,c234,c1,c234,c234,0.45591906,0.38436174,0.15971912,0.2624546649907158,0.4667344169100151,0.2708109180992691,0.26704402229650304,0.4553386518211326,0.27761732588236443
13964,abcd09f6a024428cb21d11d03083bbe6e31ead819921921468f8e72047e2695a,1,c1,c1,c1,c234,0.38885728,0.25057402,0.36056867,0.44274947120712765,0.3429877406435772,0.21426278814929514,0.36527026790592454,0.3719926802888279,0.26273705180524753
13982,ab104ad11ccc70c80a0af2f1c70ced2634f513f03470b79841cbc201e0b7a522,1,c234,c5,c5,c5,0.06394411,0.19070095,0.7453549,0.11930992643162945,0.22670071392176724,0.6539893596466033,0.19187556305249434,0.25564282823075474,0.5524816087167509
13986,8e60d37613a3c3641d95aa071fc1c391f654dfdb365b423645a108680efeb618,1,c5,c1,c1,c1,0.5755304,0.30438015,0.12008942,0.5489596678560621,0.2884059470760419,0.16263438506789601,0.5498902674532291,0.27786617919468204,0.1722435533520887
13988,4ad1b0c9668716b77d1daf4876528b00a5e279b34598de11b860f7ba93f428c1,1,c234,c1,c1,c1,0.41576576,0.27033532,0.3138989,0.3912028097482223,0.3373867443653943,0.2714104458863834,0.34793766427764355,0.31123670648059154,0.340825629241765
13991,55b9d91135596452c2962be1bdbe7e1c124e473ab59b3aadd8f3466a54165440,1,c5,c5,c234,c5,0.28346545,0.34326568,0.37326887,0.19028022159955377,0.551235048895794,0.2584847295046521,0.21489330117159827,0.38612963669213896,0.3989770621362629
13993,fc3ae7960449a32c335b608fc04645d5c3148e6dac018ae27c0c68182ccb1073,1,c234,c5,c5,c5,0.25296387,0.30557054,0.44146553,0.3166031338371981,0.11906240194372335,0.5643344642190785,0.27777094218688214,0.198014384239018,0.5242146735740999
13995,5e14af00a20084ecdd66ad4b9daefab28e67a60dc460a909746906c1912dba6f,1,c1,c5,c5,c5,0.06274734,0.27478167,0.662471,0.15706337540633442,0.3431791435511547,0.49975748104251083,0.19106542353402595,0.33392450642775534,0.4750100700382187
13997,a8b12b6b28e98c339173f3d15b521bcf9edce020040ccf531a42c5c4f5ca5464,1,c5,c5,c5,c5,0.18174341,0.31470382,0.50355285,0.08788097676383114,0.3427368172528043,0.5693822059833645,0.19712353958308168,0.33052212094903355,0.4723543394678848
14006,9c790bd6b508a12dd84632d6dccd30e6a026e90cbd33b52c4b65638037a6ed7c,1,c234,c5,c234,c234,0.23422101,0.34693685,0.41884214,0.20076220640063389,0.555724342783322,0.24351345081604409,0.25907883521105196,0.5027024415955398,0.23821872319340817
14023,12e7d4434951e791311b93467f1533e333179cb569b0ec4070054e5e2866e77b,1,c1,c1,c1,c1,0.48929673,0.2600415,0.25066173,0.676804118814662,0.11242972770195271,0.21076615348338537,0.5852910856187916,0.1968810627194021,0.21782785166180638
14049,e386b923ab00af588fca4f9c9e9ae49cf47c58daf0f2db9238854eba448d10da,1,c234,c5,c5,c5,0.08183791,0.25349605,0.66466606,0.21660630734710692,0.37060260350275986,0.41279108915013324,0.2335277168991119,0.3312244464644876,0.43524783663640054
14056,ec3408343f0b69a86ed92a6e8a9f97d3f53e9a41a41ae93154c9d0efa5d40351,1,c5,c234,c1,c1,0.18918617,0.4483193,0.36249456,0.5097639998849746,0.23917694830203298,0.25105905181299243,0.38006011426659275,0.32525638782413746,0.2946834979092698
14060,2eb8d2fe83780954f04f652e7da19462806684e53bafe0825f1c4f12385c517f,1,c1,c234,c1,c1,0.36098495,0.4432949,0.19572015,0.527646120055341,0.28741220889027175,0.18494167105438736,0.37826201900458956,0.29962384940005093,0.32211413159535945
14080,b1626b087666cbabd8e6b0e6a359c942dbca9e203ae14a149baf2adbb135dcc4,1,c5,c5,c5,c1,0.2610037,0.34083894,0.39815742,0.3320706952092113,0.3248196805594834,0.34310962423130537,0.36054460540016275,0.3374120759633849,0.30204331863645245
14085,0ec0aceda8401ffd6b8d4c96d3fae7c0e0090694d82209072e4779a41ff731ca,1,c5,c5,c5,c5,0.09416258,0.34066227,0.5651752,0.11114928479072504,0.36425398227535205,0.524596732933923,0.17042121176716915,0.3638148270886326,0.4657639611441984
14086,e2984ab32395524b3b8abca194f8b123a8cb7b83366e1fef990595fe5628b62d,1,c5,c5,c5,c5,0.19104838,0.38205972,0.42689195,0.14102538188410213,0.25173252692911713,0.6072420911867809,0.198793665132955,0.29252451488626635,0.5086818199807787
14092,282f596221e0003259c36e8ab3193b8dd109d17896e05bb4d963c5e8bf17d4ca,1,c5,c234,c234,c234,0.39147133,0.4009748,0.20755383,0.2828626403519809,0.3920692665980188,0.3250680930500004,0.30385020213988,0.38965060198848445,0.30649919587163554
14093,44d47c868ea0e33b7969ff29f9436add2a9992a9019f33420916e651a17f9484,1,c1,c1,c234,c234,0.39930347,0.34122598,0.25947055,0.15070377515683447,0.43474902822424216,0.41454719661892336,0.25035224829268354,0.4478392435047369,0.30180850820257965
14094,16d0c314f748c722190d2863f85bdc78bae8ba01339de5480de72f8d06383b04,1,c5,c5,c234,c234,0.09840711,0.3448592,0.5567337,0.22657906734690383,0.4426423113160413,0.33077862133705477,0.2630595977562598,0.40841987035043037,0.3285205318933099
14098,c83bf1676a27f2484b8da3e0a1c0a91b0d5361c6f4630ed45ac6f465fcace53d,1,c1,c234,c1,c1,0.31465155,0.405538,0.2798104,0.3826944532515363,0.34542294223315667,0.2718826045153071,0.35301706169246616,0.3221079689044552,0.3248749694030786
14120,e241e0c69e656e959b1817a17c2aec8d64038ab8de2da67d7ec92e02989667d0,1,c5,c234,c1,c234,0.26017433,0.42565545,0.31417027,0.38862928912979555,0.2727513826862968,0.3386193281839078,0.32783611663183304,0.3570197479561122,0.31514413541205477
14123,db7bf65f3573e33d8905851ac6c6f94633ce8cbbded68caddc626424bcaee84d,1,c234,c5,c234,c5,0.25497943,0.29434043,0.4506801,0.23460992970664063,0.4160985976931214,0.3492914726002381,0.25473574775995905,0.3672515079519418,0.37801274428809917
14151,931776037dba503cd38c6f602b6734518a8faede677bb554d7a7cfa0074209c0,1,c1,c1,c234,c5,0.4256752,0.2811669,0.29315782,0.24831220023904138,0.3816657436724698,0.3700220560884889,0.3038142827283813,0.3232318897695457,0.3729538275020729
14159,56808ee683c0f0e79688aba6cb6f407f2f6fcf023c05e6907b3b33e54eec9a12,1,c234,c5,c5,c5,0.3030271,0.3369356,0.36003733,0.26814849998488066,0.17644981617709515,0.5554016838380242,0.31659366022148155,0.2532280750720971,0.4301782647064214
14161,a489dcd8f828364e4712ad41b3037f0cfde05e33f1950b5a55ab7cb399e635c4,1,c1,c5,c5,c5,0.1211546,0.27227625,0.6065691,0.2431283500085676,0.2883595961277034,0.4685120538637289,0.2566496103962666,0.2983503311383758,0.44500005846535756
14163,d891e7a26da78e29d49ce616ae95efaa516cd6266adde762b44fc284ba38ec6b,1,c234,c1,c5,c5,0.42626116,0.2671693,0.30656964,0.3615064124125596,0.27603392688505013,0.3624596607023903,0.3374417609874602,0.2537482999481438,0.408809939064396
14170,eae4f5de8cb16fbc5e338873a1abe6aab1e933ef6060fc08fa55225d4bb176d0,1,c1,c234,c234,c234,0.19516306,0.46066508,0.34417176,0.16729699398132145,0.4457745972699864,0.38692840874869205,0.24327010896689752,0.3960331963266253,0.36069669470647714
14171,e49546491459dcf4de39dbcb2a69adf628e7a7d5c216413d455848ad50f4e8ba,1,c234,c1,c5,c5,0.38783512,0.38283288,0.22933204,0.24499350405379994,0.33689116298681393,0.418115332959386,0.2690404931895362,0.35268868913789925,0.3782708176725646
14176,867ab7fac908d09b3f03132478c99a8efc769388dac0dd531305351b0cfbd4b6,1,c1,c5,c5,c5,0.33597776,0.22560215,0.43842003,0.2594244751999116,0.20735093707973726,0.5332245877203512,0.28726728280657154,0.2591060595061935,0.453626657687235
14190,6c0042a2a6aa7504515c0fd83cf86bceb1def05ce217936b6162ded8689a12d7,1,c1,c1,c234,c234,0.5513692,0.2880576,0.16057326,0.24804807933050788,0.5994314790656409,0.15252044160385134,0.35364311195525594,0.42259861181779557,0.22375827622694847
14193,bb801116eb543f4974b653b3162826be931c6fbabf09a625b69d68b53478a0a3,1,c234,c5,c234,c234,0.21582876,0.302602,0.48156926,0.3119821569157808,0.4360595465672388,0.25195829651698043,0.27362713037355335,0.37410280713925054,0.35227006248719617
14198,5a062fb908bf83a0bb36373edf57de47dad0a51457e0cba56b3a42e462d89aaa,1,c234,c234,c234,c234,0.36619213,0.3928031,0.24100481,0.37272485491553753,0.476644708829365,0.15063043625509756,0.3371540116589625,0.42687281559373386,0.2359731727473036
14203,e91b3ea4b31cc2b7968bfda7c3d49968eada9325dbeeeae898c5bebe69749a9d,1,c234,c5,c5,c5,0.15370418,0.24947931,0.5968165,0.14455517635155346,0.4006919404131761,0.4547528832352705,0.22147954089726085,0.3464203183459383,0.43210014075680087
14207,1e36cfe5a5d4906120833104d85c3e91b14c7620d98cd065f6e7f42621ea5d3b,1,c1,c5,c5,c5,0.17510565,0.3562484,0.46864602,0.1352957167647581,0.16263109507181495,0.702073188163427,0.25229278077392503,0.24110287071072228,0.5066043485153527
14208,a5bf6fc67a781c5fde55a1ab9483b2c6ddddbc23393b98f78dcd92ba8da11e40,1,c5,c1,c5,c5,0.40378913,0.2964836,0.29972726,0.2853929441059357,0.17313047018925176,0.5414765857048126,0.3156694242831332,0.24432303273660747,0.4400075429802593
14209,d1d9aba7effdb67c4f83e0d0b454f20caa9575dd4141347fc93d0993579fb25a,1,c1,c234,c1,c1,0.32504788,0.35179034,0.32316175,0.4977756872170836,0.24591454357503043,0.2563097692078859,0.38733031660478084,0.3198891954785483,0.2927804879166709
14210,2a3d178256fb10092b910282758de0e4c32b3db96356b1162d58c43509275aa6,1,c5,c234,c234,c234,0.27648926,0.41695437,0.30655637,0.3542238846603891,0.3874248065395123,0.2583513088000985,0.3011698288773335,0.3877221196967782,0.3111080514258884
14219,a8f321ab594a55908115e8f222fb2afb3d880156badc7fec0362e2087dd2b264,1,c5,c5,c5,c5,0.27113992,0.28525534,0.44360474,0.22967830721167617,0.25889219311893374,0.51142949966939,0.2304058049707601,0.28298949947908264,0.4866046955501571
14220,62e2f66b1bcc675e57126ba4043579b6cfd46a8131453be00fa5dceac2fd9f48,1,c5,c234,c5,c234,0.2262854,0.41384906,0.3598655,0.20389178390537857,0.3638591720143969,0.43224904408022463,0.27107025177668936,0.3835188715061374,0.34541087671717313
14223,3bb4f5a93850ded3cb9f7e0091e9074eac88e8f6f4f0ee66fcb8c69fadfa4196,1,c1,c5,c5,c5,0.13554528,0.37334383,0.49111095,0.19775566459643282,0.3545412616179823,0.44770307378558494,0.22724806193687372,0.3451491484446055,0.42760278961852083
14227,a3d8992f1418554d62445bcffbc478e84ad99df60df920e0d4a10956b791b451,1,c1,c1,c1,c1,0.38392058,0.24121991,0.37485945,0.5028275593374253,0.2312847764070024,0.26588766425557225,0.39097326507310415,0.24919046174168433,0.35983627318521155
14250,ce00d4f046be61e96795e981c6e5181c2e91bfa4567b4d90764664fbe438eb9c,1,c5,c1,c234,c5,0.38302827,0.3452419,0.27172983,0.20274877549953405,0.4219546454450551,0.3752965790554109,0.2603233083599335,0.35514600625835646,0.38453068538171004
14253,042d9481c95d61a316b8324dd171667674458aa47123497bcfd456cebc689f19,1,c234,c234,c234,c234,0.34265834,0.38069543,0.2766462,0.25966412776240894,0.47127331193220695,0.26906256030538395,0.2975574670035105,0.4147467799754561,0.28769575302103345
14256,7a4a1f4ca6fa4acf0b2fa6ffa395245b4c4d7bc1926eb12fe271aed8a0df295c,1,c5,c5,c5,c5,0.12896,0.2970259,0.5740141,0.0646197090747533,0.2404931713736049,0.6948871195516417,0.12832866983286234,0.3003529728761407,0.571318357290997
14263,9d8d92c10b6bb14bc775bc2ab4920556400e20fd14d65406a82b9269f52afc59,1,c1,c1,c234,c234,0.38889906,0.3393266,0.2717744,0.12134467152589494,0.4888397753447909,0.38981555312931404,0.18599456891868046,0.4139676052371687,0.40003782584415093
14272,add7a22960f2edca6669d54fed6bd3b14e8e625d8d2fe7baad5809fb3c9d8159,1,c5,c5,c5,c5,0.36140406,0.26754907,0.3710468,0.1913995173420869,0.19560793333177215,0.6129925493261409,0.23016351120009515,0.26911220057693575,0.5007242882229691
14273,3e6eca5a2a16bfec1d50bcfb9f9b947956db26957897785f2ff33f5452a9fa73,1,c1,c1,c5,c5,0.41613302,0.32691225,0.25695476,0.40967530705492633,0.15501719757947302,0.4353074953656006,0.2927232527357184,0.24123266822316822,0.46604407904111345
14276,1d443931f2f07d2177c091dff17c3dd5651d99d00ecf97f6a0bb8c3242c25333,1,c5,c5,c1,c1,0.32157168,0.25879112,0.4196373,0.5311484393777347,0.22703763608233948,0.2418139245399259,0.42347556253922225,0.27195480605358413,0.3045696314071935
14284,32844194e7be7f75f7c2478e68c0305d3727a6f7b8156e22b95a347c9d1e404c,1,c234,c234,c234,c234,0.28187189,0.3592414,0.3588867,0.18428043510871372,0.4247062219637551,0.3910133429275311,0.2534456344288948,0.41880170503738523,0.32775266053372
14285,8e7f98c2b278ffac374b03095fbcae05f1e6bf71a8364b28f2576d96b5da2c89,1,c234,c234,c1,c1,0.39312595,0.4128365,0.19403763,0.4667665176326996,0.34624876557157497,0.1869847167957255,0.42394243891255745,0.3782058556419189,0.19785170544552375
14318,cb550a1977f129510997f6bd3a74e26ea44eb0680a05afc5d11d3a38ac0e981a,1,c1,c1,c234,c234,0.449018,0.32684883,0.22413313,0.3523299515943109,0.4885776284718176,0.15909241993387152,0.37182350375092965,0.3731005256068197,0.25507597064225046
14319,1703da6480e1dd6cd5b697eacfa78d6b0243d6f906386a661e99752333fb612d,1,c5,c5,c5,c5,0.07116369,0.26708156,0.6617547,0.08741701203189513,0.21428524660471718,0.6982977413633877,0.13757204325407518,0.23175093061884305,0.6306770261270818
14330,1a0d7442e9de8f1c11ceb6633368f714f7f04954cbf32e1120ccc0643958281b,1,c1,c1,c1,c1,0.4243122,0.31320003,0.2624878,0.3859705429689209,0.3398562561098397,0.2741732009212395,0.3891518708834728,0.31346981019806086,0.2973783189184663
14349,4d9b91f046094826b4808e4a47da60c7813f7134da58f57344effc4e4198a61c,1,c234,c1,c1,c1,0.615327,0.29581094,0.08886205,0.6736814270850119,0.19288582814509234,0.13343274476989578,0.5259529857716039,0.2553657611554002,0.2186812530729959
14359,a1267dcee9e87d47180ac563a4b95bdeea46378aef55283cb73475dbd468d78b,1,c234,c234,c234,c234,0.30934662,0.43173963,0.25891376,0.38206015846547137,0.4518991264854925,0.1660407150490361,0.3758502440083109,0.38382953165567446,0.24032022433601455
14361,75832cf63d833f1b885fd99c5b24f634b68e24da76c79861f0617eb6c6ca4fbb,1,c234,c5,c5,c5,0.23120634,0.32147098,0.44732273,0.30623556072498387,0.31025188945703586,0.38351254981798033,0.30697989102525686,0.29407395141990833,0.39894615755483487
14377,606edc4f0980804b347b8dd950a4f73762b2bba073a022f18fbb77c04ac16283,1,c234,c5,c5,c5,0.21535878,0.31956366,0.46507758,0.27099781113802995,0.22071096141229854,0.5082912274496716,0.24742709106954786,0.275119364868316,0.47745354406213614
14380,9a86098f7f55ef755bbcd1efea77295ecd8e1f05c79e91d6af47f6dd8aa1f05b,1,c5,c234,c234,c5,0.2982031,0.35337338,0.3484235,0.25285193023705954,0.44123521740304394,0.30591285235989635,0.28344596063835475,0.3551476756642712,0.36140636369737406
14406,daa3cbf45f3d33a94581e8c813666eedb4c7365823b71ad61b8066e4450bb9ba,1,c234,c5,c5,c5,0.3187724,0.22322518,0.45800236,0.28906747742681493,0.24881632451138486,0.46211619806180015,0.3041746004820686,0.268701635273443,0.42712376424448845
14415,2cf4723344b2c09d4e61e7cf60b66ade618a3b271d35b4ca327f6d8a77e4a63a,1,c1,c234,c5,c5,0.18476626,0.40805957,0.40717408,0.29159512960576817,0.25872210298702236,0.4496827674072095,0.2484373687285765,0.31061899119908004,0.44094364007234355
14416,dcf7d82a80aad72010e76cbc9617a06c0d1ae513e6f253c7640c484cecf26e16,1,c1,c234,c234,c234,0.3441149,0.38627103,0.26961407,0.26985126329716164,0.4503103694308286,0.2798383672720099,0.3080316743730101,0.38388631236726933,0.3080820132597206
14427,6b6cc0b82d2e07e18a610db0ef2ca1734a8ccfc0ada8f095a07fe2a9a6ebdf47,1,c234,c5,c5,c5,0.33127773,0.32531595,0.34340632,0.37325901015815866,0.1750830481322716,0.45165794170956985,0.30574699050344883,0.2737735991372438,0.42047941035930725
14428,3704dec5fd155cf7d940d37220177da31995ea3d1a42300e465eddb92e2ed4aa,1,c1,c5,c5,c5,0.14356093,0.29102692,0.56541216,0.1283831583256287,0.2888563169014344,0.582760524772937,0.19811227041685694,0.3057948236939569,0.49609290588918614
14459,3c15161dc6f76529e13e51ea72b02b8dbd04da430c625914056f27f63dde4643,1,c1,c5,c5,c5,0.16696925,0.19036482,0.64266586,0.12448289778465298,0.36965018829702945,0.5058669139183175,0.19884252752462586,0.31921056911664536,0.48194690335872886
14460,d606b0c0ed6cf1824398c41fc79415f4c8205726097c398d9a5eec5c070932c8,1,c234,c5,c234,c5,0.38796434,0.20185377,0.41018188,0.26369161362351895,0.37237806650985283,0.36393031986662816,0.2515606481837735,0.3242027857326718,0.4242365660835547
14472,d98fe6bad9a510a726bea27bcf1242180d7861e3b2131412ff588ac831b6630e,1,c234,c5,c234,c5,0.33419427,0.30193833,0.3638674,0.1794656243733936,0.5677408219267125,0.2527935536998938,0.27516209419743715,0.3610488173798292,0.36378908842273355
14488,13435729330c121791b3e8f1d622bff76511d2203e91df14264ef75f49223a1f,1,c1,c5,c234,c234,0.20127444,0.3351486,0.46357703,0.3654450156096884,0.499281680357955,0.13527330403235646,0.32192807277575297,0.4280834963582115,0.2499884308660356
14505,601bef7110d1cfa7270574e5503e97adf6e070d7a4d4ab8f7cf2cead4c930e33,1,c1,c1,c234,c234,0.4101555,0.38801724,0.20182729,0.4546645945075137,0.4956519862265597,0.049683419265926676,0.43439108480011485,0.434924194461051,0.13068472073883408
14525,ef83becdf21368af66257687fdbd1886f4d61e644a718e94f3847462bf6ca018,1,c234,c1,c234,c1,0.4525965,0.33956558,0.2078379,0.3484792885628173,0.485350783198684,0.16616992823849863,0.4127100404035411,0.3975585431994991,0.18973141639695976
14532,e259feb565d97b6714f186a258e9242e500f8518c8cee8dd6e9cc4b614c1af82,1,c234,c1,c1,c1,0.569754,0.31017643,0.12006956,0.5214620109929342,0.2909229712257635,0.18761501778130213,0.4121781935640201,0.3233634927809154,0.2644583136550646
14539,ced067075a39706533ffced6bdd349860ee7be9fa344b8852e71fe6f1ed2505d,1,c234,c5,c5,c5,0.12559782,0.30862096,0.56578124,0.22603980148273708,0.35765383046772226,0.41630636804954063,0.2411571342384734,0.3269856820840716,0.43185718367745496
14561,b882af84a2dbb23f9dafccc79c941069bb4c3cf8926c582127911dffceacf5b0,1,c234,c5,c234,c234,0.27595475,0.32435635,0.39968893,0.2838740147780121,0.4548412090249797,0.26128477619700813,0.27485372996725743,0.4486307239955699,0.2765155460371727
14568,4b1650b793bf8ee03d7ed6996c6257b54c5da6e0fcc983e4b9f2968dbe6c4b27,1,c1,c5,c5,c1,0.2540913,0.34435365,0.40155506,0.3145742466106524,0.3151395805245142,0.3702861728648334,0.35559633134375807,0.3111050652422111,0.3332986034140309
14572,67693b68f3559b8a8022730432a40bc44f0478e3f3fe8364a36ac70e04f65e44,1,c1,c234,c234,c234,0.29433864,0.3904363,0.3152251,0.18763562016992916,0.4208174910360289,0.391546888794042,0.2443586911296293,0.3855826447565277,0.3700586641138431
14584,78694f4eea9efda3eca310289dd73f4ae10db1580cddc3e1ec35db11188670cb,1,c5,c234,c234,c234,0.34780264,0.40076163,0.25143573,0.32365820159276826,0.39456903141584815,0.2817727669913836,0.3036554566489254,0.4081619892891681,0.2881825540619064
14592,1e12b9fb55696c3e3e59e8d3695048c6d9da0d604e903ee63b5ee54208cffbf6,1,c1,c1,c1,c1,0.43825355,0.4127817,0.14896478,0.5891935444833748,0.15189239654154751,0.25891405897507774,0.48735062069121765,0.2349181522466165,0.27773122706216585
14625,996dd54acbeb2f64a5537cc3298f4bdd6252c86d14bf4437e507bca3e8c45f97,1,c234,c5,c234,c5,0.17254266,0.34574726,0.48171014,0.17257216894307262,0.4138614936292801,0.4135663374276473,0.23264237068514787,0.3668956756236598,0.4004619536911923
14646,36516d90e2aa2a9a4b4ebad61b7fe89a48689047c7f8362f99fcf0c29ef991ff,1,c1,c1,c5,c5,0.39392513,0.31378403,0.29229084,0.32919050602707917,0.18924736553031873,0.48156212844260204,0.3034894059207601,0.2632442190110675,0.4332663750681725
14651,0db5f7c27865777e92e9e4c957124832215a5c957908c80d6317c6933674f1ee,1,c1,c1,c1,c1,0.45326358,0.39485657,0.1518798,0.4797008644551003,0.31533418478510533,0.20496495075979446,0.4254705881231716,0.3220603930690559,0.25246901880777245
14656,dffe93e6ada114f3ebc1c71e8a914519c860771843110414e5024dee56bc4125,1,c234,c234,c234,c234,0.24216615,0.40978467,0.34804916,0.17550809437585865,0.47442944556917915,0.35006246005496217,0.2211112164882153,0.48700625891464755,0.29188252459713715
14664,752bb56a1be781e3e01466e7f73f9dae74ddd61ce02cb19a98d474f1b0ee8f0d,1,c1,c1,c1,c1,0.36288992,0.3106113,0.32649878,0.5484954649486873,0.18919144685521555,0.26231308819609717,0.42587032496192645,0.25098764096478826,0.32314203407328534
14666,0623e941a1c95e85eae3615fe5b10bb4d3a1d1f686e6088e51556cb0b0ccba24,1,c234,c1,c1,c1,0.41884297,0.34169164,0.23946537,0.44253483235292684,0.22680571291471727,0.330659454732356,0.46280731051460866,0.2680799642248028,0.26911272526058844
14669,5507cfda838333773f987012f71eddf9c42d85e07a671f7071a0dd766afce8b4,1,c1,c234,c234,c234,0.357758,0.40817222,0.23406975,0.22086346046222258,0.46234192656609024,0.31679461297168726,0.2592642219542317,0.4243802541589105,0.31635552388685784
14709,0b0fcb75ff130848a5175c8e64ba32024a6af2cd58190a312d1cd7b4af34a95d,1,c1,c1,c1,c1,0.44912595,0.3186204,0.23225367,0.5768610398559394,0.2851434173180281,0.13799554282603244,0.4522509750734735,0.3764640814739968,0.17128494345252981
14728,29d1e0ce69dc6353622bd307db8917fe407690bb7c6dc53534bd1d25c0698642,1,c5,c1,c1,c1,0.43898278,0.29041806,0.2705992,0.4615811943083324,0.30813706913830863,0.23028173655335898,0.4192904132760761,0.306040597466261,0.2746689892576629
14731,b788e71d0cf60147496a0e678f6949b21256ac45da69ba503b29974c32bc4b5e,1,c5,c5,c234,c234,0.14016764,0.35324445,0.5065879,0.16623558265532673,0.5346857535957322,0.29907866374894104,0.19711480256143055,0.42209680177061415,0.3807883956679553
14732,1d83e860066eeae732afe8b2ddd85ceb281d5b7a16777e936fd136e26eafcba9,1,c234,c234,c5,c5,0.19138403,0.41455346,0.3940625,0.07615277019178039,0.36485247965084755,0.558994750157372,0.13655151157908788,0.3855726490834488,0.4778758393374633
14746,8f9e6f55aed0f393b37aa4972fe7402dc70c8dd1e68583499f66e4b9eef0f600,1,c5,c1,c5,c5,0.38150615,0.29459223,0.32390165,0.15088799934984612,0.2600572334322745,0.5890547672178794,0.22922167247044486,0.27126877162795987,0.4995095559015954
14750,249ff1f228de99898f0d692a76605d59199b4b7b0174c6c06b73c612f615baa5,1,c234,c5,c1,c234,0.22951064,0.35655773,0.4139316,0.45390361223017517,0.3184433136639142,0.22765307410591062,0.3130889498529284,0.36380544050585667,0.32310560964121504
14762,7d7efe106c0e3d8284b0702b402a17db05b3230178ba5f41ba3add5da74e1ffe,1,c1,c1,c234,c234,0.59222984,0.26772523,0.14004487,0.14185774409552085,0.5104927468018667,0.3476495091026124,0.19091141780618176,0.45350941615282375,0.35557916604099443
14763,7ac7379caa6e336c8f8c3c1216807dab1e453e7c67d8a35fc215c8bd2026ca76,1,c5,c5,c5,c5,0.10504362,0.36125228,0.5337041,0.17555968870861227,0.17642594010482762,0.64801437118656,0.2181420083028276,0.25430744310751385,0.5275505485896587
14765,176451fe13e41d55161ab980b1630d133338f89ff0bdae798e2a7336f6099cd2,1,c234,c5,c5,c5,0.15278393,0.31076592,0.53645015,0.2426688123655939,0.22805447335308973,0.5292767142813164,0.2496783414276823,0.2713270378512889,0.4789946207210287
14777,74f63a1b87b8b15ca1784ac73111dbacc1f27317cc532ba3817f4ea43eef99e8,1,c1,c1,c234,c234,0.509486,0.318625,0.17188896,0.29209820916282564,0.3840538326100215,0.32384795822715284,0.27976449132705966,0.37246996200395877,0.3477655466689816
14780,8a12f1444f6f4669b02c3aa9af69908c40ee7a0bf2d5addc0a928470fcad370a,1,c1,c234,c234,c234,0.3725193,0.37605718,0.2514235,0.37514425656383127,0.46095994674213475,0.16389579669403415,0.3895316020242785,0.42407743935782116,0.18639095861790034
14784,d7e17895dfc7551620c66c6ef4217f86f91b598e6c8027f47069939d1e653304,1,c5,c5,c5,c5,0.08119871,0.2939755,0.62482584,0.2585838583952556,0.2922839534619085,0.449132188142836,0.19546961781544758,0.29437392456530626,0.5101564576192461
14792,7a8bae54d50edf89b1921dda1f02d719763141e98fc02e791648f42640647321,1,c1,c234,c234,c234,0.4029294,0.4222973,0.17477329,0.2643178528843878,0.4378041451386282,0.2978780019769839,0.30372156295846303,0.4413418766374741,0.2549365604040629
14797,b93210d0028d2ababd441cda0f593dec734540315b0e2cd378487b041b54859a,1,c1,c234,c234,c234,0.305831,0.41956168,0.27460733,0.2379143732733004,0.5164975389084021,0.24558808781829747,0.2846703399597556,0.4408322369548495,0.27449742308539493
14830,3f9ff13e6e9a2c8ed95cee7f4d3ab61559e7ad9833518c14c7caaa55abaaeff0,1,c234,c5,c1,c5,0.21414556,0.3377011,0.44815335,0.5290353655281179,0.18333050007126467,0.2876341344006173,0.34996882265888746,0.2711918601272452,0.3788393172138673
14837,c82ecafc4f20308fa567c60bd412c6e970f6b8c6180baefbb6193009d1c78361,1,c234,c234,c5,c5,0.20333932,0.46503556,0.33162516,0.10503223037495316,0.3250771933323622,0.5698905762926847,0.1824677910184592,0.34936325456883704,0.4681689544127038
14845,0403212623559866c0eddbdecdc52718e630abddcb4eef5b13396df34d62e2fc,1,c1,c1,c234,c234,0.5340564,0.3282404,0.13770318,0.43189597509190675,0.4885782192297685,0.07952580567832467,0.42213561466317734,0.43063643699053594,0.14722794834628672
14853,d9040b8032c56897eb1c07df92d52cd450e0c046b2b3bd7bf6da9164aa73182d,1,c234,c1,c1,c1,0.40555623,0.36840886,0.22603486,0.5750652864799068,0.2232120537108363,0.2017226598092568,0.43128090338258057,0.33169400325722886,0.23702509336019045
14860,b5b358e422329a6309eb5ba3bdca9a8fd0f6d4691e2599562545493d6b34541c,1,c1,c234,c234,c234,0.3901901,0.4308406,0.17896935,0.33603022207335104,0.3599865682077645,0.3039832097188845,0.3371329649775248,0.3710134919785238,0.29185354304395145
14861,1f062e4ec43c678f1af993a7fa1689e5f9608ceec77eadc4a24b36b906a6789f,1,c234,c1,c1,c1,0.56798446,0.3175082,0.11450733,0.6759498311373016,0.19261675871571424,0.13143341014698415,0.5274371552771012,0.2742039543978575,0.1983588903250412
14863,b43fa59f5a9122832b19697ae6357841bd07c0dbd4231949d52b3a41f490ccc6,1,c5,c5,c234,c234,0.1836623,0.357865,0.45847264,0.14567303289316152,0.4976764508011791,0.3566505163056592,0.23041951066264407,0.38939478280319967,0.38018570653415623
14865,f98fd52a8df2371935ee6113660f9835e38549f6d9d7c89fc0c2d3736e0475dc,1,c5,c5,c5,c5,0.17178686,0.32599497,0.5022182,0.25434108425115204,0.28904915967593775,0.45660975607291027,0.2603206693853836,0.3185306564783871,0.42114867413622936
14866,1c2b8a4128b97469001e93bb55db25d1b8b750257cc024d2360ce19a22de7245,1,c1,c234,c5,c234,0.39610696,0.41128814,0.19260487,0.25529721346525164,0.337570530806506,0.40713225572824235,0.2774316770867976,0.40375703584678535,0.3188112870664171
14877,be86b66292bb82d1f14c400e9288d95706fa84ba48b8ef9cce250dd615ccbc21,1,c1,c1,c1,c1,0.4938325,0.3068505,0.19931707,0.48596042693340813,0.3010351253697651,0.21300444769682692,0.420658460167223,0.3196832238548877,0.2596583159778893
14883,6b8e0fca0f9f99316e9158afe90c7102123017fc4b8a06501392f843cf9919c9,1,c1,c234,c1,c1,0.3674502,0.37301174,0.25953802,0.5195425373607288,0.2647389168770707,0.21571854576220054,0.3853926534269072,0.29197047872616716,0.3226368678469257
14896,bf4af06f17929d95f68a81a8417e0411d05be3ae784060a0177f8bf3e5d8c4ce,1,c234,c5,c234,c234,0.23458037,0.36665303,0.39876664,0.35773762388275193,0.4487111073376775,0.19355126877957063,0.29416508937857855,0.47148634753911445,0.23434856308230717
14899,6672a17c8b9fe050731d192512a24c77573bbbec72ed9d46cf26c60f775d7ead,1,c234,c5,c5,c5,0.15658413,0.33110437,0.5123115,0.05975957220846848,0.18498076667337457,0.755259661118157,0.1322183917246981,0.27570057241982787,0.592081035855474
14901,4c90f0403c1c2f98675fc01a49044413865d9698057d1714dc3621fc42282381,1,c234,c5,c5,c5,0.22649191,0.3068813,0.46662676,0.3255140921984581,0.27583998669198234,0.39864592110955965,0.3177715911855373,0.2726131218645087,0.40961528694995386
14907,4e1100b4a77f5ad192efc03fdcfa99c1e98c83c8f968f5652b59cb1ebcdd1f1b,1,c5,c234,c5,c5,0.3461165,0.39912465,0.25475883,0.21993256343062506,0.24848214376989552,0.5315852927994794,0.25886848417682007,0.27801704086793594,0.46311447495524405
14909,6c244a608fd16f5d6481c75f563c43839fb6754c590b00b1e49034ac47ab8b7a,1,c1,c1,c234,c234,0.57702583,0.26847148,0.15450272,0.2585593059740973,0.5533911524420759,0.18804954158382664,0.3377322089254138,0.41050190209337856,0.25176588898120766
14918,edcc942488501cfe1083a1eb9f8c14eb6c4c9e6f926c3a7c6c7827c3b5faa857,1,c1,c1,c5,c5,0.3830801,0.270111,0.34680897,0.15119210420625975,0.28635404807466164,0.5624538477190785,0.2255168481409591,0.25582393623683725,0.5186592156222036
14923,edcc942488501cfe1083a1eb9f8c14eb6c4c9e6f926c3a7c6c7827c3b5faa857,1,c5,c1,c5,c5,0.3830801,0.270111,0.34680897,0.15119210420625975,0.28635404807466164,0.5624538477190785,0.2255168481409591,0.25582393623683725,0.5186592156222036
14929,edcc942488501cfe1083a1eb9f8c14eb6c4c9e6f926c3a7c6c7827c3b5faa857,1,c5,c1,c5,c5,0.3830801,0.270111,0.34680897,0.15119210420625975,0.28635404807466164,0.5624538477190785,0.2255168481409591,0.25582393623683725,0.5186592156222036
14969,3dd752a8bd6c5dce3a2c2a9f066a3d2077dacd039bedb11d41754bc48be53114,1,c234,c1,c234,c5,0.4145408,0.2815486,0.30391064,0.31874303143032606,0.3629379371268174,0.31831903144285656,0.3315761449360689,0.3247713567145366,0.34365249834939454
14980,e069716d9e0869e8e412c0475a7f54742687c6982585d38919dc261aadbdc4d1,1,c234,c234,c5,c5,0.26589185,0.38468784,0.34942028,0.2714470448021389,0.18949466850081095,0.5390582866970501,0.3191761165708999,0.3205282305094304,0.3602956529196697
14982,4653fc3e86d80c73d01818a92ff06a21e7a500b6450e3dbe1136a3034ad3e307,1,c234,c1,c234,c234,0.4843533,0.3643116,0.151335,0.3322079912822434,0.5993378343571126,0.06845417436064397,0.3686335267756725,0.4832372545845964,0.14812921863973103
14990,a8505af3d571c128a9d948b52a0936fb462ec4ea27d7eafb4b580ed90703495e,1,c5,c1,c5,c5,0.49027035,0.2656565,0.24407311,0.3305804048157248,0.29043480745012784,0.37898478773414734,0.3322503049606658,0.26803186870081747,0.3997178263385166
14991,14cd0de13e062d468b81958e7a6cb46acc9a65854824f6f51767787c5070d034,1,c5,c5,c234,c5,0.37244606,0.23538154,0.39217237,0.20248524139820231,0.5056764153098373,0.29183834329196034,0.27770274136806095,0.34275533946645936,0.3795419191654796
14993,c801caa9a0db62cdcfdc94cce5c931ffb3091b78b9025490c052ad2b3d083fc4,1,c234,c1,c1,c1,0.44512874,0.4047752,0.15009594,0.610906827771464,0.15223073687534613,0.23686243535318996,0.515464955163627,0.24891085816423117,0.2356241866721419
14994,6356e9302917ce66075e04c688a566f8739c69f40897c693e71c7f04a0e0a11e,1,c234,c1,c1,c1,0.5260573,0.26748577,0.20645694,0.43948117263781666,0.24189456040770316,0.3186242669544801,0.3915846103815326,0.3041249038938309,0.3042904857246365
15000,90030b0b5efe9b5a769a66e973edc675e6796ef5658c4c0c4a20b9488fd07b3e,1,c5,c1,c1,c1,0.44705558,0.34317926,0.2097651,0.3643060074592517,0.30465311618043706,0.3310408763603112,0.3820473016980341,0.3344787564746261,0.2834739418273399
15002,d4f64d6665b1f7da246c0d44ea4ee5ed42aa45e502e20ad990a9544ce595e0d9,1,c1,c1,c1,c1,0.44440234,0.32173726,0.23386033,0.5769613384110853,0.25923331877410327,0.16380534281481143,0.47164744845332895,0.2890495108024577,0.23930304074421338
15010,e6be29f018c69f30a63732fdd609fbdb4430534931ce198de2cf685aee8143b4,1,c234,c234,c234,c234,0.3487324,0.3978185,0.25344905,0.174848700770323,0.6054748893441793,0.21967640988549764,0.23723271270931853,0.5106064129509783,0.2521608743397032
15025,b0097ef091dcaeddcc4e096a352ad2eae1f6a3772047119b84d4f9ca491aeb48,1,c234,c1,c5,c5,0.5241685,0.3127288,0.16310272,0.29859394834010977,0.2778756973216236,0.4235303543382666,0.29323556874658835,0.3239652760463267,0.38279915520708496
15032,8ab94484dab0fb9b84450e897553a9c0e64e92aeb303c52eebd6cb811c1a59e6,1,c5,c5,c5,c5,0.098559394,0.35599294,0.5454477,0.17478871577292734,0.3338488250592718,0.49136245916780075,0.23422392338282352,0.3172712167146511,0.4485048599025255
15043,c8d16056bb63cfc0158147ca0a5aff208a18d19c36bab436bd1660c999dd1414,1,c234,c1,c5,c234,0.35512748,0.32841778,0.31645474,0.24411567127742595,0.3478465755724605,0.4080377531501134,0.317086271631291,0.37039884370388515,0.3125148846648238
15057,cbea13eb868a3c660a0803b7e76bbe09dd82c84c114f21dac1afd7581d879031,1,c234,c1,c234,c234,0.5073847,0.3340424,0.1585729,0.2929191531054211,0.4378148213248774,0.2692660255697014,0.3683133213547918,0.3798462125029865,0.2518404661422216
15060,94da87ac9896b0ab6faf7e8ef922eb8f32c9359eb0093eeaf76083cf27a2c6c3,1,c234,c234,c234,c234,0.32853213,0.39989984,0.27156797,0.25446910334438017,0.5070582332061103,0.23847266344950951,0.2773555830484022,0.451156738330025,0.2714876786215727
15074,8a211de64f8a48becb972bffa10f1c5b08d4d8b0058871f0faa1cc6533d96350,1,c234,c234,c5,c1,0.30642262,0.38814434,0.30543303,0.3824267706004635,0.23277816306163446,0.3847950663379021,0.40748330332808974,0.26466206328092934,0.32785463339098103
15080,ac145c1791d6f6dc738d9b69e5468691b4e5f7dcba5a50b432a82f87df6bc4e4,1,c234,c1,c1,c1,0.3766016,0.35859436,0.264804,0.4969069983180013,0.2938878198824075,0.20920518179959127,0.4018627257981691,0.35330606769852424,0.24483120650330673
15099,937cf86d2428de78a8a70da42075961559a003d4fccf7e8b4b6dbc2f21adbff6,1,c1,c1,c234,c234,0.41261953,0.33279628,0.25458413,0.2704416459540633,0.4486041503906549,0.2809542036552818,0.34596288549166154,0.3713598082428297,0.2826773062655088
15115,b1e93602163b371973ef9b489e2995d5e1c5f8686a631cbbb09839e604afda9a,1,c234,c234,c234,c234,0.26767007,0.45303178,0.2792981,0.3592142415690477,0.39582695740592005,0.2449588010250323,0.3077091318898493,0.40726926174982236,0.28502160636032847
15118,fa369900f8a994fd518c82de51f4e7c6d22008fcfe83083cb641e9caf0d24643,1,c1,c5,c5,c234,0.2544637,0.32405093,0.4214854,0.11985416884930955,0.32518615102756987,0.5549596801231206,0.2653162720867043,0.36873633149882135,0.3659473964144743
15128,5baa8f4fc0289281c1f882bba1780687a78de97b6fb0050c636a4b28c54bcae2,1,c234,c1,c1,c1,0.49325535,0.2588474,0.24789736,0.413958463075639,0.2547575894346535,0.33128394748970763,0.3861645762673502,0.2816139598926653,0.3322214638399845
15137,95c91994f7ba48d15f9c1033e76f8ec19b22526f3345e0958e1aba5fd2922926,1,c5,c234,c234,c1,0.3560935,0.4385922,0.20531437,0.33387949336052086,0.38298030782829434,0.2831401988111848,0.3536607547587376,0.34282084309081745,0.3035184021504449
15156,e3f46652e2d9873ce5556098142da6bf257eff863132b8922fc94b527f7f5f75,1,c5,c1,c5,c5,0.44661343,0.22966583,0.32372063,0.1548627274695284,0.13846759440677642,0.7066696781236952,0.19178404128224413,0.22474402830657364,0.5834719304111822
15182,e760f84f86bcc157d8922e1b2e62fddb9dcc019648acde54ac318a69e5f0d5ae,1,c1,c234,c234,c234,0.23945169,0.4985054,0.26204282,0.22599847217904473,0.4813584890766618,0.2926430387442934,0.27323088908270743,0.42899644839473644,0.2977726625225561
15211,4e6ed55999e5a2b3ef642698be02723d8139a3fd92d43733eb098c57dc5c812c,1,c5,c234,c1,c1,0.31022874,0.40061495,0.28915632,0.4960241779464263,0.28716587995220694,0.21680994210136678,0.4028586930334496,0.33075767455496163,0.26638363241158863
15214,c635f19434fddc8b98b563f4bc3d2a804bec9bc8e30090bc10db7f3bf98fb95f,1,c5,c1,c234,c234,0.51170623,0.26975995,0.21853381,0.26141695412076343,0.49729230419218723,0.24129074168704936,0.2842895227274792,0.3811313070321766,0.3345791702403442
15257,0d02cbd6933e41cff5eecb11ba361c4d6898b9db643d27dc4ebeda047e7006fd,1,c1,c234,c234,c234,0.37897733,0.44726723,0.17375539,0.3700071475702467,0.4090888333397679,0.22090401908998544,0.30872343541783165,0.42683088514312917,0.26444567943903924
15267,616995e27b66b44eb1ce3711624baf411b05ba570e1c1ec0f264dcc8098dfeaf,1,c1,c234,c1,c234,0.39736056,0.4179545,0.18468498,0.5639386365762028,0.3471246435784939,0.08893671984530337,0.3811033333975671,0.4439267785456682,0.17496988805676475
15274,3ebfbefc8e6034658c6cd3f3c671423fddb6a33b40e3ecf49df152c56d5d3d76,1,c1,c5,c5,c5,0.1004715,0.27421558,0.6253129,0.3978776330226723,0.1776104410008397,0.42451192597648796,0.32289397730452246,0.26431959988757286,0.4127864228079047
15292,7612973d04ade1e8b5c5ad0da3fa335547004c3050841f051a8947ff4a516edc,1,c1,c5,c5,c5,0.3035873,0.33708635,0.35932642,0.20979133736757496,0.12309452028336322,0.6671141423490617,0.26258637782031263,0.2510000818820906,0.48641354029759676
15306,4a81479e53a453c9d82f09c0d9c328979b5c8a0fd6e5f7f198f6ca52f48ed775,1,c5,c5,c5,c5,0.23420842,0.37576142,0.39003015,0.22212861392558547,0.16202391019024226,0.6158474758841722,0.25389737798578765,0.2399989743050885,0.5061036477091239
15324,b96e1849a44381ebb538700f7a3fd00c9744e1e944dcf3d03e2f996ccc0098ca,1,c5,c5,c5,c5,0.14637946,0.2399934,0.6136272,0.12009531099238406,0.22553116404808682,0.6543735249595292,0.18655868202208833,0.2437147643120905,0.5697265536658211
15342,e8bb9cf8a1f6ab1cf0798eecb21c57ac1f20e31a3f3b39bf44939c5151714265,1,c234,c1,c234,c234,0.5975746,0.2654842,0.13694121,0.18639768175845792,0.42612059168288813,0.3874817265586539,0.2776493559019229,0.40556415874490864,0.31678648535316833
15348,59af44cfe402a6635e110fd41ea0db97c9daa2271c6be922cbc7a04650298f35,1,c5,c5,c5,c5,0.18845473,0.24795002,0.5635953,0.1561680845493801,0.18212337752322058,0.6617085379273993,0.25151566029110956,0.2540666916171274,0.4944176480917631
15352,beeca0cc7ecacac0bca855eae53171f0ab119e6b22e6168a337a2cd6d0904c30,1,c234,c1,c234,c234,0.54654676,0.30681124,0.14664207,0.3063676124542893,0.5188211100666529,0.17481127747905784,0.29387956715705577,0.43280300524275794,0.27331742760018635
15353,baff0664ede43fc0d9b348bbfe630770d9a484379e213dab77c3d7a294ff4f76,1,c5,c234,c5,c5,0.16561835,0.4201876,0.41419408,0.17323933153484805,0.3464391791790969,0.480321489286055,0.21817771248979811,0.3563429565591812,0.42547933095102075
15359,51274d6ec86dfea65f8e7f635c8a808fb0de7e0c772a8c27c8dd1f173360b15a,1,c234,c1,c1,c5,0.38500145,0.28104693,0.3339516,0.5596331349579909,0.13577928888754096,0.3045875761544682,0.33378477241530935,0.24477501922617567,0.42144020835851503
15362,b0a175d4a7a073e5a900792722f5cf09cc2806f419a735259fb9b51cc3d4e938,1,c1,c1,c234,c234,0.5998625,0.30207136,0.09806611,0.3605998515364781,0.43920733682165586,0.20019281164186603,0.32176484460013405,0.47452197643541727,0.20371317896444874
15370,41d7e976d4846e7e17490129b6598e08e639edfc3132e71f945b187a33cfe843,1,c1,c1,c234,c234,0.43252555,0.39962363,0.16785085,0.30060692844158615,0.4590427162935462,0.2403503552648677,0.3305779737669857,0.3917192988069671,0.27770272742604724
15371,96286cdaa967417b96bd37b5935d0bcc90bb7bed12608a56b9ce01feb847fb1c,1,c1,c234,c5,c5,0.29733214,0.36558732,0.33708054,0.17928371191870196,0.14121136494669617,0.6795049231346019,0.23332708837244368,0.21420396681787884,0.5524689448096775
15385,24932ccf8d686012523582be1b02d00bd5fa1c2c7db2837d477f7f5d6adb6311,1,c1,c5,c234,c234,0.16694106,0.38803518,0.44502372,0.18449838589517945,0.5377206401080546,0.277780973996766,0.2185014045820704,0.44570998169619547,0.33578861372173413
15387,454671260c996dd03f02a5ce9d313b3c375026c9c359c7c1c79eaf0bb5f5fcb1,1,c1,c1,c234,c234,0.57465494,0.2944076,0.13093743,0.2116594509732274,0.5529835101407248,0.2353570388860479,0.25326081963355485,0.4559193765722341,0.2908198037942111
15393,06103f1cebb69717c8965f02522712d51a3b0eed5cca4fc49710a43530e98eee,1,c5,c234,c1,c5,0.24967812,0.45533898,0.29498288,0.35623181968531514,0.32828572516641086,0.31548245514827405,0.2955670682993566,0.32974237276857815,0.3746905589320654
15396,90b3a3b569f2000896f8374c709c3315d2aacd67dd0b424c6935c2a5f66730d5,1,c5,c5,c5,c5,0.10929926,0.40755752,0.48314327,0.14513418064561015,0.36753125847619894,0.48733456087819094,0.23110701866267488,0.37821407376224137,0.3906789075750838
15398,c6a3b15da8510a5bfd4ea5405b3e5853dd85be15fa8c7e5c73e886bfd9ffb71a,1,c1,c234,c234,c234,0.31718606,0.44354445,0.23926952,0.23943636193528303,0.5352630928102884,0.22530054525442852,0.23829507067575814,0.4824975990634532,0.27920733026078853
15407,fa7b95c5a10869679234408e3c245558f6b86ba80da027380e37105c78b19316,1,c234,c5,c5,c5,0.1880018,0.36899063,0.44300753,0.12620508687404272,0.3633810971271897,0.5104138159987677,0.16595811013062692,0.3694204949455863,0.4646213949237868
15410,69612c4c977754e237e4a1166f7b440e3c70467f8e8ccc59955bbe6b2683b9a2,1,c5,c234,c5,c5,0.14188233,0.45159453,0.4065231,0.17572541871305314,0.28271551690210667,0.5415590643848402,0.1905718772104449,0.3225413691367927,0.48688675365276235
15413,931776037dba503cd38c6f602b6734518a8faede677bb554d7a7cfa0074209c0,1,c1,c1,c234,c5,0.4256752,0.2811669,0.29315782,0.24831220023904138,0.3816657436724698,0.3700220560884889,0.3038142827283813,0.3232318897695457,0.3729538275020729
15420,4e977cacbcac6959484db63ac2854f937ce38d4aea74eef5bf219275fe9f792a,1,c1,c234,c234,c234,0.31485355,0.345673,0.33947343,0.2649629494334204,0.46929590314392,0.26574114742265953,0.30274254271018963,0.3513844285802733,0.3458730287095371
15422,42ae0e135ab1c5d0b7979c55f83c5db0046b7d3e821c46474725e1c85ee5b566,1,c5,c1,c234,c234,0.53655165,0.33134523,0.13210307,0.30404023918245704,0.46239888437332094,0.233560876444222,0.33494362851654746,0.4484346560310059,0.21662171545244677
15436,bf645226ac06076a11409459a6ff0e12f5722f5fe9b0d48193854a859297a0e2,1,c234,c1,c1,c1,0.46402675,0.28410137,0.25187188,0.4417441977353053,0.2933299551105673,0.26492584715412737,0.39694309811116374,0.36050747834589036,0.24254942354294595
15442,ad64fdbd21d3aa2329b9e69a8c0c939f1bf20678ba444ed015f7a28780f48deb,1,c5,c1,c5,c5,0.4203112,0.30627084,0.27341792,0.32570744084945097,0.2807797980331158,0.3935127611174332,0.33501174635883024,0.27763283777410497,0.3873554158670648
15446,72a6d21af5d29e95c8c97d7961aa526b7b9d3d47af204154630ddb57052ed1ae,1,c1,c234,c234,c234,0.22023511,0.41923326,0.36053154,0.1222705217370413,0.47462608731992256,0.4031033909430361,0.1933381065065206,0.43944601865058036,0.36721587484289897
15448,d8d16916391f05edf1861f1b84deb560c2bea7c8d4e7e33aadaada3a7ca4e7af,1,c5,c5,c5,c5,0.16753447,0.23316786,0.59929764,0.25917968829746735,0.17920939678922393,0.5616109149133088,0.25853954488471187,0.25871937388301747,0.4827410812322707
15468,42fca549bd165beb62225623ffd4824c7b16bc60a87205c6f7528e7b4af00917,1,c1,c5,c234,c234,0.11578733,0.3562673,0.52794534,0.3541959037546515,0.4115233135642203,0.2342807826811282,0.33150424206573753,0.38321544882992337,0.28528030910433916
15470,5df074e2e908cb11309a656ab25bda6032cf430df79f10f4872cb9807ca503c1,1,c5,c5,c5,c5,0.16637349,0.31531125,0.5183153,0.035057334303928996,0.1429599389084527,0.8219827267876183,0.12888612516290898,0.23106276853851943,0.6400511062985715
15472,a2b3e5d8c57a897dfe1d116dc08f166aefac3442b800714cc348b00ae80b65b6,1,c234,c234,c234,c234,0.16371684,0.5274915,0.3087917,0.12157598681161173,0.5716815319465787,0.3067424812418096,0.20910173144340619,0.47393431541621805,0.3169639531403758
15474,2064cc2eb5753eecf6340bb08c771b6c935a92cd92e37f83054a806b1f5fbd02,1,c5,c5,c5,c5,0.25709152,0.32115328,0.4217552,0.21312146687696548,0.28450811953631533,0.5023704135867192,0.24777903729820674,0.2699118388976041,0.4823091238041891
15475,7d68ec87afe47bb7a7409a241c9f1d5146b15f0015d777516f140ab8e5ba3448,1,c234,c1,c234,c234,0.41606018,0.3850511,0.1988887,0.3377673079729703,0.3584723863490471,0.3037603056779826,0.3424995001426671,0.38110957960932834,0.2763909202480045
15481,eb7663ce8809961aa02b389bc1a335a892ee01051ee228ea7d2764fea7a3c6d3,1,c1,c1,c5,c5,0.39671493,0.30021396,0.30307105,0.19889682115858684,0.23054215489907193,0.5705610239423413,0.2539029351539231,0.2843718885907381,0.4617251762553388
15482,20aef404e09a18a5deb0f427569833a017f73865689658b011530e8184543dfc,1,c234,c5,c1,c1,0.28952962,0.3040296,0.4064408,0.37844721237795037,0.33849898721777677,0.2830538004042729,0.34487416766896417,0.3298517529869222,0.3252740793441136
15483,58323a0d32a033cd936a3fcb64d3238f3fba0ed6cce2bbb1ab2f4cbccdcc91ce,1,c234,c5,c1,c1,0.2611905,0.35741967,0.3813899,0.4462552066434007,0.37118567738608366,0.18255911597051555,0.3707739658930621,0.3417224220426164,0.2875036120643216
15489,00b9fba65cf8fdea45731d2c42fae03b7faaebf9f2e38514ba410ff70f9ab59d,1,c5,c234,c234,c234,0.40381044,0.4383315,0.15785809,0.21256469864137367,0.5330897433353498,0.2543455580232765,0.23975616841852054,0.44511956980857564,0.31512426177290387
15490,690a5ae21452a85571fb86d43303ce2a962ed029556592e092171a68a20cb0cc,1,c1,c234,c1,c234,0.13994975,0.4470574,0.41299284,0.3778348170736494,0.37607660085491124,0.2460885820714393,0.29267760427554274,0.36401419893955916,0.34330819678489816
15491,f97bed9b0a5eebfe6fb58b38047f6835fa54f1d68b22967a6e0a21829a3d1b62,1,c1,c5,c5,c234,0.26859117,0.33761168,0.3937972,0.20536545171198814,0.382454912543907,0.4121796357441049,0.2775228412735189,0.40238356315848406,0.32009359556799705
15497,da69f2ff9c2cc7a6cda3da1e7997368a7076543d72182b96d8164552b4c8d91a,1,c1,c1,c1,c1,0.4636291,0.35335538,0.18301551,0.6986025520620004,0.1967377680287065,0.10465967990929313,0.4632691535626038,0.36591153467168464,0.17081931176571158
15503,47320c9afbb2eb6552730d6de05109432f73b9369ae6f13b193da4fac8eec72e,1,c1,c5,c5,c5,0.21882543,0.29337904,0.48779553,0.21475116471616446,0.36535732534529697,0.4198915099385387,0.2937374751988905,0.3263716202602824,0.379890904540827
15519,d564c7b0ea6220923d9836b664b9ce4e80aeec800bd2006bc7676454dab80105,1,c234,c1,c5,c5,0.39814523,0.25632003,0.34553468,0.09641970982396043,0.23579499944573235,0.6677852907303072,0.19613841819226363,0.26184637538987215,0.5420152064178642
15541,5c4e19a12b197388315b558f5e5dbf606fe28802b22836ac00caa365047a5d18,1,c234,c5,c5,c5,0.06442256,0.27836448,0.6572129,0.1119135040921139,0.277641401883507,0.6104450940243791,0.19663381049757755,0.31198139672997716,0.49138479277244523
15559,d412fb1a4e0c8da41a92d56b4fba4a8829ccba71e16f49a830c822629fd6d3b8,1,c1,c1,c234,c234,0.54299027,0.3400593,0.11695042,0.39026819204234214,0.46470926803917467,0.14502253991848313,0.3513422273591836,0.42586658659049176,0.22279118605032458
15560,d915f445cddb75e52c8c7eecc4e4d903bd74fc12c8fa297a86fca6876ee782db,1,c1,c1,c1,c1,0.5765606,0.30932754,0.11411189,0.6243058143593673,0.26724341123301726,0.10845077440761544,0.5098404177540397,0.35644112890363516,0.1337184533423253
15567,5fcdc44c48552c93f68814c272307206e170e7bfb16ae08fd6d4115c75f28fea,1,c5,c5,c5,c5,0.13677453,0.3540269,0.5091986,0.11560406492218375,0.08990275458512187,0.7944931804926945,0.21044929921095717,0.21515108635588415,0.5743996144331587
15576,c38de4a1f43eb4eb67ede9dc71ef33911064be0b0d542bbaa491aba732250e2f,1,c1,c1,c1,c1,0.39942846,0.3719523,0.22861926,0.5707228852970876,0.1907155640273433,0.23856155067556914,0.40134944563211833,0.2794264426657048,0.3192241117021768
15578,32d3fbc8d5e313ed0da80fada3d8d0ad6e98a204a6fe693c9c2921214e860c2c,1,c234,c5,c5,c5,0.2094676,0.38306838,0.407464,0.2572597977710898,0.2484591836722605,0.49428101855664963,0.26374923320483584,0.3214101253200124,0.4148406414751517
15581,dbd72317d4cb2a5bcb9e297de42dc79adda211c4c116a294502328b3aa87692f,1,c1,c234,c234,c234,0.3508732,0.44059992,0.20852695,0.2202112034065153,0.5103378786695579,0.2694509179239267,0.2714413400493666,0.4276437774545894,0.30091488249604387
15582,841564f323320f7b563b51c9a52ebaeec32f04c86757cce467a9f1181cf69b61,1,c1,c1,c234,c234,0.4492992,0.30721653,0.2434843,0.26616697199314665,0.6027011993403403,0.13113182866651307,0.3275396229872284,0.4961355807331859,0.17632479627958564
15590,8bb1cb3dfc080edc1e588cab60f52be5897d40fecd080989c1098e91fd6b075f,1,c5,c5,c5,c5,0.073732115,0.37140262,0.5548653,0.20178976699189463,0.32335273220313865,0.4748575008049667,0.20100824841695827,0.38182657161610495,0.41716517996693686
15593,2db8c0de359c7b6715ffe33d8957e5b8ca061b91d34eda66b5373882d4e2c88f,1,c234,c1,c234,c234,0.37339017,0.32120493,0.30540493,0.2062943574560342,0.7065421655104801,0.08716347703348579,0.36143913129412375,0.4834834442378931,0.15507742446798303
15597,c1d30e601678b7b0591a99992172291c541796abbd0bca633fd09a0337223549,1,c5,c1,c234,c1,0.43207148,0.28249675,0.28543174,0.37537311805192136,0.4825652587013776,0.14206162324670094,0.4138051490704933,0.3847875534402286,0.20140729748927802
15641,9cd0f4bc9892b2ad84eb563ddb88990c3be287f97093e416e5199a04e60dac2e,1,c1,c5,c5,c5,0.07274006,0.215784,0.711476,0.06427071137008725,0.35733056500774507,0.5783987236221677,0.1395871715673011,0.3616284240161945,0.49878440441650435
15645,99cd5c801edbb166bba7f65457a1a4e6887a2a6941a62be6f032ce7ae6e759ce,1,c5,c5,c5,c5,0.18332581,0.4026218,0.41405243,0.2478056158732932,0.29378468855002055,0.45840969557668615,0.2778369343447992,0.30571857352909676,0.416444492126104
15649,664ea531cd3e0a203b3f9f48428eedc14a38acea1221418f3aec1beb8d3941e6,1,c1,c1,c1,c1,0.56622356,0.2745801,0.15919632,0.5875664767088199,0.31415696627951145,0.0982765570116687,0.5003936009334843,0.31670237307212673,0.18290402599438893
15654,0cd6f682e2b367f7b9bd059be6126cbf50bbba375753ca13a9b1712b54a7af8e,1,c5,c1,c5,c1,0.42859083,0.3538314,0.21757774,0.2199286578960126,0.25638999410584845,0.5236813479981389,0.34336442898196845,0.31724564638729835,0.33938992463073325
15658,8717d69d684d39acade956a613bc67dfe240323effd618c9bed2fc72a6adee9a,1,c234,c1,c234,c234,0.4063704,0.3222662,0.27136344,0.20998538114948365,0.4722101388981218,0.3178044799523946,0.32248154857079075,0.3741069989833489,0.3034114524458604
15669,f4eb0ca4d1871d8cae41e302206dc87a9a263921bd9d2cba3516a91b91ef82f1,1,c234,c5,c1,c1,0.28250432,0.28337926,0.43411648,0.41569494920369326,0.3370302479713739,0.24727480282493275,0.36744123095008213,0.29135306446137604,0.3412057045885418
15683,931776037dba503cd38c6f602b6734518a8faede677bb554d7a7cfa0074209c0,1,c1,c1,c234,c5,0.4256752,0.2811669,0.29315782,0.24831220023904138,0.3816657436724698,0.3700220560884889,0.3038142827283813,0.3232318897695457,0.3729538275020729
15684,68b886f3d13a373431e9f37ddd2cb5cf49ddcd42e0899bfe950c9b9addcec665,1,c1,c1,c1,c1,0.45516446,0.3567489,0.18808661,0.45824392458493785,0.3210466991511361,0.22070937626392592,0.42002851297364524,0.32534769562953386,0.25462379139682095
15690,e1e9f5e7eb8e5ec5218ae889ca5c13d36e38493e10aa45499f8cea975bfb2da0,1,c1,c5,c234,c234,0.2474886,0.3648373,0.38767412,0.2096457758514101,0.45681273277793405,0.33354149137065586,0.23497571880658058,0.459939789799345,0.30508449139407445
15692,7efe4a36e5e59c2ba3f3306ec6a91516e4c1dff3e0ac701eb85e32586cde9862,1,c1,c1,c1,c1,0.50140196,0.32292184,0.17567618,0.5388164631964186,0.2604326458277022,0.20075089097587917,0.45244721175688324,0.3339940241280491,0.21355876411506766
15695,9d3014e2bd57b8b6bd565ecc8fe2c4e6c7ce661c50813e1a8e8bf9a73af10fbd,1,c5,c5,c1,c5,0.14997154,0.16563055,0.6843979,0.3950927050442469,0.2547190395778529,0.35018825537790027,0.33094720926873344,0.29482190496366756,0.3742308857675991
15711,af49d753e68219cba31c248245250b827cbd037fbbe03f95e872e783a7808905,1,c234,c1,c1,c1,0.40385455,0.33800408,0.2581414,0.4855466287308635,0.2394885406167555,0.2749648306523811,0.4177218900815871,0.285316877631157,0.296961232287256
15714,d656b08328dbe8ef4012fcf18fedcfbdc237f4e8e96a171386122bd648e2720f,1,c5,c5,c5,c5,0.22464626,0.36156952,0.41378424,0.20531611807190284,0.29746963625147804,0.497214245676619,0.2532242019094596,0.2952263891100026,0.45154940898053775
15718,baaf0f8e752ab8bd4496923a8fa2a49252a184c23ccd2aa45844b36e960f730c,1,c5,c234,c5,c5,0.33060217,0.43310085,0.23629701,0.12996950580093325,0.20773023123079604,0.6623002629682707,0.21087051880869465,0.29771322136700273,0.4914162598243026
15720,3fefd2b014f15c869565f93d4c1ca421808b5a4d8805bce6138343c72d9ec51c,1,c1,c1,c234,c5,0.3810779,0.2968693,0.32205278,0.2517694786003385,0.4383418025626475,0.309888718837014,0.2735976299347386,0.3304851647579107,0.3959172053073507
15750,0995d09195ee14c18e6b7a7d7a5c3bd55bd72243bf7699cd0021cece8426b2e3,1,c1,c234,c234,c234,0.29509482,0.4176043,0.28730083,0.41493383584706695,0.4874453855283874,0.09762077862454571,0.3164213833655628,0.5016955441781088,0.18188307245632837
15778,067fd4681f2e1b7bf775fe7d173f214be2ebc8fd85761729a5a988b9a01db5d2,1,c234,c234,c1,c1,0.2670815,0.5281578,0.20476076,0.46664969126601225,0.36238305772938895,0.1709672510045988,0.4399286443982878,0.3707862057104032,0.18928514989130896
15782,ec22eb1ee88f2d3fb1b715168a6a10671f5b932aeec52a5b8e2e2fc7d4638449,1,c234,c1,c5,c5,0.4067281,0.29755992,0.29571202,0.22989180112950855,0.21710222924735334,0.5530059696231381,0.3037050900080269,0.2414702315955494,0.45482467839642365
15792,31145c4c22dc1dd6b580e809ddcdd5012be20eacbb0c7fd941fa06ec23fb63b2,1,c1,c1,c5,c5,0.41316235,0.3038049,0.28303277,0.2204481524503811,0.29257901827785626,0.48697282927176255,0.28368731578507844,0.2992921710374913,0.4170205131774304
15798,8f85c2c0ac22d5780899d6871949229764cbcd1f1703ad21f7876b34e92c5493,1,c234,c5,c234,c5,0.15635712,0.37934077,0.46430212,0.2487698804005365,0.4093913451423603,0.3418387744571032,0.2900771726321715,0.33457812305690415,0.37534470431092437
15802,e01fdbed73761b2d3f900fb36036ccd6e0b7bd3def39efa983e9a0f93e3a65bd,1,c5,c234,c234,c5,0.2706897,0.38600853,0.3433017,0.28890317497942236,0.41455454891615084,0.2965422761044267,0.29059328900002096,0.3488598768340359,0.3605468341659431
15803,e73640658851805c6981536e7edc09208873572b62fda655a7b1f1e888586f9a,1,c1,c1,c5,c5,0.4494861,0.28454378,0.26597014,0.34604512121326303,0.24164009546567541,0.4123147833210616,0.3082468072557326,0.27541533172376537,0.41633786102050196
15806,2edeb746cee209f891f3a081d585cd8a0af381191e10c62db87a3499c65c9d60,1,c5,c1,c5,c5,0.44086406,0.3828183,0.1763176,0.26327183418054856,0.1580053191363543,0.5787228466830971,0.3109243170257475,0.27318823415292337,0.4158874488213292
15824,8f5593e0e258ac36ab01e22145ec3c3626fb0255ca9d301d2eb042106c8218a4,1,c5,c234,c5,c234,0.24800944,0.38683674,0.36515382,0.27195017956825956,0.3638589923416984,0.364190828090042,0.2589845924311469,0.3729365694882504,0.3680788380806026
15838,8ae41b2cc774f984e4ca894a371c01c7fe1ef0dac9ad1e53a661db4d8e95347d,1,c234,c5,c5,c5,0.21399137,0.29756203,0.48844665,0.3381968460859411,0.18783384386372115,0.4739693100503377,0.29997006454403874,0.2748914115354486,0.4251385239205126
15865,3e7cb68f1c8910b809603c4160e5e942f42a81cd5cf8043360bb880f3ffbf6af,1,c1,c1,c234,c1,0.49466532,0.27044904,0.2348856,0.2524258547351311,0.5261857009462497,0.22138844431861915,0.34999668961462704,0.3318439018853834,0.31815940849998947
15885,4a6157472746556f7c31918acfec1ecaab80b6ab84dcfbbeeea9cb7c6583ddd8,1,c234,c1,c234,c234,0.560068,0.32258093,0.11735107,0.4252186284481942,0.48029125482993656,0.09449011672186927,0.41501837994519913,0.42982721528467954,0.15515440477012138
15891,b424e6a53501ea5069d53e577e9548e4278f0db4945d81d6580c00a4b7ef90d7,1,c5,c234,c234,c234,0.3496775,0.40852854,0.24179396,0.368391051030666,0.4153530848699175,0.21625586409941655,0.28244245094604176,0.43696226938867794,0.2805952796652802
15894,24e75db34b7a6c5d6d567a3f6eb051d5bddb5312f966f49a0414d1e4c0e33c21,1,c1,c1,c234,c234,0.41932678,0.3934433,0.18722992,0.11234517198419672,0.677750692458496,0.2099041355573073,0.2182643590398124,0.5525132987777501,0.22922234218243762
15899,cca6c5a9b175baa083eb84841c43b5e3823847b878a809498051df3e9ffea092,1,c5,c5,c234,c234,0.30983827,0.3267293,0.36343244,0.19566196576567293,0.44374795300055403,0.3605900812337731,0.24983442909822362,0.3827842351370223,0.3673813357647542
15901,394e2ad9b87ce7bba06942d0549f67c6f85461ff4623c0fa4d20379b711826cf,1,c1,c234,c234,c234,0.29802555,0.44059768,0.2613767,0.1251012898402903,0.519064716464842,0.35583399369486773,0.269088664160336,0.43745908751468554,0.29345224832497846
15908,093186764e996fbfbe17aa54d933c4f8ff7663f5d8ef6b825ce32a2b7d8a326c,1,c5,c1,c234,c234,0.45278665,0.34910113,0.19811225,0.3734653576667502,0.4689258964068909,0.15760874592635882,0.3768644344149301,0.43203276978202154,0.1911027958030484
15912,a0573db3b61091e780a2c9b7413caf58c9d69a846b8ec28303f2525ad59ae320,1,c5,c234,c234,c234,0.2571114,0.46602342,0.2768652,0.27180583033922534,0.5228867862411476,0.20530738341962693,0.30633571063612025,0.44421050809005663,0.24945378127382312
15939,e11cc5736c609e8d7c53f66871c8080221d912b426a441e4fb0093a644bdabe6,1,c234,c5,c5,c5,0.1744009,0.31243065,0.51316845,0.10209977496547577,0.27714095207786404,0.6207592729566602,0.2240933825539806,0.29625503541164155,0.47965158203437785
15940,9eaf06eea74bc3eb992d8ee5d0c7c3e72e8794018896529b5f3f16ae3d705712,1,c234,c5,c5,c5,0.22679885,0.26036808,0.51283306,0.27331554081319176,0.28214662012553954,0.44453783906126865,0.332425978502698,0.25207256263493605,0.41550145886236584
15941,40259c4b2fe1ae3229ab17c52e46c16ea757f4c8538735a3367ef37d380f13bf,1,c1,c5,c234,c234,0.17790164,0.36380878,0.4582896,0.3117971614890437,0.41649827329209227,0.27170456521886394,0.2672903795009166,0.39443317315861104,0.33827644734047246
15942,e54f6cc04b43764ac26cbe2df5e20da330012587d5e76be18a5160791fa9bea0,1,c234,c1,c234,c234,0.48988223,0.30014145,0.20997624,0.25605867081948835,0.49234001264716365,0.25160131653334794,0.2907467706024612,0.38877439220651455,0.32047883719102416
15944,f298af8c11480fbb70f3c1449964c36e666cf4c90c4a7129e4d7229726acd39b,1,c5,c234,c5,c234,0.20735587,0.48209095,0.31055316,0.2342964711627196,0.3687980355017108,0.39690549333556946,0.28201687853277246,0.37859209944155,0.33939102202567756
15948,12d8a10c650195464de30fcdde492d9cd9174bfb62456adc9f94a9e7221c2799,1,c234,c1,c5,c5,0.39223206,0.28881338,0.3189546,0.2635919906682153,0.18877144118656883,0.5476365681452158,0.33245596130787325,0.2280097340113109,0.4395343046808159
15955,c73ed1d9240b36729ed302e9fea59dc4d526b8e5d2d26e5c9fc9db3ba62c5f26,1,c234,c234,c234,c234,0.26596144,0.3767114,0.35732722,0.3178005585889088,0.4927724122061545,0.1894270292049368,0.28938518516999584,0.44817185729420156,0.2624429575358027
15957,a1afac1ece35646cf0679e29f06291f9ef44031fa2521bab70e4258937c6b4c8,1,c1,c1,c234,c234,0.5143684,0.3728034,0.11282818,0.2872387085677766,0.39798840979130046,0.31477288164092293,0.28048176020286164,0.42878856049776687,0.29072967929937144
15965,373d43c53440aeb8a658e3990b028b5a38c4b8608ac52b4699b2f33e9ee46241,1,c1,c1,c5,c5,0.38499132,0.3048407,0.31016797,0.32360888855908276,0.2156388647841268,0.4607522466567904,0.325025278305399,0.22080178324461458,0.45417293844998635
15972,0e6ecded179855495c327aad4a3f57125160518562bdf2886c515293ed0be8ca,1,c5,c1,c5,c5,0.36995208,0.35835627,0.2716917,0.27411027199702404,0.2217608474369805,0.5041288805659955,0.28302404782400425,0.3224460074489578,0.3945299447270379
15984,34a40971d869ca7ca349e5eba08daa6069b132cc5d4a83feb6522769f00bff57,1,c234,c1,c5,c5,0.38198066,0.35014677,0.26787254,0.3686150546210725,0.21165710732656975,0.4197278380523577,0.2939438210179607,0.3075771913136204,0.39847898766841894
15985,5932be3c768ad9f950902b0aea52985b999781d60c7dd9317156dd82fd482e6c,1,c5,c1,c5,c5,0.49875474,0.2557028,0.24554248,0.2371598845518829,0.34996476079524846,0.4128753546528687,0.25811530324118004,0.31403586911488085,0.427848827643939
15987,3dfb023c236739acaf589f1d6e5e3c8d4db48fb1646123187bbdb331bb42c1fb,1,c1,c1,c1,c234,0.40892303,0.28179535,0.30928165,0.4751371765937426,0.4170431755706943,0.10781964783556301,0.35450999089988944,0.4069827478529026,0.2385072612472079
15991,dd97cd708d4e5bae30d6515062ed3918f330224f70d1d1e518030add328e3d21,1,c234,c1,c234,c234,0.42536345,0.30936894,0.26526755,0.198531841638953,0.5622402309533978,0.23922792740764912,0.2546832071974349,0.422321173905258,0.3229956188973072
15993,073cf7c0fd0824fb2c92a92f269b5d8bb7c41ec679f7f514d12b4ebeed17a5d8,1,c234,c5,c5,c5,0.11588656,0.27556384,0.6085496,0.25313788351529143,0.2406498236930981,0.5062122927916105,0.20875719384196026,0.2730879889440181,0.5181548172140217
15996,a6ac6e9fc78696cac8e8c0d6b5240c07c7821057ad1c15f179d02b8134ac3f1e,1,c1,c1,c1,c1,0.4515275,0.31449544,0.23397702,0.7522574511443302,0.1445100652055814,0.10323248365008851,0.5781698710465929,0.24366187007137932,0.17816825888202778
16002,ff2f674fbf53a7dd466a24226d79b51a197bcbda9a4a7c6bf4c166e873bacdd2,1,c1,c5,c5,c5,0.054622907,0.26301122,0.6823659,0.15695574543237334,0.2933754054731059,0.5496688490945207,0.19328223742985307,0.29913207545138604,0.5075856871187608
16013,2dadde34f8d5da326fbc96186c096629e2305f25bd42bbac8dff5e04d82b2e2d,1,c1,c234,c1,c1,0.3713486,0.43184757,0.19680384,0.4933064327921438,0.3710257547783226,0.13566781242953352,0.4161394881759187,0.3935709620027946,0.1902895498212866
16014,4317233dfde2abbb12b3bf4973280809a81d49781b556878faa2abb3b03a4f2f,1,c1,c1,c1,c1,0.68967307,0.23244962,0.07787736,0.6050375768421701,0.32621899957459305,0.06874342358323692,0.5622866901562372,0.2920576336809067,0.14565567616285596
16015,b45f74608889193d3c8b7f509846cde943fc257595a5ea634576235ecac949ee,1,c234,c234,c234,c234,0.33854288,0.38308635,0.2783708,0.2682456716244269,0.4139597734470958,0.31779455492847736,0.24922338314318584,0.4166051042594715,0.33417151259734273
16018,5ed663339a74c386122f9ae654754b18ffba64784db9867d8032c973478ed9a4,1,c1,c5,c234,c234,0.25976518,0.35559845,0.38463634,0.23803195373551103,0.45771740139944134,0.30425064486504766,0.25162023411166534,0.41821163641698295,0.3301681294713517
16049,e649234f79cb3b78e1e163e793a6ca38b30d53c9a04d31274532ba0dbb012f92,1,c1,c1,c5,c5,0.49598992,0.3384487,0.16556135,0.3199493535313528,0.1783646233603086,0.5016860231083387,0.3271779458523827,0.23997201947061997,0.4328500346769973
16060,716d5bd8f3340c4de34e88310389c48109ca6332cb8cbfc247533f5265aa08dc,1,c5,c5,c5,c5,0.25164855,0.19333656,0.55501497,0.13359984047321916,0.1344284354987684,0.7319717240280125,0.2147566089137645,0.21582501588600764,0.5694183752002278
16065,c9f40d0ce08cbcf7502566b77645f08c66ab100b485e48be808c609b406984d9,1,c234,c5,c5,c5,0.2840431,0.34190983,0.37404704,0.2797114731306355,0.17339427009800704,0.5468942567713575,0.3434119560402579,0.20611350716403973,0.45047453679570243
16073,3aa1bb2fe13e3db1c248d07ecad80b50399888d117d270ccc5c7347132932e90,1,c5,c1,c234,c234,0.41359138,0.37455884,0.21184972,0.28109748610333435,0.384197277754386,0.3347052361422796,0.30166805347681985,0.40149015496560597,0.2968417915575741
16075,b1510e6e6abf2c28f02a72be83f7dfbc28df1808eac2c5b4659126581e22e051,1,c234,c1,c5,c5,0.5750096,0.2416219,0.18336856,0.21023999461951773,0.351628478127388,0.4381315272530941,0.26750049945642207,0.3029421630126985,0.4295573375308795
16086,16903c4767beb7e11d8558142371cdbfeb34409a6af6fc32c401f78031e58709,1,c1,c1,c234,c5,0.4799713,0.26699737,0.2530313,0.3314441882516303,0.34322307254567236,0.3253327392026973,0.3209395713464734,0.30717061676190677,0.3718898118916199
16112,caa1b21979525673dd5148a4b14f9130b027b5e710360fd3b5c4a6435c34788f,1,c234,c1,c5,c5,0.3761786,0.29381078,0.33001068,0.15707535838378434,0.3232373998332769,0.5196872417829388,0.23015507359440066,0.37099341500038174,0.3988515114052176
16113,c157824fb6b64be26f923c004b918e5d5a81f2c96652be0619de4aa6e1340c7f,1,c234,c5,c5,c1,0.24119882,0.26461738,0.4941838,0.2822342390024492,0.29671619425349516,0.4210495667440557,0.348511540136181,0.3164285405301198,0.3350599193336992
16119,014b58bb09eb2afeff2183cfca321d7a296512b7471c0a73ae16eb59015cdb60,1,c234,c1,c234,c234,0.45010558,0.38362843,0.16626592,0.3071152406313917,0.43267700995768626,0.2602077494109221,0.36266896756439937,0.41778648454080314,0.2195445478947974
16120,d121bd1602424f78f20910f561baef365bef8a9da9c08ea2d998278eb3117c1f,1,c1,c234,c234,c234,0.35304305,0.37646735,0.27048954,0.3746357801751986,0.4339647650257525,0.19139945479904885,0.3750703443635636,0.4165348445738297,0.2083948110626067
16131,c12e244855445972d0e7de53ce71472a88a9c0d7324ca0542c469a2f216a1aa2,1,c5,c5,c234,c234,0.21510276,0.25639507,0.5285022,0.2862820281755233,0.39279418329515825,0.3209237885293185,0.30329847178937586,0.3529955237577796,0.3437060044528446
16153,3b9212c551faa631fe200d5305f5c069b86c378c2780b3cfaf8f382f746b68de,1,c234,c5,c5,c5,0.22647288,0.29526946,0.4782577,0.28702901802867065,0.2648986429805823,0.44807233899074717,0.32517353601080273,0.29443173853316057,0.38039472545603675
16158,094473593572fa370f43bdac85c18c707f0639867841f9e88dac77dfbad63967,1,c5,c5,c5,c5,0.16178133,0.25726625,0.5809524,0.3008747634105407,0.23538950331211111,0.4637357332773482,0.2593228959516277,0.28430751949942173,0.45636958454895055
16167,5e822e6e4fa86d64533acd4f5a055e39b1a5fca0ec118a932cd9fb24c82e81c3,1,c234,c234,c1,c1,0.36993322,0.39403617,0.23603055,0.43370827045615334,0.3602666872990976,0.20602504224474905,0.46555822567567606,0.33308968587662025,0.20135208844770372
16185,1c072b6f4b40ad45b80d68360c6ffe3d823cb430c718b8edaa0753140712a86b,1,c234,c1,c1,c1,0.3653401,0.33183923,0.30282065,0.5629144009495082,0.28896250728067757,0.1481230917698143,0.4636514860157359,0.2953165422744228,0.2410319717098412
16200,931776037dba503cd38c6f602b6734518a8faede677bb554d7a7cfa0074209c0,1,c1,c1,c234,c5,0.4256752,0.2811669,0.29315782,0.24831220023904138,0.3816657436724698,0.3700220560884889,0.3038142827283813,0.3232318897695457,0.3729538275020729
16202,f8973360363d0f99afb8894ca2c6a059c03e145a96d7935888814689a62ca38f,1,c5,c1,c5,c1,0.3949435,0.34590414,0.25915235,0.33399535741773595,0.27558054687205674,0.3904240957102073,0.3836206071586341,0.3137780815120177,0.30260131132934825
16225,d682c1a4898def6dc7cb0ed8b309412b1c0340ce79e58bf9f702ec1bcdfc63b5,1,c234,c5,c5,c5,0.17655097,0.30717078,0.51627827,0.15502950177867278,0.19105017822335202,0.6539203199979752,0.2102354716949583,0.2563904636763188,0.5333740646287229
16226,819b0d8c7ae58ba1b73effa08d30ba384895b9104a14ab642c3a9bf6176134b0,1,c234,c5,c5,c5,0.25646242,0.26488224,0.4786554,0.1065029343255291,0.1555742350942391,0.7379228305802318,0.20392944582804756,0.18527996650945688,0.6107905876624955
16243,4e4dd18f87609d6cfbb49178741b3811379094253c8675486d63add5b267603c,1,c1,c234,c234,c1,0.29378915,0.46479535,0.24141553,0.2942904787164367,0.37950955942798265,0.3261999618555806,0.37913811123512914,0.34513458133043173,0.2757273074344392
16244,d38756f2969858caa0ef7c261ccc7e5c5b209750cd2d4d5d3e09805f44b8e920,1,c234,c1,c234,c234,0.5126069,0.3498477,0.13754545,0.4196848974105477,0.4803071742017453,0.10000792838770699,0.43492448492179125,0.44109298646871936,0.12398252860948945
16250,75ce40b3c0b33258329418507f2ce63bb1b6a6b27338b95c83a94c12d75e3307,1,c5,c5,c5,c5,0.107011005,0.29446614,0.59852284,0.2929911298160542,0.29294450127626925,0.4140643689076766,0.3142908435012408,0.31039236181844987,0.3753167946803093
16255,be20018561eeca18bbd4d74fe62efded8d43440adff4b145b6999a44868e2e1e,1,c234,c234,c5,c5,0.22666082,0.40390113,0.36943808,0.18725192882162217,0.21912200359795855,0.5936260675804192,0.205394294490367,0.27852865472786764,0.5160770507817652
16257,8dfeb8eae5ada5c80aa81357dd757e427f770ef66f69df51f0914b0f78dec209,1,c5,c1,c1,c1,0.6266502,0.28277826,0.09057152,0.46484619473237804,0.3241453040159989,0.21100850125162307,0.45227697373746,0.33916947049342216,0.20855355576911777
16258,2aedd4f7429dcf359f99d5fbb400c2bd0a28520599e3e4330919b3aa7698f9e2,1,c234,c5,c5,c5,0.26398984,0.2854213,0.45058885,0.2987589387808242,0.2970399857722121,0.40420107544696365,0.2877439822200186,0.3290289867665183,0.38322703101346306
16266,4fe71bf4e26510450021596aba6d2072d255bba8291b9c5379a83bc1f0b1c89c,1,c5,c5,c234,c5,0.14962989,0.3732029,0.47716725,0.22591193161291015,0.41379432412538125,0.36029374426170846,0.23115052378573014,0.36483011988694647,0.40401935632732333
16293,57d21c4780602eb1373d2e36d4aac12d8f43448dad4621f75bc6d300c73cf52f,1,c1,c234,c5,c5,0.36546028,0.38632068,0.24821907,0.25004459569638515,0.32933999673973324,0.42061540756388155,0.24176203810016955,0.3350070010431865,0.423230960856644
16295,61f46e13a71e10092d092aef47f6f979e24ed8baee132f61e1b8166c3be7aeb8,1,c5,c5,c5,c5,0.29810587,0.3400015,0.36189264,0.09492271684224358,0.21998534788648072,0.6850919352712758,0.20183804619130805,0.2882104942590036,0.5099514595496883
16315,7757041ac74fe5d1f0cb28b62eb6ca5771b3229ca62c140d35306def2217fca9,1,c1,c5,c5,c5,0.13875902,0.3711424,0.4900986,0.2097467072809857,0.37505938405701983,0.4151939086619945,0.2680472050608619,0.3274504450198874,0.40450234991925077
16336,0b697def3e66c2ba06769edf938b4ed918ef72c9527e3bd018c03c66fa4da6fa,1,c234,c5,c234,c234,0.20808902,0.30270794,0.48920298,0.3759229327120979,0.44157652727396746,0.18250054001393468,0.3440878416216406,0.4285712555601547,0.22734090281820477
16338,65f0109557c7b848063542f3cc0ff8c558fa9838b2d41a3797644d1b916ee03c,1,c1,c234,c234,c234,0.24397126,0.52799463,0.22803411,0.18798270408163104,0.6471507328766115,0.16486656304175742,0.2852296528136109,0.4472730983189165,0.2674972488674726
16348,85ecbe0573fc64b72a2a8413441fbe8d1e5c020763f4e11a37c37ae233ccfd76,1,c234,c5,c5,c5,0.110722296,0.35274628,0.53653145,0.16842464223082373,0.41113298979409946,0.4204423679750768,0.24049044003847544,0.354959626895144,0.4045499330663806
16350,1f46dafce46796f648fcd1389e7dc53ee4c44118f06c12a34a794be99672aeb5,1,c1,c1,c234,c1,0.58299184,0.29806456,0.11894351,0.379089864798625,0.5320859444267259,0.08882419077464929,0.46878129752849573,0.39894426962976526,0.13227443284173895
16361,21374a2b2f57407e4c69d06afbbf35ef8df8857f625ae0889b499ade6f67c671,1,c1,c1,c1,c1,0.37550786,0.36078432,0.26370785,0.5474776405915694,0.29146765891705806,0.1610547004913725,0.4092887183058041,0.3617246092926728,0.2289866724015231
16363,6c244a608fd16f5d6481c75f563c43839fb6754c590b00b1e49034ac47ab8b7a,1,c1,c1,c234,c234,0.57702583,0.26847148,0.15450272,0.2585593059740973,0.5533911524420759,0.18804954158382664,0.3377322089254138,0.41050190209337856,0.25176588898120766
16375,ef5a497d24085a5a3044203662c38648b7111c80774c70793436666af9639cd0,1,c234,c5,c1,c5,0.27353674,0.3573678,0.3690954,0.4106406307164657,0.2779590310372648,0.3114003382462694,0.32766686280247503,0.2790953437444174,0.39323779345310755
16378,7289ad36602d6b629b1f089784bf2caf8a1ae0ac58d7360fd36add0a1e17cc4e,1,c5,c234,c5,c5,0.2548212,0.4202519,0.32492685,0.11015016301459389,0.1477218194568527,0.7421280175285535,0.24463342660407766,0.2311832488153644,0.5241833245805579
16382,8fae50f8007642a0d5fe069d6b19e81b1f48802225f69e78709aeba06557c034,1,c234,c5,c5,c5,0.048272002,0.29971987,0.65200806,0.11043538423315291,0.3957211921438567,0.4938434236229905,0.1551650163695037,0.3725804531044981,0.47225453052599814
16385,2f4b1a0ef0058fb7474dcd9e8bc4e464af87d9401c9545b4cfc56cda51d2f5fd,1,c234,c234,c234,c5,0.24247515,0.39874047,0.3587844,0.21933704457660072,0.4309411334559042,0.34972182196749513,0.24653132228204927,0.36801298516957875,0.38545569254837203
16400,6577bdc8584e5e4b805acc1c244ace4731a4663f9524bcbbfe4a490fe63cee16,1,c5,c234,c5,c234,0.33821243,0.36179188,0.2999957,0.2744289502038247,0.3269824054610625,0.3985886443351129,0.3009208883480616,0.3582343762032794,0.3408447354486589
16401,ac73dab15ba0fb51205736a8449415e95a56376fd42acdd439fabba15c73a836,1,c5,c234,c234,c234,0.27544466,0.3860756,0.33847973,0.32949600521097816,0.391997680854849,0.27850631393417286,0.3099769276140731,0.3762006871382927,0.3138223852476342
16415,713c0aeefb1b94069f84c7c8d4f309984fc692efc451b2ac4ef417c2165ee4ea,1,c234,c5,c5,c5,0.2512539,0.3560505,0.3926956,0.1473331483897122,0.25987034971327566,0.5927965018970122,0.2440071661929564,0.3061556444616462,0.4498371893453974
16426,8ef9e287f545e4693612e6c538cd35891acf2ccc7f99fb6c1632731b3b59d6bc,1,c5,c1,c234,c234,0.42270076,0.36851004,0.20878924,0.1287324039435006,0.47760168952737625,0.3936659065291232,0.22396325250129995,0.3898106088479982,0.3862261386507018
16441,eaa8d27e8b1ad1eb59cdcf876da299df7eee70790c3ce7b20dff74b243862d0b,1,c234,c234,c1,c234,0.2374701,0.39369082,0.36883911,0.518182581840899,0.28458934369558725,0.19722807446351365,0.34588138859186096,0.3502742752855968,0.3038443361225422
16443,c5557541bf02a65527d0bd308f4689a33b5765eac844b512c5e7043955c6b416,1,c1,c1,c234,c234,0.48292482,0.34974873,0.16732645,0.4049312870742978,0.4056106405651098,0.18945807236059245,0.37490052504734295,0.3808290780122698,0.24427039694038732
16455,449082aea084a437f7cc15c79aa8f3b4d061818f55f155eb1b341b668a9017f0,1,c1,c234,c1,c1,0.33548373,0.3820032,0.28251308,0.4233919758911275,0.39038339866890776,0.18622462543996476,0.37748861036563663,0.3529655507136191,0.26954583892074424
16467,585b73289ec5dba19b331aaf559320e3f9562f264867673efd1c8d12af90606a,1,c5,c1,c5,c5,0.39597312,0.31101033,0.29301652,0.14353601118715525,0.18672552679151544,0.6697384620213293,0.2608202797069205,0.2695902004943693,0.4695895197987102
16473,d8d16916391f05edf1861f1b84deb560c2bea7c8d4e7e33aadaada3a7ca4e7af,1,c5,c5,c5,c5,0.16753447,0.23316786,0.59929764,0.25917968829746735,0.17920939678922393,0.5616109149133088,0.25853954488471187,0.25871937388301747,0.4827410812322707
16489,7ba007021070f5be4719cbdce37218ef2097bb7a04d24ed6ce6ae8f17373a888,1,c5,c5,c5,c5,0.11166825,0.2759053,0.61242646,0.20515889507992108,0.3389306439452137,0.45591046097486526,0.2576297773348622,0.35552717892222435,0.38684304374291345
16492,84f6cce84ee63ec2486e74faeb97b5cb303edf143d62aa6413a2700b388aa3c7,1,c234,c234,c1,c1,0.38661098,0.39601383,0.21737517,0.5310047677597702,0.20424063016345087,0.264754602076779,0.4251314421697746,0.28010200657042494,0.29476655125980034
16493,c372e43fbd0dd3c798f38531aa59be194600922b461eb1d7a92626f058deb75d,1,c1,c234,c234,c234,0.32267427,0.40214723,0.2751785,0.2343525142748265,0.5231684280299927,0.2424790576951808,0.28302993384364106,0.38716394416071637,0.3298061219956427
16495,d037f41f3d238dfee1a0ad31c1ad7204bdc09fd15aa3666dee964ee4d1a223b3,1,c234,c1,c1,c1,0.39843065,0.3211875,0.28038192,0.4908619269659064,0.3664150599976716,0.1427230130364221,0.43868204693560797,0.29116621288249184,0.27015174018190025
16496,05d5bf3b9cad47ea7547c28aa4fa80cde30881d08f2eca7610424e42219372ef,1,c1,c1,c5,c5,0.40138444,0.24638125,0.35223427,0.21656967637740046,0.27588929506504045,0.5075410285575591,0.26733958075598924,0.26273861365345647,0.4699218055905543
16510,1129948998809dcfdffe404b5988dc7b1d7b2a3f23e05a5e3925d8ff6478ca65,1,c5,c234,c234,c234,0.29417366,0.40284556,0.30298078,0.16529792899172835,0.5604753077540233,0.27422676325424844,0.2403260727000362,0.42906429371695703,0.3306096335830068
16511,79fe081f7ab04f4e168024074288ccf03fba5dff2f88f4ac9fa5517bcd4c5d62,1,c234,c5,c5,c5,0.18093255,0.2360263,0.5830412,0.3070064856621583,0.25999638306825334,0.43299713126958833,0.30990430604885194,0.2932393329660769,0.3968563609850711
16513,653fe662fe90c4dcf3bb4fd52c6565a79b5bf0520f87f6fd16d2c9860f9d3599,1,c1,c5,c5,c5,0.19136582,0.3302451,0.47838908,0.21488631746332698,0.14128151471185985,0.6438321678248131,0.24872048027188742,0.2327064920609545,0.5185730276671581
16519,65c7957ccd29be29dc6db0bfb16e4b6e46751679b62dd375a3c480f23c349915,1,c234,c5,c5,c5,0.21911706,0.33422023,0.44666272,0.29783890241669997,0.20985279361183684,0.4923083039714632,0.29819524128699115,0.2749753109175338,0.4268294477954751
16526,ad1ab01be235ffbebef42ffc6b35db87891123429c704724d65fd64bb8c9154a,1,c234,c1,c1,c1,0.50691533,0.31933817,0.17374651,0.5648112384767744,0.14211364704332097,0.2930751144799046,0.5441915760577234,0.1962506426911258,0.25955778125115075
16536,4679b3ffcfec8b831c37acfbe6b522b318438d5c729cfb9c09b42d6144ee6852,1,c1,c234,c5,c234,0.38838324,0.4213909,0.1902259,0.29847108746718126,0.3414391076710546,0.3600898048617642,0.2929483658451792,0.40078039363475537,0.30627124052006544
16541,1b753504b566674e7818a18cb489f431533a05c89b004851c71c72c8be2e9c29,1,c234,c1,c5,c5,0.47640446,0.27199233,0.25160316,0.2960296384531002,0.2296495651643047,0.474320796382595,0.31631744962654174,0.2849488715847759,0.3987336787886824
16544,76bf124315d30862ee279e521e1a9bf1c6efda5f61fd90a3e1fa673304c58eb9,1,c234,c5,c234,c234,0.20886292,0.36562613,0.42551094,0.16058771448704803,0.5032787397941078,0.3361335457188443,0.20123521329499713,0.44708006728389,0.35168471942111285
16549,84766f10906cf8a1f9aa979e4fe7aeb2f76273555ce3909e0ecf5e6a63a38c6f,1,c1,c1,c1,c1,0.52960896,0.33829027,0.13210073,0.4605343359293458,0.33195485486267595,0.20751080920797815,0.4708811824855246,0.3430988088337354,0.18602000868073998
16564,c0462512adadfe0d5d4f2f8722c4889d5017a8bcfd5b18d196954110f57f7f46,1,c1,c234,c234,c234,0.38155487,0.42312896,0.19531615,0.33253394374459755,0.5421530849445181,0.12531297131088448,0.33815992484623464,0.45310524886748815,0.20873482628627724
16567,0e03705c562e6e6644919eb3265f255cc4fef86e73c99e02904f8a8db277b43f,1,c1,c234,c234,c234,0.21076934,0.5560754,0.23315531,0.3323150758560121,0.39518754256285404,0.2724973815811338,0.36518948911012605,0.3963645678492487,0.23844594304062536
16575,86a0bd5407a4b19149fa3deb9954c9f79e5f6d03eb83e3c052a09728caaa4f31,1,c1,c5,c5,c5,0.13961788,0.33885387,0.52152824,0.3154028772303994,0.27527535525595,0.4093217675136507,0.3082582676637004,0.32414254120296004,0.3675991911333396
16583,0fe23a1d47f08d337bc85daa693284c7bbd59dfb0cee3f6d950e0063785a0835,1,c5,c5,c5,c5,0.1445976,0.25945723,0.5959452,0.22856237824376993,0.2103348536532975,0.5611027681029327,0.23300044605787837,0.2800054968445179,0.4869940570976038
16590,43bf1e2b4242c7cc11dba066ad848e3644bda3dd00c5ee363092c240c1296276,1,c234,c1,c1,c1,0.6338237,0.27845043,0.087725885,0.7186349614912799,0.1857569203489288,0.09560811815979134,0.6435513165668619,0.22665418242406565,0.12979450100907236
16591,cc8349f277e22a04e2b3eb10327749549bc088c75f32c9612d6a99bf3f69771d,1,c5,c234,c234,c234,0.2527162,0.4464092,0.30087462,0.07961126875698024,0.579123333488032,0.34126539775498776,0.15390626939575672,0.4649776189146163,0.381116111689627
16595,6fe75cdbbfcca2a7c194f5c5a4586863f441cecde0e235324266b5415bbc7d5b,1,c5,c1,c1,c1,0.39580542,0.33074862,0.2734459,0.4488656017569591,0.2621377496326794,0.28899664861036156,0.41922047962694525,0.33259499273127147,0.24818452764178336
16606,45286e6556ba4f0c7f983f9c306075451b3e15f45051e1ba98efb47a5f2d864d,1,c5,c1,c5,c5,0.5828531,0.26894587,0.14820103,0.34590441466006516,0.22779564967610566,0.42629993566382923,0.3906674996716508,0.21327449630961917,0.39605800401873004
16607,d295db9717dbcee839f27f3ed61dc6c10091bbdecf94569a5b7c4a450d1cda7b,1,c1,c1,c1,c1,0.5416919,0.2925281,0.16578004,0.4471589564821781,0.3728206086707371,0.18002043484708483,0.48122642973119734,0.2909772228754387,0.22779634739336402
16613,e8bfd672b7c5719a3e6438ab0f91c946500c2838ba6ac0b1249bb40318e49584,1,c5,c5,c1,c1,0.31004855,0.31283796,0.37711352,0.43432638281492725,0.3046700576159335,0.26100355956913923,0.38415068630973787,0.33335162760482906,0.28249768608543313
16619,f2f4d201b0b17ace8805abf3a40533bedb02170ed68c8a29632a68236e74d1b6,1,c234,c5,c234,c234,0.15591697,0.24950905,0.59457403,0.2611350670211844,0.3898790230288877,0.3489859099499279,0.28032729641316845,0.36582167542880484,0.35385102815802666
16623,189288c0003f305b00e9b9e21e36628ba2f3c3191132a98b4ddf89447b72e27a,1,c234,c1,c1,c1,0.44210854,0.2480091,0.30988234,0.46092378946887486,0.17917900544842985,0.35989720508269535,0.4198047447221708,0.24318933787936556,0.3370059173984636
16629,30de28823d890ab5634f33f791316ae567b3b9b4c4c627ac4b9dab30b02cf4df,1,c1,c1,c1,c1,0.564513,0.30026755,0.1352195,0.859544988708508,0.07234550777683485,0.06810950351465717,0.6222810359022181,0.1805556670007743,0.1971632970970076
16635,608c066e9f9a8439f7d90f84c583862c1fb14537849f04ca53a56069ea553891,1,c5,c234,c5,c5,0.30169585,0.38474324,0.3135609,0.18304204091843138,0.21141790973483834,0.6055400493467303,0.24339528239639618,0.25536245818873893,0.501242259414865
16641,45e1b08b30173a93e4a0354602a7d30043fb78112a63f0a7a4dfd596d70c896c,1,c5,c5,c5,c5,0.13043219,0.31483403,0.5547338,0.1287143490293652,0.40899938968446026,0.4622862612861745,0.19304304806987962,0.3347923543565279,0.47216459757359236
16645,40b86065e7dd09a02f1ecc990100b31b8357c0b19432038b2670762a751e1d15,1,c5,c234,c5,c5,0.2809449,0.39601806,0.323037,0.3114746822315869,0.3182976556456125,0.37022766212280067,0.2980850103775528,0.3301422007031032,0.371772788919344
16653,b2e393462ef50b811904a1a0fd7d746e959ae2298839889fcbe879961e3f2022,1,c234,c1,c234,c234,0.5340564,0.3282404,0.13770318,0.439755573400578,0.48728192053611596,0.07296250606330598,0.4207927702469879,0.4329600310277999,0.1462471987252121
16664,772ecc964a92047221282ad4b471373fb307d7aa17ecd5f17a71df84cb245c5f,1,c234,c234,c234,c234,0.22714727,0.41043803,0.36241475,0.29690159367007246,0.48733565270914053,0.21576275362078717,0.27748109260724385,0.3715027042024833,0.35101620319027277
16691,d2d9d72231e3aa337859ff01765d316bfbbae2fbdd18bbfc237ecb6f7c873755,1,c5,c234,c234,c234,0.25732738,0.40341926,0.33925337,0.08958605537147565,0.49050431400639277,0.41990963062213144,0.17575882642066826,0.44968683762200884,0.3745543359573229
16702,1e903302f0cb06acb16b6faf25087e259f9e9ecabe058b73041074cad14eeb30,1,c5,c234,c234,c234,0.21054585,0.5467572,0.24269699,0.3423273824588807,0.3514757538882988,0.30619686365282034,0.34526221441463,0.3976258768751204,0.2571119087102495
16703,16439f8c41533a9f0cf6c8ebbcaff3a328662d51752fb62fa10bf492f9bbba32,1,c1,c1,c234,c234,0.36697802,0.34738705,0.28563496,0.2188430475300243,0.5289215874588603,0.2522353650111153,0.2764088299741582,0.373342958925174,0.3502482111006678
16705,2021af59eb064887f8d55e107d8938b023e0a33a496514bf2f7543df6966efa6,1,c5,c5,c5,c5,0.08485633,0.2909933,0.62415034,0.17157732553403715,0.268141942516384,0.5602807319495788,0.20416323633846856,0.304276321056286,0.4915604426052455
16711,7c07f514203d8dfeac0810b00046e5587544a0808325121fd5fc36aa5169e01d,1,c5,c1,c1,c1,0.5798183,0.3218201,0.09836169,0.6777237844906054,0.1950743985177209,0.1272018169916738,0.6011326423916947,0.24708379233242753,0.15178356527587786
16714,5c566081e4864227dcca169f7b61b4d6faedc3604a85de7ee6412eb5fd8fb5cb,1,c5,c1,c5,c5,0.44597104,0.2617566,0.29227236,0.30182842735717835,0.2501747401871088,0.4479968324557128,0.22340173798672283,0.3100722958533202,0.46652596615995706
16717,021fc080380260715778fc2d358f29b4c86a5db347d718ee4261d91f277e78a9,1,c234,c5,c5,c5,0.16203116,0.22617944,0.61178935,0.16942026275291067,0.41335832109050746,0.4172214161565818,0.2429412312039772,0.35985043598372124,0.3972083328123015
16723,cb6b32735da1ecbafe98bb8e7dfec61179695419d377cde11c920bbf6c3ff626,1,c1,c1,c1,c1,0.59348816,0.28131858,0.12519324,0.548215907789461,0.36593326716727226,0.08585082504326659,0.5188419187052066,0.33554205188584285,0.14561602940895052
16732,2034ef251dcbc7f53bcd2c10c34cf57f960d175f2852a02fbeb0d0986596c9a1,1,c5,c1,c234,c234,0.39349735,0.3648282,0.24167444,0.18508514284905264,0.4283592687898013,0.386555588361146,0.27335263597264964,0.39544975135302585,0.33119761267432446
16735,c710fcca60a0ade6fd58ebb3cc806dc365ee13c934282647224a3d24694f8e8d,1,c1,c5,c5,c5,0.16428946,0.31698266,0.5187279,0.17347875425639603,0.2576773988135251,0.568843846930079,0.2149829410460368,0.2876369488870197,0.49738011006694355
16753,d3dc932e3825dc08ca492617e4f0e8f6801390191e5f08f7d4fd4c97facfbfd1,1,c234,c5,c5,c5,0.1929911,0.32612407,0.48088488,0.17048312955979733,0.3311950773165319,0.49832179312367086,0.1992962548607029,0.32888448673360177,0.47181925840569533
16758,dcc759fe0b76911ab99dcf28ad338d014993dee39f2c64bcb4cfcdca543926a4,1,c234,c5,c5,c5,0.23390809,0.22039397,0.5456979,0.24212701982789323,0.2834651770842481,0.47440780308785874,0.2809418647739555,0.27941707456748205,0.4396410606585624
16769,8e334c7bd9d675dde07b92dabf54c17f49497b89b185cd625c5a361d9f9bd682,1,c5,c5,c5,c5,0.23316075,0.31248417,0.4543551,0.2139258844782324,0.20980490064701068,0.5762692148747569,0.22635004484659738,0.2768727845059858,0.49677717064741683
16773,b8173d39783f1f3655bcf13714df52b8ba664af0da4dbba802563ca45fd0b2af,1,c5,c234,c5,c5,0.20633812,0.4388395,0.35482237,0.0927125771291247,0.4261034879127296,0.4811839349581458,0.17715156488958672,0.399894925459028,0.4229535096513852
16777,9f75af17f987831c3c980033fc14de9151481f4035d393e7f0ae4f95662e847a,1,c5,c5,c5,c5,0.069345534,0.31396794,0.6166865,0.1743916854230347,0.3103619054067258,0.5152464091702396,0.20544665226518818,0.3477346436470423,0.4468187040877695
16788,2b939f9e44c87e6d8d978cd8e7d989c56b9c9c283dbf9a54a55860a7be753f99,1,c5,c234,c5,c5,0.3424958,0.39897686,0.25852734,0.19897584003261978,0.30896795472581196,0.49205620524156835,0.24811447892183958,0.3276071297746683,0.4242783913034921
16789,15a47fac4565330d6e0aad8e627dce2e5311f35a4e6e572dc0bc88c94f33c261,1,c234,c5,c5,c5,0.2319138,0.35992402,0.40816218,0.18135850229960737,0.2829658770576028,0.5356756206427898,0.2472117018882616,0.2726307577186521,0.4801575403930862
16794,fa54dfcd6dd80ae99ade923b16fa44922a821dcb5fe118709c30ec3a3218e425,1,c1,c5,c1,c1,0.17795192,0.3144796,0.5075684,0.4497807354448226,0.27480389527442856,0.27541536928074867,0.37351704512643374,0.27772223362809084,0.34876072124547536
16819,e67d7453929d81b72726547cd40fe6f3e839271a3c0199394e1e948f344f4113,1,c5,c5,c5,c5,0.2542926,0.30354276,0.44216466,0.17721266155062962,0.30435464738876555,0.5184326910606049,0.2406619770685458,0.2849930711158003,0.47434495181565384
16826,9ba39828cec2f787130dfbbb0c94807908fe80ada9a0a9e31a7f1598a9239b36,1,c1,c5,c234,c5,0.2055856,0.27794033,0.5164741,0.26303859320832085,0.4162153621259233,0.3207460446657558,0.31992329898349403,0.2968920721607405,0.3831846288557655
16837,7cca985f168a7d2f816cd88bd01ea6ff742be677d80a350431b91d0b49129994,1,c5,c5,c5,c5,0.108090214,0.29640746,0.5955023,0.2467773114176588,0.26058094584560115,0.49264174273674,0.2734131463927957,0.30373106101606295,0.4228557925911413
16840,3a3e94a24bcdadbae0c9acd3c33f52f063f36a53ddf3e00070bf0b2df53b7822,1,c1,c5,c5,c234,0.19270195,0.28913346,0.5181646,0.24820224934568363,0.3393762688106449,0.4124214818436715,0.24342092964521314,0.38637219372777953,0.37020687662700735
16843,a3c8ce66774f875c979183cce11486a40882c9fd2a43c725aceba385f9d78068,1,c234,c5,c5,c5,0.17551665,0.30941966,0.51506364,0.32396340397984164,0.2473435992047351,0.42869299681542333,0.2680158673013481,0.2933927853029107,0.4385913473957412
16854,934ebe56533f0f440ce4c2635421a5656c630240f8fc56861d82cf5eae771fbd,1,c5,c5,c5,c5,0.21947293,0.23696385,0.5435632,0.209390769695108,0.2895646640981389,0.5010445662067531,0.26941187683412504,0.321772769860762,0.40881535330511304
16862,db14ab243c534c703757fa1d115734878eb2669fcfa4e7c765eac09f4ccb8a92,1,c234,c5,c5,c5,0.20741917,0.27695033,0.5156305,0.29635361357018,0.1760205727822147,0.5276258136476054,0.2942195059133075,0.25337379264672616,0.4524067014399665
16865,678381c23120f74a26ed1d0ba64ed62c02e1bae748ae1752f3c2e0badb834e7d,1,c234,c234,c5,c5,0.29353872,0.41288608,0.29357517,0.30966027938669327,0.28833074827893485,0.40200897233437183,0.3168688397334149,0.2803310710844405,0.4028000891821445
16867,8e9d25fa90c18a09c640a3d3cdd2ff167ea65cdfe6012f292ab1c1f56a8bbd2e,1,c234,c234,c234,c234,0.2354445,0.47109646,0.29345906,0.2031994052909666,0.42848533716423615,0.36831525754479727,0.24438013702960698,0.45034902904593777,0.3052708339244552
16873,e036b41418ec96021cd26aafa44b45d4b794dff687f1fb3ffd4d3e5985d47519,1,c5,c5,c5,c5,0.11350462,0.2339924,0.652503,0.1579986127488635,0.19490837697184268,0.6470930102792938,0.19851767576680499,0.25112066061196425,0.5503616636212308
16876,04bac0e773f68aa0b9c92a866d21d9a66c7c6dc6937b1ee5a9b426b9dde64e26,1,c234,c234,c234,c234,0.27978677,0.46090233,0.25931087,0.16003990345172817,0.5880020775851946,0.2519580189630772,0.2758256887124104,0.4114283258044452,0.3127459854831444
16885,53ccac3c8889bad655e66d4e2826330be501c276d9165dd5885f52e499f5a095,1,c5,c234,c5,c5,0.22699705,0.40995446,0.36304846,0.3275981667551376,0.2061534154401738,0.46624841780468856,0.2814191302886601,0.27232613694218705,0.44625473276915284
16888,6897d87817be8c76d64fe5959fc8ce2536cd035782cc43925611a419f4e53244,1,c1,c234,c234,c234,0.2844134,0.44039005,0.2751965,0.24175237032425084,0.5241824316274522,0.23406519804829687,0.27300300428912205,0.42828601560420415,0.29871098010667374
16892,7f50dfcdf9acf87c92e7e3de93f5032706840a1d7ad2229d50c5f896e591a79f,1,c1,c5,c5,c5,0.23374803,0.2964463,0.4698057,0.2852692931284374,0.17670685970446143,0.5380238471671012,0.32229733158053536,0.255353921002271,0.4223487474171936
16896,61557b60275d9c15b0c3bbbcf574afa32af48821246fd4a2d6e8640fac287675,1,c234,c5,c5,c5,0.23160173,0.31517038,0.45322794,0.16241281215758505,0.3587518447472158,0.47883534309519904,0.2299486174905519,0.3157535836167301,0.4542977988927181
16899,02fd4be73d471e57aa3701bf50a878f2f5c429fba9e0aa65dd17453f6a267f49,1,c5,c5,c5,c5,0.11152558,0.26511157,0.62336284,0.036335438277519075,0.3343736020566326,0.6292909596658485,0.120871305812979,0.34700985570562504,0.532118838481396
16922,08ca67ce3673cddbfea9acfac6dd25052317856dc9427fb03de476150f36523e,1,c234,c5,c1,c5,0.24094571,0.21750715,0.5415472,0.42064018334109804,0.21731744263987346,0.3620423740190285,0.35904813935072266,0.2688786564257596,0.37207320422351775
16930,af148ae0e5b48001f5edc96f86aa5fa81b667a917596de9dc2e8aea6007aaf67,1,c1,c1,c1,c5,0.48631173,0.29543975,0.21824855,0.3909635234727899,0.32297601444785834,0.2860604620793518,0.33370135080745084,0.32298634067357557,0.34331230851897365
16934,24932ccf8d686012523582be1b02d00bd5fa1c2c7db2837d477f7f5d6adb6311,1,c1,c5,c234,c234,0.16694106,0.38803518,0.44502372,0.18449838589517945,0.5377206401080546,0.277780973996766,0.2185014045820704,0.44570998169619547,0.33578861372173413
16935,09f24aab0761f6de5601d8111f31f76f1f3bfd9ed097d3a0b7a450f0a2ea18c0,1,c1,c5,c234,c5,0.12535514,0.38925958,0.4853852,0.26543528826515106,0.37453049991678006,0.3600342118180689,0.26118729060562607,0.3596846930342856,0.3791280163600884
16942,4861c4b2ec419c03681fdb9c3ae9e91158b48b9cf8c257f83f9f9e3324292444,1,c234,c234,c234,c234,0.3430992,0.39838624,0.25851455,0.2820774313549947,0.5928059929663285,0.1251165756786767,0.3339668365217881,0.47722379224120154,0.18880937123701044
16949,4097c8770b2a41c6d7567da4da2ba8a30e9a8197578cbf0db5b74cabb2ca2727,1,c1,c5,c234,c5,0.28924745,0.24055637,0.47019616,0.3412275381075622,0.4318147441933641,0.22695771769907377,0.32226925814192375,0.32937256229423795,0.34835817956383835
16957,36573daace1103f00387b8c715ffaefa30a842382d5bbe311ed798efecb844d2,1,c234,c1,c5,c1,0.38457245,0.33157164,0.28385597,0.37304080267106166,0.2375630623565842,0.38939613497235415,0.4122240421283218,0.2859316226271907,0.3018443352444875
16970,0e1c68e651b409960fff2162d61045d7a9cff98429011c0bbdecfe196984260e,1,c5,c1,c1,c234,0.3851238,0.27548674,0.33938944,0.3837617155447389,0.31522838075040976,0.3010099037048513,0.3354648177350294,0.339512568360473,0.32502261390449755
16971,f54fe0527416b046ff53e58df6c606732cb7f86a73788bb5684015d1088f0b33,1,c5,c5,c1,c1,0.23936895,0.33263046,0.4280006,0.6015074039018178,0.21837336703674612,0.18011922906143607,0.37454187233346653,0.29577593159318744,0.329682196073346
16975,41ac9c2eb66859c4eca342e7071bdbce7716773d4ce6b5b07b6d547d03b8df31,1,c5,c5,c5,c5,0.12737182,0.2293665,0.6432617,0.1735398118203454,0.26833097982875753,0.5581292083508971,0.21221533160475106,0.29311833014244065,0.49466633825280826
16983,ece8f8c7f093a3fca1be2363a194ce0d43fa015f7e8abc5a308ffb4104f3780f,1,c5,c1,c5,c5,0.42453638,0.2791149,0.29634875,0.3920914084493416,0.18541551163889322,0.4224930799117652,0.38421850827479,0.20906146466746148,0.40672002705774857
16991,58221b2c8ed18b11a3869d85f7986e27c896e54819e78a9cde000226973f1975,1,c234,c5,c234,c234,0.12553568,0.43240216,0.4420621,0.2229873194780187,0.47709949257968914,0.29991318794229216,0.2769119849755163,0.39440157401530346,0.32868644100918026
16998,a389e1f41ca73bfae088853d5e61e8afe3027b35ac3c4e1b17a68d149fdaaade,1,c5,c5,c5,c5,0.2812269,0.22500741,0.49376568,0.2284252116978949,0.24371624981434487,0.5278585384877603,0.2837726893830057,0.26292534341973334,0.45330196719726107
17003,c4457b8f5e80a29a98d73195d2c087bd6a7a8aeb9aff3b9542c4365384c9debd,1,c1,c5,c5,c5,0.23245682,0.3348705,0.43267268,0.24827207047216682,0.20110342713035903,0.5506245023974742,0.308554503368192,0.2656614567344751,0.42578403989733293
17013,98b2696423a3d417b41d4ce39c3d64aacc510a43115eef624268bcf08430bba1,1,c1,c5,c234,c5,0.23947524,0.32851434,0.43201047,0.23744919729879488,0.38301745546906096,0.37953334723214416,0.28939372970186306,0.3342074198671249,0.3763988504310121
17016,0b2984b75826dad43157841215d0536b3810d07fc7b4b8df9e23a6c9f470efed,1,c5,c5,c234,c5,0.27627316,0.3040603,0.4196666,0.2773417094589732,0.44215593759247707,0.28050235294854975,0.2794834245290932,0.3497863006050614,0.37073027486584537
17026,1911d4fd92df3087d06a80a4d4f84b347991ccd3dd541d4182d5d50660480b72,1,c234,c234,c5,c5,0.30114272,0.36638615,0.33247113,0.30574231033078936,0.2501551148745252,0.4441025747946855,0.30002370709824916,0.2950161213693031,0.40496017153244773
17045,716d5bd8f3340c4de34e88310389c48109ca6332cb8cbfc247533f5265aa08dc,1,c1,c5,c5,c5,0.25164855,0.19333656,0.55501497,0.13359984047321916,0.1344284354987684,0.7319717240280125,0.2147566089137645,0.21582501588600764,0.5694183752002278
17048,5d8fbe856f8951c09f69f81b25c488f750d02df5c6728e4c21fa8f630a629e12,1,c1,c234,c234,c234,0.21568248,0.42008743,0.36423007,0.15211346014412544,0.42648999160190826,0.42139654825396633,0.2379768264203759,0.4184786545574554,0.3435445190221688
17049,5a01f1ef23f2f46ab83b3d009dc2c4149bf862ff71962a984a05747675cfa292,1,c5,c1,c1,c5,0.4626371,0.24884576,0.2885172,0.37389905986453037,0.2792107017896633,0.3468902383458063,0.2978774557990688,0.29985161573394464,0.4022709284669864
17051,5c9d5c0b0bed6339106ec9f6125c04e24e9609e34ba4e3c3b64f521117a99702,1,c5,c5,c5,c5,0.1699713,0.2854895,0.54453915,0.26849584734980986,0.18206433914817122,0.5494398135020189,0.2665450696150335,0.2505386155070844,0.4829163148778823
17053,2ca85eeb3eddae830daa933038c9d77c46cabc4e357b02ad4ad625c7df3dccf9,1,c5,c1,c5,c234,0.41249073,0.33791107,0.24959822,0.24904910940021338,0.31050155581079253,0.440449334788994,0.2807164434610782,0.36317574061877583,0.356107815920146
17055,5f9d9d3954f6f60883fccc69a927414db23fb904282256d7606615d41d8849a9,1,c234,c234,c234,c234,0.26025346,0.39870325,0.34104323,0.3134201115433103,0.4470046385167166,0.23957524993997306,0.3322944823402257,0.41728811678761535,0.25041740087215897
17060,37a80ebd931e1b623cd2c528987594cb48877555a506286280eef60d268c9c95,1,c5,c5,c1,c1,0.19867256,0.33925223,0.4620751,0.3943196930320338,0.3627344778062655,0.24294582916170077,0.3767690833577131,0.32971988323712265,0.29351103340516427
17063,3b369687ca78c1e9ff0d27d1a05f08d974a441b14f0e30f5baa41c164ace2cff,1,c234,c234,c5,c5,0.26735014,0.43249583,0.30015403,0.24166706775665067,0.2634864133008702,0.49484651894247916,0.26518429558004664,0.32665040137678714,0.4081653030431663
17067,4e5656d4617da913e1756535db7839b67eba1f6ae065f93c336505224199813c,1,c5,c5,c5,c5,0.26343006,0.35866937,0.37790057,0.08122043192274443,0.3632240562220419,0.5555555118552137,0.18267461251814804,0.2948518876131751,0.5224734998686769
17084,60180e99523cd4c214d6c2f13503f580770a9729ab36622a8e3664cded3e352f,1,c234,c234,c234,c234,0.2864357,0.39075997,0.3228043,0.263931543297204,0.3978488643946758,0.3382195923081201,0.2717821395158103,0.3685405602172076,0.359677300266982
17106,cf56880baaefaad0720e0d8437e9a6655d146457cf92efde996a9f4a6e0732f8,1,c234,c5,c1,c1,0.28011364,0.3254044,0.39448193,0.5092307766075002,0.18872696485548912,0.3020422585370106,0.3748033441124606,0.2658797823687508,0.3593168735187886
17130,6ad6d3246f3c9b615d14311d3153bc43761a07db94ef1c6eb0a6fd331d1572c3,1,c234,c1,c1,c234,0.43487903,0.38295242,0.18216859,0.47264791227817315,0.2760435636202416,0.2513085241015853,0.3703773220509432,0.3717643372630866,0.2578583406859703
17134,6a44e407dd3d58c509a29913583bb2577906f03e2bc7d96a338b6b3d67e61f21,1,c234,c234,c5,c5,0.21224204,0.50515497,0.282603,0.14585500948139363,0.30650043543733735,0.547644555081269,0.21847920487112563,0.358485355897459,0.42303543923141534
17142,5f4849b20085cf174a1363d7296f74da66d211e5f6aec8c4f94a37e30d9483e3,1,c5,c5,c5,c5,0.18131998,0.24361537,0.5750646,0.19637443933403345,0.2745747162442577,0.5290508444217088,0.24010130659243356,0.27987638552783956,0.4800223078797269
17156,21f5c3646d936b388e189eda3bf10899d8c591d5c01ceccc15c0c68cfc39f0bd,1,c5,c5,c234,c234,0.12205051,0.366779,0.5111705,0.1232571645034798,0.6260698720055895,0.25067296349093077,0.18924523254523443,0.4938840260534615,0.316870741401304
17158,a4d6fac4231b23970b83febd24743a3aeb2035def8f59667a0fa4414b5e25fe2,1,c5,c1,c1,c1,0.36722296,0.34483293,0.28794405,0.5507422040605167,0.25092312198573397,0.19833467395374935,0.44474869434557324,0.2937225216256267,0.26152878402880003
17169,47afcc7b237cbcbd7608aecc759748aba9f4184130dbdd25fca855600b635f01,1,c234,c5,c5,c5,0.2607562,0.3062846,0.4329592,0.30300313253461036,0.30936855771286453,0.3876283097525251,0.29725088099737085,0.32076685368366337,0.3819822653189658
17176,4063134d776bb6e97add1ff1185a91fbd17518306d959494d3efd53b69b22f05,1,c234,c234,c5,c5,0.32213095,0.39124545,0.28662357,0.2150330647310492,0.38102757525732195,0.40393936001162883,0.3073476354344068,0.3356168263687481,0.35703553819684514
17210,b19379a9f1de07f97156ecdf8e20b22f0bc1d21ec9ef11077e0e4ffad6a12101,1,c234,c5,c5,c5,0.06404243,0.35602933,0.5799283,0.15203341929451045,0.28527953391354705,0.5626870467919426,0.21829354122590713,0.31266132060189256,0.4690451381722004
17217,462fb812b13cca54a2cf0caab23df160ae8657092d144e67f79877b7ca0f2f55,1,c5,c234,c1,c5,0.2821322,0.36584866,0.3520192,0.41478918855849783,0.22140743007293773,0.3638033813685644,0.3158021136275519,0.3135950775932515,0.37060280877919655
17219,93bac267e21d35b93607ffe4a0627836e19e639462c755bf379d4c76357fd57a,1,c5,c1,c5,c5,0.46910998,0.27550536,0.25538465,0.19439777219601354,0.2427704416648785,0.5628317861391079,0.2574034576057193,0.2907575012473664,0.4518390411469143
17231,31f81f0eb563bd89449f9c585e8637d92793cea78a6fc1a1c33ee0b3592ca295,1,c5,c1,c5,c5,0.3937414,0.37230855,0.23395005,0.19170559548433505,0.28023341262228835,0.5280609918933766,0.23077932258109823,0.307180151892181,0.46204052552672087
17235,52b5294b551ec347ccc60b63e38b0aa805b8e0e5885899cb0790ffe29f7d2baf,1,c5,c5,c5,c5,0.33429345,0.25298896,0.41271755,0.3328757984104785,0.24537768309057223,0.42174651849894934,0.312911921999769,0.3063509528265499,0.380737125173681
17237,3006e0d7752b20d80d32b9d6ff8bec3e3e6f9335b77b59fb8149661ed3b36a5a,1,c5,c1,c1,c1,0.38258845,0.37491426,0.24249738,0.3893253002523833,0.28649567883830246,0.32417902090931416,0.377463046624361,0.32049512657384116,0.3020418268017979
17240,9e443ee5031effc820ecde9ffb438e927e14dca7a43a39eb3ab33b91753f1d74,1,c1,c5,c5,c5,0.1415525,0.31007975,0.54836774,0.10426977024814817,0.31033468707153694,0.5853955426803149,0.15508027176049247,0.32514998701529535,0.5197697412242122
17243,2c95f406d337e328e8e1ba3f911336d4cfd416e8cd9150272796441f862e1736,1,c234,c234,c5,c5,0.38672605,0.43031228,0.18296169,0.32915488841379276,0.32906092154284056,0.3417841900433667,0.2861941935430668,0.3276755620988705,0.38613024435806265
17244,e3cefbb790ac7fc50d081893cc3f7d3913470b6e520f75364392980495cdaca7,1,c234,c1,c1,c1,0.424927,0.39511687,0.17995611,0.5042363525272701,0.29335419101489024,0.20240945645783964,0.41710397059985477,0.319185239146654,0.26371079025349137
17251,ddce6aaeee2cec021852f031842bc28c0e2d93a40791c49f219c879b20c14eda,1,c5,c1,c234,c234,0.34916455,0.31214455,0.33869088,0.24774576686018776,0.450514191026704,0.30174004211310834,0.2594222146434198,0.38233145402835456,0.3582463313282256
17257,ee9dbe384aee5723628a3a6735e737e4e7516025c1eb0852215434f6cf509bea,1,c5,c234,c234,c234,0.26982266,0.43828398,0.29189336,0.17018647704546866,0.5443158857080717,0.28549763724645977,0.18384980354087968,0.49402908910737825,0.3221211073517421
17260,f9d1513d7a9ca375d96bfb6ac0787a82dfc5f9031c2360c84fcd0b24279f4a63,1,c5,c234,c234,c234,0.22487432,0.42257965,0.35254604,0.17110088379208824,0.47891554839486433,0.34998356781304735,0.27590968722781734,0.4162776851098563,0.3078126276623262
17263,d2496ec150b61b8d5649bf60a96134467903ee5aa1ff99a05d8688915d7dd36e,1,c5,c234,c234,c234,0.173693,0.47786722,0.3484398,0.14235856972718414,0.6230205558265436,0.23462087444627241,0.20255173880454275,0.494071246111083,0.3033770150843744
17264,47ecdd3ef8c692c2b80a798ec995fa34c86d5e5700dd562701e96574edb84712,1,c5,c1,c1,c1,0.5079608,0.31230113,0.17973803,0.4523245020012316,0.2951142809025279,0.2525612170962406,0.46428526704604844,0.25750151263083104,0.2782132203231206
17268,42e4665b39fb8535f630ba5cdbeea916e1e94cd44c2f8e82293ae99173528afb,1,c5,c1,c234,c1,0.5722547,0.31799257,0.10975272,0.2883390354313979,0.3562161692820849,0.3554447952865173,0.344765948995916,0.3233808822530915,0.3318531687509925
17279,49cab04eb1a8e2ab891981101211e0e2a8502a71bc3a633f6a64c3288bd2a127,1,c5,c1,c234,c234,0.37202874,0.30953014,0.31844118,0.36709413070698566,0.37203851210410455,0.2608673571889098,0.3101488241972558,0.3763686289492551,0.31348254685348914
17281,e0f164c9f6f7f9f8817474cc4d6802753a09d6e3fd662d79254262aa1bbf1fd9,1,c234,c1,c1,c1,0.6047181,0.30519634,0.09008557,0.6726296110154153,0.2266945640550556,0.1006758249295291,0.5207046418646102,0.3398551737983425,0.13944018433704733
17291,06304e0817fe5d0cb4f079c01913e61d73a1b045a65c7af00c343886c51d6f51,1,c1,c1,c1,c1,0.60641056,0.28290755,0.11068183,0.7428851810802666,0.1300127895030011,0.12710202941673218,0.6102916725866634,0.22494614835464663,0.16476217905868998
17292,5796f0949163afb2d983a94c40cd0a28d0b2852c4ea96654233e3a22b45a7bde,1,c1,c1,c1,c1,0.5480559,0.3026729,0.14927125,0.5759101729780273,0.3680192622177014,0.05607056480427135,0.5182235703532976,0.3511871418901981,0.1305892877565043
17293,f87b5a6ebd5dce6e6ad6d1ee4539a61a086b4d4d89ab0fe6e60c70ec6c95b770,1,c5,c5,c1,c234,0.26135442,0.3287145,0.40993106,0.43299437242484917,0.36469839787707065,0.20230722969808027,0.37200422923573884,0.3979006247261525,0.23009514603810863
17300,da1199bd8e3c55dc9659689acbe7e117537a98b063b1e7120deb9151906852e9,1,c234,c1,c234,c234,0.62898546,0.28024167,0.09077285,0.34153221844736714,0.5082277105853986,0.15024007096723424,0.40056855907681804,0.4145776468128678,0.18485379411031422
17301,59e483e46897360089af7afccdc35bb12e5b27c4e0ceed130d58d20e8f7ad09f,1,c1,c5,c5,c5,0.25295198,0.34496063,0.4020874,0.2960636149579151,0.300344478199252,0.40359190684283286,0.3464768629859198,0.3062174318597953,0.347305705154285
17302,2096ad54764c5c234468bf41602f0a814c7764a1ee13c6e3104a6e9e80f97929,1,c5,c5,c234,c234,0.2474886,0.3648373,0.38767412,0.18974511397802216,0.4192270035351803,0.3910278824867976,0.20209918649255726,0.4321411395484828,0.3657596739589599
17305,82c33b39cb77cd344f759b5febf077933836450837fc7b560d2c14a9099e83a0,1,c5,c234,c5,c5,0.1950612,0.42411003,0.3808288,0.08941641791750839,0.3999360145885748,0.5106475674939167,0.15780910417144836,0.37242798229372825,0.46976291353482336
17309,27443c664fd013b38d6b3bfcd1c769a91907a450c60f5768a3d96c55193e5927,1,c234,c5,c5,c5,0.27245143,0.25386798,0.47368056,0.23594465819686447,0.2536637033689457,0.5103916384341898,0.2699552824952883,0.26341273885236727,0.4666319786523445
17319,a0d4b7842111b5f3a8c59fd80b500daf5faea583096ea93e4e39e2e9573b2212,1,c5,c234,c234,c234,0.26659796,0.41345406,0.319948,0.15364993871337126,0.5956361744274772,0.25071388685915164,0.21595254546185422,0.5141494005486243,0.26989805398952155
17329,138df72ce3572cbb4feeab872e88fb8b8db457fef4906f8835fc1089464d7d98,1,c234,c5,c5,c5,0.2036918,0.29975748,0.49655074,0.1413163905929104,0.39415388280572417,0.46452972660136543,0.1685154018200881,0.3992354716097517,0.4322491265701602
17333,cea9a66bc530906837156b8bf7f79cfd66a8cd0fa291cfa055f2254b33b99b69,1,c234,c1,c5,c5,0.4209677,0.2903539,0.28867835,0.3082167175654423,0.19886993443732973,0.49291334799722797,0.3656858226452131,0.2529080980372862,0.3814060793175007
17336,a1852a8a5f213ba8c49f9734402d5d3fb312f4c2b525c231c5afadacd9188807,1,c5,c5,c5,c5,0.08827382,0.27829012,0.63343596,0.08963009947919269,0.31710909024114964,0.5932608102796577,0.11892034539548862,0.30790007369638406,0.5731795809081273
17353,71885c8dbaa8884a5721eae3b22d60f0a08c4cc89496b44ba9bccac91bf43de2,1,c1,c1,c234,c5,0.3844576,0.36556995,0.2499724,0.17578362095667868,0.46232950815631463,0.36188687088700683,0.23515116350472878,0.370775694666167,0.39407314182910425
17356,6010f391e30c8038748c630905c6a6ebc43e877e01b955e543f283d8f92c2d73,1,c234,c5,c234,c234,0.15292373,0.36915419,0.47792208,0.15638881501912566,0.5225927386099217,0.3210184463709526,0.25472759646475557,0.39759034487156275,0.3476820586636817
17370,7a57f79332ec5d375efd5741d7b024236ccce81f805ea0b7083e329ed649483b,1,c1,c1,c1,c1,0.48635808,0.349161,0.16448088,0.39857250066921096,0.3623449566263928,0.23908254270439633,0.3874770507010479,0.3838064871039684,0.2287164621949837
17373,77e057a3a0f361abf4d819a0143c13606e7e129647236704cb62b4f4ef95d72c,1,c5,c1,c234,c1,0.38790536,0.37179628,0.24029835,0.3362534325003033,0.35038415837155334,0.31336240912814334,0.3529004990235151,0.3309505114549946,0.3161489895214903
17374,fcd8b799260a052dab7583b1d01107849c513db59bdbace93dc7b9f000b6d3fa,1,c234,c1,c1,c1,0.3661774,0.28603676,0.34778586,0.41715862893157707,0.20960225547086866,0.3732391155975543,0.40933760721680396,0.25922814632955976,0.33143424645363634
17376,e4cd4bf16cd838b12f32be04d226d3690ceda1d4bf2b23952c2036efb8603803,1,c5,c5,c5,c5,0.08332258,0.24308895,0.67358845,0.06377732027929231,0.18911860425236235,0.7471040754683455,0.14718291725061378,0.23891000385575728,0.613907078893629
17379,109d25df13cc6652f29ea2a2a191bc2f54c160e458e5baeda09aa09e5fa33419,1,c5,c5,c234,c5,0.19721916,0.35088304,0.4518978,0.2610982227808979,0.3782073465494923,0.3606944306696099,0.2841784252344271,0.34213064812912414,0.3736909266364489
17387,5c0ca9588286d79f8d1608aa6d852159f9cba5748ff6ecee9df96c2b41d947c0,1,c5,c5,c5,c5,0.29546443,0.3116291,0.39290646,0.3769935576176465,0.178026258875799,0.4449801835065543,0.33210119844635494,0.2342741564235981,0.4336246451300469
17403,6dbcaaff961093779b22c9776ca359d58dea42cd878ace46ad17ca399e3f09b5,1,c1,c1,c1,c1,0.50454175,0.33595458,0.15950367,0.4733546671428523,0.3151463707449384,0.21149896211220942,0.3857271385789666,0.3561624280697365,0.25811043335129685
17410,b475d13dfcecab9d22a578e7e39abf4b9d15214fe812dc1b51947beeaca8f7e3,1,c234,c5,c5,c5,0.1714885,0.39488202,0.4336295,0.2581916563008789,0.2543064533408438,0.48750189035827723,0.2511241373311721,0.3404943812733444,0.4083814813954834
17412,14b0ecc30a702ed7c7fd59233e8c729fe101a23ace2e2d1de042635ade1be3be,1,c234,c234,c234,c234,0.16515549,0.5049678,0.32987672,0.1808151615533114,0.41172893562055474,0.4074559028261338,0.2305964277910233,0.4289586518817628,0.3404449203272139
17437,a73c17a8f318f3a79edcd8f214bae98adee26f763297983bb39e252c4a866119,1,c1,c234,c5,c5,0.33535615,0.3439708,0.32067305,0.17846274770209053,0.22110822600787308,0.6004290262900364,0.267650141005744,0.27052070446714727,0.4618291545271087
17440,27a1220e9440477008162c4729c5ab24e7edcc86740f674aba6b60a37cb7bf96,1,c234,c5,c5,c5,0.20675097,0.345445,0.44780406,0.21146292831492589,0.20168406753302942,0.5868530041520447,0.2837141128911724,0.2935196967899323,0.42276619031889534
17442,391f81322f5d83dab3a3d04d21d3baf934b63ca3839854a1ad3f1a14ea0c3b24,1,c234,c5,c5,c5,0.11110358,0.22567816,0.66321826,0.10252858905354806,0.39956767393898557,0.49790373700746626,0.16568023329946424,0.3813438660320789,0.4529759006684567
17448,d6d718a7699bdca88d387315dd0a248c5ddd13bdd3e094e079e7378f83dec11b,1,c234,c1,c1,c1,0.40722808,0.30731684,0.28545505,0.39339106457089146,0.22625625484969603,0.38035268057941246,0.4172067743041727,0.2769656100617494,0.3058276156340779
17461,0baa2a4cb3d9d2aef20ecc272120aaf0cd8163a35d661db5eb0df1537c1d57f7,1,c234,c1,c5,c5,0.37109998,0.31947947,0.30942056,0.3466918605819013,0.24581749698896688,0.40749064242913174,0.31751982268173357,0.2803124641333669,0.4021677131848995
17468,52a51c8f2712921df5c0153fa6dd0d5439583b3dece24e0f5ad5ca96180d70ee,1,c234,c5,c5,c5,0.1002713,0.38735646,0.51237226,0.17319248477314086,0.29215675904966604,0.534650756177193,0.23590312564452065,0.3105044998037683,0.45359237455171114
17480,18b03d0159cb814d93d44d8d1d61b690661afc925e2e2a04318c00f6446a36d0,1,c5,c5,c5,c5,0.09415816,0.3871161,0.51872575,0.10403361594502902,0.3539990208588557,0.5419673631961152,0.15581038788892554,0.3226443896291654,0.521545222481909
17488,01266a1d0ebb8815d3c301b80e893696d8556c128da4dd51d7cbaa3051c09257,1,c5,c5,c5,c5,0.13340424,0.2160577,0.650538,0.20477095970938614,0.265520779285264,0.5297082610053497,0.21585230279858791,0.2833292099145336,0.5008184872868785
17489,b678a2e730c8c0f7435f98c2984cfbd29cd3abf3dec3769a45fdf81c6bb9fe46,1,c1,c5,c1,c1,0.14082137,0.30077592,0.5584027,0.7346619037762084,0.140073006265076,0.12526508995871555,0.45405212654481175,0.24941290629658908,0.2965349671585991
17491,d7e631bea558947f6a1e6aae172e62f2b394a8150dab40e79df0401675257fb7,1,c1,c5,c234,c5,0.07024744,0.2732611,0.6564915,0.18015113553967865,0.5334151067199049,0.28643375774041635,0.21573761404248817,0.35657412651966175,0.4276882594378501
17502,5197ad771c35976aa2e7d75f055301012e121d71ca3c22248b2a4cac5cca11c1,1,c5,c5,c1,c5,0.19475813,0.36496148,0.4402804,0.42721659974957715,0.3510067142972522,0.2217766859531706,0.32043843468025945,0.3237990318051751,0.35576253351456544
17517,ccb8738c36265a498ece092603400322d75f1e4ec5db41152b4828ae081b9344,1,c5,c234,c5,c234,0.12019639,0.48306215,0.39674145,0.32067914377846146,0.3258450136475063,0.3534758425740322,0.27750434161699206,0.36900223903334156,0.3534934193496664
17520,a40474c73602069a643c563615a63d0c4024bd1ab3debb0366a16c51d6ff906f,1,c234,c5,c234,c234,0.15165488,0.37992525,0.46841985,0.34007560177263274,0.34906766168036035,0.31085673654700696,0.28459163531263865,0.3711253184531925,0.34428304623416894
17521,9d00764080d4450842177c01c905f100a4604457c79611e78aba1821f2310ca2,1,c234,c5,c234,c234,0.27615806,0.3266589,0.39718306,0.1951191510369469,0.42411624346850096,0.38076460549455216,0.2682173131170441,0.3745237546988376,0.35725893218411825
17522,b5e60925253733b1b7ad275265b8e0d2f3264961bb6cb76e3dbdbb6be2face9c,1,c5,c5,c5,c5,0.24286915,0.19498947,0.5621414,0.13253616507516314,0.15624982023603676,0.7112140146888002,0.22108728349285844,0.2101978307075629,0.5687148857995787
17536,a0ce12b666bd9542729b2db22c59a6e51df128a0a472815d63120475db581b45,1,c1,c5,c1,c1,0.16254099,0.19590187,0.6415572,0.4916207211253512,0.2661978943689064,0.2421813845057423,0.38192209856672427,0.3244810815074766,0.29359681992579917
17545,6239ecd2b28bbb5e0e8d26cb66f92bb8fcd0b01c0cc4cc5557c0ef37d1a68368,1,c234,c234,c1,c234,0.35312906,0.37850288,0.26836807,0.46348490057866637,0.28997189322610334,0.24654320619523035,0.3498198318739159,0.37478173297233836,0.27539843515374574
17546,5e5288bbc02c2640cbce405eb02fb9bb76b5a8be50e8202efeaa8e5651beec56,1,c1,c1,c5,c5,0.40214226,0.36815718,0.22970057,0.2987985086945405,0.335657787038447,0.3655437042670125,0.30849467202195696,0.31635456931384454,0.37515075866419856
17548,defb72088377b3f1b461c733ed7df1a0b2e7e1ab5cf935c97c5e1dd878f0cdaa,1,c5,c234,c5,c5,0.18328938,0.4476484,0.36906222,0.3434743455445346,0.21353551621619166,0.44299013823927386,0.29556209653086407,0.29133601182482466,0.4131018916443112
17553,580699026002d89399380693b4b0b5551d69e3eb894bb2ce52a7d57d1e1b35df,1,c5,c5,c5,c5,0.29861844,0.24324903,0.4581325,0.25651317673250495,0.19148742084126966,0.5519994024262254,0.2470059558543652,0.24184343240536665,0.5111506117402682
17554,73fa56603dbd7af095e7f76338209b9897fc38acecb8968d786c51ebbc21dc4b,1,c5,c5,c234,c5,0.25861943,0.2937257,0.44765487,0.26155910104423197,0.3997039342466761,0.3387369647090919,0.29230493515943384,0.31914699820155334,0.3885480666390129
17567,36c4e523a2798f97dfe67faa50429c7fd7f1f398825dd3e541aaeafdf930d71d,1,c1,c1,c234,c1,0.4536834,0.41931495,0.12700163,0.3648848046844977,0.43185906369362054,0.2032561316218818,0.4183724678346795,0.3651163245733286,0.21651120759199194
17569,05029e7136f887fbc0f2eb81ae23c343c0859ca48bd77442109e2cadeb2a89b2,1,c1,c1,c1,c1,0.5061596,0.30042148,0.19341895,0.6098538198234826,0.12476734591229088,0.2653788342642265,0.4477961592163137,0.21912591104139473,0.3330779297422916
17575,4e46b59a3aa3c554fefe73af837a3b61fbbed05d85f9321d896020a1c341ca5c,1,c5,c1,c234,c234,0.52838767,0.35901234,0.11259999,0.24729480631911047,0.38575194672228985,0.3669532469585997,0.33148281165788335,0.4013262519466437,0.26719093639547303
17587,de86c9a96afe2c558b46ecc88ce70ba529c9ab2443396db68255db2db339e5f1,1,c1,c1,c234,c234,0.48277113,0.29866183,0.21856698,0.20043332368368308,0.6707575199253808,0.12880915639093596,0.29210196684472517,0.49407130160408325,0.21382673155119158
17591,a77ea9e258dc0bf7e1d0e81c1eec0ac3179bd15b651eba59170be9210d04f9f8,1,c1,c1,c234,c234,0.5166361,0.34235463,0.14100932,0.3256145943237124,0.4621162316290962,0.2122691740471914,0.34007233921272007,0.4306279197963011,0.22929974099097894
17592,6a8dd9fa8c70cc92a65b6146ef78f4809c66fb81d91623d09b55226304c50c8c,1,c234,c1,c234,c234,0.4060485,0.37335688,0.22059464,0.3969925423583188,0.4540759227490211,0.14893153489265998,0.4048037852725386,0.4127409541443424,0.18245526058311887
17594,a96e52cda4d7bb06796ef08ad943a6ec604773d425778495da290157e9752b5e,1,c5,c1,c1,c234,0.44915676,0.39729473,0.15354852,0.44502492541412614,0.4122899333125867,0.14268514127328713,0.40256700515106586,0.4091932510011633,0.18823974384777087
17605,aa3c282718010eaf5dd6735c7f77a780b28b0ccdf56cf1d33d0bb7ac86682160,1,c234,c1,c1,c1,0.37613633,0.31815073,0.30571297,0.3868465076118199,0.3021504791250641,0.31100301326311597,0.40057165572172654,0.2873208113378756,0.31210753294039784
17607,53f0f708e5fff41dbfe4e4c612231f319aa5520ca556bce554d894f9967568d1,1,c234,c5,c5,c5,0.25968686,0.29359823,0.44671494,0.33299879405070393,0.19802207917980225,0.46897912676949394,0.3390272223266414,0.24435607169875123,0.41661670597460737
17627,5a96b5635c83e8a7b999791a230bf6fad1049111c6c8a3a754f6c81861bb1086,1,c5,c1,c5,c5,0.38827908,0.2266779,0.38504297,0.4168918441047233,0.1530432722182914,0.43006488367698525,0.3599697344462533,0.21042222657497245,0.42960803897877425
17629,5c566081e4864227dcca169f7b61b4d6faedc3604a85de7ee6412eb5fd8fb5cb,1,c5,c1,c5,c5,0.44597104,0.2617566,0.29227236,0.30182842735717835,0.2501747401871088,0.4479968324557128,0.22340173798672283,0.3100722958533202,0.46652596615995706
17635,fb6da615c771d2a8604b8b12648852b6138e38e31ba0a61a73125d4edca8212c,1,c5,c234,c234,c234,0.23788393,0.40124124,0.3608748,0.17653079764101592,0.5636696217424136,0.2597995806165706,0.24790229486925874,0.4375204081509726,0.3145772969797686
17643,ab4876456efc7842f186171e84c15bbc169a3ee1ed0777585c5e53d5c79f77ba,1,c5,c234,c1,c234,0.34341976,0.34920755,0.30737275,0.39788556034820227,0.3791386223721528,0.22297581727964483,0.33540342003259305,0.3743975852394913,0.2901989947279157
17653,efd7dd5a7b614e0e874e0e8a7799161c7d93e7ff5e9b4f469250e1d111c0b2fb,1,c5,c234,c5,c5,0.2199926,0.40542665,0.37458077,0.28640280908677274,0.3485814735085099,0.3650157174047173,0.3221237398045877,0.29084986817852043,0.3870263920168918
17666,c71d67957c743e79cfb458ec983563f2cbf224befac21cafd3c6d8d5ce533649,1,c1,c234,c234,c234,0.332451,0.36687163,0.3006773,0.37587115999164217,0.462767835516114,0.16136100449224375,0.3334829828581744,0.39893793895194546,0.26757907818988014
17667,4d0549991917388abb6c82f3e3aa0b5b6e74bdfbffd2a913f4c31e542d2ce7af,1,c234,c5,c5,c5,0.27638927,0.2465429,0.47706783,0.18347443484604975,0.08510531966125347,0.7314202454926968,0.26575506613668937,0.20501570736169245,0.5292292265016182
17672,28071a7dfd741a6f5f75ea95417a7389f0ed9452b53b8367de8e05f2bf82e9fc,1,c234,c5,c234,c234,0.19160482,0.3314602,0.47693503,0.349232283087671,0.4329859002326617,0.2177818166796673,0.3599269154366509,0.3987604825650355,0.24131260199831378
17686,db5dae57a52f9180dcfa0c6b1675f38d0aaff4058e9672de344c0719ac69519d,1,c234,c5,c5,c5,0.3209261,0.24283281,0.43624103,0.178245056363258,0.19193010319730192,0.62982484043944,0.23384350579945987,0.26802914513075965,0.49812734906978035
17694,18a27c470420a61ecb73372f7807a575de5ca9ac00901611e87e072f4196d431,1,c234,c5,c1,c1,0.35996923,0.26135448,0.37867635,0.4856387649523877,0.20129853652092297,0.3130626985266892,0.38059630089894303,0.255844913489244,0.363558785611813
17703,1d3956d3270b056148cb0149b65f163511af81c76538500b2a65d65afcc4fa8f,1,c234,c1,c1,c234,0.42741704,0.37628615,0.1962969,0.4086839529471911,0.4058739802964153,0.18544206675639352,0.3325843188883709,0.42814073139201175,0.23927494971961732
17705,38deb362563963d78620441a26f5df3ba9c6a05a3bc9328ef3bbb9c615d40f77,1,c5,c1,c234,c234,0.39936265,0.3397362,0.26090115,0.2731238933310167,0.4159786173302406,0.31089748933874256,0.2614875519885452,0.41072864745305127,0.3277838005584037
17707,57d06533d98b2102570a6670fd2d7b22942d55acb5d7920b884b6e4e32234aed,1,c1,c1,c1,c1,0.74419713,0.17216285,0.08363996,0.9119799823562272,0.05337390967264499,0.034646107971127896,0.7610841620400001,0.14068178523904923,0.09823405272095055
17719,001e345bdfdb26b52e2442771335f9efc1ee628903f042f68676d67199d1d1d9,1,c234,c234,c5,c5,0.19958442,0.45279583,0.3476198,0.25993874343822915,0.31293054862185715,0.4271307079399137,0.22992624219491742,0.2969777407552386,0.4730960170498441
17722,aecb067018db86489dddfd5dc51494b6dddcad079eb4c0ebc23f7a91aaffdc80,1,c5,c5,c5,c5,0.12783492,0.32572696,0.54643816,0.20287503769700954,0.1151885833057161,0.6819363789972743,0.23941806114240158,0.24684897233397524,0.5137329665236232
17728,b485035047dbc3fa7f4b8c103ad134b1ebe262809d3ef294ca4dda66c2835f4f,1,c234,c1,c5,c5,0.37879992,0.3280545,0.29314563,0.38040206208820554,0.1677226531683516,0.45187528474344296,0.3562079907763033,0.26728666100350734,0.3765053482201894
17744,a9c6a37070175fa5474a99c538b15196ca904e949371ef83fcda74dddd7e1481,1,c5,c1,c234,c234,0.44630268,0.37182182,0.18187548,0.4012717818829321,0.4932723962847939,0.10545582183227391,0.41993854397428565,0.45024649672017525,0.12981495930553916
17747,8c7b8dd83e2acd8268e7b99f2c0411065a0ed73df012c68fbedcc2003026e598,1,c5,c234,c1,c5,0.19264491,0.47520038,0.33215475,0.44308713984815823,0.23824658464930978,0.3186662755025321,0.29811072981522513,0.3421539619560051,0.3597353082287697
17752,56723fadee244e8f006dbc0e1bc037113392b95cf257cdd878f7788ff0ef97a4,1,c1,c5,c5,c5,0.32959557,0.3166212,0.35378316,0.3413511730232993,0.31441832722989965,0.3442304997468011,0.3450013196171872,0.2987096061968248,0.356289074185988
17764,9b4d3ac890499c0a66553d62ae3c7c7aedddaa60352ada2021b8f7bd0258b8c7,1,c1,c1,c234,c234,0.36684525,0.34605598,0.28709877,0.38348533981617905,0.3984501448146968,0.21806451536912405,0.34878176085373147,0.39269009361826257,0.25852814552800596
17765,2eb33b072ca64e13e8c27648601835898626768b0986ea5a74b7214ede7f2b96,1,c1,c1,c5,c5,0.45245802,0.2591707,0.2883712,0.2770452878951932,0.28998068713045094,0.4329740249743559,0.19639068606049565,0.3364116453801878,0.4671976685593165
17802,688fb95981873892bebe761efc3395c1ebb7493992a7cfa3cc734150425e1323,1,c234,c1,c234,c5,0.3972811,0.30293018,0.29978874,0.24981239577728273,0.39117404265955186,0.3590135615631655,0.29950683739264217,0.3266743249962934,0.3738188376110645
17816,23c7d38c8ecc21316a79cb65d575b20ae759357bcf0bdcb47be9c3454050dd9d,1,c5,c5,c234,c234,0.3027437,0.32442603,0.37283027,0.17053771627517875,0.5675035065153468,0.2619587772094744,0.2594932468995036,0.45605289501927054,0.28445385808122575
17821,915b68066ba84971d3e66461f0840b5e700a3c30b0875134d83a3ba242670f29,1,c234,c1,c1,c5,0.38680616,0.35833955,0.25485426,0.4163058731642259,0.27376081077675757,0.30993331605901653,0.32530685059162595,0.3079539726394511,0.366739176768923
17832,5d1f94d59b5be2c18061864a127898f1148339f16bf17ae8e00c98c9d3fdee66,1,c234,c5,c5,c5,0.14129041,0.32274386,0.53596574,0.27253945544680774,0.24195350568454202,0.48550703886865026,0.2922867687465025,0.3338249686279607,0.3738882626255368
17834,47f2135d4e2a73abdd70843ecb308721e97b729ceb6fa618bf96f881178e6673,1,c1,c234,c234,c234,0.4241629,0.42861196,0.14722517,0.27069619691024727,0.5828754043872786,0.14642839870247412,0.33884307905182026,0.4257174905966164,0.23543943035156334
17837,7c6f84197362b65cc4d5aacfd1e27d9d6dbbc3528ba64664e6e18b72ebd76366,1,c1,c1,c5,c5,0.41870248,0.2583577,0.32293978,0.3933825977648882,0.15662043683396004,0.4499969654011517,0.3296560880519224,0.22358182076928354,0.44676209117879406
17860,f34c86a81d0e43384e43ed957c5a672a854e1a7b0e9d2ed3984810e56371591d,1,c1,c234,c234,c234,0.37283984,0.38445148,0.24270873,0.38069076613999153,0.42981523890587603,0.18949399495413236,0.34077637885184753,0.40000700773700665,0.259216613411146
17864,356ff12d242d678dd99647eefecda45abe4fbfd48913ed1bbb0d7be48a51ad7a,1,c1,c234,c234,c234,0.3247139,0.4419184,0.23336779,0.3111938795125586,0.44989526269469277,0.23891085779274862,0.3140554532809525,0.43399963415179543,0.25194491256725216
17873,15c8ae2e662546122cae25c3515838248326fa07199ff0787376ea305aa547df,1,c1,c5,c1,c1,0.20165259,0.3612009,0.43714646,0.4898809793232866,0.17811430095592695,0.33200471972078643,0.4660518397491275,0.256271226332668,0.2776769339182046
17882,194a36568f0b18ef92144131b55890cabbf4585cd2abeafe74a2877d5137e102,1,c5,c1,c1,c1,0.40740883,0.40082878,0.19176245,0.5418843179982791,0.30436981375602873,0.1537458682456923,0.37375805655211736,0.3397506498391106,0.28649129360877207
17885,4a0cde0770804f9f95e7d8a77332759870d3c84f914e4dba4ff7e2c9968be0bf,1,c5,c1,c234,c5,0.45012385,0.30749205,0.2423841,0.12720804889973558,0.5230997465162343,0.34969220458403016,0.2646937701105298,0.34688740870687407,0.3884188211825962
17889,112eb74fe753cdf0409bdae7e1458ea174fc87d6e800ea78e4f666b98cf081ac,1,c5,c5,c1,c1,0.33433568,0.31565124,0.35001314,0.37020666555639326,0.3247743001050952,0.3050190343385115,0.3652982578851571,0.3516983684362666,0.2830033736785763
17897,37a80ebd931e1b623cd2c528987594cb48877555a506286280eef60d268c9c95,1,c234,c5,c1,c1,0.19867256,0.33925223,0.4620751,0.3943196930320338,0.3627344778062655,0.24294582916170077,0.3767690833577131,0.32971988323712265,0.29351103340516427
17900,8ce6b5525fc19ed17ca4845cbca28684a4eabb6b7bb0aa38a0b5d04944f61a31,1,c1,c1,c234,c234,0.4953843,0.31638542,0.18823029,0.3338345536594621,0.42180634643988535,0.2443590999006525,0.31697380119365576,0.37851710810496,0.3045090907013842
17904,57af2f99da397e3cbb6497bcdc95615e49d61056c2423d7bce0b5581b129933c,1,c234,c5,c5,c5,0.21820202,0.32884827,0.45294973,0.17556345256503855,0.34825084685634683,0.47618570057861465,0.2510061667891366,0.27349147588148215,0.4755023573293812
17905,0886d453701dd9ca22963bf6c98b2c7ebeb86e122f476f98676540dde7be22d7,1,c5,c1,c1,c1,0.539533,0.3339289,0.12653801,0.4678467154694971,0.2766254573920783,0.2555278271384247,0.47878355757220403,0.2757231295540194,0.24549331287377651
17913,9514e644ef9418d11738074cf639031b81c934659290d8834d1edd602f2e74e4,1,c1,c234,c1,c1,0.35336414,0.42382753,0.22280832,0.5567388021996919,0.2782083083114482,0.1650528894888599,0.40502920746281573,0.3698135078857849,0.22515728465139936
17916,9495963287be7b89751b50aefd02c596eec62c070cdc2a3821e7b034dab5288d,1,c234,c1,c234,c234,0.55241346,0.28548685,0.16209976,0.1853352554904995,0.4230000966025781,0.3916646479069225,0.2767433104945106,0.39989255588218725,0.32336413362330213
17924,55f806a5397c50b5a1bdb747eb9fbcbf45b96a8b5004094cd47c93ad639e2ac1,1,c234,c1,c234,c234,0.37832066,0.3139637,0.3077156,0.22697467919471537,0.6388096855774408,0.1342156352278438,0.3209253450754213,0.35699001435271394,0.3220846405718647
17937,f9c6383d80415a5d433b061edf62bfb6b6ee2ad13a8a25bb53b18e76af2a91eb,1,c1,c234,c1,c234,0.28017437,0.41847724,0.30134842,0.3966427868834099,0.3576861444214822,0.24567106869510782,0.30672834521993236,0.35063495660348054,0.34263669817658704
17938,9fd8671713ecf7fd0f92b10d844260ed7ec123e00eef13bffb8e0f331e7ed912,1,c234,c1,c234,c234,0.46602172,0.34926668,0.18471164,0.3561755924480398,0.5103607580720251,0.1334636494799351,0.2765606579182631,0.48937836456762007,0.2340609775141167
17945,4b8a6df68abcde37e04cd5fcc3ae479aa0cf77c3032ee8544f7b67b0ed03067b,1,c234,c5,c5,c5,0.24389242,0.26923266,0.48687494,0.13181098778131342,0.21508684252386928,0.6531021696948172,0.2228008400393027,0.3077303514947305,0.4694688084659668
17953,880fad4d4a00ca19eeea6eaaf685a434831072d7207ac021447bd12d3e71a1c7,1,c1,c1,c5,c5,0.5391945,0.21857896,0.24222659,0.19472269097334804,0.29372553416004327,0.5115517748666086,0.25067717760100683,0.2977650871283693,0.45155773527062393
17955,329ddf7251cd222707aefdcf1c1c9a8edceca8d962dd2c0b6130f994ebab620d,1,c1,c234,c1,c1,0.32722017,0.34392372,0.32885614,0.5380504978560343,0.17150484636748362,0.2904446557764821,0.43575746703084794,0.27926326289063974,0.28497927007851226
17969,eab62d0a50569f8c3439b9b7017b5264ca7916266ce62ff86c028a797a4ccd44,1,c1,c5,c5,c5,0.09895031,0.23806687,0.6629829,0.2502034911169672,0.15617964071853277,0.5936168681645001,0.292949131790286,0.219327334378196,0.487723533831518
17984,c52448613955c55f052a0015649b9246dc229ae6409b649175d4c6f68103e0a6,1,c1,c1,c1,c1,0.54348105,0.26613435,0.19038461,0.5001081179328944,0.3114557593124346,0.188436122754671,0.3824537298111961,0.30255331580618816,0.3149929543826158
17995,86c41441678d19494c9677d67aed6451f29165b36453c725f24b099218d93734,1,c5,c5,c1,c1,0.18344533,0.28241643,0.53413826,0.38934970425538423,0.26595496714609557,0.34469532859852026,0.41643205027968677,0.287683981556782,0.2958839681635312
18004,bfa89628dd956ebeda7db6f689647ddfc3e5c85a69f0228f83379252f506f3aa,1,c5,c1,c5,c5,0.36349764,0.2891903,0.34731203,0.26403078070777447,0.3495867409360772,0.38638247835614825,0.18736974409917787,0.33424805471079294,0.47838220119002917
18007,831180f05aecbfaa5df867d3fb5e93067e0d2dfd93987d2632d570a6d115ad51,1,c5,c234,c5,c5,0.26271135,0.449025,0.28826362,0.16230440992302178,0.3043745459342325,0.5333210441427457,0.21323099495443168,0.298527730318597,0.48824127472697143
18015,46a6b76c3e2368fc4e9daae7be069de5c666e4decd700e7c5044858ef54efee8,1,c1,c5,c5,c5,0.2656497,0.33325836,0.40109196,0.19521496469468527,0.2907878054987805,0.5139972298065342,0.23770805987291088,0.29966943769039384,0.46262250243669517
18017,0c7754ea542ed8a9fe11df16a9793da51aa31a70ec469199568d7d1d422cbf81,1,c234,c1,c234,c234,0.39227313,0.35039434,0.25733256,0.1566733418431942,0.5442268724505978,0.299099785706208,0.23739721428461824,0.5144466452282942,0.24815614048708753
18022,1affc9c227283ae36850140886706d8d6ab5e706cc6bcd2d850ccbb9d2196f54,1,c1,c234,c234,c234,0.211658,0.44352612,0.34481588,0.1535463207984947,0.5238309747430758,0.3226227044584295,0.2135000620806604,0.4518584067353413,0.3346415311839984
18028,9f01a7d769a9cb585046b0f9e5530a9443c8de79e9ba4ea42e6d76fe4f76bf42,1,c234,c1,c1,c1,0.55799747,0.24407345,0.19792904,0.5116584124009915,0.26361979110398515,0.22472179649502338,0.4535605041919708,0.20770372765535305,0.33873576815267614
18051,bea2885731def21a78f309d5765ccfd03329d5d0db68df490d56b20d76e75fb2,1,c1,c1,c1,c1,0.53411436,0.31336835,0.15251735,0.44263571388687206,0.38134727735643403,0.176017008756694,0.3727108398861943,0.3593003097957491,0.2679888503180565
18052,cdced8320deab07698512b970d5000afc79617f5007f94d96ebf6b4421e12635,1,c5,c1,c1,c1,0.4327876,0.29322,0.27399233,0.5470151373097917,0.16297331654389108,0.2900115461463173,0.4483720216989262,0.22987640654941421,0.32175157175165964
18054,18789d2585d84d67b8cd8433c6b32e4c6b2c54926fe2198e04ac0df262643b47,1,c5,c234,c5,c5,0.22798143,0.45364577,0.3183728,0.19053205374729273,0.4008380382613533,0.40862990799135385,0.24660377332510242,0.37617182072784106,0.37722440594705653
18061,8527a457e51b6592860efbdedc7e7e6b5c14c81895406393a6378ea77089507b,1,c234,c1,c1,c1,0.43791085,0.30965778,0.25243136,0.4690056912495917,0.28624294586316107,0.24475136288724733,0.36196675702876613,0.33205081841681655,0.3059824245544174
18062,b50bdb9a471b91783cc529834ca8b9def50288fc05ad18797ac2bc12f503cf2c,1,c5,c234,c5,c5,0.17151515,0.42498624,0.40349853,0.11332860008513579,0.3915978301606506,0.49507356975421374,0.19091135549679908,0.3274541162903008,0.4816345282129001
18064,f3668f0226c10c1216c776fe40d314f52dfb2e3e76ddca68043044c22dbbefcf,1,c1,c5,c5,c5,0.27557936,0.26709014,0.45733052,0.156492294243242,0.30678589015339736,0.5367218156033606,0.2386477804395205,0.32481014499624156,0.4365420745642379
18077,de23612cab28d1c631737ce4eb23a11d035b60ecce14fe7753565742fb8846c0,1,c5,c5,c5,c5,0.07165976,0.24694498,0.68139523,0.1386265607289271,0.32850654652761546,0.5328668927434574,0.16123531020172055,0.3152863369128061,0.5234783528854733
18104,e634932b1b8b2ca02b3c154cb51a20158775d9c77751ae1b3d83109c86c295cf,1,c1,c1,c1,c1,0.44429925,0.3402437,0.21545707,0.4872794614426449,0.30317914233446036,0.20954139622289464,0.41085855260317056,0.3345385928070284,0.254602854589801
18109,ca2d82c5d0536168085ff8fb41cad636824c0fcb9c1b99cd39aab8272547de50,1,c1,c5,c5,c5,0.097241454,0.33758965,0.5651689,0.2683018037606153,0.26388871755543664,0.46780947868394807,0.26517907982458394,0.3078270389444354,0.42699388123098064
18114,3a082e12df237647d6bd4b63ddafc9c0305173f50209234e4d9bc877e99acc65,1,c1,c234,c5,c5,0.29437536,0.422323,0.28330174,0.15638967104429702,0.3894636563928042,0.45414667256289876,0.21516013353035637,0.3276467104477999,0.4571931560218438
18124,520d533926a0ff00e365d8f90ae23a6d87c7e194436585e0c23f32b456c79c95,1,c1,c234,c234,c234,0.17378883,0.4323718,0.39383933,0.11747660190904244,0.45786397403044443,0.42465942406051294,0.22870511551198205,0.4072419844941207,0.36405289999389717
18128,7e9b21a0bd4370c1ee8eea3f9c6980d9ab28e76fcefcc48dd884410b095c6668,1,c234,c5,c5,c5,0.22998793,0.33157387,0.43843824,0.3298492638391215,0.2863730267168561,0.38377770944402245,0.295987407025729,0.3256055454632106,0.3784070475110604
18132,4132541260a031e1499e9c22ec5a9e92301fd4948fe4554f6857cedcb2d25c9a,1,c234,c1,c234,c234,0.4080313,0.3960952,0.1958735,0.11023551696261728,0.6932335778517675,0.1965309051856153,0.21777348179376974,0.558798651933816,0.22342786627241432
18134,4e89eb39bab0f3b2f25237c06ac8a84bc5e65a459a585f76f46f8e55adf916fe,1,c5,c5,c5,c5,0.13612917,0.35627463,0.5075962,0.10039656285516371,0.21180463927850157,0.6877987978663348,0.1344800903455231,0.29155720887056735,0.5739627007839095
18140,5067df0e5ceca8db64c056a8b3e4567fcb795d19f2ee73ec0fd942055b874fd3,1,c1,c5,c5,c5,0.1702758,0.24297726,0.58674693,0.29856957454186334,0.30322907100450647,0.39820135445363025,0.28394436317403343,0.2604491607219135,0.4556064761040532
18176,8c7cf8f4694f23275b9a76e8f3fd590a21491aa54cfaaf41ab31a884696a526f,1,c1,c1,c5,c1,0.35488054,0.30331752,0.34180188,0.27116487687413554,0.31521446498964667,0.41362065813621784,0.3685014353378019,0.30957801580913163,0.32192054885306653
18180,5cea93462f5944882d24a44cf698906888cc9d1c4ae1affe75203c2b373aa690,1,c5,c5,c5,c5,0.32160935,0.29003394,0.3883567,0.2859524161103387,0.2385664058813258,0.4754811780083354,0.3159437353781439,0.2222716950045282,0.4617845696173279
18181,d35ad26e8e128f89083e9526ea1d42a8949d73e2c1fa95a4db29ccf3a331720d,1,c234,c5,c234,c5,0.14383434,0.36781156,0.48835406,0.18913941539174825,0.42718793974741814,0.38367264486083347,0.20713190448991653,0.3806313321419905,0.412236763368093
18205,f6c6490407e02fbb35c172728e1c925a740c3f4fedeffbaea4099eab50f62ad5,1,c5,c234,c5,c1,0.30746353,0.4193081,0.2732284,0.3059057110762112,0.2940555551245646,0.4000387337992243,0.3361793806967232,0.3292397914860461,0.3345808278172307
18217,b261d90b8082955bd7702bee1f51f7df032d6d3e7518b913037ca4bd4495b514,1,c1,c5,c234,c234,0.24050185,0.3603051,0.39919302,0.39615416154359534,0.4300996583632274,0.1737461800931773,0.3109442093148966,0.3896051098507967,0.29945068083430676
18220,a874d2ed45d9f938b715a9685922bac43e7b6b7215b4e0bb67d92ee5dc6ec95f,1,c5,c1,c1,c1,0.41363314,0.38315886,0.20320801,0.5894971740963041,0.21201683814663563,0.19848598775706028,0.4494507178493467,0.3047608192220028,0.2457884629286504
18230,04416b2791425af113163af07e64dd30f79f161a999748de41c8243315c412c7,1,c1,c1,c1,c1,0.53147846,0.31248564,0.1560359,0.553914630195752,0.3137473405392025,0.13233802926504554,0.5412735005830672,0.29616257435273663,0.16256392506419606
18234,34df5275fe68b1380d8b6d315cc0eb202e3d16d62f6551fed2df750663ec9858,1,c5,c5,c5,c5,0.19422129,0.27442184,0.5313568,0.10007864188494958,0.4152673445008671,0.48465401361418337,0.16711770670896503,0.36707975318670444,0.4658025401043306
18235,2b9bce16c164df404c8a4329f05b8de3d19747568fb74d9bf71bcbd4b7f7b94a,1,c234,c1,c234,c234,0.39008704,0.3630493,0.24686372,0.1942880397373751,0.5486693289338989,0.2570426313287261,0.23651013358414444,0.4979011128404592,0.2655887535753965
18238,a4baa3019c9cc0f906b929e3c27d8ec453db6f21fb8951298648efdee7ad7a48,1,c1,c5,c234,c234,0.3156732,0.32909426,0.35523257,0.22130980001822412,0.4823258459765126,0.29636435400526334,0.2374359833956456,0.4485591869899384,0.3140048296144159
18245,316e6ab8cbdd63d033a11fd851b39a749105174c08468720f41e40043268f924,1,c234,c234,c1,c1,0.35889623,0.36116654,0.27993724,0.4042745050781208,0.3361737050174471,0.25955178990443206,0.40660702791817827,0.3119028413786229,0.2814901307031987
18255,ce86551739d6650b4a8839705ec63010ec2971ccc2570cd83163dde8aae2166e,1,c1,c1,c234,c1,0.38179785,0.33242685,0.2857753,0.3190760843817239,0.3631891714457288,0.3177347441725473,0.34023988478601835,0.3196172150745584,0.34014290013942317
18276,866570ea2f912298680d41d13fd79b9ef2667827873d6998c6170d2c5e162488,1,c234,c1,c5,c1,0.4400705,0.34821513,0.21171439,0.27587792565764563,0.2509227872517806,0.4731992870905738,0.3710689832881087,0.3082031700735435,0.32072784663834786
18282,c688e4ec83c43720fcf47d1cbdeb7769ea624cbb790bff9e2a30303aa01a6911,1,c5,c5,c234,c5,0.11337291,0.4377825,0.44884458,0.07757426607920008,0.48129218737516016,0.4411335465456397,0.2028513806121831,0.38657569758423616,0.4105729218035808
18293,c1ff9d3e4ee5575cc71a12a0fb943709afdffcc7a673aec487d8dbc1e3872281,1,c234,c5,c5,c5,0.26538798,0.36690357,0.3677084,0.2349941125057917,0.3240220585061569,0.44098382898805133,0.277328140711185,0.3094960765122252,0.41317578277658984
18295,acb8dc734de05890522657a79e587850cb3dbcdac5db6a6ef0a62a04b0e5bbe8,1,c5,c5,c5,c5,0.281261,0.25924397,0.45949507,0.1540503876221178,0.37726390517762054,0.46868570720026176,0.25384463873437857,0.35343744669690624,0.39271791456871524
18297,58a852552138d6c2b3a0999a07f2c5563dc7f625f6674afb7367decfe1edc023,1,c234,c5,c5,c5,0.19103353,0.30994403,0.49902248,0.21035010773478474,0.38971610388350286,0.3999337883817124,0.2120592713593058,0.3262477758589334,0.4616929527817608
18307,d1a022f6e51ab74d0c5b9bbd434695bb5c7739ff590654b0e679d467353ad686,1,c234,c1,c234,c234,0.5374711,0.28729704,0.17523177,0.29533208211083617,0.44386750690270593,0.260800410986458,0.34812691876680213,0.36163812898405534,0.2902349522491426
18313,f6153dbcad58b4674df5f4064139e6ac9692da07767bce848fd7b19e9a76ad83,1,c234,c234,c5,c234,0.24634726,0.4108139,0.3428388,0.2729194150562196,0.35848178751831444,0.368598797425466,0.28432828155556,0.36139171658876174,0.3542800018556783
18315,dd60171bd61f989eaa31df4cc98c872675b313196ed56c7f1535ed3b81a9a962,1,c234,c5,c234,c234,0.14752834,0.3663716,0.4861001,0.10360872127216685,0.5281046357129601,0.36828664301487307,0.18711918726400537,0.45960057524656517,0.35328023748942955
18323,918a67869b177c04d00368938a0a1d3ee5b74ec38e17a48d258c30aa6366c97e,1,c234,c5,c234,c5,0.17313138,0.3795024,0.44736627,0.13718044784487649,0.4338965975760214,0.42892295457910207,0.22335641163304096,0.367589251812732,0.40905433655422707
18329,54b3a612c61f2dcba08dd10b64733b892f9bfdd97fe453629e2c68bfa68bc907,1,c1,c234,c5,c5,0.17031394,0.43840188,0.3912841,0.2922070632544408,0.3106574950783067,0.39713544166725245,0.2840476167241146,0.35490148049210857,0.36105090278377683
18332,7ddce3e9b5c0f0bcf5614d4404449115f84201be46f80e1ba86b66fc78b7b881,1,c1,c1,c1,c1,0.38528824,0.25827622,0.35643548,0.46344564846389796,0.23034377418471436,0.3062105773513877,0.40812401859656716,0.2728642445193226,0.31901173688411016
18333,ce2daa34e95f288ea0525af9a7e18bcd3db45e15f7fcbc132c732ab3b8236afd,1,c1,c234,c5,c5,0.31488967,0.37878913,0.30632123,0.1801314936219813,0.33353218592797845,0.48633632045004027,0.2640300140278838,0.3401126026292066,0.3958573833429097
18365,06ace5be5a93ee32c586ab635dd4f31d2edbc76fad1a3c33f23066712380a557,1,c234,c1,c1,c234,0.47067684,0.3536653,0.17565788,0.4430724689988129,0.28568719259529735,0.2712403384058898,0.32795201191276857,0.3371913968257611,0.3348565912614704
18375,f93893c793a9a0f364f70e8b14f8fa6d01e60d4a6b606ef524f95c72bac87072,1,c1,c1,c234,c234,0.489881,0.25881562,0.25130334,0.3041172242856388,0.47616315367812273,0.21971962203623846,0.32049157935654965,0.37109854070795084,0.3084098799354995
18379,ca438f4bb3c48dd69eb5ae0567b1d1a7624a1a33a9a257012fa4aa912c36b3e3,1,c234,c234,c1,c1,0.35582116,0.38066575,0.2635131,0.36986105268621394,0.3121807424247446,0.3179582048890414,0.36268916274525737,0.3045673202324908,0.33274351702225186
18394,c6cdb885fa59af89bff1d9a311163d0d0035dfe60be750a1c264967d865247e2,1,c234,c1,c234,c234,0.4411952,0.36363047,0.19517444,0.1996795731519303,0.6400237709331058,0.16029665591496392,0.26630940259554425,0.47225538585898497,0.26143521154547084
18399,dedfbf63ddbd5c0dfda9b03c86419cf503fb44f03965d3d1aebccce012012cc8,1,c5,c5,c234,c5,0.21411695,0.3678809,0.41800216,0.21438021680725805,0.4308550802665746,0.3547647029261673,0.2463334437188821,0.37506334983167255,0.3786032064494454
18407,e667a8f0131b86730227a73c02d89bb07fb3336117d6d832ec39bda3728ced89,1,c1,c234,c1,c5,0.30914867,0.37267298,0.31817836,0.356110887555894,0.31505275188954085,0.32883636055456517,0.334918819036041,0.3263531636135008,0.33872801735045815
18416,68466565c6ca7172eedb24358b3567beb028931a0f93bcb59b21bc9567980831,1,c1,c5,c234,c234,0.24534498,0.3354409,0.41921413,0.22500915094476712,0.5512967800333471,0.22369406902188577,0.31080635196534656,0.421168762955398,0.2680248850792554
18419,c7ccf56850742bc12a13a62a26f6bf5f49529587f62c53d446889116a2c49fa1,1,c234,c5,c5,c5,0.14036027,0.29543403,0.5642057,0.28088824762117565,0.2896908592783937,0.42942089310043063,0.28209406139552273,0.26422353990166003,0.4536823987028171
18426,f769bca63f2564c523d5dcea384a3a174fa7cd8aa17a62dac0ce4af02d2243f6,1,c5,c5,c1,c1,0.2666382,0.32625097,0.40711087,0.43770538555891497,0.31820686975147916,0.24408774468960592,0.3822242505426762,0.3020578447617045,0.3157179046956193
18433,5130a963be29463ca3623c9531b590bf31d160005577be6e34f93bcbca01742c,1,c1,c234,c1,c234,0.2690689,0.40745726,0.32347387,0.4500725523233447,0.40813061466391465,0.1417968330127407,0.3863177716832525,0.4162480000917562,0.1974342282249913
18434,6fc0f8d02849e5f813bd28f42c6c4ca93257f09583dd20e8d5f87a1fa8f858b5,1,c1,c1,c1,c1,0.42528155,0.29474115,0.27997732,0.4638749177403083,0.36746461957268856,0.16866046268700308,0.40358018870638124,0.35188024825020703,0.24453956304341168
18438,0fb07021d8537d48884120c05483446c9b7f62369873d8f362005be4802d3084,1,c1,c5,c1,c5,0.16982356,0.30536327,0.52481323,0.4099779945516231,0.30387031970267075,0.28615168574570615,0.3051059160528287,0.34414849853194757,0.35074558541522366
18447,006315acbfad58c0bede9e1a63469978499c86853d49f03249b5fd7a34af33f3,1,c234,c5,c5,c5,0.2518487,0.26446298,0.4836883,0.29680507329231604,0.2106576564905334,0.4925372702171505,0.2624592640227976,0.2727944520326532,0.4647462839445492
18458,89e52caff7dbd12fee5a77990574e0fbf88cae2f998c13bdb60d20d7e28fc525,1,c5,c5,c5,c5,0.1822376,0.38991663,0.42784578,0.12900547147713914,0.31051529857649746,0.5604792299463633,0.19060359298685142,0.30936649426794177,0.5000299127452068
18460,f86b9ac497451e1bdb4fd88d3bc7630b127127b431fdfa8ae2db2c44c49a9715,1,c5,c5,c5,c5,0.08769823,0.2787324,0.63356936,0.23701958698099315,0.35696362320131314,0.40601678981769374,0.2597364129675742,0.3291752624746797,0.411088324557746
18462,1a98592ca211727e8e9e2b2d376108efde48d5ead87b1b568e6e6ce0ca857f5e,1,c234,c1,c234,c5,0.41603452,0.26625887,0.3177066,0.3262694292830791,0.3690259129203877,0.3047046577965331,0.29036388447738376,0.3485789293310456,0.3610571861915707
18464,6f68934b9753d679b39765a19c039ed8dd59bccc9409dc7c24cbf4663a6b85b6,1,c1,c234,c5,c234,0.25662017,0.3997562,0.34362358,0.12252231793398745,0.29463821970969195,0.5828394623563207,0.25351791282154235,0.37748869953394715,0.3689933876445105
18465,e5dd4be9390946fac6450a3dfaf63a99328a60aee9db4e069ebfb58e8a8dc190,1,c234,c5,c5,c5,0.15919256,0.29417926,0.54662824,0.17434542973277825,0.10849390512000155,0.7171606651472202,0.2747067451716568,0.21592094418460295,0.5093723106437403
18475,ea1c15aeb374501d9ee109cf398355ae1641809fd40e97823ef0169d6b3de1f0,1,c234,c1,c234,c234,0.56621975,0.24471666,0.18906362,0.27097797969622184,0.410982817686718,0.3180392026170601,0.2631279680827677,0.41912644009334143,0.3177455918238909
18477,27286d1fe0c8e66061945bcc34a21947ffe8d4f09dd810fa9eeaec3ba8b78806,1,c5,c5,c5,c5,0.17894822,0.32432,0.49673182,0.28279734726248734,0.2697030743123534,0.4474995784251593,0.2959139492492837,0.2913099619457444,0.4127760888049719
18486,bbb416e78d572554a0a54a1862fb29f6188da6d78607f8a7dd2b1df7959e6d20,1,c5,c234,c234,c234,0.26214397,0.37497887,0.36287716,0.1916998816008804,0.4448013876158407,0.36349873078327893,0.2616504806962105,0.377399691116033,0.36094982818775656
18489,b123c1a3fbafd1a9799e24dec98047a4e21c6f7a97a46a22e68fefd26da9d000,1,c5,c234,c1,c1,0.3623624,0.39573622,0.24190135,0.37820436206718405,0.33690177346481603,0.2848938644679999,0.35843800723927877,0.3164997000484202,0.3250622927123011
18498,3105c2733014ef1c840bc6df62ff9a00438fdc1eaa523c8aa0019856817e8a82,1,c234,c1,c5,c5,0.41369355,0.259034,0.32727253,0.3544107529195059,0.2791182882165028,0.3664709588639913,0.3231319407821363,0.27237476595978855,0.4044932932580752
18511,034972f53fc14c7ecc9c9be2171ca0bb1320b50134a611080c82a83feeec25e6,1,c234,c5,c234,c5,0.35646948,0.24720824,0.39632228,0.293108806272714,0.36803406783141396,0.3388571258958721,0.29872108086013754,0.33910240090526844,0.3621765182345939
18529,e19e3c7f273d3d6a4f609f744842759e3dbd813b98c4634385aff89c29d3316a,1,c5,c234,c234,c234,0.18405794,0.41384628,0.40209582,0.2185029144266278,0.44860457731586784,0.3328925082575043,0.3144494756898232,0.3782275095629145,0.3073230147472622
18530,b5a688b3fb7a090f9bb52baa92af021b42d27e56c253dbac57f30cd37413466e,1,c234,c234,c234,c234,0.33367404,0.44167337,0.22465253,0.23331533973662394,0.4843990116343986,0.2822856486289774,0.22585278846616158,0.43084486940229766,0.3433023421315409
18539,646e159f56f6f27ea0a3e771bb8ac587f34746bf264a06d9e660c12fea9063e8,1,c234,c1,c1,c1,0.39162165,0.3423021,0.26607618,0.43781253655119723,0.28553169584254523,0.2766557676062576,0.36690894480495667,0.33547889742356846,0.2976121577714748
18548,e3be89c903dd2327981b0d7fb61636f1bf0d12cc1cfa69244e11af40c7375fe5,1,c5,c1,c1,c1,0.4092125,0.39299715,0.19779038,0.5013122298478159,0.3532447950226735,0.14544297512951068,0.4064731318072362,0.4019591283486227,0.19156773984414113
18556,edcc942488501cfe1083a1eb9f8c14eb6c4c9e6f926c3a7c6c7827c3b5faa857,1,c1,c1,c5,c5,0.3830801,0.270111,0.34680897,0.15119210420625975,0.28635404807466164,0.5624538477190785,0.2255168481409591,0.25582393623683725,0.5186592156222036
18557,61cf0022711860774f84fd88e60f4f8ccfe600ac06f166730bc13e4f33dfec85,1,c1,c5,c234,c1,0.20078424,0.35134852,0.44786718,0.36063324771847544,0.37837591789051894,0.2609908343910056,0.36341963155308527,0.3346595876962188,0.30192078075069584
18559,1c6133c86348dba99766b0e36308e35f34a55180b29e8c361b46948c2fc6a3c0,1,c5,c234,c5,c5,0.3013539,0.37091893,0.3277272,0.3622990452403178,0.24350919061344503,0.3941917641462371,0.3403559343895873,0.27854683456885926,0.38109723104155335
18562,659f96d27649e91f34add8a4c5596b60d75deefc7ee2725dbef80d0c910ef92b,1,c234,c5,c5,c5,0.14846472,0.32387558,0.5276597,0.08444135086496012,0.15501710994898038,0.7605415391860595,0.15700005769676637,0.2269589043255787,0.6160410379776551
18565,bdc65e206fd48d08f38a701ae98daa1527f759a206bf5a055fe50ab61f526c1b,1,c234,c1,c1,c1,0.5770083,0.27070022,0.15229148,0.5599413091641701,0.30070937372567846,0.13934931711015144,0.45751509813604624,0.3434982418880362,0.19898665997591744
18567,0023207df89e93d01c9e1a372b80c4179586574a18f797169f9a6dd874d3d40d,1,c1,c1,c1,c1,0.3667942,0.35256937,0.28063646,0.6504302412596575,0.30165908888742304,0.04791066985291941,0.5940556689296099,0.2911201363958661,0.11482419467452408
18585,62f86e9cbbb2f1aa5220d7ec74fb1cfb13a2d0098aea3cf64b04fcacca3a2f63,1,c1,c5,c234,c5,0.21922596,0.3514012,0.4293728,0.145375371804542,0.5047611661384406,0.3498634620570175,0.2425691436988449,0.35864546426220306,0.398785392038952
18588,02a8b6ed1e1626b53887a5671062e3e212619d2101099e8e3766ce109e1bc2aa,1,c234,c5,c5,c5,0.061205577,0.25407642,0.68471795,0.21353136302599,0.3117622606219858,0.4747063763520242,0.24130544389359362,0.2698276508589584,0.48886690524744814
18594,a8ca8e1805c194c7b1f91c4577e5cbd26556dda53800e4b1dff295076c4097ae,1,c1,c5,c5,c5,0.110452205,0.26942316,0.62012464,0.1498940418728249,0.3847495725309684,0.46535638559620673,0.1808919206611251,0.39083454858840944,0.42827353075046537
18602,1fc4a05b456d4bb0b9d788ae20dba8d65a9c6efd4468a2f579e07effc817b447,1,c234,c1,c234,c234,0.49238542,0.37297893,0.13463567,0.3072598560539623,0.5150661151331708,0.17767402881286687,0.32564147896171325,0.4147168033977248,0.2596417176405618
18623,3f3ce0a593f3c26db6f754c36824abad6e2b55d7ad0e6b801a326f38b8a5b0e1,1,c5,c5,c5,c5,0.11805839,0.1788284,0.70311326,0.081481566118789,0.06725448202426336,0.8512639518569477,0.18784534856352197,0.16611441320117146,0.6460402382353065
18628,d07cbf89efae9bb257624bf7be6097d03d90076282058aede2bfef1a32b2172f,1,c5,c234,c234,c234,0.2266036,0.45815578,0.31524056,0.2182266036313765,0.5205305579084991,0.2612428384601244,0.2593508598846711,0.4524047012974206,0.28824443881790834
18634,4338dd619174f66700f2870a7d0eb05889d743c74403d98f72ec7e1719f87fc3,1,c234,c5,c5,c5,0.27918115,0.26476842,0.4560505,0.33866457623266866,0.3050694697711549,0.3562659539961764,0.31789762963371937,0.3331922957393483,0.34891007462693235
18638,9179995abbfe2bd396aabf08bcaf0176d07505fdf9751c94a52e76c6564fc0cd,1,c5,c1,c5,c5,0.41543645,0.3069412,0.2776224,0.352082398414273,0.27115297337999916,0.3767646282057279,0.3366196306202712,0.2969669030896191,0.36641346629010957
18643,efa384409f52bb3581036a2148c8127413faf67bd3aa500685adf38881712eb8,1,c5,c1,c5,c5,0.51482844,0.31832054,0.16685103,0.3591199147682623,0.2714399043184976,0.3694401809132401,0.3296349465528999,0.32412826268603656,0.3462367907610635
18644,c846d64448d6524dfb12fe430be577bdb596ac701f056b82d91f3f1c90fb52c4,1,c5,c234,c5,c5,0.18571252,0.51580286,0.29848462,0.17453384747079861,0.38049816885389603,0.4449679836753053,0.23940691655444413,0.34425477319054276,0.4163383102550131
18665,158f97a4d4289692fddb4468b25221559b0af3a2ddb6d9b6b1c3ca9f03ccda79,1,c5,c5,c5,c5,0.25233102,0.36137834,0.3862906,0.23225342435062013,0.13673832375475206,0.6310082518946278,0.31258309739014206,0.21881840695245855,0.46859849565739947
18669,d723c49cdd102ca83fd8cc0a23aa669ae880cda7396d0d73d7825d131845ab24,1,c234,c234,c234,c234,0.3445016,0.38118422,0.2743142,0.33173504073654336,0.47057653962218304,0.19768841964127365,0.33236605948691167,0.3717159541314903,0.29591798638159805
18680,91f1506ecdb01b87e86e52c2edd21330cb2a84231314275be8870044dcaf8204,1,c1,c1,c5,c5,0.3660681,0.2696306,0.36430123,0.33879282641540776,0.21472897064595953,0.4464782029386327,0.3150757059872628,0.2756561880312254,0.4092681059815119
18688,21908e0983b34748abdb7291719f748fe114f875a8c08ffdcbb5cb8dbdeb4024,1,c1,c5,c1,c234,0.24860887,0.31333014,0.43806097,0.5463280012259997,0.3568048734827112,0.0968671252912892,0.39747289544549974,0.41098179187517797,0.19154531267932232
18699,2eb33b072ca64e13e8c27648601835898626768b0986ea5a74b7214ede7f2b96,1,c234,c1,c5,c5,0.45245802,0.2591707,0.2883712,0.2770452878951932,0.28998068713045094,0.4329740249743559,0.19639068606049565,0.3364116453801878,0.4671976685593165
18701,d16fafe7d6437d36f386feb07a849e84af8aee760b4bddb0d3d91dd5b02c9f19,1,c5,c5,c5,c5,0.079800904,0.3922028,0.5279963,0.0716368908606676,0.2086020803019436,0.7197610288373889,0.1284969217458747,0.2765288596428482,0.5949742186112771
18711,e337cecc3cc527ad9f99dcc108ba1f8cb832634b571a78e2ebeb50c34e215f3f,1,c234,c5,c5,c5,0.21502978,0.33587837,0.44909185,0.22010612033718127,0.3568625419484306,0.4230313377143881,0.22653353912838387,0.3399933702621163,0.43347309060949973
18718,33bd06cd8f3980bde38879bbd3c1f4ed33e340546cb6cbf5265cede2e2b5a32f,1,c234,c1,c5,c5,0.59720635,0.30055293,0.10224067,0.15421797129742348,0.3811161171218694,0.4646659115807073,0.20917396978339195,0.38917933302745517,0.4016466971891528
18723,e52365c37d88d7beecb97d9547d7816e43ef9b3a1e6caf1b4b9acc5e7b02a6a8,1,c1,c1,c1,c1,0.5079947,0.32180396,0.17020135,0.5491108936300771,0.23068386979951003,0.22020523657041272,0.506767886697304,0.24336955572386235,0.24986255757883366
18727,bc5432ea4680f7183beed6f3b26991c9fdea1324a5dbf1028d2f803d4bfa7359,1,c5,c234,c234,c234,0.3146129,0.38373238,0.30165473,0.32234108631530867,0.4771953667659858,0.20046354691870558,0.29162045456786917,0.441549964431241,0.26682958100088977
18737,6a8ac49eb4f342468b52013e1ad6f23bcd2bc30f258023c64857aee7c5534244,1,c234,c1,c1,c1,0.46953905,0.37516347,0.15529746,0.6575682194980617,0.25836388063922966,0.08406789986270856,0.5436192648481667,0.32670312961173364,0.12967760554009958
18740,5733dd24b9d5d91d77ad8c3ac10f288b0462ee3da93016e0bf4ad9561a522c57,1,c1,c234,c5,c5,0.33459926,0.38567284,0.27972785,0.27173546540339744,0.21976909300415765,0.5084954415924449,0.26999148442754084,0.27318408876302924,0.4568244268094298
18757,40278d974c5e795a69aa08b9eeecf8602c962cb65d026993cfebd956b1ebb3d1,1,c1,c1,c234,c234,0.3815396,0.37600285,0.2424575,0.20137712075987546,0.6075643586514284,0.19105852058869607,0.24648737551409786,0.4901497295378945,0.26336289494800774
18760,8bd31799477a012daee3fa1a9416396b694287e1dbd74349236930cdbc3ae246,1,c1,c5,c234,c234,0.22957723,0.36805728,0.40236548,0.2920218265514134,0.40024196633273357,0.3077362071158531,0.28615748901964533,0.3729604153261672,0.3408820956541875
18761,e0778601ce0e2327e306817a7daf363a1925998731010578189431f72b6bcd29,1,c1,c234,c5,c1,0.3754932,0.3781727,0.24633405,0.31161785536538406,0.34263256396303354,0.3457495806715823,0.37653986956343405,0.2999251924227891,0.3235349380137768
18763,db4e2e8a6f1a583a5c5c5b73c313e82220676c2585fddb4b30e8dc5b9bbd9050,1,c5,c234,c234,c234,0.28141913,0.374107,0.3444739,0.2326592426579937,0.5307458838016803,0.23659487354032593,0.25126266604010095,0.48585724431046073,0.2628800896494384
18768,fcc8642b7eb732fe6041338650096f2d8de27c45d17c20aaf701a4bd07c22b15,1,c5,c5,c5,c5,0.16514505,0.32126957,0.5135853,0.15297269255641957,0.2989319077774279,0.5480953996661526,0.17653988430236167,0.30213288682957073,0.5213272288680676
18801,a9fb0ea1a6d456d1d78fc9c6a4b0b5e647a4df77a5293b6f83b3d0b5ffe441ec,1,c234,c1,c234,c234,0.41976273,0.36130288,0.21893446,0.30987144439996794,0.36418008670719765,0.3259484688928343,0.3044618699771324,0.3621354584165529,0.33340267160631465
18805,9dcda3894f54c7529f2d067fa03ea5fff64cd6719a04e8e10c4d591bc5394e6d,1,c234,c5,c234,c5,0.15050982,0.33844575,0.5110445,0.10834447128744716,0.4944658452964713,0.39718968341608163,0.1625557492426948,0.40477459575749564,0.4326696549998097
18821,38814f09703023fa6afb7d49c5b55a51c82e3b98c8d1964b5b940da973f38cb7,1,c5,c234,c5,c5,0.31853804,0.42573506,0.25572684,0.17337762993430617,0.21413619468371453,0.6124861753819794,0.2162220011243718,0.2795565103603257,0.5042214885153026
18823,3ba9d37b16de3211fd22e926b04e24beb90119596686d18d58b3a6f2c79b6105,1,c1,c1,c5,c5,0.3492275,0.3186757,0.33209676,0.33463266860906504,0.2835970734439673,0.38177025794696756,0.33496062150517575,0.2992663128697102,0.36577306562511414
18835,ace877c2b136c93974501faf16c27d286c476daa28282813efa208e84d343fcd,1,c5,c5,c5,c5,0.13880499,0.29638666,0.5648083,0.24487060437460276,0.3451217063817973,0.4100076892435999,0.2644005839501158,0.36363181229395913,0.37196760375592514
18838,2bd8e693c33f2fbc1a7c375bc1f4e49fcd028524c377bb3ffd589eaef4438c6e,1,c1,c1,c234,c234,0.45217052,0.31125826,0.23657121,0.2725461006197248,0.4387697039424394,0.28868419543783574,0.2872975368578782,0.3593014574515575,0.3534010056905643
18855,022b528a3e5665c09fd23c5f2bc03e221696120563932bde5c4b36a7e936777e,1,c234,c234,c234,c234,0.34873584,0.38082844,0.2704357,0.3120548506244625,0.42038389834024753,0.2675612510352899,0.30090319748340677,0.4068260785112846,0.29227072400530857
18858,1f9f035f9abd1fb5bf2840ae884596934c5ad3ba0708ae5ffa740253b9fa3ebc,1,c5,c5,c234,c5,0.18023483,0.3240062,0.49575892,0.1475609240898807,0.4786112472456966,0.37382782866442266,0.22750607318826807,0.3563818012547615,0.41611212555697047
18863,49c33b517863174e367f8ccd6dff9dc98fad5d470c2dd33da1e2a4018d8f045a,1,c1,c5,c234,c234,0.15694311,0.2140193,0.6290376,0.2457561879939711,0.5208301484181188,0.23341366358791013,0.264625551021975,0.4374277588648845,0.29794669011314046
18877,fe7dcbcf1084ffdad4cb3d2fdca1346066f9b2a49babaa7275b8c3cf5602a3bf,1,c1,c1,c234,c234,0.61199003,0.3046476,0.083362326,0.4118341423968306,0.5336382144582956,0.05452764314487377,0.4029904569549366,0.4636226455039196,0.13338689754114388
18893,fc03c4867f6a4a09911f48d62d9793ec414db8647a06f7248d510687dca23189,1,c5,c234,c5,c5,0.19452037,0.43414953,0.37133005,0.23454637550355195,0.3782537267746735,0.38719989772177454,0.26401592040249644,0.32708659226432313,0.4088974873331805
18894,ab62ac0261835b219b23bba78aef51c9e0a6d8ea52900af80c76c5d8cb6606b4,1,c1,c5,c1,c5,0.32663772,0.24584316,0.4275191,0.3486255711748857,0.3135296182092956,0.33784481061581867,0.2994044227969131,0.3037988367125772,0.3967967404905098
18927,edcc942488501cfe1083a1eb9f8c14eb6c4c9e6f926c3a7c6c7827c3b5faa857,1,c234,c1,c5,c5,0.3830801,0.270111,0.34680897,0.15119210420625975,0.28635404807466164,0.5624538477190785,0.2255168481409591,0.25582393623683725,0.5186592156222036
18930,60dd1a8afefdd41016d7a279ff9f6b19582aa4f3a9c1d866f1e707d24754294f,1,c234,c234,c5,c5,0.31348774,0.34749427,0.33901793,0.33311810944391484,0.2396251476774613,0.4272567428786239,0.28733597006991723,0.262118109398338,0.4505459205317448
18933,fe6ddd7b95bdc5f21c0656469647c5d1cf4f95504b3a0a4d2eb50203511a7f6c,1,c234,c1,c1,c1,0.46107593,0.3338913,0.20503278,0.41554720526167815,0.36599904256300075,0.21845375217532112,0.35784071113617594,0.3285256319592793,0.31363365690454476
18937,86f069e95eb4265d478ced9c3165a26690a0787d5295f95f8ec47e0eea0be12e,1,c234,c5,c5,c5,0.22804824,0.30105513,0.47089663,0.2524897505938866,0.27428950406527985,0.4732207453408335,0.24814766124617746,0.30996778159847443,0.44188455715534813
18941,e5e5ead2ff16a169fa0e29092ed7b20619db3ce92a16c34f34f782b7cf764b51,1,c5,c5,c5,c5,0.19797337,0.26481014,0.53721654,0.2738487725334379,0.12971002610392246,0.5964412013626397,0.3124445711647702,0.24237649415822765,0.44517893467700215
18953,7959a40fa528a935a5126bfded8c34595e94cee5ea1f0982b4509384084fa037,1,c1,c234,c234,c234,0.18083026,0.44597718,0.37319246,0.2931792690808627,0.44258418358528756,0.26423654733384966,0.2821476510724816,0.41440298220164695,0.3034493667258716
18957,3ee2bf37aad37d6a505ca3ccdb61e3d6d599cc699ca1abe73ce5aa55006461fd,1,c234,c234,c234,c5,0.31325534,0.34781262,0.33893204,0.34075760895706564,0.3578364958686747,0.30140589517425964,0.2838676871252191,0.3385363663559829,0.37759594651879813
18959,dd3cb68aae62f5b0b16244c749ba2bed96c5a2dc9275b011177e3abf50bb2f7d,1,c1,c1,c234,c234,0.42702904,0.37534156,0.19762936,0.2586299865322052,0.4577752937507379,0.2835947197170569,0.2864370053309428,0.40759236634206797,0.30597062832698924
18961,965c31728936350d872eafa9482f85e56aa13a112b839d0473e797531e59f83d,1,c5,c234,c234,c234,0.3775518,0.38474166,0.23770651,0.24717162286355604,0.5171731181655751,0.23565525897086892,0.27465764987982116,0.4623829535251759,0.2629593965950028
18971,e84866935a7a8240703799b5fd70e525f9d7bc55bec3abcd949c22dfb55cbf7e,1,c234,c5,c234,c5,0.22723362,0.3283786,0.44438776,0.23770741960713082,0.4215329696142987,0.34075961077857053,0.2674756433761086,0.32056258863615306,0.4119617679877385
18983,5524c94ce99661316ff888dfeb696ac19beeccab4fbdf1f0432492142a970bac,1,c5,c1,c1,c1,0.5095324,0.35655823,0.13390934,0.5365895230025369,0.32961337194496515,0.13379710505249787,0.5220776698767714,0.3111573002482648,0.16676502987496375
18998,e15c059db830d876cbb1575eae35b4c6438814c9cdec4c1ad2e3a0a0c7b29e0e,1,c5,c1,c234,c234,0.5902799,0.30000627,0.10971388,0.26583028845232204,0.528988807034125,0.20518090451355298,0.31244269435250027,0.41009977319061364,0.2774575324568862
19002,ee6e39e1df541c4ea471745d0d2736adbc3e7cbf5b7e7bea9b9fbf7e8def6d6d,1,c5,c1,c5,c5,0.44373515,0.34995034,0.20631449,0.3069423290256721,0.17961774330271932,0.5134399276716085,0.309811621739616,0.2532124036630969,0.43697597459728704
19007,d8e3596aed106d10e91cf460a9406771f370e65b0e9917292c598d3085e3ef63,1,c1,c5,c234,c234,0.27833155,0.3239234,0.397745,0.2829272909467969,0.40068344530671485,0.31638926374648824,0.26658961182382435,0.36696552246068914,0.36644486571548657
19014,36f7b790df696e8bd43810c7bc010678dd4e6b9667fc9d007df0e541fc9f9708,1,c1,c1,c234,c1,0.48963335,0.3484331,0.16193362,0.37048741494159293,0.3734354923438799,0.2560770927145271,0.4139816578544651,0.3695483824525247,0.21646995969301025
19024,4834344fd2cb332bf04d01b57893be6cdc74340c95322bf1a7b1e539638af4d8,1,c234,c1,c1,c1,0.4032285,0.3588067,0.23796488,0.4627733951832812,0.4090702608565922,0.12815634396012668,0.3930510951913589,0.37824325306831696,0.2287056517403241
19053,93caa96e262872ae3dbfa080a851c8f94eebb344c7620ba8c9a53592254a059d,1,c234,c234,c234,c234,0.27848536,0.3696041,0.35191056,0.18114262142928256,0.49555099163394684,0.3233063869367707,0.2440233750884889,0.43233652974516606,0.323640095166345
19059,0d71ed829a2c1a9aea8e01818e08f6afe190592a5ced61b3efa7106e7e1e9743,1,c234,c234,c5,c5,0.3212614,0.35135916,0.3273794,0.2566169434679018,0.3252290341568453,0.4181540223752528,0.279102808638351,0.34610665967186965,0.3747905316897794
19064,ee77dd72d885445108e61a0ad9d3074fcb630bdbcbea01f1389e02e3ceed5109,1,c5,c5,c5,c5,0.117940776,0.26563376,0.61642545,0.1910323075824191,0.31576482588073995,0.4932028665368408,0.2133581403154575,0.3386482578867776,0.44799360179776504
19067,b034b62d551d9813bce9d8dab546ae909122acf54e33bdabe9924017eef6e5f3,1,c1,c5,c5,c5,0.258162,0.3224112,0.41942674,0.3214282214616535,0.24039307603022503,0.4381787025081216,0.3247255043987531,0.3054021631633248,0.3698723324379221
19085,edcc942488501cfe1083a1eb9f8c14eb6c4c9e6f926c3a7c6c7827c3b5faa857,1,c234,c1,c5,c5,0.3830801,0.270111,0.34680897,0.15119210420625975,0.28635404807466164,0.5624538477190785,0.2255168481409591,0.25582393623683725,0.5186592156222036
19091,7c815b988626428c15d112f2e19c0b05dd535d5ae7741ca8673196b8732938b9,1,c234,c5,c5,c234,0.29244208,0.34845048,0.35910746,0.163828802586185,0.4127587118670308,0.4234124855467843,0.22879124305069207,0.4146754074309285,0.3565333495183794
19105,d26ea12bbd0fa78d958177910c3c5a2735581269ff3d75d6f2c1879b7bef68ec,1,c234,c234,c5,c5,0.1953898,0.4224424,0.3821678,0.12618850022310732,0.31362976090239564,0.560181738874497,0.21262518801598979,0.3467679609175875,0.4406068510664228
19115,f3197b83d5ddf2351655c2716dab6d2e61f4189f229806930c34cc46c768da84,1,c5,c5,c5,c5,0.1456866,0.25312847,0.6011849,0.32110540053770825,0.27867003612741387,0.4002245633348779,0.28696987511558225,0.30686160793774514,0.4061685169466727
19127,45a09ebbde2fafa550f4dfdf0b5e6aa5aa462767e0cd1e1998b09cd67d8b0a3c,1,c1,c234,c234,c234,0.24610515,0.38456398,0.36933085,0.26702836698352383,0.49587306762550704,0.23709856539096907,0.24215273657915642,0.4478608724660604,0.30998639095478303
19129,bf0a6d1623b189f2c0bf14ff8bdad6d903221d537d488d70806431709210b0ed,1,c234,c5,c5,c5,0.12624668,0.36386228,0.5098911,0.185845599529196,0.277861686385157,0.536292714085647,0.20308588687988335,0.3211875041972365,0.47572660892288005
19132,a7e1253185d07a5f281b9a4d78e9fcbc71f5e3b1c7a6cba0914e33e6021b869d,1,c5,c234,c234,c234,0.23398772,0.46846044,0.29755175,0.21950751866745805,0.47678110409106067,0.30371137724148134,0.24646169029453477,0.3944642553210878,0.3590740543843774
19133,265866b76351ccc5b87f2d3e0d3d653692be6ed5e0d91ebc2a211c80733550b3,1,c1,c1,c5,c5,0.41596985,0.27762675,0.3064033,0.2793355819151904,0.33817824288830556,0.382486175196504,0.21180810449799573,0.31562373789864817,0.47256815760335613
19136,33d29ac962f2b1108d236e63539c2f20808b1df8a237f40c785cb58223b3090b,1,c5,c5,c5,c5,0.14591233,0.28165716,0.57243055,0.2990136638857994,0.17155125368526242,0.5294350824289382,0.3161349786394225,0.23161316101191254,0.45225186034866505
19148,9f15b636bf90424ab6b5f4ad8072c395d85748c535d5ef111fab375689bdbe70,1,c1,c5,c5,c5,0.275282,0.34382367,0.38089433,0.24712085630131828,0.10722652301631541,0.6456526206823663,0.2780717959939001,0.18794359842891845,0.5339846055771814
19177,23684451e41f84f7101f264c1287ae7b47d6a8e16379d68b0418f14e714c8ff5,1,c234,c5,c5,c5,0.24802491,0.31695873,0.4350164,0.15593531303323427,0.3642165114705179,0.47984817549624786,0.2465710984872321,0.3384663593006831,0.4149625422120848
19182,ec13f1fb0c1c8f5dbf68bc852637571d4a6672abe171abb231301ea9ae7c5edb,1,c1,c234,c5,c5,0.27365515,0.4541789,0.27216592,0.28610787667043014,0.2863248512368461,0.42756727209272377,0.3262289729364708,0.32850960080750213,0.34526142625602707
19185,084933bd58834189f9e808594c3a204f24e863cc1139d6c735b77125941eceb8,1,c234,c234,c234,c5,0.2508977,0.38866976,0.3604326,0.24294929035658086,0.4407466674846262,0.31630404215879293,0.25413648996484534,0.3519533874780114,0.39391012255714325
19192,5b7b0edba60d45b29db274553446ef5b48ee2899804b5bdbd0f197ccf7dd46b4,1,c5,c5,c234,c234,0.1907997,0.36062732,0.44857293,0.18294022167960447,0.4258710241526148,0.3911887541677807,0.22227851776345897,0.4072582829061734,0.3704631993303677
19199,a6d6e2620651b7ec274b1840f4f1815f2e335de63ab920dd92f7f773e25ad8c9,1,c234,c5,c5,c5,0.30749768,0.33946753,0.35303482,0.2404232933992929,0.357329600136729,0.40224710646397804,0.2533186020058623,0.30718645619395374,0.43949494180018395
19203,7c2aa0fda82aeceb0a86421079a76072684976d6d03bea2c01360d5a986456ed,1,c234,c5,c234,c5,0.29625148,0.28320622,0.42054227,0.1421855648573515,0.45051854105292277,0.40729589408972566,0.21769376019712555,0.37664250419424755,0.4056637356086268
19205,d34d90ba866db924baeada622b41ae5e068d791e2c98c6662451999084f89c85,1,c234,c234,c5,c5,0.10172878,0.45864362,0.43962768,0.09533785131233832,0.23733883159119448,0.6673233170964671,0.1601296913642644,0.3333538295359212,0.5065164790998145
19206,25275e5595113c2be7836a871bdb6dd073f593fb3323fccfc5ba38fd8a2cfe3d,1,c1,c234,c234,c234,0.31909785,0.3651725,0.3157296,0.2027519210706422,0.43395349933614624,0.36329457959321143,0.2611470311034575,0.39321702312437173,0.3456359457721707
19210,418b1e6108743ca2632156cd730dd04b486be91b9d728ca35434e1cd6b4475d4,1,c5,c1,c1,c1,0.5025937,0.36172608,0.13568027,0.5261408426434104,0.38841782608760195,0.08544133126898769,0.4643342250583789,0.38569317415722415,0.149972600784397
19214,2857f4aba357338419231e3343c1e274db0997b156e8889ddf794230ddc3ffc1,1,c1,c1,c5,c5,0.4098986,0.29998776,0.29011363,0.29672010707147695,0.3223825985633374,0.3808972943651856,0.2771756358063411,0.35778316976881713,0.3650411944248418
19219,5f1df806de0e3f9ba5c6c11b31b0705422beea0fde0644a3acb455febe0ff36a,1,c1,c5,c5,c5,0.09748158,0.34386128,0.5586571,0.22703825072347755,0.29519434858161375,0.4777674006949087,0.24645957272897373,0.34829990142399764,0.40524052584702863
19223,f089b6b1547acc2d8c023ac2d5cc760a0c7973c1bb2eb0c88b36d1c39b7e4263,1,c1,c5,c5,c5,0.17716649,0.30845845,0.51437503,0.3423966644067187,0.3041780224319688,0.35342531316131254,0.32848695010427936,0.2844608013386879,0.38705224855703263
19227,b53c3a0095121e0d23dcc2361780eee596c5816b65f21e061ea756847360e4c1,1,c1,c1,c1,c1,0.36233026,0.27650234,0.3611674,0.6426049311884391,0.09536387514764275,0.2620311936639182,0.46992946123672347,0.16747591550918134,0.36259462325409514
19230,aae6ad2d11c6148f04fd8f0af4bbcf9cfce147dbc26aa6de204e1362fd7c223e,1,c1,c1,c5,c5,0.3842498,0.33926105,0.27648926,0.33210270767216993,0.2862764350014343,0.3816208573263957,0.31312277511763903,0.3181713445417988,0.36870588034056223
19233,718d57e8d3898d5f4a72fb61acf9cc6048eab6bfadd19207361a6b8488d996b0,1,c1,c234,c1,c234,0.28359458,0.38411972,0.33228564,0.34827672820100297,0.34071015184721287,0.3110131199517841,0.3375935077510455,0.34085944389358186,0.3215470483553727
19237,18cb70d42d599e8fd46e0b198831ee5edb183b91214464759d72f0b5044bf4f3,1,c5,c5,c5,c5,0.20939605,0.32998392,0.46062005,0.32011168342261803,0.21173995890140943,0.4681483576759726,0.2833156645757226,0.27456927783375235,0.44211505759052505
19244,83687292da882ba33492208f976f665ec5a07672c5cf8d3f28f4d253f169f950,1,c234,c5,c5,c5,0.09776029,0.28517604,0.6170637,0.31357302276574667,0.25808155584438935,0.428345421389864,0.27441090810679397,0.31986817686936336,0.4057209150238426
19266,631d7e26f41aca0ff270e42f0b3eb51e3e935962ce9c7c6ba1c505bed42a651e,1,c1,c1,c1,c1,0.5776137,0.29832128,0.12406506,0.45703925469922585,0.4552657689472145,0.08769497635355963,0.43716191070663013,0.36013198736932317,0.2027061019240467
19267,0f36610d56df5d8dfbf126545c35bbba21fee488cf019d2163f2421f7ab9e67b,1,c234,c5,c234,c234,0.20896947,0.39540085,0.39562964,0.23054047575658726,0.4920062590626367,0.2774532651807761,0.3063345438114442,0.3728124631391719,0.32085299304938397
19268,1077929265f60103cfe171c75adf3e0e2dc783febbc194afa380334edb0c84e4,1,c1,c1,c234,c234,0.48806867,0.3683896,0.14354175,0.23155479233608964,0.5633454135233331,0.2050997941405773,0.28021435446988324,0.48104256906089304,0.23874307646922358
19269,782070059710ab4986b86d448e5cc88c656b68719f78ee4e852bef330b297eda,1,c1,c1,c1,c234,0.5107232,0.32261986,0.16665702,0.4634931460281399,0.4339964214201994,0.10251043255166065,0.4121492632814562,0.4255515888573054,0.1622991478612384
19291,ed2b9720deae05a6c509c64b43488dc63da27474101d824b1344263b2a9ade1e,1,c5,c5,c5,c5,0.32110682,0.32240775,0.35648546,0.30734031035116055,0.15590850495107808,0.5367511846977613,0.3003555271009208,0.22567633099369128,0.47396814190538794
19305,1f86189dd009aab8adcdfe3c421d94763e2443f7a3585f0d6cdf00719a29382c,1,c1,c5,c5,c5,0.13010113,0.3537235,0.5161753,0.15211925477107166,0.3594120078054609,0.48846873742346747,0.22181882838719436,0.3858408247965944,0.39234034681621127
19307,f79bea0a76a872cd7bd08d98b1e5b419c94ddb3b56ab76be448ca3130d66401e,1,c234,c5,c234,c234,0.17304902,0.37975493,0.44719604,0.19039691683769677,0.5944175253146263,0.2151855578476769,0.24823838365352097,0.4431144093507561,0.30864720699572296
19310,3c9a92d8ff04eee7e8297fb479d016c98cfdafd3c10b5d83d82799e8d39277ec,1,c5,c1,c5,c5,0.45495966,0.24339546,0.3016449,0.34974415523663277,0.10466225408174945,0.5455935906816177,0.288070931259945,0.21329464684495295,0.49863442189510193
19311,5c566081e4864227dcca169f7b61b4d6faedc3604a85de7ee6412eb5fd8fb5cb,1,c5,c1,c5,c5,0.44597104,0.2617566,0.29227236,0.30182842735717835,0.2501747401871088,0.4479968324557128,0.22340173798672283,0.3100722958533202,0.46652596615995706
19316,cee7f5f10c011c1b529d624ed74bb973c0fd102083e0f472110d202df002ffa6,1,c234,c234,c5,c5,0.20056686,0.4595167,0.3399164,0.12627651286816025,0.21064506212406936,0.6630784250077704,0.19965511103056444,0.28969888679155276,0.5106460021778828
19322,6d7e35fc5d2767b6a752f4e3f2247acd92bf05f85ca390b22b50bdda70bcd00f,1,c234,c5,c5,c5,0.15626957,0.33908454,0.50464594,0.1508025053005008,0.3930721062328554,0.45612538846664397,0.23344621541749103,0.3620280662983078,0.40452571828420114
19326,474bdbf50edf79cf95d2fd9d9236551d2ac2406cc3b0fb50e40af54c8e3324d4,1,c234,c5,c5,c5,0.14602298,0.3097317,0.54424536,0.16617008043009873,0.21361295772048625,0.620216961849415,0.20613565001811038,0.2695835467738977,0.524280803207992
19340,35c5bc8654bb63665786dc190c9a50d3a48ee6051bc8d00d481929e523b2d97c,1,c1,c1,c1,c1,0.4746498,0.33684003,0.18851027,0.700745097351928,0.1638760469754646,0.1353788556726075,0.49571957987801196,0.299738886845576,0.2045415332764121
19349,db6a1ae2c2cd506a935dcf1cfcc0ea65092c65f6c08999b3ea4d92984298b4f4,1,c5,c234,c234,c234,0.1884607,0.4117104,0.39982888,0.17384077211373822,0.48716165594330757,0.33899757194295427,0.2356287315247899,0.4039987216291193,0.36037254684609077
19350,b4aa79e40ed1dab064eb3819872ce57addb55f98df4b450a524b7d9e494377be,1,c5,c1,c234,c234,0.59367186,0.28629103,0.12003715,0.16304311907137695,0.5489370313174967,0.2880198496111263,0.23659875742878705,0.45002922960497727,0.3133720129662357
19359,15e22046643c8d7567da6de498a9991f3e80846ff47b3153c5143fbc97391e48,1,c234,c5,c234,c234,0.2933136,0.3439262,0.36276022,0.21596686686859545,0.5206089454220382,0.2634241877093663,0.24044836251307183,0.47890382262012526,0.280647814866803
19373,69d702819f0ab0dfe8567350a864b56ae83a04f68908a8a9bae95e96362785f6,1,c1,c1,c234,c234,0.37042978,0.3529708,0.27659932,0.41734665247003294,0.48906227115371115,0.09359107637625577,0.4001366918128482,0.4449606060176453,0.15490270216950647
19379,b57e5c2606fae5912b0762f9bb711c563ba8d38582dd93f53c12226a599a078d,1,c5,c234,c5,c5,0.3523777,0.37691906,0.27070323,0.26925804883654225,0.1662862634590457,0.564455687704412,0.2974211243420109,0.26681484622982027,0.4357640294281689
19390,b8d27a1484dc5af064b1a246d36ffc496da9954645281ba96e89cf3d90aa3c37,1,c234,c234,c5,c234,0.26169243,0.4743308,0.2639767,0.29680679763451623,0.3374672219033764,0.36572598046210736,0.28508603797908255,0.37762886023876907,0.33728510178214843
19391,47840ec14dade259eb64c6bebe56d18c0822a710c313c0b07af0711f7903b43e,1,c1,c1,c1,c1,0.6609524,0.23838256,0.10066505,0.5289936055855304,0.35206719786767265,0.11893919654679681,0.48340757119834143,0.3197719186356426,0.19682051016601593
19400,293b555fb209873fe5754127cc2e4173bc772c402df9b0e3e92fca1737c7a97b,1,c1,c234,c234,c234,0.3153059,0.37948516,0.30520898,0.4035929333425199,0.41034704606465355,0.18606002059282656,0.3644830500037875,0.39107799766311807,0.24443895233309448
19404,663a8c263f0eb22f39d8ab19bde388d550f36f4d7c91096bc3930243d414832e,1,c1,c5,c1,c1,0.2103563,0.30000508,0.48963866,0.4132223268699396,0.24740391429785952,0.3393737588322008,0.35694653808451116,0.3272285955840049,0.315824866331484
19410,355af694d7b6a2f77e4a0a89c93db71f1a3dc20acadbb96353b844236bfa8471,1,c1,c5,c234,c1,0.30522943,0.27907455,0.41569608,0.33264346129203237,0.4666402141823562,0.20071632452561147,0.36494270386977756,0.3450723783336911,0.28998491779653146
19412,ba5a7f608233e43ffbbd66ec435390e9ddea2c83a5b4ad7a78d1f7b0982d3969,1,c234,c1,c1,c1,0.43207508,0.3811054,0.1868195,0.6076209628288818,0.1860313691119499,0.20634766805916838,0.4694102601401871,0.26194030308905353,0.2686494367707593
19419,efc471e9b4d3d9ba21681c82caf141f445e95460f1c4870aab80669ee4398c12,1,c5,c1,c1,c5,0.36669362,0.3329266,0.30037978,0.4435889319328359,0.1972493780277175,0.3591616900394466,0.3657005049117585,0.22208140726066913,0.4122180878275724
19425,85d33d6bffdec7d3255f19525b1a4a2c73e813076f4fd1edbefbc78cf437f38c,1,c234,c5,c5,c5,0.182229,0.2845481,0.53322285,0.17048776629744414,0.15226517507191462,0.6772470586306412,0.28630307024471613,0.26137079750897924,0.45232613224630464
19426,b3afc105e12c3922912908f6b067ac7c9824c48d62b07699230a03ae3f061fce,1,c5,c234,c1,c234,0.27430984,0.39402866,0.33166146,0.3858027850058179,0.35315463270159,0.2610425822925922,0.3298870630690972,0.3470643994094165,0.32304853752148627
19431,774e5eaf38661955b7189ced140564bae6fd32bb661e1d026cb64e3dfcadd720,1,c234,c234,c5,c5,0.19734567,0.4401665,0.3624878,0.33404856144147027,0.320110989324981,0.34584044923354873,0.2854677282998367,0.3194889195441904,0.39504335215597286
19435,b768f11fe0fc4b011ed078182a7a9989eedb51a94caa996ddd05edcd3b88e50f,1,c234,c5,c5,c5,0.09292086,0.21838216,0.688697,0.07595932879314388,0.30124584523333725,0.6227948259735189,0.13118149927978115,0.3420139887645736,0.5268045119556453
19440,0989faf59ddeeb0036770eaa608119011148fcaf3aa2fb2a6e314b6ba15f200b,1,c5,c234,c1,c5,0.30990273,0.4328113,0.257286,0.4004911256548904,0.2740145845440937,0.32549428980101586,0.3521365328980501,0.2880726599505271,0.3597908071514228
19455,1cfb5a0dabac0d695f9c39ba0e9d813d0736e3a710bd6e02c2bf62b70d10ac29,1,c5,c1,c5,c5,0.37585035,0.29122669,0.3329229,0.27743789333327223,0.3285151587285813,0.3940469479381466,0.26935713284230417,0.300142906305483,0.43049996085221287
19460,69be78b82fb3b9c057b1dc6c87cd73eb412a0c2e45eb78083c0f95915ccc28dc,1,c5,c5,c5,c5,0.17913613,0.34818962,0.47267434,0.13394667346323427,0.3971047991874266,0.4689485273493391,0.19265569447116487,0.35669868918061026,0.45064561634822475
19479,eff4d7bb53fef6bcd56a4671488b508716de0e2b8652d2d1d70a56f2b8bbd32b,1,c1,c1,c1,c1,0.49986908,0.30017176,0.19995916,0.47120192015227513,0.382887083935664,0.14591099591206094,0.47050973229727117,0.311111065955683,0.21837920174704586
19485,71e6a22dc468765270db8dd8ba72baaf3c3ccbdcec3bc5f8578c8affefb9a7f5,1,c234,c234,c234,c234,0.34499595,0.37916395,0.2758401,0.29496726142460483,0.3785122682693363,0.32652047030605896,0.2844309373052341,0.36060728568847006,0.3549617770062958
19488,2f0009ad3519ff289654b6905139942805eee0bbcfbd45e3d71c03697f4636cd,1,c234,c1,c1,c234,0.509471,0.3236724,0.16685657,0.45305338054843713,0.44546507935615043,0.10148154009541234,0.40678657843189464,0.4283391485977624,0.16487427297034296
19537,e104a144489cfbd35c1ec9896d58bdb023777bc25e6be7aef65daebc2d4ff54d,1,c1,c5,c1,c1,0.3112888,0.33560425,0.35310692,0.5427362078065661,0.3541382922979059,0.10312549989552804,0.44289385600602627,0.3993620066408993,0.1577441373530743
19547,e04d8959c5948977bdce30ab812cacb45935d164b7152e3bb9cdb1e6e1f17759,1,c1,c234,c234,c234,0.29510033,0.3690892,0.33581048,0.206232318406271,0.531756858604809,0.26201082298892003,0.2921151434256182,0.37935797068880517,0.32852688588557677
19558,03b6b8ab23d3e5a5ad00f7fa558c8704d0b75c89b9ba54e955644eeb6cbf863a,1,c1,c234,c234,c234,0.37233776,0.38200486,0.2456574,0.32657342140717227,0.33934936156780593,0.3340772170250217,0.32026467254601965,0.34250700836523557,0.33722831908874484
19562,3f5286fe8034fed9dc7df31e769e53303aa1ffbce90df8f6c56b2892e16d3354,1,c234,c1,c234,c5,0.3692976,0.30473927,0.32596317,0.27815932558080636,0.3856632944482268,0.3361773799709668,0.2779171396767746,0.34170598990925566,0.38037687041396984
19566,1a6e04b98456932ebe8184026471306a4826535f0ca5de5b7101c501d51bc669,1,c234,c5,c234,c234,0.13575573,0.40780687,0.45643744,0.15187953709824673,0.4593778851698033,0.3887425777319499,0.20075098810519926,0.403361898044061,0.39588711385073977
19568,8eba49b46bf03660ecc1283ff8f049c60d792a81b26ef853a0725f7505528084,1,c1,c1,c1,c1,0.46833864,0.3257557,0.20590562,0.39473030103711954,0.35789696352186307,0.24737273544101737,0.3683037716539301,0.35966932056244844,0.2720269077836215
19570,5e894d797517a4d01fcdd575cdb9a55dcd6448256abbe2a616324ff264d67cb7,1,c5,c234,c5,c5,0.24306819,0.41006237,0.34686938,0.1669808750971493,0.20166497998835736,0.6313541449144934,0.20734219841525697,0.25233960121913385,0.5403182003656092
19578,4b00f12d9e00e90b52760076f935af910c24a0ffa9256c7fbb9d550ff8d181f1,1,c5,c234,c234,c5,0.2594365,0.39576247,0.34480107,0.29197543691559347,0.39766774014825373,0.31035682293615274,0.32748226943892383,0.323116325530824,0.3494014050302522
19580,fdef692572896f63777f7d47683ac54db0be00cc09bfad2a64c1b63500a465a7,1,c5,c234,c234,c234,0.15003991,0.44259274,0.40736738,0.16323682287824456,0.6161160020313118,0.22064717509044363,0.20169539786773052,0.4713741282738884,0.32693047385838114
19584,5e5a73d166ee5591b41f95e29f768b08562ea4d0e490480ee45cf2e0a87d9400,1,c5,c1,c5,c5,0.432322,0.29642874,0.27124935,0.3150186107349002,0.3043261771438025,0.38065521212129744,0.33472285263476287,0.31440865600528384,0.3508684913599533
19588,4f20f2a37ef1b77d0b48a175736a404b77ed027c6d3d0df4bf2c437bfcc93a15,1,c234,c234,c234,c234,0.36053768,0.38136336,0.258099,0.18151153230036607,0.5458343098137142,0.2726541578859198,0.2312498148451006,0.4895610300485906,0.2791891551063088
19593,edcc942488501cfe1083a1eb9f8c14eb6c4c9e6f926c3a7c6c7827c3b5faa857,1,c5,c1,c5,c5,0.3830801,0.270111,0.34680897,0.15119210420625975,0.28635404807466164,0.5624538477190785,0.2255168481409591,0.25582393623683725,0.5186592156222036
19607,359ffbc1bed52607d7a5c7b37eceae7f41ca5bb5783a5ecea7397191c1359d87,1,c1,c1,c234,c234,0.5777577,0.2961165,0.12612581,0.26166232309921045,0.422571443751593,0.31576623314919655,0.3516836016244979,0.3914552203809016,0.2568611779946004
19611,198dc5b484265bec45e6a5f7a3cefa177896932cba8879e9218e71aebe3a7939,1,c5,c5,c1,c5,0.25789744,0.28970885,0.4523937,0.4718256573532008,0.2126568461684224,0.31551749647837685,0.3653089987985166,0.2477574406954467,0.3869335605060367
19625,9f8c53e1362d89f2d71fa35f39655ab711261451499460cc35dae9f45a67217f,1,c1,c5,c234,c5,0.22811182,0.34653926,0.42534897,0.2035329772946216,0.40130967780433013,0.39515734490104826,0.2898058728702326,0.310881151811669,0.39931297531809845
19629,af515beff90bac1ad0985b483e94dad14972e5c0474b54e7cdcbadc499313560,1,c234,c234,c234,c5,0.32061818,0.42344415,0.25593767,0.25420740369502587,0.375555159582658,0.37023743672231607,0.2820555142833491,0.3463311879282891,0.3716132977883618
19633,c5bd38253187a212995cb0fd7675b7766cb5479687191d8e441bb4a60eb8ebb4,1,c5,c1,c1,c234,0.41575545,0.27081165,0.31343287,0.4697979501062357,0.3545563226774677,0.17564572721629673,0.3794314166308657,0.3876958567546665,0.23287272661446787
19634,2d85819cf90dcae9fa2d06dd0dba7a06583af68da6da8b140d37f834569d8aeb,1,c5,c1,c5,c5,0.49728534,0.35088262,0.15183198,0.256534331116664,0.17903599787899638,0.5644296710043396,0.33831712080733944,0.3011795535765721,0.3605033256160885
19647,526486e074570c058058dd7cbda9c27acc37f4a4e7944c4bfa9872e45b745135,1,c5,c5,c5,c5,0.1019809,0.25696415,0.641055,0.28976374725333043,0.32127153677066017,0.38896471597600946,0.2582767666663208,0.29849820781620306,0.44322502551747617
19660,723672af15655ddd1cbacd1646847413a41267de5362bfb0bb4291438cf3adff,1,c234,c1,c234,c234,0.47141075,0.3518834,0.17670584,0.16494140767596885,0.54207631793728,0.2929822743867513,0.19723499597517918,0.4667617548678431,0.3360032491569777
19669,8366ebc48a09e4eb99e20f5c8aa12761225c1bb1e67da9ee07c3be2b57791118,1,c234,c234,c5,c5,0.292011,0.3833353,0.32465377,0.33806129182973355,0.3186901961830729,0.3432485119871936,0.3319659606192636,0.320511427631214,0.3475226117495224
19683,d9617d1d99de97111bc2d6dc4b2145da3c8704be5dd9b66d245c9159c9bbcfc3,1,c1,c234,c1,c1,0.33216113,0.38188076,0.2859582,0.4794126137378146,0.41520818156918654,0.10537920469299886,0.45593382358937634,0.40905295523465945,0.1350132211759643
19685,e9fdde0102538261474b8f9e828605bd4a7fbbb276499008b3586ae0effa6526,1,c5,c5,c5,c5,0.2863181,0.3283981,0.38528386,0.3671141766325918,0.19142634804316994,0.44145947532423824,0.27718198432561664,0.2853492099341513,0.43746880574023217
19703,e1cca93c214afce4e63b9ceb3fee3bdea083f53c93faaffb3803b509ec1bba47,1,c234,c5,c5,c5,0.21075556,0.29942977,0.48981467,0.10726142846192059,0.18145076487730558,0.7112878066607737,0.21420376957974857,0.3005646850741215,0.4852315453461299
19704,f4cb5cf8bba5617ecfea59fa48029d44fbbf3a825e55f9a6eedb7573392e550d,1,c5,c234,c234,c5,0.17575496,0.4287134,0.39553165,0.3342488687712231,0.3661225029292194,0.29962862829955755,0.3057995545098886,0.3256175551563315,0.3685828903337799
19713,f633924386016e510ea1ea38f3d2bbb0b8cdeda41bad806c8d8b8235e1f49b8c,1,c1,c5,c5,c5,0.28549683,0.314221,0.40028223,0.21910680249809067,0.29778904846159565,0.4831041490403137,0.25259490243709143,0.2891847026340258,0.4582203949288828
19717,a16a75057114a27be55160a5fe3edf5413d963c35d262444d28977d965c443cb,1,c234,c5,c5,c5,0.16632028,0.3502048,0.48347497,0.2872436718177758,0.2564482293270381,0.45630809885518614,0.2582385458200529,0.3230274401118101,0.418734014068137
19726,0ac231879bce2dd2e89b45c76354c43886e3143a20526505f6b4305c3f56289d,1,c5,c5,c5,c5,0.21027768,0.24110577,0.5486166,0.14249763119807887,0.17237846355390388,0.6851239052480173,0.2428641201145318,0.3067136913506417,0.4504221885348265
19738,157df91056195e7099fca3f5c1d23f4efa8fd09577dfdd00d1c16a5ec84e0d1d,1,c234,c1,c1,c234,0.4949012,0.35721925,0.14787954,0.49019714003015397,0.3567298842688645,0.1530729757009814,0.35682688558556963,0.42473807379953393,0.21843504061489644
19739,777c05e24195f5a83b90fbfcd6ca9390594d71c22f4d50611b79a3f0ef4a3d65,1,c234,c1,c234,c234,0.37304205,0.36472297,0.26223496,0.3089350856912823,0.4275081182795483,0.2635567960291694,0.28965778381111446,0.38837313753579084,0.32196907865309465
19744,24170e0bcb050a47fbc7e8e94656c899272927bec8ab6d7578cb5dec068f2b9c,1,c1,c5,c234,c234,0.24793983,0.30235803,0.44970214,0.25433619794487733,0.5353311753300463,0.21033262672507638,0.27678420755052796,0.41501229413970786,0.30820349830976435
19753,e305b252ec8ee55ca203ad6fd322917e11bdbd66e703b1b805d769effbd1699a,1,c234,c5,c234,c234,0.16554777,0.40427965,0.4301726,0.2175097004726563,0.5570795533847686,0.22541074614257503,0.25822876009541473,0.4503057901161017,0.2914654497884836
19755,fb07662b64748c4ed452ff2183b35e484086aa9ce3a74cdb894fa2c287a8fbdd,1,c5,c5,c1,c1,0.28803727,0.33874243,0.37322024,0.44839335974572486,0.3356198095206254,0.2159868307336498,0.36893401038383705,0.3143193481587968,0.3167466414573661
19756,8996a6be0602d4cced5398341414b9c40f3798dcc6bf47fd76cbb288bc38c312,1,c5,c234,c5,c5,0.22895963,0.42389885,0.3471415,0.20774302768428374,0.3840905144080342,0.408166457907682,0.26176972394399506,0.3429483657149136,0.3952819103410913
19763,606edc4f0980804b347b8dd950a4f73762b2bba073a022f18fbb77c04ac16283,1,c1,c5,c5,c5,0.21535878,0.31956366,0.46507758,0.27099781113802995,0.22071096141229854,0.5082912274496716,0.24742709106954786,0.275119364868316,0.47745354406213614
19764,c073be83ce1402e592f2b358af57e25e913be84b9856c17bc6368a9a3eeae23b,1,c234,c1,c1,c1,0.5803816,0.2061269,0.2134915,0.5688649150435002,0.3761711240362823,0.054963960920217506,0.5676465457009294,0.3046269196072187,0.12772653469185188
19767,9f01a7d769a9cb585046b0f9e5530a9443c8de79e9ba4ea42e6d76fe4f76bf42,1,c5,c1,c1,c1,0.55799747,0.24407345,0.19792904,0.5116584124009915,0.26361979110398515,0.22472179649502338,0.4535605041919708,0.20770372765535305,0.33873576815267614
19770,045364f23eb88e190840e5c29f195f24e625dcd468198f7756545ed973e0a5cb,1,c234,c234,c234,c234,0.19005339,0.4204495,0.38949716,0.33854771992732413,0.38505583676551897,0.2763964433071569,0.3312572844563312,0.37333597496417603,0.2954067405794929
19773,50eec0247fd9497bbb952f82b4acf17384b879cea6a32c421614ee63af1363e3,1,c5,c5,c234,c5,0.16343738,0.23654409,0.60001856,0.3204302334331176,0.35935411929703803,0.3202156472698442,0.2943302836289814,0.3329742683995768,0.3726954479714419
19775,441474e27f4330b948098cc06303e10cd413adfe7bec470792d600f0efb73ad4,1,c1,c234,c234,c5,0.3187868,0.39404547,0.28716773,0.3163380731621102,0.4043552626999861,0.2793066641379037,0.32519143095133146,0.3177882472955425,0.35702032175312604
19779,91af683d48a0e17ca56aafb20ed816b409419c801429dedca45290f8a4beaa3a,1,c234,c234,c1,c1,0.3188594,0.42358696,0.25755367,0.6186364205997432,0.2294951758046753,0.15186840359558135,0.5253960204867245,0.30080945828818,0.17379452122509545
19780,74ec8a2211f5e71b29a65fb6b8d4209512c8b4c3b75bc900ea2c1cbb1e228c7b,1,c5,c234,c234,c234,0.26950404,0.42749214,0.30300382,0.29678105278988876,0.422970685364547,0.2802482618455641,0.3456260388003542,0.357370067474174,0.29700389372547187
19786,8e12540ae1976ab177a01b8439fa4824151326b7646979b4b141a714a556791b,1,c1,c1,c1,c1,0.6194749,0.2840372,0.09648792,0.6360946307814703,0.23431853061644667,0.12958683860208306,0.568818689073179,0.27758251663629113,0.1535987942905298
19789,897692ed9e3bd736a12598502087fc80b4d760b60fa0eac66664f5d3d7f5d6a8,1,c234,c5,c5,c5,0.052388117,0.28034672,0.6672652,0.09158453766141869,0.12524999858744756,0.7831654637511336,0.13538527597429345,0.18652211217364023,0.6780926118520663
19796,f1d15a299637d7f478b90f3125710e160777fee7893df9487e0e2781b620fcbc,1,c5,c5,c1,c1,0.35507125,0.22876501,0.41616377,0.42059097944881224,0.2741497599914706,0.3052592605597171,0.37600368071089996,0.2751225102985214,0.3488738089905787
19815,2fbfb75ca29a1468ac744157efb90715dc25acc652ad83dd220330845c75161b,1,c234,c5,c5,c5,0.22591431,0.37053895,0.4035468,0.17709547019937158,0.2834164134859799,0.5394881163146484,0.27479661266768796,0.35059650484520843,0.3746068824871036
19825,88ff2fde8658703d5271a6b4912b77a0e510cef7827fb6dc6608b4b846d33e14,1,c5,c1,c1,c1,0.53511083,0.32525846,0.13963075,0.5239871723698561,0.2986585466074056,0.17735428102273815,0.474426335370828,0.3196737118911953,0.20589995273797684
19841,471283762a0a4412769c46957f18c737b6e53e16044f2d6f0e1ce8fac3d4b5e2,1,c1,c1,c1,c1,0.611926,0.29580817,0.09226579,0.5542181296061678,0.33391987994860317,0.11186199044522895,0.4993380880708847,0.33801277811550473,0.16264913381361065
19844,c9f40d0ce08cbcf7502566b77645f08c66ab100b485e48be808c609b406984d9,1,c234,c5,c5,c5,0.2840431,0.34190983,0.37404704,0.2797114731306355,0.17339427009800704,0.5468942567713575,0.3434119560402579,0.20611350716403973,0.45047453679570243
19846,f59c5a446264ce3636a5d58b5a4dec186e0d5ef98817e03a5d89604f0ca6fe5d,1,c234,c1,c1,c1,0.48919526,0.27622133,0.23458336,0.4172206686424525,0.3380615888298928,0.2447177425276547,0.35747156986420336,0.34968441433943004,0.2928440157963667
19861,6811b24f985a449152f61fcdca80e0e05710a98fdd150627fba9b5eadab52172,1,c234,c5,c5,c5,0.19408616,0.31744212,0.48847166,0.3952890610746524,0.13925793527445388,0.4654530036508937,0.28254814725155974,0.2251010873433255,0.49235076540511463
19871,adbfca72a066bbed9f47150e4964d36d71eb6a3d27317397039a8ed4ac49b8fd,1,c1,c5,c234,c5,0.27819765,0.35725516,0.36454722,0.2065573393572815,0.4329769635959924,0.36046569704672604,0.2640659784919364,0.36742459678926226,0.3685094247188012
19885,225bf741a8a020df587c35343a52ad15e8b6b17e4de3d1033a7d08dcc18b13c6,1,c5,c5,c5,c5,0.25194612,0.30961648,0.43843737,0.1763172393732046,0.25999322156643023,0.5636895390603651,0.2062239252790205,0.3317441962601915,0.46203187846078786
19887,d5b50b72117c3c37c1b2e6537d134121831dbe1cf917014eb9830e32654f70b5,1,c234,c1,c234,c234,0.37425205,0.3536721,0.27207586,0.34328686050479074,0.38914049393668154,0.2675726455585277,0.3483715521292627,0.3644544214404279,0.2871740264303095
19888,3bdafbcd901cc12350aa14887732a3b7592ea9d4d08163ccce8cb74286a9a619,1,c234,c1,c5,c5,0.37509084,0.33600515,0.28890404,0.24510496053143538,0.21550122989301462,0.53939380957555,0.2493137593340538,0.24586030016020996,0.5048259405057363
19900,e2707caddda7df17044ba0bd988aa3f357ca887502e280a3119c9a1de82b8456,1,c1,c234,c234,c234,0.3053584,0.38397554,0.3106661,0.09296098204754824,0.5792508407207796,0.3277881772316722,0.18471241009025355,0.5108778934836726,0.30440969642607385
19905,4c260824835eb0a4999d6e25dae97b766cde6d05fc9377306c76d21366640cc5,1,c234,c1,c234,c1,0.45524418,0.3768174,0.16793841,0.3229221602216704,0.34271301249632763,0.3343648272820019,0.3965794369648924,0.3267920277963217,0.2766285352387859
19906,b95863bce08e326afbd1dea51925314555a7dab7ec25deba0ed568bb84f5f162,1,c234,c5,c5,c5,0.24343117,0.28660607,0.46996272,0.29466685863337777,0.3021053680460078,0.40322777332061444,0.273723681903417,0.26472137608812496,0.461554942008458
19910,5028f6cb5cc6b0def346220239f930890d7d0abc1a58c0de4dd0efcf862be6c6,1,c5,c5,c5,c5,0.15141732,0.24670961,0.60187316,0.195191515253488,0.23380468538567933,0.5710037993608327,0.24047410368324734,0.2582407255409358,0.5012851707758169
19912,43834196004562dae6bd3e14e669682ab5dd6a173bb383772c935274ec502e0d,1,c1,c1,c1,c1,0.49641997,0.3392171,0.16436289,0.44760257506981244,0.25075517846402295,0.30164224646616467,0.3425837766704231,0.3181872748460868,0.33922894848349006
19924,b539b5cb53072a314ce92acd8a87a074f08ca8f635a3334d99deae974ff11328,1,c234,c1,c1,c1,0.49668974,0.33482772,0.16848247,0.5027201278063723,0.29748937468506353,0.1997904975085641,0.4360861699476522,0.3523715380436799,0.21154229200866784
19927,ddd29d37e46ad8f348a807394fbed488b0e9419bc153918a0998662aa1276c39,1,c5,c5,c234,c234,0.26289934,0.31696934,0.4201313,0.2533574431429979,0.4763761190326036,0.2702664378243987,0.29789111358200904,0.4096653965218921,0.2924434898960989
19929,82663489bd626f13bbb0549bb46f4a612569ad540c8a6df2340db94b864cddf5,1,c1,c1,c234,c234,0.39745647,0.32797647,0.27456707,0.30758732479253137,0.35606027750253644,0.3363523977049322,0.31797459555679586,0.3769925905970899,0.30503281384611414
19935,faa3e03cc3cad8d983469ba385d1e1d0a0db231defead63dac885813e995e6de,1,c234,c234,c234,c234,0.3103605,0.41083458,0.27880493,0.26940369177302786,0.5886204779383137,0.1419758302886584,0.33119352381241873,0.48714522944751654,0.18166124674006476
19938,4dfe64f24db8872ea0852076075e270e1169ee1ed35791462416da6d0dbacdf0,1,c5,c1,c5,c5,0.41631496,0.35355833,0.23012677,0.3276999247821228,0.2555643988602956,0.41673567635758163,0.2952937072520169,0.28785807827427934,0.4168482144737037
19940,9f2fbe4bfc63beefc219f852aa8eb580f806c4e4d4b96e7d1741826d811c4ec4,1,c234,c1,c1,c1,0.61305505,0.25509316,0.13185178,0.5242179404287063,0.4129628726230515,0.06281918694824218,0.5215520157023582,0.32469870643674037,0.15374927786090148
19942,c499baa2ca348bc63672e07e7f6481765cdbec25ae70ceef62603f7ecc047154,1,c5,c234,c1,c234,0.19619255,0.44182673,0.36198068,0.3880187129418594,0.3805733667972269,0.23140792026091364,0.32865003620722566,0.3964616040453074,0.27488835974746695
19948,cb7cdcb1524aaa1a698042b44402a53dc48243b264b41922fa21969d87e8ab53,1,c234,c234,c5,c5,0.22506006,0.4114738,0.3634661,0.3088151589119382,0.23792910178571247,0.45325573930234925,0.3015066486117517,0.3061305555472645,0.39236279584098394
19967,4009be57849279647ddc45f1d8dae6026e5a97ee8d27ea49ac63fc46dc4303c1,1,c1,c1,c5,c5,0.36656293,0.26824751,0.36518952,0.22189885895036665,0.23493414341243268,0.5431669976372007,0.30970146323823305,0.24486292824938385,0.4454356085123832
19970,17e553875652f7b1f7a0c1f8c82a0f36d97b9534196039f58403f3a761fd4234,1,c5,c5,c5,c5,0.11590088,0.4232251,0.46087393,0.11892377774377222,0.29455203737989266,0.5865241848763352,0.19759294349354592,0.33202092231536956,0.47038613419108455
19983,7439f168c02f7bafa14798907f53502524984858fe10c79dde7909e8e86ac538,1,c234,c5,c1,c1,0.31532672,0.31775644,0.3669169,0.5652184176031836,0.20538030394817972,0.2294012784486366,0.38787598771059806,0.2798313713968424,0.33229264089255967
19993,b1731c3be38d5d3e30249fe536d2663ba5494a4abbc27acb4c875cb30c6082f9,1,c234,c1,c5,c5,0.44899368,0.36165968,0.18934669,0.2961094735202959,0.2911295663953655,0.4127609600843387,0.337348462792523,0.32316433477229367,0.3394872024351834
20014,4a8af6c9bc4e018e77e8922e28110389466ca392953a4432ad8b2a77dc3d97c4,1,c1,c234,c234,c234,0.19758761,0.41328603,0.3891264,0.19003910840421287,0.5362674906410033,0.27369340095478384,0.19449412400044586,0.4169742455175272,0.3885316304820268
20016,0fdc2f855f0e02b60e5b0fa1b57a669a0727a50316dd23703338be6a744cd7c7,1,c234,c1,c1,c1,0.45611307,0.33711872,0.20676823,0.3872180052989216,0.3538947476827578,0.2588872470183205,0.39192171231998557,0.3531283049055417,0.25494998277447267
20034,a4917f4c8ce464c9e678eb9e515e102fb11ff5afa54de37164a239e39ce1726f,1,c5,c5,c5,c5,0.22489126,0.32696146,0.44814724,0.1430235365383167,0.13320601181807626,0.7237704516436071,0.2359493568272294,0.23352095084115138,0.5305296923316192
20044,61cf0022711860774f84fd88e60f4f8ccfe600ac06f166730bc13e4f33dfec85,1,c234,c5,c234,c1,0.20078424,0.35134852,0.44786718,0.36063324771847544,0.37837591789051894,0.2609908343910056,0.36341963155308527,0.3346595876962188,0.30192078075069584
20056,d17d2c7a9387e2945bf6a2a8d7e01eda4b84015b7f29a33d2f69037575dd4039,1,c5,c234,c234,c5,0.20591088,0.48206922,0.31201985,0.12762881277214425,0.4479504775098575,0.4244207097179983,0.1622434206701216,0.3684966328597478,0.46925994647013053
20083,d1b7b2ae33dcbbb3d6aedf1f4cf808a1df3d27e3a004fb9b7ad203426c9623c9,1,c234,c1,c1,c1,0.4859031,0.36887065,0.14522628,0.49819223815955677,0.314179297881864,0.18762846395857918,0.4188724927245003,0.37647086892020043,0.20465663835529924
20085,43a3e69a3821a1691b60452a4e320acba4ac709387857f27e3f889401f871ea1,1,c1,c1,c234,c234,0.44110397,0.33582285,0.22307326,0.24632731324208257,0.49234533635196,0.26132735040595734,0.3313197531446689,0.39044434125562344,0.27823590559970773
