excel_row,group_id
2,0
3,1
4,2
5,3
6,4
7,5
8,6
9,7
10,8
11,9
12,10
13,11
14,12
15,13
17,15
18,16
19,17
20,18
22,20
23,21
25,23
26,24
27,25
29,27
30,28
31,29
33,31
34,32
35,33
37,35
38,36
39,37
41,39
42,40
43,41
44,42
46,44
47,45
49,47
50,48
51,49
52,50
54,52
55,53
56,54
57,55
60,58
61,59
62,60
63,61
65,63
66,64
69,67
70,68
72,70
73,71
74,72
76,74
77,75
78,76
79,77
81,79
82,80
83,81
85,83
86,84
87,85
89,16
90,88
91,89
93,91
94,92
95,93
96,94
98,96
99,97
100,98
101,99
102,100
104,102
105,103
106,104
108,106
109,107
110,108
112,110
113,111
114,112
115,113
117,115
118,116
119,117
121,119
122,120
124,122
125,16
126,16
127,125
128,126
129,127
131,129
132,130
133,131
134,132
136,134
138,136
139,137
140,138
141,139
142,140
144,142
146,3
147,145
148,146
149,147
150,148
152,150
153,151
154,0
155,153
156,154
158,156
159,36
160,16
161,159
162,160
163,161
164,162
166,164
168,166
169,167
171,169
172,170
173,171
174,172
176,174
177,175
178,176
179,177
180,178
182,180
183,181
185,183
186,184
187,185
188,186
190,188
191,189
192,190
193,171
194,192
196,194
197,195
198,36
199,197
201,199
202,200
203,201
204,202
205,203
206,204
208,16
209,207
210,208
211,209
212,210
214,212
215,213
216,214
217,215
219,217
220,218
221,219
222,220
224,222
225,223
226,224
227,225
229,227
230,228
231,229
232,230
233,231
234,36
235,233
237,235
238,236
239,237
240,238
242,240
243,241
244,242
245,243
247,245
248,246
249,247
251,249
252,250
253,251
254,252
256,254
257,255
258,256
259,257
260,258
262,260
263,261
264,262
265,7
266,264
268,266
269,267
270,268
271,269
273,271
274,272
275,273
276,274
279,277
280,278
281,279
282,280
283,281
285,283
286,284
288,286
289,287
290,288
291,16
292,290
293,291
295,293
296,294
297,295
299,297
300,298
301,299
302,300
304,302
305,303
306,304
307,305
309,307
310,308
311,309
312,310
314,312
315,313
316,314
317,315
318,316
319,317
321,319
323,321
324,322
325,323
326,324
327,240
328,326
329,327
331,329
332,330
333,331
335,319
336,334
337,335
339,337
340,338
341,339
342,340
343,341
344,342
346,344
347,345
348,346
349,347
351,349
352,350
354,352
356,354
357,355
358,356
359,357
361,359
362,360
363,361
365,363
366,364
367,365
368,366
369,367
370,368
372,370
374,372
375,373
376,374
377,375
378,376
380,378
381,379
382,380
383,381
384,382
385,383
387,385
388,386
390,388
391,389
392,390
393,391
395,393
396,394
397,395
398,396
399,397
400,398
402,7
403,401
404,402
405,403
407,405
408,406
409,407
410,408
411,349
413,411
414,412
415,413
416,414
418,416
419,417
420,418
421,419
422,420
424,422
425,423
428,426
429,427
430,91
431,429
432,430
434,432
436,434
437,435
438,436
439,437
440,438
441,439
442,440
443,441
444,442
445,443
447,445
448,446
449,447
451,449
452,450
453,451
454,452
456,454
457,455
458,456
459,457
461,459
462,460
463,166
464,462
465,463
467,465
468,466
469,467
470,468
472,470
473,471
474,472
475,473
476,474
478,476
479,477
480,478
482,480
483,481
484,482
485,483
486,484
487,383
489,487
490,488
491,489
493,491
494,492
495,493
496,494
497,495
498,284
500,274
501,499
502,500
503,16
504,502
506,504
507,505
508,7
509,507
510,508
511,284
512,510
514,512
515,513
516,514
518,516
519,517
520,513
521,519
523,521
524,522
525,523
526,524
528,526
529,527
530,528
532,530
533,531
535,533
536,438
537,535
538,16
539,537
540,538
541,539
542,540
544,542
545,543
547,545
548,546
549,547
550,548
552,550
553,551
554,552
555,553
557,555
558,556
559,557
560,558
561,559
563,561
564,562
565,563
566,107
568,566
570,568
571,569
572,570
574,572
575,573
576,574
577,575
578,576
580,578
581,579
583,581
584,117
585,583
586,584
587,585
589,587
590,588
591,589
592,474
593,591
594,592
596,594
597,595
598,596
599,597
601,599
602,600
603,601
604,602
605,603
606,604
608,606
609,607
610,608
612,610
613,611
614,612
616,614
617,615
618,616
619,617
621,619
622,620
623,621
624,622
626,624
627,625
628,626
629,627
631,629
632,630
633,631
634,632
636,634
637,635
639,637
640,638
641,639
642,640
643,641
645,643
646,644
647,645
648,646
649,647
651,649
652,650
654,652
655,653
656,654
658,656
659,657
660,658
661,659
662,660
664,662
665,663
666,664
667,665
669,667
670,668
671,669
673,671
674,672
675,673
676,271
677,675
678,676
679,677
680,678
682,680
683,681
684,682
686,91
687,685
688,686
690,688
691,689
692,690
693,691
695,693
696,694
697,695
698,696
699,697
701,699
702,700
703,701
705,703
706,704
707,705
708,706
709,707
710,708
711,709
712,710
714,712
715,713
716,714
718,716
719,717
720,718
722,720
723,721
724,722
725,723
726,724
727,725
728,724
730,728
731,729
733,731
734,732
735,733
736,734
737,735
739,737
740,738
741,739
742,740
744,742
745,743
746,744
747,745
748,746
751,749
752,750
753,751
754,271
757,755
758,756
759,757
760,680
761,759
762,16
764,762
765,7
766,764
767,271
768,766
769,91
770,768
772,770
773,771
774,772
775,773
776,774
777,775
778,271
780,778
781,779
783,781
785,783
786,784
787,785
788,786
789,787
790,788
791,789
792,713
794,792
795,793
796,794
798,796
800,798
801,799
802,800
803,801
804,802
806,804
807,805
808,806
810,808
811,809
812,810
813,811
814,812
816,814
818,816
819,817
820,818
821,819
822,820
823,821
824,822
825,823
827,825
828,826
830,828
831,829
832,830
833,831
834,832
835,833
837,835
838,836
839,7
841,839
842,840
843,841
844,842
845,843
846,844
848,846
849,847
850,848
852,271
853,851
855,853
856,854
857,855
859,857
860,858
861,859
863,861
864,0
865,863
866,864
867,865
868,866
869,194
870,868
872,870
873,871
874,872
875,873
877,875
878,876
879,877
880,878
882,880
883,881
884,882
886,884
887,24
888,886
889,887
890,888
891,889
893,891
894,892
896,894
898,896
899,897
900,898
901,899
903,901
904,902
905,903
906,53
908,906
909,907
910,908
911,909
912,910
914,912
915,913
916,914
919,917
920,918
921,919
922,920
923,921
925,923
926,924
927,925
929,927
930,928
931,929
932,16
933,931
935,933
936,934
937,935
938,936
940,938
941,939
942,940
943,941
945,943
946,944
948,946
949,947
950,948
951,949
952,950
953,951
954,383
956,954
957,955
958,956
960,958
961,959
962,960
964,107
965,963
966,964
967,240
968,966
969,967
971,969
972,970
973,971
974,972
976,974
977,975
978,976
979,977
981,319
982,980
983,694
984,7
985,983
986,33
987,16
988,986
989,987
991,989
992,990
993,991
994,992
995,271
997,995
998,996
999,997
1000,16
1001,999
1002,1000
1003,1001
1005,1003
1006,1004
1008,1006
1009,1007
1010,16
1011,1009
1012,1010
1014,1012
1015,1013
1016,1014
1017,1015
1018,1016
1020,1018
1021,1019
1022,1020
1023,7
1025,271
1026,1024
1027,1025
1028,1026
1029,1027
1030,1028
1031,1029
1032,1030
1034,1032
1035,1033
1036,1034
1037,1035
1038,1036
1040,1038
1041,1039
1043,1041
1044,1042
1046,1044
1047,1045
1048,33
1049,1047
1051,1049
1052,1050
1053,1051
1054,7
1055,1053
1057,1055
1059,1057
1060,1058
1061,1059
1062,1060
1063,1061
1065,1063
1066,1064
1069,1067
1070,1068
1071,1069
1072,1070
1074,1072
1075,1073
1076,1074
1077,1075
1079,1077
1080,1078
1081,1079
1082,1080
1084,1082
1085,1083
1086,1084
1087,1085
1089,1087
1090,1088
1091,1089
1092,1090
1093,1091
1095,675
1096,7
1097,194
1098,1096
1099,1097
1100,1098
1102,1100
1103,1101
1104,1102
1105,1103
1106,1104
1108,1106
1109,1107
1110,1108
1111,1109
1113,1111
1114,1112
1116,1114
1117,1115
1118,16
1119,1117
1120,271
1121,1119
1122,1120
1124,1122
1125,7
1126,430
1127,1125
1129,1127
1130,1128
1131,1129
1132,107
1133,1131
1134,1132
1135,1133
1136,1134
1137,349
1139,1137
1141,1139
1142,1140
1143,1141
1144,1142
1146,1144
1147,1145
1148,1146
1149,1147
1150,1148
1152,1150
1153,1151
1155,1153
1156,1154
1157,1155
1159,1157
1160,504
1161,1159
1162,1160
1164,1162
1165,1163
1166,1164
1167,1165
1168,1166
1169,675
1171,1169
1174,1172
1175,1173
1176,1174
1177,1175
1178,1176
1179,217
1180,1178
1181,1179
1182,1180
1184,1182
1185,1183
1186,1184
1187,1185
1188,1186
1190,1188
1191,1189
1192,1190
1194,1192
1195,1193
1196,1194
1198,1196
1199,1197
1200,1198
1202,1200
1203,1201
1204,1202
1205,1203
1206,1204
1208,1206
1209,1207
1210,1208
1211,1209
1212,7
1214,1212
1215,1213
1216,1214
1217,1215
1218,1216
1220,1218
1221,406
1222,1220
1223,1221
1224,36
1225,406
1227,1225
1228,1226
1229,107
1230,1228
1231,1229
1232,1230
1234,1232
1235,1233
1236,1234
1237,694
1238,1236
1240,1238
1241,1239
1242,1240
1243,1241
1244,1242
1246,1244
1247,1245
1248,1246
1249,1247
1251,1249
1252,1250
1253,1251
1254,1252
1256,1254
1257,1255
1258,7
1259,1257
1260,1258
1261,779
1263,1261
1264,271
1265,24
1266,1264
1268,1266
1269,1267
1270,1268
1271,1269
1272,1270
1273,1271
1274,1272
1276,1274
1277,1275
1278,1276
1279,1277
1280,1278
1282,1280
1283,1281
1285,1283
1286,1284
1288,1286
1289,1287
1290,1288
1291,1289
1292,1290
1293,1291
1295,1293
1296,1294
1297,1295
1299,1297
1300,1298
1301,1299
1302,1300
1304,1302
1305,1303
1306,1304
1307,1305
1309,1307
1310,1308
1311,1309
1312,1310
1313,1311
1315,1313
1316,1314
1317,1315
1318,36
1319,1317
1321,1319
1322,1320
1323,1321
1324,1322
1326,1324
1327,1325
1328,1326
1329,1327
1331,1329
1332,1330
1333,1331
1334,1332
1335,1333
1337,1335
1338,1336
1339,1337
1340,1338
1342,1340
1343,1341
1344,1342
1345,1343
1347,1345
1348,1346
1349,1347
1351,1349
1352,1350
1353,1351
1354,1157
1355,1353
1356,1354
1358,1356
1359,1357
1360,1358
1362,474
1363,1361
1364,1362
1365,1363
1366,1364
1368,1366
1369,1367
1370,1368
1371,1369
1373,1371
1374,1372
1375,1373
1376,1374
1378,1376
1379,349
1380,1378
1381,1379
1382,1380
1384,1382
1385,1383
1386,1384
1387,1385
1388,1386
1390,1388
1391,1389
1392,1145
1393,1391
1394,240
1395,1393
1397,1172
1398,1396
1399,16
1400,349
1401,1399
1402,1400
1403,1401
1404,1402
1405,1403
1407,1405
1408,587
1409,1407
1412,1410
1413,1411
1415,1413
1416,1414
1417,1415
1418,1416
1419,1417
1420,1418
1421,1419
1423,171
1424,1422
1425,1423
1426,1424
1427,1425
1428,1426
1429,383
1430,53
1432,7
1433,1431
1434,1432
1435,1433
1436,1434
1437,1435
1439,1437
1440,1438
1441,194
1444,1442
1445,1443
1446,1444
1447,1445
1448,1446
1450,1448
1451,1449
1452,1450
1453,1451
1454,1452
1455,1453
1457,1455
1458,1456
1459,1457
1460,1458
1462,1460
1463,658
1464,274
1465,1463
1466,1464
1467,1465
1468,675
1469,1467
1471,1469
1472,1470
1473,1471
1475,1473
1476,1474
1477,1475
1478,1476
1480,16
1481,1479
1483,1481
1484,1482
1485,1483
1486,1484
1487,1485
1488,1486
1489,1102
1491,1489
1492,1490
1493,1491
1494,1492
1496,1494
1497,1495
1499,1497
1500,1498
1501,252
1502,1500
1504,1502
1505,1503
1506,1504
1508,1506
1510,1508
1512,1510
1513,1511
1514,1512
1515,1513
1516,1514
1517,1515
1518,1516
1519,1517
1520,1518
1522,1520
1523,1521
1524,1522
1526,1524
1527,1525
1528,1526
1529,587
1531,1529
1532,349
1533,1531
1534,7
1535,1533
1537,1535
1538,1536
1539,1336
1540,33
1541,1539
1542,1540
1543,1541
1545,1543
1547,755
1548,1546
1549,1547
1550,7
1551,1549
1552,1550
1554,1552
1555,1553
1556,1554
1558,1556
1559,1557
1560,1558
1562,1560
1564,1562
1565,1563
1566,1564
1567,1565
1568,1566
1570,1568
1571,126
1572,1570
1574,1572
1575,1573
1576,1574
1577,1575
1579,1577
1580,1578
1581,1579
1582,1580
1583,1581
1585,1583
1586,1303
1587,1585
1589,1587
1590,1588
1591,1589
1592,1590
1593,1591
1595,349
1596,749
1597,1595
1598,1596
1599,1597
1600,1598
1603,1601
1604,1602
1605,1603
1607,1605
1609,1607
1610,1131
1611,1609
1612,36
1614,1612
1615,1613
1616,1614
1618,1157
1619,1617
1620,1618
1622,1620
1623,1621
1624,1622
1626,1624
1627,1625
1628,1626
1629,1401
1630,1628
1631,1115
1632,1630
1634,1632
1636,1634
1637,1635
1638,1636
1639,1637
1641,1639
1642,1640
1643,331
1644,1642
1646,1644
1647,1645
1648,1646
1649,1647
1650,1648
1652,1650
1654,1652
1655,1653
1656,1654
1657,1458
1658,1656
1659,1657
1660,1658
1662,1660
1663,1661
1664,1662
1665,1663
1667,1665
1668,1666
1669,1667
1670,1668
1672,1670
1673,1671
1674,1672
1676,1674
1677,1675
1678,1676
1680,1678
1681,1679
1682,1680
1684,1682
1685,1683
1687,1685
1688,1686
1689,1687
1690,1688
1691,1689
1692,1690
1694,1692
1695,675
1696,1239
1697,1695
1698,1696
1699,1697
1701,1157
1702,1700
1703,1701
1704,1702
1705,36
1707,1705
1708,1706
1709,1707
1711,1709
1712,1710
1713,1711
1714,1712
1716,504
1717,1715
1718,1716
1719,1717
1720,1718
1722,1720
1723,1721
1724,1722
1725,1723
1726,1724
1728,1726
1729,1727
1730,1728
1731,1729
1733,1731
1734,1732
1735,1733
1736,33
1737,3
1738,1736
1739,1737
1741,36
1742,1740
1743,1741
1745,1743
1746,1744
1747,1745
1748,1746
1750,1748
1751,1749
1752,1750
1753,1751
1755,1753
1756,1754
1757,1755
1758,1756
1759,1757
1760,406
1761,1759
1762,1760
1763,1761
1766,178
1767,1765
1769,1767
1770,1768
1771,729
1772,1770
1773,1771
1775,1773
1776,1774
1777,1609
1778,1776
1779,1777
1780,1778
1781,1779
1782,16
1784,1782
1785,1783
1786,1784
1787,1785
1789,1787
1790,1788
1791,1789
1792,1790
1793,1791
1795,1793
1796,1794
1798,1796
1799,1797
1800,1798
1801,1799
1802,1800
1803,1801
1805,1803
1806,1804
1809,843
1810,1808
1811,1809
1812,1810
1813,1811
1814,1812
1816,1814
1817,1815
1818,603
1820,1818
1821,1819
1822,1820
1823,1821
1825,1823
1826,1824
1828,1826
1829,1827
1830,1828
1831,1829
1832,1830
1834,1832
1836,1834
1837,1835
1838,194
1839,1837
1840,271
1841,1839
1842,271
1844,1842
1845,1843
1846,1844
1847,1845
1848,1846
1849,107
1851,1849
1852,1850
1853,1851
1854,117
1856,1854
1857,1855
1858,1856
1859,1857
1861,1859
1862,1860
1863,295
1864,1862
1865,1863
1866,1864
1867,1865
1868,1866
1870,1868
1871,1869
1872,194
1873,1871
1875,513
1876,1874
1877,1875
1878,1876
1880,1878
1881,1879
1882,1880
1883,1881
1884,1882
1885,1883
1886,1884
1888,1886
1890,1888
1891,1889
1892,1890
1894,1892
1895,1893
1896,7
1897,1895
1898,1896
1899,0
1901,1899
1902,1900
1904,1902
1905,1903
1906,1783
1907,271
1908,1906
1909,452
1910,1908
1912,1910
1913,1911
1914,1912
1915,1913
1916,1914
1918,1916
1919,1917
1921,452
1922,1920
1923,1921
1924,1922
1925,1172
1926,1924
1927,1925
1928,1926
1930,1928
1931,25
1932,1930
1933,1931
1935,1933
1936,1934
1937,1935
1938,1936
1939,1937
1940,1938
1942,1940
1943,1336
1944,1942
1945,946
1946,1944
1947,1945
1949,1033
1950,1948
1951,1949
1952,1950
1954,1952
1955,1953
1956,1954
1957,1955
1959,1957
1960,1958
1961,1959
1962,1960
1963,1961
1964,1962
1965,1963
1966,1964
1968,1966
1969,1967
1970,1968
1973,271
1974,1972
1975,1973
1976,1974
1977,1975
1978,1976
1980,1978
1981,1979
1982,1980
1984,1982
1985,1983
1986,1984
1987,1985
1988,1986
1990,1988
1991,1020
1992,1990
1993,1991
1994,1992
1995,1993
1997,1995
1998,1996
1999,1997
2000,1998
2002,1212
2003,2001
2006,2004
2007,2005
2008,2006
2011,2009
2012,2010
2013,2011
2014,16
2016,798
2017,1331
2019,2017
2020,2018
2021,2019
2022,2020
2023,349
2024,2022
2025,2023
2027,2025
2028,2026
2029,2027
2030,2028
2031,2029
2032,2030
2033,611
2034,2032
2035,1892
2037,2035
2038,2036
2039,2037
2041,2039
2042,2040
2043,2041
2044,2042
2045,2043
2047,2045
2048,2046
2049,2047
2050,2048
2051,2049
2052,2050
2054,257
2055,2053
2056,2054
2058,2056
2059,107
2060,2058
2061,2059
2062,2060
2063,36
2064,2062
2066,2064
2067,2065
2068,2066
2069,612
2070,166
2072,2070
2073,2071
2074,1239
2075,2073
2076,2074
2077,675
2079,2077
2080,2078
2081,2079
2082,2080
2083,36
2084,2082
2085,2083
2086,1035
2088,2086
2089,2087
2090,2088
2092,2090
2093,2091
2094,2092
2095,2093
2096,2094
2097,2095
2099,2097
2101,2099
2102,2100
2103,2101
2104,2102
2106,2104
2107,16
2108,2106
2109,2107
2111,2109
2113,2111
2114,2112
2115,2113
2116,2114
2119,271
2120,2118
2121,2119
2122,2120
2123,2121
2124,2122
2125,2123
2127,2125
2128,2126
2129,2127
2131,166
2132,2130
2133,2131
2135,2133
2136,2134
2137,2135
2138,2136
2141,2139
2142,103
2143,0
2145,2143
2146,2144
2147,2145
2149,2147
2150,2148
2151,2149
2152,2150
2154,2152
2155,1361
2156,2154
2157,2155
2158,2156
2160,2158
2161,2159
2162,2160
2163,2161
2165,2163
2166,2164
2167,2165
2168,2166
2169,2167
2170,2168
2172,2170
2173,2171
2175,2173
2176,2174
2177,2175
2178,2176
2179,2177
2181,2179
2182,2180
2184,126
2185,770
2186,2184
2188,2186
2189,2187
2190,2188
2192,2190
2193,2191
2194,2192
2195,2193
2196,2194
2198,2196
2199,2197
2200,2198
2201,2199
2202,2200
2203,2201
2204,2202
2206,2204
2207,2205
2209,2207
2210,2208
2211,2209
2212,2210
2214,2212
2215,2213
2216,2214
2217,2215
2219,2217
2220,2218
2221,2219
2222,2220
2223,675
2224,2222
2225,2223
2226,2224
2227,2225
2228,2226
2229,2227
2230,1154
2231,737
2233,2231
2234,2232
2235,107
2236,2234
2237,2235
2239,271
2240,2238
2242,2240
2243,2241
2245,2243
2246,2244
2249,2247
2250,2248
2251,2249
2252,2250
2253,2251
2254,2252
2255,2253
2256,2254
2258,2256
2259,2257
2260,2258
2261,2259
2263,2261
2264,2262
2265,735
2266,2264
2268,2266
2269,2267
2270,2268
2271,2269
2272,2270
2274,2272
2275,36
2276,2274
2277,2275
2279,2277
2280,2278
2281,2279
2282,2280
2284,735
2285,2283
2286,2284
2287,16
2288,2286
2289,2287
2291,2289
2293,2291
2294,2292
2295,2293
2297,2295
2298,2296
2299,2297
2300,2298
2302,2300
2304,2302
2305,2303
2306,2304
2307,2305
2309,2307
2310,2308
2311,2309
2312,2310
2313,2311
2315,2313
2316,2314
2317,2315
2318,2316
2319,2317
2320,1859
2322,2320
2323,2321
2324,1661
2325,2323
2328,2326
2329,2327
2330,2328
2331,2329
2333,2331
2334,2332
2335,2333
2336,2334
2338,2336
2339,2337
2340,2338
2341,2339
2342,2340
2344,946
2345,2343
2346,2344
2347,2345
2348,2346
2349,2347
2350,2348
2352,2350
2354,2352
2355,2353
2356,2354
2357,24
2359,2357
2360,2358
2361,16
2362,2360
2363,271
2365,2363
2366,2364
2367,2365
2368,2366
2369,2367
2372,2370
2373,2371
2374,2372
2376,513
2377,2375
2378,2376
2379,2377
2380,2378
2381,2379
2383,2381
2384,2382
2385,2383
2387,2385
2388,2386
2389,2387
2390,107
2391,2389
2393,2391
2394,2392
2395,2393
2396,36
2397,1621
2399,2397
2400,2398
2401,2399
2402,1598
2403,2401
2404,2402
2405,2403
2407,2405
2408,2406
2409,2407
2410,2408
2411,2409
2412,2410
2413,504
2415,2413
2416,2414
2417,2415
2418,2416
2420,2418
2422,2420
2423,2421
2424,2422
2425,1198
2426,2424
2428,2426
2429,2427
2430,2428
2431,2429
2432,2430
2434,2432
2435,2433
2436,2434
2437,2435
2439,2437
2440,2438
2441,2439
2443,2441
2444,2442
2445,474
2447,2445
2448,2446
2449,2447
2450,2448
2452,2450
2453,2451
2454,349
2456,2454
2457,2455
2458,2456
2459,1239
2460,2458
2462,2460
2463,2461
2464,2462
2465,841
2466,271
2467,2465
2468,2466
2471,2469
2472,2470
2473,2471
2474,2472
2476,2474
2477,2475
2478,1540
2479,2477
2481,2479
2482,2480
2483,2481
2484,2482
2486,2484
2488,2486
2489,2487
2490,2488
2491,2489
2492,36
2494,194
2495,2493
2496,2494
2497,2495
2499,675
2500,2498
2501,2499
2503,2501
2504,2502
2505,2503
2506,2504
2508,7
2509,2507
2510,2508
2512,2510
2513,2511
2514,2512
2515,2513
2516,2514
2517,2515
2518,1583
2520,2518
2521,2519
2523,2521
2524,2522
2525,2523
2526,2524
2527,2525
2528,2526
2530,2528
2531,2529
2532,2530
2533,2531
2534,2532
2536,2534
2537,2535
2538,2536
2540,2538
2541,2539
2542,2540
2543,2541
2545,2543
2546,2544
2547,2545
2548,2546
2550,2548
2551,2549
2552,2550
2553,784
2554,2552
2557,2555
2558,2556
2559,2557
2561,7
2562,7
2564,2562
2565,2563
2566,2564
2568,2566
2569,513
2570,2568
2572,2570
2573,2571
2574,2572
2575,2573
2576,2574
2577,271
2579,2577
2580,2578
2582,271
2583,2581
2584,2582
2585,2583
2587,2585
2588,2586
2589,2587
2591,2589
2592,2590
2593,2591
2594,2592
2596,2594
2597,2595
2598,2596
2599,2530
2600,2598
2602,166
2603,2601
2604,2602
2605,2603
2607,2605
2608,2606
2609,2607
2612,2344
2613,2611
2614,91
2615,2613
2616,2614
2617,16
2618,2616
2619,2617
2621,2619
2622,352
2625,2623
2626,2455
2627,2625
2628,2626
2629,16
2630,2628
2631,2629
2635,2633
2637,2635
2638,2636
2639,2637
2640,2638
2642,53
2643,2641
2644,2642
2645,36
2646,2644
2647,2645
2649,2647
2650,2648
2652,2650
2653,2651
2654,2652
2655,2653
2656,2654
2657,2655
2659,2657
2660,2658
2661,2659
2662,2660
2663,737
2665,2663
2666,2664
2669,2667
2670,2668
2671,2669
2672,2670
2673,2671
2674,2672
2675,2673
2676,2674
2677,2675
2678,2676
2679,2677
2680,2678
2682,2680
2684,2682
2685,1020
2686,2684
2687,2685
2688,2686
2690,2688
2691,2689
2692,2690
2694,2692
2695,2693
2696,2694
2697,2695
2699,2697
2700,2698
2701,271
2702,2700
2703,2701
2704,2702
2706,2704
2707,2705
2708,2706
2709,2707
2710,2708
2711,2709
2713,2711
2714,2712
2715,2713
2716,2714
2717,271
2719,2717
2720,2718
2722,946
2723,2721
2725,2723
2726,117
2727,2725
2728,2726
2729,2727
2730,2728
2731,47
2732,2730
2734,1293
2735,2733
2736,2734
2738,2736
2739,2737
2741,1458
2742,2740
2743,2741
2744,2742
2746,2744
2747,2745
2748,2746
2750,2748
2751,2749
2752,2750
2753,2751
2755,2753
2756,2754
2757,2755
2758,2756
2759,2757
2761,2759
2762,2760
2763,2761
2764,2762
2766,2764
2767,2765
2769,2767
2770,2768
2771,16
2772,2770
2773,2771
2774,2772
2775,2773
2777,1212
2779,2777
2780,2778
2781,2779
2783,2781
2784,2782
2785,2783
2786,2784
2787,2785
2789,2787
2791,2789
2792,2790
2794,2792
2795,2793
2796,2794
2797,2795
2798,2796
2799,2797
2801,2799
2803,2801
2804,2802
2806,2804
2807,2805
2808,2806
2810,2808
2811,2809
2812,2810
2813,2811
2814,2812
2815,25
2818,2816
2819,2817
2820,2818
2821,2819
2823,2821
2825,2823
2826,2824
2827,2825
2828,2826
2829,2827
2830,1952
2831,2829
2833,7
2834,2832
2835,2833
2837,2835
2838,2836
2839,2837
2841,2839
2842,2840
2844,2842
2845,178
2846,784
2847,2845
2848,2846
2849,2847
2850,2848
2851,2849
2852,2850
2853,1239
2856,2854
2857,2855
2858,2856
2860,2858
2862,2860
2863,2861
2864,16
2866,2864
2868,2866
2869,271
2870,1145
2871,2869
2872,2870
2873,2871
2875,2873
2876,2874
2878,2876
2879,1458
2880,1213
2881,16
2882,2880
2883,2881
2884,2882
2885,2883
2886,1783
2887,2885
2889,284
2890,2888
2891,2889
2892,2890
2893,2891
2894,2892
2896,2894
2897,2895
2898,2896
2899,1020
2900,2898
2902,2900
2903,2901
2904,2902
2905,406
2906,2904
2907,2905
2908,2906
2910,2908
2911,2909
2912,2910
2914,2912
2915,2913
2916,2914
2917,2915
2918,452
2921,2919
2922,2920
2924,2922
2925,2923
2926,2924
2927,2925
2929,2927
2930,2928
2931,2929
2932,2930
2933,2931
2935,16
2936,2934
2938,2936
2939,2937
2940,2938
2942,2940
2944,2942
2945,2943
2946,2944
2948,2946
2949,2947
2950,2948
2951,2949
2953,2951
2954,2952
2955,2953
2956,2954
2958,2956
2959,2957
2960,2958
2961,2959
2962,641
2963,1145
2964,2962
2966,2964
2967,2965
2968,2966
2969,2967
2971,2969
2972,2970
2973,438
2974,724
2975,2973
2976,2974
2977,2975
2978,2976
2979,271
2982,2980
2983,2981
2984,2982
2986,2984
2987,7
2988,53
2989,2987
2990,16
2991,2989
2992,2990
2994,2992
2995,2993
2996,2994
2997,2995
2998,2996
2999,1145
3000,2998
3001,2999
3002,3000
3004,3002
3006,3004
3009,3007
3010,3008
3011,3009
3012,3010
3013,3011
3014,319
3015,3013
3016,3014
3018,3016
3019,16
3020,3018
3021,3019
3022,3020
3023,3021
3025,3023
3026,3024
3027,3025
3029,3027
3030,3028
3031,3029
3033,3031
3034,3032
3035,3033
3036,3034
3037,3035
3039,3037
3040,3038
3041,3039
3042,3040
3043,1458
3044,3042
3046,3044
3048,3046
3049,3047
3050,3048
3051,3049
3053,3051
3054,1212
3055,3053
3056,3054
3057,7
3058,3056
3059,3057
3061,2442
3062,3060
3063,3061
3064,3062
3065,3063
3067,3065
3068,3066
3069,3067
3070,271
3071,3069
3072,3070
3073,3071
3075,3073
3076,3074
3077,3075
3079,3077
3080,3078
3081,3079
3082,3080
3083,3081
3084,3082
3085,3083
3087,3085
3089,3087
3090,3088
3091,3089
3092,3090
3093,3091
3095,3093
3096,271
3097,3095
3098,3096
3099,474
3100,3098
3103,3101
3104,474
3105,3103
3106,36
3107,3105
3108,3106
3109,24
3111,3109
3112,3110
3113,3111
3114,3112
3116,3114
3117,3115
3118,3116
3119,3117
3121,3119
3122,3120
3123,3121
3124,3122
3125,3123
3126,3124
3127,3125
3128,3126
3129,3127
3130,3128
3131,3129
3133,3131
3134,3132
3136,3134
3137,3135
3138,3
3140,3138
3141,271
3142,3140
3143,3141
3145,2957
3146,3144
3147,3145
3148,3146
3149,107
3150,3148
3152,3150
3153,3151
3154,3152
3156,2365
3158,3156
3159,3157
3160,3158
3161,3159
3162,3160
3164,3162
3165,3163
3166,3164
3168,3166
3169,3167
3170,3168
3171,7
3172,3170
3174,1774
3175,3173
3176,2455
3177,3175
3178,3176
3180,3178
3181,3179
3182,3180
3183,3181
3184,3182
3185,3183
3186,53
3188,3186
3189,3187
3190,3188
3191,166
3192,3190
3193,383
3194,3051
3195,3193
3196,724
3199,3197
3200,841
3201,3199
3202,2657
3203,3201
3204,3202
3206,3204
3207,3205
3209,3207
3210,3208
3211,3209
3213,3211
3214,3212
3215,3213
3216,1293
3217,3215
3219,3217
3220,3218
3221,3219
3222,3220
3224,3222
3225,3223
3226,3224
3227,3225
3230,3228
3231,3229
3232,3230
3233,3231
3234,3232
3235,24
3236,3234
3239,3237
3241,3239
3242,3240
3243,3241
3244,1198
3245,3243
3246,3244
3248,3246
3249,3247
3250,3248
3251,3249
3252,3250
3254,3252
3256,3254
3257,3255
3258,3256
3259,3257
3260,3258
3261,3259
3262,3260
3264,3262
3265,126
3266,1361
3267,3265
3269,3267
3270,3268
3271,966
3272,3270
3273,7
3274,3272
3276,7
3277,513
3278,3276
3279,3277
3280,3278
3281,3279
3282,3280
3284,3282
3285,3283
3286,3284
3288,3286
3289,3287
3290,3288
3291,3289
3292,3290
3293,3291
3294,3292
3296,3294
3297,3295
3299,3297
3300,3298
3301,3299
3303,3301
3304,3302
3306,3304
3307,3305
3308,3306
3309,3307
3311,3309
3312,3310
3313,3311
3314,3312
3315,3313
3316,3314
3317,3315
3318,1133
3321,3319
3322,3320
3323,7
3325,3323
3326,3324
3327,3325
3328,3326
3329,271
3330,3328
3331,3329
3333,3331
3334,3332
3335,3333
3337,3335
3338,3336
3339,3337
3341,3339
3342,3340
3343,3341
3344,3342
3345,3343
3346,3344
3349,3347
3350,3348
3352,3350
3353,3351
3354,274
3355,3353
3356,3354
3357,3355
3358,3356
3359,3357
3361,3359
3362,3360
3363,3361
3365,3363
3366,3364
3367,3365
3368,3366
3369,3367
3370,3368
3372,3370
3373,252
3374,3372
3376,3374
3377,3375
3378,3376
3380,3378
3381,3379
3382,3380
3383,3381
3384,16
3385,3383
3387,3385
3388,3386
3389,3387
3390,3388
3392,3390
3393,3391
3394,107
3395,3393
3396,3394
3397,0
3398,7
3399,3397
3400,3398
3401,3399
3402,3400
3404,3402
3405,3403
3407,3405
3408,3406
3409,3407
3410,3408
3411,3409
3412,3410
3414,3412
3415,3413
3416,3414
3417,3415
3418,3416
3420,3418
3421,3419
3422,3420
3423,3421
3425,2366
3426,3424
3427,3425
3428,2594
3429,737
3431,3429
3432,3430
3433,3431
3434,3432
3436,3434
3437,3435
3438,3436
3439,3437
3440,3438
3441,3439
3443,3441
3444,271
3445,3443
3447,3445
3448,3446
3449,3447
3451,3449
3453,3451
3455,3453
3456,3454
3457,3455
3458,3456
3460,3458
3461,3459
3463,3461
3464,729
3465,3463
3466,581
3467,3465
3469,3467
3470,2563
3471,3469
3473,3471
3474,3472
3475,36
3476,3474
3477,3475
3478,3476
3480,3478
3481,3479
3483,3481
3484,3482
3485,2753
3486,3484
3487,3485
3488,3486
3489,3487
3490,3488
3491,3489
3494,3492
3495,3493
3496,3494
3497,3495
3499,3497
3500,3498
3501,3499
3502,3500
3504,3502
3505,3503
3506,3504
3507,3505
3508,3506
3509,737
3511,3509
3512,3510
3513,3511
3514,3512
3515,3513
3516,271
3517,36
3518,3516
3519,0
3520,2898
3523,3521
3525,1790
3526,3524
3527,3525
3528,3526
3529,3527
3530,3528
3531,3529
3532,3530
3533,3531
3535,3533
3537,3535
3538,3536
3539,3537
3540,923
3541,3539
3542,3540
3543,0
3544,3542
3545,3543
3547,2957
3548,3546
3550,3548
3551,3549
3552,3550
3554,3552
3555,3553
3556,3554
3558,3556
3559,3557
3560,3558
3562,3560
3563,3561
3564,3562
3565,3563
3566,3564
3567,3565
3568,3566
3570,3568
3571,3569
3572,16
3573,3571
3575,3573
3576,3574
3577,107
3578,3576
3579,3577
3580,3578
3581,3579
3583,3581
3585,1859
3586,3584
3587,3585
3588,1579
3590,3588
3591,3589
3592,3590
3593,3591
3594,675
3596,3594
3597,3595
3598,3596
3599,3597
3601,3599
3602,3600
3603,7
3604,3602
3605,3603
3607,3605
3608,3606
3609,3607
3610,3608
3612,3610
3613,1145
3614,3612
3615,252
3616,3614
3617,3615
3618,1249
3619,3617
3620,2741
3621,3619
3623,3621
3624,3622
3626,3624
3627,3625
3628,3626
3629,3627
3631,3629
3632,178
3633,3631
3634,94
3635,3633
3636,581
3637,3635
3638,3636
3640,3638
3642,3640
3643,3641
3644,3642
3645,3643
3647,3645
3648,3646
3649,3647
3650,3648
3651,3649
3652,2919
3654,3652
3655,3653
3656,3654
3658,3656
3659,3657
3660,3658
3661,3659
3662,3660
3663,3661
3664,3662
3666,3103
3667,240
3668,7
3669,3667
3670,274
3671,3669
3672,3670
3673,3671
3675,3673
3677,3675
3678,3676
3679,3677
3680,3678
3681,1020
3683,3681
3684,3682
3686,3684
3687,3685
3688,3686
3689,3687
3691,3689
3692,3690
3694,3692
3695,3693
3696,3694
3698,3696
3699,3697
3700,3698
3701,3699
3703,3701
3704,3702
3705,349
3706,3704
3707,3705
3709,3707
3710,3708
3711,3709
3712,3710
3713,178
3715,3713
3716,438
3717,3715
3718,3716
3720,3718
3721,3719
3722,3720
3723,3721
3725,3723
3726,3724
3727,3725
3728,3726
3729,3727
3731,3123
3732,3730
3733,3731
3734,3732
3735,3733
3738,3736
3739,3737
3740,1662
3741,3739
3743,3741
3744,3742
3745,7
3746,3744
3747,3745
3749,3747
3750,3748
3751,3749
3752,3750
3753,3751
3754,3752
3755,3753
3756,1020
3757,3755
3758,1688
3759,24
3761,3759
3763,3761
3765,3763
3766,3764
3768,3766
3769,3767
3770,3768
3772,3770
3773,611
3774,3772
3775,3773
3777,3775
3779,3777
3780,3778
3781,3779
3782,3780
3783,3781
3785,3783
3786,3784
3787,3785
3788,3786
3789,3787
3791,3789
3792,3790
3793,3791
3794,3792
3795,3793
3797,3795
3798,3796
3799,3797
3800,3798
3802,3800
3803,3801
3804,3802
3805,3803
3806,3804
3808,3806
3809,3807
3810,33
3811,3809
3813,3811
3814,3812
3815,3813
3816,3814
3818,3816
3819,3817
3820,91
3822,1458
3823,3821
3824,3822
3825,3823
3826,723
3827,3825
3828,3826
3829,3827
3831,3829
3833,3831
3834,3832
3836,1540
3837,3835
3838,3836
3839,3837
3840,3838
3843,3841
3844,3842
3845,1020
3846,3844
3847,3845
3850,3848
3851,7
3852,3850
3853,3851
3855,3853
3856,3854
3857,3855
3858,3856
3859,3857
3861,3859
3862,3860
3864,3862
3866,3864
3867,3865
3868,3866
3869,3867
3870,3868
3872,3870
3873,3871
3874,3872
3875,36
3876,3874
3877,3875
3878,3876
3880,3878
3881,3879
3883,33
3884,3882
3885,3883
3886,3884
3888,3886
3889,3887
3890,3888
3891,504
3892,3890
3894,3892
3895,3893
3896,3894
3897,2408
3899,3897
3901,3899
3902,3900
3904,2210
3905,3903
3906,36
3907,3905
3908,3906
3910,3908
3911,3909
3912,3910
3913,3911
3914,3912
3915,3913
3918,3916
3919,3917
3920,3918
3922,3920
3923,3921
3924,713
3925,3923
3926,271
3927,3925
3928,3926
3929,3927
3930,3928
3931,3929
3933,3931
3934,3932
3936,3934
3937,3935
3938,3936
3939,3937
3940,3938
3941,3939
3943,3941
3944,3942
3946,3944
3947,3945
3948,3946
3950,3948
3951,3949
3952,3950
3953,36
3954,1239
3955,3953
3957,16
3958,3643
3959,3957
3960,3958
3961,3959
3963,3961
3964,166
3965,3963
3967,3965
3968,3966
3969,3967
3970,3968
3971,3969
3973,3971
3974,3972
3975,3973
3976,240
3977,1790
3979,3977
3980,3978
3981,3979
3982,3980
3984,3982
3985,3983
3986,53
3987,3985
3988,729
3989,3987
3990,3988
3992,3990
3993,349
3995,3993
3996,3994
3998,3996
3999,3997
4000,3998
4001,3999
4002,4000
4003,4001
4004,4002
4005,240
4007,4005
4009,4007
4010,4008
4011,4009
4013,7
4014,178
4015,4013
4017,4015
4018,4016
4019,4017
4020,4018
4021,4019
4023,4021
4024,4022
4026,349
4027,4025
4028,4026
4029,4027
4032,4030
4033,16
4034,4032
4035,4033
4036,4034
4037,4035
4039,4037
4040,4038
4041,4039
4043,4041
4044,4042
4045,4043
4046,4044
4047,4045
4048,4046
4050,4048
4051,557
4052,4050
4053,4051
4054,4052
4055,4053
4056,4054
4057,7
4059,2753
4061,4059
4062,4060
4064,4062
4065,4063
4066,4064
4067,4065
4068,117
4070,4068
4071,4069
4072,4070
4073,257
4074,4072
4075,36
4076,4074
4077,4075
4079,4077
4080,4078
4081,4079
4083,4081
4084,4082
4085,4083
4086,4084
4088,4086
4090,4088
4091,4089
4092,4090
4093,4091
4094,4092
4095,4093
4096,4094
4098,4096
4099,4097
4101,4099
4103,4101
4104,839
4107,4105
4108,4106
4109,4107
4110,4108
4111,4109
4113,4111
4114,4112
4115,4113
4117,4115
4118,4116
4119,4117
4120,4118
4122,4120
4123,4121
4124,4122
4125,1336
4126,4124
4128,4126
4129,117
4130,4128
4131,4129
4132,4130
4134,4132
4135,4133
4136,4134
4137,4135
4139,4137
4140,4138
4141,4139
4142,594
4143,4141
4144,4142
4146,4144
4147,4145
4148,4146
4150,4148
4151,4149
4152,4150
4153,4151
4156,16
4157,4155
4158,4156
4159,4157
4160,1336
4161,4159
4162,36
4163,4161
4165,4163
4166,271
4167,194
4168,4166
4169,33
4170,4168
4171,4169
4172,4170
4173,4171
4174,4172
4175,4173
4177,4175
4178,4176
4180,4178
4181,4179
4182,4180
4184,4182
4185,4183
4186,4184
4187,4009
4188,1157
4190,4188
4191,4189
4192,4190
4193,4191
4195,4193
4196,4194
4197,4195
4198,1114
4199,4197
4201,4199
4202,4200
4203,16
4204,4202
4205,16
4206,7
4207,4205
4208,4206
4210,4208
4211,4209
4213,4211
4214,4212
4215,24
4217,4215
4218,4216
4220,644
4221,4219
4222,4220
4225,4223
4226,4224
4228,4226
4229,4227
4230,4228
4231,4229
4232,4230
4233,4231
4234,4232
4236,4234
4237,4235
4238,4236
4239,4237
4240,4238
4242,4240
4243,4241
4245,4243
4247,4245
4249,4247
4250,4248
4251,4249
4253,1768
4254,4252
4255,16
4256,194
4257,4255
4258,4256
4259,4257
4260,4258
4262,4260
4263,4261
4265,4263
4266,4264
4268,4266
4269,4267
4270,4268
4271,16
4272,4270
4273,36
4274,4272
4275,1020
4276,4274
4278,4276
4279,4277
4281,4279
4282,4280
4283,4281
4284,1035
4286,724
4288,4286
4289,4287
4290,4288
4291,4289
4293,4291
4294,4292
4295,4293
4296,4294
4297,4295
4298,4296
4300,4298
4301,4299
4302,4300
4303,4301
4305,4303
4306,4304
4307,4305
4308,4306
4310,4308
4311,4309
4312,4310
4313,4311
4315,4313
4316,4314
4318,4316
4319,4317
4320,4318
4322,4320
4323,0
4324,4322
4325,4323
4326,7
4328,4326
4329,4327
4330,755
4331,4329
4332,4330
4333,3394
4334,7
4336,4334
4337,4335
4338,4336
4339,4337
4341,4339
4342,107
4343,4341
4345,4343
4346,16
4348,4346
4349,4347
4350,4348
4351,4349
4352,4350
4353,671
4354,4352
4355,4353
4356,4354
4358,4356
4359,4357
4360,4358
4362,4360
4363,675
4364,309
4365,271
4366,4364
4367,4365
4370,4368
4371,4369
4372,4370
4373,4371
4374,4372
4375,4373
4376,4374
4378,4376
4379,4377
4380,4378
4381,4379
4382,4380
4384,4382
4385,4383
4386,4384
4387,4385
4389,4387
4391,4389
4392,4390
4393,4391
4394,1145
4396,4394
4397,4395
4398,4396
4399,4397
4400,4398
4401,4399
4404,4402
4405,4403
4406,1015
4407,4405
4408,4406
4410,4408
4411,4409
4412,4410
4413,4411
4414,7
4415,4413
4417,4415
4418,4416
4419,4417
4420,4418
4422,4420
4423,4421
4424,4422
4425,4423
4427,1212
4428,4426
4429,4427
4430,4428
4431,4293
4434,4432
4435,4433
4436,4434
4437,36
4438,4436
4439,4437
4441,4439
4442,4440
4443,4441
4444,4442
4445,4443
4447,4445
4448,4446
4450,4448
4451,4449
4452,4450
4453,4451
4455,4453
4456,36
4457,4455
4458,1458
4459,4457
4460,4458
4462,16
4463,4461
4465,4463
4466,7
4467,4465
4468,798
4469,4467
4470,16
4471,4469
4472,4470
4474,4472
4475,4473
4476,4474
4478,4476
4479,4477
4480,36
4481,4479
4482,4480
4484,4482
4485,4483
4486,4484
4487,4485
4488,4179
4491,4489
4492,4490
4493,4491
4495,950
4496,4494
4497,217
4498,4496
4499,4497
4500,4498
4502,349
4503,4501
4505,4503
4506,4504
4507,4505
4508,4506
4510,4508
4511,4509
4512,4510
4513,4511
4515,4513
4516,4514
4517,4515
4520,4518
4521,4519
4522,166
4523,4521
4524,4522
4525,7
4528,4526
4529,4527
4530,4528
4531,4529
4532,4530
4533,4531
4534,4532
4535,779
4537,1458
4538,4536
4539,4537
4540,737
4541,4539
4542,4540
4543,4541
4544,4542
4546,4544
4547,4545
4548,4546
4549,349
4551,4549
4552,4550
4553,4551
4555,4553
4556,4554
4557,557
4558,4556
4559,1145
4560,4558
4561,4559
4562,1239
4563,36
4564,4562
4566,4564
4567,4565
4568,4566
4569,4567
4571,2957
4572,1790
4573,4571
4574,4572
4575,4573
4576,1933
4577,2908
4579,4577
4580,4578
4581,4579
4582,4580
4583,4581
4584,4582
4586,4584
4587,4585
4588,4586
4589,4587
4591,4589
4592,4590
4593,4591
4594,4592
4595,4593
4596,4594
4599,4597
4600,4598
4601,4599
4602,4600
4604,4602
4606,4604
4607,4605
4608,4606
4609,4607
4610,4608
4611,2957
4612,4610
4614,4612
4615,4613
4616,4614
4617,4615
4619,4617
4620,136
4621,2317
4622,4620
4623,4621
4625,4623
4626,4624
4627,4625
4629,4627
4630,4628
4631,4629
4632,4630
4634,4632
4635,4633
4636,4634
4637,166
4638,4636
4639,178
4641,4639
4643,4641
4644,16
4645,4643
4646,4017
4647,4645
4649,1986
4650,4648
4651,36
4652,4650
4653,4651
4654,4652
4655,4653
4656,7
4657,4655
4658,4550
4660,4658
4661,4659
4662,4660
4664,4662
4665,4663
4666,4664
4667,798
4668,4666
4670,4668
4671,4669
4672,4670
4673,4671
4674,1020
4675,4673
4676,4674
4678,272
4679,4677
4680,4678
4683,4681
4684,4682
4685,4683
4686,2106
4687,4685
4689,4687
4690,4688
4691,4689
4692,4690
4694,4692
4695,4693
4696,4694
4697,4695
4699,4697
4700,4698
4701,4699
4702,4700
4703,4701
4704,2344
4705,4703
4707,4705
4708,4706
4709,4707
4710,4708
4712,4710
4713,4711
4714,4712
4715,4713
4716,7
4717,4715
4718,4716
4720,4718
4721,4719
4722,4720
4724,1239
4725,1808
4726,4724
4727,4725
4728,4726
4729,117
4731,4729
4732,178
4733,4731
4734,4732
4735,4733
4736,4734
4737,7
4738,2365
4740,4738
4741,4739
4742,4740
4743,4741
4745,4743
4746,4744
4747,4745
4748,4746
4749,25
4750,4748
4751,274
4752,1145
4754,4752
4755,4753
4756,4754
4758,36
4760,4758
4761,4759
4762,4760
4763,4761
4764,3035
4765,4763
4766,4764
4768,4766
4769,4767
4770,4768
4772,4770
4773,4771
4774,16
4775,4773
4776,4774
4777,735
4778,1579
4779,4777
4780,16
4782,4780
4783,4781
4784,4782
4785,91
4786,4784
4788,4786
4789,4787
4790,4788
4791,4789
4794,4792
4795,4793
4796,4794
4797,4795
4798,4796
4800,4798
4801,4799
4802,4800
4803,16
4805,4803
4806,4804
4807,4805
4808,349
4809,4807
4810,4808
4812,4810
4813,4811
4814,4812
4816,4814
4817,4815
4818,4816
4819,4817
4821,4819
4822,271
4823,4821
4824,4822
4825,4823
4827,4825
4829,4827
4830,729
4831,4829
4832,504
4833,4831
4836,4834
4837,4835
4838,3258
4839,4837
4840,4838
4841,4839
4843,1283
4844,4842
4846,4844
4847,4845
4848,4846
4849,4847
4851,7
4852,457
4853,4851
4854,4852
4855,4853
4857,4855
4858,989
4859,4857
4860,4858
4861,4859
4862,4860
4863,4861
4864,4862
4865,4863
4867,4865
4869,7
4870,4868
4871,4869
4872,194
4873,4871
4874,4872
4875,4873
4877,4875
4878,4876
4879,36
4882,4880
4883,4881
4884,4882
4885,1145
4886,2753
4887,4885
4889,4887
4890,349
4891,7
4892,4890
4893,4891
4894,474
4895,4893
4897,4895
4898,4896
4899,4897
4900,4898
4901,4899
4902,1020
4904,4902
4905,16
4906,4904
4907,94
4908,349
4909,2365
4910,4908
4911,4909
4913,4911
4914,4912
4915,4913
4916,4914
4917,36
4918,4916
4920,4918
4921,4919
4922,4920
4923,581
4924,4922
4925,36
4927,4925
4928,4926
4929,4927
4931,4929
4932,4930
4933,4931
4935,7
4936,4934
4937,946
4938,4936
4939,284
4940,126
4941,4491
4942,4940
4943,4941
4945,4943
4946,4944
4948,4946
4949,4947
4951,4949
4952,4950
4953,4951
4954,4952
4955,4953
4958,4956
4959,4957
4960,4958
4961,4959
4962,4960
4963,33
4964,4962
4966,4964
4967,4965
4970,4968
4971,4969
4972,4970
4973,4971
4974,4972
4977,513
4978,4976
4979,4977
4980,4978
4981,4979
4982,4980
4984,4982
4985,4983
4986,4984
4987,4985
4989,4987
4990,4988
4991,4989
4993,4991
4994,4992
4995,4993
4996,770
4997,4995
4999,4997
5000,4998
5001,4999
5003,557
5004,5002
5005,5003
5006,755
5008,5006
5009,5007
5010,5008
5011,513
5012,5010
5014,5012
5015,5013
5017,16
5018,5016
5019,5017
5020,5018
5021,194
5022,5020
5023,5021
5025,1926
5026,5024
5027,5025
5028,5026
5029,2366
5030,16
5031,5029
5033,5031
5034,5032
5035,5033
5037,5035
5038,5036
5039,5037
5040,5038
5041,5039
5043,5041
5044,271
5045,5043
5046,5044
5047,5045
5048,5046
5050,5048
5051,5049
5052,5050
5054,5052
5055,5053
5056,5054
5058,5056
5059,5057
5060,5058
5061,5059
5063,16
5064,5062
5065,5063
5066,5064
5068,5066
5069,5067
5070,36
5071,5069
5072,5070
5074,5072
5076,5074
5077,5075
5078,5076
5079,5077
5081,5079
5082,5080
5084,4987
5085,5083
5086,5084
5087,3074
5089,5087
5090,5088
5091,5089
5092,5090
5093,5091
5095,5093
5096,408
5097,5095
5098,5096
5099,5097
5101,16
5104,271
5105,5103
5106,5104
5107,5105
5108,5106
5109,5107
5110,16
5111,2366
5112,5110
5113,4766
5114,3202
5115,5113
5116,5114
5117,5115
5118,4009
5120,5118
5121,5119
5122,5120
5123,5121
5124,5122
5125,4744
5126,5124
5127,5125
5128,5126
5129,5127
5131,5129
5132,5130
5133,5131
5135,5133
5136,5134
5137,5135
5138,5136
5139,5137
5140,5138
5142,713
5143,5141
5145,5143
5146,5144
5148,5146
5149,5147
5150,5148
5151,5149
5152,2317
5154,5152
5155,5153
5156,5154
5157,5155
5158,5156
5160,5158
5161,5159
5162,5160
5163,5161
5165,5163
5166,4491
5167,5165
5168,5166
5170,5168
5171,5169
5172,5170
5173,5171
5174,5172
5177,5175
5178,5176
5179,5177
5180,5178
5181,5179
5183,5181
5184,5182
5185,194
5186,5184
5187,5185
5189,5187
5190,5188
5191,5189
5192,5190
5194,5192
5195,5193
5196,5194
5198,5196
5199,5197
5201,5199
5202,5200
5203,1020
5204,5202
5205,5203
5206,5204
5207,5205
5208,2793
5211,5209
5212,5210
5213,5211
5214,5212
5216,36
5217,5215
5218,5216
5219,5217
5221,5219
5222,5220
5223,2734
5224,5222
5225,1212
5226,5224
5228,5226
5230,5228
5231,5229
5232,5230
5234,5232
5235,36
5236,5234
5238,5236
5239,5237
5240,5238
5242,5240
5243,36
5244,5242
5245,5243
5246,5244
5248,474
5249,5247
5250,2753
5251,5249
5253,5251
5254,5252
5255,5253
5256,5254
5258,3888
5259,5257
5260,3
5261,5259
5262,5260
5263,5261
5264,5262
5265,675
5266,5264
5267,5265
5268,16
5269,5267
5270,1172
5272,240
5274,5272
5275,5273
5276,5274
5278,5276
5279,5277
5281,178
5282,5280
5283,5281
5284,3978
5285,5283
5286,5284
5287,5285
5288,36
5289,5287
5291,5289
5292,5290
5293,5291
5294,5292
5297,5295
5298,5296
5299,5297
5300,5298
5302,5300
5304,1336
5305,5303
5306,5304
5308,5306
5309,5307
5310,5308
5312,36
5313,5311
5314,5312
5315,3887
5316,5314
5318,5316
5319,5317
5321,5319
5322,5320
5324,5322
5325,5323
5326,5324
5327,5325
5328,5326
5330,7
5331,5329
5333,5331
5334,2114
5335,5333
5336,650
5338,3202
5339,7
5340,5338
5341,271
5342,5340
5343,5341
5344,5342
5345,5343
5346,1914
5347,946
5349,5347
5350,724
5351,5349
5352,5350
5353,5351
5354,5352
5356,126
5357,5355
5358,1385
5359,5357
5361,319
5362,5360
5364,5362
5365,5363
5366,5364
5367,5365
5369,5367
5370,5368
5371,5369
5372,5141
5374,5372
5375,5373
5376,5374
5378,36
5379,2951
5380,5378
5381,5379
5382,5380
5383,3077
5384,5382
5386,5384
5387,5385
5388,5386
5389,5387
5390,5388
5391,5389
5393,7
5394,271
5395,5393
5396,5394
5397,5395
5399,5397
5400,5398
5401,5399
5402,658
5404,5402
5405,5403
5406,5404
5407,5405
5408,5406
5409,16
5410,4176
5411,5409
5413,5411
5414,5412
5416,383
5418,5416
5419,5417
5420,5418
5421,5419
5422,5420
5424,5422
5425,5423
5426,5424
5427,5425
5428,5426
5429,5427
5431,5429
5432,5430
5433,5431
5435,5433
5436,5434
5438,5436
5439,5437
5440,5438
5441,166
5442,5440
5444,5442
5445,5443
5446,5444
5447,5445
5448,5446
5449,5447
5451,16
5452,5450
5453,5451
5454,5452
5456,5454
5457,5455
5458,5456
5459,5457
5460,271
5461,5459
5462,5460
5464,675
5465,5463
5466,5464
5467,117
5469,5467
5470,3380
5471,5469
5472,5470
5473,5471
5475,5473
5476,5474
5477,5475
5478,5476
5479,5477
5481,5479
5482,5480
5483,5481
5485,126
5486,5484
5487,5485
5488,5486
5489,5487
5491,5489
5492,5490
5493,5491
5495,2810
5496,5494
5498,5496
5499,5497
5500,5498
5502,5500
5503,271
5505,3560
5506,5504
5507,5505
5509,5507
5510,5508
5511,5509
5512,5510
5514,36
5515,5513
5516,5514
5517,5515
5518,5516
5519,5517
5520,5518
5522,1385
5523,5521
5524,5522
5527,5525
5528,5526
5529,271
5530,5528
5531,5529
5532,5530
5534,5532
5535,5533
5536,5534
5538,5536
5539,5537
5540,349
5541,5539
5542,5540
5543,5541
5545,5543
5546,5544
5548,5546
5550,5548
5551,5549
5552,5550
5553,5551
5554,240
5556,7
5557,5555
5558,5556
5559,3478
5560,5558
5561,5559
5563,5561
5564,5562
5565,5563
5566,5564
5568,5566
5569,5567
5570,5568
5571,5569
5572,4598
5573,5571
5574,5572
5575,7
5577,5575
5578,5576
5581,7
5582,5580
5583,5581
5584,5582
5585,5583
5586,5584
5587,7
5588,5586
5589,5587
5590,91
5591,24
5592,5590
5593,5591
5595,5593
5596,271
5597,5595
5598,5596
5599,5597
5601,5599
5602,5600
5603,271
5604,5602
5606,5604
5607,5605
5608,5606
5609,5607
5610,5608
5612,5610
5613,5611
5614,5612
5615,5613
5616,5614
5617,5615
5618,5616
5619,5617
5621,5619
5622,5620
5624,5622
5625,5623
5626,5624
5627,5625
5628,7
5629,5627
5630,5628
5632,5630
5633,2998
5634,5632
5636,5634
5637,5635
5638,5636
5639,5637
5640,5638
5641,7
5642,271
5643,2585
5644,5642
5645,3074
5647,5645
5648,5646
5649,5647
5650,5648
5651,4009
5653,713
5654,5652
5655,5653
5656,5654
5657,5655
5658,5656
5659,5657
5661,3425
5663,5661
5664,5662
5665,5663
5666,5664
5669,5667
5670,5668
5671,5669
5673,5671
5674,5672
5675,375
5676,5674
5677,16
5678,5676
5679,5677
5682,5680
5683,5681
5684,5682
5685,5683
5686,5684
5687,16
5688,5686
5689,5687
5691,5689
5692,5690
5693,5691
5695,5693
5696,5694
5697,349
5698,5696
5699,16
5700,5698
5701,5699
5702,5700
5704,5702
5705,5703
5706,5704
5708,7
5709,5707
5710,5708
5711,5709
5712,5710
5713,5711
5715,94
5716,1020
5717,5715
5718,5716
5719,5717
5720,3024
5721,5719
5722,5720
5723,5721
5724,5722
5725,5723
5727,735
5728,5726
5729,5727
5730,5728
5731,36
5732,94
5733,5731
5734,3425
5735,5733
5736,271
5737,1212
5739,5737
5740,5738
5741,1033
5742,5740
5743,5741
5745,36
5746,5744
5747,5745
5748,5746
5749,91
5750,5748
5751,5749
5752,5750
5754,5752
5755,5753
5756,2765
5757,5755
5759,5757
5760,5758
5761,16
5762,5760
5763,1172
5764,5762
5765,5763
5767,3011
5768,5766
5769,5767
5770,5768
5771,5769
5773,5771
5774,1683
5775,117
5776,5774
5777,5775
5780,5778
5781,5779
5782,5780
5783,33
5785,107
5786,5784
5787,5785
5788,5786
5790,5788
5791,5789
5792,5790
5794,5792
5795,5793
5796,5794
5797,5795
5800,989
5801,5799
5802,5800
5803,5801
5804,5802
5805,5803
5807,5805
5808,5806
5809,5807
5811,5809
5812,5810
5813,5811
5814,0
5815,5813
5816,5814
5817,5815
5819,5817
5820,5818
5821,5819
5824,5822
5825,5823
5826,5824
5827,5825
5828,107
5829,5827
5831,5829
5832,5830
5833,5831
5834,5832
5836,36
5837,5835
5838,5836
5839,349
5840,5838
5841,5839
5842,5840
5843,2114
5845,16
5846,5844
5847,5845
5848,5846
5849,5847
5850,5848
5852,737
5853,5851
5855,5853
5856,3978
5858,5856
5859,5857
5860,5858
5861,3831
5862,5860
5864,5862
5865,5863
5866,5864
5867,5865
5868,5866
5870,5868
5871,5869
5872,5870
5874,5872
5875,5873
5876,5874
5877,5875
5878,675
5879,5877
5880,5878
5882,3425
5883,5881
5884,7
5886,5884
5887,5885
5888,5886
5889,5887
5890,5888
5891,271
5892,5890
5894,5892
5895,5893
5896,5894
5897,5895
5898,5896
5899,5897
5900,5898
5902,5900
5903,5901
5905,5903
5906,5904
5908,5906
5909,5907
5910,5908
5912,5910
5914,5912
5915,5913
5916,5914
5918,5916
5919,5917
5920,5918
5921,5919
5922,5920
5924,5922
5925,5923
5926,5924
5927,5925
5929,5927
5930,5928
5931,5929
5932,5930
5934,5932
5935,5933
5936,5934
5938,5936
5939,5937
5940,5938
5941,5939
5942,5940
5944,5942
5945,5943
5946,5944
5948,5946
5949,5947
5950,5948
5951,724
5952,5950
5953,5951
5954,5952
5956,5954
5957,5955
5958,5956
5959,5957
5961,5959
5962,5960
5963,5961
5964,5962
5966,5964
5967,5965
5968,5966
5969,186
5970,5968
5971,36
5972,5970
5974,5972
5976,5974
5977,5975
5978,5976
5980,5978
5981,5979
5982,5980
5983,5981
5985,5983
5986,5984
5987,5985
5988,36
5989,5987
5990,271
5991,5989
5993,5991
5994,5992
5995,5993
5996,5994
5997,5995
5998,5996
6000,5998
6002,724
6003,6001
6004,6002
6005,6003
6008,6006
6010,6008
6011,6009
6012,6010
6013,6011
6015,6013
6016,6014
6017,3231
6018,6016
6019,2753
6020,6018
6021,6019
6023,6021
6024,6022
6025,6023
6027,6025
6028,6026
6029,1239
6030,6028
6032,6030
6033,749
6034,1198
6036,6034
6037,6035
6038,6036
6040,6038
6041,6039
6042,6040
6043,6041
6044,6042
6045,5568
6046,6044
6048,6046
6049,6047
6050,6048
6052,6050
6053,6051
6054,6052
6056,6054
6058,6056
6059,6057
6060,6058
6061,6059
6062,6060
6063,1845
6065,2799
6066,6064
6067,6065
6068,6066
6069,474
6070,6068
6071,6069
6072,6070
6074,6072
6075,694
6076,6074
6078,33
6079,6077
6080,6078
6081,770
6082,6080
6083,6081
6084,7
6086,438
6087,6085
6088,6086
6089,6087
6090,6088
6091,6089
6094,6092
6095,6093
6096,6094
6097,2742
6098,6096
6099,6097
6101,6099
6103,6101
6104,513
6105,6103
6106,6104
6107,6105
6108,6106
6109,6107
6110,6108
6112,6110
6113,6111
6115,3971
6116,6114
6118,6116
6119,107
6120,6118
6122,6120
6123,6121
6124,6122
6125,6123
6126,6124
6127,2833
6129,6127
6130,6128
6132,6130
6133,6131
6134,6132
6135,6133
6136,6134
6137,6135
6140,6138
6141,6139
6142,6140
6144,6142
6145,6143
6146,6144
6147,6145
6148,3394
6149,6147
6151,6149
6153,319
6154,6152
6155,6153
6157,6155
6158,6156
6159,6157
6160,6158
6161,6159
6162,6160
6164,6162
6165,6163
6166,6164
6169,6167
6170,6168
6171,6169
6173,737
6174,6172
6175,6173
6176,6174
6177,6175
6178,6176
6179,474
6181,3202
6182,6180
6183,6181
6184,6182
6185,6183
6186,6184
6187,6185
6188,6186
6189,6187
6193,6191
6194,6192
6195,6193
6196,6194
6198,6196
6199,6197
6200,1258
6201,6199
6202,6200
6203,6201
6204,6202
6205,6203
6207,6205
6208,6206
6210,3311
6211,6209
6212,6210
6213,16
6214,6212
6215,6213
6216,6214
6217,6215
6219,6217
6220,6218
6222,6220
6223,6221
6224,16
6225,6223
6226,257
6227,6225
6229,6227
6230,6228
6231,6229
6232,6230
6233,6231
6234,6232
6236,6234
6237,6235
6238,6236
6239,6237
6240,581
6242,6240
6243,91
6244,6242
6245,7
6246,6244
6247,6245
6248,0
6249,5342
6251,6249
6252,5896
6253,6251
6254,6252
6256,6254
6257,6255
6258,2530
6259,6257
6261,6259
6262,6260
6263,7
6264,6262
6265,6263
6267,6265
6268,3837
6269,406
6270,6268
6271,6269
6272,6270
6273,6271
6275,6273
6276,1327
6278,6276
6279,6277
6280,6278
6281,6279
6283,6281
6284,1020
6285,1145
6286,6284
6287,6285
6289,6287
6290,6288
6291,6289
6292,6290
6293,6291
6294,6292
6296,6294
6297,6295
6298,6296
6299,6297
6300,6298
6301,6299
6302,6300
6303,7
6304,6302
6305,1157
6306,6304
6308,6306
6309,6307
6310,6308
6311,36
6313,6311
6314,6312
6315,6313
6317,6315
6318,6316
6319,6317
6321,6319
6322,36
6323,6321
6324,6322
6326,6324
6327,6325
6328,6326
6329,6327
6330,6328
6331,6329
6333,403
6334,6332
6335,6333
6337,6335
6338,6336
6339,6337
6340,6338
6341,6339
6343,1020
6344,6342
6345,6343
6346,6344
6347,6345
6348,6346
6351,6349
6352,6350
6353,3533
6354,6352
6355,6353
6356,47
6357,3010
6358,714
6360,6358
6361,6359
6362,6360
6363,724
6365,6363
6366,6364
6367,6365
6368,6366
6369,6367
6371,6369
6373,6371
6374,6372
6375,6373
6377,6375
6378,6376
6379,6377
6380,6378
6381,6379
6382,271
6384,504
6385,271
6386,6384
6387,6385
6388,1133
6390,6388
6391,3394
6392,7
6393,6391
6394,6392
6395,6393
6397,6395
6398,3035
6399,6397
6400,6398
6401,4491
6402,6400
6403,6401
6404,6402
6405,6403
6408,6406
6410,6408
6411,6409
6412,6410
6413,6411
6414,6412
6416,6414
6417,6415
6418,6416
6419,4754
6420,6418
6422,6420
6423,6421
6424,6422
6425,6423
6427,6425
6428,6426
6429,6427
6430,6428
6432,6430
6433,36
6434,6432
6435,6433
6436,1249
6437,6435
6439,6437
6440,6438
6441,6439
6443,6441
6444,6442
6446,6444
6448,6446
6449,6447
6450,6448
6451,816
6452,6450
6453,6451
6454,6452
6456,6454
6457,6455
6458,6456
6459,6457
6460,6458
6461,6459
6462,6460
6464,6462
6465,6463
6467,6465
6468,6466
6469,6467
6470,6468
6472,6470
6473,6471
6474,6472
6475,6473
6477,271
6478,6476
6479,6477
6480,6478
6481,406
6482,6480
6483,6481
6484,6482
6485,6483
6487,7
6488,6486
6489,6487
6490,6488
6492,271
6493,6491
6494,6492
6495,6493
6497,6495
6498,784
6499,6497
6500,6498
6502,6500
6505,6503
6506,6504
6507,6505
6508,6506
6509,6507
6510,6508
6512,6510
6513,6511
6514,6512
6515,6513
6517,6515
6518,6516
6519,6517
6521,6519
6522,6520
6523,6521
6524,6522
6525,91
6526,16
6527,6525
6529,7
6530,6528
6531,24
6532,6530
6533,0
6534,6532
6535,6533
6536,6534
6537,6535
6539,107
6540,6538
6542,6540
6544,6542
6545,6169
6546,6544
6547,6545
6548,6546
6549,6547
6552,6550
6553,6551
6554,6552
6555,271
6557,6555
6558,6556
6559,6557
6561,6559
6562,6560
6563,6561
6564,6562
6565,939
6566,6564
6568,6566
6569,6567
6570,6568
6571,6569
6573,16
6574,257
6575,1025
6576,166
6577,6575
6578,6576
6579,4245
6580,6578
6581,6579
6582,6580
6584,6582
6586,7
6587,6585
6588,6586
6592,6590
6594,6592
6595,735
6596,6594
6597,6595
6598,470
6600,6598
6601,6599
6602,6600
6604,6602
6605,6603
6606,349
6607,6605
6608,6606
6609,271
6610,6608
6612,6610
6613,6611
6614,7
6615,6613
6618,6616
6619,7
6620,6618
6621,6619
6622,6620
6623,6621
6624,6622
6625,6623
6628,6626
6629,6627
6630,6628
6631,406
6633,713
6634,6632
6635,6633
6637,6635
6639,3010
6640,6638
6641,6639
6642,6640
6644,6642
6645,6643
6646,6644
6647,7
6648,6646
6649,6647
6651,6649
6652,6650
6653,6651
6654,16
6655,6653
6656,6654
6657,6655
6658,6656
6660,6658
6661,6659
6663,6661
6664,6662
6665,6663
6666,6664
6667,6665
6669,6667
6670,6668
6671,271
6672,7
6673,6671
6675,6673
6676,6674
6677,6675
6678,6676
6679,6677
6680,6678
6681,6679
6683,6681
6684,6682
6685,6683
6688,6686
6689,6687
6690,6688
6691,6689
6693,6691
6694,6692
6695,6693
6696,6694
6697,6695
6698,6696
6699,6697
6701,6699
6703,6701
6704,6702
6705,6703
6706,6704
6708,6706
6709,6707
6710,6708
6712,6710
6713,6711
6714,6712
6715,6713
6716,1212
6717,6715
6719,6717
6721,6719
6722,284
6723,6721
6725,6723
6726,6724
6727,6725
6728,6726
6731,6729
6732,6730
6733,319
6734,6732
6735,6733
6736,6734
6737,6735
6738,6736
6739,6737
6740,6738
6742,6740
6744,6742
6745,6743
6746,6744
6747,6745
6749,6747
6750,6748
6751,6749
6753,6751
6754,6752
6755,6753
6756,6754
6757,6755
6759,6757
6760,6758
6762,6760
6764,6762
6765,6763
6766,6764
6768,6766
6769,1755
6770,6768
6773,6771
6774,3258
6775,6773
6776,6774
6777,6775
6778,6776
6779,713
6780,2499
6781,6779
6782,6780
6783,6781
6785,6783
6786,6784
6787,6785
6788,6786
6790,6788
6791,6789
6792,6790
6793,6791
6795,6793
6796,3888
6797,6795
6798,6796
6800,6798
6801,1172
6802,6800
6803,6801
6804,6802
6805,0
6806,989
6807,6805
6809,6807
6810,6808
6811,6809
6812,6810
6813,6811
6815,36
6816,504
6817,6815
6818,6816
6819,6817
6820,6818
6822,6820
6823,6821
6825,6823
6826,6824
6827,6825
6828,6826
6829,6827
6830,6828
6832,6830
6833,6831
6834,6832
6835,6833
6837,6835
6838,6836
6839,6837
6840,166
6841,735
6842,6840
6843,6841
6844,6842
6846,6844
6848,6846
6849,6847
6850,6848
6851,6849
6852,6821
6853,6851
6854,1859
6856,6854
6857,6855
6858,36
6859,6857
6860,6858
6862,6860
6863,4009
6864,6862
6865,6863
6866,6864
6867,6865
6868,6866
6869,271
6870,6868
6872,6870
6873,6871
6875,6873
6876,6874
6877,6875
6878,6876
6880,6878
6881,6879
6882,6880
6883,6881
6884,6882
6885,6883
6887,6885
6888,6886
6889,6887
6891,6889
6892,6890
6893,6891
6894,6892
6896,6894
6897,4176
6898,6896
6899,6897
6900,36
6901,3258
6903,6901
6905,3231
6906,6904
6907,735
6909,6907
6910,6908
6911,6909
6912,1020
6914,6912
6915,6913
6918,6916
6919,6917
6920,6918
6921,6919
6922,6920
6924,6800
6925,6923
6926,6924
6927,457
6928,6926
6929,16
6930,6928
6931,6929
6934,6932
6935,6933
6936,6425
6937,6935
6938,177
6939,724
6941,6939
6942,6940
6943,6941
6944,6942
6945,6943
6946,6944
6947,6945
6948,6946
6949,6947
6950,6948
6951,6949
6953,6951
6954,6952
6955,5236
6957,6955
6958,6956
6960,6958
6961,6959
6963,36
6964,6962
6965,6963
6967,6965
6969,6967
6970,6968
6971,6969
6972,6970
6973,6971
6975,6973
6976,6974
6977,6975
6978,6976
6979,6977
6980,931
6983,6981
6985,6983
6986,6984
6987,319
6988,6986
6990,6988
6992,6990
6993,6916
6994,6992
6996,6994
6997,6995
6998,6996
7000,6998
7001,3549
7002,7000
7003,7001
7004,7002
7006,7004
7007,7005
7008,7006
7009,7007
7010,7008
7012,7010
7013,7011
7014,7012
7016,652
7019,7017
7020,7018
7021,7019
7022,7020
7023,7021
7024,7022
7025,7023
7027,349
7029,7027
7030,7028
7031,7000
7032,7030
7033,7031
7034,7032
7037,7035
7038,7036
7040,16
7041,7039
7042,7040
7043,7041
7044,7042
7046,7044
7047,1239
7048,7046
7049,7047
7050,5627
7052,7050
7053,7051
7054,7052
7055,4491
7056,7054
7058,7056
7060,7058
7061,7059
7062,7060
7064,3870
7065,7063
7066,7064
7067,7065
7068,7066
7069,7067
7070,7068
7071,3394
7073,7071
7074,7072
7075,7073
7076,7074
7077,7075
7079,7077
7081,7079
7083,3484
7084,7082
7085,7083
7086,7084
7087,7085
7088,7086
7089,7087
7091,7089
7092,7090
7093,7091
7094,7
7096,7094
7097,7095
7099,7097
7100,7098
7101,7099
7102,7100
7104,7102
7105,7103
7106,7104
7107,7105
7108,7106
7109,7107
7111,7109
7113,7111
7114,7112
7115,7113
7117,7115
7118,7116
7119,1212
7120,7118
7121,7119
7122,7120
7124,7122
7125,3887
7126,7124
7127,7
7128,7126
7129,6363
7130,7128
7131,7129
7132,406
7134,7132
7135,7133
7136,7134
7137,7135
7138,7136
7140,7138
7141,7139
7142,7140
7145,784
7146,1385
7147,7145
7148,5866
7149,7147
7150,7148
7151,7149
7152,7150
7154,614
7155,7153
7156,7154
7157,7155
7158,7156
7160,7158
7161,16
7162,7160
7163,7161
7165,7163
7166,7164
7167,7165
7168,6762
7169,7
7170,7168
7171,7169
7173,7171
7174,3231
7175,7173
7176,7174
7178,7176
7179,7177
7180,7178
7181,7179
7182,7180
7184,7182
7185,7183
7187,194
7188,7186
7189,7187
7190,7188
7191,7189
7192,7190
7194,7192
7195,7193
7196,7194
7197,7195
7199,7197
7200,7198
7202,7200
7203,7201
7204,7202
7206,7204
7207,7205
7208,7206
7209,7207
7211,7209
7212,7210
7213,7211
7214,7212
7215,36
7216,7214
7218,7216
7219,7217
7221,7219
7222,7220
7224,7222
7225,7223
7226,7224
7227,7225
7228,7226
7229,7227
7230,7228
7232,7230
7233,7231
7234,7232
7235,16
7236,7234
7238,7236
7239,349
7240,16
7241,7239
7243,7241
7244,729
7245,7243
7246,7244
7247,7245
7249,7247
7251,7249
7252,7250
7253,7251
7254,7252
7256,7254
7257,7255
7258,7256
7260,7258
7261,7259
7262,7
7263,7261
7264,7262
7266,7264
7267,7265
7268,7266
7269,923
7270,7268
7272,7270
7273,7271
7274,798
7275,3262
7276,3035
7278,7276
7279,7277
7280,7278
7281,7279
7282,7280
7283,7281
7284,7282
7286,7284
7287,7285
7288,7286
7290,7288
7291,271
7292,7290
7293,7291
7294,7292
7296,7294
7297,7295
7298,3010
7299,7297
7301,7299
7302,7300
7303,7301
7304,7302
7305,7303
7306,7304
7308,7306
7309,107
7310,3973
7311,7309
7312,7310
7313,7311
7314,7312
7316,7314
7317,7315
7319,7317
7320,7318
7322,7320
7323,7321
7324,7322
7325,7323
7326,1755
7327,7325
7328,7326
7329,7327
7331,7329
7332,7330
7333,7331
7335,7333
7336,7334
7337,2536
7338,7336
7339,7337
7340,7338
7342,7000
7343,7341
7344,7342
7345,7343
7347,7345
7348,7346
7349,7347
7350,7348
7351,4491
7352,7350
7354,6675
7355,2365
7357,7355
7358,7356
7359,7357
7360,7358
7361,7359
7362,7360
7364,7362
7365,7363
7366,7364
7367,7365
7368,7366
7369,7367
7370,7368
7372,7370
7375,7373
7376,7374
7377,7375
7378,7376
7379,7377
7380,271
7381,0
7382,7380
7383,7381
7384,7382
7385,7383
7387,7385
7388,7386
7389,7387
7391,7389
7392,7390
7393,7391
7394,7392
7395,7393
7397,0
7398,271
7399,7397
7400,7398
7401,7399
7402,7400
7404,7402
7405,7403
7406,7404
7407,7405
7409,7407
7410,7408
7411,7409
7412,7410
7413,1131
7415,7413
7416,7414
7417,7415
7418,7416
7420,331
7421,1085
7422,7420
7423,7421
7424,7422
7425,7423
7427,7425
7428,7426
7429,7427
7430,7428
7431,7429
7432,7430
7434,7432
7436,7434
7437,7435
7438,7436
7439,7437
7440,7438
7441,7439
7442,7440
7444,7442
7445,7443
7447,271
7448,724
7449,7447
7450,7448
7451,7449
7452,7450
7453,7451
7454,7452
7455,7453
7456,1583
7457,7455
7459,7457
7460,7458
7462,7460
7463,7461
7464,177
7466,7464
7467,7465
7468,7466
7469,7467
7470,7468
7472,7470
7474,7
7475,7473
7476,1783
7478,7476
7479,7477
7480,7478
7481,7479
7483,7481
7484,7482
7485,7483
7486,7484
7487,7485
7489,7487
7490,7
7492,581
7493,7491
7494,7492
7495,7493
7496,7494
7497,7495
7498,7496
7499,2563
7500,7498
7502,7500
7503,7501
7504,7502
7505,7503
7506,7504
7508,7506
7509,7507
7510,7508
7512,7510
7513,7511
7514,7512
7516,7514
7517,7515
7518,7516
7519,7517
7522,2366
7523,7521
7524,284
7525,7523
7526,7524
7527,7525
7529,7527
7532,7530
7533,2753
7534,7532
7535,7533
7536,7534
7537,2269
7538,375
7539,7537
7541,7539
7542,7540
7544,349
7545,452
7546,7544
7547,7545
7548,16
7549,7547
7550,1132
7551,675
7552,7550
7553,7551
7554,5627
7555,7553
7557,7555
7559,7557
7560,36
7561,7559
7562,7560
7563,7561
7564,7562
7566,7564
7567,7565
7568,7566
7569,7567
7570,7568
7571,2261
7572,7570
7574,7572
7575,7573
7577,7575
7578,7576
7579,7577
7580,7578
7582,295
7583,1015
7586,7584
7587,7585
7588,7586
7589,7587
7590,7588
7591,284
7592,7590
7593,7591
7595,7593
7596,7594
7597,7595
7598,7596
7599,7597
7600,7598
7602,7600
7603,7601
7604,7602
7605,7603
7606,271
7607,7605
7608,7606
7609,7607
7611,7609
7612,349
7613,7611
7614,7612
7616,7614
7617,7615
7618,7616
7619,7617
7620,7618
7621,784
7622,7620
7624,7622
7625,7623
7626,7624
7627,7625
7628,3584
7630,7628
7631,7629
7632,7630
7633,7631
7634,7632
7635,107
7636,271
7637,7635
7638,7636
7639,7637
7642,7640
7645,7643
7646,7644
7647,7645
7648,7646
7650,7648
7651,7649
7653,7651
7654,7652
7656,7654
7657,7655
7658,7656
7659,7657
7661,7659
7663,7661
7664,7662
7665,7663
7667,7665
7668,7666
7669,7667
7670,1145
7671,7669
7672,271
7674,7672
7675,7673
7677,7675
7678,271
7679,7677
7680,7678
7681,7679
7683,1401
7684,7682
7685,7683
7686,7684
7687,7685
7688,7686
7690,7688
7691,349
7692,7690
7694,7692
7697,7695
7698,7696
7699,7697
7700,7698
7701,7699
7702,7700
7703,7701
7705,7703
7706,7704
7708,675
7709,7707
7710,7708
7711,7709
7712,7710
7713,7711
7714,271
7716,1132
7717,7715
7718,7716
7719,7717
7720,7718
7724,7722
7725,7723
7726,7724
7727,7725
7728,2317
7729,4176
7730,7728
7732,7730
7733,3035
7734,7732
7735,7733
7736,7734
7737,7735
7738,107
7739,16
7741,7739
7742,7740
7743,7741
7744,7742
7745,7743
7746,6450
7747,819
7750,7748
7751,7749
7753,7751
7754,7752
7755,7753
7756,7754
7757,7755
7759,7757
7760,7758
7761,7759
7762,7760
7765,7763
7766,7764
7767,724
7768,7766
7769,7767
7772,7770
7773,7771
7774,240
7775,7773
7776,7774
7777,2258
7779,7777
7780,7778
7781,7779
7783,1073
7784,7782
7785,7783
7786,7784
7787,16
7788,7786
7789,7787
7790,7788
7792,7790
7793,7791
7794,7792
7796,7794
7797,7795
7798,7796
7799,7797
7800,7798
7803,7801
7805,7803
7806,7804
7807,7805
7808,7806
7809,7807
7810,2944
7811,7809
7812,7810
7814,2594
7816,7814
7817,7815
7818,7816
7819,7817
7820,3646
7821,7819
7823,7821
7824,7822
7825,7823
7826,166
7827,7825
7828,1198
7830,7828
7831,6928
7833,7831
7834,7832
7836,7834
7837,7835
7838,7836
7839,7837
7842,7840
7843,7841
7844,7842
7845,7843
7846,2944
7847,4293
7848,1172
7850,7848
7851,7849
7852,7850
7853,16
7854,7852
7856,36
7857,7855
7858,271
7859,7857
7860,107
7861,7859
7862,7860
7863,7861
7865,7863
7866,7864
7867,7865
7868,7866
7870,7868
7872,7870
7873,7871
7874,7872
7877,7875
7878,7876
7879,7877
7880,7878
7882,7880
7883,7881
7884,7882
7885,7883
7886,7884
7887,1172
7888,3887
7889,0
7890,675
7892,7890
7893,7891
7894,7892
7895,7893
7897,403
7898,7896
7899,7897
7901,7899
7902,7900
7903,7901
7905,7903
7906,293
7907,7905
7908,7906
7909,1808
7911,16
7912,7910
7913,33
7914,134
7915,7913
7916,7914
7918,7916
7919,7917
7920,7918
7921,504
7922,6892
7923,7921
7924,7922
7925,7923
7927,7925
7928,7926
7930,7928
7931,7929
7932,7930
7933,7288
7934,7932
7935,7933
7939,7937
7940,7938
7941,7939
7942,7940
7943,7606
7945,7943
7946,7944
7947,7945
7948,194
7949,504
7950,7948
7952,7950
7954,7952
7955,7953
7956,7954
7957,7955
7959,7957
7960,7958
7961,7959
7963,7961
7964,7962
7965,7963
7966,7964
7967,7965
7968,612
7969,819
7971,7969
7972,7970
7973,7971
7975,7973
7976,729
7977,7975
7978,7976
7979,7977
7980,7978
7982,7980
7983,7981
7984,7982
7985,7983
7987,7985
7988,7986
7990,7988
7991,7989
7992,7990
7993,7991
7994,7992
7996,7994
7998,7996
7999,7997
8001,7999
8002,375
8003,8001
8004,8002
8005,8003
8006,8004
8007,8005
8009,16
8010,8008
8011,8009
8012,8010
8013,8011
8015,8013
8017,8015
8018,8016
8019,8017
8020,8018
8021,8019
8022,8020
8023,8021
8025,8023
8026,8024
8027,116
8029,8027
8030,931
8031,8029
8032,8030
8034,8032
8035,8033
8036,4238
8038,8036
8039,3260
8040,8038
8041,8039
8042,8040
8043,8041
8044,8042
8046,8044
8047,8045
8048,36
8049,1258
8050,8048
8051,8049
8053,3010
8054,8052
8055,8053
8056,8054
8059,271
8061,8059
8062,274
8063,8061
8064,8062
8065,8063
8067,8065
8068,8066
8069,8067
8070,1157
8071,3646
8072,3767
8074,8072
8075,8073
8076,8074
8077,8075
8078,8076
8079,8077
8080,2269
8081,939
8082,8080
8084,8082
8085,724
8086,8084
8087,8085
8088,8086
8090,8088
8091,8089
8092,8090
8093,8091
8095,8093
8096,8094
8097,8095
8098,1033
8099,8097
8100,8098
8102,8100
8103,8101
8104,8102
8105,8103
8107,8105
8108,8106
8110,8108
8112,8110
8113,8111
8114,8112
8115,8113
8116,8114
8118,8116
8119,4491
8120,8118
8121,8119
8122,3409
8124,2317
8125,8123
8127,8125
8128,8126
8129,36
8130,8128
8132,8130
8133,8131
8134,8132
8135,8133
8136,8134
8137,8135
8138,8136
8140,8138
8142,8140
8143,8141
8144,798
8145,8143
8146,8144
8147,8145
8149,7
8150,8148
8151,8149
8152,8150
8153,8151
8155,170
8158,8156
8160,8158
8161,94
8162,8160
8163,8161
8164,8162
8165,3787
8166,8164
8167,8165
8169,8167
8170,8168
8171,8169
8172,8170
8173,7
8175,8173
8176,1327
8177,7392
8178,94
8179,8177
8180,8178
8181,8179
8182,8180
8184,8182
8185,816
8186,8184
8187,8185
8189,8187
8190,8188
8191,8189
8192,8190
8194,8192
8195,8193
8196,8194
8197,1378
8198,8196
8199,349
8200,1914
8201,2530
8203,8201
8204,8202
8206,8204
8207,8205
8208,8206
8211,8209
8212,8210
8213,8211
8214,8212
8216,5954
8218,16
8220,8218
8221,8219
8222,8220
8224,8222
8225,8223
8226,1157
8227,8225
8228,8226
8230,1212
8231,8229
8232,8230
8233,8231
8234,8232
8236,8234
8237,8235
8238,8236
8240,8238
8241,8239
8242,8240
8243,274
8244,8242
8245,1020
8247,8245
8248,8246
8250,8248
8251,8249
8253,8251
8254,8252
8255,271
8256,8254
8257,8255
8258,8256
8260,8258
8261,8259
8263,8261
8264,8262
8266,8264
8267,8265
8268,8266
8270,6169
8271,8269
8272,8270
8273,8271
8274,274
8275,8273
8277,8275
8278,16
8279,798
8280,8278
8281,8279
8282,8280
8284,3602
8285,8283
8286,8284
8287,8285
8288,8286
8290,8288
8291,8289
8292,8290
8293,8291
8294,8292
8296,8294
8297,295
8298,8296
8299,8297
8300,16
8302,8300
8303,8301
8304,8302
8305,8303
8307,8305
8309,8307
8312,8310
8314,8312
8315,8313
8316,8314
8317,8315
8318,8316
8319,8317
8320,8318
8323,8321
8324,16
8325,8323
8327,8325
8328,8326
8329,8327
8332,8330
8333,8331
8334,8332
8335,8333
8338,8336
8339,8337
8340,610
8341,8339
8342,8340
8343,8341
8344,7
8346,8344
8347,8345
8348,4501
8349,8347
8350,8348
8352,1790
8353,8351
8354,3425
8356,166
8357,8355
8358,8356
8359,4009
8360,8358
8361,8359
8363,1405
8364,8362
8365,8363
8366,8364
8367,8365
8368,8366
8369,8367
8370,8368
8371,8369
8372,177
8373,8371
8374,8372
8376,8374
8377,8375
8379,166
8380,8378
8381,8379
8382,8380
8383,8381
8384,8382
8387,8385
8388,8386
8389,8387
8391,8389
8392,8390
8393,8391
8394,8392
8395,8393
8396,8394
8398,8396
8399,8397
8400,8398
8402,8400
8403,8401
8404,5083
8405,6928
8406,8404
8407,274
8409,8407
8410,8408
8411,1132
8412,1157
8414,8412
8415,8413
8416,8414
8417,8415
8418,8416
8420,8418
8421,8419
8422,8420
8423,5596
8425,7
8427,8425
8428,8426
8429,5416
8430,8428
8431,271
8432,8430
8433,8431
8434,1145
8435,8433
8436,295
8437,8435
8440,8438
8441,8439
8442,8440
8443,8441
8444,8442
8445,8443
8447,8445
8448,8446
8449,8447
8450,8448
8451,8449
8453,8451
8454,8452
8455,7264
8456,8454
8457,8455
8458,8456
8460,8458
8461,2455
8462,8460
8463,8461
8464,1108
8466,1986
8467,8465
8468,8466
8469,8467
8470,8468
8471,8469
8474,8472
8475,8473
8476,8474
8477,16
8478,8476
8480,8478
8483,8481
8484,8482
8485,8483
8487,8485
8488,8486
8489,8487
8490,8488
8491,8489
8492,2765
8493,8491
8495,8493
8496,8494
8498,8496
8499,8497
8500,8498
8501,8499
8502,8500
8503,8501
8504,8502
8506,8504
8507,8505
8508,1024
8510,107
8511,8509
8512,36
8513,8511
8514,8512
8515,91
8516,8514
8517,8515
8519,8517
8520,5394
8521,8519
8522,8520
8524,504
8525,8523
8526,8524
8527,8525
8528,8526
8529,8527
8530,6928
8531,8529
8532,178
8534,8532
8535,8533
8536,8534
8537,1718
8539,8537
8540,8538
8541,8539
8542,8540
8543,8541
8545,8543
8546,271
8550,8548
8551,8549
8552,36
8553,1688
8555,8553
8556,8554
8557,8555
8558,8556
8559,2040
8561,8559
8562,1239
8563,8561
8564,8562
8565,8563
8566,7
8568,5847
8569,8567
8570,8568
8571,8569
8572,8570
8574,8572
8575,8573
8576,8574
8577,8575
8578,8576
8579,8577
8581,271
8582,8580
8583,8581
8584,8582
8585,16
8587,8585
8588,8586
8589,8587
8591,8589
8592,8590
8593,8591
8594,8592
8595,8593
8596,8594
8597,8595
8598,8596
8600,8598
8602,8600
8603,8601
8604,8602
8605,8603
8606,8604
8607,4979
8608,8606
8610,8608
8612,8610
8613,8611
8614,8612
8615,8613
8617,7
8618,8616
8619,8617
8620,8618
8621,8619
8622,8620
8623,8621
8625,8623
8626,8624
8627,8625
8629,1552
8630,8628
8631,8629
8632,8630
8633,240
8634,8632
8635,8633
8637,8635
8638,1986
8639,8637
8641,8639
8643,107
8644,136
8645,819
8646,8644
8647,8645
8648,7251
8650,8648
8651,8649
8653,8651
8654,8652
8655,8653
8656,274
8657,8655
8658,16
8660,8658
8661,8659
8662,8660
8663,8661
8665,8663
8666,8664
8667,8665
8668,8666
8669,8667
8670,8668
8671,8669
8673,271
8675,8673
8676,8674
8677,8675
8678,8676
8679,8677
8680,8678
8681,8679
8684,8682
8685,8683
8687,8685
8688,8686
8689,8687
8690,8688
8691,8689
8692,8690
8693,8691
8695,7
8696,8694
8697,1303
8698,8696
8699,8697
8701,8699
8702,8700
8703,8701
8704,8702
8706,406
8707,8705
8708,8706
8709,8707
8710,8708
8711,8709
8713,2121
8714,8712
8715,8713
8716,8714
8717,504
8718,8716
8719,1845
8720,319
8721,8719
8722,8720
8724,8722
8726,8724
8728,8726
8729,8727
8731,7
8732,8730
8733,8731
8734,16
8736,45
8737,8735
8739,8737
8740,8738
8741,724
8742,16
8743,8741
8745,8743
8747,8745
8748,1790
8750,8748
8751,8749
8752,8750
8753,7
8754,8752
8755,8753
8756,8754
8758,8756
8760,8758
8761,8759
8763,3010
8764,8762
8765,8763
8767,8765
8768,8766
8769,8767
8770,8768
8771,8769
8772,8770
8773,7
8775,8773
8776,3973
8777,8775
8778,6928
8779,8777
8780,8778
8782,16
8783,724
8784,8782
8785,8783
8786,8784
8787,8785
8788,8786
8789,713
8790,1768
8791,8789
8793,33
8794,8792
8795,8793
8796,8794
8798,8796
8799,16
8800,8798
8801,8799
8802,8800
8803,8801
8804,2594
8805,8803
8807,8805
8808,274
8809,6774
8811,8809
8812,8810
8813,8811
8814,8812
8817,8815
8818,8816
8819,8817
8820,8818
8822,8820
8823,8821
8824,8822
8825,8823
8827,8825
8828,8826
8829,8827
8830,8828
8831,349
8833,8831
8834,8832
8835,8833
8836,8834
8837,3409
8838,8836
8841,8839
8843,8841
8845,8843
8846,8844
8847,8845
8850,8848
8851,8849
8852,8850
8853,8851
8855,8853
8856,8854
8857,8855
8858,798
8859,513
8860,8858
8861,8859
8862,658
8863,8861
8865,8863
8866,8864
8867,8865
8868,8866
8869,8867
8871,8869
8873,8871
8874,8872
8875,8873
8876,8874
8877,8875
8878,8876
8880,8878
8881,8879
8882,8880
8884,8882
8885,8883
8886,8884
8888,8886
8889,8887
8891,8889
8892,8890
8893,8891
8894,8892
8895,8893
8896,4088
8897,8895
8899,4510
8900,8898
8901,8899
8903,8901
8905,8206
8906,8904
8907,8905
8908,8906
8910,8908
8911,8909
8912,8910
8913,7
8914,8912
8915,8913
8917,8915
8918,8916
8920,8918
8921,8919
8922,8920
8923,8921
8925,8923
8926,8924
8927,6774
8928,8926
8929,271
8930,16
8931,8929
8932,8930
8934,8932
8935,36
8937,8935
8938,1938
8939,8937
8941,8939
8942,8940
8943,8941
8944,5832
8946,8944
8947,166
8948,8946
8949,8947
8951,8949
8952,1902
8953,8951
8954,8952
8956,8954
8957,8955
8958,24
8959,8957
8960,8958
8961,271
8962,8960
8964,8962
8967,8965
8968,8966
8969,5456
8970,2413
8971,8969
8972,8970
8973,8971
8974,8972
8975,6363
8977,8975
8978,8976
8980,8978
8981,8979
8982,8980
8984,8982
8986,612
8987,8985
8988,8986
8989,2900
8990,8988
8991,1145
8993,8991
8994,8992
8995,8993
8996,8994
8998,1749
8999,8997
9000,8998
9001,8999
9002,178
9003,9001
9005,24
9006,9004
9007,9005
9008,9006
9009,9007
9010,9008
9012,271
9013,9011
9015,9013
9016,9014
9017,9015
9019,9017
9021,9019
9022,9020
9023,9021
9024,9022
9025,6928
9026,9024
9027,9025
9028,9026
9029,9027
9030,366
9032,9030
9033,9031
9034,9032
9036,9034
9037,9035
9038,9036
9039,9037
9041,9039
9042,9040
9043,9041
9045,9043
9046,16
9049,9047
9050,3257
9051,9049
9052,1142
9053,9051
9054,9052
9056,9054
9058,9056
9059,1783
9060,9058
9061,36
9062,9060
9063,9061
9064,9062
9066,9064
9068,9066
9069,9067
9070,9068
9071,9069
9072,9070
9073,9071
9078,9076
9079,271
9080,9078
9081,9079
9082,9080
9083,9081
9084,9082
9085,6481
9086,9084
9087,2536
9088,2261
9090,9088
9091,9089
9092,9090
9094,9092
9095,9093
9096,9094
9097,9095
9099,0
9100,9098
9101,9099
9102,9100
9103,9101
9104,9102
9106,9104
9107,9105
9108,9106
9109,9107
9112,9110
9113,9111
9114,5682
9116,9114
9117,7251
9118,9116
9119,9117
9120,9118
9122,9120
9123,9121
9124,9122
9126,9124
9127,9125
9128,9126
9129,9127
9130,9128
9131,9129
9133,240
9134,9132
9135,271
9137,9135
9138,9136
9140,9138
9141,9139
9142,3908
9143,9141
9145,9143
9146,9144
9147,9145
9148,25
9149,9147
9150,9148
9151,9149
9153,9151
9154,9152
9155,9153
9156,9154
9157,9155
9159,9157
9160,9158
9162,9160
9163,9161
9164,9162
9166,9164
9167,9165
9168,9166
9169,675
9170,9168
9172,9170
9173,9171
9174,9172
9175,9173
9176,9174
9177,9175
9179,9177
9181,9179
9182,9180
9183,9181
9184,94
9185,9183
9186,3209
9187,271
9188,16
9189,9187
9191,9189
9192,9190
9193,9191
9194,9192
9197,9195
9198,9196
9199,9197
9200,9198
9201,9199
9202,9200
9204,9202
9205,9203
9206,9204
9207,9205
9210,3821
9211,9209
9212,9210
9213,9211
9214,381
9215,36
9216,9214
9218,9216
9219,9217
9221,9219
9222,9220
9224,9222
9225,9223
9227,9225
9228,9226
9229,94
9230,9228
9231,9229
9232,9230
9234,9232
9236,9234
9237,9235
9238,9236
9240,9238
9241,406
9242,9240
9243,171
9244,9242
9245,9243
9246,9244
9248,9246
9249,5416
9251,9249
9252,9250
9253,9251
9254,9252
9255,9253
9257,9255
9258,9256
9259,9257
9260,9258
9261,9259
9262,9260
9264,9262
9265,9263
9266,24
9267,8206
9269,16
9270,9268
9272,8400
9273,9271
9274,9272
9275,9273
9276,9274
9277,9275
9278,9276
9279,9277
9281,9279
9282,9280
9284,9282
9286,9284
9287,9285
9289,9287
9290,9288
9291,9289
9293,9291
9294,9292
9295,9293
9297,3074
9298,9296
9299,9297
9301,9299
9303,9301
9304,9302
9306,9304
9307,9305
9308,5529
9309,177
9310,9308
9312,9310
9313,9311
9314,9312
9315,9313
9316,9314
9317,9315
9318,9316
9319,9317
9321,9319
9322,9320
9323,9321
9324,9322
9325,9323
9326,271
9328,9326
9329,9327
9330,9328
9331,9329
9334,9332
9335,9333
9336,9334
9337,675
9339,9337
9340,9338
9341,9339
9342,724
9344,9342
9345,735
9346,9344
9347,9345
9348,9346
9350,9348
9351,9349
9352,9350
9353,9351
9354,9352
9356,9354
9357,9355
9358,9356
9359,9357
9360,9358
9361,9359
9363,9361
9364,0
9365,9363
9366,9358
9368,1172
9369,9367
9370,9368
9371,9369
9372,1213
9374,9372
9375,9373
9376,9374
9377,9375
9378,3409
9380,5416
9381,9379
9382,9380
9383,9381
9384,3908
9386,9384
9387,9385
9388,3584
9389,271
9390,9388
9391,9389
9392,9390
9394,6228
9395,9393
9396,9394
9397,9395
9399,9397
9400,9398
9401,9399
9402,9400
9403,9401
9404,9402
9406,9404
9407,9405
9408,9406
9409,9407
9410,9408
9411,9409
9413,271
9414,9412
9415,9413
9417,9415
9418,7440
9419,9417
9420,36
9422,9420
9423,9421
9424,194
9426,9424
9427,1933
9428,9426
9429,9427
9430,9428
9431,9429
9432,9170
9433,9431
9434,36
9435,9433
9437,16
9438,9436
9439,675
9441,403
9442,2833
9443,5382
9444,9442
9445,9443
9446,5866
9447,9445
9448,6363
9450,9448
9451,9449
9452,9450
9453,9451
9454,9452
9455,194
9456,1647
9457,9455
9459,3865
9460,9458
9461,9459
9462,6821
9463,504
9465,9463
9467,9465
9468,474
9469,2864
9470,7
9471,4871
9472,1085
9474,9472
9475,9473
9476,9474
9477,36
9479,36
9481,9479
9482,9480
9483,504
9484,1574
9485,9483
9486,9484
9487,36
9488,9486
9489,9487
9491,16
9492,9490
9493,16
9494,9492
9495,9493
9497,7042
9498,9496
9499,9497
9500,9498
9501,9499
9503,9501
9504,9502
9505,9503
9506,5409
9508,9506
9509,9507
9511,9509
9512,9510
9514,9512
9515,16
9516,9514
9517,9515
9518,9516
9520,9518
9521,9519
9522,9520
9523,779
9524,9522
9526,126
9527,9525
9528,33
9529,9527
9530,9528
9531,9529
9533,2864
9534,9532
9535,9533
9536,737
9537,9535
9538,9536
9539,9537
9540,274
9542,9540
9543,9541
9544,9542
9546,9544
9547,9545
9548,9546
9549,9547
9550,9548
9553,0
9554,9552
9555,9553
9557,9555
9558,9556
9559,9557
9562,9560
9563,9561
9564,9562
9565,9563
9566,36
9567,9565
9569,9567
9570,9568
9571,9569
9572,9570
9574,9572
9575,9573
9576,9574
9578,9576
9580,284
9581,9579
9582,9580
9583,9581
9584,9582
9585,9583
9587,16
9588,9586
9589,9587
9590,1142
9591,9589
9593,4872
9594,9592
9595,9593
9596,675
9597,9595
9599,9597
9600,9598
9601,9599
9603,9601
9604,9602
9605,9603
9606,9604
9609,9607
9610,9608
9612,9610
9613,9611
9614,9612
9615,9613
9616,9614
9617,9615
9618,9616
9619,0
9620,9618
9623,9621
9625,612
9626,9624
9627,9625
9629,9627
9630,9628
9631,9629
9632,1540
9633,9631
9634,9632
9636,9634
9637,9635
9638,9636
9640,9638
9642,7667
9643,9641
9645,9643
9646,3693
9647,9645
9648,9646
9649,9647
9651,9649
9652,9650
9654,9652
9655,1662
9656,9654
9657,9655
9658,9656
9660,9658
9661,9659
9663,117
9664,581
9665,9663
9666,9664
9667,9665
9668,9666
9672,9670
9673,9671
9674,9672
9675,8677
9676,9674
9677,1115
9678,9676
9680,9678
9681,349
9683,271
9684,9682
9685,9683
9686,9684
9687,9685
9688,9686
9689,9687
9690,735
9691,9689
9693,9691
9694,9692
9695,9693
9696,194
9697,9695
9699,9697
9701,9699
9702,9700
9703,7
9704,9702
9706,9704
9708,9706
9709,9707
9710,9708
9711,9709
9712,194
9714,9712
9715,9713
9716,9714
9717,9715
9718,3311
9720,9718
9721,9719
9722,9720
9723,9721
9725,9723
9726,9724
9727,9725
9728,1133
9729,9727
9730,349
9732,9730
9733,9731
9734,9732
9735,9733
9736,9734
9738,295
9740,9738
9741,9739
9742,1749
9744,9742
9745,1212
9749,9747
9750,675
9751,9749
9752,9750
9753,9751
9755,9753
9756,7
9758,9756
9759,9757
9760,9758
9761,271
9762,9760
9763,9761
9764,9762
9765,9763
9767,9765
9769,9767
9770,9768
9771,9769
9772,9770
9774,9772
9775,9773
9776,9774
9777,9775
9778,9776
9779,7
9780,5163
9781,9779
9783,9781
9785,9783
9787,9785
9789,9787
9790,9788
9791,3175
9792,9790
9793,9791
9795,9724
9796,9794
9797,194
9798,9796
9799,9797
9800,474
9801,166
9802,9800
9804,2344
9805,9803
9806,9804
9807,9805
9808,9806
9809,9807
9811,9809
9812,9810
9813,9811
9814,1020
9816,252
9817,9815
9818,9816
9819,9817
9820,9818
9822,9820
9823,24
9824,9822
9826,9824
9827,9825
9828,9826
9829,9827
9830,9828
9831,9829
9833,9831
9834,9832
9835,9833
9836,9834
9837,9835
9839,9837
9840,9838
9841,9839
9842,9840
9843,3010
9845,9843
9846,9844
9847,3584
9848,9846
9849,9847
9851,1598
9852,2734
9853,9851
9854,9852
9855,9853
9856,9854
9858,9856
9859,9857
9860,9858
9862,9860
9863,9861
9864,9862
9865,9863
9867,9865
9868,9866
9869,923
9870,9868
9871,6262
9873,1401
9874,9872
9875,9873
9876,349
9877,504
9878,9876
9879,9877
9880,9878
9882,5976
9883,581
9884,9882
9885,9883
9886,9884
9888,9886
9889,9887
9890,9888
9892,1233
9893,9891
9894,3777
9895,9893
9896,9894
9897,9895
9898,5954
9899,7073
9900,9898
9901,9899
9903,9901
9904,9902
9905,1198
9906,9904
9907,9905
9908,9906
9909,9907
9911,9909
9912,9910
9913,36
9915,9913
9916,9914
9917,9915
9918,5163
9919,9917
9920,9918
9923,452
9924,9922
9926,9924
9927,9925
9929,9927
9930,9928
9931,9929
9932,9930
9933,9931
9935,452
9936,9934
9937,798
9938,9936
9939,9937
9941,611
9942,9940
9943,9941
9944,284
9945,9943
9946,9944
9947,9945
9949,9947
9950,9948
9951,271
9952,2344
9953,9951
9955,770
9956,9954
9957,9955
9958,9956
9959,240
9960,9958
9961,9959
9963,9961
9964,9962
9965,9963
9966,9964
9967,9965
9968,9966
9969,9967
9970,675
9973,9971
9974,9972
9975,9973
9976,9974
9977,9975
9979,9977
9980,9978
9981,9979
9982,1212
9984,9982
9985,9983
9987,9985
9988,9986
9990,9988
9991,9989
9992,9990
9993,9991
9995,9993
9996,1458
9997,9995
9998,9996
10000,9998
10001,9999
10002,7
10003,3458
10004,10002
10005,2957
10006,10004
10007,10005
10009,6965
10010,10008
10011,10009
10012,10010
10014,10012
10016,10014
10017,10015
10018,10016
10019,1378
10021,10019
10022,10020
10023,10021
10024,10022
10025,10023
10027,10025
10028,10026
10029,10027
10030,10028
10031,10029
10033,10031
10034,10032
10035,10033
10036,271
10037,10035
10038,10036
10040,10038
10041,10039
10042,3779
10045,10043
10046,10044
10047,10045
10049,10047
10050,10048
10051,10049
10052,10050
10053,10051
10055,10053
10057,10055
10058,10056
10059,1385
10060,10058
10062,10060
10063,4744
10064,271
10065,4009
10066,10064
10067,10065
10068,10066
10070,8259
10071,10069
10072,7
10073,10071
10074,10072
10075,10073
10076,5169
10077,10075
10079,10077
10081,10079
10082,10080
10083,10081
10085,10083
10086,10084
10087,10085
10088,10086
10089,1331
10091,24
10092,10090
10093,10091
10094,240
10095,10093
10096,271
10098,10096
10099,274
10100,10098
10101,10099
10103,729
10104,10102
10105,10103
10106,10104
10107,10105
10108,24
10110,10108
10111,10109
10112,10110
10113,10111
10114,10112
10115,10113
10117,319
10118,10116
10120,10118
10121,10119
10122,10120
10123,10121
10124,426
10125,10123
10128,295
10129,10127
10130,3908
10131,10129
10132,10130
10133,2793
10134,770
10136,10134
10137,10135
10138,10136
10139,10137
10140,10138
10141,10139
10142,7
10143,10141
10144,10142
10145,10143
10147,612
10148,9399
10149,10147
10150,10148
10151,10149
10152,10150
10153,10151
10155,10153
10156,10154
10157,406
10158,10156
10159,10157
10160,8389
10162,10160
10163,10161
10164,10162
10166,10164
10167,10165
10169,10167
10170,10168
10171,10169
10172,612
10173,611
10174,10172
10175,10173
10177,812
10178,274
10179,784
10180,10178
10181,10179
10182,10180
10184,10182
10186,10184
10187,10185
10188,271
10189,10187
10191,10189
10192,10190
10194,10192
10195,10193
10196,271
10197,10195
10198,10196
10199,10197
10200,10198
10201,10199
10203,10201
10204,10202
10205,10203
10206,10204
10208,3035
10209,194
10210,10208
10211,10209
10212,10210
10213,10211
10214,7
10215,10213
10217,10215
10218,10216
10219,10217
10220,10218
10221,8391
10222,16
10224,10222
10226,819
10227,10225
10229,10227
10230,10228
10231,10229
10233,10231
10234,36
10236,10234
10237,5746
10238,252
10239,10237
10240,10238
10241,10239
10243,737
10244,7
10245,10243
10246,36
10247,10245
10248,10246
10250,10248
10251,10249
10252,2504
10253,1249
10254,271
10255,10253
10256,10254
10257,10255
10259,10257
10260,4716
10261,24
10262,10260
10264,10262
10265,271
10267,10265
10268,1540
10269,10267
10270,10268
10271,10269
10273,10271
10274,10272
10275,10273
10276,1850
10278,457
10279,178
10280,10278
10281,116
10282,1577
10283,3973
10284,10282
10285,10283
10286,10284
10287,10285
10290,10288
10291,10289
10292,10290
10294,10292
10295,10293
10296,4581
10297,10295
10298,10296
10299,10297
10301,10299
10302,10300
10303,10301
10304,10302
10305,36
10308,10306
10309,3425
10310,9666
10311,10309
10312,10310
10313,10311
10314,10312
10315,10313
10317,3908
10318,10316
10319,10317
10320,1416
10321,10319
10322,10320
10324,10322
10325,10323
10326,10324
10327,10325
10329,10327
10330,10328
10331,10329
10333,10331
10334,452
10335,10333
10336,10334
10337,10335
10338,10336
10339,10337
10341,10339
10342,10340
10344,10342
10345,10343
10346,10344
10347,10345
10349,24
10350,10348
10351,10349
10352,10350
10353,10351
10354,10352
10355,3256
10357,10355
10359,10357
10361,10359
10362,10360
10363,10361
10364,10362
10365,6879
10366,10364
10367,10365
10369,10367
10370,10368
10371,10369
10372,10370
10373,3260
10375,10373
10376,10374
10377,10375
10379,5813
10380,3584
10382,10380
10383,10381
10384,107
10385,10383
10386,10384
10387,10385
10390,10388
10392,10390
10393,10391
10394,10392
10395,10393
10396,10394
10397,10395
10398,10396
10399,10397
10400,10393
10401,1212
10402,10400
10403,10401
10405,7052
10406,10404
10407,10405
10409,10407
10410,10408
10411,504
10412,2344
10413,1790
10414,10412
10415,10413
10416,10414
10417,10415
10418,10416
10419,7068
10420,3643
10422,10420
10423,10421
10424,10422
10425,10423
10426,16
10428,10426
10429,10427
10432,10430
10433,10431
10434,10432
10435,5866
10436,1385
10437,10435
10438,10436
10440,10438
10441,107
10442,10440
10443,8396
10444,10442
10445,10443
10446,166
10449,1249
10450,10448
10451,10449
10452,10450
10453,36
10455,10453
10456,10454
10457,10455
10458,10456
10460,10458
10461,10459
10462,10460
10463,10461
10464,10462
10465,10463
10467,10465
10468,10466
10469,10467
10471,10469
10472,10470
10473,10471
10474,581
10475,36
10476,10474
10477,10475
10478,10476
10479,10477
10481,10479
10483,10481
10485,10483
10486,3202
10487,10485
10488,10486
10489,10487
10490,271
10492,10490
10493,271
10494,1212
10495,10493
10496,10494
10497,10495
10499,10497
10500,10498
10501,7
10503,10501
10504,10502
10505,10503
10506,10504
10507,10505
10508,10506
10510,10508
10511,10509
10512,10510
10513,10511
10514,5440
10515,6530
10516,10514
10518,10516
10519,0
10520,10518
10521,10519
10522,10520
10523,10521
10525,10523
10526,10524
10528,10526
10529,99
10530,319
10531,10529
10532,10530
10533,10531
10534,10532
10535,10533
10537,1085
10538,10536
10539,10537
10541,7
10542,10540
10543,10541
10544,10542
10545,10543
10546,1749
10547,10545
10548,10546
10550,10548
10551,349
10552,10550
10553,10551
10554,10552
10556,10554
10557,10555
10558,4491
10559,504
10561,10559
10562,10560
10563,1145
10564,10562
10565,10563
10566,10564
10567,10565
10568,10566
10571,10569
10572,10570
10573,10571
10574,10572
10576,10574
10577,10575
10578,10576
10579,10577
10580,10578
10581,10579
10582,0
10583,1597
10584,10582
10585,10583
10588,737
10590,10588
10592,10590
10593,10591
10594,10592
10595,10593
10596,10594
10598,3
10599,10597
10600,10598
10601,10599
10602,10600
10603,10601
10604,10602
10605,10603
10606,0
10608,10606
10609,10607
10611,10609
10612,10610
10613,10611
10614,10612
10616,10614
10617,10615
10618,10616
10619,178
10620,10618
10621,10619
10623,2810
10624,10622
10625,10623
10626,10624
10627,10625
10628,10626
10629,10627
10630,10628
10632,10630
10633,9884
10634,10632
10635,10633
10637,10635
10638,10636
10639,10637
10641,10639
10642,10640
10643,4009
10644,7
10645,10643
10647,10645
10648,10646
10649,10647
10650,10648
10651,10649
10652,989
10653,10651
10654,10652
10656,10654
10657,10655
10658,10656
10660,36
10661,10659
10663,4176
10664,713
10665,10663
10668,10666
10669,10667
10670,10668
10671,10669
10672,10670
10673,10671
10675,10673
10676,10674
10677,10675
10678,10676
10679,1783
10680,10678
10681,7
10682,10680
10683,36
10684,10682
10685,10683
10686,2269
10687,10685
10688,10686
10689,6418
10690,10688
10691,10689
10692,10690
10693,10691
10694,10692
10695,349
10696,745
10697,5141
10698,8975
10699,10697
10700,10698
10701,10699
10702,2741
10703,10701
10704,5163
10705,10703
10706,10704
10709,10707
10711,10709
10712,10710
10713,10711
10714,177
10715,10713
10716,10714
10717,10715
10718,10716
10719,6433
10720,166
10721,116
10722,10720
10723,10721
10724,10722
10726,10724
10727,10725
10728,10726
10729,36
10730,10728
10731,271
10732,798
10733,36
10734,16
10735,10733
10736,10734
10737,10735
10738,10736
10739,10278
10740,10738
10741,10739
10743,10741
10745,0
10748,10746
10749,10747
10750,10748
10751,10749
10752,10750
10753,10751
10755,10753
10756,10754
10757,10755
10758,504
10759,10757
10760,10758
10761,10759
10762,5568
10764,10762
10765,10763
10766,10764
10767,271
10769,10767
10770,1790
10771,10769
10772,10770
10773,10771
10775,10773
10778,10776
10779,10777
10780,10778
10781,10779
10782,10780
10783,271
10785,713
10786,10784
10787,10785
10788,10786
10790,10788
10791,10789
10792,10790
10793,10791
10794,1755
10797,10795
10798,10796
10799,10797
10800,10798
10801,4245
10803,10801
10804,10802
10805,10803
10806,10804
10807,10805
10809,10807
10810,10808
10811,10809
10812,10810
10814,10812
10815,10813
10816,581
10817,10815
10820,10818
10822,33
10824,10822
10825,10823
10826,10824
10827,10825
10828,10826
10830,10828
10831,10829
10832,10830
10833,10831
10835,10833
10836,10834
10837,10835
10838,641
10840,10838
10841,1850
10842,9160
10843,10841
10844,10842
10846,10844
10847,10845
10848,10846
10849,10847
10850,10848
10852,10850
10853,10851
10854,10852
10855,2944
10856,10854
10858,10856
10859,10857
10860,10858
10861,10859
10863,10861
10864,10862
10865,10863
10866,10864
10868,271
10869,10867
10870,10868
10871,10869
10872,798
10873,10871
10874,9806
10875,10873
10877,10875
10878,10876
10879,16
10880,10878
10881,2833
10882,10880
10883,10881
10884,10882
10886,10884
10888,10886
10889,10887
10890,10888
10891,6530
10892,10890
10894,10892
10895,10893
10896,581
10897,10895
10898,10896
10900,6403
10901,10899
10902,1596
10903,10901
10904,271
10905,10903
10906,10904
10907,10905
10909,10907
10910,10908
10911,10909
10912,10910
10913,10911
10915,10913
10916,675
10917,3887
10919,10917
10920,2751
10921,10919
10923,724
10924,10922
10925,10923
10926,10924
10927,271
10929,10927
10930,10928
10932,7
10933,10931
10934,10932
10935,2900
10937,10935
10938,10936
10940,10938
10941,10939
10942,10940
10944,10942
10945,10943
10946,24
10947,10945
10948,6800
10949,16
10950,10948
10951,7
10953,939
10954,10952
10955,10953
10956,10954
10958,10956
10960,9463
10961,10959
10962,94
10963,10961
10964,3258
10965,194
10967,1790
10968,4009
10969,10967
10971,10969
10972,10970
10973,10971
10975,10973
10976,10974
10977,10975
10979,10977
10980,271
10981,10979
10982,10980
10983,10981
10984,91
10986,10984
10987,10985
10988,10986
10989,10987
10992,10990
10993,10991
10994,10992
10995,10993
10996,10994
10998,10996
10999,10997
11000,319
11001,10999
11003,11001
11004,11002
11005,36
11006,178
11007,11005
11008,11006
11009,36
11011,438
11012,6800
11013,11011
11014,11012
11015,11013
11016,11014
11017,11015
11018,36
11020,11018
11021,11019
11022,11020
11024,11022
11025,53
11026,11024
11027,11025
11029,11027
11030,271
11031,11029
11032,11030
11033,11031
11034,349
11036,11034
11037,11035
11038,271
11039,4872
11040,11038
11041,7
11042,11040
11043,11041
11044,11042
11049,675
11050,11048
11051,11049
11052,11050
11054,11052
11055,11053
11056,11054
11058,11056
11059,11057
11060,11058
11062,11060
11063,284
11064,11062
11065,11063
11066,11064
11067,11065
11069,11067
11070,194
11071,11069
11072,271
11073,11071
11075,11073
11077,11075
11078,11076
11079,11077
11080,16
11081,11079
11083,11081
11084,11082
11085,11083
11086,36
11087,11085
11088,11086
11090,91
11091,729
11092,11090
11093,271
11094,11092
11095,11093
11097,11095
11099,11097
11100,11098
11101,11099
11102,11100
11103,11101
11105,11103
11106,11104
11107,11105
11108,11106
11110,11108
11111,11109
11112,11110
11113,11111
11116,11114
11117,11115
11118,11116
11119,11117
11120,11118
11121,11119
11122,11120
11123,11121
11125,11123
11127,11125
11128,11126
11129,11127
11130,6733
11131,11129
11132,11130
11133,11131
11134,36
11136,11134
11137,1212
11138,7393
11139,11137
11140,11138
11141,2811
11143,11141
11144,11142
11145,11143
11146,11144
11150,11148
11151,11149
11152,11150
11155,11153
11156,11154
11157,11155
11159,3051
11161,11159
11162,11160
11163,11161
11164,11162
11165,11163
11166,773
11167,11165
11169,16
11170,11168
11171,11169
11172,11170
11173,11171
11174,11172
11175,2578
11176,1755
11177,107
11179,11177
11180,11178
11181,11179
11182,11180
11184,11182
11185,11183
11186,11184
11187,11185
11188,271
11189,6306
11191,11189
11193,252
11194,11192
11195,11193
11196,11194
11197,271
11198,217
11199,1336
11201,2594
11202,11200
11203,11201
11204,11202
11205,11203
11206,11204
11207,194
11209,11207
11210,11208
11211,11209
11212,11210
11213,9451
11214,2898
11216,11214
11217,11215
11218,729
11219,11217
11221,11219
11222,11220
11223,11221
11224,11222
11225,11223
11227,11225
11228,11226
11229,11227
11230,11228
11231,864
11232,11123
11233,11231
11234,11232
11235,11233
11237,11235
11238,11236
11240,11238
11241,11239
11242,11240
11243,11241
11244,11242
11245,11243
11246,1327
11248,11246
11249,11247
11250,11248
11252,11250
11253,2261
11254,11252
11255,11253
11257,11255
11258,3260
11259,11257
11260,11258
11261,11259
11262,11260
11263,194
11264,11262
11265,4491
11266,11264
11267,11265
11269,706
11270,11268
11272,11270
11274,11272
11275,11273
11276,6425
11277,3
11279,11277
11280,11278
11281,11279
11282,11280
11283,11281
11285,11283
11286,11284
11287,11285
11289,11287
11290,11288
11291,11289
11292,11290
11293,11291
11294,11292
11296,11294
11297,271
11298,16
11300,11298
11302,1662
11303,11301
11304,11302
11305,11303
11306,11304
11308,11306
11309,11307
11310,11308
11311,11309
11313,11311
11314,11312
11315,7
11316,11314
11317,11315
11319,11317
11320,11318
11321,438
11322,11320
11323,8023
11324,2317
11325,11323
11327,11325
11328,11326
11329,11327
11330,33
11331,11329
11332,11330
11333,11331
11335,11333
11336,16
11337,11335
11338,11336
11340,11338
11342,11340
11343,11341
11345,11343
11346,11344
11347,11345
11348,11346
11349,11347
11350,11348
11351,11349
11354,11352
11355,11353
11356,1213
11357,11355
11358,11356
11359,1385
11360,11358
11361,11359
11362,2606
11363,11361
11364,1198
11366,11364
11367,11365
11368,11366
11369,11367
11370,11368
11372,11370
11373,319
11374,3202
11375,819
11376,11374
11377,11375
11379,11377
11380,11378
11381,11379
11382,11380
11383,11381
11384,11382
11385,11383
11386,11384
11387,6965
11389,11387
11390,91
11391,11389
11394,11392
11395,11393
11396,11394
11397,11395
11398,11396
11400,11398
11401,271
11402,1683
11403,11401
11404,11402
11406,11404
11408,4716
11409,11407
11411,11409
11412,11410
11413,11411
11415,11413
11416,7000
11417,11415
11418,11416
11419,11417
11421,11419
11422,11420
11423,16
11424,963
11425,11423
11427,11425
11428,7
11429,11427
11430,11428
11432,11430
11434,11432
11435,11433
11436,11434
11437,5127
11438,11436
11440,11438
11441,11439
11442,11440
11443,11441
11444,11442
11446,11444
11447,11445
11448,11446
11450,36
11451,11449
11452,8023
11453,11451
11454,11452
11455,7
11456,11454
11457,11455
11459,11457
11460,11458
11461,11459
11463,11461
11465,11463
11466,11464
11467,11465
11469,11467
11470,11468
11471,11469
11472,11470
11475,11473
11476,11474
11477,3654
11478,16
11479,11477
11480,11478
11481,11479
11485,11483
11486,11484
11487,9463
11488,11486
11489,11487
11490,11488
11492,11490
11493,11491
11494,1755
11495,11493
11497,11495
11498,11496
11500,11498
11501,11499
11502,171
11504,11502
11506,11504
11507,11505
11508,11506
11509,11507
11510,11508
11511,36
11512,11510
11513,11511
11514,11512
11515,11513
11516,1783
11518,11516
11519,2730
11520,11518
11522,11520
11523,11521
11524,11522
11525,11523
11526,11524
11527,11525
11528,11526
11529,349
11530,11528
11531,2919
11534,11532
11535,11533
11536,11534
11538,11536
11539,11537
11540,11538
11541,11539
11542,11540
11544,11542
11545,11543
11546,11544
11547,11545
11548,11546
11550,11548
11551,11549
11552,11550
11553,11551
11555,11553
11556,11554
11558,11556
11559,11557
11561,11559
11562,11560
11563,11561
11564,11562
11565,1198
11566,11564
11567,11565
11569,11567
11570,11568
11572,11570
11573,11571
11574,11572
11575,11573
11577,11575
11578,91
11579,11577
11580,11578
11581,11579
11582,11580
11584,11582
11585,178
11586,11584
11587,36
11588,1212
11589,3320
11591,11589
11592,11590
11593,11591
11594,11592
11595,11593
11596,11594
11597,11595
11598,11596
11599,373
11600,11598
11602,11600
11603,11601
11605,11603
11606,11604
11607,11605
11608,11606
11609,11607
11610,11608
11612,11610
11613,11611
11614,36
11615,11613
11616,11614
11617,3973
11618,2578
11621,11619
11622,11620
11623,11621
11624,11622
11626,11624
11627,11625
11628,11626
11629,11627
11630,11628
11631,11629
11633,11631
11634,11632
11635,11633
11637,11635
11639,3887
11640,7981
11641,11639
11642,11640
11643,11641
11645,11643
11646,11644
11647,11645
11648,11646
11649,11647
11651,11649
11652,11650
11653,11651
11654,11652
11655,11653
11657,11655
11658,11656
11659,271
11660,1212
11662,9463
11663,11661
11664,11662
11665,4510
11668,1293
11670,11668
11671,770
11672,11670
11673,11671
11674,11672
11675,36
11676,11674
11677,2530
11678,11676
11679,4445
11682,11680
11684,11682
11685,11683
11688,11686
11689,11687
11690,2269
11691,11689
11692,11690
11694,11692
11695,11693
11696,11694
11697,11695
11699,2095
11700,11698
11701,11699
11702,11700
11703,194
11704,11702
11706,11704
11707,11705
11708,33
11709,11707
11710,11708
11712,284
11713,11711
11714,11712
11715,11713
11716,11714
11717,11715
11718,1662
11719,7
11720,11718
11722,36
11723,11721
11724,11722
11725,252
11726,11724
11727,1875
11730,11728
11731,11729
11732,11730
11733,11731
11735,271
11736,11734
11737,11735
11738,11736
11739,11737
11740,11738
11742,11740
11743,11741
11744,4754
11745,11743
11746,33
11748,11746
11749,11747
11750,11748
11751,11749
11752,11750
11753,11751
11755,11753
11756,11754
11758,11756
11760,11758
11761,11759
11762,11760
11764,11762
11765,11763
11766,11764
11768,16
11769,11767
11770,11768
11771,11769
11772,11770
11774,11772
11775,11773
11776,11774
11777,11775
11778,11776
11779,11777
11780,11778
11781,6458
11782,11780
11784,11782
11786,11784
11787,11785
11789,11787
11791,11789
11792,1385
11793,2833
11794,11792
11795,11793
11796,11794
11797,11795
11799,11797
11800,11798
11801,11799
11802,11800
11804,11802
11805,11803
11806,3051
11808,11806
11809,11807
11810,11808
11812,5470
11813,11811
11814,11812
11815,11813
11817,675
11818,11816
11819,11817
11820,11818
11822,11820
11823,194
11824,11822
11825,11823
11826,11824
11827,11825
11828,11826
11830,11828
11831,11829
11832,11830
11833,11831
11834,11832
11837,11835
11838,11836
11839,11837
11840,11838
11841,11839
11842,349
11844,11842
11845,11843
11846,11844
11848,11846
11849,11847
11850,11848
11851,2536
11852,11850
11853,11851
11855,11853
11856,724
11857,11855
11858,864
11859,11857
11861,11859
11862,9614
11863,11861
11865,352
11866,11864
11867,11865
11868,11866
11869,284
11871,11869
11872,11870
11873,11871
11875,11873
11876,11874
11877,8737
11879,1020
11881,11879
11882,11880
11884,11882
11885,11883
11886,11884
11887,11885
11888,11886
11890,11888
11891,11889
11892,11890
11894,11892
11895,11893
11897,11895
11898,7381
11899,8817
11900,11898
11901,11899
11902,11900
11903,11901
11904,11902
11905,11903
11908,11906
11909,770
11910,11908
11911,11909
11912,11910
11913,11911
11915,11913
11916,1808
11917,11915
11918,11916
11920,11918
11921,11919
11922,11920
11925,11923
11926,11924
11928,11926
11929,11927
11930,11928
11931,11929
11932,11930
11934,11932
11935,11933
11937,11935
11938,1336
11939,11937
11940,11938
11941,11939
11943,11941
11944,16
11945,11943
11946,11944
11947,11945
11948,11946
11950,1024
11951,36
11952,11950
11953,11951
11954,11952
11956,5325
11957,646
11958,11956
11959,11957
11960,3074
11961,11959
11962,11960
11964,11962
11965,7065
11966,11964
11967,11965
11969,11967
11970,11968
11971,11969
11972,11970
11973,11971
11974,11972
11975,11973
11976,11974
11977,11975
11978,11976
11979,11977
11980,11978
11983,11981
11984,11982
11986,2601
11987,11985
11989,11987
11990,11988
11991,11989
11992,11990
11994,11992
11995,11993
11996,16
11997,11995
11998,11996
11999,6262
12000,11998
12003,12001
12004,12002
12005,36
12006,12004
12008,12006
12009,2741
12010,12008
12011,12009
12012,12010
12014,12012
12016,3929
12017,12015
12018,12016
12019,12017
12020,12018
12022,1845
12024,12022
12025,9080
12027,12025
12028,1458
12031,12029
12032,12030
12033,12031
12034,12032
12035,12033
12036,1172
12037,7065
12039,1212
12040,12038
12041,12039
12042,12040
12044,12042
12046,2833
12047,7
12048,438
12049,12047
12050,6169
12051,12049
12052,12050
12053,36
12055,12053
12056,12054
12057,12055
12058,0
12059,12057
12060,474
12062,12060
12063,91
12064,12062
12065,12063
12066,12064
12068,12066
12069,12067
12070,12068
12071,12069
12073,12071
12074,10911
12075,12073
12076,12074
12077,12075
12079,12077
12080,3451
12081,12079
12082,12080
12083,12081
12084,33
12086,3467
12087,12085
12088,12086
12089,2507
12090,12088
12093,3425
12094,3035
12095,12093
12096,12094
12097,12095
12098,12096
12099,7
12100,12098
12101,12099
12102,12100
12103,12101
12104,675
12105,33
12106,12104
12107,6476
12108,12106
12109,2100
12111,12109
12112,331
12113,3011
12114,12112
12116,12114
12117,12115
12118,1902
12119,1579
12120,12118
12121,12119
12123,12121
12124,1020
12125,12123
12126,12124
12127,12125
12128,12126
12130,12128
12132,12130
12133,12131
12135,12133
12136,12134
12137,12135
12138,12136
12140,12138
12141,12139
12142,12140
12143,2121
12144,12142
12145,2460
12146,12144
12147,12145
12149,12147
12150,12148
12151,349
12152,12150
12154,12152
12155,12153
12156,12154
12157,12155
12158,12156
12159,5323
12160,12158
12162,12160
12163,12161
12164,12162
12165,2906
12166,12164
12168,12166
12169,12167
12170,12168
12172,12170
12173,271
12174,12172
12175,12173
12176,1258
12177,12175
12178,12176
12180,12178
12181,91
12182,12180
12183,12181
12185,12183
12186,12184
12187,12185
12188,12186
12189,12187
12191,12189
12192,1142
12193,581
12194,12192
12195,7
12196,12194
12197,12195
12198,12196
12200,12198
12202,12200
12204,12202
12205,12203
12206,12204
12207,12205
12208,2765
12210,12208
12211,12209
12213,12211
12214,12212
12215,12213
12216,2753
12217,12215
12218,12216
12219,12217
12221,12219
12223,12221
12224,12222
12225,12223
12226,2741
12227,819
12229,12227
12230,36
12231,12229
12232,12230
12233,12231
12234,12232
12235,12233
12237,12235
12239,7975
12240,1933
12241,12239
12242,12240
12243,12241
12244,737
12245,12243
12247,12245
12249,12247
12250,12248
12252,12250
12253,12251
12254,12252
12255,6742
12256,36
12259,12257
12260,5568
12261,2495
12262,12260
12263,12261
12264,12262
12266,12264
12268,12266
12269,12267
12270,12268
12271,12269
12272,12270
12273,12271
12274,12272
12275,12273
12276,12274
12278,12276
12279,1132
12280,12278
12281,12279
12282,1239
12283,16
12284,12282
12285,5470
12287,12285
12288,12286
12289,12287
12290,1212
12292,12290
12293,12291
12294,4491
12295,4009
12297,12295
12298,12296
12300,12298
12301,3202
12302,12300
12303,12301
12304,12302
12305,53
12306,12304
12308,12306
12309,7
12310,284
12311,12309
12312,12310
12313,12311
12314,271
12316,12314
12318,12316
12319,12317
12320,12318
12321,7
12324,12322
12325,12323
12327,12325
12329,671
12330,178
12331,12329
12332,12330
12333,319
12334,10942
12335,12333
12336,12334
12337,12335
12338,12336
12340,12338
12341,12339
12342,12340
12343,12341
12344,16
12345,12343
12346,12344
12348,12346
12349,12347
12351,12349
12352,12350
12353,12351
12354,12352
12355,12353
12357,12355
12358,12356
12359,12357
12360,12358
12362,12360
12363,12361
12364,12362
12365,12363
12366,12364
12367,12365
12369,12367
12370,12368
12371,12369
12373,12371
12374,12372
12375,12373
12377,12375
12378,257
12379,12377
12380,12378
12381,12379
12384,12382
12385,16
12386,12384
12387,284
12388,12386
12390,12388
12392,349
12393,12391
12394,12392
12395,12393
12396,12394
12398,11170
12399,12397
12400,12398
12401,12399
12402,12400
12403,6860
12404,12402
12405,12403
12407,12405
12408,12406
12410,12408
12411,3646
12412,12410
12413,284
12414,12412
12415,12413
12417,12415
12418,4009
12419,126
12420,12418
12421,12419
12422,12420
12425,107
12426,12424
12427,9529
12428,16
12429,931
12430,12428
12431,12429
12432,716
12433,2606
12434,12432
12435,12433
12436,12434
12437,12435
12440,12438
12442,12440
12443,12441
12444,12442
12445,240
12446,12444
12447,12445
12448,12446
12449,12447
12450,12448
12452,12450
12454,12452
12455,12453
12456,12454
12457,2919
12458,12456
12459,3394
12460,12458
12462,12460
12463,7
12464,271
12465,12463
12466,1212
12467,12465
12469,12467
12470,12468
12471,12469
12472,12470
12474,7
12475,12473
12476,12474
12477,12475
12478,12476
12480,12478
12481,12479
12483,12481
12486,12484
12487,12485
12488,12486
12490,12488
12492,2765
12493,12491
12494,12492
12495,12493
12496,504
12497,12495
12499,12497
12500,16
12501,12499
12502,16
12503,12501
12504,12502
12505,12503
12506,784
12507,117
12509,12507
12510,12508
12511,12509
12512,9790
12513,12511
12515,6423
12516,12514
12517,12515
12518,12516
12519,12517
12521,12519
12523,12521
12524,12522
12525,12523
12526,12524
12528,12526
12529,12527
12531,16
12532,7
12534,686
12535,12533
12536,12534
12537,12535
12538,12536
12540,36
12541,12539
12542,12540
12543,12541
12544,12542
12546,12544
12547,12545
12548,12546
12549,4009
12551,12549
12553,12551
12554,12552
12555,12553
12557,12555
12558,12556
12559,12557
12561,12559
12562,12560
12563,12561
12564,12562
12565,12563
12567,12565
12568,12566
12571,12569
12573,12571
12574,12572
12575,12573
12576,12574
12578,12576
12579,12577
12580,12578
12582,12580
12583,12581
12584,12582
12585,12583
12587,12585
12589,12587
12590,12588
12592,12590
12593,12591
12594,12592
12595,12593
12597,12595
12598,1933
12599,12597
12600,12598
12601,12599
12602,12600
12604,12602
12605,12603
12606,12604
12607,12605
12608,12606
12610,12608
12611,271
12612,12610
12613,12611
12615,12613
12616,12614
12618,12616
12619,12617
12621,5243
12622,12620
12623,12621
12625,12623
12626,12624
12628,166
12630,319
12631,12629
12632,12630
12633,12631
12636,12634
12637,12635
12638,12636
12639,12637
12640,12638
12642,12640
12644,12642
12645,12643
12646,12644
12647,7
12649,12647
12650,12648
12652,12650
12654,12652
12655,12653
12656,12654
12658,12656
12659,12657
12660,12658
12662,12660
12663,12661
12664,12662
12665,194
12667,12665
12669,12667
12670,12668
12671,1157
12672,2833
12674,12672
12675,12673
12676,12674
12677,12675
12679,12677
12680,12678
12682,12680
12683,675
12684,12682
12685,12683
12686,12684
12687,12685
12688,12686
12690,12688
12693,675
12694,1239
12695,12693
12696,12694
12697,12695
12699,12697
12700,271
12701,12699
12702,12700
12703,12701
12704,36
12706,12704
12707,12705
12708,12706
12709,12707
12711,12709
12712,12710
12713,12711
12715,12713
12716,12714
12717,36
12718,12716
12719,12717
12721,349
12722,12720
12723,12721
12724,12722
12725,12723
12727,1574
12728,12726
12729,24
12730,12728
12731,12729
12733,12731
12734,4179
12735,12733
12736,271
12737,9839
12739,12737
12740,12738
12741,7
12742,12740
12743,12741
12745,12743
12746,319
12747,5925
12748,12746
12750,12748
12751,271
12752,12750
12753,12751
12755,12753
12756,12754
12757,12755
12758,12756
12760,12758
12761,36
12762,12760
12763,12761
12765,12763
12766,271
12767,36
12768,12766
12770,12768
12771,12769
12772,12770
12774,12772
12775,12773
12776,6800
12778,12776
12779,12777
12780,10911
12781,612
12783,12781
12784,12782
12785,12783
12786,8371
12788,12786
12789,675
12790,12788
12791,12789
12792,12790
12793,24
12794,12792
12796,12794
12797,271
12798,12796
12799,12797
12800,7
12802,12800
12803,12801
12804,12802
12805,12803
12807,12805
12808,12806
12809,1020
12811,12809
12812,3478
12813,12811
12814,12812
12815,12813
12817,12815
12818,178
12819,1609
12820,257
12821,12819
12822,12820
12823,12821
12825,12823
12826,12824
12827,12825
12828,12826
12830,12828
12831,12829
12834,12832
12836,36
12837,12835
12839,36
12840,3478
12842,12840
12843,12841
12844,12842
12845,12843
12846,12844
12848,12846
12849,36
12850,12848
12851,12849
12852,12850
12853,12851
12855,12853
12856,12854
12857,12855
12858,8812
12859,16
12860,12858
12861,12859
12863,12861
12864,12862
12866,12864
12867,12865
12868,12866
12869,12867
12870,12868
12872,12870
12873,12871
12875,12873
12876,12874
12877,12875
12878,12876
12879,12877
12880,12878
12881,12879
12884,12882
12885,12883
12886,12884
12887,7158
12888,12886
12890,6675
12893,12891
12894,12892
12895,24
12896,274
12897,779
12898,12896
12900,12898
12901,12899
12902,12900
12903,12901
12905,12903
12906,274
12908,12906
12909,3035
12910,36
12911,12909
12912,12910
12913,12911
12914,4009
12916,12914
12918,12916
12919,6618
12920,12918
12922,12920
12923,12921
12925,12923
12926,12924
12927,12925
12929,12927
12930,12928
12932,12930
12934,12932
12935,12933
12936,12934
12937,12935
12938,12936
12940,12938
12941,12939
12942,12940
12943,2810
12944,12942
12945,12943
12948,12946
12949,12947
12950,12948
12951,12949
12952,12950
12954,12952
12955,12953
12956,12131
12957,12955
12958,12956
12959,12957
12960,36
12961,12959
12962,8259
12963,12961
12965,12963
12966,12964
12967,12965
12969,12967
12970,16
12971,12969
12972,5423
12973,12971
12974,3425
12975,12973
12977,7284
12978,12976
12979,12977
12980,12978
12981,166
12982,12980
12983,12981
12984,426
12986,12984
12987,12985
12988,12986
12989,12987
12990,12988
12992,12990
12993,12991
12994,12992
12995,12993
12996,12994
12998,12996
12999,6304
13000,6800
13001,3635
13002,13000
13003,675
13004,13002
13005,13003
13007,13005
13008,2982
13009,6127
13010,13008
13011,13009
13012,513
13014,13012
13015,13013
13016,13014
13017,13015
13018,13016
13019,13017
13020,13018
13022,13020
13024,2365
13025,6038
13026,13024
13028,13026
13029,13027
13030,13028
13031,349
13032,13030
13033,798
13035,13033
13036,7
13037,293
13038,13036
13040,10603
13041,13039
13042,13040
13043,10486
13044,13042
13045,13043
13046,13044
13049,13047
13050,13048
13052,5423
13053,13051
13054,13052
13055,13053
13056,13054
13057,13055
13059,13057
13060,13058
13061,11595
13063,13061
13064,13062
13065,13063
13066,13064
13069,13067
13070,680
13071,13069
13072,13070
13073,4353
13074,13072
13075,7
13076,53
13077,1145
13079,13077
13080,13078
13081,13079
13083,13081
13084,13082
13086,13084
13087,13085
13088,13086
13089,13087
13090,13088
13092,611
13093,13091
13094,13092
13095,13093
13096,13094
13097,13095
13100,13098
13102,13100
13104,13102
13105,13103
13106,13104
13107,13105
13109,2919
13110,13108
13111,13109
13112,13110
13113,1145
13115,13113
13117,13115
13118,13116
13119,13117
13120,13118
13123,13121
13124,13122
13125,13123
13126,13124
13128,13126
13129,13127
13130,13128
13131,13129
13132,13130
13134,2833
13135,13133
13137,13135
13138,13136
13139,13137
13140,13138
13141,13139
13142,13140
13143,939
13144,13142
13145,13143
13146,13144
13147,13145
13150,13148
13151,13149
13152,3437
13154,13152
13155,13153
13156,13154
13158,1755
13159,13157
13160,13158
13161,13159
13163,36
13164,13162
13165,13163
13166,946
13167,13165
13168,126
13169,9614
13170,13168
13171,13169
13172,13170
13173,3451
13174,13172
13175,7
13177,13175
13178,13176
13179,13177
13181,13179
13182,271
13183,13181
13184,13182
13185,6928
13186,13184
13188,1902
13189,13187
13190,13188
13191,513
13193,13191
13194,13192
13196,13194
13197,13195
13198,13196
13200,13198
13201,13199
13202,13200
13203,13201
13205,13203
13206,13204
13207,13205
13208,16
13210,13208
13211,13209
13212,16
13214,13212
13215,13213
13216,4179
13217,13215
13218,13216
13219,770
13220,13218
13222,13220
13223,13221
13224,13222
13225,713
13226,13224
13228,13226
13229,13227
13230,13228
13232,13230
13233,13231
13234,13232
13235,13233
13237,13235
13238,2591
13239,16
13240,2460
13241,13239
13242,13240
13244,13242
13245,5872
13247,13245
13248,13246
13249,13247
13250,13248
13252,13250
13253,9092
13255,13253
13256,13254
13257,36
13259,13257
13260,13258
13261,13259
13262,13260
13263,4132
13264,13262
13265,1145
13266,13264
13267,13265
13269,13267
13270,13268
13272,5668
13274,13272
13276,13274
13277,13275
13278,13276
13279,13277
13280,13278
13283,1212
13285,13283
13286,13284
13287,13285
13289,13287
13290,13288
13291,13289
13292,13290
13294,13292
13296,1494
13297,13295
13298,13296
13299,13297
13300,13298
13301,13299
13302,13300
13304,7073
13305,13303
13306,13304
13307,13305
13309,6928
13310,13308
13311,13309
13312,13310
13314,13312
13316,13314
13318,13316
13319,13317
13320,2317
13321,13319
13323,13321
13324,406
13325,1145
13326,13324
13327,13325
13328,13326
13329,36
13331,13329
13332,13330
13334,13332
13335,13333
13336,13334
13338,13336
13339,1336
13340,13338
13341,13339
13342,13340
13344,13342
13345,13343
13346,13344
13347,504
13349,13347
13350,13348
13351,8128
13352,13350
13353,13351
13355,107
13356,13354
13358,13356
13359,13357
13360,13358
13361,13359
13362,4310
13365,675
13366,1249
13367,13365
13368,13366
13370,13368
13372,13370
13373,13371
13375,13373
13376,5067
13377,13375
13378,1913
13379,2563
13380,13378
13381,13379
13383,12361
13384,13382
13385,13383
13386,2495
13387,13385
13389,13387
13390,13388
13392,3779
13393,13391
13394,13392
13396,13394
13397,9502
13400,13398
13401,6800
13402,13400
13404,13402
13405,13403
13406,13404
13407,13405
13408,13406
13409,13407
13411,13409
13412,13410
13413,13411
13414,1597
13415,13413
13417,13415
13418,13416
13419,13417
13420,13418
13421,13419
13423,13421
13424,13422
13425,13423
13427,13425
13429,13427
13431,13429
13432,13430
13433,13431
13435,13433
13436,13434
13437,13435
13440,13438
13441,13439
13443,13441
13444,2601
13445,13443
13446,13444
13447,13445
13449,9610
13450,706
13451,13449
13452,272
13454,13452
13455,13453
13456,13454
13457,13455
13459,13457
13460,13458
13461,13459
13462,13460
13463,13461
13465,13463
13466,16
13467,13465
13468,13466
13470,13468
13471,13469
13473,13471
13475,13473
13476,13474
13477,13475
13478,13476
13479,13477
13481,13479
13482,13480
13483,13481
13485,2811
13486,13484
13488,13486
13489,13487
13490,13488
13491,36
13492,13490
13495,3458
13496,13494
13497,349
13498,13496
13499,13497
13500,13498
13503,13501
13504,13502
13505,13503
13506,13504
13507,13505
13508,1850
13510,13508
13511,713
13513,13511
13514,13512
13515,13513
13516,13514
13517,13515
13518,13516
13520,13518
13521,13519
13522,2753
13524,1832
13525,13523
13527,13525
13528,13526
13529,13527
13530,13528
13531,13529
13532,13530
13533,33
13534,13532
13535,7
13536,24
13538,13536
13539,5975
13541,13539
13542,452
13544,13542
13545,13543
13546,7
13547,33
13548,10369
13549,13547
13550,13548
13551,13549
13553,13551
13554,13552
13555,13553
13556,13554
13558,7
13559,13557
13560,13558
13561,13559
13562,13560
13565,6398
13567,13565
13570,13568
13571,13569
13572,13570
13573,13571
13574,4009
13576,13574
13577,13575
13579,13577
13580,13578
13582,13580
13583,13581
13584,13582
13585,13583
13586,3115
13588,989
13589,13587
13590,13588
13591,13589
13592,13590
13594,13592
13595,16
13596,107
13597,13595
13599,13597
13600,1494
13601,13599
13602,513
13603,13601
13604,13602
13605,1145
13606,13604
13608,13606
13609,5596
13610,13608
13611,513
13612,3562
13613,13611
13614,13612
13616,13614
13617,13615
13618,13616
13619,13617
13620,13618
13623,13621
13624,13622
13625,13623
13627,13625
13628,13626
13629,13627
13631,13629
13632,13630
13633,9678
13634,16
13635,13633
13636,13634
13638,13636
13640,13638
13641,13639
13642,13640
13644,13642
13645,13643
13646,13644
13647,91
13648,13646
13650,13648
13651,271
13652,13650
13653,13651
13654,13652
13657,13655
13659,13657
13660,13658
13661,13659
13662,13660
13663,13661
13666,13664
13667,13665
13668,13666
13670,13668
13671,13669
13672,13670
13673,13671
13674,13672
13675,0
13676,13674
13677,13675
13679,13677
13681,13679
13682,271
13683,13681
13684,13682
13685,13683
13687,13685
13688,375
13690,13688
13691,13689
13692,13690
13693,13691
13694,13692
13696,13694
13697,13695
13698,403
13699,13697
13701,13699
13702,13700
13703,13701
13704,13702
13706,13704
13707,13705
13708,13706
13709,126
13710,375
13711,13709
13712,13710
13713,1213
13715,8074
13716,13714
13717,13715
13718,13716
13719,7
13720,13718
13721,13719
13723,13721
13724,13722
13725,13723
13726,13724
13727,13725
13729,13727
13731,7
13732,13730
13733,13731
13734,13732
13735,2741
13737,13735
13738,13736
13739,13737
13740,13738
13742,13740
13743,13741
13745,13743
13746,13744
13747,13745
13748,13746
13750,13748
13751,13749
13752,13750
13753,16
13754,13752
13756,16
13757,13755
13758,1458
13759,13757
13763,13761
13764,1102
13765,13763
13766,13764
13767,5627
13768,13766
13770,13768
13771,13769
13772,3115
13773,3260
13774,13772
13775,13773
13776,13774
13778,13776
13779,13777
13780,13778
13781,13779
13783,16
13784,13782
13785,13783
13786,13784
13787,13785
13789,13787
13790,13788
13791,13789
13794,2366
13795,13793
13796,13794
13797,13795
13798,1084
13799,13797
13801,13799
13802,13800
13804,13802
13806,13804
13807,13805
13808,166
13809,13807
13810,91
13811,13809
13813,13811
13814,13812
13815,587
13816,13814
13817,13815
13818,7
13819,13817
13821,13819
13822,13820
13823,13821
13825,13823
13826,13824
13827,13825
13828,13826
13829,13827
13832,13830
13833,504
13835,13441
13836,13834
13837,252
13838,107
13839,13837
13841,16
13843,13841
13844,13842
13845,13843
13846,13844
13847,13845
13848,12728
13849,1808
13850,13848
13852,13850
13854,16
13855,13853
13856,13854
13857,13855
13858,13856
13859,13857
13860,13858
13862,2797
13863,13861
13864,252
13866,13864
13867,13865
13868,13866
13869,13867
13870,13868
13872,13870
13873,452
13874,13872
13875,13873
13877,13875
13879,13877
13881,7
13882,13880
13883,13881
13884,13882
13885,13883
13886,13884
13888,0
13890,13888
13891,2455
13892,13890
13893,13891
13897,1790
13898,13896
13899,13897
13900,13898
13901,13899
13903,13901
13904,13902
13905,13903
13906,13904
13908,13906
13909,2730
13910,13908
13912,13910
13913,13911
13914,13912
13915,13913
13916,13914
13917,13915
13918,13916
13920,587
13922,13920
13923,13921
13924,13922
13925,13923
13926,1239
13928,13926
13929,13927
13930,13928
13932,13930
13933,4009
13934,13932
13936,8009
13937,13935
13938,13936
13939,13937
13940,7
13941,13939
13943,13941
13944,13942
13945,13943
13946,13944
13947,737
13948,841
13949,13947
13950,13948
13952,13950
13953,13951
13955,13953
13956,13954
13957,13955
13958,13956
13959,13957
13962,13960
13963,13961
13965,13963
13966,13964
13968,13966
13969,2811
13970,13968
13971,271
13972,13970
13973,13971
13974,13972
13975,36
13976,13974
13977,13975
13978,13976
13979,16
13981,13979
13982,8493
13983,13981
13985,13983
13986,13984
13987,2114
13988,13986
13989,13987
13990,1085
13992,612
13993,13991
13994,13992
13995,13993
13996,13994
13998,13996
13999,13997
14000,13998
14001,13999
14002,274
14003,14001
14004,14002
14005,7
14007,14005
14008,14006
14009,14007
14010,14008
14012,14010
14013,1755
14014,1845
14015,14013
14016,14014
14017,14015
14019,14017
14021,14019
14022,14020
14023,14021
14024,14022
14025,14023
14027,14025
14028,675
14029,14027
14030,14028
14032,724
14033,14031
14034,14032
14036,14034
14037,14035
14039,14037
14040,14038
14041,946
14042,14040
14043,107
14045,14043
14047,14045
14048,14046
14049,24
14050,14048
14051,14049
14052,14050
14054,223
14055,14053
14056,14054
14057,14055
14060,14058
14061,14059
14063,14061
14064,2742
14066,14064
14067,14065
14068,14066
14069,107
14070,14068
14071,14069
14072,14070
14074,14072
14075,770
14076,33
14077,14075
14078,14076
14079,319
14080,14078
14081,14079
14082,14080
14083,14081
14084,14082
14085,14083
14089,14087
14090,14088
14092,14090
14093,14091
14094,14092
14096,14094
14097,14095
14098,14096
14100,14098
14101,14099
14102,14100
14103,14101
14104,14102
14106,14104
14107,14105
14108,14106
14109,14107
14111,14109
14114,14112
14115,14113
14116,14114
14117,10996
14118,14116
14119,14117
14120,14118
14121,14119
14122,14120
14124,14122
14125,14123
14127,14125
14128,14126
14129,14127
14130,14128
14132,14130
14133,14131
14134,14132
14136,14134
14138,14136
14139,14137
14140,14138
14141,14139
14143,14141
14144,14142
14145,14143
14146,14144
14147,14145
14148,14146
14149,14147
14151,735
14152,4754
14153,14151
14154,271
14156,14154
14157,14155
14158,14156
14159,14157
14161,14159
14162,14160
14163,5347
14164,14162
14165,14163
14167,14165
14169,14167
14170,14168
14171,14169
14172,14170
14174,4176
14175,14173
14176,14174
14177,2317
14178,14176
14179,14177
14180,3175
14181,14179
14183,14181
14185,7
14186,14184
14188,14186
14189,14187
14190,166
14191,14189
14192,14190
14193,14191
14194,14192
14195,14193
14196,14194
14198,14196
14199,1661
14200,14198
14202,14200
14204,14202
14205,14203
14206,14204
14207,14205
14208,14206
14210,14208
14211,14209
14213,14211
14215,14213
14216,2269
14217,14215
14219,14217
14221,14219
14222,14220
14224,1385
14225,14223
14226,14224
14227,14225
14229,240
14230,3380
14231,14229
14233,14231
14234,923
14235,14233
14236,713
14237,14235
14238,14236
14240,452
14241,14239
14242,14240
14243,14241
14244,14242
14245,14243
14246,14244
14248,14246
14249,126
14250,14248
14251,14249
14253,14251
14254,14252
14255,14253
14256,8396
14257,16
14258,14256
14259,1293
14260,504
14262,14260
14263,14261
14265,14263
14266,2238
14267,14265
14268,14266
14270,14268
14271,14269
14272,14270
14273,14271
14274,14272
14275,14273
14277,14275
14278,14276
14279,14277
14281,14279
14282,116
14283,14281
14284,14282
14285,381
14287,923
14288,14286
14289,14287
14290,3175
14291,14289
14292,14290
14293,14291
14295,16
14296,14294
14297,349
14298,14296
14299,14297
14300,5382
14302,14300
14303,14301
14304,14302
14305,14303
14306,14304
14307,14305
14309,724
14310,2095
14311,2269
14312,14310
14313,14311
14314,14312
14315,14313
14316,14314
14317,14315
14319,14317
14320,14318
14321,14319
14323,14321
14324,14322
14325,1020
14327,14325
14328,14326
14329,14327
14330,14328
14331,14329
14332,14330
14333,14331
14334,14332
14336,14334
14337,178
14338,14336
14339,14337
14340,14338
14341,14339
14343,14341
14344,14342
14345,14343
14347,14345
14348,14346
14349,14347
14350,504
14352,14350
14353,14351
14354,14352
14355,14353
14356,14354
14358,14356
14359,14357
14360,14358
14362,2833
14365,14363
14366,14364
14367,12031
14368,14366
14369,14367
14370,14368
14372,733
14373,14371
14375,7
14376,53
14378,14376
14379,14377
14381,14379
14382,14380
14383,14381
14384,14382
14385,14383
14387,14385
14388,14386
14389,14387
14390,1560
14393,2944
14394,14392
14395,14393
14396,14394
14397,14395
14398,129
14400,14398
14401,14399
14402,36
14403,14401
14404,11283
14406,14404
14407,14405
14408,14406
14409,14407
14410,9540
14412,16
14414,271
14415,14413
14416,14414
14417,4491
14418,14416
14419,14417
14420,166
14421,14419
14423,14421
14424,14422
14425,14423
14426,587
14428,14426
14429,6287
14430,271
14431,14429
14432,14430
14434,16
14435,14433
14436,14434
14437,1401
14440,14438
14441,14439
14442,14440
14443,14441
14444,14442
14446,10369
14447,14445
14448,117
14449,14447
14450,14448
14451,10369
14452,14450
14454,14452
14455,14453
14456,14454
14457,14455
14458,14456
14460,14458
14461,14459
14462,14460
14463,14461
14464,1661
14466,1020
14467,14465
14468,14466
14469,14467
14470,14468
14472,14470
14473,1583
14474,14472
14475,1020
14476,14474
14478,14476
14479,16
14481,14479
14482,14480
14483,14481
14484,14482
14485,14483
14486,14484
14488,14486
14489,14487
14490,14488
14492,14490
14493,14491
14494,14492
14496,14494
14497,14495
14498,7
14499,14497
14500,14498
14502,14500
14504,14502
14505,8400
14506,14504
14507,14505
14509,14507
14511,14509
14512,14510
14513,1579
14514,14512
14515,25
14517,14515
14518,14516
14519,14517
14520,14518
14521,14519
14522,680
14524,14522
14525,14523
14526,14524
14527,14525
14529,14527
14530,14528
14532,14530
14533,4648
14534,14532
14535,14533
14536,14534
14538,14536
14539,14537
14540,14538
14542,4009
14543,1579
14544,14542
14545,14543
14546,14544
14547,14545
14548,14546
14550,14548
14551,14549
14553,14551
14554,14552
14555,14553
14557,14555
14558,914
14559,4899
14560,2100
14561,14559
14562,14560
14563,14561
14564,271
14565,16
14566,14564
14567,14565
14568,14566
14570,14568
14571,14569
14572,14570
14573,5682
14575,14573
14576,14574
14579,1378
14580,14578
14582,3478
14583,14581
14584,14582
14585,14583
14586,14584
14588,14586
14589,14587
14590,14588
14591,14589
14592,14590
14594,14592
14597,14595
14598,14596
14599,14597
14601,14599
14602,14600
14603,14601
14604,14602
14606,14604
14608,166
14609,14607
14610,14608
14611,14609
14612,14610
14613,14611
14616,14614
14617,14615
14618,6820
14619,1438
14620,14618
14622,14620
14623,14621
14624,14622
14625,14623
14626,14624
14627,14625
14629,14627
14630,14628
14631,737
14632,14630
14633,8365
14635,14633
14636,14634
14637,14635
14638,14636
14639,14637
14641,14639
14642,438
14643,14641
14644,14642
14646,9712
14649,14647
14650,8187
14651,14649
14652,14650
14655,14653
14656,14654
14657,14655
14658,14656
14659,1790
14660,107
14662,14660
14663,14661
14664,14662
14665,4922
14666,14664
14668,14666
14669,14667
14670,14668
14671,14669
14672,14670
14673,14671
14674,14672
14677,1924
14679,14677
14680,14678
14682,14680
14683,14681
14684,14682
14685,14683
14687,504
14688,271
14689,14687
14690,14688
14691,14689
14693,14691
14695,16
14696,14694
14697,14695
14698,14696
14699,14697
14700,14698
14701,14699
14703,36
14704,419
14705,14703
14706,14704
14707,271
14708,2017
14710,14708
14712,14710
14713,14711
14714,14712
14715,14713
14717,14715
14718,6268
14719,14717
14720,14718
14721,14719
14722,14720
14723,14721
14725,14723
14729,257
14730,14728
14731,14729
14732,14730
14733,14731
14735,1552
14736,14734
14738,7
14739,14737
14740,14738
14741,14739
14742,14740
14743,14741
14744,14742
14745,36
14747,14745
14748,14746
14749,14747
14750,14748
14751,14749
14752,14750
14753,14751
14755,14753
14756,36
14757,14755
14760,14758
14761,14759
14762,14760
14763,14761
14765,14763
14766,7
14768,14766
14769,91
14770,14768
14771,14769
14772,14770
14775,14773
14776,770
14778,14776
14779,6800
14780,1790
14781,14779
14782,14780
14783,14781
14784,14782
14785,0
14786,14784
14787,178
14788,16
14789,271
14790,14788
14791,14789
14792,14790
14793,14791
14794,14792
14796,14794
14797,14795
14798,14796
14800,14798
14801,14799
14802,1336
14803,1033
14804,14802
14805,14803
14806,14804
14808,14806
14809,3202
14810,675
14811,14809
14813,36
14814,14812
14815,271
14816,14814
14817,14815
14818,13795
14820,14818
14821,14819
14822,14820
14823,1845
14824,14822
14826,8675
14827,12098
14829,14827
14830,14828
14832,14830
14833,14831
14834,14832
14835,14833
14837,14835
14838,14836
14839,166
14840,14838
14841,14839
14843,14841
14844,14842
14846,3525
14847,14845
14848,14846
14849,14847
14850,5280
14852,14850
14853,14851
14854,14852
14856,14854
14857,14855
14859,16
14860,7434
14861,14859
14862,14860
14863,14861
14864,14862
14865,14863
14867,14865
14868,14866
14869,14867
14870,213
14871,14869
14872,126
14873,2587
14874,14872
14875,2317
14876,14874
14877,1541
14879,3394
14881,14879
14882,14880
14883,14881
14884,14882
14886,14884
14888,36
14889,14887
14890,7
14891,14889
14893,1212
14894,14892
14895,14893
14896,3693
14897,14895
14898,1902
14900,14898
14901,14899
14902,14900
14903,14901
14904,14902
14905,14903
14906,4491
14907,713
14908,14906
14909,166
14910,14908
14911,4697
14913,595
14916,14914
14917,7
14919,14917
14920,14918
14921,252
14922,600
14924,7
14925,14923
14928,14926
14930,14928
14931,14929
14932,9080
14933,14931
14934,10967
14935,14933
14936,14934
14938,14936
14939,6511
14940,14938
14941,14939
14942,14940
14943,14941
14944,53
14946,14944
14947,14945
14949,14947
14950,14948
14951,3
14952,14950
14953,14951
14954,10911
14956,14954
14957,14955
14958,14956
14960,14958
14961,14959
14962,14960
14964,2753
14965,14963
14966,9356
14967,14965
14969,14967
14970,923
14971,14969
14972,14970
14973,7
14974,14972
14975,14973
14976,14974
14977,14975
14978,14976
14979,36
14980,9834
14982,14980
14984,14982
14985,14983
14986,13502
14988,16
14989,14987
14990,14988
14991,14989
14992,14990
14994,14992
14997,14995
14999,14997
15000,14998
15001,14999
15003,4658
15004,15002
15005,12770
15006,15004
15007,10603
15008,15006
15009,15007
15010,15008
15012,15010
15013,713
15014,10967
15015,15013
15016,15014
15017,15015
15018,15016
15020,15018
15022,15020
15023,15021
15025,15023
15027,15025
15028,5096
15029,15027
15030,16
15031,15029
15032,15030
15033,504
15034,15032
15036,15034
15037,15035
15038,36
15039,15037
15041,15039
15042,3777
15043,15041
15044,15042
15045,914
15046,15044
15047,15045
15048,15046
15050,271
15051,15049
15052,15050
15054,946
15055,15053
15056,15054
15057,15055
15058,15056
15059,15057
15062,15060
15063,15061
15064,1020
15066,15064
15067,15065
15068,7284
15069,15067
15070,15068
15071,15069
15072,15070
15074,33
15075,15073
15076,15074
15077,15075
15078,15076
15081,15079
15082,15080
15083,319
15084,15082
15085,15083
15086,15084
15089,15087
15090,15088
15092,271
15093,15091
15094,15092
15095,4296
15096,15094
15097,15095
15098,15096
15100,15098
15101,15099
15102,15100
15103,15101
15105,381
15106,15104
15107,15105
15108,15106
15109,15107
15111,15109
15112,15110
15113,9092
15114,15112
15115,15113
15117,15115
15118,724
15119,438
15120,15118
15121,15119
15123,15121
15124,15122
15125,11619
15126,16
15127,15125
15128,15126
15129,15127
15130,12911
15132,15130
15134,15132
15135,15133
15137,15135
15138,15136
15139,15137
15140,15138
15143,15141
15145,15143
15146,15144
15147,10302
15149,15147
15150,15148
15151,15149
15152,15150
15153,3973
15154,15152
15156,15154
15157,15155
15158,11595
15159,15157
15160,15158
15161,15159
15163,15161
15164,15162
15165,15163
15167,15165
15168,15166
15169,15167
15170,0
15171,15169
15173,15171
15174,15172
15175,15173
15176,7000
15177,15175
15178,0
15181,15179
15182,15180
15183,611
15184,15182
15185,15183
15187,331
15188,15186
15190,15188
15191,15189
15192,15190
15194,15192
15195,15193
15197,15195
15198,15196
15200,15198
15201,15199
15202,15200
15203,15201
15204,15202
15205,4979
15207,15205
15209,15207
15210,15208
15212,15210
15213,15211
15214,15212
15215,15213
15216,15214
15217,15215
15218,36
15219,16
15220,2366
15221,15219
15223,3888
15224,15222
15226,15224
15227,15225
15229,15227
15230,15228
15232,15230
15233,15231
15234,15232
15235,15233
15236,16
15238,15236
15240,257
15241,15239
15242,15240
15243,15241
15245,15243
15246,15244
15247,4009
15250,15248
15251,15249
15252,15250
15254,15252
15255,1902
15256,15254
15257,15255
15259,15257
15260,274
15261,15259
15262,15260
15263,15261
15264,15262
15265,15263
15266,319
15267,3186
15268,459
15270,15268
15271,271
15272,15270
15273,15271
15274,15272
15276,1142
15277,15275
15278,15276
15279,7
15280,15278
15282,750
15284,2601
15285,15283
15286,15284
15287,15285
15288,15286
15289,15287
15290,15288
15291,2741
15292,8023
15294,1239
15295,15293
15296,15294
15298,15296
15299,406
15300,15298
15301,15299
15302,166
15304,15302
15305,15303
15306,750
15307,4009
15308,33
15309,15307
15310,15308
15311,1453
15312,1327
15313,15311
15314,15312
15315,284
15317,11572
15318,15316
15319,15317
15320,15318
15322,15320
15323,15321
15324,15322
15325,15323
15326,129
15327,271
15328,15326
15329,15327
15330,15328
15331,15329
15333,15331
15334,15332
15337,15335
15338,15336
15339,15337
15340,12098
15341,271
15342,3978
15343,7
15344,15342
15345,15343
15346,15344
15347,15345
15348,2017
15351,15349
15352,15350
15353,15351
15354,5254
15355,15353
15356,3888
15357,15355
15358,15356
15359,2617
15360,15358
15362,15360
15364,15362
15365,25
15367,15365
15368,15366
15369,15367
15370,3380
15371,15369
15373,15371
15374,15372
15375,15373
15376,15374
15377,15375
15379,15377
15380,15378
15382,15380
15383,15381
15384,36
15385,2269
15386,13487
15387,15385
15389,15387
15390,2536
15391,15389
15392,15390
15393,15391
15395,15393
15396,15394
15398,15396
15399,15397
15400,15398
15401,15399
15402,15400
15403,15401
15405,15403
15408,8866
15409,15407
15410,15408
15411,15409
15412,15410
15413,735
15414,15412
15415,15413
15416,15414
15417,271
15419,15417
15420,15418
15422,383
15423,15421
15425,15240
15426,9956
15427,15425
15428,15426
15429,15427
15430,15428
15431,15429
15432,15430
15433,15431
15434,15432
15436,15434
15438,1303
15439,15437
15440,15438
15441,15439
15442,15440
15443,1401
15445,15443
15446,15444
15447,15445
15449,15447
15450,15448
15451,15449
15453,3202
15455,15453
15456,11361
15457,15455
15458,15456
15459,3779
15460,15458
15462,117
15464,15462
15465,15463
15466,15464
15468,15466
15469,15467
15470,15468
15472,15470
15474,15472
15475,3180
15476,15474
15477,15475
15479,15477
15480,15478
15482,15480
15483,15481
15484,6038
15486,15484
15487,15485
15488,15486
15489,15487
15490,15488
15491,15489
15494,15492
15495,15493
15496,15494
15497,15495
15499,271
15500,15498
15501,15499
15502,15500
15504,15502
15505,15503
15507,15505
15508,15506
15510,16
15511,15509
15512,15510
15513,15511
15514,15512
15515,724
15517,15515
15518,15516
15519,1597
15520,7
15521,15519
15522,15520
15524,15522
15525,15523
15526,15524
15527,15525
15529,15527
15530,6774
15532,15530
15533,15531
15534,557
15535,581
15536,15534
15537,15535
15538,15536
15539,36
15541,15539
15542,15540
15543,252
15545,15543
15546,15544
15547,15545
15548,15546
15549,15547
15550,15548
15551,15549
15553,15551
15555,15553
15557,13062
15558,15556
15559,15557
15560,15558
15561,15559
15562,1583
15563,15561
15564,15562
15566,15564
15567,15565
15570,15568
15571,15569
15572,15570
15573,15571
15574,15572
15576,15574
15577,15575
15578,15576
15579,3887
15580,1566
15582,15580
15583,3350
15584,15582
15585,15583
15586,15584
15587,15585
15589,15587
15590,15588
15591,15589
15593,14338
15594,6742
15595,15593
15596,8833
15597,15595
15598,15596
15599,15597
15601,15599
15602,15600
15603,15601
15604,15602
15605,15603
15607,15605
15608,15606
15609,15607
15610,15608
15612,15610
15613,15611
15615,15613
15616,15614
15617,284
15618,15616
15619,15617
15620,15618
15621,240
15622,15620
15624,15622
15625,15623
15626,15624
15628,15626
15629,15627
15631,15629
15632,0
15633,15631
15635,15633
15636,15634
15637,15635
15638,15636
15640,15638
15641,15639
15642,15640
15643,15641
15644,6169
15646,15644
15647,15645
15648,7
15649,15647
15650,15648
15651,15649
15654,252
15656,349
15657,15655
15658,15656
15659,15657
15660,680
15661,1401
15662,117
15663,171
15664,15662
15665,1020
15666,15664
15667,7422
15668,946
15669,15667
15670,15668
15671,419
15672,24
15673,436
15675,15673
15676,15674
15677,15675
15679,15677
15681,2898
15682,15680
15683,735
15684,15682
15685,15683
15686,15684
15688,15686
15689,15687
15690,15688
15691,15689
15692,381
15693,15691
15694,1746
15696,15694
15697,15695
15698,15696
15699,15697
15700,15698
15701,15699
15703,4443
15704,9369
15705,15703
15707,15705
15708,15706
15709,15707
15711,15709
15712,15710
15714,15712
15715,15713
15716,15714
15717,15715
15718,15716
15720,15718
15721,15719
15722,15720
15724,15722
15725,15723
15726,15724
15727,15725
15728,6774
15729,36
15730,6471
15731,15729
15734,15732
15735,15733
15736,15734
15737,15735
15738,15736
15740,15738
15741,15739
15742,15740
15743,15741
15744,15742
15746,16
15747,15745
15748,107
15749,15747
15750,15748
15752,15750
15753,15751
15754,15752
15755,15753
15756,15754
15758,15756
15760,15758
15761,10278
15762,7042
15763,15761
15764,36
15765,3804
15766,15764
15767,15765
15768,15766
15770,15768
15771,15769
15773,15771
15774,15772
15776,15774
15777,7836
15778,6169
15779,15777
15780,15778
15781,15779
15782,3697
15783,15781
15784,15782
15786,28
15787,3563
15788,4591
15789,15787
15790,15788
15791,8438
15793,15791
15794,641
15795,15793
15796,15794
15797,15795
15799,8935
15800,15798
15801,15799
15802,15800
15803,15801
15805,15803
15806,15804
15807,15805
15808,16
15809,15807
15811,15809
15812,15810
15813,15811
15814,15812
15815,4009
15816,15814
15817,15815
15819,15817
15820,15818
15823,15821
15824,15822
15825,15823
15826,15824
15827,15825
15828,15826
15829,15827
15830,816
15831,10942
15833,15831
15834,15832
15836,438
15837,15835
15838,15836
15839,5423
15840,15838
15841,15839
15842,15840
15843,513
15845,194
15846,15844
15847,15845
15848,15846
15849,271
15851,15849
15852,15850
15853,15851
15854,15852
15855,2317
15857,15855
15859,15857
15860,15858
15862,15860
15864,15862
15865,15863
15866,15864
15867,15865
15869,15867
15870,15868
15871,675
15872,15870
15873,15871
15875,15467
15877,36
15878,15876
15879,15877
15880,15878
15881,15879
15883,194
15884,15882
15887,15885
15888,15886
15889,15887
15890,15888
15891,15889
15892,15890
15893,15891
15894,452
15895,36
15897,15895
15898,3887
15899,15897
15900,15898
15901,15899
15902,2753
15903,1458
15905,15903
15906,15904
15907,15905
15908,15906
15910,1790
15911,15909
15912,14509
15913,15911
15914,15912
15915,9583
15917,15915
15918,15916
15919,15917
15920,15918
15921,15919
15922,15920
15923,15921
15925,15923
15926,15924
15929,15927
15930,15928
15931,15929
15933,15931
15934,36
15935,15933
15936,15934
15937,15935
15939,15937
15941,9724
15942,15940
15943,15941
15944,15942
15945,15943
15947,15945
15948,15119
15949,15947
15950,15948
15953,36
15954,5866
15955,15953
15956,1249
15957,15955
15958,15956
15959,15957
15960,15958
15961,1688
15962,15960
15964,650
15967,2530
15968,5866
15969,1212
15970,15968
15972,15970
15974,6352
15975,13487
15976,15974
15977,349
15978,15976
15979,15977
15980,15978
15981,4009
15982,7
15983,15981
15984,7544
15985,15983
15987,107
15988,15986
15989,15987
15990,15988
15991,15989
15994,36
15995,15993
15996,7669
15997,15995
15999,15997
16000,15998
16001,15999
16002,16000
16005,16003
16006,16004
16007,2753
16009,16007
16010,16008
16011,7
16012,16010
16014,16012
16015,16013
16017,36
16018,16016
16019,16017
16020,16018
16021,16019
16023,16021
16024,16022
16025,16023
16026,3405
16027,16025
16028,16026
16030,16028
16031,16029
16032,16030
16034,16032
16035,16033
16036,16034
16037,16035
16038,16036
16040,16038
16041,24
16042,16040
16043,16041
16045,610
16046,16044
16047,10505
16048,16046
16049,16047
16050,16048
16052,16050
16053,16051
16054,16052
16055,16053
16057,16055
16058,16056
16059,16057
16060,12809
16061,16059
16063,16061
16064,16062
16065,1453
16066,819
16067,271
16068,1172
16069,16067
16070,16068
16072,16070
16073,16071
16075,16073
16077,7
16078,16076
16080,16078
16081,4491
16082,16080
16083,16081
16084,16
16085,16083
16086,16084
16087,16085
16089,16087
16090,16088
16091,16089
16092,7
16094,10105
16095,16093
16096,16094
16097,1102
16098,16096
16099,16097
16102,16100
16103,16101
16104,178
16105,16103
16106,16104
16107,16105
16108,16106
16109,16107
16110,16108
16111,1609
16115,16113
16116,3973
16117,16115
16118,16116
16119,16117
16120,16118
16121,2741
16123,16121
16124,16122
16125,16123
16127,16125
16128,16126
16129,16127
16131,16129
16132,1662
16133,16131
16134,16132
16135,16133
16136,16134
16137,16135
16139,16137
16140,349
16141,16139
16142,16140
16143,16141
16144,1239
16145,36
16146,91
16147,16145
16148,16146
16150,16148
16151,16149
16153,16151
16154,16152
16155,2442
16157,16155
16158,16156
16159,16157
16160,16158
16161,16
16162,16160
16164,16162
16165,16163
16166,16164
16167,16165
16168,4953
16170,16168
16171,16169
16172,16170
16174,16172
16175,16173
16176,16174
16178,16176
16179,8651
16180,16178
16181,16179
16182,16180
16183,16181
16185,16183
16186,16184
16188,16186
16190,271
16191,1790
16192,16190
16193,16191
16194,271
16195,3887
16196,16194
16198,16196
16199,16197
16200,735
16201,5242
16202,16200
16203,16201
16205,16203
16206,16204
16207,16205
16208,16206
16210,4987
16211,16209
16212,1157
16213,271
16214,16212
16215,16213
16216,16
16217,16215
16218,16216
16219,36
16220,16218
16221,713
16223,4179
16224,16222
16225,16223
16226,2854
16227,166
16228,11778
16229,729
16231,16229
16232,7188
16233,16231
16234,240
16235,16233
16236,16234
16238,16236
16239,16237
16240,16238
16241,319
16242,6268
16243,1150
16245,16243
16247,16245
16248,16246
16249,16247
16250,16248
16251,16249
16252,16250
16254,16252
16255,16253
16257,16255
16258,16256
16259,16257
16260,16258
16261,16259
16262,16260
16265,16263
16267,3654
16268,16266
16269,16267
16270,7
16271,4389
16272,462
16273,16271
16274,16272
16275,16273
16276,284
16277,16275
16278,16276
16279,16277
16281,16279
16283,16281
16284,16282
16285,16283
16286,16284
16287,839
16288,16286
16290,16288
16292,16290
16293,16291
16294,16292
16295,16293
16296,16294
16299,16297
16300,16298
16302,16300
16303,16301
16304,16302
16305,2095
16306,16304
16307,16
16308,10851
16309,16307
16311,1085
16312,16310
16313,16311
16314,16312
16316,16314
16317,16315
16319,16317
16320,16318
16322,16320
16323,16321
16324,474
16325,16323
16326,9358
16327,16325
16328,16326
16329,7451
16331,16329
16332,474
16333,16331
16335,16333
16336,16334
16338,16336
16339,16337
16340,16338
16341,16339
16342,16340
16343,9170
16345,16343
16346,3584
16347,16345
16348,16346
16349,16347
16350,271
16351,16349
16352,16350
16354,16352
16355,36
16357,16355
16358,16356
16359,16357
16360,16358
16362,16360
16363,166
16364,581
16365,166
16366,1401
16367,1212
16368,16366
16369,16367
16370,16368
16372,16370
16373,16371
16374,16372
16375,319
16376,16374
16377,16375
16378,16376
16379,194
16380,16378
16382,16380
16384,16
16385,7643
16386,16384
16388,3405
16389,16387
16390,16388
16391,1145
16392,16390
16393,16391
16394,1132
16395,16393
16396,6145
16397,16395
16398,16396
16399,16397
16401,16399
16402,16400
16403,16401
16404,16402
16406,16404
16407,16405
16408,16406
16409,16407
16411,16409
16413,14281
16414,16412
16415,16413
16417,16415
16418,16416
16420,16418
16421,9788
16422,8206
16423,349
16424,16422
16426,16424
16427,9442
16428,16426
16429,16427
16430,16428
16431,16429
16432,7667
16433,178
16434,11857
16435,16433
16437,16435
16438,16436
16441,16439
16442,16440
16443,16441
16444,16442
16445,16443
16446,16444
16447,16445
16449,16447
16450,16448
16452,16450
16453,16451
16454,16452
16456,16454
16459,16457
16460,16458
16462,16460
16463,16461
16464,0
16465,16463
16467,16465
16468,563
16469,16467
16470,16468
16472,16470
16474,16472
16475,16473
16476,36
16478,504
16479,4009
16480,16478
16481,16479
16483,16481
16484,8187
16485,271
16488,16486
16489,16487
16491,16489
16492,16490
16493,4019
16494,194
16495,16493
16497,16495
16498,16496
16499,16497
16500,271
16501,16499
16503,16501
16504,16502
16505,16503
16507,16505
16508,16506
16509,16507
16511,16509
16512,16510
16513,1566
16514,274
16515,16513
16517,272
16518,16516
16519,16517
16520,16518
16522,16520
16523,16521
16524,16522
16525,16523
16526,2530
16528,16526
16529,16527
16530,9616
16531,1808
16532,5323
16533,36
16534,16532
16536,16534
16538,3186
16539,5416
16540,16538
16541,16539
16542,16540
16543,16541
16544,16542
16545,16543
16547,16545
16548,16546
16549,16
16551,16549
16552,16550
16553,16551
16554,16552
16555,16553
16556,16
16559,16557
16560,16558
16561,16559
16562,178
16564,16562
16565,24
16566,16564
16567,25
16568,16
16569,16567
16570,16568
16571,16569
16573,2742
16574,16572
16575,16573
16576,16574
16578,16576
16579,16577
16580,16578
16581,16579
16584,16582
16585,9242
16586,16584
16587,16585
16588,16586
16590,706
16591,16589
16592,16590
16593,16591
16595,16593
16596,271
16597,16595
16598,16596
16599,16597
16600,16598
16601,16599
16603,7
16605,16603
16606,16604
16607,16605
16608,16606
16610,16608
16611,36
16612,1790
16613,16611
16614,16612
16615,1186
16616,16614
16618,16616
16619,16617
16620,16618
16621,1212
16622,16620
16624,7073
16625,16623
16626,16624
16627,16625
16628,166
16629,16627
16631,16629
16632,16630
16633,16631
16634,16632
16635,16633
16637,16635
16639,16637
16641,16639
16642,16640
16643,16641
16644,36
16645,16643
16646,16644
16647,271
16649,16647
16650,271
16651,16649
16654,16652
16655,16653
16656,16654
16659,16657
16660,16658
16661,16659
16662,474
16663,5357
16665,16663
16666,16664
16667,16665
16669,16667
16670,16668
16671,16669
16672,16670
16673,8812
16674,271
16676,16674
16677,16675
16678,16676
16679,16677
16681,16679
16682,16680
16683,16681
16684,16682
16686,16684
16687,10851
16688,675
16689,16687
16690,16688
16691,16689
16692,16690
16693,0
16694,1755
16695,16693
16697,16695
16698,16696
16700,36
16701,16699
16702,4501
16703,16701
16705,16703
16706,16704
16707,16705
16708,16706
16709,16707
16711,16709
16712,16710
16713,16
16714,3010
16715,1015
16716,16
16717,16715
16718,3894
16719,16717
16722,16720
16723,16721
16724,16722
16725,16723
16726,16724
16728,16726
16729,16727
16730,271
16731,16729
16732,16730
16734,16732
16735,16733
16736,16734
16737,7000
16738,1050
16739,16737
16740,16738
16743,16741
16744,419
16745,16743
16746,16744
16747,16745
16749,16747
16751,6127
16752,2378
16753,16751
16754,16752
16755,16753
16757,16755
16758,16756
16759,16
16760,587
16761,2898
16762,16760
16763,2908
16764,16762
16766,16764
16767,16765
16768,16766
16769,16767
16770,16768
16771,16769
16773,16771
16774,16772
16776,7461
16777,16775
16778,16776
16779,16777
16780,16778
16781,271
16782,331
16784,16782
16785,16783
16787,16785
16788,16786
16789,36
16791,16789
16792,7421
16793,16791
16794,16792
16795,16793
16798,16796
16799,1790
16800,16798
16801,16799
16803,16801
16804,16802
16806,16804
16807,9666
16808,5423
16809,2854
16810,16
16812,16810
16814,8135
16815,16813
16816,16814
16817,16815
16819,16817
16820,16818
16821,16819
16822,16820
16823,16821
16825,16823
16826,16824
16827,16825
16829,16827
16830,16828
16831,16829
16832,16830
16834,16832
16836,16834
16837,16835
16838,16836
16840,16838
16841,16839
16842,16840
16843,16841
16844,16272
16845,16843
16846,16844
16847,3767
16849,16847
16850,16848
16851,16849
16852,16850
16855,295
16856,16854
16857,16855
16859,16857
16860,16858
16861,16859
16862,16860
16863,36
16864,1020
16866,14294
16867,16865
16868,16866
16869,16867
16870,16868
16871,16869
16872,675
16873,16871
16875,91
16876,16874
16877,16875
16879,5096
16880,16878
16881,16879
16882,841
16883,16881
16884,16882
16886,271
16887,16885
16888,16886
16889,271
16890,16888
16891,16889
16893,16891
16894,724
16895,16893
16896,16894
16897,16895
16899,16897
16900,16898
16901,16899
16902,16900
16904,7073
16905,16903
16907,16905
16908,16906
16909,16907
16910,16908
16911,16909
16912,1271
16914,16912
16916,16914
16917,16915
16919,16917
16920,7
16921,16919
16922,16920
16923,16921
16925,16923
16926,16924
16927,16925
16930,16928
16931,16929
16932,16930
16933,16931
16934,2269
16935,4716
16936,16934
16937,16935
16938,16936
16939,16937
16940,16938
16942,10505
16943,16941
16944,16942
16945,16943
16946,770
16947,16945
16948,16946
16949,9929
16950,107
16952,16950
16953,16951
16955,16953
16956,16954
16957,6894
16958,16956
16959,16957
16961,16959
16962,16960
16963,16961
16965,16963
16966,16964
16967,16965
16968,16966
16969,16967
16971,773
16972,16
16973,16971
16974,16972
16975,16973
16976,16974
16977,16975
16978,274
16979,10154
16981,16979
16982,16980
16984,349
16985,194
16986,16984
16987,16985
16988,652
16990,16988
16991,16989
16993,16991
16994,36
16995,16993
16996,16994
16997,1132
16998,16996
16999,16997
17001,16999
17002,17000
17003,17001
17004,2914
17005,17003
17007,17005
17008,17006
17009,17007
17010,4491
17011,17009
17012,17010
17014,17012
17015,17013
17016,17014
17018,349
17019,17017
17020,17018
17023,17021
17024,17022
17025,5470
17026,17024
17027,17025
17028,17026
17030,271
17031,474
17033,17031
17034,17032
17035,17033
17037,17035
17039,17037
17040,17038
17041,17039
17042,17040
17043,17041
17044,17042
17045,12809
17047,17045
17049,1258
17050,274
17052,17050
17053,17051
17054,452
17055,6430
17056,17054
17057,17055
17059,17057
17060,675
17061,17059
17062,17060
17063,17061
17064,5127
17066,17064
17067,17065
17068,17066
17069,17067
17070,17068
17072,17070
17073,17071
17074,17072
17075,17073
17077,17075
17078,17076
17079,17077
17080,17078
17081,1020
17083,17081
17084,17082
17085,17083
17086,17084
17088,406
17089,17087
17090,2601
17091,1020
17093,17091
17094,513
17095,17093
17096,17094
17097,17095
17099,17097
17100,17098
17101,17099
17102,17100
17103,17101
17104,17102
17105,17103
17106,17104
17107,17105
17108,36
17110,17108
17111,17109
17112,17110
17113,17111
17115,17113
17117,5682
17118,17116
17119,271
17120,17118
17121,1212
17122,3768
17123,17121
17124,17122
17125,17123
17126,17124
17127,17125
17128,17126
17130,14079
17132,17130
17133,17131
17135,17133
17136,17134
17138,17136
17139,17137
17140,17138
17141,17139
17142,1115
17143,17141
17144,17142
17145,17143
17146,17144
17147,17145
17148,17146
17151,755
17152,17150
17153,1361
17155,94
17156,17154
17157,17155
17158,17156
17159,17157
17160,271
17162,14021
17163,5423
17166,17164
17167,17165
17168,17166
17169,17167
17170,271
17171,17169
17172,723
17173,4697
17174,17172
17175,17173
17177,1035
17178,675
17179,17177
17180,91
17181,1385
17182,17180
17183,17181
17184,17182
17185,7073
17187,17185
17188,271
17189,17187
17190,8128
17191,17189
17192,17190
17193,17191
17195,17193
17197,17195
17198,17196
17199,17197
17200,17198
17202,17200
17203,17201
17204,12911
17205,17203
17206,17204
17208,4009
17209,17207
17210,17208
17211,17209
17212,1494
17213,11910
17214,17212
17215,17213
17217,17215
17218,17216
17219,17217
17220,16
17221,17219
17223,17221
17224,17222
17225,17223
17226,17224
17227,17225
17229,331
17230,17228
17231,17229
17232,3051
17233,17231
17234,17232
17236,17234
17237,17235
17238,17236
17240,17238
17241,2753
17242,17240
17243,17241
17244,17242
17245,2753
17247,17245
17249,17247
17250,17248
17251,17249
17252,17250
17253,7
17254,17252
17255,17253
17256,17254
17259,17257
17261,17259
17262,17260
17263,17261
17264,17262
17265,17263
17266,17264
17267,17265
17268,9287
17271,17269
17272,17270
17273,17271
17274,17272
17276,178
17277,271
17278,36
17279,17277
17281,17279
17282,17280
17283,17281
17285,3405
17286,17284
17287,17285
17288,7
17290,8817
17291,17289
17292,17290
17293,17291
17294,17292
17295,17293
17296,17294
17298,6169
17299,17297
17300,17298
17301,9614
17302,17300
17303,17301
17304,17302
17306,17304
17307,17305
17308,17306
17310,17308
17311,17309
17312,17310
17313,17311
17317,16051
17318,17316
17319,17317
17320,17318
17321,17319
17322,17320
17323,17321
17324,240
17327,17325
17328,17326
17329,457
17330,17328
17331,257
17334,17332
17336,17334
17338,17336
17339,257
17340,17338
17341,17339
17342,17340
17343,17341
17344,17342
17345,17343
17347,17345
17348,5813
17349,17347
17350,17348
17351,17349
17352,17350
17354,17352
17355,17353
17356,17354
17358,17356
17359,17357
17360,17358
17362,17360
17363,17361
17364,17362
17365,17363
17367,17365
17368,17366
17369,17367
17370,3425
17372,17370
17374,17372
17375,17373
17376,17374
17377,17375
17378,17376
17380,17378
17381,7
17382,17380
17385,17383
17386,17384
17387,17385
17388,17386
17389,17387
17390,17388
17391,3887
17392,17390
17393,17391
17394,17392
17396,17394
17398,2365
17399,17397
17400,17398
17401,17399
17402,17400
17403,4872
17406,17404
17407,17405
17408,2536
17409,17407
17411,17409
17412,17410
17413,17411
17414,17412
17415,1378
17416,17414
17418,17416
17419,17417
17420,17418
17422,17420
17423,17421
17425,17423
17426,17424
17427,17425
17428,17426
17430,2730
17431,17429
17432,17430
17433,17431
17434,17432
17435,17433
17437,1458
17438,16
17439,17437
17440,17438
17441,1239
17442,17440
17443,17441
17445,17443
17446,17444
17447,17445
17449,17447
17450,295
17451,17449
17452,17450
17454,17452
17455,17453
17457,755
17458,17456
17459,17457
17460,17458
17462,17460
17463,17461
17464,17462
17465,17463
17466,17464
17468,17466
17470,17468
17471,17469
17472,17470
17474,17472
17476,17474
17477,17475
17478,17476
17479,17372
17480,17478
17483,7
17484,17482
17485,17483
17486,17484
17487,17485
17488,17486
17490,581
17491,17489
17492,17490
17494,17492
17495,17493
17496,5104
17497,17495
17498,17496
17500,17498
17501,17499
17503,17501
17504,7
17505,17503
17506,36
17507,1401
17508,17506
17509,15505
17510,50
17511,17509
17512,789
17513,1212
17515,252
17516,17514
17517,17515
17518,17516
17519,17517
17520,17518
17521,17519
17522,17520
17525,3074
17526,17524
17527,17525
17528,17526
17529,17527
17531,17529
17532,5416
17533,17531
17534,17532
17535,383
17537,17535
17538,17536
17539,17537
17540,17538
17541,17539
17543,271
17544,17542
17545,17543
17546,16497
17547,17545
17549,17547
17550,178
17551,17549
17552,17550
17553,17551
17554,17552
17555,17553
17556,17554
17558,7182
17559,17557
17561,17559
17562,17560
17563,36
17564,17562
17565,17563
17566,17564
17567,17565
17569,537
17570,17568
17572,17570
17573,17571
17574,17572
17576,17574
17577,17575
17578,7173
17579,17577
17581,17579
17582,17580
17583,17581
17584,17582
17585,17583
17587,17585
17588,17586
17589,16
17590,17588
17593,17591
17594,17592
17595,17593
17596,2210
17597,17595
17600,117
17602,17600
17603,16
17604,17602
17605,17603
17606,17604
17609,17607
17610,17608
17612,17610
17613,17611
17614,17612
17615,17613
17617,17615
17618,17616
17619,17617
17621,17619
17622,17620
17623,17621
17624,0
17625,17623
17627,17625
17628,17626
17629,3010
17630,17628
17631,16
17632,17630
17634,1085
17635,17633
17636,17634
17639,843
17640,17638
17642,271
17643,17641
17644,17642
17645,17643
17647,17645
17648,17646
17651,17649
17652,17650
17653,17651
17654,17652
17656,17654
17657,17655
17658,17656
17659,452
17660,17658
17661,12552
17662,17660
17663,17661
17665,17663
17666,17664
17668,17666
17669,504
17670,17668
17671,17669
17672,17670
17674,17672
17675,17673
17676,17674
17677,17675
17679,17677
17680,17678
17681,3584
17682,17680
17683,17681
17685,646
17686,17684
17687,3888
17688,17686
17689,17687
17690,17688
17691,252
17692,2114
17693,17691
17694,2708
17695,2741
17696,17694
17698,17696
17699,17697
17700,2365
17701,17699
17702,474
17704,17702
17705,17703
17706,17704
17709,7
17710,17708
17711,17709
17712,17710
17713,17711
17715,14021
17716,17714
17718,17716
17719,17717
17720,17718
17722,17720
17723,17721
17724,17722
17725,17723
17727,7000
17728,17726
17729,17727
17730,17728
17731,17729
17733,3842
17734,17732
17735,17733
17736,17734
17737,17735
17738,17736
17739,7
17740,17738
17741,94
17742,17740
17745,17743
17746,17744
17748,2898
17749,17747
17750,17748
17751,17749
17752,17750
17754,17752
17755,17753
17756,17754
17758,17756
17759,946
17760,2344
17761,6492
17762,7
17763,17761
17764,17762
17766,17764
17768,17766
17769,17767
17770,17768
17771,17769
17772,557
17773,10663
17774,17772
17776,17774
17778,17776
17779,17777
17780,17778
17782,17780
17783,17781
17784,17782
17785,1033
17786,17784
17787,17785
17788,17786
17789,17787
17790,17788
17792,17790
17793,17791
17795,17793
17796,1757
17797,17795
17798,17796
17799,17797
17801,17799
17802,17800
17803,17801
17805,2114
17806,3231
17807,17805
17808,17806
17809,14021
17810,17808
17811,17809
17812,17810
17815,17813
17816,17814
17817,17815
17818,17816
17820,17818
17821,17819
17822,17820
17823,17821
17824,17822
17826,17824
17827,17825
17828,17826
17830,17828
17831,17829
17832,17830
17833,17831
17835,3908
17836,17834
17837,17835
17838,17836
17839,17837
17840,7
17841,17839
17842,17840
17844,7
17845,17843
17846,17844
17848,17846
17849,33
17850,17848
17851,17849
17852,17850
17853,17851
17855,17853
17856,3257
17857,17855
17858,17856
17860,17858
17861,17859
17862,17860
17863,17861
17864,17862
17865,17863
17867,17865
17870,17868
17872,17870
17873,17871
17874,9125
17875,17873
17876,17874
17877,17875
17878,17876
17879,819
17881,17879
17882,17880
17883,17881
17885,17883
17886,17884
17887,17885
17889,17887
17891,17889
17892,17890
17893,17891
17894,17892
17896,17894
17897,675
17898,271
17900,17898
17902,17900
17903,107
17905,17903
17906,271
17907,6800
17908,17906
17909,17907
17910,17908
17912,17910
17913,1755
17914,17912
17915,17913
17916,3978
17917,17915
17918,1914
17920,17918
17921,7
17922,843
17923,17921
17924,17922
17925,107
17926,17924
17927,13469
17929,17927
17930,17928
17932,17930
17933,17931
17934,17932
17935,17933
17936,17934
17937,17935
17938,17936
17939,3260
17940,17938
17942,17940
17943,17941
17944,17942
17945,17943
17946,331
17948,17946
17949,17947
17951,17949
17952,755
17953,17951
17954,17952
17955,17953
17957,17955
17958,17956
17959,17957
17960,36
17961,16
17963,17961
17964,17962
17965,17714
17966,271
17967,17965
17968,17966
17970,17968
17971,17969
17973,17971
17974,17972
17975,17973
17976,1458
17977,17975
17978,17976
17980,17978
17982,17980
17983,17981
17984,438
17985,271
17986,17984
17987,17985
17988,14854
17989,17987
17990,1212
17991,17989
17993,17991
17994,16
17995,17993
17996,17441
17997,6879
17998,107
17999,1952
18000,17998
18001,17999
18002,18000
18004,18002
18005,18003
18006,6894
18007,18005
18008,18006
18009,8206
18011,18009
18012,3394
18013,413
18014,18012
18015,18013
18016,18014
18017,2365
18018,18016
18019,18017
18021,18019
18022,18020
18024,18022
18025,18023
18026,18024
18027,18025
18029,18027
18030,18028
18031,18029
18033,3677
18034,18032
18035,18033
18036,13230
18037,171
18038,18036
18040,18038
18041,18039
18042,18040
18044,18042
18045,18043
18046,18044
18047,18045
18048,18046
18050,474
18051,18049
18052,1114
18053,18051
18054,18052
18055,18053
18058,18056
18059,18057
18060,18058
18061,18059
18062,18060
18063,18061
18064,18062
18065,18063
18067,18065
18069,9535
18070,18068
18072,18070
18073,18071
18075,18073
18076,18074
18078,3484
18079,18077
18080,18078
18081,107
18082,18080
18083,2914
18084,18082
18085,3202
18086,18084
18087,107
18088,18086
18089,18087
18090,18088
18092,3978
18093,18091
18094,18092
18095,18093
18097,18095
18098,668
18099,755
18100,18098
18101,18099
18102,4871
18104,18102
18105,18103
18106,18104
18107,18105
18109,18107
18110,5596
18111,11578
18113,3297
18114,18112
18116,18114
18117,18115
18118,18116
18120,18118
18121,18119
18122,18120
18123,18121
18124,18122
18126,18124
18127,2765
18128,18126
18129,18127
18131,18129
18132,452
18133,18131
18134,18132
18135,1864
18136,1020
18137,18135
18139,18137
18140,18138
18141,24
18142,18140
18143,18141
18144,18142
18145,13699
18146,18144
18148,18146
18149,18147
18150,18148
18152,16
18153,18151
18154,18152
18155,18153
18156,18154
18157,36
18159,18157
18160,18158
18161,18159
18162,18160
18164,36
18165,18163
18166,18164
18167,18165
18169,18167
18170,513
18171,18169
18172,18170
18173,18171
18174,18172
18175,18173
18177,18175
18178,18176
18179,18177
18181,309
18182,18180
18183,18181
18184,18182
18185,18183
18186,18184
18188,18186
18189,18187
18190,18188
18192,18190
18196,18194
18198,166
18199,18197
18200,18198
18201,18199
18202,7
18204,18202
18205,18203
18206,7
18207,18205
18209,18207
18210,10505
18212,1085
18213,18211
18214,18212
18215,18213
18216,2114
18217,18215
18218,18216
18219,16
18220,18218
18222,18220
18223,18221
18224,284
18225,18223
18226,18224
18228,18226
18229,18227
18230,18228
18232,18230
18233,18231
18235,18233
18236,18234
18237,18235
18238,18236
18239,18237
18240,18238
18242,16
18243,581
18244,7
18245,18243
18247,18245
18248,16
18249,18247
18250,18248
18251,194
18252,7
18253,3584
18254,1020
18255,12142
18256,178
18257,18255
18258,650
18259,18257
18260,18258
18262,18260
18264,18262
18266,18264
18267,18265
18268,3887
18269,18267
18270,18268
18271,2366
18272,18270
18273,271
18274,18272
18275,18273
18277,18275
18278,274
18279,2906
18281,18279
18282,18280
18283,18281
18284,1239
18285,18283
18287,18285
18288,18286
18289,18287
18290,18288
18291,18289
18292,18290
18293,18291
18295,18293
18296,14584
18298,18296
18299,18297
18300,7
18301,17663
18302,18300
18304,18302
18305,18303
18306,18304
18307,1327
18308,18306
18309,18307
18310,18308
18311,18309
18312,18310
18314,18312
18317,18315
18318,18316
18319,18317
18320,18318
18321,18319
18322,18320
18323,18321
18324,18322
18325,2538
18326,18324
18328,18326
18329,18327
18330,18328
18331,1249
18332,18330
18333,18331
18334,18332
18335,18333
18336,675
18337,18335
18339,18337
18340,1212
18341,18339
18343,18341
18344,18342
18345,18343
18346,36
18347,18345
18349,18347
18350,18348
18351,18349
18352,18350
18354,18352
18355,18353
18356,18354
18357,3258
18359,18357
18360,18358
18361,18359
18363,18361
18364,18362
18365,18363
18366,177
18367,18365
18368,18366
18370,18368
18371,18369
18372,18370
18373,18371
18374,4697
18375,2951
18376,18374
18377,1020
18380,18378
18382,18380
18383,18381
18384,18382
18385,18383
18386,18384
18387,18385
18388,18386
18389,18387
18390,18388
18391,18389
18393,14974
18395,7212
18396,18394
18397,18395
18398,18396
18399,18397
18400,18398
18401,178
18403,18401
18404,271
18405,240
18406,18404
18408,18406
18409,18407
18410,18408
18411,18409
18413,18411
18414,18412
18415,18413
18416,18414
18417,755
18419,3504
18420,4353
18421,18419
18422,18420
18423,18421
18424,18422
18425,18423
18427,18425
18428,18426
18429,18427
18430,18428
18432,18430
18433,18431
18434,18432
18435,18433
18436,18434
18437,18435
18438,2212
18439,18437
18441,1336
18443,1541
18444,18442
18445,457
18446,18444
18447,18445
18448,3425
18449,2833
18450,18448
18452,18450
18453,18451
18455,18453
18456,18454
18458,18456
18459,18457
18460,18458
18461,16
18462,18460
18465,18463
18466,18464
18467,18465
18468,18466
18470,18468
18471,18469
18472,18470
18474,18472
18475,18473
18476,107
18477,18475
18478,18476
18479,16
18481,11526
18483,18481
18485,18483
18486,18484
18487,18485
18488,18486
18490,18488
18491,18489
18492,18490
18493,675
18495,18493
18496,18494
18497,18495
18498,18496
18501,18499
18502,18500
18503,18501
18504,18502
18505,18503
18508,18506
18509,18507
18510,18508
18511,11461
18512,18510
18513,2765
18514,7
18516,18514
18518,18516
18519,18517
18520,4658
18521,18519
18523,18521
18524,18522
18525,18523
18526,18524
18528,18526
18529,18527
18530,18528
18531,773
18534,18532
18535,18533
18536,18534
18537,18535
18538,18536
18539,18537
18540,737
18541,18539
18542,18540
18545,18543
18546,36
18547,18545
18548,8223
18549,18547
18550,4623
18551,18549
18553,18551
18554,18552
18555,18553
18557,675
18558,18556
18559,18557
18560,7
18563,18561
18564,319
18565,18563
18566,18564
18567,18565
18569,18567
18570,798
18572,18570
18573,18571
18574,18572
18575,18573
18576,18574
18578,53
18579,18577
18580,18578
18581,9356
18583,18581
18585,18583
18586,18584
18587,18585
18589,18587
18590,18588
18591,18589
18592,18590
18594,18592
18595,2507
18596,18594
18597,18595
18599,18597
18600,18598
18601,1783
18602,18600
18603,18601
18604,18602
18605,24
18606,18604
18607,18605
18608,36
18610,24
18611,7
18612,18610
18613,18611
18614,18612
18616,18614
18617,18615
18618,18616
18619,18617
18621,18619
18622,18620
18623,18621
18625,18623
18626,7000
18627,18625
18628,18626
18629,18627
18630,18628
18632,18630
18633,675
18634,18632
18635,18633
18637,7
18638,18636
18639,5596
18640,18638
18641,18639
18642,18640
18643,12392
18645,2095
18646,18644
18647,18645
18648,18646
18649,18647
18651,18649
18652,18650
18653,271
18655,18653
18657,403
18658,8259
18659,18657
18660,18658
18661,9788
18662,18660
18663,16
18665,18663
18666,18664
18667,18665
18668,3451
18669,18667
18671,375
18672,18670
18673,18671
18675,8993
18676,18674
18677,18675
18678,18676
18679,18677
18681,18679
18682,18680
18683,737
18684,18682
18685,18683
18686,18684
18689,18687
18690,18688
18691,166
18692,18690
18693,1020
18694,18692
18696,18694
18697,18695
18698,18696
18700,18698
18702,18700
18704,18702
18705,18703
18707,7
18708,18706
18709,18707
18710,18708
18711,18709
18714,18712
18715,18713
18716,11533
18717,18715
18718,18716
18720,18718
18721,18719
18722,18720
18724,18722
18725,18723
18727,18725
18729,18727
18730,18728
18731,18729
18732,18730
18733,18731
18734,1020
18735,18733
18736,3646
18739,18737
18740,18738
18741,18739
18744,11910
18745,18743
18746,18744
18748,18746
18749,18747
18750,18748
18751,18749
18752,18750
18754,271
18755,18753
18756,7
18757,18755
18759,18757
18760,18758
18761,18759
18763,18761
18764,16
18765,13201
18766,3231
18767,4176
18768,18766
18769,18767
18771,18769
18772,18770
18773,11268
18775,18773
18776,18774
18777,18775
18779,18777
18780,7063
18781,18779
18782,675
18783,18781
18784,18782
18785,18783
18787,18785
18788,8810
18789,18787
18790,18788
18792,18790
18793,18791
18794,18792
18796,4987
18797,18795
18798,18796
18799,18797
18800,18798
18801,18799
18803,18801
18804,7
18805,18803
18806,18804
18807,18805
18808,18806
18810,18808
18811,18809
18812,6919
18813,18811
18814,18812
18816,18814
18817,18815
18818,18816
18819,946
18820,18818
18822,4491
18823,18821
18824,18822
18825,8935
18826,18824
18828,18826
18829,18827
18830,18828
18832,18830
18833,1172
18834,16
18835,18833
18836,18834
18838,18836
18839,2742
18840,18838
18841,18839
18842,18840
18844,18842
18845,18843
18846,18844
18848,18846
18849,18847
18850,18848
18851,18849
18853,18851
18854,18852
18855,18853
18856,18854
18857,1378
18858,18856
18859,14021
18860,18858
18861,17623
18862,11595
18865,18863
18866,0
18867,18865
18868,18866
18869,5682
18871,1336
18872,18870
18873,680
18874,18872
18875,18873
18876,18874
18877,1540
18878,18876
18879,18877
18880,18878
18882,18880
18883,18170
18884,2121
18886,18884
18888,18886
18889,18887
18890,18888
18891,18889
18892,18890
18894,18892
18895,18893
18896,18894
18897,18895
18898,5044
18899,36
18901,474
18902,271
18903,513
18904,18902
18905,18903
18906,18904
18908,18906
18909,18907
18910,18908
18911,18909
18913,18911
18914,3350
18915,18913
18916,18914
18917,0
18918,18916
18919,524
18920,18918
18921,18919
18922,18920
18923,18921
18925,18923
18926,18924
18929,194
18930,18928
18931,18929
18932,18930
18934,18932
18935,18933
18936,11578
18937,18935
18938,18936
18940,18938
18941,18939
18942,18940
18943,18941
18944,18942
18945,1401
18946,18944
18948,18946
18949,18947
18950,18948
18952,18950
18953,18951
18954,18952
18956,18954
18957,18955
18958,18956
18961,18959
18962,18960
18963,7297
18964,18962
18965,18963
18967,18965
18968,252
18969,18967
18970,18968
18972,18970
18973,18971
18974,18972
18975,7667
18976,18974
18979,11778
18980,18978
18981,18979
18982,18980
18983,1928
18985,18983
18986,18984
18987,18985
18988,18986
18989,18987
18991,18989
18992,1755
18993,18991
18994,11595
18995,18993
18996,18994
18998,18996
18999,18997
19000,18998
19001,18999
19002,19000
19005,19003
19006,19004
19007,19005
19008,271
19010,2269
19011,19009
19013,6169
19014,19012
19015,19013
19017,19015
19018,10421
19019,19017
19020,19018
19021,16
19022,19020
19023,19021
19024,19022
19026,1015
19027,798
19028,19026
19029,19027
19032,9774
19033,19031
19034,19032
19035,19033
19036,19034
19037,19035
19039,19037
19040,19038
19041,19039
19042,19040
19043,19041
19044,1033
19046,166
19047,19045
19049,19047
19050,19048
19052,19050
19053,19051
19054,19052
19055,19053
19056,19054
19057,19055
19058,2601
19060,19058
19061,36
19062,19060
19063,19061
19064,19062
19065,19063
19067,19065
19068,19066
19071,53
19072,19070
19073,19071
19074,19072
19075,19073
19077,36
19078,19076
19080,19078
19081,19079
19082,19080
19083,7158
19084,19082
19087,6511
19088,19086
19089,19087
19091,19089
19092,19090
19093,19091
19094,19092
19095,19093
19096,19094
19097,36
19098,17871
19099,271
19101,19099
19102,19100
19103,6928
19104,19102
19105,19103
19106,3713
19107,19105
19109,19107
19111,19109
19112,19110
19113,19111
19114,19112
19115,19113
19116,19114
19118,19116
19119,9788
19120,19118
19121,19119
19122,12769
19123,19121
19124,19122
19125,7
19126,841
19127,19125
19128,19126
19130,19128
19131,271
19132,19130
19133,11119
19135,19133
19136,19134
19137,19135
19138,2606
19139,19137
19141,4872
19142,3693
19144,19142
19145,19143
19146,19144
19147,19145
19148,19146
19149,19147
19150,19148
19151,19149
19152,19150
19153,19151
19154,10749
19156,19154
19157,581
19158,2504
19159,19157
19160,19158
19162,3451
19163,36
19165,19163
19166,271
19167,19165
19168,19166
19169,19167
19170,19168
19173,19171
19174,19172
19175,19173
19176,7065
19178,7
19179,2833
19181,19179
19182,19180
19183,19181
19184,36
19185,19183
19186,3437
19187,19185
19188,2100
19189,19187
19191,7701
19192,19190
19193,19191
19195,19193
19196,19194
19197,19195
19198,7
19199,19197
19200,19198
19201,2957
19203,19201
19204,19202
19205,19203
19207,19205
19208,19206
19209,19207
19210,19208
19211,16173
19212,457
19213,19211
19215,19213
19216,19214
19217,19215
19218,19216
19220,504
19221,19219
19222,19220
19223,19221
19225,19223
19226,19224
19227,19225
19229,166
19230,19228
19231,19229
19232,19230
19233,19231
19234,19232
19235,19233
19237,19100
19238,19236
19239,19237
19241,19239
19242,19240
19243,19241
19244,19242
19245,19243
19247,19245
19248,19246
19250,19248
19252,19250
19253,8861
19254,19252
19255,271
19256,19254
19258,19256
19259,19257
19261,6800
19262,19260
19263,19261
19264,19262
19265,19263
19266,9962
19267,19265
19268,581
19269,504
19271,19269
19272,19270
19273,19271
19275,19273
19277,19275
19278,19276
19279,19277
19280,19278
19282,19280
19283,19281
19284,755
19285,2734
19286,36
19287,19285
19289,2900
19290,11420
19292,19290
19293,19291
19294,19292
19295,19293
19297,19295
19298,406
19299,19297
19300,19298
19301,19299
19302,0
19303,16
19304,798
19306,19304
19307,19305
19308,19306
19309,19307
19310,284
19311,3010
19313,9774
19314,19312
19315,3888
19316,19314
19317,19315
19319,19317
19320,19318
19322,19320
19323,19321
19324,19322
19326,19324
19327,19325
19329,19327
19330,126
19331,19329
19332,19330
19333,19331
19334,19332
19335,19333
19337,600
19338,91
19339,19337
19340,12578
19341,19339
19342,19340
19344,19342
19345,252
19347,19345
19348,19346
19349,19347
19350,19348
19351,17156
19352,19350
19354,19352
19355,19353
19357,19355
19358,16
19359,19357
19360,19358
19361,19359
19362,12859
19365,4491
19366,19364
19367,19365
19368,2323
19369,19367
19370,2317
19371,19369
19372,19370
19373,504
19375,19373
19376,19374
19378,271
19379,19377
19382,19380
19383,19381
19384,16827
19386,19384
19387,19385
19388,19386
19389,19387
19390,19388
19392,19390
19393,19391
19394,2121
19395,3027
19396,19394
19398,923
19399,19397
19400,19398
19401,19399
19402,19400
19404,19402
19405,19403
19406,19404
19407,4179
19408,19406
19410,19408
19411,19409
19413,19411
19414,914
19415,16
19416,19414
19417,19415
19418,19416
19419,19417
19420,19418
19422,19420
19423,19421
19424,19422
19425,19423
19427,19425
19428,2499
19429,36
19430,19428
19431,19429
19432,19430
19433,19431
19434,19432
19436,1790
19437,19435
19438,19436
19440,19438
19442,19440
19443,19441
19444,19442
19445,36
19446,19444
19447,36
19448,19446
19449,19447
19450,19448
19451,841
19452,19450
19453,19451
19454,19452
19455,19453
19456,19454
19457,0
19459,3888
19460,6774
19461,19459
19462,19460
19464,19462
19465,19463
19467,19465
19468,19466
19469,19467
19470,19468
19471,819
19472,19470
19474,6471
19476,19474
19477,19475
19479,19477
19480,19478
19481,349
19482,7
19484,19482
19485,19483
19486,2317
19487,7
19488,504
19489,16
19490,19488
19491,36
19493,19491
19494,19492
19495,19493
19496,19494
19497,2741
19499,19497
19500,724
19501,19499
19502,16247
19503,19501
19504,1293
19506,19504
19507,19505
19508,15774
19509,19507
19510,19508
19511,19509
19512,4132
19514,19512
19516,19514
19517,19515
19518,19516
19519,19517
19520,19518
19521,19519
19524,19522
19525,19523
19526,19524
19528,641
19529,19527
19530,1579
19531,19529
19532,19530
19533,1942
19534,19532
19535,19533
19537,19535
19538,19536
19540,19538
19541,19539
19542,920
19543,19541
19544,3677
19545,271
19546,19544
19547,19545
19549,19547
19550,16017
19551,36
19552,19550
19553,19551
19555,2536
19556,1361
19558,19556
19559,19557
19560,19558
19561,19559
19563,19561
19564,6228
19565,19563
19566,19564
19568,16040
19569,19567
19571,19569
19572,10105
19573,19571
19574,3584
19575,19573
19576,19574
19577,19575
19579,19577
19580,19578
19581,19579
19582,19580
19584,19582
19585,19583
19586,7
19587,19585
19588,19586
19589,7
19591,19589
19592,19590
19595,19593
19596,19594
19597,3313
19598,19596
19599,19597
19600,19598
19602,19600
19603,19601
19604,271
19605,19603
19606,5529
19608,19606
19609,19607
19610,19608
19611,19609
19613,19611
19614,19612
19615,19613
19616,19614
19618,19616
19620,19618
19621,19619
19623,1239
19624,19622
19626,19624
19627,19625
19628,19626
19629,19627
19630,581
19631,19629
19633,19631
19634,610
19635,13298
19636,1212
19637,1790
19638,14893
19639,19637
19640,19638
19642,19640
19643,19641
19644,19642
19645,19643
19646,19644
19648,19646
19649,19647
19650,19648
19651,4623
19652,6559
19653,3978
19654,19652
19655,19653
19656,19654
19657,11268
19658,19656
19659,939
19661,19659
19663,19661
19664,19662
19665,19663
19666,19664
19668,19666
19669,19667
19670,19668
19671,19669
19672,19670
19674,117
19675,19673
19676,19674
19677,19675
19679,19677
19680,1490
19681,19679
19682,252
19683,19681
19684,19682
19686,7
19687,19685
19688,19686
19690,7901
19691,19689
19692,19690
19694,19692
19695,19693
19696,19694
19697,19695
19698,19696
19699,7
19701,19699
19702,91
19703,19701
19704,19702
19705,7
19706,19704
19708,19706
19710,19708
19712,19710
19713,19711
19714,19712
19716,19714
19717,19715
19718,19716
19719,19717
19720,19718
19722,19720
19723,19721
19724,19722
19725,19723
19727,19725
19728,19726
19729,19727
19730,19728
19731,19729
19733,19731
19734,1598
19735,19733
19736,19734
19737,19735
19738,19736
19740,19738
19741,939
19742,331
19743,19741
19744,19742
19746,19744
19747,19745
19748,19746
19749,19747
19750,19748
19751,19749
19752,19750
19754,19752
19756,19754
19757,19755
19758,19756
19759,19757
19760,1212
19762,19760
19764,19762
19765,19763
19768,19766
19769,19767
19770,19768
19771,19769
19772,19770
19773,19771
19775,19773
19776,19774
19777,19775
19779,19777
19780,19778
19781,19779
19782,1748
19783,5866
19784,12911
19785,14845
19786,779
19787,1800
19788,19786
19789,19787
19790,271
19791,19789
19792,19790
19794,19792
19796,19794
19797,19795
19798,19796
19799,19797
19800,19798
19802,6511
19803,19801
19804,19802
19805,19803
19807,19805
19808,19806
19809,19807
19810,19808
19811,16743
19813,19811
19814,19812
19815,19813
19818,2833
19819,19817
19820,19818
19821,5532
19822,331
19823,19821
19825,19823
19826,19824
19828,5402
19829,19827
19830,19828
19831,19829
19834,3409
19835,19833
19836,19834
19837,19835
19838,19836
19839,19837
19841,19839
19842,19840
19844,1453
19845,19843
19846,19844
19847,19845
19849,19847
19850,19848
19851,19849
19852,19850
19853,36
19854,19852
19856,19854
19857,19855
19858,19856
19860,19858
19861,19859
19862,19860
19863,19861
19865,271
19866,19864
19867,19865
19868,19866
19869,19867
19870,13441
19872,19870
19873,19871
19874,19872
19875,19873
19877,19875
19878,4648
19879,19877
19880,19878
19881,19879
19882,19880
19884,10996
19885,19883
19886,19884
19887,19885
19888,19886
19889,1239
19890,1020
19892,19890
19893,19891
19894,19892
19895,7
19896,6928
19897,1239
19898,19896
19900,19898
19901,19899
19902,19900
19903,19901
19904,19902
19906,19904
19907,19905
19908,19906
19909,19907
19910,19908
19912,19910
19913,19911
19915,252
19916,19914
19917,240
19918,19916
19919,19917
19920,19918
19922,19920
19923,19921
19924,381
19926,19924
19927,19925
19929,19927
19930,19928
19931,19929
19932,19930
19933,5163
19935,19933
19936,19934
19937,19935
19938,19936
19939,19937
19940,19938
19941,19939
19943,19941
19944,19942
19946,19944
19947,19945
19948,24
19949,3602
19950,13053
19951,7
19952,19950
19953,19951
19954,19952
19957,8675
19958,19956
19959,19957
19961,19959
19962,19960
19964,19962
19965,1683
19966,19964
19969,5277
19970,19968
19972,19970
19973,19971
19974,19972
19975,19973
19976,19974
19978,19976
19979,3693
19980,19978
19981,19979
19982,19980
19983,19981
19985,16
19986,19984
19987,19985
19988,19986
19990,6363
19991,19989
19992,587
19993,10139
19994,19992
19996,19994
19997,19995
19998,19996
19999,19997
20000,19998
20001,19999
20002,11526
20004,20002
20005,20003
20006,20004
20007,20005
20008,20006
20010,20008
20011,20009
20012,36
20013,20011
20014,20012
20015,20013
20017,1020
20019,20017
20020,20018
20021,20019
20022,117
20023,20021
20024,20022
20025,20023
20026,36
20029,20027
20030,20028
20032,20030
20033,20031
20034,20032
20035,20033
20037,20035
20038,20036
20039,20037
20040,20038
20041,20039
20042,13230
20043,33
20044,675
20045,20043
20046,2269
20047,20045
20050,20048
20051,20049
20052,20050
20054,3451
20055,20053
20056,20054
20057,20055
20058,20056
20059,13474
20060,20058
20061,9279
20062,24
20063,1661
20064,20062
20065,20063
20066,178
20067,20065
20068,16
20069,20067
20072,20070
20073,20071
20074,20072
20075,20073
20076,20074
20077,20075
20080,16
20081,20079
20082,20080
20083,13169
20084,381
20085,20083
20086,20084
20087,9807
20088,1157
20089,20087
20090,20088
20092,1458
20093,20091
